# pre-run 1-min load: 14:19  up  6:27, 7 users, load averages: 1.33 1.83 2.22
Running main() from /Users/henriqueklein/gnus/thirdparty/GTest/googletest/src/gtest_main.cc
Note: Google Test filter = FinalityFaultNetwork.RestartAtVoteCertificateAndMintDurableBoundariesRecoversExactlyOnce
[==========] Running 1 test from 1 test suite.
[----------] Global test environment set-up.
[----------] 1 test from FinalityFaultNetwork
[ RUN      ] FinalityFaultNetwork.RestartAtVoteCertificateAndMintDurableBoundariesRecoversExactlyOnce
[2026-09-03 14:19:43][info][KeyPairFileStorage] Path to keypairs CRDT.Datastore.TEST/unit_test_73361_1
[2026-09-03 14:19:43][info][KeyPairFileStorage] Peer ID from public key: 12D3KooWLDBy9qVgw8e1A4fFJik7SJZ1xPszJM7bXKsoGdoWiP77
Current limits: 1048576 (soft), 9223372036854775807 (hard)
New limits set successfully: 16384 (soft), 9223372036854775807 (hard)
Initialized relay addresses
[2026-09-03 14:19:43][info][GlobalDB] Opening database /Users/henriqueklein/gnus/SuperGenius/CRDT.Datastore.TEST.unit_73361_1
[2026-09-03 14:19:43][debug][GraphsyncDAGSyncer] GraphSyncer created 5140146952 
[2026-09-03 14:19:43][info][CrdtDatastore] crdt Datastore created. Number of heads: 0 Current max-height: 0
[2026-09-03 14:19:43.284476000][th:1234463][info] GossipPubSub /ip4/0.0.0.0/tcp/40001/p2p/12D3KooWLDBy9qVgw8e1A4fFJik7SJZ1xPszJM7bXKsoGdoWiP77: Starting PubSub service
[2026-09-03 14:19:43.284577000][th:1234537][info] GossipPubSub /ip4/0.0.0.0/tcp/40001/p2p/12D3KooWLDBy9qVgw8e1A4fFJik7SJZ1xPszJM7bXKsoGdoWiP77: PubSub subscribed to topic 'CRDT.Datastore.TEST.Channel.3.7.144'
[2026-09-03 14:19:43.284596000][th:1234537][info] GossipPubSub Starting address monitoring system for mobile network changes
[2026-09-03 14:19:43.284598000][th:1234537][info] GossipPubSub === CURRENT NETWORK STATE ===
[2026-09-03 14:19:43.284612000][th:1234537][info] GossipPubSub Primary listening address: /ip4/0.0.0.0/tcp/40001/p2p/12D3KooWLDBy9qVgw8e1A4fFJik7SJZ1xPszJM7bXKsoGdoWiP77
[2026-09-03 14:19:43.284613000][th:1234537][info] GossipPubSub Host peer info addresses (0):
[2026-09-03 14:19:43.284614000][th:1234537][info] GossipPubSub Additional addresses we track (0):
[2026-09-03 14:19:43.284614000][th:1234537][info] GossipPubSub Listening addresses (1):
[2026-09-03 14:19:43.284615000][th:1234537][info] GossipPubSub   -> /ip4/0.0.0.0/tcp/40001/p2p/12D3KooWLDBy9qVgw8e1A4fFJik7SJZ1xPszJM7bXKsoGdoWiP77
[2026-09-03 14:19:43.284616000][th:1234537][info] GossipPubSub Interface addresses (0):
[2026-09-03 14:19:43.284616000][th:1234537][info] GossipPubSub === RAW OBSERVED ADDRESS DEBUG ===
[2026-09-03 14:19:43.284618000][th:1234537][info] GossipPubSub Local address: /ip4/0.0.0.0/tcp/40001/p2p/12D3KooWLDBy9qVgw8e1A4fFJik7SJZ1xPszJM7bXKsoGdoWiP77 -> 0 raw observed, 0 activated+confirmed
[2026-09-03 14:19:43.284619000][th:1234537][info] GossipPubSub TOTAL: 0 raw observed addresses, 0 activated+confirmed addresses
[2026-09-03 14:19:43.284619000][th:1234537][info] GossipPubSub === END RAW OBSERVED ADDRESS DEBUG ===
[2026-09-03 14:19:43.284620000][th:1234537][info] GossipPubSub Observed addresses - all (0):
[2026-09-03 14:19:43.284620000][th:1234537][info] GossipPubSub Observed addresses - confirmed only (0):
[2026-09-03 14:19:43.284621000][th:1234537][info] GossipPubSub Relay addresses (0):
[2026-09-03 14:19:43.284623000][th:1234537][warning] GossipPubSub Failed to get addresses from peer repository: not found
[2026-09-03 14:19:43.284756000][th:1234537][info] GossipPubSub Found 1 valid network interfaces
[2026-09-03 14:19:43.284757000][th:1234537][info] GossipPubSub Current network interfaces (1):
[2026-09-03 14:19:43.284758000][th:1234537][info] GossipPubSub   -> 192.168.1.6
[2026-09-03 14:19:43.284759000][th:1234537][info] GossipPubSub Active connections: 0
[2026-09-03 14:19:43.284759000][th:1234537][info] GossipPubSub === PEER CONNECTION DETAILS ===
[2026-09-03 14:19:43.284760000][th:1234537][info] GossipPubSub NOTE: Observed addresses need to be seen by 4+ different peer groups to become 'activated'
[2026-09-03 14:19:43.284761000][th:1234537][info] GossipPubSub NOTE: Current connections: 0, so max possible observers: 0
[2026-09-03 14:19:43.284761000][th:1234537][info] GossipPubSub === END PEER CONNECTION DETAILS ===
[2026-09-03 14:19:43.284761000][th:1234537][info] GossipPubSub Connection manager stats:
[2026-09-03 14:19:43.284762000][th:1234537][info] GossipPubSub   -> Max connections: 1000
[2026-09-03 14:19:43.284763000][th:1234537][info] GossipPubSub   -> Current connections: 0
[2026-09-03 14:19:43.284763000][th:1234537][info] GossipPubSub === END NETWORK STATE ===
[2026-09-03 14:19:43.284788000][th:1234537][info] GossipPubSub /ip4/0.0.0.0/tcp/40001/p2p/12D3KooWLDBy9qVgw8e1A4fFJik7SJZ1xPszJM7bXKsoGdoWiP77 : PubSub service started
[2026-09-03 14:19:43][info][KeyPairFileStorage] Path to keypairs multi_node_finality_fault/restart-vote-validator-one/keypair
[2026-09-03 14:19:43][info][KeyPairFileStorage] Peer ID from public key: 12D3KooWMssJWjEuZhNHV3pd4GCpeunt81Wr9W6BxghkzMCCuAUJ
Current limits: 16384 (soft), 9223372036854775807 (hard)
New limits set successfully: 16384 (soft), 9223372036854775807 (hard)
Initialized relay addresses
[2026-09-03 14:19:43.286274000][th:1234463][info] GossipPubSub /ip4/0.0.0.0/tcp/54601/p2p/12D3KooWMssJWjEuZhNHV3pd4GCpeunt81Wr9W6BxghkzMCCuAUJ: Starting PubSub service
[2026-09-03 14:19:43.286310000][th:1234538][info] GossipPubSub Starting address monitoring system for mobile network changes
[2026-09-03 14:19:43.286312000][th:1234538][info] GossipPubSub === CURRENT NETWORK STATE ===
[2026-09-03 14:19:43.286315000][th:1234538][info] GossipPubSub Primary listening address: /ip4/0.0.0.0/tcp/54601/p2p/12D3KooWMssJWjEuZhNHV3pd4GCpeunt81Wr9W6BxghkzMCCuAUJ
[2026-09-03 14:19:43.286315000][th:1234538][info] GossipPubSub Host peer info addresses (0):
[2026-09-03 14:19:43.286316000][th:1234538][info] GossipPubSub Additional addresses we track (0):
[2026-09-03 14:19:43.286317000][th:1234538][info] GossipPubSub Listening addresses (1):
[2026-09-03 14:19:43.286317000][th:1234538][info] GossipPubSub   -> /ip4/0.0.0.0/tcp/54601/p2p/12D3KooWMssJWjEuZhNHV3pd4GCpeunt81Wr9W6BxghkzMCCuAUJ
[2026-09-03 14:19:43.286318000][th:1234538][info] GossipPubSub Interface addresses (0):
[2026-09-03 14:19:43.286318000][th:1234538][info] GossipPubSub === RAW OBSERVED ADDRESS DEBUG ===
[2026-09-03 14:19:43.286319000][th:1234538][info] GossipPubSub Local address: /ip4/0.0.0.0/tcp/54601/p2p/12D3KooWMssJWjEuZhNHV3pd4GCpeunt81Wr9W6BxghkzMCCuAUJ -> 0 raw observed, 0 activated+confirmed
[2026-09-03 14:19:43.286320000][th:1234538][info] GossipPubSub TOTAL: 0 raw observed addresses, 0 activated+confirmed addresses
[2026-09-03 14:19:43.286321000][th:1234538][info] GossipPubSub === END RAW OBSERVED ADDRESS DEBUG ===
[2026-09-03 14:19:43.286321000][th:1234538][info] GossipPubSub Observed addresses - all (0):
[2026-09-03 14:19:43.286322000][th:1234538][info] GossipPubSub Observed addresses - confirmed only (0):
[2026-09-03 14:19:43.286322000][th:1234538][info] GossipPubSub Relay addresses (0):
[2026-09-03 14:19:43.286323000][th:1234538][warning] GossipPubSub Failed to get addresses from peer repository: not found
[2026-09-03 14:19:43.286340000][th:1234538][info] GossipPubSub Found 1 valid network interfaces
[2026-09-03 14:19:43.286341000][th:1234538][info] GossipPubSub Current network interfaces (1):
[2026-09-03 14:19:43.286341000][th:1234538][info] GossipPubSub   -> 192.168.1.6
[2026-09-03 14:19:43.286342000][th:1234538][info] GossipPubSub Active connections: 0
[2026-09-03 14:19:43.286342000][th:1234538][info] GossipPubSub === PEER CONNECTION DETAILS ===
[2026-09-03 14:19:43.286343000][th:1234538][info] GossipPubSub NOTE: Observed addresses need to be seen by 4+ different peer groups to become 'activated'
[2026-09-03 14:19:43.286344000][th:1234538][info] GossipPubSub NOTE: Current connections: 0, so max possible observers: 0
[2026-09-03 14:19:43.286344000][th:1234538][info] GossipPubSub === END PEER CONNECTION DETAILS ===
[2026-09-03 14:19:43.286344000][th:1234538][info] GossipPubSub Connection manager stats:
[2026-09-03 14:19:43.286345000][th:1234538][info] GossipPubSub   -> Max connections: 1000
[2026-09-03 14:19:43.286346000][th:1234538][info] GossipPubSub   -> Current connections: 0
[2026-09-03 14:19:43.286346000][th:1234538][info] GossipPubSub === END NETWORK STATE ===
[2026-09-03 14:19:43.286463000][th:1234538][info] GossipPubSub /ip4/0.0.0.0/tcp/54601/p2p/12D3KooWMssJWjEuZhNHV3pd4GCpeunt81Wr9W6BxghkzMCCuAUJ : PubSub service started
[2026-09-03 14:19:43][info][GlobalDB] Opening database /Users/henriqueklein/gnus/SuperGenius/multi_node_finality_fault/restart-vote-validator-one/rocksdb
[2026-09-03 14:19:43][debug][GraphsyncDAGSyncer] GraphSyncer created 5427755784 
[2026-09-03 14:19:43][info][CrdtDatastore] crdt Datastore created. Number of heads: 0 Current max-height: 0
[2026-09-03 14:19:43][info][GeniusAccount] Secure storage ID path: /Users/henriqueklein/gnus/SuperGenius/multi_node_finality_fault/restart-vote-validator-one/account/secure_storage_id
[2026-09-03 14:19:43][error][GeniusAccount] Could not find existing Genius address, generating one from a random mnemonic
[2026-09-03 14:19:43][warning][UTXOManager] Found UTXOs in storage, but there were none
[2026-09-03 14:19:43][info][Blockchain] [33277169] Blockchain instance created with authorized full node: 8a33bdf1
[2026-09-03 14:19:43][error][ValidatorRegistry] InitializeCache: registry content not found during cache init
[2026-09-03 14:19:43][info][CRDTCallbackManager] Successfully registered new data callback for pattern: '/?gnus-validator-registry'
[2026-09-03 14:19:43][info][ValidatorRegistry] RegisterFilter: result=true
[2026-09-03 14:19:43][info][ValidatorRegistry] New: instance ready
[2026-09-03 14:19:43.320209000][th:1234538][info] GossipPubSub /ip4/0.0.0.0/tcp/54601/p2p/12D3KooWMssJWjEuZhNHV3pd4GCpeunt81Wr9W6BxghkzMCCuAUJ: PubSub subscribed to topic 'gnus-validator-registry.3.7.144'
[2026-09-03 14:19:43.320225000][th:1234538][info] GossipPubSub /ip4/0.0.0.0/tcp/54601/p2p/12D3KooWMssJWjEuZhNHV3pd4GCpeunt81Wr9W6BxghkzMCCuAUJ: PubSub subscribed to topic 'consensus-channel-.3.7.144'
[2026-09-03 14:19:43][info][CRDTCallbackManager] Successfully registered new data callback for pattern: '^/?cert/[^/]+'
[2026-09-03 14:19:43.320239000][th:1234538][info] GossipPubSub /ip4/0.0.0.0/tcp/54601/p2p/12D3KooWMssJWjEuZhNHV3pd4GCpeunt81Wr9W6BxghkzMCCuAUJ: PubSub subscribed to topic 'consensus-channel-.3.7.144#datastore.3.7.144'
[2026-09-03 14:19:43][warning][Blockchain] [33277169] Failed to request validator registry during blockchain init
[2026-09-03 14:19:43][info][CRDTCallbackManager] Successfully registered new data callback for pattern: '/?gnus-genesis-block'
[2026-09-03 14:19:43][info][CRDTCallbackManager] Successfully registered new data callback for pattern: '/?gnus-account-creation-.*'
[2026-09-03 14:19:43][info][CRDTCallbackManager] Successfully registered new data callback for pattern: '^/?/bc-144/tx/[^/]+'
[2026-09-03 14:19:43][info][CRDTCallbackManager] Successfully registered deleted data callback for pattern: '^/?/bc-144/tx/[^/]+'
[2026-09-03 14:19:43][info][CRDTCallbackManager] Successfully registered new data callback for pattern: '^/?/bc-963/tx/[^/]+'
[2026-09-03 14:19:43][info][CRDTCallbackManager] Successfully registered deleted data callback for pattern: '^/?/bc-963/tx/[^/]+'
[2026-09-03 14:19:43][info][CRDTCallbackManager] Successfully registered new data callback for pattern: '^/?/bc-369/tx/[^/]+'
[2026-09-03 14:19:43][info][CRDTCallbackManager] Successfully registered deleted data callback for pattern: '^/?/bc-369/tx/[^/]+'
[2026-09-03 14:19:43][info][KeyPairFileStorage] Path to keypairs multi_node_finality_fault/restart-vote-validator-two/keypair
[2026-09-03 14:19:43][info][KeyPairFileStorage] Peer ID from public key: 12D3KooWG2rSiWsCjUzfrDWaEhFjnrD59hyhPLBNrP7zVFfgwfpQ
Current limits: 16384 (soft), 9223372036854775807 (hard)
New limits set successfully: 16384 (soft), 9223372036854775807 (hard)
Initialized relay addresses
[2026-09-03 14:19:43.321688000][th:1234463][info] GossipPubSub /ip4/0.0.0.0/tcp/54602/p2p/12D3KooWG2rSiWsCjUzfrDWaEhFjnrD59hyhPLBNrP7zVFfgwfpQ: Starting PubSub service
[2026-09-03 14:19:43.321724000][th:1234564][info] GossipPubSub Starting address monitoring system for mobile network changes
[2026-09-03 14:19:43.321726000][th:1234564][info] GossipPubSub === CURRENT NETWORK STATE ===
[2026-09-03 14:19:43.321730000][th:1234564][info] GossipPubSub Primary listening address: /ip4/0.0.0.0/tcp/54602/p2p/12D3KooWG2rSiWsCjUzfrDWaEhFjnrD59hyhPLBNrP7zVFfgwfpQ
[2026-09-03 14:19:43.321731000][th:1234564][info] GossipPubSub Host peer info addresses (0):
[2026-09-03 14:19:43.321731000][th:1234564][info] GossipPubSub Additional addresses we track (0):
[2026-09-03 14:19:43.321732000][th:1234564][info] GossipPubSub Listening addresses (1):
[2026-09-03 14:19:43.321733000][th:1234564][info] GossipPubSub   -> /ip4/0.0.0.0/tcp/54602/p2p/12D3KooWG2rSiWsCjUzfrDWaEhFjnrD59hyhPLBNrP7zVFfgwfpQ
[2026-09-03 14:19:43.321733000][th:1234564][info] GossipPubSub Interface addresses (0):
[2026-09-03 14:19:43.321734000][th:1234564][info] GossipPubSub === RAW OBSERVED ADDRESS DEBUG ===
[2026-09-03 14:19:43.321735000][th:1234564][info] GossipPubSub Local address: /ip4/0.0.0.0/tcp/54602/p2p/12D3KooWG2rSiWsCjUzfrDWaEhFjnrD59hyhPLBNrP7zVFfgwfpQ -> 0 raw observed, 0 activated+confirmed
[2026-09-03 14:19:43.321736000][th:1234564][info] GossipPubSub TOTAL: 0 raw observed addresses, 0 activated+confirmed addresses
[2026-09-03 14:19:43.321737000][th:1234564][info] GossipPubSub === END RAW OBSERVED ADDRESS DEBUG ===
[2026-09-03 14:19:43.321737000][th:1234564][info] GossipPubSub Observed addresses - all (0):
[2026-09-03 14:19:43.321738000][th:1234564][info] GossipPubSub Observed addresses - confirmed only (0):
[2026-09-03 14:19:43.321739000][th:1234564][info] GossipPubSub Relay addresses (0):
[2026-09-03 14:19:43.321740000][th:1234564][warning] GossipPubSub Failed to get addresses from peer repository: not found
[2026-09-03 14:19:43.321760000][th:1234564][info] GossipPubSub Found 1 valid network interfaces
[2026-09-03 14:19:43.321761000][th:1234564][info] GossipPubSub Current network interfaces (1):
[2026-09-03 14:19:43.321762000][th:1234564][info] GossipPubSub   -> 192.168.1.6
[2026-09-03 14:19:43.321762000][th:1234564][info] GossipPubSub Active connections: 0
[2026-09-03 14:19:43.321763000][th:1234564][info] GossipPubSub === PEER CONNECTION DETAILS ===
[2026-09-03 14:19:43.321763000][th:1234564][info] GossipPubSub NOTE: Observed addresses need to be seen by 4+ different peer groups to become 'activated'
[2026-09-03 14:19:43.321764000][th:1234564][info] GossipPubSub NOTE: Current connections: 0, so max possible observers: 0
[2026-09-03 14:19:43.321765000][th:1234564][info] GossipPubSub === END PEER CONNECTION DETAILS ===
[2026-09-03 14:19:43.321765000][th:1234564][info] GossipPubSub Connection manager stats:
[2026-09-03 14:19:43.321766000][th:1234564][info] GossipPubSub   -> Max connections: 1000
[2026-09-03 14:19:43.321767000][th:1234564][info] GossipPubSub   -> Current connections: 0
[2026-09-03 14:19:43.321767000][th:1234564][info] GossipPubSub === END NETWORK STATE ===
[2026-09-03 14:19:43.321855000][th:1234564][info] GossipPubSub /ip4/0.0.0.0/tcp/54602/p2p/12D3KooWG2rSiWsCjUzfrDWaEhFjnrD59hyhPLBNrP7zVFfgwfpQ : PubSub service started
[2026-09-03 14:19:43][info][GlobalDB] Opening database /Users/henriqueklein/gnus/SuperGenius/multi_node_finality_fault/restart-vote-validator-two/rocksdb
[2026-09-03 14:19:43][debug][GraphsyncDAGSyncer] GraphSyncer created 5427824040 
[2026-09-03 14:19:43][info][CrdtDatastore] crdt Datastore created. Number of heads: 0 Current max-height: 0
[2026-09-03 14:19:43][info][GeniusAccount] Secure storage ID path: /Users/henriqueklein/gnus/SuperGenius/multi_node_finality_fault/restart-vote-validator-two/account/secure_storage_id
[2026-09-03 14:19:43][error][GeniusAccount] Could not find existing Genius address, generating one from a random mnemonic
[2026-09-03 14:19:43][warning][UTXOManager] Found UTXOs in storage, but there were none
[2026-09-03 14:19:43][info][Blockchain] [f7f2cbbd] Blockchain instance created with authorized full node: 8a33bdf1
[2026-09-03 14:19:43][error][ValidatorRegistry] InitializeCache: registry content not found during cache init
[2026-09-03 14:19:43][info][CRDTCallbackManager] Successfully registered new data callback for pattern: '/?gnus-validator-registry'
[2026-09-03 14:19:43][info][ValidatorRegistry] RegisterFilter: result=true
[2026-09-03 14:19:43][info][ValidatorRegistry] New: instance ready
[2026-09-03 14:19:43.349253000][th:1234564][info] GossipPubSub /ip4/0.0.0.0/tcp/54602/p2p/12D3KooWG2rSiWsCjUzfrDWaEhFjnrD59hyhPLBNrP7zVFfgwfpQ: PubSub subscribed to topic 'gnus-validator-registry.3.7.144'
[2026-09-03 14:19:43][info][CRDTCallbackManager] Successfully registered new data callback for pattern: '^/?cert/[^/]+'
[2026-09-03 14:19:43.349275000][th:1234564][info] GossipPubSub /ip4/0.0.0.0/tcp/54602/p2p/12D3KooWG2rSiWsCjUzfrDWaEhFjnrD59hyhPLBNrP7zVFfgwfpQ: PubSub subscribed to topic 'consensus-channel-.3.7.144'
[2026-09-03 14:19:43][warning][Blockchain] [f7f2cbbd] Failed to request validator registry during blockchain init
[2026-09-03 14:19:43][info][CRDTCallbackManager] Successfully registered new data callback for pattern: '/?gnus-genesis-block'
[2026-09-03 14:19:43][info][CRDTCallbackManager] Successfully registered new data callback for pattern: '/?gnus-account-creation-.*'
[2026-09-03 14:19:43.349293000][th:1234564][info] GossipPubSub /ip4/0.0.0.0/tcp/54602/p2p/12D3KooWG2rSiWsCjUzfrDWaEhFjnrD59hyhPLBNrP7zVFfgwfpQ: PubSub subscribed to topic 'consensus-channel-.3.7.144#datastore.3.7.144'
[2026-09-03 14:19:43][info][CRDTCallbackManager] Successfully registered new data callback for pattern: '^/?/bc-144/tx/[^/]+'
[2026-09-03 14:19:43][info][CRDTCallbackManager] Successfully registered deleted data callback for pattern: '^/?/bc-144/tx/[^/]+'
[2026-09-03 14:19:43][info][CRDTCallbackManager] Successfully registered new data callback for pattern: '^/?/bc-963/tx/[^/]+'
[2026-09-03 14:19:43][info][CRDTCallbackManager] Successfully registered deleted data callback for pattern: '^/?/bc-963/tx/[^/]+'
[2026-09-03 14:19:43][info][CRDTCallbackManager] Successfully registered new data callback for pattern: '^/?/bc-369/tx/[^/]+'
[2026-09-03 14:19:43][info][CRDTCallbackManager] Successfully registered deleted data callback for pattern: '^/?/bc-369/tx/[^/]+'
[2026-09-03 14:19:43][info][KeyPairFileStorage] Path to keypairs multi_node_finality_fault/restart-vote-validator-three/keypair
[2026-09-03 14:19:43][info][KeyPairFileStorage] Peer ID from public key: 12D3KooWSFya1xyQFcoM5ZrdTGv7D2qmDCPDPDcGYHSk4srFh7RB
Current limits: 16384 (soft), 9223372036854775807 (hard)
New limits set successfully: 16384 (soft), 9223372036854775807 (hard)
Initialized relay addresses
[2026-09-03 14:19:43.350679000][th:1234463][info] GossipPubSub /ip4/0.0.0.0/tcp/54603/p2p/12D3KooWSFya1xyQFcoM5ZrdTGv7D2qmDCPDPDcGYHSk4srFh7RB: Starting PubSub service
[2026-09-03 14:19:43.350720000][th:1234595][info] GossipPubSub Starting address monitoring system for mobile network changes
[2026-09-03 14:19:43.350722000][th:1234595][info] GossipPubSub === CURRENT NETWORK STATE ===
[2026-09-03 14:19:43.350726000][th:1234595][info] GossipPubSub Primary listening address: /ip4/0.0.0.0/tcp/54603/p2p/12D3KooWSFya1xyQFcoM5ZrdTGv7D2qmDCPDPDcGYHSk4srFh7RB
[2026-09-03 14:19:43.350727000][th:1234595][info] GossipPubSub Host peer info addresses (0):
[2026-09-03 14:19:43.350728000][th:1234595][info] GossipPubSub Additional addresses we track (0):
[2026-09-03 14:19:43.350729000][th:1234595][info] GossipPubSub Listening addresses (1):
[2026-09-03 14:19:43.350729000][th:1234595][info] GossipPubSub   -> /ip4/0.0.0.0/tcp/54603/p2p/12D3KooWSFya1xyQFcoM5ZrdTGv7D2qmDCPDPDcGYHSk4srFh7RB
[2026-09-03 14:19:43.350730000][th:1234595][info] GossipPubSub Interface addresses (0):
[2026-09-03 14:19:43.350730000][th:1234595][info] GossipPubSub === RAW OBSERVED ADDRESS DEBUG ===
[2026-09-03 14:19:43.350732000][th:1234595][info] GossipPubSub Local address: /ip4/0.0.0.0/tcp/54603/p2p/12D3KooWSFya1xyQFcoM5ZrdTGv7D2qmDCPDPDcGYHSk4srFh7RB -> 0 raw observed, 0 activated+confirmed
[2026-09-03 14:19:43.350733000][th:1234595][info] GossipPubSub TOTAL: 0 raw observed addresses, 0 activated+confirmed addresses
[2026-09-03 14:19:43.350734000][th:1234595][info] GossipPubSub === END RAW OBSERVED ADDRESS DEBUG ===
[2026-09-03 14:19:43.350734000][th:1234595][info] GossipPubSub Observed addresses - all (0):
[2026-09-03 14:19:43.350735000][th:1234595][info] GossipPubSub Observed addresses - confirmed only (0):
[2026-09-03 14:19:43.350735000][th:1234595][info] GossipPubSub Relay addresses (0):
[2026-09-03 14:19:43.350737000][th:1234595][warning] GossipPubSub Failed to get addresses from peer repository: not found
[2026-09-03 14:19:43.350764000][th:1234595][info] GossipPubSub Found 1 valid network interfaces
[2026-09-03 14:19:43.350765000][th:1234595][info] GossipPubSub Current network interfaces (1):
[2026-09-03 14:19:43.350765000][th:1234595][info] GossipPubSub   -> 192.168.1.6
[2026-09-03 14:19:43.350766000][th:1234595][info] GossipPubSub Active connections: 0
[2026-09-03 14:19:43.350766000][th:1234595][info] GossipPubSub === PEER CONNECTION DETAILS ===
[2026-09-03 14:19:43.350767000][th:1234595][info] GossipPubSub NOTE: Observed addresses need to be seen by 4+ different peer groups to become 'activated'
[2026-09-03 14:19:43.350767000][th:1234595][info] GossipPubSub NOTE: Current connections: 0, so max possible observers: 0
[2026-09-03 14:19:43.350768000][th:1234595][info] GossipPubSub === END PEER CONNECTION DETAILS ===
[2026-09-03 14:19:43.350768000][th:1234595][info] GossipPubSub Connection manager stats:
[2026-09-03 14:19:43.350769000][th:1234595][info] GossipPubSub   -> Max connections: 1000
[2026-09-03 14:19:43.350770000][th:1234595][info] GossipPubSub   -> Current connections: 0
[2026-09-03 14:19:43.350770000][th:1234595][info] GossipPubSub === END NETWORK STATE ===
[2026-09-03 14:19:43.350884000][th:1234595][info] GossipPubSub /ip4/0.0.0.0/tcp/54603/p2p/12D3KooWSFya1xyQFcoM5ZrdTGv7D2qmDCPDPDcGYHSk4srFh7RB : PubSub service started
[2026-09-03 14:19:43][info][GlobalDB] Opening database /Users/henriqueklein/gnus/SuperGenius/multi_node_finality_fault/restart-vote-validator-three/rocksdb
[2026-09-03 14:19:43][debug][GraphsyncDAGSyncer] GraphSyncer created 5408581496 
[2026-09-03 14:19:43][info][CrdtDatastore] crdt Datastore created. Number of heads: 0 Current max-height: 0
[2026-09-03 14:19:43][info][GeniusAccount] Secure storage ID path: /Users/henriqueklein/gnus/SuperGenius/multi_node_finality_fault/restart-vote-validator-three/account/secure_storage_id
[2026-09-03 14:19:43][error][GeniusAccount] Could not find existing Genius address, generating one from a random mnemonic
[2026-09-03 14:19:43][warning][UTXOManager] Found UTXOs in storage, but there were none
[2026-09-03 14:19:43][info][Blockchain] [159529ce] Blockchain instance created with authorized full node: 8a33bdf1
[2026-09-03 14:19:43][error][ValidatorRegistry] InitializeCache: registry content not found during cache init
[2026-09-03 14:19:43][info][CRDTCallbackManager] Successfully registered new data callback for pattern: '/?gnus-validator-registry'
[2026-09-03 14:19:43][info][ValidatorRegistry] RegisterFilter: result=true
[2026-09-03 14:19:43][info][ValidatorRegistry] New: instance ready
[2026-09-03 14:19:43.382198000][th:1234595][info] GossipPubSub /ip4/0.0.0.0/tcp/54603/p2p/12D3KooWSFya1xyQFcoM5ZrdTGv7D2qmDCPDPDcGYHSk4srFh7RB: PubSub subscribed to topic 'gnus-validator-registry.3.7.144'
[2026-09-03 14:19:43][info][CRDTCallbackManager] Successfully registered new data callback for pattern: '^/?cert/[^/]+'
[2026-09-03 14:19:43.382223000][th:1234595][info] GossipPubSub /ip4/0.0.0.0/tcp/54603/p2p/12D3KooWSFya1xyQFcoM5ZrdTGv7D2qmDCPDPDcGYHSk4srFh7RB: PubSub subscribed to topic 'consensus-channel-.3.7.144'
[2026-09-03 14:19:43][warning][Blockchain] [159529ce] Failed to request validator registry during blockchain init
[2026-09-03 14:19:43][info][CRDTCallbackManager] Successfully registered new data callback for pattern: '/?gnus-genesis-block'
[2026-09-03 14:19:43][info][CRDTCallbackManager] Successfully registered new data callback for pattern: '/?gnus-account-creation-.*'
[2026-09-03 14:19:43.382250000][th:1234595][info] GossipPubSub /ip4/0.0.0.0/tcp/54603/p2p/12D3KooWSFya1xyQFcoM5ZrdTGv7D2qmDCPDPDcGYHSk4srFh7RB: PubSub subscribed to topic 'consensus-channel-.3.7.144#datastore.3.7.144'
[2026-09-03 14:19:43][info][CRDTCallbackManager] Successfully registered new data callback for pattern: '^/?/bc-144/tx/[^/]+'
[2026-09-03 14:19:43][info][CRDTCallbackManager] Successfully registered deleted data callback for pattern: '^/?/bc-144/tx/[^/]+'
[2026-09-03 14:19:43][info][CRDTCallbackManager] Successfully registered new data callback for pattern: '^/?/bc-963/tx/[^/]+'
[2026-09-03 14:19:43][info][CRDTCallbackManager] Successfully registered deleted data callback for pattern: '^/?/bc-963/tx/[^/]+'
[2026-09-03 14:19:43][info][CRDTCallbackManager] Successfully registered new data callback for pattern: '^/?/bc-369/tx/[^/]+'
[2026-09-03 14:19:43][info][CRDTCallbackManager] Successfully registered deleted data callback for pattern: '^/?/bc-369/tx/[^/]+'
[2026-09-03 14:19:43][info][KeyPairFileStorage] Path to keypairs multi_node_finality_fault/restart-vote-passive/keypair
[2026-09-03 14:19:43][info][KeyPairFileStorage] Peer ID from public key: 12D3KooWSrs796Pafa253LC6fzmYMH9aCa5c371eJ7agZZ6KU9ba
Current limits: 16384 (soft), 9223372036854775807 (hard)
New limits set successfully: 16384 (soft), 9223372036854775807 (hard)
Initialized relay addresses
[2026-09-03 14:19:43.383756000][th:1234463][info] GossipPubSub /ip4/0.0.0.0/tcp/54604/p2p/12D3KooWSrs796Pafa253LC6fzmYMH9aCa5c371eJ7agZZ6KU9ba: Starting PubSub service
[2026-09-03 14:19:43.383803000][th:1234627][info] GossipPubSub Starting address monitoring system for mobile network changes
[2026-09-03 14:19:43.383805000][th:1234627][info] GossipPubSub === CURRENT NETWORK STATE ===
[2026-09-03 14:19:43.383810000][th:1234627][info] GossipPubSub Primary listening address: /ip4/0.0.0.0/tcp/54604/p2p/12D3KooWSrs796Pafa253LC6fzmYMH9aCa5c371eJ7agZZ6KU9ba
[2026-09-03 14:19:43.383812000][th:1234627][info] GossipPubSub Host peer info addresses (0):
[2026-09-03 14:19:43.383812000][th:1234627][info] GossipPubSub Additional addresses we track (0):
[2026-09-03 14:19:43.383813000][th:1234627][info] GossipPubSub Listening addresses (1):
[2026-09-03 14:19:43.383814000][th:1234627][info] GossipPubSub   -> /ip4/0.0.0.0/tcp/54604/p2p/12D3KooWSrs796Pafa253LC6fzmYMH9aCa5c371eJ7agZZ6KU9ba
[2026-09-03 14:19:43.383814000][th:1234627][info] GossipPubSub Interface addresses (0):
[2026-09-03 14:19:43.383818000][th:1234627][info] GossipPubSub === RAW OBSERVED ADDRESS DEBUG ===
[2026-09-03 14:19:43.383819000][th:1234627][info] GossipPubSub Local address: /ip4/0.0.0.0/tcp/54604/p2p/12D3KooWSrs796Pafa253LC6fzmYMH9aCa5c371eJ7agZZ6KU9ba -> 0 raw observed, 0 activated+confirmed
[2026-09-03 14:19:43.383820000][th:1234627][info] GossipPubSub TOTAL: 0 raw observed addresses, 0 activated+confirmed addresses
[2026-09-03 14:19:43.383821000][th:1234627][info] GossipPubSub === END RAW OBSERVED ADDRESS DEBUG ===
[2026-09-03 14:19:43.383822000][th:1234627][info] GossipPubSub Observed addresses - all (0):
[2026-09-03 14:19:43.383822000][th:1234627][info] GossipPubSub Observed addresses - confirmed only (0):
[2026-09-03 14:19:43.383823000][th:1234627][info] GossipPubSub Relay addresses (0):
[2026-09-03 14:19:43.383824000][th:1234627][warning] GossipPubSub Failed to get addresses from peer repository: not found
[2026-09-03 14:19:43.383850000][th:1234627][info] GossipPubSub Found 1 valid network interfaces
[2026-09-03 14:19:43.383852000][th:1234627][info] GossipPubSub Current network interfaces (1):
[2026-09-03 14:19:43.383852000][th:1234627][info] GossipPubSub   -> 192.168.1.6
[2026-09-03 14:19:43.383853000][th:1234627][info] GossipPubSub Active connections: 0
[2026-09-03 14:19:43.383853000][th:1234627][info] GossipPubSub === PEER CONNECTION DETAILS ===
[2026-09-03 14:19:43.383854000][th:1234627][info] GossipPubSub NOTE: Observed addresses need to be seen by 4+ different peer groups to become 'activated'
[2026-09-03 14:19:43.383855000][th:1234627][info] GossipPubSub NOTE: Current connections: 0, so max possible observers: 0
[2026-09-03 14:19:43.383855000][th:1234627][info] GossipPubSub === END PEER CONNECTION DETAILS ===
[2026-09-03 14:19:43.383856000][th:1234627][info] GossipPubSub Connection manager stats:
[2026-09-03 14:19:43.383856000][th:1234627][info] GossipPubSub   -> Max connections: 1000
[2026-09-03 14:19:43.383857000][th:1234627][info] GossipPubSub   -> Current connections: 0
[2026-09-03 14:19:43.383857000][th:1234627][info] GossipPubSub === END NETWORK STATE ===
[2026-09-03 14:19:43.383967000][th:1234627][info] GossipPubSub /ip4/0.0.0.0/tcp/54604/p2p/12D3KooWSrs796Pafa253LC6fzmYMH9aCa5c371eJ7agZZ6KU9ba : PubSub service started
[2026-09-03 14:19:43][info][GlobalDB] Opening database /Users/henriqueklein/gnus/SuperGenius/multi_node_finality_fault/restart-vote-passive/rocksdb
[2026-09-03 14:19:43][debug][GraphsyncDAGSyncer] GraphSyncer created 5410046904 
[2026-09-03 14:19:43][info][CrdtDatastore] crdt Datastore created. Number of heads: 0 Current max-height: 0
[2026-09-03 14:19:43][info][GeniusAccount] Secure storage ID path: /Users/henriqueklein/gnus/SuperGenius/multi_node_finality_fault/restart-vote-passive/account/secure_storage_id
[2026-09-03 14:19:43][error][GeniusAccount] Could not find existing Genius address, generating one from a random mnemonic
[2026-09-03 14:19:43][warning][UTXOManager] Found UTXOs in storage, but there were none
[2026-09-03 14:19:43][info][Blockchain] [2772a4ab] Blockchain instance created with authorized full node: 8a33bdf1
[2026-09-03 14:19:43][error][ValidatorRegistry] InitializeCache: registry content not found during cache init
[2026-09-03 14:19:43][info][CRDTCallbackManager] Successfully registered new data callback for pattern: '/?gnus-validator-registry'
[2026-09-03 14:19:43][info][ValidatorRegistry] RegisterFilter: result=true
[2026-09-03 14:19:43][info][ValidatorRegistry] New: instance ready
[2026-09-03 14:19:43.415535000][th:1234627][info] GossipPubSub /ip4/0.0.0.0/tcp/54604/p2p/12D3KooWSrs796Pafa253LC6fzmYMH9aCa5c371eJ7agZZ6KU9ba: PubSub subscribed to topic 'gnus-validator-registry.3.7.144'
[2026-09-03 14:19:43][info][CRDTCallbackManager] Successfully registered new data callback for pattern: '^/?cert/[^/]+'
[2026-09-03 14:19:43.415556000][th:1234627][info] GossipPubSub /ip4/0.0.0.0/tcp/54604/p2p/12D3KooWSrs796Pafa253LC6fzmYMH9aCa5c371eJ7agZZ6KU9ba: PubSub subscribed to topic 'consensus-channel-.3.7.144'
[2026-09-03 14:19:43][warning][Blockchain] [2772a4ab] Failed to request validator registry during blockchain init
[2026-09-03 14:19:43][info][CRDTCallbackManager] Successfully registered new data callback for pattern: '/?gnus-genesis-block'
[2026-09-03 14:19:43][info][CRDTCallbackManager] Successfully registered new data callback for pattern: '/?gnus-account-creation-.*'
[2026-09-03 14:19:43.415575000][th:1234627][info] GossipPubSub /ip4/0.0.0.0/tcp/54604/p2p/12D3KooWSrs796Pafa253LC6fzmYMH9aCa5c371eJ7agZZ6KU9ba: PubSub subscribed to topic 'consensus-channel-.3.7.144#datastore.3.7.144'
[2026-09-03 14:19:43][info][CRDTCallbackManager] Successfully registered new data callback for pattern: '^/?/bc-144/tx/[^/]+'
[2026-09-03 14:19:43][info][CRDTCallbackManager] Successfully registered deleted data callback for pattern: '^/?/bc-144/tx/[^/]+'
[2026-09-03 14:19:43][info][CRDTCallbackManager] Successfully registered new data callback for pattern: '^/?/bc-963/tx/[^/]+'
[2026-09-03 14:19:43][info][CRDTCallbackManager] Successfully registered deleted data callback for pattern: '^/?/bc-963/tx/[^/]+'
[2026-09-03 14:19:43][info][CRDTCallbackManager] Successfully registered new data callback for pattern: '^/?/bc-369/tx/[^/]+'
[2026-09-03 14:19:43][info][CRDTCallbackManager] Successfully registered deleted data callback for pattern: '^/?/bc-369/tx/[^/]+'
[2026-09-03 14:19:43][info][CrdtDatastore] Topics { name="gnus-validator-registry" }
[2026-09-03 14:19:43][info][CRDTCallbackManager] Executing callback for key '/gnus-validator-registry' matching pattern '/?gnus-validator-registry'
[2026-09-03 14:19:43][info][ValidatorRegistry] RegistryUpdateReceived: cache updated and initialized
[2026-09-03 14:19:43][debug][GraphsyncDAGSyncer] addNode: Added node QmcapRauVUEPG8GrYQj79RwhgGcS1vDYXMdreVni1V9qUk on dagService 
[2026-09-03 14:19:43][info][ValidatorRegistry] StoreRegistryUpdate: stored registry update CID QmcapRauVUEPG8GrYQj79RwhgGcS1vDYXMdreVni1V9qUk
[2026-09-03 14:19:43][info][ValidatorRegistry] StoreRegistryUpdate: success
[2026-09-03 14:19:43][info][CrdtDatastore] Topics { name="gnus-validator-registry" }
[2026-09-03 14:19:43][info][CRDTCallbackManager] Executing callback for key '/gnus-validator-registry' matching pattern '/?gnus-validator-registry'
[2026-09-03 14:19:43][info][ValidatorRegistry] RegistryUpdateReceived: cache updated and initialized
[2026-09-03 14:19:43][debug][GraphsyncDAGSyncer] addNode: Added node QmcapRauVUEPG8GrYQj79RwhgGcS1vDYXMdreVni1V9qUk on dagService 
[2026-09-03 14:19:43][info][ValidatorRegistry] StoreRegistryUpdate: stored registry update CID QmcapRauVUEPG8GrYQj79RwhgGcS1vDYXMdreVni1V9qUk
[2026-09-03 14:19:43][info][ValidatorRegistry] StoreRegistryUpdate: success
[2026-09-03 14:19:43][info][CrdtDatastore] Topics { name="gnus-validator-registry" }
[2026-09-03 14:19:43][info][CRDTCallbackManager] Executing callback for key '/gnus-validator-registry' matching pattern '/?gnus-validator-registry'
[2026-09-03 14:19:43][info][ValidatorRegistry] RegistryUpdateReceived: cache updated and initialized
[2026-09-03 14:19:43][debug][GraphsyncDAGSyncer] addNode: Added node QmcapRauVUEPG8GrYQj79RwhgGcS1vDYXMdreVni1V9qUk on dagService 
[2026-09-03 14:19:43][info][ValidatorRegistry] StoreRegistryUpdate: stored registry update CID QmcapRauVUEPG8GrYQj79RwhgGcS1vDYXMdreVni1V9qUk
[2026-09-03 14:19:43][info][ValidatorRegistry] StoreRegistryUpdate: success
[2026-09-03 14:19:43][info][CrdtDatastore] Topics { name="gnus-validator-registry" }
[2026-09-03 14:19:43][info][CRDTCallbackManager] Executing callback for key '/gnus-validator-registry' matching pattern '/?gnus-validator-registry'
[2026-09-03 14:19:43][info][ValidatorRegistry] RegistryUpdateReceived: cache updated and initialized
[2026-09-03 14:19:43][debug][GraphsyncDAGSyncer] addNode: Added node QmcapRauVUEPG8GrYQj79RwhgGcS1vDYXMdreVni1V9qUk on dagService 
[2026-09-03 14:19:43][info][ValidatorRegistry] StoreRegistryUpdate: stored registry update CID QmcapRauVUEPG8GrYQj79RwhgGcS1vDYXMdreVni1V9qUk
[2026-09-03 14:19:43][info][ValidatorRegistry] StoreRegistryUpdate: success
[2026-09-03 14:19:43][info][TransactionManager] [33277169 - full: false] ChangeTransactionState: Temp tracking entry created tx=2d6a1d6b019c2183fc307c125d332943f69f948b85c070ec5feca924c86dee5e
[2026-09-03 14:19:45][info][CRDTCallbackManager] Successfully unregistered new data callback for pattern: '^/?/bc-144/tx/[^/]+'
[2026-09-03 14:19:45][info][CRDTCallbackManager] Successfully unregistered deleted data callback for pattern: '^/?/bc-144/tx/[^/]+'
[2026-09-03 14:19:45][info][CRDTCallbackManager] Successfully unregistered new data callback for pattern: '^/?/bc-963/tx/[^/]+'
[2026-09-03 14:19:45][info][CRDTCallbackManager] Successfully unregistered deleted data callback for pattern: '^/?/bc-963/tx/[^/]+'
[2026-09-03 14:19:45][info][CRDTCallbackManager] Successfully unregistered new data callback for pattern: '^/?/bc-369/tx/[^/]+'
[2026-09-03 14:19:45][info][CRDTCallbackManager] Successfully unregistered deleted data callback for pattern: '^/?/bc-369/tx/[^/]+'
[2026-09-03 14:19:45][info][TransactionManager] [33277169 - full: false] ~TransactionManager: Metrics — cert_fallback(success=0 failure=0) validation(approve=1 reject=0) tracking(insert=1 confirm=0 fail=0)
[2026-09-03 14:19:45][info][Blockchain] [33277169] Stopping blockchain
[2026-09-03 14:19:45][info][CRDTCallbackManager] Successfully unregistered new data callback for pattern: '/?gnus-genesis-block'
[2026-09-03 14:19:45][info][CRDTCallbackManager] Successfully unregistered new data callback for pattern: '/?gnus-account-creation-.*'
[2026-09-03 14:19:45][info][CRDTCallbackManager] Successfully unregistered new data callback for pattern: '/?gnus-validator-registry'
[2026-09-03 14:19:45][debug][GlobalDB] ~GlobalDB CALLED with count 6 on multi_node_finality_fault/restart-vote-validator-one/rocksdb 
[2026-09-03 14:19:45][info][GlobalDB] GlobalDB shutdown start
[2026-09-03 14:19:45][info][CrdtDatastore] CancelAndCloseNow: begin (pending_jobs=0, self_queue=0, root_queue=0, pending_roots=0, active_root=false)
[2026-09-03 14:19:45][debug][GraphsyncDAGSyncer] Stopping Dagsyncer
[2026-09-03 14:19:45][debug][GraphsyncDAGSyncer] Dagsyncer Stopped
[2026-09-03 14:19:46][info][CrdtDatastore] CancelAndCloseNow: CRDT workers stopped
[2026-09-03 14:19:46][warning][CrdtDatastore] CancelAndCloseNow called but shutdown has already started
[2026-09-03 14:19:46][debug][GraphsyncDAGSyncer] ~GraphsyncDAGSyncer CALLED
[2026-09-03 14:19:46][info][GlobalDB] GlobalDB shutdown finished
[2026-09-03 14:19:46.343093000][th:1234538][error] GossipPubSub Address monitoring timer error: Operation canceled
[2026-09-03 14:19:47][info][KeyPairFileStorage] Path to keypairs multi_node_finality_fault/restart-vote-validator-one/keypair
[2026-09-03 14:19:47][info][KeyPairFileStorage] Peer ID from public key: 12D3KooWMssJWjEuZhNHV3pd4GCpeunt81Wr9W6BxghkzMCCuAUJ
Current limits: 16384 (soft), 9223372036854775807 (hard)
New limits set successfully: 16384 (soft), 9223372036854775807 (hard)
Initialized relay addresses
[2026-09-03 14:19:47.351965000][th:1234463][info] GossipPubSub /ip4/0.0.0.0/tcp/54601/p2p/12D3KooWMssJWjEuZhNHV3pd4GCpeunt81Wr9W6BxghkzMCCuAUJ: Starting PubSub service
[2026-09-03 14:19:47.352191000][th:1234761][info] GossipPubSub Starting address monitoring system for mobile network changes
[2026-09-03 14:19:47.352200000][th:1234761][info] GossipPubSub === CURRENT NETWORK STATE ===
[2026-09-03 14:19:47.352217000][th:1234761][info] GossipPubSub Primary listening address: /ip4/0.0.0.0/tcp/54601/p2p/12D3KooWMssJWjEuZhNHV3pd4GCpeunt81Wr9W6BxghkzMCCuAUJ
[2026-09-03 14:19:47.352233000][th:1234761][info] GossipPubSub Host peer info addresses (0):
[2026-09-03 14:19:47.352234000][th:1234761][info] GossipPubSub Additional addresses we track (0):
[2026-09-03 14:19:47.352236000][th:1234761][info] GossipPubSub Listening addresses (1):
[2026-09-03 14:19:47.352237000][th:1234761][info] GossipPubSub   -> /ip4/0.0.0.0/tcp/54601/p2p/12D3KooWMssJWjEuZhNHV3pd4GCpeunt81Wr9W6BxghkzMCCuAUJ
[2026-09-03 14:19:47.352239000][th:1234761][info] GossipPubSub Interface addresses (0):
[2026-09-03 14:19:47.352240000][th:1234761][info] GossipPubSub === RAW OBSERVED ADDRESS DEBUG ===
[2026-09-03 14:19:47.352242000][th:1234761][info] GossipPubSub Local address: /ip4/0.0.0.0/tcp/54601/p2p/12D3KooWMssJWjEuZhNHV3pd4GCpeunt81Wr9W6BxghkzMCCuAUJ -> 0 raw observed, 0 activated+confirmed
[2026-09-03 14:19:47.352244000][th:1234761][info] GossipPubSub TOTAL: 0 raw observed addresses, 0 activated+confirmed addresses
[2026-09-03 14:19:47.352245000][th:1234761][info] GossipPubSub === END RAW OBSERVED ADDRESS DEBUG ===
[2026-09-03 14:19:47.352247000][th:1234761][info] GossipPubSub Observed addresses - all (0):
[2026-09-03 14:19:47.352248000][th:1234761][info] GossipPubSub Observed addresses - confirmed only (0):
[2026-09-03 14:19:47.352249000][th:1234761][info] GossipPubSub Relay addresses (0):
[2026-09-03 14:19:47.352253000][th:1234761][warning] GossipPubSub Failed to get addresses from peer repository: not found
[2026-09-03 14:19:47.352354000][th:1234761][info] GossipPubSub Found 1 valid network interfaces
[2026-09-03 14:19:47.352363000][th:1234761][info] GossipPubSub Current network interfaces (1):
[2026-09-03 14:19:47.352365000][th:1234761][info] GossipPubSub   -> 192.168.1.6
[2026-09-03 14:19:47.352366000][th:1234761][info] GossipPubSub Active connections: 0
[2026-09-03 14:19:47.352367000][th:1234761][info] GossipPubSub === PEER CONNECTION DETAILS ===
[2026-09-03 14:19:47.352368000][th:1234761][info] GossipPubSub NOTE: Observed addresses need to be seen by 4+ different peer groups to become 'activated'
[2026-09-03 14:19:47.352370000][th:1234761][info] GossipPubSub NOTE: Current connections: 0, so max possible observers: 0
[2026-09-03 14:19:47.352371000][th:1234761][info] GossipPubSub === END PEER CONNECTION DETAILS ===
[2026-09-03 14:19:47.352372000][th:1234761][info] GossipPubSub Connection manager stats:
[2026-09-03 14:19:47.352373000][th:1234761][info] GossipPubSub   -> Max connections: 1000
[2026-09-03 14:19:47.352374000][th:1234761][info] GossipPubSub   -> Current connections: 0
[2026-09-03 14:19:47.352375000][th:1234761][info] GossipPubSub === END NETWORK STATE ===
[2026-09-03 14:19:47.352789000][th:1234761][info] GossipPubSub /ip4/0.0.0.0/tcp/54601/p2p/12D3KooWMssJWjEuZhNHV3pd4GCpeunt81Wr9W6BxghkzMCCuAUJ : PubSub service started
[2026-09-03 14:19:47][info][GlobalDB] Opening database /Users/henriqueklein/gnus/SuperGenius/multi_node_finality_fault/restart-vote-validator-one/rocksdb
[2026-09-03 14:19:47][debug][GraphsyncDAGSyncer] GraphSyncer created 4604331224 
[2026-09-03 14:19:47][info][CrdtDatastore] crdt Datastore created. Number of heads: 1 Current max-height: 1
[2026-09-03 14:19:47][info][GeniusAccount] Secure storage ID path: /Users/henriqueklein/gnus/SuperGenius/multi_node_finality_fault/restart-vote-validator-one/account/secure_storage_id
[2026-09-03 14:19:47][info][GeniusAccount] Loaded public key from file: 3327716994b72100... (length: 128)
[2026-09-03 14:19:47][info][GeniusAccount] Successfully loaded key_seed from storage
[2026-09-03 14:19:47][info][GeniusAccount] Validation successful: key_seed matches stored public key
[2026-09-03 14:19:47][warning][UTXOManager] Found UTXOs in storage, but there were none
[2026-09-03 14:19:47][info][Blockchain] [33277169] Blockchain instance created with authorized full node: 8a33bdf1
[2026-09-03 14:19:47][info][ValidatorRegistry] InitializeCache: cache initialized with CID QmcapRauVUEPG8GrYQj79RwhgGcS1vDYXMdreVni1V9qUk
[2026-09-03 14:19:47][info][CRDTCallbackManager] Successfully registered new data callback for pattern: '/?gnus-validator-registry'
[2026-09-03 14:19:47][info][ValidatorRegistry] RegisterFilter: result=true
[2026-09-03 14:19:47][info][ValidatorRegistry] New: instance ready
[2026-09-03 14:19:47.383285000][th:1234761][info] GossipPubSub /ip4/0.0.0.0/tcp/54601/p2p/12D3KooWMssJWjEuZhNHV3pd4GCpeunt81Wr9W6BxghkzMCCuAUJ: PubSub subscribed to topic 'gnus-validator-registry.3.7.144'
[2026-09-03 14:19:47.383318000][th:1234761][info] GossipPubSub /ip4/0.0.0.0/tcp/54601/p2p/12D3KooWMssJWjEuZhNHV3pd4GCpeunt81Wr9W6BxghkzMCCuAUJ: PubSub subscribed to topic 'consensus-channel-.3.7.144'
[2026-09-03 14:19:47][info][CRDTCallbackManager] Successfully registered new data callback for pattern: '^/?cert/[^/]+'
[2026-09-03 14:19:47.384972000][th:1234761][info] GossipPubSub /ip4/0.0.0.0/tcp/54601/p2p/12D3KooWMssJWjEuZhNHV3pd4GCpeunt81Wr9W6BxghkzMCCuAUJ: PubSub subscribed to topic 'consensus-channel-.3.7.144#datastore.3.7.144'
[2026-09-03 14:19:47][info][CRDTCallbackManager] Successfully registered new data callback for pattern: '/?gnus-genesis-block'
[2026-09-03 14:19:47][info][CRDTCallbackManager] Successfully registered new data callback for pattern: '/?gnus-account-creation-.*'
[2026-09-03 14:19:47][info][CRDTCallbackManager] Successfully registered new data callback for pattern: '^/?/bc-144/tx/[^/]+'
[2026-09-03 14:19:47][info][CRDTCallbackManager] Successfully registered deleted data callback for pattern: '^/?/bc-144/tx/[^/]+'
[2026-09-03 14:19:47][info][CRDTCallbackManager] Successfully registered new data callback for pattern: '^/?/bc-963/tx/[^/]+'
[2026-09-03 14:19:47][info][CRDTCallbackManager] Successfully registered deleted data callback for pattern: '^/?/bc-963/tx/[^/]+'
[2026-09-03 14:19:47][info][CRDTCallbackManager] Successfully registered new data callback for pattern: '^/?/bc-369/tx/[^/]+'
[2026-09-03 14:19:47][info][CRDTCallbackManager] Successfully registered deleted data callback for pattern: '^/?/bc-369/tx/[^/]+'
[2026-09-03 14:19:47.386646000][th:1234761][info] GossipPubSub Adding new peer: 12D3KooWG2rSiWsCjUzfrDWaEhFjnrD59hyhPLBNrP7zVFfgwfpQ
[2026-09-03 14:19:47.386904000][th:1234761][info] GossipPubSub Adding new peer: 12D3KooWSFya1xyQFcoM5ZrdTGv7D2qmDCPDPDcGYHSk4srFh7RB
[2026-09-03 14:19:47.387004000][th:1234564][info] GossipPubSub Adding new peer: 12D3KooWMssJWjEuZhNHV3pd4GCpeunt81Wr9W6BxghkzMCCuAUJ
[2026-09-03 14:19:47.387010000][th:1234761][info] GossipPubSub Adding new peer: 12D3KooWSrs796Pafa253LC6fzmYMH9aCa5c371eJ7agZZ6KU9ba
[2026-09-03 14:19:47.387084000][th:1234564][info] GossipPubSub Adding new peer: 12D3KooWSFya1xyQFcoM5ZrdTGv7D2qmDCPDPDcGYHSk4srFh7RB
[2026-09-03 14:19:47.387161000][th:1234564][info] GossipPubSub Adding new peer: 12D3KooWSrs796Pafa253LC6fzmYMH9aCa5c371eJ7agZZ6KU9ba
[2026-09-03 14:19:47.387237000][th:1234595][info] GossipPubSub Adding new peer: 12D3KooWMssJWjEuZhNHV3pd4GCpeunt81Wr9W6BxghkzMCCuAUJ
[2026-09-03 14:19:47.387322000][th:1234595][info] GossipPubSub Adding new peer: 12D3KooWG2rSiWsCjUzfrDWaEhFjnrD59hyhPLBNrP7zVFfgwfpQ
[2026-09-03 14:19:47.387396000][th:1234595][info] GossipPubSub Adding new peer: 12D3KooWSrs796Pafa253LC6fzmYMH9aCa5c371eJ7agZZ6KU9ba
[2026-09-03 14:19:47.387448000][th:1234627][info] GossipPubSub Adding new peer: 12D3KooWMssJWjEuZhNHV3pd4GCpeunt81Wr9W6BxghkzMCCuAUJ
[2026-09-03 14:19:47.387522000][th:1234627][info] GossipPubSub Adding new peer: 12D3KooWG2rSiWsCjUzfrDWaEhFjnrD59hyhPLBNrP7zVFfgwfpQ
[2026-09-03 14:19:47.387591000][th:1234627][info] GossipPubSub Adding new peer: 12D3KooWSFya1xyQFcoM5ZrdTGv7D2qmDCPDPDcGYHSk4srFh7RB
[2026-09-03 14:19:47][info][TransactionManager] [33277169 - full: false] ChangeTransactionState: Temp tracking entry created tx=2d6a1d6b019c2183fc307c125d332943f69f948b85c070ec5feca924c86dee5e
[2026-09-03 14:19:47][info][TransactionManager] [2772a4ab - full: false] ChangeTransactionState: Temp tracking entry created tx=2d6a1d6b019c2183fc307c125d332943f69f948b85c070ec5feca924c86dee5e
[2026-09-03 14:19:47][info][TransactionManager] [f7f2cbbd - full: false] ChangeTransactionState: Temp tracking entry created tx=2d6a1d6b019c2183fc307c125d332943f69f948b85c070ec5feca924c86dee5e
[2026-09-03 14:19:47][info][TransactionManager] [159529ce - full: false] ChangeTransactionState: Temp tracking entry created tx=2d6a1d6b019c2183fc307c125d332943f69f948b85c070ec5feca924c86dee5e
[2026-09-03 14:19:52][info][CrdtDatastore] Topics { name="consensus-channel-.3.7.144#datastore" }
[2026-09-03 14:19:52][info][CRDTCallbackManager] Executing callback for key '/cert/mint-v2:test:0000000000000000000000000000000000000000000000000000000000000000:42:3327716994b72100dcc34f9878e70a58010cfba3b37c992ca301f19ac00a8011ed686d4a71b94931c15424e97cd8923c19bd8ff658a6c12e1ad94d799c4bc987:cccccccccccccccccccccccccccccccccccccccccccccccccccccccccccccccc' matching pattern '^/?cert/[^/]+'
[2026-09-03 14:19:52][debug][GraphsyncDAGSyncer] addNode: Added node QmbWwTomTAD1DwnQTpZn2YN6tsMSsA141EZtbPFNWudr6N on dagService 
[2026-09-03 14:19:52][info][UTXOManager] Stored 1 UTXOs for address 3327716994b72100dcc34f9878e70a58010cfba3b37c992ca301f19ac00a8011ed686d4a71b94931c15424e97cd8923c19bd8ff658a6c12e1ad94d799c4bc987
[2026-09-03 14:19:52][info][UTXOManager] Stored 2 UTXOs for address 3327716994b72100dcc34f9878e70a58010cfba3b37c992ca301f19ac00a8011ed686d4a71b94931c15424e97cd8923c19bd8ff658a6c12e1ad94d799c4bc987
[2026-09-03 14:19:52][warning][TransactionManager] [159529ce - full: false] Mint-v2 2d6a1d6b019c2183fc307c125d332943f69f948b85c070ec5feca924c86dee5e did not consume every burn input (already consumed or missing); burn outpoint metadata may have been rebuilt with zero amount
[2026-09-03 14:19:52][info][TransactionManager] [159529ce - full: false] Created tokens (mint-v2), amount 42 balance 0
[2026-09-03 14:19:52][info][TransactionManager] [159529ce - full: false] ChangeTransactionState: Tracking entry confirmed tx=2d6a1d6b019c2183fc307c125d332943f69f948b85c070ec5feca924c86dee5e
[2026-09-03 14:19:52][info][UTXOManager] Created checkpoint owner=159529ce5b631d8813c9d761eb000a4807748d572cd91cdd0d913607c1aa854b75c8e1b9bf1979a6ba2c78f767e9135ef290165ab3141acc074c2ecd170ce40d epoch=1 utxo_count=0
[2026-09-03 14:19:52][debug][GraphsyncDAGSyncer] Registered new peer 12D3KooWSFya1xyQFcoM5ZrdTGv7D2qmDCPDPDcGYHSk4srFh7RB with key 0
[2026-09-03 14:19:52][debug][GraphsyncDAGSyncer] Registered new peer 12D3KooWSFya1xyQFcoM5ZrdTGv7D2qmDCPDPDcGYHSk4srFh7RB with key 0
[2026-09-03 14:19:52][debug][GraphsyncDAGSyncer] Added route for CID QmbWwTomTAD1DwnQTpZn2YN6tsMSsA141EZtbPFNWudr6N to peer 12D3KooWSFya1xyQFcoM5ZrdTGv7D2qmDCPDPDcGYHSk4srFh7RB (key 0, route_count=1)
[2026-09-03 14:19:52][debug][GraphsyncDAGSyncer] Added route for CID QmbWwTomTAD1DwnQTpZn2YN6tsMSsA141EZtbPFNWudr6N to peer 12D3KooWSFya1xyQFcoM5ZrdTGv7D2qmDCPDPDcGYHSk4srFh7RB (key 0, route_count=1)
[2026-09-03 14:19:52][debug][GraphsyncDAGSyncer] Registered new peer 12D3KooWSFya1xyQFcoM5ZrdTGv7D2qmDCPDPDcGYHSk4srFh7RB with key 0
[2026-09-03 14:19:52][debug][GraphsyncDAGSyncer] Added route for CID QmbWwTomTAD1DwnQTpZn2YN6tsMSsA141EZtbPFNWudr6N to peer 12D3KooWSFya1xyQFcoM5ZrdTGv7D2qmDCPDPDcGYHSk4srFh7RB (key 0, route_count=1)
[2026-09-03 14:19:52][debug][GraphsyncDAGSyncer] Block initialized without content to LRU cache: CID QmbWwTomTAD1DwnQTpZn2YN6tsMSsA141EZtbPFNWudr6N, cache size: 1
[2026-09-03 14:19:52][debug][GraphsyncDAGSyncer] Requesting Node QmbWwTomTAD1DwnQTpZn2YN6tsMSsA141EZtbPFNWudr6N on this 4604331224
[2026-09-03 14:19:52][debug][GraphsyncDAGSyncer] Return node for CID QmbWwTomTAD1DwnQTpZn2YN6tsMSsA141EZtbPFNWudr6N instance=5408581496
[2026-09-03 14:19:52.409468000][th:1234761][warning] graphsync Request 1 for CID QmbWwTomTAD1DwnQTpZn2YN6tsMSsA141EZtbPFNWudr6N got RS_FULL_CONTENT but no blocks received yet
[2026-09-03 14:19:52][debug][GraphsyncDAGSyncer] request progress: code=FULL_CONTENT, extensions=(graphsync/do-not-send-cids: 0x80) (graphsync/response-metadata: 0x80) 
[2026-09-03 14:19:52][debug][GraphsyncDAGSyncer] HasBlock: false, cid: QmbWwTomTAD1DwnQTpZn2YN6tsMSsA141EZtbPFNWudr6N
[2026-09-03 14:19:52][debug][GraphsyncDAGSyncer] Existing block updated in LRU cache: CID QmbWwTomTAD1DwnQTpZn2YN6tsMSsA141EZtbPFNWudr6N
[2026-09-03 14:19:52][debug][GraphsyncDAGSyncer] Node added to dagService. CID: QmbWwTomTAD1DwnQTpZn2YN6tsMSsA141EZtbPFNWudr6N, links: []
[2026-09-03 14:19:52][debug][GraphsyncDAGSyncer] Seeing if peer 12D3KooWSFya1xyQFcoM5ZrdTGv7D2qmDCPDPDcGYHSk4srFh7RB has links to AddRoute
[2026-09-03 14:19:52][info][GraphsyncDAGSyncer] TraverseCIDsLinks: Checking links on { cid="QmbWwTomTAD1DwnQTpZn2YN6tsMSsA141EZtbPFNWudr6N", name="" }
[2026-09-03 14:19:52][info][GraphsyncDAGSyncer] TraverseCIDsLinks: Completed traversal. Links to fetch: 0, Visited: 0
[2026-09-03 14:19:52][debug][GraphsyncDAGSyncer] Block initialized without content to LRU cache: CID QmbWwTomTAD1DwnQTpZn2YN6tsMSsA141EZtbPFNWudr6N, cache size: 1
[2026-09-03 14:19:52][debug][GraphsyncDAGSyncer] Requesting Node QmbWwTomTAD1DwnQTpZn2YN6tsMSsA141EZtbPFNWudr6N on this 5427824040
[2026-09-03 14:19:52][debug][GraphsyncDAGSyncer] Return node for CID QmbWwTomTAD1DwnQTpZn2YN6tsMSsA141EZtbPFNWudr6N instance=5408581496
[2026-09-03 14:19:52.421134000][th:1234564][warning] graphsync Request 1 for CID QmbWwTomTAD1DwnQTpZn2YN6tsMSsA141EZtbPFNWudr6N got RS_FULL_CONTENT but no blocks received yet
[2026-09-03 14:19:52][debug][GraphsyncDAGSyncer] request progress: code=FULL_CONTENT, extensions=(graphsync/do-not-send-cids: 0x80) (graphsync/response-metadata: 0x80) 
[2026-09-03 14:19:52][debug][GraphsyncDAGSyncer] HasBlock: false, cid: QmbWwTomTAD1DwnQTpZn2YN6tsMSsA141EZtbPFNWudr6N
[2026-09-03 14:19:52][debug][GraphsyncDAGSyncer] Existing block updated in LRU cache: CID QmbWwTomTAD1DwnQTpZn2YN6tsMSsA141EZtbPFNWudr6N
[2026-09-03 14:19:52][debug][GraphsyncDAGSyncer] Node added to dagService. CID: QmbWwTomTAD1DwnQTpZn2YN6tsMSsA141EZtbPFNWudr6N, links: []
[2026-09-03 14:19:52][debug][GraphsyncDAGSyncer] Seeing if peer 12D3KooWSFya1xyQFcoM5ZrdTGv7D2qmDCPDPDcGYHSk4srFh7RB has links to AddRoute
[2026-09-03 14:19:52][info][GraphsyncDAGSyncer] TraverseCIDsLinks: Checking links on { cid="QmbWwTomTAD1DwnQTpZn2YN6tsMSsA141EZtbPFNWudr6N", name="" }
[2026-09-03 14:19:52][info][GraphsyncDAGSyncer] TraverseCIDsLinks: Completed traversal. Links to fetch: 0, Visited: 0
[2026-09-03 14:19:52][debug][GraphsyncDAGSyncer] Block initialized without content to LRU cache: CID QmbWwTomTAD1DwnQTpZn2YN6tsMSsA141EZtbPFNWudr6N, cache size: 1
[2026-09-03 14:19:52][debug][GraphsyncDAGSyncer] Requesting Node QmbWwTomTAD1DwnQTpZn2YN6tsMSsA141EZtbPFNWudr6N on this 5410046904
[2026-09-03 14:19:52][debug][GraphsyncDAGSyncer] Return node for CID QmbWwTomTAD1DwnQTpZn2YN6tsMSsA141EZtbPFNWudr6N instance=5408581496
[2026-09-03 14:19:52.468131000][th:1234627][warning] graphsync Request 1 for CID QmbWwTomTAD1DwnQTpZn2YN6tsMSsA141EZtbPFNWudr6N got RS_FULL_CONTENT but no blocks received yet
[2026-09-03 14:19:52][debug][GraphsyncDAGSyncer] request progress: code=FULL_CONTENT, extensions=(graphsync/response-metadata: 0x80) (graphsync/do-not-send-cids: 0x80) 
[2026-09-03 14:19:52][debug][GraphsyncDAGSyncer] HasBlock: false, cid: QmbWwTomTAD1DwnQTpZn2YN6tsMSsA141EZtbPFNWudr6N
[2026-09-03 14:19:52][debug][GraphsyncDAGSyncer] Existing block updated in LRU cache: CID QmbWwTomTAD1DwnQTpZn2YN6tsMSsA141EZtbPFNWudr6N
[2026-09-03 14:19:52][debug][GraphsyncDAGSyncer] Node added to dagService. CID: QmbWwTomTAD1DwnQTpZn2YN6tsMSsA141EZtbPFNWudr6N, links: []
[2026-09-03 14:19:52][debug][GraphsyncDAGSyncer] Seeing if peer 12D3KooWSFya1xyQFcoM5ZrdTGv7D2qmDCPDPDcGYHSk4srFh7RB has links to AddRoute
[2026-09-03 14:19:52][info][GraphsyncDAGSyncer] TraverseCIDsLinks: Checking links on { cid="QmbWwTomTAD1DwnQTpZn2YN6tsMSsA141EZtbPFNWudr6N", name="" }
[2026-09-03 14:19:52][info][GraphsyncDAGSyncer] TraverseCIDsLinks: Completed traversal. Links to fetch: 0, Visited: 0
[2026-09-03 14:19:52][debug][GraphsyncDAGSyncer] Return node for CID QmbWwTomTAD1DwnQTpZn2YN6tsMSsA141EZtbPFNWudr6N instance=4604331224
[2026-09-03 14:19:52][info][CRDTCallbackManager] Executing callback for key '/cert/mint-v2:test:0000000000000000000000000000000000000000000000000000000000000000:42:3327716994b72100dcc34f9878e70a58010cfba3b37c992ca301f19ac00a8011ed686d4a71b94931c15424e97cd8923c19bd8ff658a6c12e1ad94d799c4bc987:cccccccccccccccccccccccccccccccccccccccccccccccccccccccccccccccc' matching pattern '^/?cert/[^/]+'
[2026-09-03 14:19:52][debug][GraphsyncDAGSyncer] Return node for CID QmbWwTomTAD1DwnQTpZn2YN6tsMSsA141EZtbPFNWudr6N instance=5427824040
[2026-09-03 14:19:52][debug][GraphsyncDAGSyncer] addNode: Added node QmbWwTomTAD1DwnQTpZn2YN6tsMSsA141EZtbPFNWudr6N on dagService 
[2026-09-03 14:19:52][debug][GraphsyncDAGSyncer] Block removed from LRU cache: CID QmbWwTomTAD1DwnQTpZn2YN6tsMSsA141EZtbPFNWudr6N
[2026-09-03 14:19:52][info][CRDTCallbackManager] Executing callback for key '/cert/mint-v2:test:0000000000000000000000000000000000000000000000000000000000000000:42:3327716994b72100dcc34f9878e70a58010cfba3b37c992ca301f19ac00a8011ed686d4a71b94931c15424e97cd8923c19bd8ff658a6c12e1ad94d799c4bc987:cccccccccccccccccccccccccccccccccccccccccccccccccccccccccccccccc' matching pattern '^/?cert/[^/]+'
[2026-09-03 14:19:52][debug][GraphsyncDAGSyncer] addNode: Added node QmbWwTomTAD1DwnQTpZn2YN6tsMSsA141EZtbPFNWudr6N on dagService 
[2026-09-03 14:19:52][debug][GraphsyncDAGSyncer] Block removed from LRU cache: CID QmbWwTomTAD1DwnQTpZn2YN6tsMSsA141EZtbPFNWudr6N
[2026-09-03 14:19:52][debug][GraphsyncDAGSyncer] Return node for CID QmbWwTomTAD1DwnQTpZn2YN6tsMSsA141EZtbPFNWudr6N instance=5410046904
[2026-09-03 14:19:52][info][CRDTCallbackManager] Executing callback for key '/cert/mint-v2:test:0000000000000000000000000000000000000000000000000000000000000000:42:3327716994b72100dcc34f9878e70a58010cfba3b37c992ca301f19ac00a8011ed686d4a71b94931c15424e97cd8923c19bd8ff658a6c12e1ad94d799c4bc987:cccccccccccccccccccccccccccccccccccccccccccccccccccccccccccccccc' matching pattern '^/?cert/[^/]+'
[2026-09-03 14:19:52][debug][GraphsyncDAGSyncer] addNode: Added node QmbWwTomTAD1DwnQTpZn2YN6tsMSsA141EZtbPFNWudr6N on dagService 
[2026-09-03 14:19:52][debug][GraphsyncDAGSyncer] Block removed from LRU cache: CID QmbWwTomTAD1DwnQTpZn2YN6tsMSsA141EZtbPFNWudr6N
[2026-09-03 14:19:53][info][UTXOManager] Stored 1 UTXOs for address 3327716994b72100dcc34f9878e70a58010cfba3b37c992ca301f19ac00a8011ed686d4a71b94931c15424e97cd8923c19bd8ff658a6c12e1ad94d799c4bc987
[2026-09-03 14:19:53][info][UTXOManager] Stored 1 UTXOs for address 3327716994b72100dcc34f9878e70a58010cfba3b37c992ca301f19ac00a8011ed686d4a71b94931c15424e97cd8923c19bd8ff658a6c12e1ad94d799c4bc987
[2026-09-03 14:19:53][info][UTXOManager] Stored 2 UTXOs for address 3327716994b72100dcc34f9878e70a58010cfba3b37c992ca301f19ac00a8011ed686d4a71b94931c15424e97cd8923c19bd8ff658a6c12e1ad94d799c4bc987
[2026-09-03 14:19:53][warning][TransactionManager] [33277169 - full: false] Mint-v2 2d6a1d6b019c2183fc307c125d332943f69f948b85c070ec5feca924c86dee5e did not consume every burn input (already consumed or missing); burn outpoint metadata may have been rebuilt with zero amount
[2026-09-03 14:19:53][info][TransactionManager] [33277169 - full: false] Created tokens (mint-v2), amount 42 balance 42
[2026-09-03 14:19:53][info][UTXOManager] Stored 2 UTXOs for address 3327716994b72100dcc34f9878e70a58010cfba3b37c992ca301f19ac00a8011ed686d4a71b94931c15424e97cd8923c19bd8ff658a6c12e1ad94d799c4bc987
[2026-09-03 14:19:53][warning][TransactionManager] [2772a4ab - full: false] Mint-v2 2d6a1d6b019c2183fc307c125d332943f69f948b85c070ec5feca924c86dee5e did not consume every burn input (already consumed or missing); burn outpoint metadata may have been rebuilt with zero amount
[2026-09-03 14:19:53][info][TransactionManager] [2772a4ab - full: false] Created tokens (mint-v2), amount 42 balance 0
[2026-09-03 14:19:53][info][TransactionManager] [33277169 - full: false] ChangeTransactionState: Tracking entry confirmed tx=2d6a1d6b019c2183fc307c125d332943f69f948b85c070ec5feca924c86dee5e
[2026-09-03 14:19:53][info][TransactionManager] [2772a4ab - full: false] ChangeTransactionState: Tracking entry confirmed tx=2d6a1d6b019c2183fc307c125d332943f69f948b85c070ec5feca924c86dee5e
[2026-09-03 14:19:53][info][UTXOManager] Stored 1 UTXOs for address 3327716994b72100dcc34f9878e70a58010cfba3b37c992ca301f19ac00a8011ed686d4a71b94931c15424e97cd8923c19bd8ff658a6c12e1ad94d799c4bc987
[2026-09-03 14:19:53][info][UTXOManager] Stored 2 UTXOs for address 3327716994b72100dcc34f9878e70a58010cfba3b37c992ca301f19ac00a8011ed686d4a71b94931c15424e97cd8923c19bd8ff658a6c12e1ad94d799c4bc987
[2026-09-03 14:19:53][warning][TransactionManager] [f7f2cbbd - full: false] Mint-v2 2d6a1d6b019c2183fc307c125d332943f69f948b85c070ec5feca924c86dee5e did not consume every burn input (already consumed or missing); burn outpoint metadata may have been rebuilt with zero amount
[2026-09-03 14:19:53][info][TransactionManager] [f7f2cbbd - full: false] Created tokens (mint-v2), amount 42 balance 0
[2026-09-03 14:19:53][info][UTXOManager] Created checkpoint owner=3327716994b72100dcc34f9878e70a58010cfba3b37c992ca301f19ac00a8011ed686d4a71b94931c15424e97cd8923c19bd8ff658a6c12e1ad94d799c4bc987 epoch=1 utxo_count=1
[2026-09-03 14:19:53][info][UTXOManager] Created checkpoint owner=2772a4ab9cf7b37744e43f29888b58b4d793740841d622913106e64da867ecaa3e1cdb015c6e22730246076bb1c0d42719257249d2b2bc51af4cf15dacd96b7a epoch=1 utxo_count=0
[2026-09-03 14:19:53][info][TransactionManager] [f7f2cbbd - full: false] ChangeTransactionState: Tracking entry confirmed tx=2d6a1d6b019c2183fc307c125d332943f69f948b85c070ec5feca924c86dee5e
[2026-09-03 14:19:53][info][UTXOManager] Created checkpoint owner=f7f2cbbde78a422df0de2ea881d266c23da23f1921fc1742b4657f81dbfd53690639702f40ebb05b6dbccc984dfff8dadc6ee4ae36587d184fa17ceff066296c epoch=1 utxo_count=0
[2026-09-03 14:19:53][info][CRDTCallbackManager] Successfully unregistered new data callback for pattern: '^/?/bc-144/tx/[^/]+'
[2026-09-03 14:19:53][info][CRDTCallbackManager] Successfully unregistered deleted data callback for pattern: '^/?/bc-144/tx/[^/]+'
[2026-09-03 14:19:53][info][CRDTCallbackManager] Successfully unregistered new data callback for pattern: '^/?/bc-963/tx/[^/]+'
[2026-09-03 14:19:53][info][CRDTCallbackManager] Successfully unregistered deleted data callback for pattern: '^/?/bc-963/tx/[^/]+'
[2026-09-03 14:19:53][info][CRDTCallbackManager] Successfully unregistered new data callback for pattern: '^/?/bc-369/tx/[^/]+'
[2026-09-03 14:19:53][info][CRDTCallbackManager] Successfully unregistered deleted data callback for pattern: '^/?/bc-369/tx/[^/]+'
[2026-09-03 14:19:53][info][TransactionManager] [33277169 - full: false] ~TransactionManager: Metrics — cert_fallback(success=0 failure=0) validation(approve=1 reject=0) tracking(insert=1 confirm=1 fail=0)
[2026-09-03 14:19:53][info][Blockchain] [33277169] Stopping blockchain
[2026-09-03 14:19:53][info][CRDTCallbackManager] Successfully unregistered new data callback for pattern: '/?gnus-genesis-block'
[2026-09-03 14:19:53][info][CRDTCallbackManager] Successfully unregistered new data callback for pattern: '/?gnus-account-creation-.*'
[2026-09-03 14:19:53][info][CRDTCallbackManager] Successfully unregistered new data callback for pattern: '/?gnus-validator-registry'
[2026-09-03 14:19:53][debug][GlobalDB] ~GlobalDB CALLED with count 6 on multi_node_finality_fault/restart-vote-validator-one/rocksdb 
[2026-09-03 14:19:53][info][GlobalDB] GlobalDB shutdown start
[2026-09-03 14:19:53][info][CrdtDatastore] CancelAndCloseNow: begin (pending_jobs=1, self_queue=0, root_queue=0, pending_roots=0, active_root=false)
[2026-09-03 14:19:53][debug][GraphsyncDAGSyncer] Stopping Dagsyncer
[2026-09-03 14:19:53][debug][GraphsyncDAGSyncer] Dagsyncer Stopped
[2026-09-03 14:19:53.086350000][th:1234595][error] graphsync Varint Error msg=Stream: closed by remote peer
[2026-09-03 14:19:53.086365000][th:1234595][info] graphsync stream read error, peer=CCuAUJ, msg=stream is not readable
[2026-09-03 14:19:53.086463000][th:1234761][error] graphsync Varint Error msg=Stream: closed by this host
[2026-09-03 14:19:53][info][CrdtDatastore] CancelAndCloseNow: CRDT workers stopped
[2026-09-03 14:19:53][warning][CrdtDatastore] CancelAndCloseNow called but shutdown has already started
[2026-09-03 14:19:53][debug][GraphsyncDAGSyncer] ~GraphsyncDAGSyncer CALLED
[2026-09-03 14:19:53][info][GlobalDB] GlobalDB shutdown finished
[2026-09-03 14:19:53.416323000][th:1234761][error] GossipPubSub Address monitoring timer error: Operation canceled
[2026-09-03 14:19:54][info][KeyPairFileStorage] Path to keypairs multi_node_finality_fault/restart-vote-validator-one/keypair
[2026-09-03 14:19:54][info][KeyPairFileStorage] Peer ID from public key: 12D3KooWMssJWjEuZhNHV3pd4GCpeunt81Wr9W6BxghkzMCCuAUJ
Current limits: 16384 (soft), 9223372036854775807 (hard)
New limits set successfully: 16384 (soft), 9223372036854775807 (hard)
Initialized relay addresses
[2026-09-03 14:19:54.423644000][th:1234463][info] GossipPubSub /ip4/0.0.0.0/tcp/54601/p2p/12D3KooWMssJWjEuZhNHV3pd4GCpeunt81Wr9W6BxghkzMCCuAUJ: Starting PubSub service
[2026-09-03 14:19:54.423868000][th:1234890][info] GossipPubSub Starting address monitoring system for mobile network changes
[2026-09-03 14:19:54.423878000][th:1234890][info] GossipPubSub === CURRENT NETWORK STATE ===
[2026-09-03 14:19:54.423898000][th:1234890][info] GossipPubSub Primary listening address: /ip4/0.0.0.0/tcp/54601/p2p/12D3KooWMssJWjEuZhNHV3pd4GCpeunt81Wr9W6BxghkzMCCuAUJ
[2026-09-03 14:19:54.423901000][th:1234890][info] GossipPubSub Host peer info addresses (0):
[2026-09-03 14:19:54.423903000][th:1234890][info] GossipPubSub Additional addresses we track (0):
[2026-09-03 14:19:54.423904000][th:1234890][info] GossipPubSub Listening addresses (1):
[2026-09-03 14:19:54.423906000][th:1234890][info] GossipPubSub   -> /ip4/0.0.0.0/tcp/54601/p2p/12D3KooWMssJWjEuZhNHV3pd4GCpeunt81Wr9W6BxghkzMCCuAUJ
[2026-09-03 14:19:54.423907000][th:1234890][info] GossipPubSub Interface addresses (0):
[2026-09-03 14:19:54.423908000][th:1234890][info] GossipPubSub === RAW OBSERVED ADDRESS DEBUG ===
[2026-09-03 14:19:54.423911000][th:1234890][info] GossipPubSub Local address: /ip4/0.0.0.0/tcp/54601/p2p/12D3KooWMssJWjEuZhNHV3pd4GCpeunt81Wr9W6BxghkzMCCuAUJ -> 0 raw observed, 0 activated+confirmed
[2026-09-03 14:19:54.423914000][th:1234890][info] GossipPubSub TOTAL: 0 raw observed addresses, 0 activated+confirmed addresses
[2026-09-03 14:19:54.423915000][th:1234890][info] GossipPubSub === END RAW OBSERVED ADDRESS DEBUG ===
[2026-09-03 14:19:54.423916000][th:1234890][info] GossipPubSub Observed addresses - all (0):
[2026-09-03 14:19:54.423917000][th:1234890][info] GossipPubSub Observed addresses - confirmed only (0):
[2026-09-03 14:19:54.423918000][th:1234890][info] GossipPubSub Relay addresses (0):
[2026-09-03 14:19:54.423923000][th:1234890][warning] GossipPubSub Failed to get addresses from peer repository: not found
[2026-09-03 14:19:54.424015000][th:1234890][info] GossipPubSub Found 1 valid network interfaces
[2026-09-03 14:19:54.424019000][th:1234890][info] GossipPubSub Current network interfaces (1):
[2026-09-03 14:19:54.424020000][th:1234890][info] GossipPubSub   -> 192.168.1.6
[2026-09-03 14:19:54.424022000][th:1234890][info] GossipPubSub Active connections: 0
[2026-09-03 14:19:54.424023000][th:1234890][info] GossipPubSub === PEER CONNECTION DETAILS ===
[2026-09-03 14:19:54.424025000][th:1234890][info] GossipPubSub NOTE: Observed addresses need to be seen by 4+ different peer groups to become 'activated'
[2026-09-03 14:19:54.424026000][th:1234890][info] GossipPubSub NOTE: Current connections: 0, so max possible observers: 0
[2026-09-03 14:19:54.424027000][th:1234890][info] GossipPubSub === END PEER CONNECTION DETAILS ===
[2026-09-03 14:19:54.424028000][th:1234890][info] GossipPubSub Connection manager stats:
[2026-09-03 14:19:54.424030000][th:1234890][info] GossipPubSub   -> Max connections: 1000
[2026-09-03 14:19:54.424031000][th:1234890][info] GossipPubSub   -> Current connections: 0
[2026-09-03 14:19:54.424043000][th:1234890][info] GossipPubSub === END NETWORK STATE ===
[2026-09-03 14:19:54.424490000][th:1234890][info] GossipPubSub /ip4/0.0.0.0/tcp/54601/p2p/12D3KooWMssJWjEuZhNHV3pd4GCpeunt81Wr9W6BxghkzMCCuAUJ : PubSub service started
[2026-09-03 14:19:54][info][GlobalDB] Opening database /Users/henriqueklein/gnus/SuperGenius/multi_node_finality_fault/restart-vote-validator-one/rocksdb
[2026-09-03 14:19:54][debug][GraphsyncDAGSyncer] GraphSyncer created 4604324920 
[2026-09-03 14:19:54][info][CrdtDatastore] crdt Datastore created. Number of heads: 2 Current max-height: 18446744073709551615
[2026-09-03 14:19:54][info][GeniusAccount] Secure storage ID path: /Users/henriqueklein/gnus/SuperGenius/multi_node_finality_fault/restart-vote-validator-one/account/secure_storage_id
[2026-09-03 14:19:54][info][GeniusAccount] Loaded public key from file: 3327716994b72100... (length: 128)
[2026-09-03 14:19:54][info][GeniusAccount] Successfully loaded key_seed from storage
[2026-09-03 14:19:54][info][GeniusAccount] Validation successful: key_seed matches stored public key
[2026-09-03 14:19:54][warning][UTXOManager] Skipping malformed UTXO key /utxo-checkpoint/3327716994b72100dcc34f9878e70a58010cfba3b37c992ca301f19ac00a8011ed686d4a71b94931c15424e97cd8923c19bd8ff658a6c12e1ad94d799c4bc987/1
[2026-09-03 14:19:54][warning][UTXOManager] Skipping malformed UTXO key /utxo-checkpoint/3327716994b72100dcc34f9878e70a58010cfba3b37c992ca301f19ac00a8011ed686d4a71b94931c15424e97cd8923c19bd8ff658a6c12e1ad94d799c4bc987/latest
[2026-09-03 14:19:54][info][Blockchain] [33277169] Blockchain instance created with authorized full node: 8a33bdf1
[2026-09-03 14:19:54][info][ValidatorRegistry] InitializeCache: cache initialized with CID QmcapRauVUEPG8GrYQj79RwhgGcS1vDYXMdreVni1V9qUk
[2026-09-03 14:19:54][info][CRDTCallbackManager] Successfully registered new data callback for pattern: '/?gnus-validator-registry'
[2026-09-03 14:19:54][info][ValidatorRegistry] RegisterFilter: result=true
[2026-09-03 14:19:54][info][ValidatorRegistry] New: instance ready
[2026-09-03 14:19:54.455606000][th:1234890][info] GossipPubSub /ip4/0.0.0.0/tcp/54601/p2p/12D3KooWMssJWjEuZhNHV3pd4GCpeunt81Wr9W6BxghkzMCCuAUJ: PubSub subscribed to topic 'gnus-validator-registry.3.7.144'
[2026-09-03 14:19:54.455637000][th:1234890][info] GossipPubSub /ip4/0.0.0.0/tcp/54601/p2p/12D3KooWMssJWjEuZhNHV3pd4GCpeunt81Wr9W6BxghkzMCCuAUJ: PubSub subscribed to topic 'consensus-channel-.3.7.144'
[2026-09-03 14:19:54][info][CRDTCallbackManager] Successfully registered new data callback for pattern: '^/?cert/[^/]+'
[2026-09-03 14:19:54.455676000][th:1234890][info] GossipPubSub /ip4/0.0.0.0/tcp/54601/p2p/12D3KooWMssJWjEuZhNHV3pd4GCpeunt81Wr9W6BxghkzMCCuAUJ: PubSub subscribed to topic 'consensus-channel-.3.7.144#datastore.3.7.144'
[2026-09-03 14:19:54][info][CRDTCallbackManager] Successfully registered new data callback for pattern: '/?gnus-genesis-block'
[2026-09-03 14:19:54][info][CRDTCallbackManager] Successfully registered new data callback for pattern: '/?gnus-account-creation-.*'
[2026-09-03 14:19:54][info][CRDTCallbackManager] Successfully registered new data callback for pattern: '^/?/bc-144/tx/[^/]+'
[2026-09-03 14:19:54][info][CRDTCallbackManager] Successfully registered deleted data callback for pattern: '^/?/bc-144/tx/[^/]+'
[2026-09-03 14:19:54][info][CRDTCallbackManager] Successfully registered new data callback for pattern: '^/?/bc-963/tx/[^/]+'
[2026-09-03 14:19:54][info][CRDTCallbackManager] Successfully registered deleted data callback for pattern: '^/?/bc-963/tx/[^/]+'
[2026-09-03 14:19:54][info][CRDTCallbackManager] Successfully registered new data callback for pattern: '^/?/bc-369/tx/[^/]+'
[2026-09-03 14:19:54][info][CRDTCallbackManager] Successfully registered deleted data callback for pattern: '^/?/bc-369/tx/[^/]+'
[2026-09-03 14:19:54][info][CRDTCallbackManager] Successfully unregistered new data callback for pattern: '^/?/bc-144/tx/[^/]+'
[2026-09-03 14:19:54][info][CRDTCallbackManager] Successfully unregistered deleted data callback for pattern: '^/?/bc-144/tx/[^/]+'
[2026-09-03 14:19:54][info][CRDTCallbackManager] Successfully unregistered new data callback for pattern: '^/?/bc-963/tx/[^/]+'
[2026-09-03 14:19:54][info][CRDTCallbackManager] Successfully unregistered deleted data callback for pattern: '^/?/bc-963/tx/[^/]+'
[2026-09-03 14:19:54][info][CRDTCallbackManager] Successfully unregistered new data callback for pattern: '^/?/bc-369/tx/[^/]+'
[2026-09-03 14:19:54][info][CRDTCallbackManager] Successfully unregistered deleted data callback for pattern: '^/?/bc-369/tx/[^/]+'
[2026-09-03 14:19:54][info][TransactionManager] [f7f2cbbd - full: false] ~TransactionManager: Metrics — cert_fallback(success=0 failure=0) validation(approve=1 reject=0) tracking(insert=1 confirm=1 fail=0)
[2026-09-03 14:19:54][info][Blockchain] [f7f2cbbd] Stopping blockchain
[2026-09-03 14:19:54][info][CRDTCallbackManager] Successfully unregistered new data callback for pattern: '/?gnus-genesis-block'
[2026-09-03 14:19:54][info][CRDTCallbackManager] Successfully unregistered new data callback for pattern: '/?gnus-account-creation-.*'
[2026-09-03 14:19:54][info][CRDTCallbackManager] Successfully unregistered new data callback for pattern: '/?gnus-validator-registry'
[2026-09-03 14:19:54][debug][GlobalDB] ~GlobalDB CALLED with count 6 on multi_node_finality_fault/restart-vote-validator-two/rocksdb 
[2026-09-03 14:19:54][info][GlobalDB] GlobalDB shutdown start
[2026-09-03 14:19:54][info][CrdtDatastore] CancelAndCloseNow: begin (pending_jobs=1, self_queue=0, root_queue=0, pending_roots=0, active_root=false)
[2026-09-03 14:19:54][debug][GraphsyncDAGSyncer] Stopping Dagsyncer
[2026-09-03 14:19:54][debug][GraphsyncDAGSyncer] Dagsyncer Stopped
[2026-09-03 14:19:54.456265000][th:1234595][error] graphsync Varint Error msg=Stream: closed by remote peer
[2026-09-03 14:19:54.456274000][th:1234595][info] graphsync stream read error, peer=fgwfpQ, msg=stream is not readable
[2026-09-03 14:19:54.456347000][th:1234564][error] graphsync Varint Error msg=Stream: closed by this host
[2026-09-03 14:19:54][info][CrdtDatastore] CancelAndCloseNow: CRDT workers stopped
[2026-09-03 14:19:54][warning][CrdtDatastore] CancelAndCloseNow called but shutdown has already started
[2026-09-03 14:19:54][debug][GraphsyncDAGSyncer] ~GraphsyncDAGSyncer CALLED
[2026-09-03 14:19:54][info][GlobalDB] GlobalDB shutdown finished
[2026-09-03 14:19:54.933546000][th:1234564][error] GossipPubSub Address monitoring timer error: Operation canceled
[2026-09-03 14:19:55][info][KeyPairFileStorage] Path to keypairs multi_node_finality_fault/restart-vote-validator-two/keypair
[2026-09-03 14:19:55][info][KeyPairFileStorage] Peer ID from public key: 12D3KooWG2rSiWsCjUzfrDWaEhFjnrD59hyhPLBNrP7zVFfgwfpQ
Current limits: 16384 (soft), 9223372036854775807 (hard)
New limits set successfully: 16384 (soft), 9223372036854775807 (hard)
Initialized relay addresses
[2026-09-03 14:19:55.939500000][th:1234463][info] GossipPubSub /ip4/0.0.0.0/tcp/54602/p2p/12D3KooWG2rSiWsCjUzfrDWaEhFjnrD59hyhPLBNrP7zVFfgwfpQ: Starting PubSub service
[2026-09-03 14:19:55.939693000][th:1234958][info] GossipPubSub Starting address monitoring system for mobile network changes
[2026-09-03 14:19:55.939700000][th:1234958][info] GossipPubSub === CURRENT NETWORK STATE ===
[2026-09-03 14:19:55.939717000][th:1234958][info] GossipPubSub Primary listening address: /ip4/0.0.0.0/tcp/54602/p2p/12D3KooWG2rSiWsCjUzfrDWaEhFjnrD59hyhPLBNrP7zVFfgwfpQ
[2026-09-03 14:19:55.939719000][th:1234958][info] GossipPubSub Host peer info addresses (0):
[2026-09-03 14:19:55.939720000][th:1234958][info] GossipPubSub Additional addresses we track (0):
[2026-09-03 14:19:55.939722000][th:1234958][info] GossipPubSub Listening addresses (1):
[2026-09-03 14:19:55.939723000][th:1234958][info] GossipPubSub   -> /ip4/0.0.0.0/tcp/54602/p2p/12D3KooWG2rSiWsCjUzfrDWaEhFjnrD59hyhPLBNrP7zVFfgwfpQ
[2026-09-03 14:19:55.939724000][th:1234958][info] GossipPubSub Interface addresses (0):
[2026-09-03 14:19:55.939725000][th:1234958][info] GossipPubSub === RAW OBSERVED ADDRESS DEBUG ===
[2026-09-03 14:19:55.939728000][th:1234958][info] GossipPubSub Local address: /ip4/0.0.0.0/tcp/54602/p2p/12D3KooWG2rSiWsCjUzfrDWaEhFjnrD59hyhPLBNrP7zVFfgwfpQ -> 0 raw observed, 0 activated+confirmed
[2026-09-03 14:19:55.939730000][th:1234958][info] GossipPubSub TOTAL: 0 raw observed addresses, 0 activated+confirmed addresses
[2026-09-03 14:19:55.939731000][th:1234958][info] GossipPubSub === END RAW OBSERVED ADDRESS DEBUG ===
[2026-09-03 14:19:55.939732000][th:1234958][info] GossipPubSub Observed addresses - all (0):
[2026-09-03 14:19:55.939733000][th:1234958][info] GossipPubSub Observed addresses - confirmed only (0):
[2026-09-03 14:19:55.939734000][th:1234958][info] GossipPubSub Relay addresses (0):
[2026-09-03 14:19:55.939738000][th:1234958][warning] GossipPubSub Failed to get addresses from peer repository: not found
[2026-09-03 14:19:55.939826000][th:1234958][info] GossipPubSub Found 1 valid network interfaces
[2026-09-03 14:19:55.939831000][th:1234958][info] GossipPubSub Current network interfaces (1):
[2026-09-03 14:19:55.939832000][th:1234958][info] GossipPubSub   -> 192.168.1.6
[2026-09-03 14:19:55.939834000][th:1234958][info] GossipPubSub Active connections: 0
[2026-09-03 14:19:55.939835000][th:1234958][info] GossipPubSub === PEER CONNECTION DETAILS ===
[2026-09-03 14:19:55.939836000][th:1234958][info] GossipPubSub NOTE: Observed addresses need to be seen by 4+ different peer groups to become 'activated'
[2026-09-03 14:19:55.939837000][th:1234958][info] GossipPubSub NOTE: Current connections: 0, so max possible observers: 0
[2026-09-03 14:19:55.939838000][th:1234958][info] GossipPubSub === END PEER CONNECTION DETAILS ===
[2026-09-03 14:19:55.939854000][th:1234958][info] GossipPubSub Connection manager stats:
[2026-09-03 14:19:55.939857000][th:1234958][info] GossipPubSub   -> Max connections: 1000
[2026-09-03 14:19:55.939859000][th:1234958][info] GossipPubSub   -> Current connections: 0
[2026-09-03 14:19:55.939859000][th:1234958][info] GossipPubSub === END NETWORK STATE ===
[2026-09-03 14:19:55.940204000][th:1234958][info] GossipPubSub /ip4/0.0.0.0/tcp/54602/p2p/12D3KooWG2rSiWsCjUzfrDWaEhFjnrD59hyhPLBNrP7zVFfgwfpQ : PubSub service started
[2026-09-03 14:19:55][info][GlobalDB] Opening database /Users/henriqueklein/gnus/SuperGenius/multi_node_finality_fault/restart-vote-validator-two/rocksdb
[2026-09-03 14:19:55][debug][GraphsyncDAGSyncer] GraphSyncer created 5140173384 
[2026-09-03 14:19:55][info][CrdtDatastore] crdt Datastore created. Number of heads: 2 Current max-height: 18446744073709551615
[2026-09-03 14:19:55][info][GeniusAccount] Secure storage ID path: /Users/henriqueklein/gnus/SuperGenius/multi_node_finality_fault/restart-vote-validator-two/account/secure_storage_id
[2026-09-03 14:19:55][info][GeniusAccount] Loaded public key from file: f7f2cbbde78a422d... (length: 128)
[2026-09-03 14:19:55][info][GeniusAccount] Successfully loaded key_seed from storage
[2026-09-03 14:19:55][info][GeniusAccount] Validation successful: key_seed matches stored public key
[2026-09-03 14:19:55][warning][UTXOManager] Skipping malformed UTXO key /utxo-checkpoint/f7f2cbbde78a422df0de2ea881d266c23da23f1921fc1742b4657f81dbfd53690639702f40ebb05b6dbccc984dfff8dadc6ee4ae36587d184fa17ceff066296c/1
[2026-09-03 14:19:55][warning][UTXOManager] Skipping malformed UTXO key /utxo-checkpoint/f7f2cbbde78a422df0de2ea881d266c23da23f1921fc1742b4657f81dbfd53690639702f40ebb05b6dbccc984dfff8dadc6ee4ae36587d184fa17ceff066296c/latest
[2026-09-03 14:19:55][info][Blockchain] [f7f2cbbd] Blockchain instance created with authorized full node: 8a33bdf1
[2026-09-03 14:19:55][info][ValidatorRegistry] InitializeCache: cache initialized with CID QmcapRauVUEPG8GrYQj79RwhgGcS1vDYXMdreVni1V9qUk
[2026-09-03 14:19:55][info][CRDTCallbackManager] Successfully registered new data callback for pattern: '/?gnus-validator-registry'
[2026-09-03 14:19:55][info][ValidatorRegistry] RegisterFilter: result=true
[2026-09-03 14:19:55][info][ValidatorRegistry] New: instance ready
[2026-09-03 14:19:55.970582000][th:1234958][info] GossipPubSub /ip4/0.0.0.0/tcp/54602/p2p/12D3KooWG2rSiWsCjUzfrDWaEhFjnrD59hyhPLBNrP7zVFfgwfpQ: PubSub subscribed to topic 'gnus-validator-registry.3.7.144'
[2026-09-03 14:19:55.970613000][th:1234958][info] GossipPubSub /ip4/0.0.0.0/tcp/54602/p2p/12D3KooWG2rSiWsCjUzfrDWaEhFjnrD59hyhPLBNrP7zVFfgwfpQ: PubSub subscribed to topic 'consensus-channel-.3.7.144'
[2026-09-03 14:19:55][info][CRDTCallbackManager] Successfully registered new data callback for pattern: '^/?cert/[^/]+'
[2026-09-03 14:19:55.970640000][th:1234958][info] GossipPubSub /ip4/0.0.0.0/tcp/54602/p2p/12D3KooWG2rSiWsCjUzfrDWaEhFjnrD59hyhPLBNrP7zVFfgwfpQ: PubSub subscribed to topic 'consensus-channel-.3.7.144#datastore.3.7.144'
[2026-09-03 14:19:55][info][CRDTCallbackManager] Successfully registered new data callback for pattern: '/?gnus-genesis-block'
[2026-09-03 14:19:55][info][CRDTCallbackManager] Successfully registered new data callback for pattern: '/?gnus-account-creation-.*'
[2026-09-03 14:19:55][info][CRDTCallbackManager] Successfully registered new data callback for pattern: '^/?/bc-144/tx/[^/]+'
[2026-09-03 14:19:55][info][CRDTCallbackManager] Successfully registered deleted data callback for pattern: '^/?/bc-144/tx/[^/]+'
[2026-09-03 14:19:55][info][CRDTCallbackManager] Successfully registered new data callback for pattern: '^/?/bc-963/tx/[^/]+'
[2026-09-03 14:19:55][info][CRDTCallbackManager] Successfully registered deleted data callback for pattern: '^/?/bc-963/tx/[^/]+'
[2026-09-03 14:19:55][info][CRDTCallbackManager] Successfully registered new data callback for pattern: '^/?/bc-369/tx/[^/]+'
[2026-09-03 14:19:55][info][CRDTCallbackManager] Successfully registered deleted data callback for pattern: '^/?/bc-369/tx/[^/]+'
[2026-09-03 14:19:55][info][CRDTCallbackManager] Successfully unregistered new data callback for pattern: '^/?/bc-144/tx/[^/]+'
[2026-09-03 14:19:55][info][CRDTCallbackManager] Successfully unregistered deleted data callback for pattern: '^/?/bc-144/tx/[^/]+'
[2026-09-03 14:19:55][info][CRDTCallbackManager] Successfully unregistered new data callback for pattern: '^/?/bc-963/tx/[^/]+'
[2026-09-03 14:19:55][info][CRDTCallbackManager] Successfully unregistered deleted data callback for pattern: '^/?/bc-963/tx/[^/]+'
[2026-09-03 14:19:55][info][CRDTCallbackManager] Successfully unregistered new data callback for pattern: '^/?/bc-369/tx/[^/]+'
[2026-09-03 14:19:55][info][CRDTCallbackManager] Successfully unregistered deleted data callback for pattern: '^/?/bc-369/tx/[^/]+'
[2026-09-03 14:19:55][info][TransactionManager] [159529ce - full: false] ~TransactionManager: Metrics — cert_fallback(success=0 failure=0) validation(approve=1 reject=0) tracking(insert=1 confirm=1 fail=0)
[2026-09-03 14:19:55][info][Blockchain] [159529ce] Stopping blockchain
[2026-09-03 14:19:55][info][CRDTCallbackManager] Successfully unregistered new data callback for pattern: '/?gnus-genesis-block'
[2026-09-03 14:19:55][info][CRDTCallbackManager] Successfully unregistered new data callback for pattern: '/?gnus-account-creation-.*'
[2026-09-03 14:19:55][info][CRDTCallbackManager] Successfully unregistered new data callback for pattern: '/?gnus-validator-registry'
[2026-09-03 14:19:55][debug][GlobalDB] ~GlobalDB CALLED with count 6 on multi_node_finality_fault/restart-vote-validator-three/rocksdb 
[2026-09-03 14:19:55][info][GlobalDB] GlobalDB shutdown start
[2026-09-03 14:19:55][info][CrdtDatastore] CancelAndCloseNow: begin (pending_jobs=1, self_queue=0, root_queue=0, pending_roots=0, active_root=false)
[2026-09-03 14:19:55][debug][GraphsyncDAGSyncer] Stopping Dagsyncer
[2026-09-03 14:19:55][debug][GraphsyncDAGSyncer] Dagsyncer Stopped
[2026-09-03 14:19:55.971117000][th:1234627][error] graphsync Varint Error msg=Stream: closed by remote peer
[2026-09-03 14:19:55.971124000][th:1234627][info] graphsync stream read error, peer=rFh7RB, msg=stream is not readable
[2026-09-03 14:19:55.971214000][th:1234595][error] graphsync Varint Error msg=Stream: closed by this host
[2026-09-03 14:19:56][info][CrdtDatastore] CancelAndCloseNow: CRDT workers stopped
[2026-09-03 14:19:56][warning][CrdtDatastore] CancelAndCloseNow called but shutdown has already started
[2026-09-03 14:19:56][debug][GraphsyncDAGSyncer] ~GraphsyncDAGSyncer CALLED
[2026-09-03 14:19:56][info][GlobalDB] GlobalDB shutdown finished
[2026-09-03 14:19:56.470506000][th:1234595][error] GossipPubSub Address monitoring timer error: Operation canceled
[2026-09-03 14:19:57][info][KeyPairFileStorage] Path to keypairs multi_node_finality_fault/restart-vote-validator-three/keypair
[2026-09-03 14:19:57][info][KeyPairFileStorage] Peer ID from public key: 12D3KooWSFya1xyQFcoM5ZrdTGv7D2qmDCPDPDcGYHSk4srFh7RB
Current limits: 16384 (soft), 9223372036854775807 (hard)
New limits set successfully: 16384 (soft), 9223372036854775807 (hard)
Initialized relay addresses
[2026-09-03 14:19:57.479244000][th:1234463][info] GossipPubSub /ip4/0.0.0.0/tcp/54603/p2p/12D3KooWSFya1xyQFcoM5ZrdTGv7D2qmDCPDPDcGYHSk4srFh7RB: Starting PubSub service
[2026-09-03 14:19:57.479384000][th:1235007][info] GossipPubSub Starting address monitoring system for mobile network changes
[2026-09-03 14:19:57.479389000][th:1235007][info] GossipPubSub === CURRENT NETWORK STATE ===
[2026-09-03 14:19:57.479402000][th:1235007][info] GossipPubSub Primary listening address: /ip4/0.0.0.0/tcp/54603/p2p/12D3KooWSFya1xyQFcoM5ZrdTGv7D2qmDCPDPDcGYHSk4srFh7RB
[2026-09-03 14:19:57.479405000][th:1235007][info] GossipPubSub Host peer info addresses (0):
[2026-09-03 14:19:57.479406000][th:1235007][info] GossipPubSub Additional addresses we track (0):
[2026-09-03 14:19:57.479407000][th:1235007][info] GossipPubSub Listening addresses (1):
[2026-09-03 14:19:57.479408000][th:1235007][info] GossipPubSub   -> /ip4/0.0.0.0/tcp/54603/p2p/12D3KooWSFya1xyQFcoM5ZrdTGv7D2qmDCPDPDcGYHSk4srFh7RB
[2026-09-03 14:19:57.479409000][th:1235007][info] GossipPubSub Interface addresses (0):
[2026-09-03 14:19:57.479410000][th:1235007][info] GossipPubSub === RAW OBSERVED ADDRESS DEBUG ===
[2026-09-03 14:19:57.479413000][th:1235007][info] GossipPubSub Local address: /ip4/0.0.0.0/tcp/54603/p2p/12D3KooWSFya1xyQFcoM5ZrdTGv7D2qmDCPDPDcGYHSk4srFh7RB -> 0 raw observed, 0 activated+confirmed
[2026-09-03 14:19:57.479414000][th:1235007][info] GossipPubSub TOTAL: 0 raw observed addresses, 0 activated+confirmed addresses
[2026-09-03 14:19:57.479415000][th:1235007][info] GossipPubSub === END RAW OBSERVED ADDRESS DEBUG ===
[2026-09-03 14:19:57.479416000][th:1235007][info] GossipPubSub Observed addresses - all (0):
[2026-09-03 14:19:57.479417000][th:1235007][info] GossipPubSub Observed addresses - confirmed only (0):
[2026-09-03 14:19:57.479431000][th:1235007][info] GossipPubSub Relay addresses (0):
[2026-09-03 14:19:57.479436000][th:1235007][warning] GossipPubSub Failed to get addresses from peer repository: not found
[2026-09-03 14:19:57.479501000][th:1235007][info] GossipPubSub Found 1 valid network interfaces
[2026-09-03 14:19:57.479504000][th:1235007][info] GossipPubSub Current network interfaces (1):
[2026-09-03 14:19:57.479505000][th:1235007][info] GossipPubSub   -> 192.168.1.6
[2026-09-03 14:19:57.479507000][th:1235007][info] GossipPubSub Active connections: 0
[2026-09-03 14:19:57.479507000][th:1235007][info] GossipPubSub === PEER CONNECTION DETAILS ===
[2026-09-03 14:19:57.479508000][th:1235007][info] GossipPubSub NOTE: Observed addresses need to be seen by 4+ different peer groups to become 'activated'
[2026-09-03 14:19:57.479509000][th:1235007][info] GossipPubSub NOTE: Current connections: 0, so max possible observers: 0
[2026-09-03 14:19:57.479510000][th:1235007][info] GossipPubSub === END PEER CONNECTION DETAILS ===
[2026-09-03 14:19:57.479511000][th:1235007][info] GossipPubSub Connection manager stats:
[2026-09-03 14:19:57.479512000][th:1235007][info] GossipPubSub   -> Max connections: 1000
[2026-09-03 14:19:57.479513000][th:1235007][info] GossipPubSub   -> Current connections: 0
[2026-09-03 14:19:57.479514000][th:1235007][info] GossipPubSub === END NETWORK STATE ===
[2026-09-03 14:19:57.479787000][th:1235007][info] GossipPubSub /ip4/0.0.0.0/tcp/54603/p2p/12D3KooWSFya1xyQFcoM5ZrdTGv7D2qmDCPDPDcGYHSk4srFh7RB : PubSub service started
[2026-09-03 14:19:57][info][GlobalDB] Opening database /Users/henriqueklein/gnus/SuperGenius/multi_node_finality_fault/restart-vote-validator-three/rocksdb
[2026-09-03 14:19:57][debug][GraphsyncDAGSyncer] GraphSyncer created 5427752872 
[2026-09-03 14:19:57][info][CrdtDatastore] crdt Datastore created. Number of heads: 2 Current max-height: 18446744073709551615
[2026-09-03 14:19:57][info][GeniusAccount] Secure storage ID path: /Users/henriqueklein/gnus/SuperGenius/multi_node_finality_fault/restart-vote-validator-three/account/secure_storage_id
[2026-09-03 14:19:57][info][GeniusAccount] Loaded public key from file: 159529ce5b631d88... (length: 128)
[2026-09-03 14:19:57][info][GeniusAccount] Successfully loaded key_seed from storage
[2026-09-03 14:19:57][info][GeniusAccount] Validation successful: key_seed matches stored public key
[2026-09-03 14:19:57][warning][UTXOManager] Skipping malformed UTXO key /utxo-checkpoint/159529ce5b631d8813c9d761eb000a4807748d572cd91cdd0d913607c1aa854b75c8e1b9bf1979a6ba2c78f767e9135ef290165ab3141acc074c2ecd170ce40d/1
[2026-09-03 14:19:57][warning][UTXOManager] Skipping malformed UTXO key /utxo-checkpoint/159529ce5b631d8813c9d761eb000a4807748d572cd91cdd0d913607c1aa854b75c8e1b9bf1979a6ba2c78f767e9135ef290165ab3141acc074c2ecd170ce40d/latest
[2026-09-03 14:19:57][info][Blockchain] [159529ce] Blockchain instance created with authorized full node: 8a33bdf1
[2026-09-03 14:19:57][info][ValidatorRegistry] InitializeCache: cache initialized with CID QmcapRauVUEPG8GrYQj79RwhgGcS1vDYXMdreVni1V9qUk
[2026-09-03 14:19:57][info][CRDTCallbackManager] Successfully registered new data callback for pattern: '/?gnus-validator-registry'
[2026-09-03 14:19:57][info][ValidatorRegistry] RegisterFilter: result=true
[2026-09-03 14:19:57][info][ValidatorRegistry] New: instance ready
[2026-09-03 14:19:57.506398000][th:1235007][info] GossipPubSub /ip4/0.0.0.0/tcp/54603/p2p/12D3KooWSFya1xyQFcoM5ZrdTGv7D2qmDCPDPDcGYHSk4srFh7RB: PubSub subscribed to topic 'gnus-validator-registry.3.7.144'
[2026-09-03 14:19:57][info][CRDTCallbackManager] Successfully registered new data callback for pattern: '^/?cert/[^/]+'
[2026-09-03 14:19:57.506438000][th:1235007][info] GossipPubSub /ip4/0.0.0.0/tcp/54603/p2p/12D3KooWSFya1xyQFcoM5ZrdTGv7D2qmDCPDPDcGYHSk4srFh7RB: PubSub subscribed to topic 'consensus-channel-.3.7.144'
[2026-09-03 14:19:57.506479000][th:1235007][info] GossipPubSub /ip4/0.0.0.0/tcp/54603/p2p/12D3KooWSFya1xyQFcoM5ZrdTGv7D2qmDCPDPDcGYHSk4srFh7RB: PubSub subscribed to topic 'consensus-channel-.3.7.144#datastore.3.7.144'
[2026-09-03 14:19:57][info][CRDTCallbackManager] Successfully registered new data callback for pattern: '/?gnus-genesis-block'
[2026-09-03 14:19:57][info][CRDTCallbackManager] Successfully registered new data callback for pattern: '/?gnus-account-creation-.*'
[2026-09-03 14:19:57][info][CRDTCallbackManager] Successfully registered new data callback for pattern: '^/?/bc-144/tx/[^/]+'
[2026-09-03 14:19:57][info][CRDTCallbackManager] Successfully registered deleted data callback for pattern: '^/?/bc-144/tx/[^/]+'
[2026-09-03 14:19:57][info][CRDTCallbackManager] Successfully registered new data callback for pattern: '^/?/bc-963/tx/[^/]+'
[2026-09-03 14:19:57][info][CRDTCallbackManager] Successfully registered deleted data callback for pattern: '^/?/bc-963/tx/[^/]+'
[2026-09-03 14:19:57][info][CRDTCallbackManager] Successfully registered new data callback for pattern: '^/?/bc-369/tx/[^/]+'
[2026-09-03 14:19:57][info][CRDTCallbackManager] Successfully registered deleted data callback for pattern: '^/?/bc-369/tx/[^/]+'
[2026-09-03 14:19:57][info][CRDTCallbackManager] Successfully unregistered new data callback for pattern: '^/?/bc-144/tx/[^/]+'
[2026-09-03 14:19:57][info][CRDTCallbackManager] Successfully unregistered deleted data callback for pattern: '^/?/bc-144/tx/[^/]+'
[2026-09-03 14:19:57][info][CRDTCallbackManager] Successfully unregistered new data callback for pattern: '^/?/bc-963/tx/[^/]+'
[2026-09-03 14:19:57][info][CRDTCallbackManager] Successfully unregistered deleted data callback for pattern: '^/?/bc-963/tx/[^/]+'
[2026-09-03 14:19:57][info][CRDTCallbackManager] Successfully unregistered new data callback for pattern: '^/?/bc-369/tx/[^/]+'
[2026-09-03 14:19:57][info][CRDTCallbackManager] Successfully unregistered deleted data callback for pattern: '^/?/bc-369/tx/[^/]+'
[2026-09-03 14:19:57][info][TransactionManager] [2772a4ab - full: false] ~TransactionManager: Metrics — cert_fallback(success=0 failure=0) validation(approve=1 reject=0) tracking(insert=1 confirm=1 fail=0)
[2026-09-03 14:19:57][info][Blockchain] [2772a4ab] Stopping blockchain
[2026-09-03 14:19:57][info][CRDTCallbackManager] Successfully unregistered new data callback for pattern: '/?gnus-genesis-block'
[2026-09-03 14:19:57][info][CRDTCallbackManager] Successfully unregistered new data callback for pattern: '/?gnus-account-creation-.*'
[2026-09-03 14:19:57][info][CRDTCallbackManager] Successfully unregistered new data callback for pattern: '/?gnus-validator-registry'
[2026-09-03 14:19:57][debug][GlobalDB] ~GlobalDB CALLED with count 6 on multi_node_finality_fault/restart-vote-passive/rocksdb 
[2026-09-03 14:19:57][info][GlobalDB] GlobalDB shutdown start
[2026-09-03 14:19:57][info][CrdtDatastore] CancelAndCloseNow: begin (pending_jobs=1, self_queue=0, root_queue=0, pending_roots=0, active_root=false)
[2026-09-03 14:19:57][debug][GraphsyncDAGSyncer] Stopping Dagsyncer
[2026-09-03 14:19:57][debug][GraphsyncDAGSyncer] Dagsyncer Stopped
[2026-09-03 14:19:57][info][CrdtDatastore] CancelAndCloseNow: CRDT workers stopped
[2026-09-03 14:19:57][warning][CrdtDatastore] CancelAndCloseNow called but shutdown has already started
[2026-09-03 14:19:57][debug][GraphsyncDAGSyncer] ~GraphsyncDAGSyncer CALLED
[2026-09-03 14:19:57][info][GlobalDB] GlobalDB shutdown finished
[2026-09-03 14:19:57.998519000][th:1234627][error] GossipPubSub Address monitoring timer error: Operation canceled
[2026-09-03 14:19:59][info][KeyPairFileStorage] Path to keypairs multi_node_finality_fault/restart-vote-passive/keypair
[2026-09-03 14:19:59][info][KeyPairFileStorage] Peer ID from public key: 12D3KooWSrs796Pafa253LC6fzmYMH9aCa5c371eJ7agZZ6KU9ba
Current limits: 16384 (soft), 9223372036854775807 (hard)
New limits set successfully: 16384 (soft), 9223372036854775807 (hard)
Initialized relay addresses
[2026-09-03 14:19:59.007479000][th:1234463][info] GossipPubSub /ip4/0.0.0.0/tcp/54604/p2p/12D3KooWSrs796Pafa253LC6fzmYMH9aCa5c371eJ7agZZ6KU9ba: Starting PubSub service
[2026-09-03 14:19:59.007659000][th:1235083][info] GossipPubSub Starting address monitoring system for mobile network changes
[2026-09-03 14:19:59.007663000][th:1235083][info] GossipPubSub === CURRENT NETWORK STATE ===
[2026-09-03 14:19:59.007681000][th:1235083][info] GossipPubSub Primary listening address: /ip4/0.0.0.0/tcp/54604/p2p/12D3KooWSrs796Pafa253LC6fzmYMH9aCa5c371eJ7agZZ6KU9ba
[2026-09-03 14:19:59.007683000][th:1235083][info] GossipPubSub Host peer info addresses (0):
[2026-09-03 14:19:59.007685000][th:1235083][info] GossipPubSub Additional addresses we track (0):
[2026-09-03 14:19:59.007687000][th:1235083][info] GossipPubSub Listening addresses (1):
[2026-09-03 14:19:59.007688000][th:1235083][info] GossipPubSub   -> /ip4/0.0.0.0/tcp/54604/p2p/12D3KooWSrs796Pafa253LC6fzmYMH9aCa5c371eJ7agZZ6KU9ba
[2026-09-03 14:19:59.007690000][th:1235083][info] GossipPubSub Interface addresses (0):
[2026-09-03 14:19:59.007691000][th:1235083][info] GossipPubSub === RAW OBSERVED ADDRESS DEBUG ===
[2026-09-03 14:19:59.007694000][th:1235083][info] GossipPubSub Local address: /ip4/0.0.0.0/tcp/54604/p2p/12D3KooWSrs796Pafa253LC6fzmYMH9aCa5c371eJ7agZZ6KU9ba -> 0 raw observed, 0 activated+confirmed
[2026-09-03 14:19:59.007696000][th:1235083][info] GossipPubSub TOTAL: 0 raw observed addresses, 0 activated+confirmed addresses
[2026-09-03 14:19:59.007697000][th:1235083][info] GossipPubSub === END RAW OBSERVED ADDRESS DEBUG ===
[2026-09-03 14:19:59.007699000][th:1235083][info] GossipPubSub Observed addresses - all (0):
[2026-09-03 14:19:59.007700000][th:1235083][info] GossipPubSub Observed addresses - confirmed only (0):
[2026-09-03 14:19:59.007701000][th:1235083][info] GossipPubSub Relay addresses (0):
[2026-09-03 14:19:59.007706000][th:1235083][warning] GossipPubSub Failed to get addresses from peer repository: not found
[2026-09-03 14:19:59.007794000][th:1235083][info] GossipPubSub Found 1 valid network interfaces
[2026-09-03 14:19:59.007795000][th:1235083][info] GossipPubSub Current network interfaces (1):
[2026-09-03 14:19:59.007796000][th:1235083][info] GossipPubSub   -> 192.168.1.6
[2026-09-03 14:19:59.007799000][th:1235083][info] GossipPubSub Active connections: 0
[2026-09-03 14:19:59.007799000][th:1235083][info] GossipPubSub === PEER CONNECTION DETAILS ===
[2026-09-03 14:19:59.007801000][th:1235083][info] GossipPubSub NOTE: Observed addresses need to be seen by 4+ different peer groups to become 'activated'
[2026-09-03 14:19:59.007802000][th:1235083][info] GossipPubSub NOTE: Current connections: 0, so max possible observers: 0
[2026-09-03 14:19:59.007803000][th:1235083][info] GossipPubSub === END PEER CONNECTION DETAILS ===
[2026-09-03 14:19:59.007804000][th:1235083][info] GossipPubSub Connection manager stats:
[2026-09-03 14:19:59.007806000][th:1235083][info] GossipPubSub   -> Max connections: 1000
[2026-09-03 14:19:59.007807000][th:1235083][info] GossipPubSub   -> Current connections: 0
[2026-09-03 14:19:59.007808000][th:1235083][info] GossipPubSub === END NETWORK STATE ===
[2026-09-03 14:19:59.008172000][th:1235083][info] GossipPubSub /ip4/0.0.0.0/tcp/54604/p2p/12D3KooWSrs796Pafa253LC6fzmYMH9aCa5c371eJ7agZZ6KU9ba : PubSub service started
[2026-09-03 14:19:59][info][GlobalDB] Opening database /Users/henriqueklein/gnus/SuperGenius/multi_node_finality_fault/restart-vote-passive/rocksdb
[2026-09-03 14:19:59][debug][GraphsyncDAGSyncer] GraphSyncer created 4613831800 
[2026-09-03 14:19:59][info][CrdtDatastore] crdt Datastore created. Number of heads: 2 Current max-height: 18446744073709551615
[2026-09-03 14:19:59][info][GeniusAccount] Secure storage ID path: /Users/henriqueklein/gnus/SuperGenius/multi_node_finality_fault/restart-vote-passive/account/secure_storage_id
[2026-09-03 14:19:59][info][GeniusAccount] Loaded public key from file: 2772a4ab9cf7b377... (length: 128)
[2026-09-03 14:19:59][info][GeniusAccount] Successfully loaded key_seed from storage
[2026-09-03 14:19:59][info][GeniusAccount] Validation successful: key_seed matches stored public key
[2026-09-03 14:19:59][warning][UTXOManager] Skipping malformed UTXO key /utxo-checkpoint/2772a4ab9cf7b37744e43f29888b58b4d793740841d622913106e64da867ecaa3e1cdb015c6e22730246076bb1c0d42719257249d2b2bc51af4cf15dacd96b7a/1
[2026-09-03 14:19:59][warning][UTXOManager] Skipping malformed UTXO key /utxo-checkpoint/2772a4ab9cf7b37744e43f29888b58b4d793740841d622913106e64da867ecaa3e1cdb015c6e22730246076bb1c0d42719257249d2b2bc51af4cf15dacd96b7a/latest
[2026-09-03 14:19:59][info][Blockchain] [2772a4ab] Blockchain instance created with authorized full node: 8a33bdf1
[2026-09-03 14:19:59][info][ValidatorRegistry] InitializeCache: cache initialized with CID QmcapRauVUEPG8GrYQj79RwhgGcS1vDYXMdreVni1V9qUk
[2026-09-03 14:19:59][info][CRDTCallbackManager] Successfully registered new data callback for pattern: '/?gnus-validator-registry'
[2026-09-03 14:19:59][info][ValidatorRegistry] RegisterFilter: result=true
[2026-09-03 14:19:59][info][ValidatorRegistry] New: instance ready
[2026-09-03 14:19:59.036090000][th:1235083][info] GossipPubSub /ip4/0.0.0.0/tcp/54604/p2p/12D3KooWSrs796Pafa253LC6fzmYMH9aCa5c371eJ7agZZ6KU9ba: PubSub subscribed to topic 'gnus-validator-registry.3.7.144'
[2026-09-03 14:19:59.036129000][th:1235083][info] GossipPubSub /ip4/0.0.0.0/tcp/54604/p2p/12D3KooWSrs796Pafa253LC6fzmYMH9aCa5c371eJ7agZZ6KU9ba: PubSub subscribed to topic 'consensus-channel-.3.7.144'
[2026-09-03 14:19:59][info][CRDTCallbackManager] Successfully registered new data callback for pattern: '^/?cert/[^/]+'
[2026-09-03 14:19:59.036174000][th:1235083][info] GossipPubSub /ip4/0.0.0.0/tcp/54604/p2p/12D3KooWSrs796Pafa253LC6fzmYMH9aCa5c371eJ7agZZ6KU9ba: PubSub subscribed to topic 'consensus-channel-.3.7.144#datastore.3.7.144'
[2026-09-03 14:19:59][info][CRDTCallbackManager] Successfully registered new data callback for pattern: '/?gnus-genesis-block'
[2026-09-03 14:19:59][info][CRDTCallbackManager] Successfully registered new data callback for pattern: '/?gnus-account-creation-.*'
[2026-09-03 14:19:59][info][CRDTCallbackManager] Successfully registered new data callback for pattern: '^/?/bc-144/tx/[^/]+'
[2026-09-03 14:19:59][info][CRDTCallbackManager] Successfully registered deleted data callback for pattern: '^/?/bc-144/tx/[^/]+'
[2026-09-03 14:19:59][info][CRDTCallbackManager] Successfully registered new data callback for pattern: '^/?/bc-963/tx/[^/]+'
[2026-09-03 14:19:59][info][CRDTCallbackManager] Successfully registered deleted data callback for pattern: '^/?/bc-963/tx/[^/]+'
[2026-09-03 14:19:59][info][CRDTCallbackManager] Successfully registered new data callback for pattern: '^/?/bc-369/tx/[^/]+'
[2026-09-03 14:19:59][info][CRDTCallbackManager] Successfully registered deleted data callback for pattern: '^/?/bc-369/tx/[^/]+'
[2026-09-03 14:19:59.036542000][th:1234890][info] GossipPubSub Adding new peer: 12D3KooWG2rSiWsCjUzfrDWaEhFjnrD59hyhPLBNrP7zVFfgwfpQ
[2026-09-03 14:19:59.036632000][th:1234890][info] GossipPubSub Adding new peer: 12D3KooWSFya1xyQFcoM5ZrdTGv7D2qmDCPDPDcGYHSk4srFh7RB
[2026-09-03 14:19:59.036721000][th:1234890][info] GossipPubSub Adding new peer: 12D3KooWSrs796Pafa253LC6fzmYMH9aCa5c371eJ7agZZ6KU9ba
[2026-09-03 14:19:59.036817000][th:1234958][info] GossipPubSub Adding new peer: 12D3KooWMssJWjEuZhNHV3pd4GCpeunt81Wr9W6BxghkzMCCuAUJ
[2026-09-03 14:19:59.036899000][th:1234958][info] GossipPubSub Adding new peer: 12D3KooWSFya1xyQFcoM5ZrdTGv7D2qmDCPDPDcGYHSk4srFh7RB
[2026-09-03 14:19:59.036983000][th:1234958][info] GossipPubSub Adding new peer: 12D3KooWSrs796Pafa253LC6fzmYMH9aCa5c371eJ7agZZ6KU9ba
[2026-09-03 14:19:59.037077000][th:1235007][info] GossipPubSub Adding new peer: 12D3KooWMssJWjEuZhNHV3pd4GCpeunt81Wr9W6BxghkzMCCuAUJ
[2026-09-03 14:19:59.037158000][th:1235007][info] GossipPubSub Adding new peer: 12D3KooWG2rSiWsCjUzfrDWaEhFjnrD59hyhPLBNrP7zVFfgwfpQ
[2026-09-03 14:19:59.037241000][th:1235007][info] GossipPubSub Adding new peer: 12D3KooWSrs796Pafa253LC6fzmYMH9aCa5c371eJ7agZZ6KU9ba
[2026-09-03 14:19:59.037323000][th:1235083][info] GossipPubSub Adding new peer: 12D3KooWMssJWjEuZhNHV3pd4GCpeunt81Wr9W6BxghkzMCCuAUJ
[2026-09-03 14:19:59.037404000][th:1235083][info] GossipPubSub Adding new peer: 12D3KooWG2rSiWsCjUzfrDWaEhFjnrD59hyhPLBNrP7zVFfgwfpQ
[2026-09-03 14:19:59.037485000][th:1235083][info] GossipPubSub Adding new peer: 12D3KooWSFya1xyQFcoM5ZrdTGv7D2qmDCPDPDcGYHSk4srFh7RB
26.09.03 14:19:59[38;2;128;128;128m.094665[0m  [38;2;255;069;000m[1mError   [0m  [1mNoiseHandshake[0m  [1mNoise handshake failed, Message is too short with 12D3KooWSFya1xyQFcoM5ZrdTGv7D2qmDCPDPDcGYHSk4srFh7RB on address /ip4/192.168.1.6/tcp/54603[0m
26.09.03 14:19:59[38;2;128;128;128m.094745[0m  [38;2;255;069;000m[1mError   [0m  [1mNoiseHandshake[0m  [1mNoise handshake failed, Message is too short with 12D3KooWMssJWjEuZhNHV3pd4GCpeunt81Wr9W6BxghkzMCCuAUJ on address /ip4/192.168.1.6/tcp/54601[0m
[2026-09-03 14:19:59][info][CRDTCallbackManager] Successfully unregistered new data callback for pattern: '^/?/bc-144/tx/[^/]+'
[2026-09-03 14:19:59][info][CRDTCallbackManager] Successfully unregistered deleted data callback for pattern: '^/?/bc-144/tx/[^/]+'
[2026-09-03 14:19:59][info][CRDTCallbackManager] Successfully unregistered new data callback for pattern: '^/?/bc-963/tx/[^/]+'
[2026-09-03 14:19:59][info][CRDTCallbackManager] Successfully unregistered deleted data callback for pattern: '^/?/bc-963/tx/[^/]+'
[2026-09-03 14:19:59][info][CRDTCallbackManager] Successfully unregistered new data callback for pattern: '^/?/bc-369/tx/[^/]+'
[2026-09-03 14:19:59][info][CRDTCallbackManager] Successfully unregistered deleted data callback for pattern: '^/?/bc-369/tx/[^/]+'
[2026-09-03 14:19:59][info][TransactionManager] [33277169 - full: false] ~TransactionManager: Metrics — cert_fallback(success=0 failure=0) validation(approve=0 reject=0) tracking(insert=0 confirm=0 fail=0)
[2026-09-03 14:19:59][info][Blockchain] [33277169] Stopping blockchain
[2026-09-03 14:19:59][info][CRDTCallbackManager] Successfully unregistered new data callback for pattern: '/?gnus-genesis-block'
[2026-09-03 14:19:59][info][CRDTCallbackManager] Successfully unregistered new data callback for pattern: '/?gnus-account-creation-.*'
[2026-09-03 14:19:59][info][CRDTCallbackManager] Successfully unregistered new data callback for pattern: '/?gnus-validator-registry'
[2026-09-03 14:19:59][debug][GlobalDB] ~GlobalDB CALLED with count 6 on multi_node_finality_fault/restart-vote-validator-one/rocksdb 
[2026-09-03 14:19:59][info][GlobalDB] GlobalDB shutdown start
[2026-09-03 14:19:59][info][CrdtDatastore] CancelAndCloseNow: begin (pending_jobs=0, self_queue=0, root_queue=0, pending_roots=0, active_root=false)
[2026-09-03 14:19:59][debug][GraphsyncDAGSyncer] Stopping Dagsyncer
[2026-09-03 14:19:59][debug][GraphsyncDAGSyncer] Dagsyncer Stopped
[2026-09-03 14:19:59][info][CrdtDatastore] CancelAndCloseNow: CRDT workers stopped
[2026-09-03 14:19:59][warning][CrdtDatastore] CancelAndCloseNow called but shutdown has already started
[2026-09-03 14:19:59][debug][GraphsyncDAGSyncer] ~GraphsyncDAGSyncer CALLED
[2026-09-03 14:19:59][info][GlobalDB] GlobalDB shutdown finished
[2026-09-03 14:19:59.496365000][th:1234890][error] GossipPubSub Address monitoring timer error: Operation canceled
[2026-09-03 14:20:00][info][CRDTCallbackManager] Successfully unregistered new data callback for pattern: '^/?/bc-144/tx/[^/]+'
[2026-09-03 14:20:00][info][CRDTCallbackManager] Successfully unregistered deleted data callback for pattern: '^/?/bc-144/tx/[^/]+'
[2026-09-03 14:20:00][info][CRDTCallbackManager] Successfully unregistered new data callback for pattern: '^/?/bc-963/tx/[^/]+'
[2026-09-03 14:20:00][info][CRDTCallbackManager] Successfully unregistered deleted data callback for pattern: '^/?/bc-963/tx/[^/]+'
[2026-09-03 14:20:00][info][CRDTCallbackManager] Successfully unregistered new data callback for pattern: '^/?/bc-369/tx/[^/]+'
[2026-09-03 14:20:00][info][CRDTCallbackManager] Successfully unregistered deleted data callback for pattern: '^/?/bc-369/tx/[^/]+'
[2026-09-03 14:20:00][info][TransactionManager] [f7f2cbbd - full: false] ~TransactionManager: Metrics — cert_fallback(success=0 failure=0) validation(approve=0 reject=0) tracking(insert=0 confirm=0 fail=0)
[2026-09-03 14:20:00][info][Blockchain] [f7f2cbbd] Stopping blockchain
[2026-09-03 14:20:00][info][CRDTCallbackManager] Successfully unregistered new data callback for pattern: '/?gnus-genesis-block'
[2026-09-03 14:20:00][info][CRDTCallbackManager] Successfully unregistered new data callback for pattern: '/?gnus-account-creation-.*'
[2026-09-03 14:20:00][info][CRDTCallbackManager] Successfully unregistered new data callback for pattern: '/?gnus-validator-registry'
[2026-09-03 14:20:00][debug][GlobalDB] ~GlobalDB CALLED with count 6 on multi_node_finality_fault/restart-vote-validator-two/rocksdb 
[2026-09-03 14:20:00][info][GlobalDB] GlobalDB shutdown start
[2026-09-03 14:20:00][info][CrdtDatastore] CancelAndCloseNow: begin (pending_jobs=0, self_queue=0, root_queue=0, pending_roots=0, active_root=false)
[2026-09-03 14:20:00][debug][GraphsyncDAGSyncer] Stopping Dagsyncer
[2026-09-03 14:20:00][debug][GraphsyncDAGSyncer] Dagsyncer Stopped
[2026-09-03 14:20:00][info][CrdtDatastore] CancelAndCloseNow: CRDT workers stopped
[2026-09-03 14:20:00][warning][CrdtDatastore] CancelAndCloseNow called but shutdown has already started
[2026-09-03 14:20:00][debug][GraphsyncDAGSyncer] ~GraphsyncDAGSyncer CALLED
[2026-09-03 14:20:00][info][GlobalDB] GlobalDB shutdown finished
[2026-09-03 14:20:00.503880000][th:1234958][error] GossipPubSub Address monitoring timer error: Operation canceled
[2026-09-03 14:20:01][info][CRDTCallbackManager] Successfully unregistered new data callback for pattern: '^/?/bc-144/tx/[^/]+'
[2026-09-03 14:20:01][info][CRDTCallbackManager] Successfully unregistered deleted data callback for pattern: '^/?/bc-144/tx/[^/]+'
[2026-09-03 14:20:01][info][CRDTCallbackManager] Successfully unregistered new data callback for pattern: '^/?/bc-963/tx/[^/]+'
[2026-09-03 14:20:01][info][CRDTCallbackManager] Successfully unregistered deleted data callback for pattern: '^/?/bc-963/tx/[^/]+'
[2026-09-03 14:20:01][info][CRDTCallbackManager] Successfully unregistered new data callback for pattern: '^/?/bc-369/tx/[^/]+'
[2026-09-03 14:20:01][info][CRDTCallbackManager] Successfully unregistered deleted data callback for pattern: '^/?/bc-369/tx/[^/]+'
[2026-09-03 14:20:01][info][TransactionManager] [159529ce - full: false] ~TransactionManager: Metrics — cert_fallback(success=0 failure=0) validation(approve=0 reject=0) tracking(insert=0 confirm=0 fail=0)
[2026-09-03 14:20:01][info][Blockchain] [159529ce] Stopping blockchain
[2026-09-03 14:20:01][info][CRDTCallbackManager] Successfully unregistered new data callback for pattern: '/?gnus-genesis-block'
[2026-09-03 14:20:01][info][CRDTCallbackManager] Successfully unregistered new data callback for pattern: '/?gnus-account-creation-.*'
[2026-09-03 14:20:01][info][CRDTCallbackManager] Successfully unregistered new data callback for pattern: '/?gnus-validator-registry'
[2026-09-03 14:20:01][debug][GlobalDB] ~GlobalDB CALLED with count 6 on multi_node_finality_fault/restart-vote-validator-three/rocksdb 
[2026-09-03 14:20:01][info][GlobalDB] GlobalDB shutdown start
[2026-09-03 14:20:01][info][CrdtDatastore] CancelAndCloseNow: begin (pending_jobs=0, self_queue=0, root_queue=0, pending_roots=0, active_root=false)
[2026-09-03 14:20:01][debug][GraphsyncDAGSyncer] Stopping Dagsyncer
[2026-09-03 14:20:01][debug][GraphsyncDAGSyncer] Dagsyncer Stopped
[2026-09-03 14:20:01][info][CrdtDatastore] CancelAndCloseNow: CRDT workers stopped
[2026-09-03 14:20:01][warning][CrdtDatastore] CancelAndCloseNow called but shutdown has already started
[2026-09-03 14:20:01][debug][GraphsyncDAGSyncer] ~GraphsyncDAGSyncer CALLED
[2026-09-03 14:20:01][info][GlobalDB] GlobalDB shutdown finished
[2026-09-03 14:20:01.538368000][th:1235007][error] GossipPubSub Address monitoring timer error: Operation canceled
[2026-09-03 14:20:02][info][CRDTCallbackManager] Successfully unregistered new data callback for pattern: '^/?/bc-144/tx/[^/]+'
[2026-09-03 14:20:02][info][CRDTCallbackManager] Successfully unregistered deleted data callback for pattern: '^/?/bc-144/tx/[^/]+'
[2026-09-03 14:20:02][info][CRDTCallbackManager] Successfully unregistered new data callback for pattern: '^/?/bc-963/tx/[^/]+'
[2026-09-03 14:20:02][info][CRDTCallbackManager] Successfully unregistered deleted data callback for pattern: '^/?/bc-963/tx/[^/]+'
[2026-09-03 14:20:02][info][CRDTCallbackManager] Successfully unregistered new data callback for pattern: '^/?/bc-369/tx/[^/]+'
[2026-09-03 14:20:02][info][CRDTCallbackManager] Successfully unregistered deleted data callback for pattern: '^/?/bc-369/tx/[^/]+'
[2026-09-03 14:20:02][info][TransactionManager] [2772a4ab - full: false] ~TransactionManager: Metrics — cert_fallback(success=0 failure=0) validation(approve=0 reject=0) tracking(insert=0 confirm=0 fail=0)
[2026-09-03 14:20:02][info][Blockchain] [2772a4ab] Stopping blockchain
[2026-09-03 14:20:02][info][CRDTCallbackManager] Successfully unregistered new data callback for pattern: '/?gnus-genesis-block'
[2026-09-03 14:20:02][info][CRDTCallbackManager] Successfully unregistered new data callback for pattern: '/?gnus-account-creation-.*'
[2026-09-03 14:20:02][info][CRDTCallbackManager] Successfully unregistered new data callback for pattern: '/?gnus-validator-registry'
[2026-09-03 14:20:02][debug][GlobalDB] ~GlobalDB CALLED with count 6 on multi_node_finality_fault/restart-vote-passive/rocksdb 
[2026-09-03 14:20:02][info][GlobalDB] GlobalDB shutdown start
[2026-09-03 14:20:02][info][CrdtDatastore] CancelAndCloseNow: begin (pending_jobs=0, self_queue=0, root_queue=0, pending_roots=0, active_root=false)
[2026-09-03 14:20:02][debug][GraphsyncDAGSyncer] Stopping Dagsyncer
[2026-09-03 14:20:02][debug][GraphsyncDAGSyncer] Dagsyncer Stopped
[2026-09-03 14:20:02][info][CrdtDatastore] CancelAndCloseNow: CRDT workers stopped
[2026-09-03 14:20:02][warning][CrdtDatastore] CancelAndCloseNow called but shutdown has already started
[2026-09-03 14:20:02][debug][GraphsyncDAGSyncer] ~GraphsyncDAGSyncer CALLED
[2026-09-03 14:20:02][info][GlobalDB] GlobalDB shutdown finished
[2026-09-03 14:20:02.555012000][th:1235083][error] GossipPubSub Address monitoring timer error: Operation canceled
[2026-09-03 14:20:03][info][KeyPairFileStorage] Path to keypairs multi_node_finality_fault/restart-certificate-validator-one/keypair
[2026-09-03 14:20:03][info][KeyPairFileStorage] Peer ID from public key: 12D3KooWNRmXcPFo7pGMZ6hSiyrVozDQ22TU26rU8tscUu83Rsen
Current limits: 16384 (soft), 9223372036854775807 (hard)
New limits set successfully: 16384 (soft), 9223372036854775807 (hard)
Initialized relay addresses
[2026-09-03 14:20:03.561472000][th:1234463][info] GossipPubSub /ip4/0.0.0.0/tcp/54611/p2p/12D3KooWNRmXcPFo7pGMZ6hSiyrVozDQ22TU26rU8tscUu83Rsen: Starting PubSub service
[2026-09-03 14:20:03.561615000][th:1235185][info] GossipPubSub Starting address monitoring system for mobile network changes
[2026-09-03 14:20:03.561618000][th:1235185][info] GossipPubSub === CURRENT NETWORK STATE ===
[2026-09-03 14:20:03.561630000][th:1235185][info] GossipPubSub Primary listening address: /ip4/0.0.0.0/tcp/54611/p2p/12D3KooWNRmXcPFo7pGMZ6hSiyrVozDQ22TU26rU8tscUu83Rsen
[2026-09-03 14:20:03.561633000][th:1235185][info] GossipPubSub Host peer info addresses (0):
[2026-09-03 14:20:03.561634000][th:1235185][info] GossipPubSub Additional addresses we track (0):
[2026-09-03 14:20:03.561636000][th:1235185][info] GossipPubSub Listening addresses (1):
[2026-09-03 14:20:03.561638000][th:1235185][info] GossipPubSub   -> /ip4/0.0.0.0/tcp/54611/p2p/12D3KooWNRmXcPFo7pGMZ6hSiyrVozDQ22TU26rU8tscUu83Rsen
[2026-09-03 14:20:03.561640000][th:1235185][info] GossipPubSub Interface addresses (0):
[2026-09-03 14:20:03.561641000][th:1235185][info] GossipPubSub === RAW OBSERVED ADDRESS DEBUG ===
[2026-09-03 14:20:03.561644000][th:1235185][info] GossipPubSub Local address: /ip4/0.0.0.0/tcp/54611/p2p/12D3KooWNRmXcPFo7pGMZ6hSiyrVozDQ22TU26rU8tscUu83Rsen -> 0 raw observed, 0 activated+confirmed
[2026-09-03 14:20:03.561646000][th:1235185][info] GossipPubSub TOTAL: 0 raw observed addresses, 0 activated+confirmed addresses
[2026-09-03 14:20:03.561647000][th:1235185][info] GossipPubSub === END RAW OBSERVED ADDRESS DEBUG ===
[2026-09-03 14:20:03.561648000][th:1235185][info] GossipPubSub Observed addresses - all (0):
[2026-09-03 14:20:03.561650000][th:1235185][info] GossipPubSub Observed addresses - confirmed only (0):
[2026-09-03 14:20:03.561652000][th:1235185][info] GossipPubSub Relay addresses (0):
[2026-09-03 14:20:03.561654000][th:1235185][warning] GossipPubSub Failed to get addresses from peer repository: not found
[2026-09-03 14:20:03.561718000][th:1235185][info] GossipPubSub Found 1 valid network interfaces
[2026-09-03 14:20:03.561720000][th:1235185][info] GossipPubSub Current network interfaces (1):
[2026-09-03 14:20:03.561722000][th:1235185][info] GossipPubSub   -> 192.168.1.6
[2026-09-03 14:20:03.561724000][th:1235185][info] GossipPubSub Active connections: 0
[2026-09-03 14:20:03.561725000][th:1235185][info] GossipPubSub === PEER CONNECTION DETAILS ===
[2026-09-03 14:20:03.561726000][th:1235185][info] GossipPubSub NOTE: Observed addresses need to be seen by 4+ different peer groups to become 'activated'
[2026-09-03 14:20:03.561728000][th:1235185][info] GossipPubSub NOTE: Current connections: 0, so max possible observers: 0
[2026-09-03 14:20:03.561729000][th:1235185][info] GossipPubSub === END PEER CONNECTION DETAILS ===
[2026-09-03 14:20:03.561730000][th:1235185][info] GossipPubSub Connection manager stats:
[2026-09-03 14:20:03.561732000][th:1235185][info] GossipPubSub   -> Max connections: 1000
[2026-09-03 14:20:03.561733000][th:1235185][info] GossipPubSub   -> Current connections: 0
[2026-09-03 14:20:03.561734000][th:1235185][info] GossipPubSub === END NETWORK STATE ===
[2026-09-03 14:20:03.561970000][th:1235185][info] GossipPubSub /ip4/0.0.0.0/tcp/54611/p2p/12D3KooWNRmXcPFo7pGMZ6hSiyrVozDQ22TU26rU8tscUu83Rsen : PubSub service started
[2026-09-03 14:20:03][info][GlobalDB] Opening database /Users/henriqueklein/gnus/SuperGenius/multi_node_finality_fault/restart-certificate-validator-one/rocksdb
[2026-09-03 14:20:03][debug][GraphsyncDAGSyncer] GraphSyncer created 5140220984 
[2026-09-03 14:20:03][info][CrdtDatastore] crdt Datastore created. Number of heads: 0 Current max-height: 0
[2026-09-03 14:20:03][info][GeniusAccount] Secure storage ID path: /Users/henriqueklein/gnus/SuperGenius/multi_node_finality_fault/restart-certificate-validator-one/account/secure_storage_id
[2026-09-03 14:20:03][error][GeniusAccount] Could not find existing Genius address, generating one from a random mnemonic
[2026-09-03 14:20:03][warning][UTXOManager] Found UTXOs in storage, but there were none
[2026-09-03 14:20:03][info][Blockchain] [d089dd46] Blockchain instance created with authorized full node: 8a33bdf1
[2026-09-03 14:20:03][error][ValidatorRegistry] InitializeCache: registry content not found during cache init
[2026-09-03 14:20:03][info][CRDTCallbackManager] Successfully registered new data callback for pattern: '/?gnus-validator-registry'
[2026-09-03 14:20:03][info][ValidatorRegistry] RegisterFilter: result=true
[2026-09-03 14:20:03][info][ValidatorRegistry] New: instance ready
[2026-09-03 14:20:03.607784000][th:1235185][info] GossipPubSub /ip4/0.0.0.0/tcp/54611/p2p/12D3KooWNRmXcPFo7pGMZ6hSiyrVozDQ22TU26rU8tscUu83Rsen: PubSub subscribed to topic 'gnus-validator-registry.3.7.144'
[2026-09-03 14:20:03][info][CRDTCallbackManager] Successfully registered new data callback for pattern: '^/?cert/[^/]+'
[2026-09-03 14:20:03.607827000][th:1235185][info] GossipPubSub /ip4/0.0.0.0/tcp/54611/p2p/12D3KooWNRmXcPFo7pGMZ6hSiyrVozDQ22TU26rU8tscUu83Rsen: PubSub subscribed to topic 'consensus-channel-.3.7.144'
[2026-09-03 14:20:03][warning][Blockchain] [d089dd46] Failed to request validator registry during blockchain init
[2026-09-03 14:20:03][info][CRDTCallbackManager] Successfully registered new data callback for pattern: '/?gnus-genesis-block'
[2026-09-03 14:20:03][info][CRDTCallbackManager] Successfully registered new data callback for pattern: '/?gnus-account-creation-.*'
[2026-09-03 14:20:03.607877000][th:1235185][info] GossipPubSub /ip4/0.0.0.0/tcp/54611/p2p/12D3KooWNRmXcPFo7pGMZ6hSiyrVozDQ22TU26rU8tscUu83Rsen: PubSub subscribed to topic 'consensus-channel-.3.7.144#datastore.3.7.144'
[2026-09-03 14:20:03][info][CRDTCallbackManager] Successfully registered new data callback for pattern: '^/?/bc-144/tx/[^/]+'
[2026-09-03 14:20:03][info][CRDTCallbackManager] Successfully registered deleted data callback for pattern: '^/?/bc-144/tx/[^/]+'
[2026-09-03 14:20:03][info][CRDTCallbackManager] Successfully registered new data callback for pattern: '^/?/bc-963/tx/[^/]+'
[2026-09-03 14:20:03][info][CRDTCallbackManager] Successfully registered deleted data callback for pattern: '^/?/bc-963/tx/[^/]+'
[2026-09-03 14:20:03][info][CRDTCallbackManager] Successfully registered new data callback for pattern: '^/?/bc-369/tx/[^/]+'
[2026-09-03 14:20:03][info][CRDTCallbackManager] Successfully registered deleted data callback for pattern: '^/?/bc-369/tx/[^/]+'
[2026-09-03 14:20:03][info][KeyPairFileStorage] Path to keypairs multi_node_finality_fault/restart-certificate-validator-two/keypair
[2026-09-03 14:20:03][info][KeyPairFileStorage] Peer ID from public key: 12D3KooWN7FTBtije156A9PPyfe6VHF7Az1o92r2jf7Hk9c7sLBv
Current limits: 16384 (soft), 9223372036854775807 (hard)
New limits set successfully: 16384 (soft), 9223372036854775807 (hard)
Initialized relay addresses
[2026-09-03 14:20:03.611111000][th:1234463][info] GossipPubSub /ip4/0.0.0.0/tcp/54612/p2p/12D3KooWN7FTBtije156A9PPyfe6VHF7Az1o92r2jf7Hk9c7sLBv: Starting PubSub service
[2026-09-03 14:20:03.611197000][th:1235206][info] GossipPubSub Starting address monitoring system for mobile network changes
[2026-09-03 14:20:03.611200000][th:1235206][info] GossipPubSub === CURRENT NETWORK STATE ===
[2026-09-03 14:20:03.611210000][th:1235206][info] GossipPubSub Primary listening address: /ip4/0.0.0.0/tcp/54612/p2p/12D3KooWN7FTBtije156A9PPyfe6VHF7Az1o92r2jf7Hk9c7sLBv
[2026-09-03 14:20:03.611212000][th:1235206][info] GossipPubSub Host peer info addresses (0):
[2026-09-03 14:20:03.611213000][th:1235206][info] GossipPubSub Additional addresses we track (0):
[2026-09-03 14:20:03.611214000][th:1235206][info] GossipPubSub Listening addresses (1):
[2026-09-03 14:20:03.611216000][th:1235206][info] GossipPubSub   -> /ip4/0.0.0.0/tcp/54612/p2p/12D3KooWN7FTBtije156A9PPyfe6VHF7Az1o92r2jf7Hk9c7sLBv
[2026-09-03 14:20:03.611217000][th:1235206][info] GossipPubSub Interface addresses (0):
[2026-09-03 14:20:03.611218000][th:1235206][info] GossipPubSub === RAW OBSERVED ADDRESS DEBUG ===
[2026-09-03 14:20:03.611221000][th:1235206][info] GossipPubSub Local address: /ip4/0.0.0.0/tcp/54612/p2p/12D3KooWN7FTBtije156A9PPyfe6VHF7Az1o92r2jf7Hk9c7sLBv -> 0 raw observed, 0 activated+confirmed
[2026-09-03 14:20:03.611223000][th:1235206][info] GossipPubSub TOTAL: 0 raw observed addresses, 0 activated+confirmed addresses
[2026-09-03 14:20:03.611223000][th:1235206][info] GossipPubSub === END RAW OBSERVED ADDRESS DEBUG ===
[2026-09-03 14:20:03.611224000][th:1235206][info] GossipPubSub Observed addresses - all (0):
[2026-09-03 14:20:03.611226000][th:1235206][info] GossipPubSub Observed addresses - confirmed only (0):
[2026-09-03 14:20:03.611227000][th:1235206][info] GossipPubSub Relay addresses (0):
[2026-09-03 14:20:03.611230000][th:1235206][warning] GossipPubSub Failed to get addresses from peer repository: not found
[2026-09-03 14:20:03.611279000][th:1235206][info] GossipPubSub Found 1 valid network interfaces
[2026-09-03 14:20:03.611282000][th:1235206][info] GossipPubSub Current network interfaces (1):
[2026-09-03 14:20:03.611283000][th:1235206][info] GossipPubSub   -> 192.168.1.6
[2026-09-03 14:20:03.611284000][th:1235206][info] GossipPubSub Active connections: 0
[2026-09-03 14:20:03.611285000][th:1235206][info] GossipPubSub === PEER CONNECTION DETAILS ===
[2026-09-03 14:20:03.611286000][th:1235206][info] GossipPubSub NOTE: Observed addresses need to be seen by 4+ different peer groups to become 'activated'
[2026-09-03 14:20:03.611288000][th:1235206][info] GossipPubSub NOTE: Current connections: 0, so max possible observers: 0
[2026-09-03 14:20:03.611288000][th:1235206][info] GossipPubSub === END PEER CONNECTION DETAILS ===
[2026-09-03 14:20:03.611289000][th:1235206][info] GossipPubSub Connection manager stats:
[2026-09-03 14:20:03.611291000][th:1235206][info] GossipPubSub   -> Max connections: 1000
[2026-09-03 14:20:03.611292000][th:1235206][info] GossipPubSub   -> Current connections: 0
[2026-09-03 14:20:03.611293000][th:1235206][info] GossipPubSub === END NETWORK STATE ===
[2026-09-03 14:20:03.611501000][th:1235206][info] GossipPubSub /ip4/0.0.0.0/tcp/54612/p2p/12D3KooWN7FTBtije156A9PPyfe6VHF7Az1o92r2jf7Hk9c7sLBv : PubSub service started
[2026-09-03 14:20:03][info][GlobalDB] Opening database /Users/henriqueklein/gnus/SuperGenius/multi_node_finality_fault/restart-certificate-validator-two/rocksdb
[2026-09-03 14:20:03][debug][GraphsyncDAGSyncer] GraphSyncer created 5427870696 
[2026-09-03 14:20:03][info][CrdtDatastore] crdt Datastore created. Number of heads: 0 Current max-height: 0
[2026-09-03 14:20:03][info][GeniusAccount] Secure storage ID path: /Users/henriqueklein/gnus/SuperGenius/multi_node_finality_fault/restart-certificate-validator-two/account/secure_storage_id
[2026-09-03 14:20:03][error][GeniusAccount] Could not find existing Genius address, generating one from a random mnemonic
[2026-09-03 14:20:03][warning][UTXOManager] Found UTXOs in storage, but there were none
[2026-09-03 14:20:03][info][Blockchain] [5006ab91] Blockchain instance created with authorized full node: 8a33bdf1
[2026-09-03 14:20:03][error][ValidatorRegistry] InitializeCache: registry content not found during cache init
[2026-09-03 14:20:03][info][CRDTCallbackManager] Successfully registered new data callback for pattern: '/?gnus-validator-registry'
[2026-09-03 14:20:03][info][ValidatorRegistry] RegisterFilter: result=true
[2026-09-03 14:20:03][info][ValidatorRegistry] New: instance ready
[2026-09-03 14:20:03.650509000][th:1235206][info] GossipPubSub /ip4/0.0.0.0/tcp/54612/p2p/12D3KooWN7FTBtije156A9PPyfe6VHF7Az1o92r2jf7Hk9c7sLBv: PubSub subscribed to topic 'gnus-validator-registry.3.7.144'
[2026-09-03 14:20:03][info][CRDTCallbackManager] Successfully registered new data callback for pattern: '^/?cert/[^/]+'
[2026-09-03 14:20:03.650539000][th:1235206][info] GossipPubSub /ip4/0.0.0.0/tcp/54612/p2p/12D3KooWN7FTBtije156A9PPyfe6VHF7Az1o92r2jf7Hk9c7sLBv: PubSub subscribed to topic 'consensus-channel-.3.7.144'
[2026-09-03 14:20:03][warning][Blockchain] [5006ab91] Failed to request validator registry during blockchain init
[2026-09-03 14:20:03][info][CRDTCallbackManager] Successfully registered new data callback for pattern: '/?gnus-genesis-block'
[2026-09-03 14:20:03][info][CRDTCallbackManager] Successfully registered new data callback for pattern: '/?gnus-account-creation-.*'
[2026-09-03 14:20:03.650570000][th:1235206][info] GossipPubSub /ip4/0.0.0.0/tcp/54612/p2p/12D3KooWN7FTBtije156A9PPyfe6VHF7Az1o92r2jf7Hk9c7sLBv: PubSub subscribed to topic 'consensus-channel-.3.7.144#datastore.3.7.144'
[2026-09-03 14:20:03][info][CRDTCallbackManager] Successfully registered new data callback for pattern: '^/?/bc-144/tx/[^/]+'
[2026-09-03 14:20:03][info][CRDTCallbackManager] Successfully registered deleted data callback for pattern: '^/?/bc-144/tx/[^/]+'
[2026-09-03 14:20:03][info][CRDTCallbackManager] Successfully registered new data callback for pattern: '^/?/bc-963/tx/[^/]+'
[2026-09-03 14:20:03][info][CRDTCallbackManager] Successfully registered deleted data callback for pattern: '^/?/bc-963/tx/[^/]+'
[2026-09-03 14:20:03][info][CRDTCallbackManager] Successfully registered new data callback for pattern: '^/?/bc-369/tx/[^/]+'
[2026-09-03 14:20:03][info][CRDTCallbackManager] Successfully registered deleted data callback for pattern: '^/?/bc-369/tx/[^/]+'
[2026-09-03 14:20:03][info][KeyPairFileStorage] Path to keypairs multi_node_finality_fault/restart-certificate-validator-three/keypair
[2026-09-03 14:20:03][info][KeyPairFileStorage] Peer ID from public key: 12D3KooWFmgmycUZEpXscoifwWMB2HgrKuXFiWsiDPWa6NTp71GK
Current limits: 16384 (soft), 9223372036854775807 (hard)
New limits set successfully: 16384 (soft), 9223372036854775807 (hard)
Initialized relay addresses
[2026-09-03 14:20:03.653501000][th:1234463][info] GossipPubSub /ip4/0.0.0.0/tcp/54613/p2p/12D3KooWFmgmycUZEpXscoifwWMB2HgrKuXFiWsiDPWa6NTp71GK: Starting PubSub service
[2026-09-03 14:20:03.653574000][th:1235227][info] GossipPubSub Starting address monitoring system for mobile network changes
[2026-09-03 14:20:03.653577000][th:1235227][info] GossipPubSub === CURRENT NETWORK STATE ===
[2026-09-03 14:20:03.653585000][th:1235227][info] GossipPubSub Primary listening address: /ip4/0.0.0.0/tcp/54613/p2p/12D3KooWFmgmycUZEpXscoifwWMB2HgrKuXFiWsiDPWa6NTp71GK
[2026-09-03 14:20:03.653586000][th:1235227][info] GossipPubSub Host peer info addresses (0):
[2026-09-03 14:20:03.653587000][th:1235227][info] GossipPubSub Additional addresses we track (0):
[2026-09-03 14:20:03.653588000][th:1235227][info] GossipPubSub Listening addresses (1):
[2026-09-03 14:20:03.653590000][th:1235227][info] GossipPubSub   -> /ip4/0.0.0.0/tcp/54613/p2p/12D3KooWFmgmycUZEpXscoifwWMB2HgrKuXFiWsiDPWa6NTp71GK
[2026-09-03 14:20:03.653591000][th:1235227][info] GossipPubSub Interface addresses (0):
[2026-09-03 14:20:03.653592000][th:1235227][info] GossipPubSub === RAW OBSERVED ADDRESS DEBUG ===
[2026-09-03 14:20:03.653594000][th:1235227][info] GossipPubSub Local address: /ip4/0.0.0.0/tcp/54613/p2p/12D3KooWFmgmycUZEpXscoifwWMB2HgrKuXFiWsiDPWa6NTp71GK -> 0 raw observed, 0 activated+confirmed
[2026-09-03 14:20:03.653597000][th:1235227][info] GossipPubSub TOTAL: 0 raw observed addresses, 0 activated+confirmed addresses
[2026-09-03 14:20:03.653598000][th:1235227][info] GossipPubSub === END RAW OBSERVED ADDRESS DEBUG ===
[2026-09-03 14:20:03.653599000][th:1235227][info] GossipPubSub Observed addresses - all (0):
[2026-09-03 14:20:03.653600000][th:1235227][info] GossipPubSub Observed addresses - confirmed only (0):
[2026-09-03 14:20:03.653601000][th:1235227][info] GossipPubSub Relay addresses (0):
[2026-09-03 14:20:03.653603000][th:1235227][warning] GossipPubSub Failed to get addresses from peer repository: not found
[2026-09-03 14:20:03.653645000][th:1235227][info] GossipPubSub Found 1 valid network interfaces
[2026-09-03 14:20:03.653650000][th:1235227][info] GossipPubSub Current network interfaces (1):
[2026-09-03 14:20:03.653651000][th:1235227][info] GossipPubSub   -> 192.168.1.6
[2026-09-03 14:20:03.653653000][th:1235227][info] GossipPubSub Active connections: 0
[2026-09-03 14:20:03.653654000][th:1235227][info] GossipPubSub === PEER CONNECTION DETAILS ===
[2026-09-03 14:20:03.653654000][th:1235227][info] GossipPubSub NOTE: Observed addresses need to be seen by 4+ different peer groups to become 'activated'
[2026-09-03 14:20:03.653656000][th:1235227][info] GossipPubSub NOTE: Current connections: 0, so max possible observers: 0
[2026-09-03 14:20:03.653657000][th:1235227][info] GossipPubSub === END PEER CONNECTION DETAILS ===
[2026-09-03 14:20:03.653657000][th:1235227][info] GossipPubSub Connection manager stats:
[2026-09-03 14:20:03.653659000][th:1235227][info] GossipPubSub   -> Max connections: 1000
[2026-09-03 14:20:03.653659000][th:1235227][info] GossipPubSub   -> Current connections: 0
[2026-09-03 14:20:03.653660000][th:1235227][info] GossipPubSub === END NETWORK STATE ===
[2026-09-03 14:20:03.653855000][th:1235227][info] GossipPubSub /ip4/0.0.0.0/tcp/54613/p2p/12D3KooWFmgmycUZEpXscoifwWMB2HgrKuXFiWsiDPWa6NTp71GK : PubSub service started
[2026-09-03 14:20:03][info][GlobalDB] Opening database /Users/henriqueklein/gnus/SuperGenius/multi_node_finality_fault/restart-certificate-validator-three/rocksdb
[2026-09-03 14:20:03][debug][GraphsyncDAGSyncer] GraphSyncer created 5427875832 
[2026-09-03 14:20:03][info][CrdtDatastore] crdt Datastore created. Number of heads: 0 Current max-height: 0
[2026-09-03 14:20:03][info][GeniusAccount] Secure storage ID path: /Users/henriqueklein/gnus/SuperGenius/multi_node_finality_fault/restart-certificate-validator-three/account/secure_storage_id
[2026-09-03 14:20:03][error][GeniusAccount] Could not find existing Genius address, generating one from a random mnemonic
[2026-09-03 14:20:03][warning][UTXOManager] Found UTXOs in storage, but there were none
[2026-09-03 14:20:03][info][Blockchain] [11b5e26c] Blockchain instance created with authorized full node: 8a33bdf1
[2026-09-03 14:20:03][error][ValidatorRegistry] InitializeCache: registry content not found during cache init
[2026-09-03 14:20:03][info][CRDTCallbackManager] Successfully registered new data callback for pattern: '/?gnus-validator-registry'
[2026-09-03 14:20:03][info][ValidatorRegistry] RegisterFilter: result=true
[2026-09-03 14:20:03][info][ValidatorRegistry] New: instance ready
[2026-09-03 14:20:03.692003000][th:1235227][info] GossipPubSub /ip4/0.0.0.0/tcp/54613/p2p/12D3KooWFmgmycUZEpXscoifwWMB2HgrKuXFiWsiDPWa6NTp71GK: PubSub subscribed to topic 'gnus-validator-registry.3.7.144'
[2026-09-03 14:20:03][info][CRDTCallbackManager] Successfully registered new data callback for pattern: '^/?cert/[^/]+'
[2026-09-03 14:20:03.692022000][th:1235227][info] GossipPubSub /ip4/0.0.0.0/tcp/54613/p2p/12D3KooWFmgmycUZEpXscoifwWMB2HgrKuXFiWsiDPWa6NTp71GK: PubSub subscribed to topic 'consensus-channel-.3.7.144'
[2026-09-03 14:20:03][warning][Blockchain] [11b5e26c] Failed to request validator registry during blockchain init
[2026-09-03 14:20:03][info][CRDTCallbackManager] Successfully registered new data callback for pattern: '/?gnus-genesis-block'
[2026-09-03 14:20:03][info][CRDTCallbackManager] Successfully registered new data callback for pattern: '/?gnus-account-creation-.*'
[2026-09-03 14:20:03.692040000][th:1235227][info] GossipPubSub /ip4/0.0.0.0/tcp/54613/p2p/12D3KooWFmgmycUZEpXscoifwWMB2HgrKuXFiWsiDPWa6NTp71GK: PubSub subscribed to topic 'consensus-channel-.3.7.144#datastore.3.7.144'
[2026-09-03 14:20:03][info][CRDTCallbackManager] Successfully registered new data callback for pattern: '^/?/bc-144/tx/[^/]+'
[2026-09-03 14:20:03][info][CRDTCallbackManager] Successfully registered deleted data callback for pattern: '^/?/bc-144/tx/[^/]+'
[2026-09-03 14:20:03][info][CRDTCallbackManager] Successfully registered new data callback for pattern: '^/?/bc-963/tx/[^/]+'
[2026-09-03 14:20:03][info][CRDTCallbackManager] Successfully registered deleted data callback for pattern: '^/?/bc-963/tx/[^/]+'
[2026-09-03 14:20:03][info][CRDTCallbackManager] Successfully registered new data callback for pattern: '^/?/bc-369/tx/[^/]+'
[2026-09-03 14:20:03][info][CRDTCallbackManager] Successfully registered deleted data callback for pattern: '^/?/bc-369/tx/[^/]+'
[2026-09-03 14:20:03][info][KeyPairFileStorage] Path to keypairs multi_node_finality_fault/restart-certificate-passive/keypair
[2026-09-03 14:20:03][info][KeyPairFileStorage] Peer ID from public key: 12D3KooWBfwQs8QUuBD2yT3eTGiToZwGN85xLbw4LqHNGNi1p9d2
Current limits: 16384 (soft), 9223372036854775807 (hard)
New limits set successfully: 16384 (soft), 9223372036854775807 (hard)
Initialized relay addresses
[2026-09-03 14:20:03.693625000][th:1234463][info] GossipPubSub /ip4/0.0.0.0/tcp/54614/p2p/12D3KooWBfwQs8QUuBD2yT3eTGiToZwGN85xLbw4LqHNGNi1p9d2: Starting PubSub service
[2026-09-03 14:20:03.693670000][th:1235248][info] GossipPubSub Starting address monitoring system for mobile network changes
[2026-09-03 14:20:03.693672000][th:1235248][info] GossipPubSub === CURRENT NETWORK STATE ===
[2026-09-03 14:20:03.693678000][th:1235248][info] GossipPubSub Primary listening address: /ip4/0.0.0.0/tcp/54614/p2p/12D3KooWBfwQs8QUuBD2yT3eTGiToZwGN85xLbw4LqHNGNi1p9d2
[2026-09-03 14:20:03.693679000][th:1235248][info] GossipPubSub Host peer info addresses (0):
[2026-09-03 14:20:03.693679000][th:1235248][info] GossipPubSub Additional addresses we track (0):
[2026-09-03 14:20:03.693680000][th:1235248][info] GossipPubSub Listening addresses (1):
[2026-09-03 14:20:03.693681000][th:1235248][info] GossipPubSub   -> /ip4/0.0.0.0/tcp/54614/p2p/12D3KooWBfwQs8QUuBD2yT3eTGiToZwGN85xLbw4LqHNGNi1p9d2
[2026-09-03 14:20:03.693682000][th:1235248][info] GossipPubSub Interface addresses (0):
[2026-09-03 14:20:03.693682000][th:1235248][info] GossipPubSub === RAW OBSERVED ADDRESS DEBUG ===
[2026-09-03 14:20:03.693684000][th:1235248][info] GossipPubSub Local address: /ip4/0.0.0.0/tcp/54614/p2p/12D3KooWBfwQs8QUuBD2yT3eTGiToZwGN85xLbw4LqHNGNi1p9d2 -> 0 raw observed, 0 activated+confirmed
[2026-09-03 14:20:03.693685000][th:1235248][info] GossipPubSub TOTAL: 0 raw observed addresses, 0 activated+confirmed addresses
[2026-09-03 14:20:03.693685000][th:1235248][info] GossipPubSub === END RAW OBSERVED ADDRESS DEBUG ===
[2026-09-03 14:20:03.693686000][th:1235248][info] GossipPubSub Observed addresses - all (0):
[2026-09-03 14:20:03.693687000][th:1235248][info] GossipPubSub Observed addresses - confirmed only (0):
[2026-09-03 14:20:03.693687000][th:1235248][info] GossipPubSub Relay addresses (0):
[2026-09-03 14:20:03.693689000][th:1235248][warning] GossipPubSub Failed to get addresses from peer repository: not found
[2026-09-03 14:20:03.693720000][th:1235248][info] GossipPubSub Found 1 valid network interfaces
[2026-09-03 14:20:03.693722000][th:1235248][info] GossipPubSub Current network interfaces (1):
[2026-09-03 14:20:03.693722000][th:1235248][info] GossipPubSub   -> 192.168.1.6
[2026-09-03 14:20:03.693723000][th:1235248][info] GossipPubSub Active connections: 0
[2026-09-03 14:20:03.693724000][th:1235248][info] GossipPubSub === PEER CONNECTION DETAILS ===
[2026-09-03 14:20:03.693724000][th:1235248][info] GossipPubSub NOTE: Observed addresses need to be seen by 4+ different peer groups to become 'activated'
[2026-09-03 14:20:03.693725000][th:1235248][info] GossipPubSub NOTE: Current connections: 0, so max possible observers: 0
[2026-09-03 14:20:03.693726000][th:1235248][info] GossipPubSub === END PEER CONNECTION DETAILS ===
[2026-09-03 14:20:03.693726000][th:1235248][info] GossipPubSub Connection manager stats:
[2026-09-03 14:20:03.693727000][th:1235248][info] GossipPubSub   -> Max connections: 1000
[2026-09-03 14:20:03.693727000][th:1235248][info] GossipPubSub   -> Current connections: 0
[2026-09-03 14:20:03.693728000][th:1235248][info] GossipPubSub === END NETWORK STATE ===
[2026-09-03 14:20:03.693847000][th:1235248][info] GossipPubSub /ip4/0.0.0.0/tcp/54614/p2p/12D3KooWBfwQs8QUuBD2yT3eTGiToZwGN85xLbw4LqHNGNi1p9d2 : PubSub service started
[2026-09-03 14:20:03][info][GlobalDB] Opening database /Users/henriqueklein/gnus/SuperGenius/multi_node_finality_fault/restart-certificate-passive/rocksdb
[2026-09-03 14:20:03][debug][GraphsyncDAGSyncer] GraphSyncer created 5409704216 
[2026-09-03 14:20:03][info][CrdtDatastore] crdt Datastore created. Number of heads: 0 Current max-height: 0
[2026-09-03 14:20:03][info][GeniusAccount] Secure storage ID path: /Users/henriqueklein/gnus/SuperGenius/multi_node_finality_fault/restart-certificate-passive/account/secure_storage_id
[2026-09-03 14:20:03][error][GeniusAccount] Could not find existing Genius address, generating one from a random mnemonic
[2026-09-03 14:20:03][warning][UTXOManager] Found UTXOs in storage, but there were none
[2026-09-03 14:20:03][info][Blockchain] [8ad67dcd] Blockchain instance created with authorized full node: 8a33bdf1
[2026-09-03 14:20:03][error][ValidatorRegistry] InitializeCache: registry content not found during cache init
[2026-09-03 14:20:03][info][CRDTCallbackManager] Successfully registered new data callback for pattern: '/?gnus-validator-registry'
[2026-09-03 14:20:03][info][ValidatorRegistry] RegisterFilter: result=true
[2026-09-03 14:20:03][info][ValidatorRegistry] New: instance ready
[2026-09-03 14:20:03.731354000][th:1235248][info] GossipPubSub /ip4/0.0.0.0/tcp/54614/p2p/12D3KooWBfwQs8QUuBD2yT3eTGiToZwGN85xLbw4LqHNGNi1p9d2: PubSub subscribed to topic 'gnus-validator-registry.3.7.144'
[2026-09-03 14:20:03][info][CRDTCallbackManager] Successfully registered new data callback for pattern: '^/?cert/[^/]+'
[2026-09-03 14:20:03.731375000][th:1235248][info] GossipPubSub /ip4/0.0.0.0/tcp/54614/p2p/12D3KooWBfwQs8QUuBD2yT3eTGiToZwGN85xLbw4LqHNGNi1p9d2: PubSub subscribed to topic 'consensus-channel-.3.7.144'
[2026-09-03 14:20:03][warning][Blockchain] [8ad67dcd] Failed to request validator registry during blockchain init
[2026-09-03 14:20:03][info][CRDTCallbackManager] Successfully registered new data callback for pattern: '/?gnus-genesis-block'
[2026-09-03 14:20:03][info][CRDTCallbackManager] Successfully registered new data callback for pattern: '/?gnus-account-creation-.*'
[2026-09-03 14:20:03.731395000][th:1235248][info] GossipPubSub /ip4/0.0.0.0/tcp/54614/p2p/12D3KooWBfwQs8QUuBD2yT3eTGiToZwGN85xLbw4LqHNGNi1p9d2: PubSub subscribed to topic 'consensus-channel-.3.7.144#datastore.3.7.144'
[2026-09-03 14:20:03][info][CRDTCallbackManager] Successfully registered new data callback for pattern: '^/?/bc-144/tx/[^/]+'
[2026-09-03 14:20:03][info][CRDTCallbackManager] Successfully registered deleted data callback for pattern: '^/?/bc-144/tx/[^/]+'
[2026-09-03 14:20:03][info][CRDTCallbackManager] Successfully registered new data callback for pattern: '^/?/bc-963/tx/[^/]+'
[2026-09-03 14:20:03][info][CRDTCallbackManager] Successfully registered deleted data callback for pattern: '^/?/bc-963/tx/[^/]+'
[2026-09-03 14:20:03][info][CRDTCallbackManager] Successfully registered new data callback for pattern: '^/?/bc-369/tx/[^/]+'
[2026-09-03 14:20:03][info][CRDTCallbackManager] Successfully registered deleted data callback for pattern: '^/?/bc-369/tx/[^/]+'
[2026-09-03 14:20:03][info][CrdtDatastore] Topics { name="gnus-validator-registry" }
[2026-09-03 14:20:03][info][CRDTCallbackManager] Executing callback for key '/gnus-validator-registry' matching pattern '/?gnus-validator-registry'
[2026-09-03 14:20:03][info][ValidatorRegistry] RegistryUpdateReceived: cache updated and initialized
[2026-09-03 14:20:03][debug][GraphsyncDAGSyncer] addNode: Added node QmTVrdJ9f2KVXAahTAXyvZVgL9A6k1K5WAWH5QzkDVXbop on dagService 
[2026-09-03 14:20:03][info][ValidatorRegistry] StoreRegistryUpdate: stored registry update CID QmTVrdJ9f2KVXAahTAXyvZVgL9A6k1K5WAWH5QzkDVXbop
[2026-09-03 14:20:03][info][ValidatorRegistry] StoreRegistryUpdate: success
[2026-09-03 14:20:03][info][CrdtDatastore] Topics { name="gnus-validator-registry" }
[2026-09-03 14:20:03][info][CRDTCallbackManager] Executing callback for key '/gnus-validator-registry' matching pattern '/?gnus-validator-registry'
[2026-09-03 14:20:03][info][ValidatorRegistry] RegistryUpdateReceived: cache updated and initialized
[2026-09-03 14:20:03][debug][GraphsyncDAGSyncer] addNode: Added node QmTVrdJ9f2KVXAahTAXyvZVgL9A6k1K5WAWH5QzkDVXbop on dagService 
[2026-09-03 14:20:03][info][ValidatorRegistry] StoreRegistryUpdate: stored registry update CID QmTVrdJ9f2KVXAahTAXyvZVgL9A6k1K5WAWH5QzkDVXbop
[2026-09-03 14:20:03][info][ValidatorRegistry] StoreRegistryUpdate: success
[2026-09-03 14:20:03][info][CrdtDatastore] Topics { name="gnus-validator-registry" }
[2026-09-03 14:20:03][info][CRDTCallbackManager] Executing callback for key '/gnus-validator-registry' matching pattern '/?gnus-validator-registry'
[2026-09-03 14:20:03][info][ValidatorRegistry] RegistryUpdateReceived: cache updated and initialized
[2026-09-03 14:20:03][debug][GraphsyncDAGSyncer] addNode: Added node QmTVrdJ9f2KVXAahTAXyvZVgL9A6k1K5WAWH5QzkDVXbop on dagService 
[2026-09-03 14:20:03][info][ValidatorRegistry] StoreRegistryUpdate: stored registry update CID QmTVrdJ9f2KVXAahTAXyvZVgL9A6k1K5WAWH5QzkDVXbop
[2026-09-03 14:20:03][info][ValidatorRegistry] StoreRegistryUpdate: success
[2026-09-03 14:20:03][info][CrdtDatastore] Topics { name="gnus-validator-registry" }
[2026-09-03 14:20:03][info][CRDTCallbackManager] Executing callback for key '/gnus-validator-registry' matching pattern '/?gnus-validator-registry'
[2026-09-03 14:20:03][info][ValidatorRegistry] RegistryUpdateReceived: cache updated and initialized
[2026-09-03 14:20:03][debug][GraphsyncDAGSyncer] addNode: Added node QmTVrdJ9f2KVXAahTAXyvZVgL9A6k1K5WAWH5QzkDVXbop on dagService 
[2026-09-03 14:20:03][info][ValidatorRegistry] StoreRegistryUpdate: stored registry update CID QmTVrdJ9f2KVXAahTAXyvZVgL9A6k1K5WAWH5QzkDVXbop
[2026-09-03 14:20:03][info][ValidatorRegistry] StoreRegistryUpdate: success
[2026-09-03 14:20:03.773329000][th:1235185][info] GossipPubSub Adding new peer: 12D3KooWN7FTBtije156A9PPyfe6VHF7Az1o92r2jf7Hk9c7sLBv
[2026-09-03 14:20:03.773392000][th:1235185][info] GossipPubSub Adding new peer: 12D3KooWFmgmycUZEpXscoifwWMB2HgrKuXFiWsiDPWa6NTp71GK
[2026-09-03 14:20:03.773443000][th:1235185][info] GossipPubSub Adding new peer: 12D3KooWBfwQs8QUuBD2yT3eTGiToZwGN85xLbw4LqHNGNi1p9d2
[2026-09-03 14:20:03.773472000][th:1235206][info] GossipPubSub Adding new peer: 12D3KooWNRmXcPFo7pGMZ6hSiyrVozDQ22TU26rU8tscUu83Rsen
[2026-09-03 14:20:03.773535000][th:1235206][info] GossipPubSub Adding new peer: 12D3KooWFmgmycUZEpXscoifwWMB2HgrKuXFiWsiDPWa6NTp71GK
[2026-09-03 14:20:03.773586000][th:1235206][info] GossipPubSub Adding new peer: 12D3KooWBfwQs8QUuBD2yT3eTGiToZwGN85xLbw4LqHNGNi1p9d2
[2026-09-03 14:20:03.773607000][th:1235227][info] GossipPubSub Adding new peer: 12D3KooWNRmXcPFo7pGMZ6hSiyrVozDQ22TU26rU8tscUu83Rsen
[2026-09-03 14:20:03.773663000][th:1235227][info] GossipPubSub Adding new peer: 12D3KooWN7FTBtije156A9PPyfe6VHF7Az1o92r2jf7Hk9c7sLBv
[2026-09-03 14:20:03.773713000][th:1235227][info] GossipPubSub Adding new peer: 12D3KooWBfwQs8QUuBD2yT3eTGiToZwGN85xLbw4LqHNGNi1p9d2
[2026-09-03 14:20:03.773744000][th:1235248][info] GossipPubSub Adding new peer: 12D3KooWNRmXcPFo7pGMZ6hSiyrVozDQ22TU26rU8tscUu83Rsen
[2026-09-03 14:20:03.773790000][th:1235248][info] GossipPubSub Adding new peer: 12D3KooWN7FTBtije156A9PPyfe6VHF7Az1o92r2jf7Hk9c7sLBv
[2026-09-03 14:20:03.773836000][th:1235248][info] GossipPubSub Adding new peer: 12D3KooWFmgmycUZEpXscoifwWMB2HgrKuXFiWsiDPWa6NTp71GK
[2026-09-03 14:20:03][info][TransactionManager] [d089dd46 - full: false] ChangeTransactionState: Temp tracking entry created tx=e2253e9356e60af9b5cdc705a517fa11a273d969bb472775bc423ecf187555fd
[2026-09-03 14:20:03][info][TransactionManager] [8ad67dcd - full: false] ChangeTransactionState: Temp tracking entry created tx=e2253e9356e60af9b5cdc705a517fa11a273d969bb472775bc423ecf187555fd
[2026-09-03 14:20:03][info][TransactionManager] [5006ab91 - full: false] ChangeTransactionState: Temp tracking entry created tx=e2253e9356e60af9b5cdc705a517fa11a273d969bb472775bc423ecf187555fd
[2026-09-03 14:20:03][info][TransactionManager] [11b5e26c - full: false] ChangeTransactionState: Temp tracking entry created tx=e2253e9356e60af9b5cdc705a517fa11a273d969bb472775bc423ecf187555fd
[2026-09-03 14:20:06][error][ConsensusManager] HandleVote: ignored: proposal has not won frozen slot arbitration proposal_id=edba4dc9
[2026-09-03 14:20:06][error][ConsensusManager] HandleVote: ignored: proposal has not won frozen slot arbitration proposal_id=edba4dc9
[2026-09-03 14:20:06][error][ConsensusManager] HandleVote: ignored: proposal has not won frozen slot arbitration proposal_id=edba4dc9
[2026-09-03 14:20:06][error][ConsensusManager] HandleVote: ignored: proposal has not won frozen slot arbitration proposal_id=edba4dc9
[2026-09-03 14:20:08][info][CrdtDatastore] Topics { name="consensus-channel-.3.7.144#datastore" }
[2026-09-03 14:20:08][info][CRDTCallbackManager] Executing callback for key '/cert/mint-v2:test:0000000000000000000000000000000000000000000000000000000000000000:42:d089dd4678da75eaba7ef8d42ce527d0a2414e63b0c892b05d30118078a35a5edc54aada7eb85b0dc4fe8f5fe66bd1a604de086dceaa37d972df9351a8729447:cccccccccccccccccccccccccccccccccccccccccccccccccccccccccccccccc' matching pattern '^/?cert/[^/]+'
[2026-09-03 14:20:08][debug][GraphsyncDAGSyncer] addNode: Added node QmXkGGPiyj268M61UonZFiihVvNBUFjTP8xofPBCk58SdV on dagService 
[2026-09-03 14:20:08][info][UTXOManager] Stored 1 UTXOs for address d089dd4678da75eaba7ef8d42ce527d0a2414e63b0c892b05d30118078a35a5edc54aada7eb85b0dc4fe8f5fe66bd1a604de086dceaa37d972df9351a8729447
[2026-09-03 14:20:08][info][UTXOManager] Stored 2 UTXOs for address d089dd4678da75eaba7ef8d42ce527d0a2414e63b0c892b05d30118078a35a5edc54aada7eb85b0dc4fe8f5fe66bd1a604de086dceaa37d972df9351a8729447
[2026-09-03 14:20:08][warning][TransactionManager] [d089dd46 - full: false] Mint-v2 e2253e9356e60af9b5cdc705a517fa11a273d969bb472775bc423ecf187555fd did not consume every burn input (already consumed or missing); burn outpoint metadata may have been rebuilt with zero amount
[2026-09-03 14:20:08][info][TransactionManager] [d089dd46 - full: false] Created tokens (mint-v2), amount 42 balance 42
[2026-09-03 14:20:08][info][TransactionManager] [d089dd46 - full: false] ChangeTransactionState: Tracking entry confirmed tx=e2253e9356e60af9b5cdc705a517fa11a273d969bb472775bc423ecf187555fd
[2026-09-03 14:20:08][info][UTXOManager] Created checkpoint owner=d089dd4678da75eaba7ef8d42ce527d0a2414e63b0c892b05d30118078a35a5edc54aada7eb85b0dc4fe8f5fe66bd1a604de086dceaa37d972df9351a8729447 epoch=1 utxo_count=1
[2026-09-03 14:20:08][debug][GraphsyncDAGSyncer] Registered new peer 12D3KooWNRmXcPFo7pGMZ6hSiyrVozDQ22TU26rU8tscUu83Rsen with key 0
[2026-09-03 14:20:08][debug][GraphsyncDAGSyncer] Added route for CID QmXkGGPiyj268M61UonZFiihVvNBUFjTP8xofPBCk58SdV to peer 12D3KooWNRmXcPFo7pGMZ6hSiyrVozDQ22TU26rU8tscUu83Rsen (key 0, route_count=1)
[2026-09-03 14:20:08][debug][GraphsyncDAGSyncer] Registered new peer 12D3KooWNRmXcPFo7pGMZ6hSiyrVozDQ22TU26rU8tscUu83Rsen with key 0
[2026-09-03 14:20:08][debug][GraphsyncDAGSyncer] Added route for CID QmXkGGPiyj268M61UonZFiihVvNBUFjTP8xofPBCk58SdV to peer 12D3KooWNRmXcPFo7pGMZ6hSiyrVozDQ22TU26rU8tscUu83Rsen (key 0, route_count=1)
[2026-09-03 14:20:08][debug][GraphsyncDAGSyncer] Registered new peer 12D3KooWNRmXcPFo7pGMZ6hSiyrVozDQ22TU26rU8tscUu83Rsen with key 0
[2026-09-03 14:20:08][debug][GraphsyncDAGSyncer] Added route for CID QmXkGGPiyj268M61UonZFiihVvNBUFjTP8xofPBCk58SdV to peer 12D3KooWNRmXcPFo7pGMZ6hSiyrVozDQ22TU26rU8tscUu83Rsen (key 0, route_count=1)
[2026-09-03 14:20:08][debug][GraphsyncDAGSyncer] Block initialized without content to LRU cache: CID QmXkGGPiyj268M61UonZFiihVvNBUFjTP8xofPBCk58SdV, cache size: 1
[2026-09-03 14:20:08][debug][GraphsyncDAGSyncer] Requesting Node QmXkGGPiyj268M61UonZFiihVvNBUFjTP8xofPBCk58SdV on this 5427870696
[2026-09-03 14:20:08][debug][GraphsyncDAGSyncer] Return node for CID QmXkGGPiyj268M61UonZFiihVvNBUFjTP8xofPBCk58SdV instance=5140220984
[2026-09-03 14:20:08.677918000][th:1235206][warning] graphsync Request 1 for CID QmXkGGPiyj268M61UonZFiihVvNBUFjTP8xofPBCk58SdV got RS_FULL_CONTENT but no blocks received yet
[2026-09-03 14:20:08][debug][GraphsyncDAGSyncer] request progress: code=FULL_CONTENT, extensions=(graphsync/response-metadata: 0x80) (graphsync/do-not-send-cids: 0x80) 
[2026-09-03 14:20:08][debug][GraphsyncDAGSyncer] HasBlock: false, cid: QmXkGGPiyj268M61UonZFiihVvNBUFjTP8xofPBCk58SdV
[2026-09-03 14:20:08][debug][GraphsyncDAGSyncer] Existing block updated in LRU cache: CID QmXkGGPiyj268M61UonZFiihVvNBUFjTP8xofPBCk58SdV
[2026-09-03 14:20:08][debug][GraphsyncDAGSyncer] Node added to dagService. CID: QmXkGGPiyj268M61UonZFiihVvNBUFjTP8xofPBCk58SdV, links: []
[2026-09-03 14:20:08][debug][GraphsyncDAGSyncer] Seeing if peer 12D3KooWNRmXcPFo7pGMZ6hSiyrVozDQ22TU26rU8tscUu83Rsen has links to AddRoute
[2026-09-03 14:20:08][info][GraphsyncDAGSyncer] TraverseCIDsLinks: Checking links on { cid="QmXkGGPiyj268M61UonZFiihVvNBUFjTP8xofPBCk58SdV", name="" }
[2026-09-03 14:20:08][info][GraphsyncDAGSyncer] TraverseCIDsLinks: Completed traversal. Links to fetch: 0, Visited: 0
[2026-09-03 14:20:08][debug][GraphsyncDAGSyncer] Block initialized without content to LRU cache: CID QmXkGGPiyj268M61UonZFiihVvNBUFjTP8xofPBCk58SdV, cache size: 1
[2026-09-03 14:20:08][debug][GraphsyncDAGSyncer] Requesting Node QmXkGGPiyj268M61UonZFiihVvNBUFjTP8xofPBCk58SdV on this 5427875832
[2026-09-03 14:20:08][debug][GraphsyncDAGSyncer] Return node for CID QmXkGGPiyj268M61UonZFiihVvNBUFjTP8xofPBCk58SdV instance=5140220984
[2026-09-03 14:20:08.721918000][th:1235227][warning] graphsync Request 1 for CID QmXkGGPiyj268M61UonZFiihVvNBUFjTP8xofPBCk58SdV got RS_FULL_CONTENT but no blocks received yet
[2026-09-03 14:20:08][debug][GraphsyncDAGSyncer] request progress: code=FULL_CONTENT, extensions=(graphsync/response-metadata: 0x80) (graphsync/do-not-send-cids: 0x80) 
[2026-09-03 14:20:08][debug][GraphsyncDAGSyncer] HasBlock: false, cid: QmXkGGPiyj268M61UonZFiihVvNBUFjTP8xofPBCk58SdV
[2026-09-03 14:20:08][debug][GraphsyncDAGSyncer] Existing block updated in LRU cache: CID QmXkGGPiyj268M61UonZFiihVvNBUFjTP8xofPBCk58SdV
[2026-09-03 14:20:08][debug][GraphsyncDAGSyncer] Node added to dagService. CID: QmXkGGPiyj268M61UonZFiihVvNBUFjTP8xofPBCk58SdV, links: []
[2026-09-03 14:20:08][debug][GraphsyncDAGSyncer] Seeing if peer 12D3KooWNRmXcPFo7pGMZ6hSiyrVozDQ22TU26rU8tscUu83Rsen has links to AddRoute
[2026-09-03 14:20:08][info][GraphsyncDAGSyncer] TraverseCIDsLinks: Checking links on { cid="QmXkGGPiyj268M61UonZFiihVvNBUFjTP8xofPBCk58SdV", name="" }
[2026-09-03 14:20:08][info][GraphsyncDAGSyncer] TraverseCIDsLinks: Completed traversal. Links to fetch: 0, Visited: 0
[2026-09-03 14:20:08][debug][GraphsyncDAGSyncer] Block initialized without content to LRU cache: CID QmXkGGPiyj268M61UonZFiihVvNBUFjTP8xofPBCk58SdV, cache size: 1
[2026-09-03 14:20:08][debug][GraphsyncDAGSyncer] Requesting Node QmXkGGPiyj268M61UonZFiihVvNBUFjTP8xofPBCk58SdV on this 5409704216
[2026-09-03 14:20:08][debug][GraphsyncDAGSyncer] Return node for CID QmXkGGPiyj268M61UonZFiihVvNBUFjTP8xofPBCk58SdV instance=5140220984
[2026-09-03 14:20:08.778251000][th:1235248][warning] graphsync Request 1 for CID QmXkGGPiyj268M61UonZFiihVvNBUFjTP8xofPBCk58SdV got RS_FULL_CONTENT but no blocks received yet
[2026-09-03 14:20:08][debug][GraphsyncDAGSyncer] request progress: code=FULL_CONTENT, extensions=(graphsync/do-not-send-cids: 0x80) (graphsync/response-metadata: 0x80) 
[2026-09-03 14:20:08][debug][GraphsyncDAGSyncer] HasBlock: false, cid: QmXkGGPiyj268M61UonZFiihVvNBUFjTP8xofPBCk58SdV
[2026-09-03 14:20:08][debug][GraphsyncDAGSyncer] Existing block updated in LRU cache: CID QmXkGGPiyj268M61UonZFiihVvNBUFjTP8xofPBCk58SdV
[2026-09-03 14:20:08][debug][GraphsyncDAGSyncer] Node added to dagService. CID: QmXkGGPiyj268M61UonZFiihVvNBUFjTP8xofPBCk58SdV, links: []
[2026-09-03 14:20:08][debug][GraphsyncDAGSyncer] Seeing if peer 12D3KooWNRmXcPFo7pGMZ6hSiyrVozDQ22TU26rU8tscUu83Rsen has links to AddRoute
[2026-09-03 14:20:08][info][GraphsyncDAGSyncer] TraverseCIDsLinks: Checking links on { cid="QmXkGGPiyj268M61UonZFiihVvNBUFjTP8xofPBCk58SdV", name="" }
[2026-09-03 14:20:08][info][GraphsyncDAGSyncer] TraverseCIDsLinks: Completed traversal. Links to fetch: 0, Visited: 0
[2026-09-03 14:20:08][debug][GraphsyncDAGSyncer] Return node for CID QmXkGGPiyj268M61UonZFiihVvNBUFjTP8xofPBCk58SdV instance=5427870696
[2026-09-03 14:20:08][info][CRDTCallbackManager] Executing callback for key '/cert/mint-v2:test:0000000000000000000000000000000000000000000000000000000000000000:42:d089dd4678da75eaba7ef8d42ce527d0a2414e63b0c892b05d30118078a35a5edc54aada7eb85b0dc4fe8f5fe66bd1a604de086dceaa37d972df9351a8729447:cccccccccccccccccccccccccccccccccccccccccccccccccccccccccccccccc' matching pattern '^/?cert/[^/]+'
[2026-09-03 14:20:08][debug][GraphsyncDAGSyncer] addNode: Added node QmXkGGPiyj268M61UonZFiihVvNBUFjTP8xofPBCk58SdV on dagService 
[2026-09-03 14:20:08][debug][GraphsyncDAGSyncer] Block removed from LRU cache: CID QmXkGGPiyj268M61UonZFiihVvNBUFjTP8xofPBCk58SdV
[2026-09-03 14:20:08][debug][GraphsyncDAGSyncer] Return node for CID QmXkGGPiyj268M61UonZFiihVvNBUFjTP8xofPBCk58SdV instance=5427875832
[2026-09-03 14:20:08][info][CRDTCallbackManager] Executing callback for key '/cert/mint-v2:test:0000000000000000000000000000000000000000000000000000000000000000:42:d089dd4678da75eaba7ef8d42ce527d0a2414e63b0c892b05d30118078a35a5edc54aada7eb85b0dc4fe8f5fe66bd1a604de086dceaa37d972df9351a8729447:cccccccccccccccccccccccccccccccccccccccccccccccccccccccccccccccc' matching pattern '^/?cert/[^/]+'
[2026-09-03 14:20:08][debug][GraphsyncDAGSyncer] addNode: Added node QmXkGGPiyj268M61UonZFiihVvNBUFjTP8xofPBCk58SdV on dagService 
[2026-09-03 14:20:08][debug][GraphsyncDAGSyncer] Block removed from LRU cache: CID QmXkGGPiyj268M61UonZFiihVvNBUFjTP8xofPBCk58SdV
[2026-09-03 14:20:08][debug][GraphsyncDAGSyncer] Return node for CID QmXkGGPiyj268M61UonZFiihVvNBUFjTP8xofPBCk58SdV instance=5409704216
[2026-09-03 14:20:08][info][CRDTCallbackManager] Executing callback for key '/cert/mint-v2:test:0000000000000000000000000000000000000000000000000000000000000000:42:d089dd4678da75eaba7ef8d42ce527d0a2414e63b0c892b05d30118078a35a5edc54aada7eb85b0dc4fe8f5fe66bd1a604de086dceaa37d972df9351a8729447:cccccccccccccccccccccccccccccccccccccccccccccccccccccccccccccccc' matching pattern '^/?cert/[^/]+'
[2026-09-03 14:20:08][debug][GraphsyncDAGSyncer] addNode: Added node QmXkGGPiyj268M61UonZFiihVvNBUFjTP8xofPBCk58SdV on dagService 
[2026-09-03 14:20:08][debug][GraphsyncDAGSyncer] Block removed from LRU cache: CID QmXkGGPiyj268M61UonZFiihVvNBUFjTP8xofPBCk58SdV
[2026-09-03 14:20:09][info][CRDTCallbackManager] Successfully unregistered new data callback for pattern: '^/?/bc-144/tx/[^/]+'
[2026-09-03 14:20:09][info][CRDTCallbackManager] Successfully unregistered deleted data callback for pattern: '^/?/bc-144/tx/[^/]+'
[2026-09-03 14:20:09][info][CRDTCallbackManager] Successfully unregistered new data callback for pattern: '^/?/bc-963/tx/[^/]+'
[2026-09-03 14:20:09][info][CRDTCallbackManager] Successfully unregistered deleted data callback for pattern: '^/?/bc-963/tx/[^/]+'
[2026-09-03 14:20:09][info][CRDTCallbackManager] Successfully unregistered new data callback for pattern: '^/?/bc-369/tx/[^/]+'
[2026-09-03 14:20:09][info][CRDTCallbackManager] Successfully unregistered deleted data callback for pattern: '^/?/bc-369/tx/[^/]+'
[2026-09-03 14:20:09][info][TransactionManager] [5006ab91 - full: false] ~TransactionManager: Metrics — cert_fallback(success=0 failure=0) validation(approve=1 reject=0) tracking(insert=1 confirm=0 fail=0)
[2026-09-03 14:20:09][info][Blockchain] [5006ab91] Stopping blockchain
[2026-09-03 14:20:09][info][CRDTCallbackManager] Successfully unregistered new data callback for pattern: '/?gnus-genesis-block'
[2026-09-03 14:20:09][info][CRDTCallbackManager] Successfully unregistered new data callback for pattern: '/?gnus-account-creation-.*'
[2026-09-03 14:20:09][info][CRDTCallbackManager] Successfully unregistered new data callback for pattern: '/?gnus-validator-registry'
[2026-09-03 14:20:09][debug][GlobalDB] ~GlobalDB CALLED with count 6 on multi_node_finality_fault/restart-certificate-validator-two/rocksdb 
[2026-09-03 14:20:09][info][GlobalDB] GlobalDB shutdown start
[2026-09-03 14:20:09][info][CrdtDatastore] CancelAndCloseNow: begin (pending_jobs=1, self_queue=0, root_queue=0, pending_roots=0, active_root=false)
[2026-09-03 14:20:09][debug][GraphsyncDAGSyncer] Stopping Dagsyncer
[2026-09-03 14:20:09][debug][GraphsyncDAGSyncer] Dagsyncer Stopped
[2026-09-03 14:20:09.244267000][th:1235185][error] graphsync Varint Error msg=Stream: closed by remote peer
[2026-09-03 14:20:09.244272000][th:1235185][info] graphsync stream read error, peer=c7sLBv, msg=stream is not readable
[2026-09-03 14:20:09.244316000][th:1235206][error] graphsync Varint Error msg=Stream: closed by this host
[2026-09-03 14:20:09][info][UTXOManager] Stored 1 UTXOs for address d089dd4678da75eaba7ef8d42ce527d0a2414e63b0c892b05d30118078a35a5edc54aada7eb85b0dc4fe8f5fe66bd1a604de086dceaa37d972df9351a8729447
[2026-09-03 14:20:09][info][UTXOManager] Stored 2 UTXOs for address d089dd4678da75eaba7ef8d42ce527d0a2414e63b0c892b05d30118078a35a5edc54aada7eb85b0dc4fe8f5fe66bd1a604de086dceaa37d972df9351a8729447
[2026-09-03 14:20:09][warning][TransactionManager] [11b5e26c - full: false] Mint-v2 e2253e9356e60af9b5cdc705a517fa11a273d969bb472775bc423ecf187555fd did not consume every burn input (already consumed or missing); burn outpoint metadata may have been rebuilt with zero amount
[2026-09-03 14:20:09][info][TransactionManager] [11b5e26c - full: false] Created tokens (mint-v2), amount 42 balance 0
[2026-09-03 14:20:09][info][TransactionManager] [11b5e26c - full: false] ChangeTransactionState: Tracking entry confirmed tx=e2253e9356e60af9b5cdc705a517fa11a273d969bb472775bc423ecf187555fd
[2026-09-03 14:20:09][info][UTXOManager] Stored 1 UTXOs for address d089dd4678da75eaba7ef8d42ce527d0a2414e63b0c892b05d30118078a35a5edc54aada7eb85b0dc4fe8f5fe66bd1a604de086dceaa37d972df9351a8729447
[2026-09-03 14:20:09][info][UTXOManager] Stored 2 UTXOs for address d089dd4678da75eaba7ef8d42ce527d0a2414e63b0c892b05d30118078a35a5edc54aada7eb85b0dc4fe8f5fe66bd1a604de086dceaa37d972df9351a8729447
[2026-09-03 14:20:09][warning][TransactionManager] [8ad67dcd - full: false] Mint-v2 e2253e9356e60af9b5cdc705a517fa11a273d969bb472775bc423ecf187555fd did not consume every burn input (already consumed or missing); burn outpoint metadata may have been rebuilt with zero amount
[2026-09-03 14:20:09][info][TransactionManager] [8ad67dcd - full: false] Created tokens (mint-v2), amount 42 balance 0
[2026-09-03 14:20:09][info][UTXOManager] Created checkpoint owner=11b5e26c40f48873b5617b12a1965d33c655e8c27876134d1dd3ff39050d968f2bf42dc703aab89334156fb8592f4803bca227df38f91480af4cf8991f90fa41 epoch=1 utxo_count=0
[2026-09-03 14:20:09][info][TransactionManager] [8ad67dcd - full: false] ChangeTransactionState: Tracking entry confirmed tx=e2253e9356e60af9b5cdc705a517fa11a273d969bb472775bc423ecf187555fd
[2026-09-03 14:20:09][info][UTXOManager] Created checkpoint owner=8ad67dcd602c8e442e5086a6dff92a96c6607f8cc13c7f02ebf1502711e8bf1025274d6c02c2191a96957ac907b452e61a2067a68aab8ccc91a47119aee16e61 epoch=1 utxo_count=0
[2026-09-03 14:20:09][info][CrdtDatastore] CancelAndCloseNow: CRDT workers stopped
[2026-09-03 14:20:09][warning][CrdtDatastore] CancelAndCloseNow called but shutdown has already started
[2026-09-03 14:20:09][debug][GraphsyncDAGSyncer] ~GraphsyncDAGSyncer CALLED
[2026-09-03 14:20:09][info][GlobalDB] GlobalDB shutdown finished
[2026-09-03 14:20:09.681392000][th:1235206][error] GossipPubSub Address monitoring timer error: Operation canceled
[2026-09-03 14:20:10][info][KeyPairFileStorage] Path to keypairs multi_node_finality_fault/restart-certificate-validator-two/keypair
[2026-09-03 14:20:10][info][KeyPairFileStorage] Peer ID from public key: 12D3KooWN7FTBtije156A9PPyfe6VHF7Az1o92r2jf7Hk9c7sLBv
Current limits: 16384 (soft), 9223372036854775807 (hard)
New limits set successfully: 16384 (soft), 9223372036854775807 (hard)
Initialized relay addresses
[2026-09-03 14:20:10.691136000][th:1234463][info] GossipPubSub /ip4/0.0.0.0/tcp/54612/p2p/12D3KooWN7FTBtije156A9PPyfe6VHF7Az1o92r2jf7Hk9c7sLBv: Starting PubSub service
[2026-09-03 14:20:10.691356000][th:1235375][info] GossipPubSub Starting address monitoring system for mobile network changes
[2026-09-03 14:20:10.691363000][th:1235375][info] GossipPubSub === CURRENT NETWORK STATE ===
[2026-09-03 14:20:10.691381000][th:1235375][info] GossipPubSub Primary listening address: /ip4/0.0.0.0/tcp/54612/p2p/12D3KooWN7FTBtije156A9PPyfe6VHF7Az1o92r2jf7Hk9c7sLBv
[2026-09-03 14:20:10.691384000][th:1235375][info] GossipPubSub Host peer info addresses (0):
[2026-09-03 14:20:10.691385000][th:1235375][info] GossipPubSub Additional addresses we track (0):
[2026-09-03 14:20:10.691387000][th:1235375][info] GossipPubSub Listening addresses (1):
[2026-09-03 14:20:10.691388000][th:1235375][info] GossipPubSub   -> /ip4/0.0.0.0/tcp/54612/p2p/12D3KooWN7FTBtije156A9PPyfe6VHF7Az1o92r2jf7Hk9c7sLBv
[2026-09-03 14:20:10.691390000][th:1235375][info] GossipPubSub Interface addresses (0):
[2026-09-03 14:20:10.691391000][th:1235375][info] GossipPubSub === RAW OBSERVED ADDRESS DEBUG ===
[2026-09-03 14:20:10.691394000][th:1235375][info] GossipPubSub Local address: /ip4/0.0.0.0/tcp/54612/p2p/12D3KooWN7FTBtije156A9PPyfe6VHF7Az1o92r2jf7Hk9c7sLBv -> 0 raw observed, 0 activated+confirmed
[2026-09-03 14:20:10.691397000][th:1235375][info] GossipPubSub TOTAL: 0 raw observed addresses, 0 activated+confirmed addresses
[2026-09-03 14:20:10.691398000][th:1235375][info] GossipPubSub === END RAW OBSERVED ADDRESS DEBUG ===
[2026-09-03 14:20:10.691399000][th:1235375][info] GossipPubSub Observed addresses - all (0):
[2026-09-03 14:20:10.691400000][th:1235375][info] GossipPubSub Observed addresses - confirmed only (0):
[2026-09-03 14:20:10.691402000][th:1235375][info] GossipPubSub Relay addresses (0):
[2026-09-03 14:20:10.691406000][th:1235375][warning] GossipPubSub Failed to get addresses from peer repository: not found
[2026-09-03 14:20:10.691496000][th:1235375][info] GossipPubSub Found 1 valid network interfaces
[2026-09-03 14:20:10.691502000][th:1235375][info] GossipPubSub Current network interfaces (1):
[2026-09-03 14:20:10.691503000][th:1235375][info] GossipPubSub   -> 192.168.1.6
[2026-09-03 14:20:10.691505000][th:1235375][info] GossipPubSub Active connections: 0
[2026-09-03 14:20:10.691506000][th:1235375][info] GossipPubSub === PEER CONNECTION DETAILS ===
[2026-09-03 14:20:10.691507000][th:1235375][info] GossipPubSub NOTE: Observed addresses need to be seen by 4+ different peer groups to become 'activated'
[2026-09-03 14:20:10.691509000][th:1235375][info] GossipPubSub NOTE: Current connections: 0, so max possible observers: 0
[2026-09-03 14:20:10.691510000][th:1235375][info] GossipPubSub === END PEER CONNECTION DETAILS ===
[2026-09-03 14:20:10.691511000][th:1235375][info] GossipPubSub Connection manager stats:
[2026-09-03 14:20:10.691514000][th:1235375][info] GossipPubSub   -> Max connections: 1000
[2026-09-03 14:20:10.691516000][th:1235375][info] GossipPubSub   -> Current connections: 0
[2026-09-03 14:20:10.691516000][th:1235375][info] GossipPubSub === END NETWORK STATE ===
[2026-09-03 14:20:10.691915000][th:1235375][info] GossipPubSub /ip4/0.0.0.0/tcp/54612/p2p/12D3KooWN7FTBtije156A9PPyfe6VHF7Az1o92r2jf7Hk9c7sLBv : PubSub service started
[2026-09-03 14:20:10][info][GlobalDB] Opening database /Users/henriqueklein/gnus/SuperGenius/multi_node_finality_fault/restart-certificate-validator-two/rocksdb
[2026-09-03 14:20:10][debug][GraphsyncDAGSyncer] GraphSyncer created 4613754088 
[2026-09-03 14:20:10][info][CrdtDatastore] crdt Datastore created. Number of heads: 2 Current max-height: 18446744073709551615
[2026-09-03 14:20:10][info][GeniusAccount] Secure storage ID path: /Users/henriqueklein/gnus/SuperGenius/multi_node_finality_fault/restart-certificate-validator-two/account/secure_storage_id
[2026-09-03 14:20:10][info][GeniusAccount] Loaded public key from file: 5006ab913d0ea8a3... (length: 128)
[2026-09-03 14:20:10][info][GeniusAccount] Successfully loaded key_seed from storage
[2026-09-03 14:20:10][info][GeniusAccount] Validation successful: key_seed matches stored public key
[2026-09-03 14:20:10][warning][UTXOManager] Found UTXOs in storage, but there were none
[2026-09-03 14:20:10][info][Blockchain] [5006ab91] Blockchain instance created with authorized full node: 8a33bdf1
[2026-09-03 14:20:10][info][ValidatorRegistry] InitializeCache: cache initialized with CID QmTVrdJ9f2KVXAahTAXyvZVgL9A6k1K5WAWH5QzkDVXbop
[2026-09-03 14:20:10][info][CRDTCallbackManager] Successfully registered new data callback for pattern: '/?gnus-validator-registry'
[2026-09-03 14:20:10][info][ValidatorRegistry] RegisterFilter: result=true
[2026-09-03 14:20:10][info][ValidatorRegistry] New: instance ready
[2026-09-03 14:20:10.718656000][th:1235375][info] GossipPubSub /ip4/0.0.0.0/tcp/54612/p2p/12D3KooWN7FTBtije156A9PPyfe6VHF7Az1o92r2jf7Hk9c7sLBv: PubSub subscribed to topic 'gnus-validator-registry.3.7.144'
[2026-09-03 14:20:10][info][CRDTCallbackManager] Successfully registered new data callback for pattern: '^/?cert/[^/]+'
[2026-09-03 14:20:10.718689000][th:1235375][info] GossipPubSub /ip4/0.0.0.0/tcp/54612/p2p/12D3KooWN7FTBtije156A9PPyfe6VHF7Az1o92r2jf7Hk9c7sLBv: PubSub subscribed to topic 'consensus-channel-.3.7.144'
[2026-09-03 14:20:10.718715000][th:1235375][info] GossipPubSub /ip4/0.0.0.0/tcp/54612/p2p/12D3KooWN7FTBtije156A9PPyfe6VHF7Az1o92r2jf7Hk9c7sLBv: PubSub subscribed to topic 'consensus-channel-.3.7.144#datastore.3.7.144'
[2026-09-03 14:20:10][warning][ConsensusManager] ProcessCommittedCertificate: No subject handler for certificate with key /cert/mint-v2:test:0000000000000000000000000000000000000000000000000000000000000000:42:d089dd4678da75eaba7ef8d42ce527d0a2414e63b0c892b05d30118078a35a5edc54aada7eb85b0dc4fe8f5fe66bd1a604de086dceaa37d972df9351a8729447:cccccccccccccccccccccccccccccccccccccccccccccccccccccccccccccccc 
[2026-09-03 14:20:10][warning][ConsensusManager] ProcessCommittedCertificate: No subject handler for certificate with key /cert/mint-v2:test:0000000000000000000000000000000000000000000000000000000000000000:42:d089dd4678da75eaba7ef8d42ce527d0a2414e63b0c892b05d30118078a35a5edc54aada7eb85b0dc4fe8f5fe66bd1a604de086dceaa37d972df9351a8729447:cccccccccccccccccccccccccccccccccccccccccccccccccccccccccccccccc 
[2026-09-03 14:20:10][info][CRDTCallbackManager] Successfully registered new data callback for pattern: '/?gnus-genesis-block'
[2026-09-03 14:20:10][info][CRDTCallbackManager] Successfully registered new data callback for pattern: '/?gnus-account-creation-.*'
[2026-09-03 14:20:10][info][UTXOManager] Stored 1 UTXOs for address d089dd4678da75eaba7ef8d42ce527d0a2414e63b0c892b05d30118078a35a5edc54aada7eb85b0dc4fe8f5fe66bd1a604de086dceaa37d972df9351a8729447
[2026-09-03 14:20:10][info][UTXOManager] Stored 2 UTXOs for address d089dd4678da75eaba7ef8d42ce527d0a2414e63b0c892b05d30118078a35a5edc54aada7eb85b0dc4fe8f5fe66bd1a604de086dceaa37d972df9351a8729447
[2026-09-03 14:20:10][warning][TransactionManager] [5006ab91 - full: false] Mint-v2 e2253e9356e60af9b5cdc705a517fa11a273d969bb472775bc423ecf187555fd did not consume every burn input (already consumed or missing); burn outpoint metadata may have been rebuilt with zero amount
[2026-09-03 14:20:10][info][TransactionManager] [5006ab91 - full: false] Created tokens (mint-v2), amount 42 balance 0
[2026-09-03 14:20:10][info][TransactionManager] [5006ab91 - full: false] ChangeTransactionState: Tracking entry confirmed tx=e2253e9356e60af9b5cdc705a517fa11a273d969bb472775bc423ecf187555fd
[2026-09-03 14:20:10][info][TransactionManager] [5006ab91 - full: false] OnConsensusCertificate: Standalone validator confirmed tx e2253e9356e60af9b5cdc705a517fa11a273d969bb472775bc423ecf187555fd from certificate proposal_id=edba4dc92d3303e44566c51a45da201cdb4f7f2d09448218832631aaebc19879
[2026-09-03 14:20:10][info][UTXOManager] Created checkpoint owner=5006ab913d0ea8a3cf1ee00da8b9af729c058d4817ab65a21285f64c82b425ffc6d16018106baf4c00874216376d14453849c55e9d1c9176549fe94421f8f2f7 epoch=1 utxo_count=0
[2026-09-03 14:20:10][info][CRDTCallbackManager] Successfully registered new data callback for pattern: '^/?/bc-144/tx/[^/]+'
[2026-09-03 14:20:10][info][CRDTCallbackManager] Successfully registered deleted data callback for pattern: '^/?/bc-144/tx/[^/]+'
[2026-09-03 14:20:10][info][CRDTCallbackManager] Successfully registered new data callback for pattern: '^/?/bc-963/tx/[^/]+'
[2026-09-03 14:20:10][info][CRDTCallbackManager] Successfully registered deleted data callback for pattern: '^/?/bc-963/tx/[^/]+'
[2026-09-03 14:20:10][info][CRDTCallbackManager] Successfully registered new data callback for pattern: '^/?/bc-369/tx/[^/]+'
[2026-09-03 14:20:10][info][CRDTCallbackManager] Successfully registered deleted data callback for pattern: '^/?/bc-369/tx/[^/]+'
[2026-09-03 14:20:10.761350000][th:1235185][info] GossipPubSub Adding new peer: 12D3KooWN7FTBtije156A9PPyfe6VHF7Az1o92r2jf7Hk9c7sLBv
[2026-09-03 14:20:10.761443000][th:1235185][info] GossipPubSub Adding new peer: 12D3KooWFmgmycUZEpXscoifwWMB2HgrKuXFiWsiDPWa6NTp71GK
[2026-09-03 14:20:10.761510000][th:1235185][info] GossipPubSub Adding new peer: 12D3KooWBfwQs8QUuBD2yT3eTGiToZwGN85xLbw4LqHNGNi1p9d2
[2026-09-03 14:20:10.761569000][th:1235375][info] GossipPubSub Adding new peer: 12D3KooWNRmXcPFo7pGMZ6hSiyrVozDQ22TU26rU8tscUu83Rsen
[2026-09-03 14:20:10.761641000][th:1235375][info] GossipPubSub Adding new peer: 12D3KooWFmgmycUZEpXscoifwWMB2HgrKuXFiWsiDPWa6NTp71GK
[2026-09-03 14:20:10.761712000][th:1235375][info] GossipPubSub Adding new peer: 12D3KooWBfwQs8QUuBD2yT3eTGiToZwGN85xLbw4LqHNGNi1p9d2
[2026-09-03 14:20:10.761786000][th:1235227][info] GossipPubSub Adding new peer: 12D3KooWNRmXcPFo7pGMZ6hSiyrVozDQ22TU26rU8tscUu83Rsen
[2026-09-03 14:20:10.761854000][th:1235227][info] GossipPubSub Adding new peer: 12D3KooWN7FTBtije156A9PPyfe6VHF7Az1o92r2jf7Hk9c7sLBv
[2026-09-03 14:20:10.761924000][th:1235227][info] GossipPubSub Adding new peer: 12D3KooWBfwQs8QUuBD2yT3eTGiToZwGN85xLbw4LqHNGNi1p9d2
[2026-09-03 14:20:10.761996000][th:1235248][info] GossipPubSub Adding new peer: 12D3KooWNRmXcPFo7pGMZ6hSiyrVozDQ22TU26rU8tscUu83Rsen
[2026-09-03 14:20:10.762063000][th:1235248][info] GossipPubSub Adding new peer: 12D3KooWN7FTBtije156A9PPyfe6VHF7Az1o92r2jf7Hk9c7sLBv
[2026-09-03 14:20:10.762133000][th:1235248][info] GossipPubSub Adding new peer: 12D3KooWFmgmycUZEpXscoifwWMB2HgrKuXFiWsiDPWa6NTp71GK
[2026-09-03 14:20:10][info][CRDTCallbackManager] Successfully unregistered new data callback for pattern: '^/?/bc-144/tx/[^/]+'
[2026-09-03 14:20:10][info][CRDTCallbackManager] Successfully unregistered deleted data callback for pattern: '^/?/bc-144/tx/[^/]+'
[2026-09-03 14:20:10][info][CRDTCallbackManager] Successfully unregistered new data callback for pattern: '^/?/bc-963/tx/[^/]+'
[2026-09-03 14:20:10][info][CRDTCallbackManager] Successfully unregistered deleted data callback for pattern: '^/?/bc-963/tx/[^/]+'
[2026-09-03 14:20:10][info][CRDTCallbackManager] Successfully unregistered new data callback for pattern: '^/?/bc-369/tx/[^/]+'
[2026-09-03 14:20:10][info][CRDTCallbackManager] Successfully unregistered deleted data callback for pattern: '^/?/bc-369/tx/[^/]+'
[2026-09-03 14:20:10][info][TransactionManager] [d089dd46 - full: false] ~TransactionManager: Metrics — cert_fallback(success=0 failure=0) validation(approve=1 reject=0) tracking(insert=1 confirm=1 fail=0)
[2026-09-03 14:20:10][info][Blockchain] [d089dd46] Stopping blockchain
[2026-09-03 14:20:10][info][CRDTCallbackManager] Successfully unregistered new data callback for pattern: '/?gnus-genesis-block'
[2026-09-03 14:20:10][info][CRDTCallbackManager] Successfully unregistered new data callback for pattern: '/?gnus-account-creation-.*'
[2026-09-03 14:20:10][info][CRDTCallbackManager] Successfully unregistered new data callback for pattern: '/?gnus-validator-registry'
[2026-09-03 14:20:10][debug][GlobalDB] ~GlobalDB CALLED with count 6 on multi_node_finality_fault/restart-certificate-validator-one/rocksdb 
[2026-09-03 14:20:10][info][GlobalDB] GlobalDB shutdown start
[2026-09-03 14:20:10][info][CrdtDatastore] CancelAndCloseNow: begin (pending_jobs=0, self_queue=0, root_queue=0, pending_roots=0, active_root=false)
[2026-09-03 14:20:10][debug][GraphsyncDAGSyncer] Stopping Dagsyncer
[2026-09-03 14:20:10][debug][GraphsyncDAGSyncer] Dagsyncer Stopped
[2026-09-03 14:20:10.861100000][th:1235248][error] graphsync Varint Error msg=Stream: closed by remote peer
[2026-09-03 14:20:10.861106000][th:1235248][info] graphsync stream read error, peer=83Rsen, msg=stream is not readable
[2026-09-03 14:20:10.861106000][th:1235227][error] graphsync Varint Error msg=Stream: closed by remote peer
[2026-09-03 14:20:10.861113000][th:1235227][info] graphsync stream read error, peer=83Rsen, msg=stream is not readable
[2026-09-03 14:20:10.861165000][th:1235185][error] graphsync Varint Error msg=Stream: closed by this host
[2026-09-03 14:20:10.861170000][th:1235185][error] graphsync Varint Error msg=Stream: closed by this host
[2026-09-03 14:20:11][info][CrdtDatastore] CancelAndCloseNow: CRDT workers stopped
[2026-09-03 14:20:11][warning][CrdtDatastore] CancelAndCloseNow called but shutdown has already started
[2026-09-03 14:20:11][debug][GraphsyncDAGSyncer] ~GraphsyncDAGSyncer CALLED
[2026-09-03 14:20:11][info][GlobalDB] GlobalDB shutdown finished
[2026-09-03 14:20:11.160124000][th:1235185][error] GossipPubSub Address monitoring timer error: Operation canceled
[2026-09-03 14:20:12][info][KeyPairFileStorage] Path to keypairs multi_node_finality_fault/restart-certificate-validator-one/keypair
[2026-09-03 14:20:12][info][KeyPairFileStorage] Peer ID from public key: 12D3KooWNRmXcPFo7pGMZ6hSiyrVozDQ22TU26rU8tscUu83Rsen
Current limits: 16384 (soft), 9223372036854775807 (hard)
New limits set successfully: 16384 (soft), 9223372036854775807 (hard)
Initialized relay addresses
[2026-09-03 14:20:12.170435000][th:1234463][info] GossipPubSub /ip4/0.0.0.0/tcp/54611/p2p/12D3KooWNRmXcPFo7pGMZ6hSiyrVozDQ22TU26rU8tscUu83Rsen: Starting PubSub service
[2026-09-03 14:20:12.170662000][th:1235435][info] GossipPubSub Starting address monitoring system for mobile network changes
[2026-09-03 14:20:12.170670000][th:1235435][info] GossipPubSub === CURRENT NETWORK STATE ===
[2026-09-03 14:20:12.170689000][th:1235435][info] GossipPubSub Primary listening address: /ip4/0.0.0.0/tcp/54611/p2p/12D3KooWNRmXcPFo7pGMZ6hSiyrVozDQ22TU26rU8tscUu83Rsen
[2026-09-03 14:20:12.170692000][th:1235435][info] GossipPubSub Host peer info addresses (0):
[2026-09-03 14:20:12.170693000][th:1235435][info] GossipPubSub Additional addresses we track (0):
[2026-09-03 14:20:12.170695000][th:1235435][info] GossipPubSub Listening addresses (1):
[2026-09-03 14:20:12.170696000][th:1235435][info] GossipPubSub   -> /ip4/0.0.0.0/tcp/54611/p2p/12D3KooWNRmXcPFo7pGMZ6hSiyrVozDQ22TU26rU8tscUu83Rsen
[2026-09-03 14:20:12.170698000][th:1235435][info] GossipPubSub Interface addresses (0):
[2026-09-03 14:20:12.170699000][th:1235435][info] GossipPubSub === RAW OBSERVED ADDRESS DEBUG ===
[2026-09-03 14:20:12.170702000][th:1235435][info] GossipPubSub Local address: /ip4/0.0.0.0/tcp/54611/p2p/12D3KooWNRmXcPFo7pGMZ6hSiyrVozDQ22TU26rU8tscUu83Rsen -> 0 raw observed, 0 activated+confirmed
[2026-09-03 14:20:12.170705000][th:1235435][info] GossipPubSub TOTAL: 0 raw observed addresses, 0 activated+confirmed addresses
[2026-09-03 14:20:12.170706000][th:1235435][info] GossipPubSub === END RAW OBSERVED ADDRESS DEBUG ===
[2026-09-03 14:20:12.170707000][th:1235435][info] GossipPubSub Observed addresses - all (0):
[2026-09-03 14:20:12.170708000][th:1235435][info] GossipPubSub Observed addresses - confirmed only (0):
[2026-09-03 14:20:12.170709000][th:1235435][info] GossipPubSub Relay addresses (0):
[2026-09-03 14:20:12.170714000][th:1235435][warning] GossipPubSub Failed to get addresses from peer repository: not found
[2026-09-03 14:20:12.170804000][th:1235435][info] GossipPubSub Found 1 valid network interfaces
[2026-09-03 14:20:12.170810000][th:1235435][info] GossipPubSub Current network interfaces (1):
[2026-09-03 14:20:12.170811000][th:1235435][info] GossipPubSub   -> 192.168.1.6
[2026-09-03 14:20:12.170813000][th:1235435][info] GossipPubSub Active connections: 0
[2026-09-03 14:20:12.170814000][th:1235435][info] GossipPubSub === PEER CONNECTION DETAILS ===
[2026-09-03 14:20:12.170816000][th:1235435][info] GossipPubSub NOTE: Observed addresses need to be seen by 4+ different peer groups to become 'activated'
[2026-09-03 14:20:12.170817000][th:1235435][info] GossipPubSub NOTE: Current connections: 0, so max possible observers: 0
[2026-09-03 14:20:12.170818000][th:1235435][info] GossipPubSub === END PEER CONNECTION DETAILS ===
[2026-09-03 14:20:12.170819000][th:1235435][info] GossipPubSub Connection manager stats:
[2026-09-03 14:20:12.170821000][th:1235435][info] GossipPubSub   -> Max connections: 1000
[2026-09-03 14:20:12.170822000][th:1235435][info] GossipPubSub   -> Current connections: 0
[2026-09-03 14:20:12.170823000][th:1235435][info] GossipPubSub === END NETWORK STATE ===
[2026-09-03 14:20:12.171228000][th:1235435][info] GossipPubSub /ip4/0.0.0.0/tcp/54611/p2p/12D3KooWNRmXcPFo7pGMZ6hSiyrVozDQ22TU26rU8tscUu83Rsen : PubSub service started
[2026-09-03 14:20:12][info][GlobalDB] Opening database /Users/henriqueklein/gnus/SuperGenius/multi_node_finality_fault/restart-certificate-validator-one/rocksdb
[2026-09-03 14:20:12][debug][GraphsyncDAGSyncer] GraphSyncer created 4613767688 
[2026-09-03 14:20:12][info][CrdtDatastore] crdt Datastore created. Number of heads: 2 Current max-height: 18446744073709551615
[2026-09-03 14:20:12][info][GeniusAccount] Secure storage ID path: /Users/henriqueklein/gnus/SuperGenius/multi_node_finality_fault/restart-certificate-validator-one/account/secure_storage_id
[2026-09-03 14:20:12][info][GeniusAccount] Loaded public key from file: d089dd4678da75ea... (length: 128)
[2026-09-03 14:20:12][info][GeniusAccount] Successfully loaded key_seed from storage
[2026-09-03 14:20:12][info][GeniusAccount] Validation successful: key_seed matches stored public key
[2026-09-03 14:20:12][warning][UTXOManager] Skipping malformed UTXO key /utxo-checkpoint/d089dd4678da75eaba7ef8d42ce527d0a2414e63b0c892b05d30118078a35a5edc54aada7eb85b0dc4fe8f5fe66bd1a604de086dceaa37d972df9351a8729447/1
[2026-09-03 14:20:12][warning][UTXOManager] Skipping malformed UTXO key /utxo-checkpoint/d089dd4678da75eaba7ef8d42ce527d0a2414e63b0c892b05d30118078a35a5edc54aada7eb85b0dc4fe8f5fe66bd1a604de086dceaa37d972df9351a8729447/latest
[2026-09-03 14:20:12][info][Blockchain] [d089dd46] Blockchain instance created with authorized full node: 8a33bdf1
[2026-09-03 14:20:12][info][ValidatorRegistry] InitializeCache: cache initialized with CID QmTVrdJ9f2KVXAahTAXyvZVgL9A6k1K5WAWH5QzkDVXbop
[2026-09-03 14:20:12][info][CRDTCallbackManager] Successfully registered new data callback for pattern: '/?gnus-validator-registry'
[2026-09-03 14:20:12][info][ValidatorRegistry] RegisterFilter: result=true
[2026-09-03 14:20:12][info][ValidatorRegistry] New: instance ready
[2026-09-03 14:20:12.200430000][th:1235435][info] GossipPubSub /ip4/0.0.0.0/tcp/54611/p2p/12D3KooWNRmXcPFo7pGMZ6hSiyrVozDQ22TU26rU8tscUu83Rsen: PubSub subscribed to topic 'gnus-validator-registry.3.7.144'
[2026-09-03 14:20:12][info][CRDTCallbackManager] Successfully registered new data callback for pattern: '^/?cert/[^/]+'
[2026-09-03 14:20:12.200464000][th:1235435][info] GossipPubSub /ip4/0.0.0.0/tcp/54611/p2p/12D3KooWNRmXcPFo7pGMZ6hSiyrVozDQ22TU26rU8tscUu83Rsen: PubSub subscribed to topic 'consensus-channel-.3.7.144'
[2026-09-03 14:20:12.200491000][th:1235435][info] GossipPubSub /ip4/0.0.0.0/tcp/54611/p2p/12D3KooWNRmXcPFo7pGMZ6hSiyrVozDQ22TU26rU8tscUu83Rsen: PubSub subscribed to topic 'consensus-channel-.3.7.144#datastore.3.7.144'
[2026-09-03 14:20:12][info][CRDTCallbackManager] Successfully registered new data callback for pattern: '/?gnus-genesis-block'
[2026-09-03 14:20:12][info][CRDTCallbackManager] Successfully registered new data callback for pattern: '/?gnus-account-creation-.*'
[2026-09-03 14:20:12][info][CRDTCallbackManager] Successfully registered new data callback for pattern: '^/?/bc-144/tx/[^/]+'
[2026-09-03 14:20:12][info][CRDTCallbackManager] Successfully registered deleted data callback for pattern: '^/?/bc-144/tx/[^/]+'
[2026-09-03 14:20:12][info][CRDTCallbackManager] Successfully registered new data callback for pattern: '^/?/bc-963/tx/[^/]+'
[2026-09-03 14:20:12][info][CRDTCallbackManager] Successfully registered deleted data callback for pattern: '^/?/bc-963/tx/[^/]+'
[2026-09-03 14:20:12][info][CRDTCallbackManager] Successfully registered new data callback for pattern: '^/?/bc-369/tx/[^/]+'
[2026-09-03 14:20:12][info][CRDTCallbackManager] Successfully registered deleted data callback for pattern: '^/?/bc-369/tx/[^/]+'
[2026-09-03 14:20:12][info][CRDTCallbackManager] Successfully unregistered new data callback for pattern: '^/?/bc-144/tx/[^/]+'
[2026-09-03 14:20:12][info][CRDTCallbackManager] Successfully unregistered deleted data callback for pattern: '^/?/bc-144/tx/[^/]+'
[2026-09-03 14:20:12][info][CRDTCallbackManager] Successfully unregistered new data callback for pattern: '^/?/bc-963/tx/[^/]+'
[2026-09-03 14:20:12][info][CRDTCallbackManager] Successfully unregistered deleted data callback for pattern: '^/?/bc-963/tx/[^/]+'
[2026-09-03 14:20:12][info][CRDTCallbackManager] Successfully unregistered new data callback for pattern: '^/?/bc-369/tx/[^/]+'
[2026-09-03 14:20:12][info][CRDTCallbackManager] Successfully unregistered deleted data callback for pattern: '^/?/bc-369/tx/[^/]+'
[2026-09-03 14:20:12][info][TransactionManager] [5006ab91 - full: false] ~TransactionManager: Metrics — cert_fallback(success=1 failure=0) validation(approve=0 reject=0) tracking(insert=0 confirm=1 fail=0)
[2026-09-03 14:20:12][info][Blockchain] [5006ab91] Stopping blockchain
[2026-09-03 14:20:12][info][CRDTCallbackManager] Successfully unregistered new data callback for pattern: '/?gnus-genesis-block'
[2026-09-03 14:20:12][info][CRDTCallbackManager] Successfully unregistered new data callback for pattern: '/?gnus-account-creation-.*'
[2026-09-03 14:20:12][info][CRDTCallbackManager] Successfully unregistered new data callback for pattern: '/?gnus-validator-registry'
[2026-09-03 14:20:12][debug][GlobalDB] ~GlobalDB CALLED with count 6 on multi_node_finality_fault/restart-certificate-validator-two/rocksdb 
[2026-09-03 14:20:12][info][GlobalDB] GlobalDB shutdown start
[2026-09-03 14:20:12][info][CrdtDatastore] CancelAndCloseNow: begin (pending_jobs=0, self_queue=0, root_queue=0, pending_roots=0, active_root=false)
[2026-09-03 14:20:12][debug][GraphsyncDAGSyncer] Stopping Dagsyncer
[2026-09-03 14:20:12][debug][GraphsyncDAGSyncer] Dagsyncer Stopped
[2026-09-03 14:20:12][info][CrdtDatastore] CancelAndCloseNow: CRDT workers stopped
[2026-09-03 14:20:12][warning][CrdtDatastore] CancelAndCloseNow called but shutdown has already started
[2026-09-03 14:20:12][debug][GraphsyncDAGSyncer] ~GraphsyncDAGSyncer CALLED
[2026-09-03 14:20:12][info][GlobalDB] GlobalDB shutdown finished
[2026-09-03 14:20:12.228100000][th:1235375][error] GossipPubSub Address monitoring timer error: Operation canceled
[2026-09-03 14:20:13][info][KeyPairFileStorage] Path to keypairs multi_node_finality_fault/restart-certificate-validator-two/keypair
[2026-09-03 14:20:13][info][KeyPairFileStorage] Peer ID from public key: 12D3KooWN7FTBtije156A9PPyfe6VHF7Az1o92r2jf7Hk9c7sLBv
Current limits: 16384 (soft), 9223372036854775807 (hard)
New limits set successfully: 16384 (soft), 9223372036854775807 (hard)
Initialized relay addresses
[2026-09-03 14:20:13.234610000][th:1234463][info] GossipPubSub /ip4/0.0.0.0/tcp/54612/p2p/12D3KooWN7FTBtije156A9PPyfe6VHF7Az1o92r2jf7Hk9c7sLBv: Starting PubSub service
[2026-09-03 14:20:13.234675000][th:1235462][info] GossipPubSub Starting address monitoring system for mobile network changes
[2026-09-03 14:20:13.234677000][th:1235462][info] GossipPubSub === CURRENT NETWORK STATE ===
[2026-09-03 14:20:13.234684000][th:1235462][info] GossipPubSub Primary listening address: /ip4/0.0.0.0/tcp/54612/p2p/12D3KooWN7FTBtije156A9PPyfe6VHF7Az1o92r2jf7Hk9c7sLBv
[2026-09-03 14:20:13.234685000][th:1235462][info] GossipPubSub Host peer info addresses (0):
[2026-09-03 14:20:13.234686000][th:1235462][info] GossipPubSub Additional addresses we track (0):
[2026-09-03 14:20:13.234686000][th:1235462][info] GossipPubSub Listening addresses (1):
[2026-09-03 14:20:13.234687000][th:1235462][info] GossipPubSub   -> /ip4/0.0.0.0/tcp/54612/p2p/12D3KooWN7FTBtije156A9PPyfe6VHF7Az1o92r2jf7Hk9c7sLBv
[2026-09-03 14:20:13.234688000][th:1235462][info] GossipPubSub Interface addresses (0):
[2026-09-03 14:20:13.234688000][th:1235462][info] GossipPubSub === RAW OBSERVED ADDRESS DEBUG ===
[2026-09-03 14:20:13.234690000][th:1235462][info] GossipPubSub Local address: /ip4/0.0.0.0/tcp/54612/p2p/12D3KooWN7FTBtije156A9PPyfe6VHF7Az1o92r2jf7Hk9c7sLBv -> 0 raw observed, 0 activated+confirmed
[2026-09-03 14:20:13.234691000][th:1235462][info] GossipPubSub TOTAL: 0 raw observed addresses, 0 activated+confirmed addresses
[2026-09-03 14:20:13.234691000][th:1235462][info] GossipPubSub === END RAW OBSERVED ADDRESS DEBUG ===
[2026-09-03 14:20:13.234692000][th:1235462][info] GossipPubSub Observed addresses - all (0):
[2026-09-03 14:20:13.234693000][th:1235462][info] GossipPubSub Observed addresses - confirmed only (0):
[2026-09-03 14:20:13.234694000][th:1235462][info] GossipPubSub Relay addresses (0):
[2026-09-03 14:20:13.234695000][th:1235462][warning] GossipPubSub Failed to get addresses from peer repository: not found
[2026-09-03 14:20:13.234733000][th:1235462][info] GossipPubSub Found 1 valid network interfaces
[2026-09-03 14:20:13.234735000][th:1235462][info] GossipPubSub Current network interfaces (1):
[2026-09-03 14:20:13.234736000][th:1235462][info] GossipPubSub   -> 192.168.1.6
[2026-09-03 14:20:13.234737000][th:1235462][info] GossipPubSub Active connections: 0
[2026-09-03 14:20:13.234737000][th:1235462][info] GossipPubSub === PEER CONNECTION DETAILS ===
[2026-09-03 14:20:13.234738000][th:1235462][info] GossipPubSub NOTE: Observed addresses need to be seen by 4+ different peer groups to become 'activated'
[2026-09-03 14:20:13.234739000][th:1235462][info] GossipPubSub NOTE: Current connections: 0, so max possible observers: 0
[2026-09-03 14:20:13.234739000][th:1235462][info] GossipPubSub === END PEER CONNECTION DETAILS ===
[2026-09-03 14:20:13.234739000][th:1235462][info] GossipPubSub Connection manager stats:
[2026-09-03 14:20:13.234740000][th:1235462][info] GossipPubSub   -> Max connections: 1000
[2026-09-03 14:20:13.234741000][th:1235462][info] GossipPubSub   -> Current connections: 0
[2026-09-03 14:20:13.234741000][th:1235462][info] GossipPubSub === END NETWORK STATE ===
[2026-09-03 14:20:13.234869000][th:1235462][info] GossipPubSub /ip4/0.0.0.0/tcp/54612/p2p/12D3KooWN7FTBtije156A9PPyfe6VHF7Az1o92r2jf7Hk9c7sLBv : PubSub service started
[2026-09-03 14:20:13][info][GlobalDB] Opening database /Users/henriqueklein/gnus/SuperGenius/multi_node_finality_fault/restart-certificate-validator-two/rocksdb
[2026-09-03 14:20:13][debug][GraphsyncDAGSyncer] GraphSyncer created 5408577912 
[2026-09-03 14:20:13][info][CrdtDatastore] crdt Datastore created. Number of heads: 2 Current max-height: 18446744073709551615
[2026-09-03 14:20:13][info][GeniusAccount] Secure storage ID path: /Users/henriqueklein/gnus/SuperGenius/multi_node_finality_fault/restart-certificate-validator-two/account/secure_storage_id
[2026-09-03 14:20:13][info][GeniusAccount] Loaded public key from file: 5006ab913d0ea8a3... (length: 128)
[2026-09-03 14:20:13][info][GeniusAccount] Successfully loaded key_seed from storage
[2026-09-03 14:20:13][info][GeniusAccount] Validation successful: key_seed matches stored public key
[2026-09-03 14:20:13][warning][UTXOManager] Skipping malformed UTXO key /utxo-checkpoint/5006ab913d0ea8a3cf1ee00da8b9af729c058d4817ab65a21285f64c82b425ffc6d16018106baf4c00874216376d14453849c55e9d1c9176549fe94421f8f2f7/1
[2026-09-03 14:20:13][warning][UTXOManager] Skipping malformed UTXO key /utxo-checkpoint/5006ab913d0ea8a3cf1ee00da8b9af729c058d4817ab65a21285f64c82b425ffc6d16018106baf4c00874216376d14453849c55e9d1c9176549fe94421f8f2f7/latest
[2026-09-03 14:20:13][info][Blockchain] [5006ab91] Blockchain instance created with authorized full node: 8a33bdf1
[2026-09-03 14:20:13][info][ValidatorRegistry] InitializeCache: cache initialized with CID QmTVrdJ9f2KVXAahTAXyvZVgL9A6k1K5WAWH5QzkDVXbop
[2026-09-03 14:20:13][info][CRDTCallbackManager] Successfully registered new data callback for pattern: '/?gnus-validator-registry'
[2026-09-03 14:20:13][info][ValidatorRegistry] RegisterFilter: result=true
[2026-09-03 14:20:13][info][ValidatorRegistry] New: instance ready
[2026-09-03 14:20:13.259652000][th:1235462][info] GossipPubSub /ip4/0.0.0.0/tcp/54612/p2p/12D3KooWN7FTBtije156A9PPyfe6VHF7Az1o92r2jf7Hk9c7sLBv: PubSub subscribed to topic 'gnus-validator-registry.3.7.144'
[2026-09-03 14:20:13][info][CRDTCallbackManager] Successfully registered new data callback for pattern: '^/?cert/[^/]+'
[2026-09-03 14:20:13.259672000][th:1235462][info] GossipPubSub /ip4/0.0.0.0/tcp/54612/p2p/12D3KooWN7FTBtije156A9PPyfe6VHF7Az1o92r2jf7Hk9c7sLBv: PubSub subscribed to topic 'consensus-channel-.3.7.144'
[2026-09-03 14:20:13.259688000][th:1235462][info] GossipPubSub /ip4/0.0.0.0/tcp/54612/p2p/12D3KooWN7FTBtije156A9PPyfe6VHF7Az1o92r2jf7Hk9c7sLBv: PubSub subscribed to topic 'consensus-channel-.3.7.144#datastore.3.7.144'
[2026-09-03 14:20:13][info][CRDTCallbackManager] Successfully registered new data callback for pattern: '/?gnus-genesis-block'
[2026-09-03 14:20:13][info][CRDTCallbackManager] Successfully registered new data callback for pattern: '/?gnus-account-creation-.*'
[2026-09-03 14:20:13][info][CRDTCallbackManager] Successfully registered new data callback for pattern: '^/?/bc-144/tx/[^/]+'
[2026-09-03 14:20:13][info][CRDTCallbackManager] Successfully registered deleted data callback for pattern: '^/?/bc-144/tx/[^/]+'
[2026-09-03 14:20:13][info][CRDTCallbackManager] Successfully registered new data callback for pattern: '^/?/bc-963/tx/[^/]+'
[2026-09-03 14:20:13][info][CRDTCallbackManager] Successfully registered deleted data callback for pattern: '^/?/bc-963/tx/[^/]+'
[2026-09-03 14:20:13][info][CRDTCallbackManager] Successfully registered new data callback for pattern: '^/?/bc-369/tx/[^/]+'
[2026-09-03 14:20:13][info][CRDTCallbackManager] Successfully registered deleted data callback for pattern: '^/?/bc-369/tx/[^/]+'
[2026-09-03 14:20:13][info][CRDTCallbackManager] Successfully unregistered new data callback for pattern: '^/?/bc-144/tx/[^/]+'
[2026-09-03 14:20:13][info][CRDTCallbackManager] Successfully unregistered deleted data callback for pattern: '^/?/bc-144/tx/[^/]+'
[2026-09-03 14:20:13][info][CRDTCallbackManager] Successfully unregistered new data callback for pattern: '^/?/bc-963/tx/[^/]+'
[2026-09-03 14:20:13][info][CRDTCallbackManager] Successfully unregistered deleted data callback for pattern: '^/?/bc-963/tx/[^/]+'
[2026-09-03 14:20:13][info][CRDTCallbackManager] Successfully unregistered new data callback for pattern: '^/?/bc-369/tx/[^/]+'
[2026-09-03 14:20:13][info][CRDTCallbackManager] Successfully unregistered deleted data callback for pattern: '^/?/bc-369/tx/[^/]+'
[2026-09-03 14:20:13][info][TransactionManager] [11b5e26c - full: false] ~TransactionManager: Metrics — cert_fallback(success=0 failure=0) validation(approve=1 reject=0) tracking(insert=1 confirm=1 fail=0)
[2026-09-03 14:20:13][info][Blockchain] [11b5e26c] Stopping blockchain
[2026-09-03 14:20:13][info][CRDTCallbackManager] Successfully unregistered new data callback for pattern: '/?gnus-genesis-block'
[2026-09-03 14:20:13][info][CRDTCallbackManager] Successfully unregistered new data callback for pattern: '/?gnus-account-creation-.*'
[2026-09-03 14:20:13][info][CRDTCallbackManager] Successfully unregistered new data callback for pattern: '/?gnus-validator-registry'
[2026-09-03 14:20:13][debug][GlobalDB] ~GlobalDB CALLED with count 6 on multi_node_finality_fault/restart-certificate-validator-three/rocksdb 
[2026-09-03 14:20:13][info][GlobalDB] GlobalDB shutdown start
[2026-09-03 14:20:13][info][CrdtDatastore] CancelAndCloseNow: begin (pending_jobs=1, self_queue=0, root_queue=0, pending_roots=0, active_root=false)
[2026-09-03 14:20:13][debug][GraphsyncDAGSyncer] Stopping Dagsyncer
[2026-09-03 14:20:13][debug][GraphsyncDAGSyncer] Dagsyncer Stopped
[2026-09-03 14:20:13.286020000][th:1234537][info] GossipPubSub === Address Refresh Cycle Started ===
[2026-09-03 14:20:13.286069000][th:1234537][info] GossipPubSub Found 1 valid network interfaces
[2026-09-03 14:20:13.286135000][th:1234537][info] GossipPubSub   -> New interface address: /ip4/192.168.1.6/tcp/40001/p2p/12D3KooWLDBy9qVgw8e1A4fFJik7SJZ1xPszJM7bXKsoGdoWiP77
[2026-09-03 14:20:13.286153000][th:1234537][info] GossipPubSub Successfully refreshed 1 addresses with 10-minute TTL
[2026-09-03 14:20:13.286155000][th:1234537][info] GossipPubSub === Address Refresh Cycle Completed ===
[2026-09-03 14:20:13.286156000][th:1234537][info] GossipPubSub === CURRENT NETWORK STATE ===
[2026-09-03 14:20:13.286162000][th:1234537][info] GossipPubSub Primary listening address: /ip4/0.0.0.0/tcp/40001/p2p/12D3KooWLDBy9qVgw8e1A4fFJik7SJZ1xPszJM7bXKsoGdoWiP77
[2026-09-03 14:20:13.286163000][th:1234537][info] GossipPubSub Host peer info addresses (0):
[2026-09-03 14:20:13.286163000][th:1234537][info] GossipPubSub Additional addresses we track (1):
[2026-09-03 14:20:13.286164000][th:1234537][info] GossipPubSub   -> /ip4/192.168.1.6/tcp/40001/p2p/12D3KooWLDBy9qVgw8e1A4fFJik7SJZ1xPszJM7bXKsoGdoWiP77
[2026-09-03 14:20:13.286165000][th:1234537][info] GossipPubSub Listening addresses (1):
[2026-09-03 14:20:13.286165000][th:1234537][info] GossipPubSub   -> /ip4/0.0.0.0/tcp/40001/p2p/12D3KooWLDBy9qVgw8e1A4fFJik7SJZ1xPszJM7bXKsoGdoWiP77
[2026-09-03 14:20:13.286166000][th:1234537][info] GossipPubSub Interface addresses (0):
[2026-09-03 14:20:13.286166000][th:1234537][info] GossipPubSub === RAW OBSERVED ADDRESS DEBUG ===
[2026-09-03 14:20:13.286168000][th:1234537][info] GossipPubSub Local address: /ip4/0.0.0.0/tcp/40001/p2p/12D3KooWLDBy9qVgw8e1A4fFJik7SJZ1xPszJM7bXKsoGdoWiP77 -> 0 raw observed, 0 activated+confirmed
[2026-09-03 14:20:13.286169000][th:1234537][info] GossipPubSub TOTAL: 0 raw observed addresses, 0 activated+confirmed addresses
[2026-09-03 14:20:13.286169000][th:1234537][info] GossipPubSub === END RAW OBSERVED ADDRESS DEBUG ===
[2026-09-03 14:20:13.286170000][th:1234537][info] GossipPubSub Observed addresses - all (0):
[2026-09-03 14:20:13.286187000][th:1234537][info] GossipPubSub Observed addresses - confirmed only (0):
[2026-09-03 14:20:13.286192000][th:1234537][info] GossipPubSub Relay addresses (0):
[2026-09-03 14:20:13.286232000][th:1234537][info] GossipPubSub Peer repository addresses (1):
[2026-09-03 14:20:13.286234000][th:1234537][info] GossipPubSub   -> /ip4/192.168.1.6/tcp/40001/p2p/12D3KooWLDBy9qVgw8e1A4fFJik7SJZ1xPszJM7bXKsoGdoWiP77
[2026-09-03 14:20:13.286252000][th:1234537][info] GossipPubSub Found 1 valid network interfaces
[2026-09-03 14:20:13.286254000][th:1234537][info] GossipPubSub Current network interfaces (1):
[2026-09-03 14:20:13.286254000][th:1234537][info] GossipPubSub   -> 192.168.1.6
[2026-09-03 14:20:13.286255000][th:1234537][info] GossipPubSub Active connections: 0
[2026-09-03 14:20:13.286256000][th:1234537][info] GossipPubSub === PEER CONNECTION DETAILS ===
[2026-09-03 14:20:13.286256000][th:1234537][info] GossipPubSub NOTE: Observed addresses need to be seen by 4+ different peer groups to become 'activated'
[2026-09-03 14:20:13.286257000][th:1234537][info] GossipPubSub NOTE: Current connections: 0, so max possible observers: 0
[2026-09-03 14:20:13.286258000][th:1234537][info] GossipPubSub === END PEER CONNECTION DETAILS ===
[2026-09-03 14:20:13.286258000][th:1234537][info] GossipPubSub Connection manager stats:
[2026-09-03 14:20:13.286259000][th:1234537][info] GossipPubSub   -> Max connections: 1000
[2026-09-03 14:20:13.286260000][th:1234537][info] GossipPubSub   -> Current connections: 0
[2026-09-03 14:20:13.286261000][th:1234537][info] GossipPubSub === END NETWORK STATE ===
[2026-09-03 14:20:13][info][CrdtDatastore] CancelAndCloseNow: CRDT workers stopped
[2026-09-03 14:20:13][warning][CrdtDatastore] CancelAndCloseNow called but shutdown has already started
[2026-09-03 14:20:13][debug][GraphsyncDAGSyncer] ~GraphsyncDAGSyncer CALLED
[2026-09-03 14:20:13][info][GlobalDB] GlobalDB shutdown finished
[2026-09-03 14:20:13.757849000][th:1235227][error] GossipPubSub Address monitoring timer error: Operation canceled
[2026-09-03 14:20:14][info][KeyPairFileStorage] Path to keypairs multi_node_finality_fault/restart-certificate-validator-three/keypair
[2026-09-03 14:20:14][info][KeyPairFileStorage] Peer ID from public key: 12D3KooWFmgmycUZEpXscoifwWMB2HgrKuXFiWsiDPWa6NTp71GK
Current limits: 16384 (soft), 9223372036854775807 (hard)
New limits set successfully: 16384 (soft), 9223372036854775807 (hard)
Initialized relay addresses
[2026-09-03 14:20:14.765614000][th:1234463][info] GossipPubSub /ip4/0.0.0.0/tcp/54613/p2p/12D3KooWFmgmycUZEpXscoifwWMB2HgrKuXFiWsiDPWa6NTp71GK: Starting PubSub service
[2026-09-03 14:20:14.765690000][th:1235544][info] GossipPubSub Starting address monitoring system for mobile network changes
[2026-09-03 14:20:14.765692000][th:1235544][info] GossipPubSub === CURRENT NETWORK STATE ===
[2026-09-03 14:20:14.765700000][th:1235544][info] GossipPubSub Primary listening address: /ip4/0.0.0.0/tcp/54613/p2p/12D3KooWFmgmycUZEpXscoifwWMB2HgrKuXFiWsiDPWa6NTp71GK
[2026-09-03 14:20:14.765701000][th:1235544][info] GossipPubSub Host peer info addresses (0):
[2026-09-03 14:20:14.765702000][th:1235544][info] GossipPubSub Additional addresses we track (0):
[2026-09-03 14:20:14.765703000][th:1235544][info] GossipPubSub Listening addresses (1):
[2026-09-03 14:20:14.765704000][th:1235544][info] GossipPubSub   -> /ip4/0.0.0.0/tcp/54613/p2p/12D3KooWFmgmycUZEpXscoifwWMB2HgrKuXFiWsiDPWa6NTp71GK
[2026-09-03 14:20:14.765705000][th:1235544][info] GossipPubSub Interface addresses (0):
[2026-09-03 14:20:14.765706000][th:1235544][info] GossipPubSub === RAW OBSERVED ADDRESS DEBUG ===
[2026-09-03 14:20:14.765708000][th:1235544][info] GossipPubSub Local address: /ip4/0.0.0.0/tcp/54613/p2p/12D3KooWFmgmycUZEpXscoifwWMB2HgrKuXFiWsiDPWa6NTp71GK -> 0 raw observed, 0 activated+confirmed
[2026-09-03 14:20:14.765709000][th:1235544][info] GossipPubSub TOTAL: 0 raw observed addresses, 0 activated+confirmed addresses
[2026-09-03 14:20:14.765710000][th:1235544][info] GossipPubSub === END RAW OBSERVED ADDRESS DEBUG ===
[2026-09-03 14:20:14.765710000][th:1235544][info] GossipPubSub Observed addresses - all (0):
[2026-09-03 14:20:14.765711000][th:1235544][info] GossipPubSub Observed addresses - confirmed only (0):
[2026-09-03 14:20:14.765712000][th:1235544][info] GossipPubSub Relay addresses (0):
[2026-09-03 14:20:14.765714000][th:1235544][warning] GossipPubSub Failed to get addresses from peer repository: not found
[2026-09-03 14:20:14.765749000][th:1235544][info] GossipPubSub Found 1 valid network interfaces
[2026-09-03 14:20:14.765750000][th:1235544][info] GossipPubSub Current network interfaces (1):
[2026-09-03 14:20:14.765751000][th:1235544][info] GossipPubSub   -> 192.168.1.6
[2026-09-03 14:20:14.765752000][th:1235544][info] GossipPubSub Active connections: 0
[2026-09-03 14:20:14.765753000][th:1235544][info] GossipPubSub === PEER CONNECTION DETAILS ===
[2026-09-03 14:20:14.765753000][th:1235544][info] GossipPubSub NOTE: Observed addresses need to be seen by 4+ different peer groups to become 'activated'
[2026-09-03 14:20:14.765754000][th:1235544][info] GossipPubSub NOTE: Current connections: 0, so max possible observers: 0
[2026-09-03 14:20:14.765755000][th:1235544][info] GossipPubSub === END PEER CONNECTION DETAILS ===
[2026-09-03 14:20:14.765755000][th:1235544][info] GossipPubSub Connection manager stats:
[2026-09-03 14:20:14.765756000][th:1235544][info] GossipPubSub   -> Max connections: 1000
[2026-09-03 14:20:14.765757000][th:1235544][info] GossipPubSub   -> Current connections: 0
[2026-09-03 14:20:14.765758000][th:1235544][info] GossipPubSub === END NETWORK STATE ===
[2026-09-03 14:20:14.765887000][th:1235544][info] GossipPubSub /ip4/0.0.0.0/tcp/54613/p2p/12D3KooWFmgmycUZEpXscoifwWMB2HgrKuXFiWsiDPWa6NTp71GK : PubSub service started
[2026-09-03 14:20:14][info][GlobalDB] Opening database /Users/henriqueklein/gnus/SuperGenius/multi_node_finality_fault/restart-certificate-validator-three/rocksdb
[2026-09-03 14:20:14][debug][GraphsyncDAGSyncer] GraphSyncer created 5427817672 
[2026-09-03 14:20:14][info][CrdtDatastore] crdt Datastore created. Number of heads: 2 Current max-height: 18446744073709551615
[2026-09-03 14:20:14][info][GeniusAccount] Secure storage ID path: /Users/henriqueklein/gnus/SuperGenius/multi_node_finality_fault/restart-certificate-validator-three/account/secure_storage_id
[2026-09-03 14:20:14][info][GeniusAccount] Loaded public key from file: 11b5e26c40f48873... (length: 128)
[2026-09-03 14:20:14][info][GeniusAccount] Successfully loaded key_seed from storage
[2026-09-03 14:20:14][info][GeniusAccount] Validation successful: key_seed matches stored public key
[2026-09-03 14:20:14][warning][UTXOManager] Skipping malformed UTXO key /utxo-checkpoint/11b5e26c40f48873b5617b12a1965d33c655e8c27876134d1dd3ff39050d968f2bf42dc703aab89334156fb8592f4803bca227df38f91480af4cf8991f90fa41/1
[2026-09-03 14:20:14][warning][UTXOManager] Skipping malformed UTXO key /utxo-checkpoint/11b5e26c40f48873b5617b12a1965d33c655e8c27876134d1dd3ff39050d968f2bf42dc703aab89334156fb8592f4803bca227df38f91480af4cf8991f90fa41/latest
[2026-09-03 14:20:14][info][Blockchain] [11b5e26c] Blockchain instance created with authorized full node: 8a33bdf1
[2026-09-03 14:20:14][info][ValidatorRegistry] InitializeCache: cache initialized with CID QmTVrdJ9f2KVXAahTAXyvZVgL9A6k1K5WAWH5QzkDVXbop
[2026-09-03 14:20:14][info][CRDTCallbackManager] Successfully registered new data callback for pattern: '/?gnus-validator-registry'
[2026-09-03 14:20:14][info][ValidatorRegistry] RegisterFilter: result=true
[2026-09-03 14:20:14][info][ValidatorRegistry] New: instance ready
[2026-09-03 14:20:14.790085000][th:1235544][info] GossipPubSub /ip4/0.0.0.0/tcp/54613/p2p/12D3KooWFmgmycUZEpXscoifwWMB2HgrKuXFiWsiDPWa6NTp71GK: PubSub subscribed to topic 'gnus-validator-registry.3.7.144'
[2026-09-03 14:20:14][info][CRDTCallbackManager] Successfully registered new data callback for pattern: '^/?cert/[^/]+'
[2026-09-03 14:20:14.790108000][th:1235544][info] GossipPubSub /ip4/0.0.0.0/tcp/54613/p2p/12D3KooWFmgmycUZEpXscoifwWMB2HgrKuXFiWsiDPWa6NTp71GK: PubSub subscribed to topic 'consensus-channel-.3.7.144'
[2026-09-03 14:20:14.790127000][th:1235544][info] GossipPubSub /ip4/0.0.0.0/tcp/54613/p2p/12D3KooWFmgmycUZEpXscoifwWMB2HgrKuXFiWsiDPWa6NTp71GK: PubSub subscribed to topic 'consensus-channel-.3.7.144#datastore.3.7.144'
[2026-09-03 14:20:14][info][CRDTCallbackManager] Successfully registered new data callback for pattern: '/?gnus-genesis-block'
[2026-09-03 14:20:14][info][CRDTCallbackManager] Successfully registered new data callback for pattern: '/?gnus-account-creation-.*'
[2026-09-03 14:20:14][info][CRDTCallbackManager] Successfully registered new data callback for pattern: '^/?/bc-144/tx/[^/]+'
[2026-09-03 14:20:14][info][CRDTCallbackManager] Successfully registered deleted data callback for pattern: '^/?/bc-144/tx/[^/]+'
[2026-09-03 14:20:14][info][CRDTCallbackManager] Successfully registered new data callback for pattern: '^/?/bc-963/tx/[^/]+'
[2026-09-03 14:20:14][info][CRDTCallbackManager] Successfully registered deleted data callback for pattern: '^/?/bc-963/tx/[^/]+'
[2026-09-03 14:20:14][info][CRDTCallbackManager] Successfully registered new data callback for pattern: '^/?/bc-369/tx/[^/]+'
[2026-09-03 14:20:14][info][CRDTCallbackManager] Successfully registered deleted data callback for pattern: '^/?/bc-369/tx/[^/]+'
[2026-09-03 14:20:14][info][CRDTCallbackManager] Successfully unregistered new data callback for pattern: '^/?/bc-144/tx/[^/]+'
[2026-09-03 14:20:14][info][CRDTCallbackManager] Successfully unregistered deleted data callback for pattern: '^/?/bc-144/tx/[^/]+'
[2026-09-03 14:20:14][info][CRDTCallbackManager] Successfully unregistered new data callback for pattern: '^/?/bc-963/tx/[^/]+'
[2026-09-03 14:20:14][info][CRDTCallbackManager] Successfully unregistered deleted data callback for pattern: '^/?/bc-963/tx/[^/]+'
[2026-09-03 14:20:14][info][CRDTCallbackManager] Successfully unregistered new data callback for pattern: '^/?/bc-369/tx/[^/]+'
[2026-09-03 14:20:14][info][CRDTCallbackManager] Successfully unregistered deleted data callback for pattern: '^/?/bc-369/tx/[^/]+'
[2026-09-03 14:20:14][info][TransactionManager] [8ad67dcd - full: false] ~TransactionManager: Metrics — cert_fallback(success=0 failure=0) validation(approve=1 reject=0) tracking(insert=1 confirm=1 fail=0)
[2026-09-03 14:20:14][info][Blockchain] [8ad67dcd] Stopping blockchain
[2026-09-03 14:20:14][info][CRDTCallbackManager] Successfully unregistered new data callback for pattern: '/?gnus-genesis-block'
[2026-09-03 14:20:14][info][CRDTCallbackManager] Successfully unregistered new data callback for pattern: '/?gnus-account-creation-.*'
[2026-09-03 14:20:14][info][CRDTCallbackManager] Successfully unregistered new data callback for pattern: '/?gnus-validator-registry'
[2026-09-03 14:20:14][debug][GlobalDB] ~GlobalDB CALLED with count 6 on multi_node_finality_fault/restart-certificate-passive/rocksdb 
[2026-09-03 14:20:14][info][GlobalDB] GlobalDB shutdown start
[2026-09-03 14:20:14][info][CrdtDatastore] CancelAndCloseNow: begin (pending_jobs=1, self_queue=0, root_queue=0, pending_roots=0, active_root=false)
[2026-09-03 14:20:14][debug][GraphsyncDAGSyncer] Stopping Dagsyncer
[2026-09-03 14:20:14][debug][GraphsyncDAGSyncer] Dagsyncer Stopped
[2026-09-03 14:20:14][info][CrdtDatastore] CancelAndCloseNow: CRDT workers stopped
[2026-09-03 14:20:14][warning][CrdtDatastore] CancelAndCloseNow called but shutdown has already started
[2026-09-03 14:20:14][debug][GraphsyncDAGSyncer] ~GraphsyncDAGSyncer CALLED
[2026-09-03 14:20:14][info][GlobalDB] GlobalDB shutdown finished
[2026-09-03 14:20:14.832027000][th:1235248][error] GossipPubSub Address monitoring timer error: Operation canceled
[2026-09-03 14:20:15][info][KeyPairFileStorage] Path to keypairs multi_node_finality_fault/restart-certificate-passive/keypair
[2026-09-03 14:20:15][info][KeyPairFileStorage] Peer ID from public key: 12D3KooWBfwQs8QUuBD2yT3eTGiToZwGN85xLbw4LqHNGNi1p9d2
Current limits: 16384 (soft), 9223372036854775807 (hard)
New limits set successfully: 16384 (soft), 9223372036854775807 (hard)
Initialized relay addresses
[2026-09-03 14:20:15.838335000][th:1234463][info] GossipPubSub /ip4/0.0.0.0/tcp/54614/p2p/12D3KooWBfwQs8QUuBD2yT3eTGiToZwGN85xLbw4LqHNGNi1p9d2: Starting PubSub service
[2026-09-03 14:20:15.838514000][th:1235569][info] GossipPubSub Starting address monitoring system for mobile network changes
[2026-09-03 14:20:15.838520000][th:1235569][info] GossipPubSub === CURRENT NETWORK STATE ===
[2026-09-03 14:20:15.838538000][th:1235569][info] GossipPubSub Primary listening address: /ip4/0.0.0.0/tcp/54614/p2p/12D3KooWBfwQs8QUuBD2yT3eTGiToZwGN85xLbw4LqHNGNi1p9d2
[2026-09-03 14:20:15.838541000][th:1235569][info] GossipPubSub Host peer info addresses (0):
[2026-09-03 14:20:15.838542000][th:1235569][info] GossipPubSub Additional addresses we track (0):
[2026-09-03 14:20:15.838543000][th:1235569][info] GossipPubSub Listening addresses (1):
[2026-09-03 14:20:15.838544000][th:1235569][info] GossipPubSub   -> /ip4/0.0.0.0/tcp/54614/p2p/12D3KooWBfwQs8QUuBD2yT3eTGiToZwGN85xLbw4LqHNGNi1p9d2
[2026-09-03 14:20:15.838546000][th:1235569][info] GossipPubSub Interface addresses (0):
[2026-09-03 14:20:15.838547000][th:1235569][info] GossipPubSub === RAW OBSERVED ADDRESS DEBUG ===
[2026-09-03 14:20:15.838550000][th:1235569][info] GossipPubSub Local address: /ip4/0.0.0.0/tcp/54614/p2p/12D3KooWBfwQs8QUuBD2yT3eTGiToZwGN85xLbw4LqHNGNi1p9d2 -> 0 raw observed, 0 activated+confirmed
[2026-09-03 14:20:15.838552000][th:1235569][info] GossipPubSub TOTAL: 0 raw observed addresses, 0 activated+confirmed addresses
[2026-09-03 14:20:15.838553000][th:1235569][info] GossipPubSub === END RAW OBSERVED ADDRESS DEBUG ===
[2026-09-03 14:20:15.838553000][th:1235569][info] GossipPubSub Observed addresses - all (0):
[2026-09-03 14:20:15.838554000][th:1235569][info] GossipPubSub Observed addresses - confirmed only (0):
[2026-09-03 14:20:15.838555000][th:1235569][info] GossipPubSub Relay addresses (0):
[2026-09-03 14:20:15.838560000][th:1235569][warning] GossipPubSub Failed to get addresses from peer repository: not found
[2026-09-03 14:20:15.838647000][th:1235569][info] GossipPubSub Found 1 valid network interfaces
[2026-09-03 14:20:15.838650000][th:1235569][info] GossipPubSub Current network interfaces (1):
[2026-09-03 14:20:15.838651000][th:1235569][info] GossipPubSub   -> 192.168.1.6
[2026-09-03 14:20:15.838653000][th:1235569][info] GossipPubSub Active connections: 0
[2026-09-03 14:20:15.838654000][th:1235569][info] GossipPubSub === PEER CONNECTION DETAILS ===
[2026-09-03 14:20:15.838655000][th:1235569][info] GossipPubSub NOTE: Observed addresses need to be seen by 4+ different peer groups to become 'activated'
[2026-09-03 14:20:15.838656000][th:1235569][info] GossipPubSub NOTE: Current connections: 0, so max possible observers: 0
[2026-09-03 14:20:15.838657000][th:1235569][info] GossipPubSub === END PEER CONNECTION DETAILS ===
[2026-09-03 14:20:15.838664000][th:1235569][info] GossipPubSub Connection manager stats:
[2026-09-03 14:20:15.838665000][th:1235569][info] GossipPubSub   -> Max connections: 1000
[2026-09-03 14:20:15.838666000][th:1235569][info] GossipPubSub   -> Current connections: 0
[2026-09-03 14:20:15.838667000][th:1235569][info] GossipPubSub === END NETWORK STATE ===
[2026-09-03 14:20:15.839032000][th:1235569][info] GossipPubSub /ip4/0.0.0.0/tcp/54614/p2p/12D3KooWBfwQs8QUuBD2yT3eTGiToZwGN85xLbw4LqHNGNi1p9d2 : PubSub service started
[2026-09-03 14:20:15][info][GlobalDB] Opening database /Users/henriqueklein/gnus/SuperGenius/multi_node_finality_fault/restart-certificate-passive/rocksdb
[2026-09-03 14:20:15][debug][GraphsyncDAGSyncer] GraphSyncer created 4604353720 
[2026-09-03 14:20:15][info][CrdtDatastore] crdt Datastore created. Number of heads: 2 Current max-height: 18446744073709551615
[2026-09-03 14:20:15][info][GeniusAccount] Secure storage ID path: /Users/henriqueklein/gnus/SuperGenius/multi_node_finality_fault/restart-certificate-passive/account/secure_storage_id
[2026-09-03 14:20:15][info][GeniusAccount] Loaded public key from file: 8ad67dcd602c8e44... (length: 128)
[2026-09-03 14:20:15][info][GeniusAccount] Successfully loaded key_seed from storage
[2026-09-03 14:20:15][info][GeniusAccount] Validation successful: key_seed matches stored public key
[2026-09-03 14:20:15][warning][UTXOManager] Skipping malformed UTXO key /utxo-checkpoint/8ad67dcd602c8e442e5086a6dff92a96c6607f8cc13c7f02ebf1502711e8bf1025274d6c02c2191a96957ac907b452e61a2067a68aab8ccc91a47119aee16e61/1
[2026-09-03 14:20:15][warning][UTXOManager] Skipping malformed UTXO key /utxo-checkpoint/8ad67dcd602c8e442e5086a6dff92a96c6607f8cc13c7f02ebf1502711e8bf1025274d6c02c2191a96957ac907b452e61a2067a68aab8ccc91a47119aee16e61/latest
[2026-09-03 14:20:15][info][Blockchain] [8ad67dcd] Blockchain instance created with authorized full node: 8a33bdf1
[2026-09-03 14:20:15][info][ValidatorRegistry] InitializeCache: cache initialized with CID QmTVrdJ9f2KVXAahTAXyvZVgL9A6k1K5WAWH5QzkDVXbop
[2026-09-03 14:20:15][info][CRDTCallbackManager] Successfully registered new data callback for pattern: '/?gnus-validator-registry'
[2026-09-03 14:20:15][info][ValidatorRegistry] RegisterFilter: result=true
[2026-09-03 14:20:15][info][ValidatorRegistry] New: instance ready
[2026-09-03 14:20:15.868252000][th:1235569][info] GossipPubSub /ip4/0.0.0.0/tcp/54614/p2p/12D3KooWBfwQs8QUuBD2yT3eTGiToZwGN85xLbw4LqHNGNi1p9d2: PubSub subscribed to topic 'gnus-validator-registry.3.7.144'
[2026-09-03 14:20:15][info][CRDTCallbackManager] Successfully registered new data callback for pattern: '^/?cert/[^/]+'
[2026-09-03 14:20:15.868295000][th:1235569][info] GossipPubSub /ip4/0.0.0.0/tcp/54614/p2p/12D3KooWBfwQs8QUuBD2yT3eTGiToZwGN85xLbw4LqHNGNi1p9d2: PubSub subscribed to topic 'consensus-channel-.3.7.144'
[2026-09-03 14:20:15.868328000][th:1235569][info] GossipPubSub /ip4/0.0.0.0/tcp/54614/p2p/12D3KooWBfwQs8QUuBD2yT3eTGiToZwGN85xLbw4LqHNGNi1p9d2: PubSub subscribed to topic 'consensus-channel-.3.7.144#datastore.3.7.144'
[2026-09-03 14:20:15][info][CRDTCallbackManager] Successfully registered new data callback for pattern: '/?gnus-genesis-block'
[2026-09-03 14:20:15][info][CRDTCallbackManager] Successfully registered new data callback for pattern: '/?gnus-account-creation-.*'
[2026-09-03 14:20:15][info][CRDTCallbackManager] Successfully registered new data callback for pattern: '^/?/bc-144/tx/[^/]+'
[2026-09-03 14:20:15][info][CRDTCallbackManager] Successfully registered deleted data callback for pattern: '^/?/bc-144/tx/[^/]+'
[2026-09-03 14:20:15][info][CRDTCallbackManager] Successfully registered new data callback for pattern: '^/?/bc-963/tx/[^/]+'
[2026-09-03 14:20:15][info][CRDTCallbackManager] Successfully registered deleted data callback for pattern: '^/?/bc-963/tx/[^/]+'
[2026-09-03 14:20:15][info][CRDTCallbackManager] Successfully registered new data callback for pattern: '^/?/bc-369/tx/[^/]+'
[2026-09-03 14:20:15][info][CRDTCallbackManager] Successfully registered deleted data callback for pattern: '^/?/bc-369/tx/[^/]+'
[2026-09-03 14:20:15.868626000][th:1235435][info] GossipPubSub Adding new peer: 12D3KooWN7FTBtije156A9PPyfe6VHF7Az1o92r2jf7Hk9c7sLBv
[2026-09-03 14:20:15.868735000][th:1235435][info] GossipPubSub Adding new peer: 12D3KooWFmgmycUZEpXscoifwWMB2HgrKuXFiWsiDPWa6NTp71GK
[2026-09-03 14:20:15.868821000][th:1235435][info] GossipPubSub Adding new peer: 12D3KooWBfwQs8QUuBD2yT3eTGiToZwGN85xLbw4LqHNGNi1p9d2
[2026-09-03 14:20:15.868888000][th:1235462][info] GossipPubSub Adding new peer: 12D3KooWNRmXcPFo7pGMZ6hSiyrVozDQ22TU26rU8tscUu83Rsen
[2026-09-03 14:20:15.868993000][th:1235462][info] GossipPubSub Adding new peer: 12D3KooWFmgmycUZEpXscoifwWMB2HgrKuXFiWsiDPWa6NTp71GK
[2026-09-03 14:20:15.869078000][th:1235462][info] GossipPubSub Adding new peer: 12D3KooWBfwQs8QUuBD2yT3eTGiToZwGN85xLbw4LqHNGNi1p9d2
[2026-09-03 14:20:15.869134000][th:1235544][info] GossipPubSub Adding new peer: 12D3KooWNRmXcPFo7pGMZ6hSiyrVozDQ22TU26rU8tscUu83Rsen
[2026-09-03 14:20:15.869212000][th:1235544][info] GossipPubSub Adding new peer: 12D3KooWN7FTBtije156A9PPyfe6VHF7Az1o92r2jf7Hk9c7sLBv
[2026-09-03 14:20:15.869303000][th:1235544][info] GossipPubSub Adding new peer: 12D3KooWBfwQs8QUuBD2yT3eTGiToZwGN85xLbw4LqHNGNi1p9d2
[2026-09-03 14:20:15.869387000][th:1235569][info] GossipPubSub Adding new peer: 12D3KooWNRmXcPFo7pGMZ6hSiyrVozDQ22TU26rU8tscUu83Rsen
[2026-09-03 14:20:15.869472000][th:1235569][info] GossipPubSub Adding new peer: 12D3KooWN7FTBtije156A9PPyfe6VHF7Az1o92r2jf7Hk9c7sLBv
[2026-09-03 14:20:15.869557000][th:1235569][info] GossipPubSub Adding new peer: 12D3KooWFmgmycUZEpXscoifwWMB2HgrKuXFiWsiDPWa6NTp71GK
[2026-09-03 14:20:15][info][CRDTCallbackManager] Successfully unregistered new data callback for pattern: '^/?/bc-144/tx/[^/]+'
[2026-09-03 14:20:15][info][CRDTCallbackManager] Successfully unregistered deleted data callback for pattern: '^/?/bc-144/tx/[^/]+'
[2026-09-03 14:20:15][info][CRDTCallbackManager] Successfully unregistered new data callback for pattern: '^/?/bc-963/tx/[^/]+'
[2026-09-03 14:20:15][info][CRDTCallbackManager] Successfully unregistered deleted data callback for pattern: '^/?/bc-963/tx/[^/]+'
[2026-09-03 14:20:15][info][CRDTCallbackManager] Successfully unregistered new data callback for pattern: '^/?/bc-369/tx/[^/]+'
[2026-09-03 14:20:15][info][CRDTCallbackManager] Successfully unregistered deleted data callback for pattern: '^/?/bc-369/tx/[^/]+'
[2026-09-03 14:20:15][info][TransactionManager] [d089dd46 - full: false] ~TransactionManager: Metrics — cert_fallback(success=0 failure=0) validation(approve=0 reject=0) tracking(insert=0 confirm=0 fail=0)
[2026-09-03 14:20:15][info][Blockchain] [d089dd46] Stopping blockchain
[2026-09-03 14:20:15][info][CRDTCallbackManager] Successfully unregistered new data callback for pattern: '/?gnus-genesis-block'
[2026-09-03 14:20:15][info][CRDTCallbackManager] Successfully unregistered new data callback for pattern: '/?gnus-account-creation-.*'
[2026-09-03 14:20:15][info][CRDTCallbackManager] Successfully unregistered new data callback for pattern: '/?gnus-validator-registry'
[2026-09-03 14:20:15][debug][GlobalDB] ~GlobalDB CALLED with count 6 on multi_node_finality_fault/restart-certificate-validator-one/rocksdb 
[2026-09-03 14:20:15][info][GlobalDB] GlobalDB shutdown start
[2026-09-03 14:20:15][info][CrdtDatastore] CancelAndCloseNow: begin (pending_jobs=0, self_queue=0, root_queue=0, pending_roots=0, active_root=false)
[2026-09-03 14:20:15][debug][GraphsyncDAGSyncer] Stopping Dagsyncer
[2026-09-03 14:20:15][debug][GraphsyncDAGSyncer] Dagsyncer Stopped
[2026-09-03 14:20:16][info][CrdtDatastore] CancelAndCloseNow: CRDT workers stopped
[2026-09-03 14:20:16][warning][CrdtDatastore] CancelAndCloseNow called but shutdown has already started
[2026-09-03 14:20:16][debug][GraphsyncDAGSyncer] ~GraphsyncDAGSyncer CALLED
[2026-09-03 14:20:16][info][GlobalDB] GlobalDB shutdown finished
[2026-09-03 14:20:16.230420000][th:1235435][error] GossipPubSub Address monitoring timer error: Operation canceled
[2026-09-03 14:20:17][info][CRDTCallbackManager] Successfully unregistered new data callback for pattern: '^/?/bc-144/tx/[^/]+'
[2026-09-03 14:20:17][info][CRDTCallbackManager] Successfully unregistered deleted data callback for pattern: '^/?/bc-144/tx/[^/]+'
[2026-09-03 14:20:17][info][CRDTCallbackManager] Successfully unregistered new data callback for pattern: '^/?/bc-963/tx/[^/]+'
[2026-09-03 14:20:17][info][CRDTCallbackManager] Successfully unregistered deleted data callback for pattern: '^/?/bc-963/tx/[^/]+'
[2026-09-03 14:20:17][info][CRDTCallbackManager] Successfully unregistered new data callback for pattern: '^/?/bc-369/tx/[^/]+'
[2026-09-03 14:20:17][info][CRDTCallbackManager] Successfully unregistered deleted data callback for pattern: '^/?/bc-369/tx/[^/]+'
[2026-09-03 14:20:17][info][TransactionManager] [5006ab91 - full: false] ~TransactionManager: Metrics — cert_fallback(success=0 failure=0) validation(approve=0 reject=0) tracking(insert=0 confirm=0 fail=0)
[2026-09-03 14:20:17][info][Blockchain] [5006ab91] Stopping blockchain
[2026-09-03 14:20:17][info][CRDTCallbackManager] Successfully unregistered new data callback for pattern: '/?gnus-genesis-block'
[2026-09-03 14:20:17][info][CRDTCallbackManager] Successfully unregistered new data callback for pattern: '/?gnus-account-creation-.*'
[2026-09-03 14:20:17][info][CRDTCallbackManager] Successfully unregistered new data callback for pattern: '/?gnus-validator-registry'
[2026-09-03 14:20:17][debug][GlobalDB] ~GlobalDB CALLED with count 6 on multi_node_finality_fault/restart-certificate-validator-two/rocksdb 
[2026-09-03 14:20:17][info][GlobalDB] GlobalDB shutdown start
[2026-09-03 14:20:17][info][CrdtDatastore] CancelAndCloseNow: begin (pending_jobs=0, self_queue=0, root_queue=0, pending_roots=0, active_root=false)
[2026-09-03 14:20:17][debug][GraphsyncDAGSyncer] Stopping Dagsyncer
[2026-09-03 14:20:17][debug][GraphsyncDAGSyncer] Dagsyncer Stopped
[2026-09-03 14:20:17][info][CrdtDatastore] CancelAndCloseNow: CRDT workers stopped
[2026-09-03 14:20:17][warning][CrdtDatastore] CancelAndCloseNow called but shutdown has already started
[2026-09-03 14:20:17][debug][GraphsyncDAGSyncer] ~GraphsyncDAGSyncer CALLED
[2026-09-03 14:20:17][info][GlobalDB] GlobalDB shutdown finished
[2026-09-03 14:20:17.293434000][th:1235462][error] GossipPubSub Address monitoring timer error: Operation canceled
[2026-09-03 14:20:18][info][CRDTCallbackManager] Successfully unregistered new data callback for pattern: '^/?/bc-144/tx/[^/]+'
[2026-09-03 14:20:18][info][CRDTCallbackManager] Successfully unregistered deleted data callback for pattern: '^/?/bc-144/tx/[^/]+'
[2026-09-03 14:20:18][info][CRDTCallbackManager] Successfully unregistered new data callback for pattern: '^/?/bc-963/tx/[^/]+'
[2026-09-03 14:20:18][info][CRDTCallbackManager] Successfully unregistered deleted data callback for pattern: '^/?/bc-963/tx/[^/]+'
[2026-09-03 14:20:18][info][CRDTCallbackManager] Successfully unregistered new data callback for pattern: '^/?/bc-369/tx/[^/]+'
[2026-09-03 14:20:18][info][CRDTCallbackManager] Successfully unregistered deleted data callback for pattern: '^/?/bc-369/tx/[^/]+'
[2026-09-03 14:20:18][info][TransactionManager] [11b5e26c - full: false] ~TransactionManager: Metrics — cert_fallback(success=0 failure=0) validation(approve=0 reject=0) tracking(insert=0 confirm=0 fail=0)
[2026-09-03 14:20:18][info][Blockchain] [11b5e26c] Stopping blockchain
[2026-09-03 14:20:18][info][CRDTCallbackManager] Successfully unregistered new data callback for pattern: '/?gnus-genesis-block'
[2026-09-03 14:20:18][info][CRDTCallbackManager] Successfully unregistered new data callback for pattern: '/?gnus-account-creation-.*'
[2026-09-03 14:20:18][info][CRDTCallbackManager] Successfully unregistered new data callback for pattern: '/?gnus-validator-registry'
[2026-09-03 14:20:18][debug][GlobalDB] ~GlobalDB CALLED with count 6 on multi_node_finality_fault/restart-certificate-validator-three/rocksdb 
[2026-09-03 14:20:18][info][GlobalDB] GlobalDB shutdown start
[2026-09-03 14:20:18][info][CrdtDatastore] CancelAndCloseNow: begin (pending_jobs=0, self_queue=0, root_queue=0, pending_roots=0, active_root=false)
[2026-09-03 14:20:18][debug][GraphsyncDAGSyncer] Stopping Dagsyncer
[2026-09-03 14:20:18][debug][GraphsyncDAGSyncer] Dagsyncer Stopped
[2026-09-03 14:20:18][info][CrdtDatastore] CancelAndCloseNow: CRDT workers stopped
[2026-09-03 14:20:18][warning][CrdtDatastore] CancelAndCloseNow called but shutdown has already started
[2026-09-03 14:20:18][debug][GraphsyncDAGSyncer] ~GraphsyncDAGSyncer CALLED
[2026-09-03 14:20:18][info][GlobalDB] GlobalDB shutdown finished
[2026-09-03 14:20:18.310665000][th:1235544][error] GossipPubSub Address monitoring timer error: Operation canceled
[2026-09-03 14:20:19][info][CRDTCallbackManager] Successfully unregistered new data callback for pattern: '^/?/bc-144/tx/[^/]+'
[2026-09-03 14:20:19][info][CRDTCallbackManager] Successfully unregistered deleted data callback for pattern: '^/?/bc-144/tx/[^/]+'
[2026-09-03 14:20:19][info][CRDTCallbackManager] Successfully unregistered new data callback for pattern: '^/?/bc-963/tx/[^/]+'
[2026-09-03 14:20:19][info][CRDTCallbackManager] Successfully unregistered deleted data callback for pattern: '^/?/bc-963/tx/[^/]+'
[2026-09-03 14:20:19][info][CRDTCallbackManager] Successfully unregistered new data callback for pattern: '^/?/bc-369/tx/[^/]+'
[2026-09-03 14:20:19][info][CRDTCallbackManager] Successfully unregistered deleted data callback for pattern: '^/?/bc-369/tx/[^/]+'
[2026-09-03 14:20:19][info][TransactionManager] [8ad67dcd - full: false] ~TransactionManager: Metrics — cert_fallback(success=0 failure=0) validation(approve=0 reject=0) tracking(insert=0 confirm=0 fail=0)
[2026-09-03 14:20:19][info][Blockchain] [8ad67dcd] Stopping blockchain
[2026-09-03 14:20:19][info][CRDTCallbackManager] Successfully unregistered new data callback for pattern: '/?gnus-genesis-block'
[2026-09-03 14:20:19][info][CRDTCallbackManager] Successfully unregistered new data callback for pattern: '/?gnus-account-creation-.*'
[2026-09-03 14:20:19][info][CRDTCallbackManager] Successfully unregistered new data callback for pattern: '/?gnus-validator-registry'
[2026-09-03 14:20:19][debug][GlobalDB] ~GlobalDB CALLED with count 6 on multi_node_finality_fault/restart-certificate-passive/rocksdb 
[2026-09-03 14:20:19][info][GlobalDB] GlobalDB shutdown start
[2026-09-03 14:20:19][info][CrdtDatastore] CancelAndCloseNow: begin (pending_jobs=0, self_queue=0, root_queue=0, pending_roots=0, active_root=false)
[2026-09-03 14:20:19][debug][GraphsyncDAGSyncer] Stopping Dagsyncer
[2026-09-03 14:20:19][debug][GraphsyncDAGSyncer] Dagsyncer Stopped
[2026-09-03 14:20:19][info][CrdtDatastore] CancelAndCloseNow: CRDT workers stopped
[2026-09-03 14:20:19][warning][CrdtDatastore] CancelAndCloseNow called but shutdown has already started
[2026-09-03 14:20:19][debug][GraphsyncDAGSyncer] ~GraphsyncDAGSyncer CALLED
[2026-09-03 14:20:19][info][GlobalDB] GlobalDB shutdown finished
[2026-09-03 14:20:19.388040000][th:1235569][error] GossipPubSub Address monitoring timer error: Operation canceled
[2026-09-03 14:20:20][info][KeyPairFileStorage] Path to keypairs multi_node_finality_fault/restart-mint-validator-one/keypair
[2026-09-03 14:20:20][info][KeyPairFileStorage] Peer ID from public key: 12D3KooWL6az5WVfLwf27V2qzq1ykgqxDaSbVbvEA8yvowtR8est
Current limits: 16384 (soft), 9223372036854775807 (hard)
New limits set successfully: 16384 (soft), 9223372036854775807 (hard)
Initialized relay addresses
[2026-09-03 14:20:20.399135000][th:1234463][info] GossipPubSub /ip4/0.0.0.0/tcp/54621/p2p/12D3KooWL6az5WVfLwf27V2qzq1ykgqxDaSbVbvEA8yvowtR8est: Starting PubSub service
[2026-09-03 14:20:20.399345000][th:1235686][info] GossipPubSub Starting address monitoring system for mobile network changes
[2026-09-03 14:20:20.399353000][th:1235686][info] GossipPubSub === CURRENT NETWORK STATE ===
[2026-09-03 14:20:20.399370000][th:1235686][info] GossipPubSub Primary listening address: /ip4/0.0.0.0/tcp/54621/p2p/12D3KooWL6az5WVfLwf27V2qzq1ykgqxDaSbVbvEA8yvowtR8est
[2026-09-03 14:20:20.399373000][th:1235686][info] GossipPubSub Host peer info addresses (0):
[2026-09-03 14:20:20.399375000][th:1235686][info] GossipPubSub Additional addresses we track (0):
[2026-09-03 14:20:20.399376000][th:1235686][info] GossipPubSub Listening addresses (1):
[2026-09-03 14:20:20.399377000][th:1235686][info] GossipPubSub   -> /ip4/0.0.0.0/tcp/54621/p2p/12D3KooWL6az5WVfLwf27V2qzq1ykgqxDaSbVbvEA8yvowtR8est
[2026-09-03 14:20:20.399379000][th:1235686][info] GossipPubSub Interface addresses (0):
[2026-09-03 14:20:20.399380000][th:1235686][info] GossipPubSub === RAW OBSERVED ADDRESS DEBUG ===
[2026-09-03 14:20:20.399384000][th:1235686][info] GossipPubSub Local address: /ip4/0.0.0.0/tcp/54621/p2p/12D3KooWL6az5WVfLwf27V2qzq1ykgqxDaSbVbvEA8yvowtR8est -> 0 raw observed, 0 activated+confirmed
[2026-09-03 14:20:20.399386000][th:1235686][info] GossipPubSub TOTAL: 0 raw observed addresses, 0 activated+confirmed addresses
[2026-09-03 14:20:20.399387000][th:1235686][info] GossipPubSub === END RAW OBSERVED ADDRESS DEBUG ===
[2026-09-03 14:20:20.399388000][th:1235686][info] GossipPubSub Observed addresses - all (0):
[2026-09-03 14:20:20.399389000][th:1235686][info] GossipPubSub Observed addresses - confirmed only (0):
[2026-09-03 14:20:20.399391000][th:1235686][info] GossipPubSub Relay addresses (0):
[2026-09-03 14:20:20.399395000][th:1235686][warning] GossipPubSub Failed to get addresses from peer repository: not found
[2026-09-03 14:20:20.399490000][th:1235686][info] GossipPubSub Found 1 valid network interfaces
[2026-09-03 14:20:20.399496000][th:1235686][info] GossipPubSub Current network interfaces (1):
[2026-09-03 14:20:20.399498000][th:1235686][info] GossipPubSub   -> 192.168.1.6
[2026-09-03 14:20:20.399500000][th:1235686][info] GossipPubSub Active connections: 0
[2026-09-03 14:20:20.399501000][th:1235686][info] GossipPubSub === PEER CONNECTION DETAILS ===
[2026-09-03 14:20:20.399502000][th:1235686][info] GossipPubSub NOTE: Observed addresses need to be seen by 4+ different peer groups to become 'activated'
[2026-09-03 14:20:20.399504000][th:1235686][info] GossipPubSub NOTE: Current connections: 0, so max possible observers: 0
[2026-09-03 14:20:20.399505000][th:1235686][info] GossipPubSub === END PEER CONNECTION DETAILS ===
[2026-09-03 14:20:20.399506000][th:1235686][info] GossipPubSub Connection manager stats:
[2026-09-03 14:20:20.399508000][th:1235686][info] GossipPubSub   -> Max connections: 1000
[2026-09-03 14:20:20.399509000][th:1235686][info] GossipPubSub   -> Current connections: 0
[2026-09-03 14:20:20.399510000][th:1235686][info] GossipPubSub === END NETWORK STATE ===
[2026-09-03 14:20:20.399956000][th:1235686][info] GossipPubSub /ip4/0.0.0.0/tcp/54621/p2p/12D3KooWL6az5WVfLwf27V2qzq1ykgqxDaSbVbvEA8yvowtR8est : PubSub service started
[2026-09-03 14:20:20][info][GlobalDB] Opening database /Users/henriqueklein/gnus/SuperGenius/multi_node_finality_fault/restart-mint-validator-one/rocksdb
[2026-09-03 14:20:20][debug][GraphsyncDAGSyncer] GraphSyncer created 4604313896 
[2026-09-03 14:20:20][info][CrdtDatastore] crdt Datastore created. Number of heads: 0 Current max-height: 0
[2026-09-03 14:20:20][info][GeniusAccount] Secure storage ID path: /Users/henriqueklein/gnus/SuperGenius/multi_node_finality_fault/restart-mint-validator-one/account/secure_storage_id
[2026-09-03 14:20:20][error][GeniusAccount] Could not find existing Genius address, generating one from a random mnemonic
[2026-09-03 14:20:20][warning][UTXOManager] Found UTXOs in storage, but there were none
[2026-09-03 14:20:20][info][Blockchain] [2707b5f3] Blockchain instance created with authorized full node: 8a33bdf1
[2026-09-03 14:20:20][error][ValidatorRegistry] InitializeCache: registry content not found during cache init
[2026-09-03 14:20:20][info][CRDTCallbackManager] Successfully registered new data callback for pattern: '/?gnus-validator-registry'
[2026-09-03 14:20:20][info][ValidatorRegistry] RegisterFilter: result=true
[2026-09-03 14:20:20][info][ValidatorRegistry] New: instance ready
[2026-09-03 14:20:20.441857000][th:1235686][info] GossipPubSub /ip4/0.0.0.0/tcp/54621/p2p/12D3KooWL6az5WVfLwf27V2qzq1ykgqxDaSbVbvEA8yvowtR8est: PubSub subscribed to topic 'gnus-validator-registry.3.7.144'
[2026-09-03 14:20:20][info][CRDTCallbackManager] Successfully registered new data callback for pattern: '^/?cert/[^/]+'
[2026-09-03 14:20:20.441897000][th:1235686][info] GossipPubSub /ip4/0.0.0.0/tcp/54621/p2p/12D3KooWL6az5WVfLwf27V2qzq1ykgqxDaSbVbvEA8yvowtR8est: PubSub subscribed to topic 'consensus-channel-.3.7.144'
[2026-09-03 14:20:20.441919000][th:1235686][info] GossipPubSub /ip4/0.0.0.0/tcp/54621/p2p/12D3KooWL6az5WVfLwf27V2qzq1ykgqxDaSbVbvEA8yvowtR8est: PubSub subscribed to topic 'consensus-channel-.3.7.144#datastore.3.7.144'
[2026-09-03 14:20:20][warning][Blockchain] [2707b5f3] Failed to request validator registry during blockchain init
[2026-09-03 14:20:20][info][CRDTCallbackManager] Successfully registered new data callback for pattern: '/?gnus-genesis-block'
[2026-09-03 14:20:20][info][CRDTCallbackManager] Successfully registered new data callback for pattern: '/?gnus-account-creation-.*'
[2026-09-03 14:20:20][info][CRDTCallbackManager] Successfully registered new data callback for pattern: '^/?/bc-144/tx/[^/]+'
[2026-09-03 14:20:20][info][CRDTCallbackManager] Successfully registered deleted data callback for pattern: '^/?/bc-144/tx/[^/]+'
[2026-09-03 14:20:20][info][CRDTCallbackManager] Successfully registered new data callback for pattern: '^/?/bc-963/tx/[^/]+'
[2026-09-03 14:20:20][info][CRDTCallbackManager] Successfully registered deleted data callback for pattern: '^/?/bc-963/tx/[^/]+'
[2026-09-03 14:20:20][info][CRDTCallbackManager] Successfully registered new data callback for pattern: '^/?/bc-369/tx/[^/]+'
[2026-09-03 14:20:20][info][CRDTCallbackManager] Successfully registered deleted data callback for pattern: '^/?/bc-369/tx/[^/]+'
[2026-09-03 14:20:20][info][KeyPairFileStorage] Path to keypairs multi_node_finality_fault/restart-mint-validator-two/keypair
[2026-09-03 14:20:20][info][KeyPairFileStorage] Peer ID from public key: 12D3KooWHAy1YeCc8k2GA7nwj5d8zVeSDRTQ84wWVXfuQRuMYv8L
Current limits: 16384 (soft), 9223372036854775807 (hard)
New limits set successfully: 16384 (soft), 9223372036854775807 (hard)
Initialized relay addresses
[2026-09-03 14:20:20.444862000][th:1234463][info] GossipPubSub /ip4/0.0.0.0/tcp/54622/p2p/12D3KooWHAy1YeCc8k2GA7nwj5d8zVeSDRTQ84wWVXfuQRuMYv8L: Starting PubSub service
[2026-09-03 14:20:20.444977000][th:1235707][info] GossipPubSub Starting address monitoring system for mobile network changes
[2026-09-03 14:20:20.444980000][th:1235707][info] GossipPubSub === CURRENT NETWORK STATE ===
[2026-09-03 14:20:20.444992000][th:1235707][info] GossipPubSub Primary listening address: /ip4/0.0.0.0/tcp/54622/p2p/12D3KooWHAy1YeCc8k2GA7nwj5d8zVeSDRTQ84wWVXfuQRuMYv8L
[2026-09-03 14:20:20.444995000][th:1235707][info] GossipPubSub Host peer info addresses (0):
[2026-09-03 14:20:20.444996000][th:1235707][info] GossipPubSub Additional addresses we track (0):
[2026-09-03 14:20:20.444997000][th:1235707][info] GossipPubSub Listening addresses (1):
[2026-09-03 14:20:20.444998000][th:1235707][info] GossipPubSub   -> /ip4/0.0.0.0/tcp/54622/p2p/12D3KooWHAy1YeCc8k2GA7nwj5d8zVeSDRTQ84wWVXfuQRuMYv8L
[2026-09-03 14:20:20.445000000][th:1235707][info] GossipPubSub Interface addresses (0):
[2026-09-03 14:20:20.445001000][th:1235707][info] GossipPubSub === RAW OBSERVED ADDRESS DEBUG ===
[2026-09-03 14:20:20.445003000][th:1235707][info] GossipPubSub Local address: /ip4/0.0.0.0/tcp/54622/p2p/12D3KooWHAy1YeCc8k2GA7nwj5d8zVeSDRTQ84wWVXfuQRuMYv8L -> 0 raw observed, 0 activated+confirmed
[2026-09-03 14:20:20.445005000][th:1235707][info] GossipPubSub TOTAL: 0 raw observed addresses, 0 activated+confirmed addresses
[2026-09-03 14:20:20.445006000][th:1235707][info] GossipPubSub === END RAW OBSERVED ADDRESS DEBUG ===
[2026-09-03 14:20:20.445006000][th:1235707][info] GossipPubSub Observed addresses - all (0):
[2026-09-03 14:20:20.445008000][th:1235707][info] GossipPubSub Observed addresses - confirmed only (0):
[2026-09-03 14:20:20.445009000][th:1235707][info] GossipPubSub Relay addresses (0):
[2026-09-03 14:20:20.445013000][th:1235707][warning] GossipPubSub Failed to get addresses from peer repository: not found
[2026-09-03 14:20:20.445088000][th:1235707][info] GossipPubSub Found 1 valid network interfaces
[2026-09-03 14:20:20.445090000][th:1235707][info] GossipPubSub Current network interfaces (1):
[2026-09-03 14:20:20.445091000][th:1235707][info] GossipPubSub   -> 192.168.1.6
[2026-09-03 14:20:20.445094000][th:1235707][info] GossipPubSub Active connections: 0
[2026-09-03 14:20:20.445095000][th:1235707][info] GossipPubSub === PEER CONNECTION DETAILS ===
[2026-09-03 14:20:20.445096000][th:1235707][info] GossipPubSub NOTE: Observed addresses need to be seen by 4+ different peer groups to become 'activated'
[2026-09-03 14:20:20.445097000][th:1235707][info] GossipPubSub NOTE: Current connections: 0, so max possible observers: 0
[2026-09-03 14:20:20.445098000][th:1235707][info] GossipPubSub === END PEER CONNECTION DETAILS ===
[2026-09-03 14:20:20.445099000][th:1235707][info] GossipPubSub Connection manager stats:
[2026-09-03 14:20:20.445100000][th:1235707][info] GossipPubSub   -> Max connections: 1000
[2026-09-03 14:20:20.445101000][th:1235707][info] GossipPubSub   -> Current connections: 0
[2026-09-03 14:20:20.445102000][th:1235707][info] GossipPubSub === END NETWORK STATE ===
[2026-09-03 14:20:20.445448000][th:1235707][info] GossipPubSub /ip4/0.0.0.0/tcp/54622/p2p/12D3KooWHAy1YeCc8k2GA7nwj5d8zVeSDRTQ84wWVXfuQRuMYv8L : PubSub service started
[2026-09-03 14:20:20][info][GlobalDB] Opening database /Users/henriqueklein/gnus/SuperGenius/multi_node_finality_fault/restart-mint-validator-two/rocksdb
[2026-09-03 14:20:20][debug][GraphsyncDAGSyncer] GraphSyncer created 5427788200 
[2026-09-03 14:20:20][info][CrdtDatastore] crdt Datastore created. Number of heads: 0 Current max-height: 0
[2026-09-03 14:20:20][info][GeniusAccount] Secure storage ID path: /Users/henriqueklein/gnus/SuperGenius/multi_node_finality_fault/restart-mint-validator-two/account/secure_storage_id
[2026-09-03 14:20:20][error][GeniusAccount] Could not find existing Genius address, generating one from a random mnemonic
[2026-09-03 14:20:20][warning][UTXOManager] Found UTXOs in storage, but there were none
[2026-09-03 14:20:20][info][Blockchain] [4d55f1ab] Blockchain instance created with authorized full node: 8a33bdf1
[2026-09-03 14:20:20][error][ValidatorRegistry] InitializeCache: registry content not found during cache init
[2026-09-03 14:20:20][info][CRDTCallbackManager] Successfully registered new data callback for pattern: '/?gnus-validator-registry'
[2026-09-03 14:20:20][info][ValidatorRegistry] RegisterFilter: result=true
[2026-09-03 14:20:20][info][ValidatorRegistry] New: instance ready
[2026-09-03 14:20:20.481190000][th:1235707][info] GossipPubSub /ip4/0.0.0.0/tcp/54622/p2p/12D3KooWHAy1YeCc8k2GA7nwj5d8zVeSDRTQ84wWVXfuQRuMYv8L: PubSub subscribed to topic 'gnus-validator-registry.3.7.144'
[2026-09-03 14:20:20][info][CRDTCallbackManager] Successfully registered new data callback for pattern: '^/?cert/[^/]+'
[2026-09-03 14:20:20.481222000][th:1235707][info] GossipPubSub /ip4/0.0.0.0/tcp/54622/p2p/12D3KooWHAy1YeCc8k2GA7nwj5d8zVeSDRTQ84wWVXfuQRuMYv8L: PubSub subscribed to topic 'consensus-channel-.3.7.144'
[2026-09-03 14:20:20.481248000][th:1235707][info] GossipPubSub /ip4/0.0.0.0/tcp/54622/p2p/12D3KooWHAy1YeCc8k2GA7nwj5d8zVeSDRTQ84wWVXfuQRuMYv8L: PubSub subscribed to topic 'consensus-channel-.3.7.144#datastore.3.7.144'
[2026-09-03 14:20:20][warning][Blockchain] [4d55f1ab] Failed to request validator registry during blockchain init
[2026-09-03 14:20:20][info][CRDTCallbackManager] Successfully registered new data callback for pattern: '/?gnus-genesis-block'
[2026-09-03 14:20:20][info][CRDTCallbackManager] Successfully registered new data callback for pattern: '/?gnus-account-creation-.*'
[2026-09-03 14:20:20][info][CRDTCallbackManager] Successfully registered new data callback for pattern: '^/?/bc-144/tx/[^/]+'
[2026-09-03 14:20:20][info][CRDTCallbackManager] Successfully registered deleted data callback for pattern: '^/?/bc-144/tx/[^/]+'
[2026-09-03 14:20:20][info][CRDTCallbackManager] Successfully registered new data callback for pattern: '^/?/bc-963/tx/[^/]+'
[2026-09-03 14:20:20][info][CRDTCallbackManager] Successfully registered deleted data callback for pattern: '^/?/bc-963/tx/[^/]+'
[2026-09-03 14:20:20][info][CRDTCallbackManager] Successfully registered new data callback for pattern: '^/?/bc-369/tx/[^/]+'
[2026-09-03 14:20:20][info][CRDTCallbackManager] Successfully registered deleted data callback for pattern: '^/?/bc-369/tx/[^/]+'
[2026-09-03 14:20:20][info][KeyPairFileStorage] Path to keypairs multi_node_finality_fault/restart-mint-validator-three/keypair
[2026-09-03 14:20:20][info][KeyPairFileStorage] Peer ID from public key: 12D3KooWQZBbTXX3FAff3XroSsy1motJRkGo7cchYSTFCujadUZe
Current limits: 16384 (soft), 9223372036854775807 (hard)
New limits set successfully: 16384 (soft), 9223372036854775807 (hard)
Initialized relay addresses
[2026-09-03 14:20:20.484574000][th:1234463][info] GossipPubSub /ip4/0.0.0.0/tcp/54623/p2p/12D3KooWQZBbTXX3FAff3XroSsy1motJRkGo7cchYSTFCujadUZe: Starting PubSub service
[2026-09-03 14:20:20.484658000][th:1235728][info] GossipPubSub Starting address monitoring system for mobile network changes
[2026-09-03 14:20:20.484661000][th:1235728][info] GossipPubSub === CURRENT NETWORK STATE ===
[2026-09-03 14:20:20.484672000][th:1235728][info] GossipPubSub Primary listening address: /ip4/0.0.0.0/tcp/54623/p2p/12D3KooWQZBbTXX3FAff3XroSsy1motJRkGo7cchYSTFCujadUZe
[2026-09-03 14:20:20.484673000][th:1235728][info] GossipPubSub Host peer info addresses (0):
[2026-09-03 14:20:20.484675000][th:1235728][info] GossipPubSub Additional addresses we track (0):
[2026-09-03 14:20:20.484676000][th:1235728][info] GossipPubSub Listening addresses (1):
[2026-09-03 14:20:20.484677000][th:1235728][info] GossipPubSub   -> /ip4/0.0.0.0/tcp/54623/p2p/12D3KooWQZBbTXX3FAff3XroSsy1motJRkGo7cchYSTFCujadUZe
[2026-09-03 14:20:20.484679000][th:1235728][info] GossipPubSub Interface addresses (0):
[2026-09-03 14:20:20.484680000][th:1235728][info] GossipPubSub === RAW OBSERVED ADDRESS DEBUG ===
[2026-09-03 14:20:20.484682000][th:1235728][info] GossipPubSub Local address: /ip4/0.0.0.0/tcp/54623/p2p/12D3KooWQZBbTXX3FAff3XroSsy1motJRkGo7cchYSTFCujadUZe -> 0 raw observed, 0 activated+confirmed
[2026-09-03 14:20:20.484684000][th:1235728][info] GossipPubSub TOTAL: 0 raw observed addresses, 0 activated+confirmed addresses
[2026-09-03 14:20:20.484685000][th:1235728][info] GossipPubSub === END RAW OBSERVED ADDRESS DEBUG ===
[2026-09-03 14:20:20.484686000][th:1235728][info] GossipPubSub Observed addresses - all (0):
[2026-09-03 14:20:20.484687000][th:1235728][info] GossipPubSub Observed addresses - confirmed only (0):
[2026-09-03 14:20:20.484689000][th:1235728][info] GossipPubSub Relay addresses (0):
[2026-09-03 14:20:20.484692000][th:1235728][warning] GossipPubSub Failed to get addresses from peer repository: not found
[2026-09-03 14:20:20.484747000][th:1235728][info] GossipPubSub Found 1 valid network interfaces
[2026-09-03 14:20:20.484749000][th:1235728][info] GossipPubSub Current network interfaces (1):
[2026-09-03 14:20:20.484750000][th:1235728][info] GossipPubSub   -> 192.168.1.6
[2026-09-03 14:20:20.484757000][th:1235728][info] GossipPubSub Active connections: 0
[2026-09-03 14:20:20.484758000][th:1235728][info] GossipPubSub === PEER CONNECTION DETAILS ===
[2026-09-03 14:20:20.484759000][th:1235728][info] GossipPubSub NOTE: Observed addresses need to be seen by 4+ different peer groups to become 'activated'
[2026-09-03 14:20:20.484760000][th:1235728][info] GossipPubSub NOTE: Current connections: 0, so max possible observers: 0
[2026-09-03 14:20:20.484761000][th:1235728][info] GossipPubSub === END PEER CONNECTION DETAILS ===
[2026-09-03 14:20:20.484762000][th:1235728][info] GossipPubSub Connection manager stats:
[2026-09-03 14:20:20.484764000][th:1235728][info] GossipPubSub   -> Max connections: 1000
[2026-09-03 14:20:20.484765000][th:1235728][info] GossipPubSub   -> Current connections: 0
[2026-09-03 14:20:20.484766000][th:1235728][info] GossipPubSub === END NETWORK STATE ===
[2026-09-03 14:20:20.484991000][th:1235728][info] GossipPubSub /ip4/0.0.0.0/tcp/54623/p2p/12D3KooWQZBbTXX3FAff3XroSsy1motJRkGo7cchYSTFCujadUZe : PubSub service started
[2026-09-03 14:20:20][info][GlobalDB] Opening database /Users/henriqueklein/gnus/SuperGenius/multi_node_finality_fault/restart-mint-validator-three/rocksdb
[2026-09-03 14:20:20][debug][GraphsyncDAGSyncer] GraphSyncer created 4613771816 
[2026-09-03 14:20:20][info][CrdtDatastore] crdt Datastore created. Number of heads: 0 Current max-height: 0
[2026-09-03 14:20:20][info][GeniusAccount] Secure storage ID path: /Users/henriqueklein/gnus/SuperGenius/multi_node_finality_fault/restart-mint-validator-three/account/secure_storage_id
[2026-09-03 14:20:20][error][GeniusAccount] Could not find existing Genius address, generating one from a random mnemonic
[2026-09-03 14:20:20][warning][UTXOManager] Found UTXOs in storage, but there were none
[2026-09-03 14:20:20][info][Blockchain] [be472868] Blockchain instance created with authorized full node: 8a33bdf1
[2026-09-03 14:20:20][error][ValidatorRegistry] InitializeCache: registry content not found during cache init
[2026-09-03 14:20:20][info][CRDTCallbackManager] Successfully registered new data callback for pattern: '/?gnus-validator-registry'
[2026-09-03 14:20:20][info][ValidatorRegistry] RegisterFilter: result=true
[2026-09-03 14:20:20][info][ValidatorRegistry] New: instance ready
[2026-09-03 14:20:20.542180000][th:1235728][info] GossipPubSub /ip4/0.0.0.0/tcp/54623/p2p/12D3KooWQZBbTXX3FAff3XroSsy1motJRkGo7cchYSTFCujadUZe: PubSub subscribed to topic 'gnus-validator-registry.3.7.144'
[2026-09-03 14:20:20][info][CRDTCallbackManager] Successfully registered new data callback for pattern: '^/?cert/[^/]+'
[2026-09-03 14:20:20][warning][Blockchain] [be472868] Failed to request validator registry during blockchain init
[2026-09-03 14:20:20][info][CRDTCallbackManager] Successfully registered new data callback for pattern: '/?gnus-genesis-block'
[2026-09-03 14:20:20][info][CRDTCallbackManager] Successfully registered new data callback for pattern: '/?gnus-account-creation-.*'
[2026-09-03 14:20:20.542225000][th:1235728][info] GossipPubSub /ip4/0.0.0.0/tcp/54623/p2p/12D3KooWQZBbTXX3FAff3XroSsy1motJRkGo7cchYSTFCujadUZe: PubSub subscribed to topic 'consensus-channel-.3.7.144'
[2026-09-03 14:20:20][info][CRDTCallbackManager] Successfully registered new data callback for pattern: '^/?/bc-144/tx/[^/]+'
[2026-09-03 14:20:20][info][CRDTCallbackManager] Successfully registered deleted data callback for pattern: '^/?/bc-144/tx/[^/]+'
[2026-09-03 14:20:20][info][CRDTCallbackManager] Successfully registered new data callback for pattern: '^/?/bc-963/tx/[^/]+'
[2026-09-03 14:20:20][info][CRDTCallbackManager] Successfully registered deleted data callback for pattern: '^/?/bc-963/tx/[^/]+'
[2026-09-03 14:20:20][info][CRDTCallbackManager] Successfully registered new data callback for pattern: '^/?/bc-369/tx/[^/]+'
[2026-09-03 14:20:20][info][CRDTCallbackManager] Successfully registered deleted data callback for pattern: '^/?/bc-369/tx/[^/]+'
[2026-09-03 14:20:20.542265000][th:1235728][info] GossipPubSub /ip4/0.0.0.0/tcp/54623/p2p/12D3KooWQZBbTXX3FAff3XroSsy1motJRkGo7cchYSTFCujadUZe: PubSub subscribed to topic 'consensus-channel-.3.7.144#datastore.3.7.144'
[2026-09-03 14:20:20][info][KeyPairFileStorage] Path to keypairs multi_node_finality_fault/restart-mint-passive/keypair
[2026-09-03 14:20:20][info][KeyPairFileStorage] Peer ID from public key: 12D3KooWStpiRKuoBvUJP5ThriEDrETi85pEaYHNkQVMkVVcM8ig
Current limits: 16384 (soft), 9223372036854775807 (hard)
New limits set successfully: 16384 (soft), 9223372036854775807 (hard)
Initialized relay addresses
[2026-09-03 14:20:20.543708000][th:1234463][info] GossipPubSub /ip4/0.0.0.0/tcp/54624/p2p/12D3KooWStpiRKuoBvUJP5ThriEDrETi85pEaYHNkQVMkVVcM8ig: Starting PubSub service
[2026-09-03 14:20:20.543755000][th:1235750][info] GossipPubSub Starting address monitoring system for mobile network changes
[2026-09-03 14:20:20.543757000][th:1235750][info] GossipPubSub === CURRENT NETWORK STATE ===
[2026-09-03 14:20:20.543762000][th:1235750][info] GossipPubSub Primary listening address: /ip4/0.0.0.0/tcp/54624/p2p/12D3KooWStpiRKuoBvUJP5ThriEDrETi85pEaYHNkQVMkVVcM8ig
[2026-09-03 14:20:20.543764000][th:1235750][info] GossipPubSub Host peer info addresses (0):
[2026-09-03 14:20:20.543765000][th:1235750][info] GossipPubSub Additional addresses we track (0):
[2026-09-03 14:20:20.543766000][th:1235750][info] GossipPubSub Listening addresses (1):
[2026-09-03 14:20:20.543766000][th:1235750][info] GossipPubSub   -> /ip4/0.0.0.0/tcp/54624/p2p/12D3KooWStpiRKuoBvUJP5ThriEDrETi85pEaYHNkQVMkVVcM8ig
[2026-09-03 14:20:20.543767000][th:1235750][info] GossipPubSub Interface addresses (0):
[2026-09-03 14:20:20.543768000][th:1235750][info] GossipPubSub === RAW OBSERVED ADDRESS DEBUG ===
[2026-09-03 14:20:20.543769000][th:1235750][info] GossipPubSub Local address: /ip4/0.0.0.0/tcp/54624/p2p/12D3KooWStpiRKuoBvUJP5ThriEDrETi85pEaYHNkQVMkVVcM8ig -> 0 raw observed, 0 activated+confirmed
[2026-09-03 14:20:20.543770000][th:1235750][info] GossipPubSub TOTAL: 0 raw observed addresses, 0 activated+confirmed addresses
[2026-09-03 14:20:20.543771000][th:1235750][info] GossipPubSub === END RAW OBSERVED ADDRESS DEBUG ===
[2026-09-03 14:20:20.543771000][th:1235750][info] GossipPubSub Observed addresses - all (0):
[2026-09-03 14:20:20.543772000][th:1235750][info] GossipPubSub Observed addresses - confirmed only (0):
[2026-09-03 14:20:20.543772000][th:1235750][info] GossipPubSub Relay addresses (0):
[2026-09-03 14:20:20.543774000][th:1235750][warning] GossipPubSub Failed to get addresses from peer repository: not found
[2026-09-03 14:20:20.543802000][th:1235750][info] GossipPubSub Found 1 valid network interfaces
[2026-09-03 14:20:20.543803000][th:1235750][info] GossipPubSub Current network interfaces (1):
[2026-09-03 14:20:20.543804000][th:1235750][info] GossipPubSub   -> 192.168.1.6
[2026-09-03 14:20:20.543805000][th:1235750][info] GossipPubSub Active connections: 0
[2026-09-03 14:20:20.543806000][th:1235750][info] GossipPubSub === PEER CONNECTION DETAILS ===
[2026-09-03 14:20:20.543806000][th:1235750][info] GossipPubSub NOTE: Observed addresses need to be seen by 4+ different peer groups to become 'activated'
[2026-09-03 14:20:20.543807000][th:1235750][info] GossipPubSub NOTE: Current connections: 0, so max possible observers: 0
[2026-09-03 14:20:20.543807000][th:1235750][info] GossipPubSub === END PEER CONNECTION DETAILS ===
[2026-09-03 14:20:20.543808000][th:1235750][info] GossipPubSub Connection manager stats:
[2026-09-03 14:20:20.543809000][th:1235750][info] GossipPubSub   -> Max connections: 1000
[2026-09-03 14:20:20.543809000][th:1235750][info] GossipPubSub   -> Current connections: 0
[2026-09-03 14:20:20.543810000][th:1235750][info] GossipPubSub === END NETWORK STATE ===
[2026-09-03 14:20:20.543923000][th:1235750][info] GossipPubSub /ip4/0.0.0.0/tcp/54624/p2p/12D3KooWStpiRKuoBvUJP5ThriEDrETi85pEaYHNkQVMkVVcM8ig : PubSub service started
[2026-09-03 14:20:20][info][GlobalDB] Opening database /Users/henriqueklein/gnus/SuperGenius/multi_node_finality_fault/restart-mint-passive/rocksdb
[2026-09-03 14:20:20][debug][GraphsyncDAGSyncer] GraphSyncer created 5140174184 
[2026-09-03 14:20:20][info][CrdtDatastore] crdt Datastore created. Number of heads: 0 Current max-height: 0
[2026-09-03 14:20:20][info][GeniusAccount] Secure storage ID path: /Users/henriqueklein/gnus/SuperGenius/multi_node_finality_fault/restart-mint-passive/account/secure_storage_id
[2026-09-03 14:20:20][error][GeniusAccount] Could not find existing Genius address, generating one from a random mnemonic
[2026-09-03 14:20:20][warning][UTXOManager] Found UTXOs in storage, but there were none
[2026-09-03 14:20:20][info][Blockchain] [85349b31] Blockchain instance created with authorized full node: 8a33bdf1
[2026-09-03 14:20:20][error][ValidatorRegistry] InitializeCache: registry content not found during cache init
[2026-09-03 14:20:20][info][CRDTCallbackManager] Successfully registered new data callback for pattern: '/?gnus-validator-registry'
[2026-09-03 14:20:20][info][ValidatorRegistry] RegisterFilter: result=true
[2026-09-03 14:20:20][info][ValidatorRegistry] New: instance ready
[2026-09-03 14:20:20.578790000][th:1235750][info] GossipPubSub /ip4/0.0.0.0/tcp/54624/p2p/12D3KooWStpiRKuoBvUJP5ThriEDrETi85pEaYHNkQVMkVVcM8ig: PubSub subscribed to topic 'gnus-validator-registry.3.7.144'
[2026-09-03 14:20:20][info][CRDTCallbackManager] Successfully registered new data callback for pattern: '^/?cert/[^/]+'
[2026-09-03 14:20:20.578809000][th:1235750][info] GossipPubSub /ip4/0.0.0.0/tcp/54624/p2p/12D3KooWStpiRKuoBvUJP5ThriEDrETi85pEaYHNkQVMkVVcM8ig: PubSub subscribed to topic 'consensus-channel-.3.7.144'
[2026-09-03 14:20:20][warning][Blockchain] [85349b31] Failed to request validator registry during blockchain init
[2026-09-03 14:20:20][info][CRDTCallbackManager] Successfully registered new data callback for pattern: '/?gnus-genesis-block'
[2026-09-03 14:20:20][info][CRDTCallbackManager] Successfully registered new data callback for pattern: '/?gnus-account-creation-.*'
[2026-09-03 14:20:20.578826000][th:1235750][info] GossipPubSub /ip4/0.0.0.0/tcp/54624/p2p/12D3KooWStpiRKuoBvUJP5ThriEDrETi85pEaYHNkQVMkVVcM8ig: PubSub subscribed to topic 'consensus-channel-.3.7.144#datastore.3.7.144'
[2026-09-03 14:20:20][info][CRDTCallbackManager] Successfully registered new data callback for pattern: '^/?/bc-144/tx/[^/]+'
[2026-09-03 14:20:20][info][CRDTCallbackManager] Successfully registered deleted data callback for pattern: '^/?/bc-144/tx/[^/]+'
[2026-09-03 14:20:20][info][CRDTCallbackManager] Successfully registered new data callback for pattern: '^/?/bc-963/tx/[^/]+'
[2026-09-03 14:20:20][info][CRDTCallbackManager] Successfully registered deleted data callback for pattern: '^/?/bc-963/tx/[^/]+'
[2026-09-03 14:20:20][info][CRDTCallbackManager] Successfully registered new data callback for pattern: '^/?/bc-369/tx/[^/]+'
[2026-09-03 14:20:20][info][CRDTCallbackManager] Successfully registered deleted data callback for pattern: '^/?/bc-369/tx/[^/]+'
[2026-09-03 14:20:20][info][CrdtDatastore] Topics { name="gnus-validator-registry" }
[2026-09-03 14:20:20][info][CRDTCallbackManager] Executing callback for key '/gnus-validator-registry' matching pattern '/?gnus-validator-registry'
[2026-09-03 14:20:20][info][ValidatorRegistry] RegistryUpdateReceived: cache updated and initialized
[2026-09-03 14:20:20][debug][GraphsyncDAGSyncer] addNode: Added node Qmbwspi3Ud3B4KuaF3NobwjJHtbSvaxthTnxMbubRMaja8 on dagService 
[2026-09-03 14:20:20][info][ValidatorRegistry] StoreRegistryUpdate: stored registry update CID Qmbwspi3Ud3B4KuaF3NobwjJHtbSvaxthTnxMbubRMaja8
[2026-09-03 14:20:20][info][ValidatorRegistry] StoreRegistryUpdate: success
[2026-09-03 14:20:20][info][CrdtDatastore] Topics { name="gnus-validator-registry" }
[2026-09-03 14:20:20][info][CRDTCallbackManager] Executing callback for key '/gnus-validator-registry' matching pattern '/?gnus-validator-registry'
[2026-09-03 14:20:20][info][ValidatorRegistry] RegistryUpdateReceived: cache updated and initialized
[2026-09-03 14:20:20][debug][GraphsyncDAGSyncer] addNode: Added node Qmbwspi3Ud3B4KuaF3NobwjJHtbSvaxthTnxMbubRMaja8 on dagService 
[2026-09-03 14:20:20][info][ValidatorRegistry] StoreRegistryUpdate: stored registry update CID Qmbwspi3Ud3B4KuaF3NobwjJHtbSvaxthTnxMbubRMaja8
[2026-09-03 14:20:20][info][ValidatorRegistry] StoreRegistryUpdate: success
[2026-09-03 14:20:20][info][CrdtDatastore] Topics { name="gnus-validator-registry" }
[2026-09-03 14:20:20][info][CRDTCallbackManager] Executing callback for key '/gnus-validator-registry' matching pattern '/?gnus-validator-registry'
[2026-09-03 14:20:20][info][ValidatorRegistry] RegistryUpdateReceived: cache updated and initialized
[2026-09-03 14:20:20][debug][GraphsyncDAGSyncer] addNode: Added node Qmbwspi3Ud3B4KuaF3NobwjJHtbSvaxthTnxMbubRMaja8 on dagService 
[2026-09-03 14:20:20][info][ValidatorRegistry] StoreRegistryUpdate: stored registry update CID Qmbwspi3Ud3B4KuaF3NobwjJHtbSvaxthTnxMbubRMaja8
[2026-09-03 14:20:20][info][ValidatorRegistry] StoreRegistryUpdate: success
[2026-09-03 14:20:20][info][CrdtDatastore] Topics { name="gnus-validator-registry" }
[2026-09-03 14:20:20][info][CRDTCallbackManager] Executing callback for key '/gnus-validator-registry' matching pattern '/?gnus-validator-registry'
[2026-09-03 14:20:20][info][ValidatorRegistry] RegistryUpdateReceived: cache updated and initialized
[2026-09-03 14:20:20][debug][GraphsyncDAGSyncer] addNode: Added node Qmbwspi3Ud3B4KuaF3NobwjJHtbSvaxthTnxMbubRMaja8 on dagService 
[2026-09-03 14:20:20][info][ValidatorRegistry] StoreRegistryUpdate: stored registry update CID Qmbwspi3Ud3B4KuaF3NobwjJHtbSvaxthTnxMbubRMaja8
[2026-09-03 14:20:20][info][ValidatorRegistry] StoreRegistryUpdate: success
[2026-09-03 14:20:20.620215000][th:1235686][info] GossipPubSub Adding new peer: 12D3KooWHAy1YeCc8k2GA7nwj5d8zVeSDRTQ84wWVXfuQRuMYv8L
[2026-09-03 14:20:20.620268000][th:1235686][info] GossipPubSub Adding new peer: 12D3KooWQZBbTXX3FAff3XroSsy1motJRkGo7cchYSTFCujadUZe
[2026-09-03 14:20:20.620311000][th:1235686][info] GossipPubSub Adding new peer: 12D3KooWStpiRKuoBvUJP5ThriEDrETi85pEaYHNkQVMkVVcM8ig
[2026-09-03 14:20:20.620334000][th:1235707][info] GossipPubSub Adding new peer: 12D3KooWL6az5WVfLwf27V2qzq1ykgqxDaSbVbvEA8yvowtR8est
[2026-09-03 14:20:20.620382000][th:1235707][info] GossipPubSub Adding new peer: 12D3KooWQZBbTXX3FAff3XroSsy1motJRkGo7cchYSTFCujadUZe
[2026-09-03 14:20:20.620425000][th:1235707][info] GossipPubSub Adding new peer: 12D3KooWStpiRKuoBvUJP5ThriEDrETi85pEaYHNkQVMkVVcM8ig
[2026-09-03 14:20:20.620446000][th:1235728][info] GossipPubSub Adding new peer: 12D3KooWL6az5WVfLwf27V2qzq1ykgqxDaSbVbvEA8yvowtR8est
[2026-09-03 14:20:20.620484000][th:1235728][info] GossipPubSub Adding new peer: 12D3KooWHAy1YeCc8k2GA7nwj5d8zVeSDRTQ84wWVXfuQRuMYv8L
[2026-09-03 14:20:20.620523000][th:1235728][info] GossipPubSub Adding new peer: 12D3KooWStpiRKuoBvUJP5ThriEDrETi85pEaYHNkQVMkVVcM8ig
[2026-09-03 14:20:20.620560000][th:1235750][info] GossipPubSub Adding new peer: 12D3KooWL6az5WVfLwf27V2qzq1ykgqxDaSbVbvEA8yvowtR8est
[2026-09-03 14:20:20.620597000][th:1235750][info] GossipPubSub Adding new peer: 12D3KooWHAy1YeCc8k2GA7nwj5d8zVeSDRTQ84wWVXfuQRuMYv8L
[2026-09-03 14:20:20.620637000][th:1235750][info] GossipPubSub Adding new peer: 12D3KooWQZBbTXX3FAff3XroSsy1motJRkGo7cchYSTFCujadUZe
[2026-09-03 14:20:20][info][TransactionManager] [2707b5f3 - full: false] ChangeTransactionState: Temp tracking entry created tx=a07328ba1f20d0527afedb9a77fdbc80ded20dd9cedb5580ebc8aaa48f829861
[2026-09-03 14:20:20][info][TransactionManager] [4d55f1ab - full: false] ChangeTransactionState: Temp tracking entry created tx=a07328ba1f20d0527afedb9a77fdbc80ded20dd9cedb5580ebc8aaa48f829861
[2026-09-03 14:20:20][info][TransactionManager] [85349b31 - full: false] ChangeTransactionState: Temp tracking entry created tx=a07328ba1f20d0527afedb9a77fdbc80ded20dd9cedb5580ebc8aaa48f829861
[2026-09-03 14:20:20][info][TransactionManager] [be472868 - full: false] ChangeTransactionState: Temp tracking entry created tx=a07328ba1f20d0527afedb9a77fdbc80ded20dd9cedb5580ebc8aaa48f829861
[2026-09-03 14:20:23][error][ConsensusManager] HandleVote: ignored: proposal has not won frozen slot arbitration proposal_id=7fae913c
[2026-09-03 14:20:23][error][ConsensusManager] HandleVote: ignored: proposal has not won frozen slot arbitration proposal_id=7fae913c
[2026-09-03 14:20:23][error][ConsensusManager] HandleVote: ignored: proposal has not won frozen slot arbitration proposal_id=7fae913c
[2026-09-03 14:20:23][error][ConsensusManager] HandleVote: ignored: proposal has not won frozen slot arbitration proposal_id=7fae913c
[2026-09-03 14:20:25][info][CrdtDatastore] Topics { name="consensus-channel-.3.7.144#datastore" }
[2026-09-03 14:20:25][info][CRDTCallbackManager] Executing callback for key '/cert/mint-v2:test:0000000000000000000000000000000000000000000000000000000000000000:42:2707b5f3fcd4b111fd3d90a62dcf6b62cd995e5a02d7b4f4b7631d14720c0e537980f421a27ff46bce743fbf3c8a7fa3a47d74a028c7e75c8dbaafc05683a09d:cccccccccccccccccccccccccccccccccccccccccccccccccccccccccccccccc' matching pattern '^/?cert/[^/]+'
[2026-09-03 14:20:25][debug][GraphsyncDAGSyncer] addNode: Added node QmdUVFkwjCiCan3GD88wtyw1LdWjXZAhvVqeRMHwNNGm5x on dagService 
[2026-09-03 14:20:25][info][UTXOManager] Stored 1 UTXOs for address 2707b5f3fcd4b111fd3d90a62dcf6b62cd995e5a02d7b4f4b7631d14720c0e537980f421a27ff46bce743fbf3c8a7fa3a47d74a028c7e75c8dbaafc05683a09d
[2026-09-03 14:20:25][info][UTXOManager] Stored 2 UTXOs for address 2707b5f3fcd4b111fd3d90a62dcf6b62cd995e5a02d7b4f4b7631d14720c0e537980f421a27ff46bce743fbf3c8a7fa3a47d74a028c7e75c8dbaafc05683a09d
[2026-09-03 14:20:25][warning][TransactionManager] [2707b5f3 - full: false] Mint-v2 a07328ba1f20d0527afedb9a77fdbc80ded20dd9cedb5580ebc8aaa48f829861 did not consume every burn input (already consumed or missing); burn outpoint metadata may have been rebuilt with zero amount
[2026-09-03 14:20:25][info][TransactionManager] [2707b5f3 - full: false] Created tokens (mint-v2), amount 42 balance 42
[2026-09-03 14:20:25][debug][GraphsyncDAGSyncer] Registered new peer 12D3KooWL6az5WVfLwf27V2qzq1ykgqxDaSbVbvEA8yvowtR8est with key 0
[2026-09-03 14:20:25][debug][GraphsyncDAGSyncer] Registered new peer 12D3KooWL6az5WVfLwf27V2qzq1ykgqxDaSbVbvEA8yvowtR8est with key 0
[2026-09-03 14:20:25][debug][GraphsyncDAGSyncer] Added route for CID QmdUVFkwjCiCan3GD88wtyw1LdWjXZAhvVqeRMHwNNGm5x to peer 12D3KooWL6az5WVfLwf27V2qzq1ykgqxDaSbVbvEA8yvowtR8est (key 0, route_count=1)
[2026-09-03 14:20:25][debug][GraphsyncDAGSyncer] Registered new peer 12D3KooWL6az5WVfLwf27V2qzq1ykgqxDaSbVbvEA8yvowtR8est with key 0
[2026-09-03 14:20:25][debug][GraphsyncDAGSyncer] Added route for CID QmdUVFkwjCiCan3GD88wtyw1LdWjXZAhvVqeRMHwNNGm5x to peer 12D3KooWL6az5WVfLwf27V2qzq1ykgqxDaSbVbvEA8yvowtR8est (key 0, route_count=1)
[2026-09-03 14:20:25][debug][GraphsyncDAGSyncer] Added route for CID QmdUVFkwjCiCan3GD88wtyw1LdWjXZAhvVqeRMHwNNGm5x to peer 12D3KooWL6az5WVfLwf27V2qzq1ykgqxDaSbVbvEA8yvowtR8est (key 0, route_count=1)
[2026-09-03 14:20:25][debug][GraphsyncDAGSyncer] Block initialized without content to LRU cache: CID QmdUVFkwjCiCan3GD88wtyw1LdWjXZAhvVqeRMHwNNGm5x, cache size: 1
[2026-09-03 14:20:25][debug][GraphsyncDAGSyncer] Requesting Node QmdUVFkwjCiCan3GD88wtyw1LdWjXZAhvVqeRMHwNNGm5x on this 5427788200
[2026-09-03 14:20:25][debug][GraphsyncDAGSyncer] Return node for CID QmdUVFkwjCiCan3GD88wtyw1LdWjXZAhvVqeRMHwNNGm5x instance=4604313896
[2026-09-03 14:20:25.545401000][th:1235707][warning] graphsync Request 1 for CID QmdUVFkwjCiCan3GD88wtyw1LdWjXZAhvVqeRMHwNNGm5x got RS_FULL_CONTENT but no blocks received yet
[2026-09-03 14:20:25][debug][GraphsyncDAGSyncer] request progress: code=FULL_CONTENT, extensions=(graphsync/response-metadata: 0x80) (graphsync/do-not-send-cids: 0x80) 
[2026-09-03 14:20:25][debug][GraphsyncDAGSyncer] HasBlock: false, cid: QmdUVFkwjCiCan3GD88wtyw1LdWjXZAhvVqeRMHwNNGm5x
[2026-09-03 14:20:25][debug][GraphsyncDAGSyncer] Existing block updated in LRU cache: CID QmdUVFkwjCiCan3GD88wtyw1LdWjXZAhvVqeRMHwNNGm5x
[2026-09-03 14:20:25][debug][GraphsyncDAGSyncer] Node added to dagService. CID: QmdUVFkwjCiCan3GD88wtyw1LdWjXZAhvVqeRMHwNNGm5x, links: []
[2026-09-03 14:20:25][debug][GraphsyncDAGSyncer] Seeing if peer 12D3KooWL6az5WVfLwf27V2qzq1ykgqxDaSbVbvEA8yvowtR8est has links to AddRoute
[2026-09-03 14:20:25][info][GraphsyncDAGSyncer] TraverseCIDsLinks: Checking links on { cid="QmdUVFkwjCiCan3GD88wtyw1LdWjXZAhvVqeRMHwNNGm5x", name="" }
[2026-09-03 14:20:25][info][GraphsyncDAGSyncer] TraverseCIDsLinks: Completed traversal. Links to fetch: 0, Visited: 0
[2026-09-03 14:20:25][debug][GraphsyncDAGSyncer] Block initialized without content to LRU cache: CID QmdUVFkwjCiCan3GD88wtyw1LdWjXZAhvVqeRMHwNNGm5x, cache size: 1
[2026-09-03 14:20:25][debug][GraphsyncDAGSyncer] Requesting Node QmdUVFkwjCiCan3GD88wtyw1LdWjXZAhvVqeRMHwNNGm5x on this 4613771816
[2026-09-03 14:20:25][debug][GraphsyncDAGSyncer] Return node for CID QmdUVFkwjCiCan3GD88wtyw1LdWjXZAhvVqeRMHwNNGm5x instance=4604313896
[2026-09-03 14:20:25.579155000][th:1235728][warning] graphsync Request 1 for CID QmdUVFkwjCiCan3GD88wtyw1LdWjXZAhvVqeRMHwNNGm5x got RS_FULL_CONTENT but no blocks received yet
[2026-09-03 14:20:25][debug][GraphsyncDAGSyncer] request progress: code=FULL_CONTENT, extensions=(graphsync/do-not-send-cids: 0x80) (graphsync/response-metadata: 0x80) 
[2026-09-03 14:20:25][debug][GraphsyncDAGSyncer] HasBlock: false, cid: QmdUVFkwjCiCan3GD88wtyw1LdWjXZAhvVqeRMHwNNGm5x
[2026-09-03 14:20:25][debug][GraphsyncDAGSyncer] Existing block updated in LRU cache: CID QmdUVFkwjCiCan3GD88wtyw1LdWjXZAhvVqeRMHwNNGm5x
[2026-09-03 14:20:25][debug][GraphsyncDAGSyncer] Node added to dagService. CID: QmdUVFkwjCiCan3GD88wtyw1LdWjXZAhvVqeRMHwNNGm5x, links: []
[2026-09-03 14:20:25][debug][GraphsyncDAGSyncer] Seeing if peer 12D3KooWL6az5WVfLwf27V2qzq1ykgqxDaSbVbvEA8yvowtR8est has links to AddRoute
[2026-09-03 14:20:25][info][GraphsyncDAGSyncer] TraverseCIDsLinks: Checking links on { cid="QmdUVFkwjCiCan3GD88wtyw1LdWjXZAhvVqeRMHwNNGm5x", name="" }
[2026-09-03 14:20:25][info][GraphsyncDAGSyncer] TraverseCIDsLinks: Completed traversal. Links to fetch: 0, Visited: 0
[2026-09-03 14:20:25][debug][GraphsyncDAGSyncer] Block initialized without content to LRU cache: CID QmdUVFkwjCiCan3GD88wtyw1LdWjXZAhvVqeRMHwNNGm5x, cache size: 1
[2026-09-03 14:20:25][debug][GraphsyncDAGSyncer] Requesting Node QmdUVFkwjCiCan3GD88wtyw1LdWjXZAhvVqeRMHwNNGm5x on this 5140174184
[2026-09-03 14:20:25][debug][GraphsyncDAGSyncer] Return node for CID QmdUVFkwjCiCan3GD88wtyw1LdWjXZAhvVqeRMHwNNGm5x instance=4604313896
[2026-09-03 14:20:25.639553000][th:1235750][warning] graphsync Request 1 for CID QmdUVFkwjCiCan3GD88wtyw1LdWjXZAhvVqeRMHwNNGm5x got RS_FULL_CONTENT but no blocks received yet
[2026-09-03 14:20:25][debug][GraphsyncDAGSyncer] request progress: code=FULL_CONTENT, extensions=(graphsync/do-not-send-cids: 0x80) (graphsync/response-metadata: 0x80) 
[2026-09-03 14:20:25][debug][GraphsyncDAGSyncer] HasBlock: false, cid: QmdUVFkwjCiCan3GD88wtyw1LdWjXZAhvVqeRMHwNNGm5x
[2026-09-03 14:20:25][debug][GraphsyncDAGSyncer] Existing block updated in LRU cache: CID QmdUVFkwjCiCan3GD88wtyw1LdWjXZAhvVqeRMHwNNGm5x
[2026-09-03 14:20:25][debug][GraphsyncDAGSyncer] Node added to dagService. CID: QmdUVFkwjCiCan3GD88wtyw1LdWjXZAhvVqeRMHwNNGm5x, links: []
[2026-09-03 14:20:25][debug][GraphsyncDAGSyncer] Seeing if peer 12D3KooWL6az5WVfLwf27V2qzq1ykgqxDaSbVbvEA8yvowtR8est has links to AddRoute
[2026-09-03 14:20:25][info][GraphsyncDAGSyncer] TraverseCIDsLinks: Checking links on { cid="QmdUVFkwjCiCan3GD88wtyw1LdWjXZAhvVqeRMHwNNGm5x", name="" }
[2026-09-03 14:20:25][info][GraphsyncDAGSyncer] TraverseCIDsLinks: Completed traversal. Links to fetch: 0, Visited: 0
[2026-09-03 14:20:25][debug][GraphsyncDAGSyncer] Return node for CID QmdUVFkwjCiCan3GD88wtyw1LdWjXZAhvVqeRMHwNNGm5x instance=5427788200
[2026-09-03 14:20:25][info][CRDTCallbackManager] Executing callback for key '/cert/mint-v2:test:0000000000000000000000000000000000000000000000000000000000000000:42:2707b5f3fcd4b111fd3d90a62dcf6b62cd995e5a02d7b4f4b7631d14720c0e537980f421a27ff46bce743fbf3c8a7fa3a47d74a028c7e75c8dbaafc05683a09d:cccccccccccccccccccccccccccccccccccccccccccccccccccccccccccccccc' matching pattern '^/?cert/[^/]+'
[2026-09-03 14:20:25][debug][GraphsyncDAGSyncer] addNode: Added node QmdUVFkwjCiCan3GD88wtyw1LdWjXZAhvVqeRMHwNNGm5x on dagService 
[2026-09-03 14:20:25][debug][GraphsyncDAGSyncer] Block removed from LRU cache: CID QmdUVFkwjCiCan3GD88wtyw1LdWjXZAhvVqeRMHwNNGm5x
[2026-09-03 14:20:25][debug][GraphsyncDAGSyncer] Return node for CID QmdUVFkwjCiCan3GD88wtyw1LdWjXZAhvVqeRMHwNNGm5x instance=4613771816
[2026-09-03 14:20:25][info][CRDTCallbackManager] Executing callback for key '/cert/mint-v2:test:0000000000000000000000000000000000000000000000000000000000000000:42:2707b5f3fcd4b111fd3d90a62dcf6b62cd995e5a02d7b4f4b7631d14720c0e537980f421a27ff46bce743fbf3c8a7fa3a47d74a028c7e75c8dbaafc05683a09d:cccccccccccccccccccccccccccccccccccccccccccccccccccccccccccccccc' matching pattern '^/?cert/[^/]+'
[2026-09-03 14:20:25][debug][GraphsyncDAGSyncer] addNode: Added node QmdUVFkwjCiCan3GD88wtyw1LdWjXZAhvVqeRMHwNNGm5x on dagService 
[2026-09-03 14:20:25][debug][GraphsyncDAGSyncer] Block removed from LRU cache: CID QmdUVFkwjCiCan3GD88wtyw1LdWjXZAhvVqeRMHwNNGm5x
[2026-09-03 14:20:25][debug][GraphsyncDAGSyncer] Return node for CID QmdUVFkwjCiCan3GD88wtyw1LdWjXZAhvVqeRMHwNNGm5x instance=5140174184
[2026-09-03 14:20:25][info][CRDTCallbackManager] Executing callback for key '/cert/mint-v2:test:0000000000000000000000000000000000000000000000000000000000000000:42:2707b5f3fcd4b111fd3d90a62dcf6b62cd995e5a02d7b4f4b7631d14720c0e537980f421a27ff46bce743fbf3c8a7fa3a47d74a028c7e75c8dbaafc05683a09d:cccccccccccccccccccccccccccccccccccccccccccccccccccccccccccccccc' matching pattern '^/?cert/[^/]+'
[2026-09-03 14:20:25][debug][GraphsyncDAGSyncer] addNode: Added node QmdUVFkwjCiCan3GD88wtyw1LdWjXZAhvVqeRMHwNNGm5x on dagService 
[2026-09-03 14:20:25][debug][GraphsyncDAGSyncer] Block removed from LRU cache: CID QmdUVFkwjCiCan3GD88wtyw1LdWjXZAhvVqeRMHwNNGm5x
[2026-09-03 14:20:25][info][Blockchain] [2707b5f3] Stopping blockchain
[2026-09-03 14:20:25][error][TransactionManager] [2707b5f3 - full: false] OnConsensusCertificate: Failed to change transaction state to CONFIRMED for hash a07328ba1f20d0527afedb9a77fdbc80ded20dd9cedb5580ebc8aaa48f829861: Operation canceled
[2026-09-03 14:20:25][error][TransactionManager] [2707b5f3 - full: false] Failed to process certificate proposal_id=7fae913cd5035023804f06d27765841ea5e1ef358f53a82b3fa2a65b546836cc error=Operation canceled
[2026-09-03 14:20:25][info][CRDTCallbackManager] Successfully unregistered new data callback for pattern: '^/?/bc-144/tx/[^/]+'
[2026-09-03 14:20:25][info][CRDTCallbackManager] Successfully unregistered deleted data callback for pattern: '^/?/bc-144/tx/[^/]+'
[2026-09-03 14:20:25][info][CRDTCallbackManager] Successfully unregistered new data callback for pattern: '^/?/bc-963/tx/[^/]+'
[2026-09-03 14:20:25][info][CRDTCallbackManager] Successfully unregistered deleted data callback for pattern: '^/?/bc-963/tx/[^/]+'
[2026-09-03 14:20:25][info][CRDTCallbackManager] Successfully unregistered new data callback for pattern: '^/?/bc-369/tx/[^/]+'
[2026-09-03 14:20:25][info][CRDTCallbackManager] Successfully unregistered deleted data callback for pattern: '^/?/bc-369/tx/[^/]+'
[2026-09-03 14:20:25][info][TransactionManager] [2707b5f3 - full: false] ~TransactionManager: Metrics — cert_fallback(success=0 failure=0) validation(approve=1 reject=0) tracking(insert=1 confirm=0 fail=0)
[2026-09-03 14:20:25][info][CRDTCallbackManager] Successfully unregistered new data callback for pattern: '/?gnus-genesis-block'
[2026-09-03 14:20:25][info][CRDTCallbackManager] Successfully unregistered new data callback for pattern: '/?gnus-account-creation-.*'
[2026-09-03 14:20:25][info][CRDTCallbackManager] Successfully unregistered new data callback for pattern: '/?gnus-validator-registry'
[2026-09-03 14:20:25][debug][GlobalDB] ~GlobalDB CALLED with count 6 on multi_node_finality_fault/restart-mint-validator-one/rocksdb 
[2026-09-03 14:20:25][info][GlobalDB] GlobalDB shutdown start
[2026-09-03 14:20:25][info][CrdtDatastore] CancelAndCloseNow: begin (pending_jobs=1, self_queue=0, root_queue=0, pending_roots=0, active_root=false)
[2026-09-03 14:20:25][debug][GraphsyncDAGSyncer] Stopping Dagsyncer
[2026-09-03 14:20:25][debug][GraphsyncDAGSyncer] Dagsyncer Stopped
[2026-09-03 14:20:25.772431000][th:1235728][error] graphsync Varint Error msg=Stream: closed by remote peer
[2026-09-03 14:20:25.772436000][th:1235728][info] graphsync stream read error, peer=tR8est, msg=stream is not readable
[2026-09-03 14:20:25.772438000][th:1235707][error] graphsync Varint Error msg=Stream: closed by remote peer
[2026-09-03 14:20:25.772440000][th:1235707][info] graphsync stream read error, peer=tR8est, msg=stream is not readable
[2026-09-03 14:20:25.772466000][th:1235750][error] graphsync Varint Error msg=Stream: closed by remote peer
[2026-09-03 14:20:25.772470000][th:1235750][info] graphsync stream read error, peer=tR8est, msg=stream is not readable
[2026-09-03 14:20:25.772503000][th:1235686][error] graphsync Varint Error msg=Stream: closed by this host
[2026-09-03 14:20:25.772509000][th:1235686][error] graphsync Varint Error msg=Stream: closed by this host
[2026-09-03 14:20:25.772529000][th:1235686][error] graphsync Varint Error msg=Stream: closed by this host
[2026-09-03 14:20:26][info][CrdtDatastore] CancelAndCloseNow: CRDT workers stopped
[2026-09-03 14:20:26][warning][CrdtDatastore] CancelAndCloseNow called but shutdown has already started
[2026-09-03 14:20:26][debug][GraphsyncDAGSyncer] ~GraphsyncDAGSyncer CALLED
[2026-09-03 14:20:26][info][GlobalDB] GlobalDB shutdown finished
[2026-09-03 14:20:26.014361000][th:1235686][error] GossipPubSub Address monitoring timer error: Operation canceled
[2026-09-03 14:20:26][info][UTXOManager] Stored 1 UTXOs for address 2707b5f3fcd4b111fd3d90a62dcf6b62cd995e5a02d7b4f4b7631d14720c0e537980f421a27ff46bce743fbf3c8a7fa3a47d74a028c7e75c8dbaafc05683a09d
[2026-09-03 14:20:26][info][UTXOManager] Stored 2 UTXOs for address 2707b5f3fcd4b111fd3d90a62dcf6b62cd995e5a02d7b4f4b7631d14720c0e537980f421a27ff46bce743fbf3c8a7fa3a47d74a028c7e75c8dbaafc05683a09d
[2026-09-03 14:20:26][warning][TransactionManager] [4d55f1ab - full: false] Mint-v2 a07328ba1f20d0527afedb9a77fdbc80ded20dd9cedb5580ebc8aaa48f829861 did not consume every burn input (already consumed or missing); burn outpoint metadata may have been rebuilt with zero amount
[2026-09-03 14:20:26][info][TransactionManager] [4d55f1ab - full: false] Created tokens (mint-v2), amount 42 balance 0
[2026-09-03 14:20:26][info][TransactionManager] [4d55f1ab - full: false] ChangeTransactionState: Tracking entry confirmed tx=a07328ba1f20d0527afedb9a77fdbc80ded20dd9cedb5580ebc8aaa48f829861
[2026-09-03 14:20:26][info][UTXOManager] Created checkpoint owner=4d55f1ab247d30bb79af881c045876010e0318b12febfc8fb1791d54e8bb3239755f39b206b9611da8039bfb415355f077821a314be40e8c5e3f1dfa7d0295dd epoch=1 utxo_count=0
[2026-09-03 14:20:26][info][UTXOManager] Stored 1 UTXOs for address 2707b5f3fcd4b111fd3d90a62dcf6b62cd995e5a02d7b4f4b7631d14720c0e537980f421a27ff46bce743fbf3c8a7fa3a47d74a028c7e75c8dbaafc05683a09d
[2026-09-03 14:20:26][info][UTXOManager] Stored 1 UTXOs for address 2707b5f3fcd4b111fd3d90a62dcf6b62cd995e5a02d7b4f4b7631d14720c0e537980f421a27ff46bce743fbf3c8a7fa3a47d74a028c7e75c8dbaafc05683a09d
[2026-09-03 14:20:26][info][UTXOManager] Stored 2 UTXOs for address 2707b5f3fcd4b111fd3d90a62dcf6b62cd995e5a02d7b4f4b7631d14720c0e537980f421a27ff46bce743fbf3c8a7fa3a47d74a028c7e75c8dbaafc05683a09d
[2026-09-03 14:20:26][warning][TransactionManager] [be472868 - full: false] Mint-v2 a07328ba1f20d0527afedb9a77fdbc80ded20dd9cedb5580ebc8aaa48f829861 did not consume every burn input (already consumed or missing); burn outpoint metadata may have been rebuilt with zero amount
[2026-09-03 14:20:26][info][TransactionManager] [be472868 - full: false] Created tokens (mint-v2), amount 42 balance 0
[2026-09-03 14:20:26][info][UTXOManager] Stored 2 UTXOs for address 2707b5f3fcd4b111fd3d90a62dcf6b62cd995e5a02d7b4f4b7631d14720c0e537980f421a27ff46bce743fbf3c8a7fa3a47d74a028c7e75c8dbaafc05683a09d
[2026-09-03 14:20:26][warning][TransactionManager] [85349b31 - full: false] Mint-v2 a07328ba1f20d0527afedb9a77fdbc80ded20dd9cedb5580ebc8aaa48f829861 did not consume every burn input (already consumed or missing); burn outpoint metadata may have been rebuilt with zero amount
[2026-09-03 14:20:26][info][TransactionManager] [85349b31 - full: false] Created tokens (mint-v2), amount 42 balance 0
[2026-09-03 14:20:26][info][TransactionManager] [be472868 - full: false] ChangeTransactionState: Tracking entry confirmed tx=a07328ba1f20d0527afedb9a77fdbc80ded20dd9cedb5580ebc8aaa48f829861
[2026-09-03 14:20:26][info][TransactionManager] [85349b31 - full: false] ChangeTransactionState: Tracking entry confirmed tx=a07328ba1f20d0527afedb9a77fdbc80ded20dd9cedb5580ebc8aaa48f829861
[2026-09-03 14:20:26][info][UTXOManager] Created checkpoint owner=be472868097409191ae7d8d25ec85c1dde97d1722f89aa13ddfda3af6053c3eaf9cab63624331d59bd4c44703ed1a0633e6007e068c3a042a97def9a243a8888 epoch=1 utxo_count=0
[2026-09-03 14:20:26][info][UTXOManager] Created checkpoint owner=85349b315d8d5028aa8b4acc02655ae1d3879deef5eb363fadab098b1894875c7d26d31372f99bda6df708faab612071ea1633e73f7a5910758b3a564c0e74e7 epoch=1 utxo_count=0
[2026-09-03 14:20:27][info][KeyPairFileStorage] Path to keypairs multi_node_finality_fault/restart-mint-validator-one/keypair
[2026-09-03 14:20:27][info][KeyPairFileStorage] Peer ID from public key: 12D3KooWL6az5WVfLwf27V2qzq1ykgqxDaSbVbvEA8yvowtR8est
Current limits: 16384 (soft), 9223372036854775807 (hard)
New limits set successfully: 16384 (soft), 9223372036854775807 (hard)
Initialized relay addresses
[2026-09-03 14:20:27.030221000][th:1234463][info] GossipPubSub /ip4/0.0.0.0/tcp/54621/p2p/12D3KooWL6az5WVfLwf27V2qzq1ykgqxDaSbVbvEA8yvowtR8est: Starting PubSub service
[2026-09-03 14:20:27.030544000][th:1235874][info] GossipPubSub Starting address monitoring system for mobile network changes
[2026-09-03 14:20:27.030556000][th:1235874][info] GossipPubSub === CURRENT NETWORK STATE ===
[2026-09-03 14:20:27.030576000][th:1235874][info] GossipPubSub Primary listening address: /ip4/0.0.0.0/tcp/54621/p2p/12D3KooWL6az5WVfLwf27V2qzq1ykgqxDaSbVbvEA8yvowtR8est
[2026-09-03 14:20:27.030579000][th:1235874][info] GossipPubSub Host peer info addresses (0):
[2026-09-03 14:20:27.030580000][th:1235874][info] GossipPubSub Additional addresses we track (0):
[2026-09-03 14:20:27.030582000][th:1235874][info] GossipPubSub Listening addresses (1):
[2026-09-03 14:20:27.030584000][th:1235874][info] GossipPubSub   -> /ip4/0.0.0.0/tcp/54621/p2p/12D3KooWL6az5WVfLwf27V2qzq1ykgqxDaSbVbvEA8yvowtR8est
[2026-09-03 14:20:27.030585000][th:1235874][info] GossipPubSub Interface addresses (0):
[2026-09-03 14:20:27.030586000][th:1235874][info] GossipPubSub === RAW OBSERVED ADDRESS DEBUG ===
[2026-09-03 14:20:27.030590000][th:1235874][info] GossipPubSub Local address: /ip4/0.0.0.0/tcp/54621/p2p/12D3KooWL6az5WVfLwf27V2qzq1ykgqxDaSbVbvEA8yvowtR8est -> 0 raw observed, 0 activated+confirmed
[2026-09-03 14:20:27.030592000][th:1235874][info] GossipPubSub TOTAL: 0 raw observed addresses, 0 activated+confirmed addresses
[2026-09-03 14:20:27.030593000][th:1235874][info] GossipPubSub === END RAW OBSERVED ADDRESS DEBUG ===
[2026-09-03 14:20:27.030594000][th:1235874][info] GossipPubSub Observed addresses - all (0):
[2026-09-03 14:20:27.030595000][th:1235874][info] GossipPubSub Observed addresses - confirmed only (0):
[2026-09-03 14:20:27.030596000][th:1235874][info] GossipPubSub Relay addresses (0):
[2026-09-03 14:20:27.030601000][th:1235874][warning] GossipPubSub Failed to get addresses from peer repository: not found
[2026-09-03 14:20:27.030694000][th:1235874][info] GossipPubSub Found 1 valid network interfaces
[2026-09-03 14:20:27.030699000][th:1235874][info] GossipPubSub Current network interfaces (1):
[2026-09-03 14:20:27.030700000][th:1235874][info] GossipPubSub   -> 192.168.1.6
[2026-09-03 14:20:27.030702000][th:1235874][info] GossipPubSub Active connections: 0
[2026-09-03 14:20:27.030704000][th:1235874][info] GossipPubSub === PEER CONNECTION DETAILS ===
[2026-09-03 14:20:27.030705000][th:1235874][info] GossipPubSub NOTE: Observed addresses need to be seen by 4+ different peer groups to become 'activated'
[2026-09-03 14:20:27.030706000][th:1235874][info] GossipPubSub NOTE: Current connections: 0, so max possible observers: 0
[2026-09-03 14:20:27.030708000][th:1235874][info] GossipPubSub === END PEER CONNECTION DETAILS ===
[2026-09-03 14:20:27.030719000][th:1235874][info] GossipPubSub Connection manager stats:
[2026-09-03 14:20:27.030723000][th:1235874][info] GossipPubSub   -> Max connections: 1000
[2026-09-03 14:20:27.030724000][th:1235874][info] GossipPubSub   -> Current connections: 0
[2026-09-03 14:20:27.030725000][th:1235874][info] GossipPubSub === END NETWORK STATE ===
[2026-09-03 14:20:27.031149000][th:1235874][info] GossipPubSub /ip4/0.0.0.0/tcp/54621/p2p/12D3KooWL6az5WVfLwf27V2qzq1ykgqxDaSbVbvEA8yvowtR8est : PubSub service started
[2026-09-03 14:20:27][info][GlobalDB] Opening database /Users/henriqueklein/gnus/SuperGenius/multi_node_finality_fault/restart-mint-validator-one/rocksdb
[2026-09-03 14:20:27][debug][GraphsyncDAGSyncer] GraphSyncer created 4613810728 
[2026-09-03 14:20:27][info][CrdtDatastore] crdt Datastore created. Number of heads: 2 Current max-height: 18446744073709551615
[2026-09-03 14:20:27][info][GeniusAccount] Secure storage ID path: /Users/henriqueklein/gnus/SuperGenius/multi_node_finality_fault/restart-mint-validator-one/account/secure_storage_id
[2026-09-03 14:20:27][info][GeniusAccount] Loaded public key from file: 2707b5f3fcd4b111... (length: 128)
[2026-09-03 14:20:27][info][GeniusAccount] Successfully loaded key_seed from storage
[2026-09-03 14:20:27][info][GeniusAccount] Validation successful: key_seed matches stored public key
[2026-09-03 14:20:27][info][Blockchain] [2707b5f3] Blockchain instance created with authorized full node: 8a33bdf1
[2026-09-03 14:20:27][info][ValidatorRegistry] InitializeCache: cache initialized with CID Qmbwspi3Ud3B4KuaF3NobwjJHtbSvaxthTnxMbubRMaja8
[2026-09-03 14:20:27][info][CRDTCallbackManager] Successfully registered new data callback for pattern: '/?gnus-validator-registry'
[2026-09-03 14:20:27][info][ValidatorRegistry] RegisterFilter: result=true
[2026-09-03 14:20:27][info][ValidatorRegistry] New: instance ready
[2026-09-03 14:20:27.061513000][th:1235874][info] GossipPubSub /ip4/0.0.0.0/tcp/54621/p2p/12D3KooWL6az5WVfLwf27V2qzq1ykgqxDaSbVbvEA8yvowtR8est: PubSub subscribed to topic 'gnus-validator-registry.3.7.144'
[2026-09-03 14:20:27][info][CRDTCallbackManager] Successfully registered new data callback for pattern: '^/?cert/[^/]+'
[2026-09-03 14:20:27.061553000][th:1235874][info] GossipPubSub /ip4/0.0.0.0/tcp/54621/p2p/12D3KooWL6az5WVfLwf27V2qzq1ykgqxDaSbVbvEA8yvowtR8est: PubSub subscribed to topic 'consensus-channel-.3.7.144'
[2026-09-03 14:20:27.061585000][th:1235874][info] GossipPubSub /ip4/0.0.0.0/tcp/54621/p2p/12D3KooWL6az5WVfLwf27V2qzq1ykgqxDaSbVbvEA8yvowtR8est: PubSub subscribed to topic 'consensus-channel-.3.7.144#datastore.3.7.144'
[2026-09-03 14:20:27][warning][ConsensusManager] ProcessCommittedCertificate: No subject handler for certificate with key /cert/mint-v2:test:0000000000000000000000000000000000000000000000000000000000000000:42:2707b5f3fcd4b111fd3d90a62dcf6b62cd995e5a02d7b4f4b7631d14720c0e537980f421a27ff46bce743fbf3c8a7fa3a47d74a028c7e75c8dbaafc05683a09d:cccccccccccccccccccccccccccccccccccccccccccccccccccccccccccccccc 
[2026-09-03 14:20:27][warning][ConsensusManager] ProcessCommittedCertificate: No subject handler for certificate with key /cert/mint-v2:test:0000000000000000000000000000000000000000000000000000000000000000:42:2707b5f3fcd4b111fd3d90a62dcf6b62cd995e5a02d7b4f4b7631d14720c0e537980f421a27ff46bce743fbf3c8a7fa3a47d74a028c7e75c8dbaafc05683a09d:cccccccccccccccccccccccccccccccccccccccccccccccccccccccccccccccc 
[2026-09-03 14:20:27][info][CRDTCallbackManager] Successfully registered new data callback for pattern: '/?gnus-genesis-block'
[2026-09-03 14:20:27][info][CRDTCallbackManager] Successfully registered new data callback for pattern: '/?gnus-account-creation-.*'
[2026-09-03 14:20:27][info][UTXOManager] Stored 2 UTXOs for address 2707b5f3fcd4b111fd3d90a62dcf6b62cd995e5a02d7b4f4b7631d14720c0e537980f421a27ff46bce743fbf3c8a7fa3a47d74a028c7e75c8dbaafc05683a09d
[2026-09-03 14:20:27][warning][TransactionManager] [2707b5f3 - full: false] Mint-v2 a07328ba1f20d0527afedb9a77fdbc80ded20dd9cedb5580ebc8aaa48f829861 did not consume every burn input (already consumed or missing); burn outpoint metadata may have been rebuilt with zero amount
[2026-09-03 14:20:27][info][TransactionManager] [2707b5f3 - full: false] Created tokens (mint-v2), amount 42 balance 42
[2026-09-03 14:20:27][info][TransactionManager] [2707b5f3 - full: false] ChangeTransactionState: Tracking entry confirmed tx=a07328ba1f20d0527afedb9a77fdbc80ded20dd9cedb5580ebc8aaa48f829861
[2026-09-03 14:20:27][info][TransactionManager] [2707b5f3 - full: false] OnConsensusCertificate: Standalone validator confirmed tx a07328ba1f20d0527afedb9a77fdbc80ded20dd9cedb5580ebc8aaa48f829861 from certificate proposal_id=7fae913cd5035023804f06d27765841ea5e1ef358f53a82b3fa2a65b546836cc
[2026-09-03 14:20:27][info][UTXOManager] Created checkpoint owner=2707b5f3fcd4b111fd3d90a62dcf6b62cd995e5a02d7b4f4b7631d14720c0e537980f421a27ff46bce743fbf3c8a7fa3a47d74a028c7e75c8dbaafc05683a09d epoch=1 utxo_count=1
[2026-09-03 14:20:27][info][CRDTCallbackManager] Successfully registered new data callback for pattern: '^/?/bc-144/tx/[^/]+'
[2026-09-03 14:20:27][info][CRDTCallbackManager] Successfully registered deleted data callback for pattern: '^/?/bc-144/tx/[^/]+'
[2026-09-03 14:20:27][info][CRDTCallbackManager] Successfully registered new data callback for pattern: '^/?/bc-963/tx/[^/]+'
[2026-09-03 14:20:27][info][CRDTCallbackManager] Successfully registered deleted data callback for pattern: '^/?/bc-963/tx/[^/]+'
[2026-09-03 14:20:27][info][CRDTCallbackManager] Successfully registered new data callback for pattern: '^/?/bc-369/tx/[^/]+'
[2026-09-03 14:20:27][info][CRDTCallbackManager] Successfully registered deleted data callback for pattern: '^/?/bc-369/tx/[^/]+'
[2026-09-03 14:20:27.101019000][th:1235874][info] GossipPubSub Adding new peer: 12D3KooWHAy1YeCc8k2GA7nwj5d8zVeSDRTQ84wWVXfuQRuMYv8L
[2026-09-03 14:20:27.101114000][th:1235874][info] GossipPubSub Adding new peer: 12D3KooWQZBbTXX3FAff3XroSsy1motJRkGo7cchYSTFCujadUZe
[2026-09-03 14:20:27.101208000][th:1235874][info] GossipPubSub Adding new peer: 12D3KooWStpiRKuoBvUJP5ThriEDrETi85pEaYHNkQVMkVVcM8ig
[2026-09-03 14:20:27.101239000][th:1235707][info] GossipPubSub Adding new peer: 12D3KooWL6az5WVfLwf27V2qzq1ykgqxDaSbVbvEA8yvowtR8est
[2026-09-03 14:20:27.101302000][th:1235707][info] GossipPubSub Adding new peer: 12D3KooWQZBbTXX3FAff3XroSsy1motJRkGo7cchYSTFCujadUZe
[2026-09-03 14:20:27.101368000][th:1235707][info] GossipPubSub Adding new peer: 12D3KooWStpiRKuoBvUJP5ThriEDrETi85pEaYHNkQVMkVVcM8ig
[2026-09-03 14:20:27.101435000][th:1235728][info] GossipPubSub Adding new peer: 12D3KooWL6az5WVfLwf27V2qzq1ykgqxDaSbVbvEA8yvowtR8est
[2026-09-03 14:20:27.101495000][th:1235728][info] GossipPubSub Adding new peer: 12D3KooWHAy1YeCc8k2GA7nwj5d8zVeSDRTQ84wWVXfuQRuMYv8L
[2026-09-03 14:20:27.101557000][th:1235728][info] GossipPubSub Adding new peer: 12D3KooWStpiRKuoBvUJP5ThriEDrETi85pEaYHNkQVMkVVcM8ig
[2026-09-03 14:20:27.101624000][th:1235750][info] GossipPubSub Adding new peer: 12D3KooWL6az5WVfLwf27V2qzq1ykgqxDaSbVbvEA8yvowtR8est
[2026-09-03 14:20:27.101683000][th:1235750][info] GossipPubSub Adding new peer: 12D3KooWHAy1YeCc8k2GA7nwj5d8zVeSDRTQ84wWVXfuQRuMYv8L
[2026-09-03 14:20:27.101744000][th:1235750][info] GossipPubSub Adding new peer: 12D3KooWQZBbTXX3FAff3XroSsy1motJRkGo7cchYSTFCujadUZe
[2026-09-03 14:20:27][info][CrdtDatastore] Topics { name="consensus-channel-.3.7.144#datastore" }
[2026-09-03 14:20:27][debug][GraphsyncDAGSyncer] addNode: Added node QmWuKEDA6UejsRd4kjeFKoxRnS288xHiaHvAHd4VPMJG9G on dagService 
[2026-09-03 14:20:27][info][GraphsyncDAGSyncer] TraverseCIDsLinks: Checking links on { cid="QmWuKEDA6UejsRd4kjeFKoxRnS288xHiaHvAHd4VPMJG9G", name="consensus-channel-.3.7.144#datastore" }
[2026-09-03 14:20:27][debug][GraphsyncDAGSyncer] TraverseCIDsLinks: Skipping traversal of resolved child QmdUVFkwjCiCan3GD88wtyw1LdWjXZAhvVqeRMHwNNGm5x
[2026-09-03 14:20:27][info][GraphsyncDAGSyncer] TraverseCIDsLinks: Completed traversal. Links to fetch: 0, Visited: 1
[2026-09-03 14:20:27][debug][GraphsyncDAGSyncer] Added route for CID QmWuKEDA6UejsRd4kjeFKoxRnS288xHiaHvAHd4VPMJG9G to peer 12D3KooWL6az5WVfLwf27V2qzq1ykgqxDaSbVbvEA8yvowtR8est (key 0, route_count=1)
[2026-09-03 14:20:27][debug][GraphsyncDAGSyncer] Added route for CID QmWuKEDA6UejsRd4kjeFKoxRnS288xHiaHvAHd4VPMJG9G to peer 12D3KooWL6az5WVfLwf27V2qzq1ykgqxDaSbVbvEA8yvowtR8est (key 0, route_count=1)
[2026-09-03 14:20:27][debug][GraphsyncDAGSyncer] Added route for CID QmWuKEDA6UejsRd4kjeFKoxRnS288xHiaHvAHd4VPMJG9G to peer 12D3KooWL6az5WVfLwf27V2qzq1ykgqxDaSbVbvEA8yvowtR8est (key 0, route_count=1)
[2026-09-03 14:20:27][info][CRDTCallbackManager] Successfully unregistered new data callback for pattern: '^/?/bc-144/tx/[^/]+'
[2026-09-03 14:20:27][info][CRDTCallbackManager] Successfully unregistered deleted data callback for pattern: '^/?/bc-144/tx/[^/]+'
[2026-09-03 14:20:27][info][CRDTCallbackManager] Successfully unregistered new data callback for pattern: '^/?/bc-963/tx/[^/]+'
[2026-09-03 14:20:27][info][CRDTCallbackManager] Successfully unregistered deleted data callback for pattern: '^/?/bc-963/tx/[^/]+'
[2026-09-03 14:20:27][info][CRDTCallbackManager] Successfully unregistered new data callback for pattern: '^/?/bc-369/tx/[^/]+'
[2026-09-03 14:20:27][info][CRDTCallbackManager] Successfully unregistered deleted data callback for pattern: '^/?/bc-369/tx/[^/]+'
[2026-09-03 14:20:27][info][TransactionManager] [2707b5f3 - full: false] ~TransactionManager: Metrics — cert_fallback(success=1 failure=0) validation(approve=0 reject=0) tracking(insert=0 confirm=1 fail=0)
[2026-09-03 14:20:27][info][Blockchain] [2707b5f3] Stopping blockchain
[2026-09-03 14:20:27][info][CRDTCallbackManager] Successfully unregistered new data callback for pattern: '/?gnus-genesis-block'
[2026-09-03 14:20:27][info][CRDTCallbackManager] Successfully unregistered new data callback for pattern: '/?gnus-account-creation-.*'
[2026-09-03 14:20:27][info][CRDTCallbackManager] Successfully unregistered new data callback for pattern: '/?gnus-validator-registry'
[2026-09-03 14:20:27][debug][GlobalDB] ~GlobalDB CALLED with count 6 on multi_node_finality_fault/restart-mint-validator-one/rocksdb 
[2026-09-03 14:20:27][info][GlobalDB] GlobalDB shutdown start
[2026-09-03 14:20:27][info][CrdtDatastore] CancelAndCloseNow: begin (pending_jobs=0, self_queue=0, root_queue=0, pending_roots=0, active_root=false)
[2026-09-03 14:20:27][debug][GraphsyncDAGSyncer] Stopping Dagsyncer
[2026-09-03 14:20:27][debug][GraphsyncDAGSyncer] Dagsyncer Stopped
[2026-09-03 14:20:27][info][CrdtDatastore] CancelAndCloseNow: CRDT workers stopped
[2026-09-03 14:20:27][warning][CrdtDatastore] CancelAndCloseNow called but shutdown has already started
[2026-09-03 14:20:27][debug][GraphsyncDAGSyncer] ~GraphsyncDAGSyncer CALLED
[2026-09-03 14:20:27][info][GlobalDB] GlobalDB shutdown finished
[2026-09-03 14:20:27.569133000][th:1235874][error] GossipPubSub Address monitoring timer error: Operation canceled
[2026-09-03 14:20:27][debug][GraphsyncDAGSyncer] Block initialized without content to LRU cache: CID QmWuKEDA6UejsRd4kjeFKoxRnS288xHiaHvAHd4VPMJG9G, cache size: 1
[2026-09-03 14:20:27][debug][GraphsyncDAGSyncer] Requesting Node QmWuKEDA6UejsRd4kjeFKoxRnS288xHiaHvAHd4VPMJG9G on this 5427788200
[2026-09-03 14:20:27][debug][GraphsyncDAGSyncer] Block initialized without content to LRU cache: CID QmWuKEDA6UejsRd4kjeFKoxRnS288xHiaHvAHd4VPMJG9G, cache size: 1
[2026-09-03 14:20:27][debug][GraphsyncDAGSyncer] Requesting Node QmWuKEDA6UejsRd4kjeFKoxRnS288xHiaHvAHd4VPMJG9G on this 4613771816
[2026-09-03 14:20:27][debug][GraphsyncDAGSyncer] Block initialized without content to LRU cache: CID QmWuKEDA6UejsRd4kjeFKoxRnS288xHiaHvAHd4VPMJG9G, cache size: 1
[2026-09-03 14:20:27][debug][GraphsyncDAGSyncer] Requesting Node QmWuKEDA6UejsRd4kjeFKoxRnS288xHiaHvAHd4VPMJG9G on this 5140174184
[2026-09-03 14:20:28.579997000][th:1235750][error] graphsync cannot connect, peer=tR8est, msg='Connection reset by peer' state=1
[2026-09-03 14:20:28][debug][GraphsyncDAGSyncer] request progress: code=CANNOT_CONNECT, extensions=
[2026-09-03 14:20:28.580236000][th:1235707][error] graphsync cannot connect, peer=tR8est, msg='Connection reset by peer' state=1
[2026-09-03 14:20:28][debug][GraphsyncDAGSyncer] request progress: code=CANNOT_CONNECT, extensions=
[2026-09-03 14:20:28][info][KeyPairFileStorage] Path to keypairs multi_node_finality_fault/restart-mint-validator-one/keypair
[2026-09-03 14:20:28.580352000][th:1235728][error] graphsync cannot connect, peer=tR8est, msg='Connection reset by peer' state=1
[2026-09-03 14:20:28][debug][GraphsyncDAGSyncer] request progress: code=CANNOT_CONNECT, extensions=
[2026-09-03 14:20:28][info][KeyPairFileStorage] Peer ID from public key: 12D3KooWL6az5WVfLwf27V2qzq1ykgqxDaSbVbvEA8yvowtR8est
Current limits: 16384 (soft), 9223372036854775807 (hard)
New limits set successfully: 16384 (soft), 9223372036854775807 (hard)
Initialized relay addresses
[2026-09-03 14:20:28.583763000][th:1234463][info] GossipPubSub /ip4/0.0.0.0/tcp/54621/p2p/12D3KooWL6az5WVfLwf27V2qzq1ykgqxDaSbVbvEA8yvowtR8est: Starting PubSub service
[2026-09-03 14:20:28.583965000][th:1235939][info] GossipPubSub Starting address monitoring system for mobile network changes
[2026-09-03 14:20:28.583973000][th:1235939][info] GossipPubSub === CURRENT NETWORK STATE ===
[2026-09-03 14:20:28.583989000][th:1235939][info] GossipPubSub Primary listening address: /ip4/0.0.0.0/tcp/54621/p2p/12D3KooWL6az5WVfLwf27V2qzq1ykgqxDaSbVbvEA8yvowtR8est
[2026-09-03 14:20:28.583992000][th:1235939][info] GossipPubSub Host peer info addresses (0):
[2026-09-03 14:20:28.583993000][th:1235939][info] GossipPubSub Additional addresses we track (0):
[2026-09-03 14:20:28.583995000][th:1235939][info] GossipPubSub Listening addresses (1):
[2026-09-03 14:20:28.583996000][th:1235939][info] GossipPubSub   -> /ip4/0.0.0.0/tcp/54621/p2p/12D3KooWL6az5WVfLwf27V2qzq1ykgqxDaSbVbvEA8yvowtR8est
[2026-09-03 14:20:28.583998000][th:1235939][info] GossipPubSub Interface addresses (0):
[2026-09-03 14:20:28.583999000][th:1235939][info] GossipPubSub === RAW OBSERVED ADDRESS DEBUG ===
[2026-09-03 14:20:28.584003000][th:1235939][info] GossipPubSub Local address: /ip4/0.0.0.0/tcp/54621/p2p/12D3KooWL6az5WVfLwf27V2qzq1ykgqxDaSbVbvEA8yvowtR8est -> 0 raw observed, 0 activated+confirmed
[2026-09-03 14:20:28.584005000][th:1235939][info] GossipPubSub TOTAL: 0 raw observed addresses, 0 activated+confirmed addresses
[2026-09-03 14:20:28.584006000][th:1235939][info] GossipPubSub === END RAW OBSERVED ADDRESS DEBUG ===
[2026-09-03 14:20:28.584007000][th:1235939][info] GossipPubSub Observed addresses - all (0):
[2026-09-03 14:20:28.584008000][th:1235939][info] GossipPubSub Observed addresses - confirmed only (0):
[2026-09-03 14:20:28.584009000][th:1235939][info] GossipPubSub Relay addresses (0):
[2026-09-03 14:20:28.584013000][th:1235939][warning] GossipPubSub Failed to get addresses from peer repository: not found
[2026-09-03 14:20:28.584100000][th:1235939][info] GossipPubSub Found 1 valid network interfaces
[2026-09-03 14:20:28.584105000][th:1235939][info] GossipPubSub Current network interfaces (1):
[2026-09-03 14:20:28.584106000][th:1235939][info] GossipPubSub   -> 192.168.1.6
[2026-09-03 14:20:28.584109000][th:1235939][info] GossipPubSub Active connections: 0
[2026-09-03 14:20:28.584110000][th:1235939][info] GossipPubSub === PEER CONNECTION DETAILS ===
[2026-09-03 14:20:28.584111000][th:1235939][info] GossipPubSub NOTE: Observed addresses need to be seen by 4+ different peer groups to become 'activated'
[2026-09-03 14:20:28.584113000][th:1235939][info] GossipPubSub NOTE: Current connections: 0, so max possible observers: 0
[2026-09-03 14:20:28.584114000][th:1235939][info] GossipPubSub === END PEER CONNECTION DETAILS ===
[2026-09-03 14:20:28.584115000][th:1235939][info] GossipPubSub Connection manager stats:
[2026-09-03 14:20:28.584117000][th:1235939][info] GossipPubSub   -> Max connections: 1000
[2026-09-03 14:20:28.584118000][th:1235939][info] GossipPubSub   -> Current connections: 0
[2026-09-03 14:20:28.584119000][th:1235939][info] GossipPubSub === END NETWORK STATE ===
[2026-09-03 14:20:28.584525000][th:1235939][info] GossipPubSub /ip4/0.0.0.0/tcp/54621/p2p/12D3KooWL6az5WVfLwf27V2qzq1ykgqxDaSbVbvEA8yvowtR8est : PubSub service started
[2026-09-03 14:20:28][info][GlobalDB] Opening database /Users/henriqueklein/gnus/SuperGenius/multi_node_finality_fault/restart-mint-validator-one/rocksdb
[2026-09-03 14:20:28][debug][GraphsyncDAGSyncer] GraphSyncer created 4604398072 
[2026-09-03 14:20:28][info][CrdtDatastore] crdt Datastore created. Number of heads: 2 Current max-height: 18446744073709551615
[2026-09-03 14:20:28][info][GeniusAccount] Secure storage ID path: /Users/henriqueklein/gnus/SuperGenius/multi_node_finality_fault/restart-mint-validator-one/account/secure_storage_id
[2026-09-03 14:20:28][info][GeniusAccount] Loaded public key from file: 2707b5f3fcd4b111... (length: 128)
[2026-09-03 14:20:28][info][GeniusAccount] Successfully loaded key_seed from storage
[2026-09-03 14:20:28][info][GeniusAccount] Validation successful: key_seed matches stored public key
[2026-09-03 14:20:28][warning][UTXOManager] Skipping malformed UTXO key /utxo-checkpoint/2707b5f3fcd4b111fd3d90a62dcf6b62cd995e5a02d7b4f4b7631d14720c0e537980f421a27ff46bce743fbf3c8a7fa3a47d74a028c7e75c8dbaafc05683a09d/1
[2026-09-03 14:20:28][warning][UTXOManager] Skipping malformed UTXO key /utxo-checkpoint/2707b5f3fcd4b111fd3d90a62dcf6b62cd995e5a02d7b4f4b7631d14720c0e537980f421a27ff46bce743fbf3c8a7fa3a47d74a028c7e75c8dbaafc05683a09d/latest
[2026-09-03 14:20:28][info][Blockchain] [2707b5f3] Blockchain instance created with authorized full node: 8a33bdf1
[2026-09-03 14:20:28][info][ValidatorRegistry] InitializeCache: cache initialized with CID Qmbwspi3Ud3B4KuaF3NobwjJHtbSvaxthTnxMbubRMaja8
[2026-09-03 14:20:28][info][CRDTCallbackManager] Successfully registered new data callback for pattern: '/?gnus-validator-registry'
[2026-09-03 14:20:28][info][ValidatorRegistry] RegisterFilter: result=true
[2026-09-03 14:20:28][info][ValidatorRegistry] New: instance ready
[2026-09-03 14:20:28.612500000][th:1235939][info] GossipPubSub /ip4/0.0.0.0/tcp/54621/p2p/12D3KooWL6az5WVfLwf27V2qzq1ykgqxDaSbVbvEA8yvowtR8est: PubSub subscribed to topic 'gnus-validator-registry.3.7.144'
[2026-09-03 14:20:28.612529000][th:1235939][info] GossipPubSub /ip4/0.0.0.0/tcp/54621/p2p/12D3KooWL6az5WVfLwf27V2qzq1ykgqxDaSbVbvEA8yvowtR8est: PubSub subscribed to topic 'consensus-channel-.3.7.144'
[2026-09-03 14:20:28][info][CRDTCallbackManager] Successfully registered new data callback for pattern: '^/?cert/[^/]+'
[2026-09-03 14:20:28.612585000][th:1235939][info] GossipPubSub /ip4/0.0.0.0/tcp/54621/p2p/12D3KooWL6az5WVfLwf27V2qzq1ykgqxDaSbVbvEA8yvowtR8est: PubSub subscribed to topic 'consensus-channel-.3.7.144#datastore.3.7.144'
[2026-09-03 14:20:28][info][CRDTCallbackManager] Successfully registered new data callback for pattern: '/?gnus-genesis-block'
[2026-09-03 14:20:28][info][CRDTCallbackManager] Successfully registered new data callback for pattern: '/?gnus-account-creation-.*'
[2026-09-03 14:20:28][info][CRDTCallbackManager] Successfully registered new data callback for pattern: '^/?/bc-144/tx/[^/]+'
[2026-09-03 14:20:28][info][CRDTCallbackManager] Successfully registered deleted data callback for pattern: '^/?/bc-144/tx/[^/]+'
[2026-09-03 14:20:28][info][CRDTCallbackManager] Successfully registered new data callback for pattern: '^/?/bc-963/tx/[^/]+'
[2026-09-03 14:20:28][info][CRDTCallbackManager] Successfully registered deleted data callback for pattern: '^/?/bc-963/tx/[^/]+'
[2026-09-03 14:20:28][info][CRDTCallbackManager] Successfully registered new data callback for pattern: '^/?/bc-369/tx/[^/]+'
[2026-09-03 14:20:28][info][CRDTCallbackManager] Successfully registered deleted data callback for pattern: '^/?/bc-369/tx/[^/]+'
[2026-09-03 14:20:28][info][CRDTCallbackManager] Successfully unregistered new data callback for pattern: '^/?/bc-144/tx/[^/]+'
[2026-09-03 14:20:28][info][CRDTCallbackManager] Successfully unregistered deleted data callback for pattern: '^/?/bc-144/tx/[^/]+'
[2026-09-03 14:20:28][info][CRDTCallbackManager] Successfully unregistered new data callback for pattern: '^/?/bc-963/tx/[^/]+'
[2026-09-03 14:20:28][info][CRDTCallbackManager] Successfully unregistered deleted data callback for pattern: '^/?/bc-963/tx/[^/]+'
[2026-09-03 14:20:28][info][CRDTCallbackManager] Successfully unregistered new data callback for pattern: '^/?/bc-369/tx/[^/]+'
[2026-09-03 14:20:28][info][CRDTCallbackManager] Successfully unregistered deleted data callback for pattern: '^/?/bc-369/tx/[^/]+'
[2026-09-03 14:20:28][info][TransactionManager] [4d55f1ab - full: false] ~TransactionManager: Metrics — cert_fallback(success=0 failure=0) validation(approve=1 reject=0) tracking(insert=1 confirm=1 fail=0)
[2026-09-03 14:20:28][info][Blockchain] [4d55f1ab] Stopping blockchain
[2026-09-03 14:20:28][info][CRDTCallbackManager] Successfully unregistered new data callback for pattern: '/?gnus-genesis-block'
[2026-09-03 14:20:28][info][CRDTCallbackManager] Successfully unregistered new data callback for pattern: '/?gnus-account-creation-.*'
[2026-09-03 14:20:28][info][CRDTCallbackManager] Successfully unregistered new data callback for pattern: '/?gnus-validator-registry'
[2026-09-03 14:20:28][debug][GlobalDB] ~GlobalDB CALLED with count 6 on multi_node_finality_fault/restart-mint-validator-two/rocksdb 
[2026-09-03 14:20:28][info][GlobalDB] GlobalDB shutdown start
[2026-09-03 14:20:28][info][CrdtDatastore] CancelAndCloseNow: begin (pending_jobs=2, self_queue=0, root_queue=0, pending_roots=0, active_root=true)
[2026-09-03 14:20:28][debug][GraphsyncDAGSyncer] Stopping Dagsyncer
[2026-09-03 14:20:28][debug][GraphsyncDAGSyncer] Dagsyncer Stopped
[2026-09-03 14:20:28][warning][GraphsyncDAGSyncer] Request failed for CID QmWuKEDA6UejsRd4kjeFKoxRnS288xHiaHvAHd4VPMJG9G from peer 12D3KooWL6az5WVfLwf27V2qzq1ykgqxDaSbVbvEA8yvowtR8est with connection error CANNOT_CONNECT. Blacklisting peer and trying fallback.
[2026-09-03 14:20:28][debug][GraphsyncDAGSyncer] Erasing route for CID QmWuKEDA6UejsRd4kjeFKoxRnS288xHiaHvAHd4VPMJG9G to blacklisted peer
[2026-09-03 14:20:28][error][GraphsyncDAGSyncer] No usable route candidates left for CID QmWuKEDA6UejsRd4kjeFKoxRnS288xHiaHvAHd4VPMJG9G
[2026-09-03 14:20:28][error][GraphsyncDAGSyncer] We exited while trying to sync QmWuKEDA6UejsRd4kjeFKoxRnS288xHiaHvAHd4VPMJG9G as it must have been still in progress.
[2026-09-03 14:20:28][warning][GraphsyncDAGSyncer] Request failed for CID QmWuKEDA6UejsRd4kjeFKoxRnS288xHiaHvAHd4VPMJG9G from peer 12D3KooWL6az5WVfLwf27V2qzq1ykgqxDaSbVbvEA8yvowtR8est with connection error CANNOT_CONNECT. Blacklisting peer and trying fallback.
[2026-09-03 14:20:28][debug][GraphsyncDAGSyncer] Erasing route for CID QmWuKEDA6UejsRd4kjeFKoxRnS288xHiaHvAHd4VPMJG9G to blacklisted peer
[2026-09-03 14:20:28][error][GraphsyncDAGSyncer] No usable route candidates left for CID QmWuKEDA6UejsRd4kjeFKoxRnS288xHiaHvAHd4VPMJG9G
[2026-09-03 14:20:29][info][CrdtDatastore] CancelAndCloseNow: CRDT workers stopped
[2026-09-03 14:20:29][warning][CrdtDatastore] CancelAndCloseNow called but shutdown has already started
[2026-09-03 14:20:29][debug][GraphsyncDAGSyncer] ~GraphsyncDAGSyncer CALLED
[2026-09-03 14:20:29][info][GlobalDB] GlobalDB shutdown finished
[2026-09-03 14:20:29.091726000][th:1235707][error] GossipPubSub Address monitoring timer error: Operation canceled
[2026-09-03 14:20:30][info][KeyPairFileStorage] Path to keypairs multi_node_finality_fault/restart-mint-validator-two/keypair
[2026-09-03 14:20:30][info][KeyPairFileStorage] Peer ID from public key: 12D3KooWHAy1YeCc8k2GA7nwj5d8zVeSDRTQ84wWVXfuQRuMYv8L
Current limits: 16384 (soft), 9223372036854775807 (hard)
New limits set successfully: 16384 (soft), 9223372036854775807 (hard)
Initialized relay addresses
[2026-09-03 14:20:30.105579000][th:1234463][info] GossipPubSub /ip4/0.0.0.0/tcp/54622/p2p/12D3KooWHAy1YeCc8k2GA7nwj5d8zVeSDRTQ84wWVXfuQRuMYv8L: Starting PubSub service
[2026-09-03 14:20:30.105721000][th:1235983][info] GossipPubSub Starting address monitoring system for mobile network changes
[2026-09-03 14:20:30.105727000][th:1235983][info] GossipPubSub === CURRENT NETWORK STATE ===
[2026-09-03 14:20:30.105740000][th:1235983][info] GossipPubSub Primary listening address: /ip4/0.0.0.0/tcp/54622/p2p/12D3KooWHAy1YeCc8k2GA7nwj5d8zVeSDRTQ84wWVXfuQRuMYv8L
[2026-09-03 14:20:30.105742000][th:1235983][info] GossipPubSub Host peer info addresses (0):
[2026-09-03 14:20:30.105744000][th:1235983][info] GossipPubSub Additional addresses we track (0):
[2026-09-03 14:20:30.105745000][th:1235983][info] GossipPubSub Listening addresses (1):
[2026-09-03 14:20:30.105746000][th:1235983][info] GossipPubSub   -> /ip4/0.0.0.0/tcp/54622/p2p/12D3KooWHAy1YeCc8k2GA7nwj5d8zVeSDRTQ84wWVXfuQRuMYv8L
[2026-09-03 14:20:30.105747000][th:1235983][info] GossipPubSub Interface addresses (0):
[2026-09-03 14:20:30.105748000][th:1235983][info] GossipPubSub === RAW OBSERVED ADDRESS DEBUG ===
[2026-09-03 14:20:30.105751000][th:1235983][info] GossipPubSub Local address: /ip4/0.0.0.0/tcp/54622/p2p/12D3KooWHAy1YeCc8k2GA7nwj5d8zVeSDRTQ84wWVXfuQRuMYv8L -> 0 raw observed, 0 activated+confirmed
[2026-09-03 14:20:30.105753000][th:1235983][info] GossipPubSub TOTAL: 0 raw observed addresses, 0 activated+confirmed addresses
[2026-09-03 14:20:30.105754000][th:1235983][info] GossipPubSub === END RAW OBSERVED ADDRESS DEBUG ===
[2026-09-03 14:20:30.105755000][th:1235983][info] GossipPubSub Observed addresses - all (0):
[2026-09-03 14:20:30.105756000][th:1235983][info] GossipPubSub Observed addresses - confirmed only (0):
[2026-09-03 14:20:30.105757000][th:1235983][info] GossipPubSub Relay addresses (0):
[2026-09-03 14:20:30.105760000][th:1235983][warning] GossipPubSub Failed to get addresses from peer repository: not found
[2026-09-03 14:20:30.105824000][th:1235983][info] GossipPubSub Found 1 valid network interfaces
[2026-09-03 14:20:30.105827000][th:1235983][info] GossipPubSub Current network interfaces (1):
[2026-09-03 14:20:30.105828000][th:1235983][info] GossipPubSub   -> 192.168.1.6
[2026-09-03 14:20:30.105829000][th:1235983][info] GossipPubSub Active connections: 0
[2026-09-03 14:20:30.105830000][th:1235983][info] GossipPubSub === PEER CONNECTION DETAILS ===
[2026-09-03 14:20:30.105831000][th:1235983][info] GossipPubSub NOTE: Observed addresses need to be seen by 4+ different peer groups to become 'activated'
[2026-09-03 14:20:30.105832000][th:1235983][info] GossipPubSub NOTE: Current connections: 0, so max possible observers: 0
[2026-09-03 14:20:30.105833000][th:1235983][info] GossipPubSub === END PEER CONNECTION DETAILS ===
[2026-09-03 14:20:30.105834000][th:1235983][info] GossipPubSub Connection manager stats:
[2026-09-03 14:20:30.105835000][th:1235983][info] GossipPubSub   -> Max connections: 1000
[2026-09-03 14:20:30.105836000][th:1235983][info] GossipPubSub   -> Current connections: 0
[2026-09-03 14:20:30.105837000][th:1235983][info] GossipPubSub === END NETWORK STATE ===
[2026-09-03 14:20:30.106072000][th:1235983][info] GossipPubSub /ip4/0.0.0.0/tcp/54622/p2p/12D3KooWHAy1YeCc8k2GA7nwj5d8zVeSDRTQ84wWVXfuQRuMYv8L : PubSub service started
[2026-09-03 14:20:30][info][GlobalDB] Opening database /Users/henriqueklein/gnus/SuperGenius/multi_node_finality_fault/restart-mint-validator-two/rocksdb
[2026-09-03 14:20:30][debug][GraphsyncDAGSyncer] GraphSyncer created 4613754712 
[2026-09-03 14:20:30][info][CrdtDatastore] crdt Datastore created. Number of heads: 2 Current max-height: 18446744073709551615
[2026-09-03 14:20:30][info][GeniusAccount] Secure storage ID path: /Users/henriqueklein/gnus/SuperGenius/multi_node_finality_fault/restart-mint-validator-two/account/secure_storage_id
[2026-09-03 14:20:30][info][GeniusAccount] Loaded public key from file: 4d55f1ab247d30bb... (length: 128)
[2026-09-03 14:20:30][info][GeniusAccount] Successfully loaded key_seed from storage
[2026-09-03 14:20:30][info][GeniusAccount] Validation successful: key_seed matches stored public key
[2026-09-03 14:20:30][warning][UTXOManager] Skipping malformed UTXO key /utxo-checkpoint/4d55f1ab247d30bb79af881c045876010e0318b12febfc8fb1791d54e8bb3239755f39b206b9611da8039bfb415355f077821a314be40e8c5e3f1dfa7d0295dd/1
[2026-09-03 14:20:30][warning][UTXOManager] Skipping malformed UTXO key /utxo-checkpoint/4d55f1ab247d30bb79af881c045876010e0318b12febfc8fb1791d54e8bb3239755f39b206b9611da8039bfb415355f077821a314be40e8c5e3f1dfa7d0295dd/latest
[2026-09-03 14:20:30][info][Blockchain] [4d55f1ab] Blockchain instance created with authorized full node: 8a33bdf1
[2026-09-03 14:20:30][info][ValidatorRegistry] InitializeCache: cache initialized with CID Qmbwspi3Ud3B4KuaF3NobwjJHtbSvaxthTnxMbubRMaja8
[2026-09-03 14:20:30][info][CRDTCallbackManager] Successfully registered new data callback for pattern: '/?gnus-validator-registry'
[2026-09-03 14:20:30][info][ValidatorRegistry] RegisterFilter: result=true
[2026-09-03 14:20:30][info][ValidatorRegistry] New: instance ready
[2026-09-03 14:20:30.131564000][th:1235983][info] GossipPubSub /ip4/0.0.0.0/tcp/54622/p2p/12D3KooWHAy1YeCc8k2GA7nwj5d8zVeSDRTQ84wWVXfuQRuMYv8L: PubSub subscribed to topic 'gnus-validator-registry.3.7.144'
[2026-09-03 14:20:30.131592000][th:1235983][info] GossipPubSub /ip4/0.0.0.0/tcp/54622/p2p/12D3KooWHAy1YeCc8k2GA7nwj5d8zVeSDRTQ84wWVXfuQRuMYv8L: PubSub subscribed to topic 'consensus-channel-.3.7.144'
[2026-09-03 14:20:30][info][CRDTCallbackManager] Successfully registered new data callback for pattern: '^/?cert/[^/]+'
[2026-09-03 14:20:30.131617000][th:1235983][info] GossipPubSub /ip4/0.0.0.0/tcp/54622/p2p/12D3KooWHAy1YeCc8k2GA7nwj5d8zVeSDRTQ84wWVXfuQRuMYv8L: PubSub subscribed to topic 'consensus-channel-.3.7.144#datastore.3.7.144'
[2026-09-03 14:20:30][info][CRDTCallbackManager] Successfully registered new data callback for pattern: '/?gnus-genesis-block'
[2026-09-03 14:20:30][info][CRDTCallbackManager] Successfully registered new data callback for pattern: '/?gnus-account-creation-.*'
[2026-09-03 14:20:30][info][CRDTCallbackManager] Successfully registered new data callback for pattern: '^/?/bc-144/tx/[^/]+'
[2026-09-03 14:20:30][info][CRDTCallbackManager] Successfully registered deleted data callback for pattern: '^/?/bc-144/tx/[^/]+'
[2026-09-03 14:20:30][info][CRDTCallbackManager] Successfully registered new data callback for pattern: '^/?/bc-963/tx/[^/]+'
[2026-09-03 14:20:30][info][CRDTCallbackManager] Successfully registered deleted data callback for pattern: '^/?/bc-963/tx/[^/]+'
[2026-09-03 14:20:30][info][CRDTCallbackManager] Successfully registered new data callback for pattern: '^/?/bc-369/tx/[^/]+'
[2026-09-03 14:20:30][info][CRDTCallbackManager] Successfully registered deleted data callback for pattern: '^/?/bc-369/tx/[^/]+'
[2026-09-03 14:20:30][info][CRDTCallbackManager] Successfully unregistered new data callback for pattern: '^/?/bc-144/tx/[^/]+'
[2026-09-03 14:20:30][info][CRDTCallbackManager] Successfully unregistered deleted data callback for pattern: '^/?/bc-144/tx/[^/]+'
[2026-09-03 14:20:30][info][CRDTCallbackManager] Successfully unregistered new data callback for pattern: '^/?/bc-963/tx/[^/]+'
[2026-09-03 14:20:30][info][CRDTCallbackManager] Successfully unregistered deleted data callback for pattern: '^/?/bc-963/tx/[^/]+'
[2026-09-03 14:20:30][info][CRDTCallbackManager] Successfully unregistered new data callback for pattern: '^/?/bc-369/tx/[^/]+'
[2026-09-03 14:20:30][info][CRDTCallbackManager] Successfully unregistered deleted data callback for pattern: '^/?/bc-369/tx/[^/]+'
[2026-09-03 14:20:30][info][TransactionManager] [be472868 - full: false] ~TransactionManager: Metrics — cert_fallback(success=0 failure=0) validation(approve=1 reject=0) tracking(insert=1 confirm=1 fail=0)
[2026-09-03 14:20:30][info][Blockchain] [be472868] Stopping blockchain
[2026-09-03 14:20:30][info][CRDTCallbackManager] Successfully unregistered new data callback for pattern: '/?gnus-genesis-block'
[2026-09-03 14:20:30][info][CRDTCallbackManager] Successfully unregistered new data callback for pattern: '/?gnus-account-creation-.*'
[2026-09-03 14:20:30][info][CRDTCallbackManager] Successfully unregistered new data callback for pattern: '/?gnus-validator-registry'
[2026-09-03 14:20:30][debug][GlobalDB] ~GlobalDB CALLED with count 6 on multi_node_finality_fault/restart-mint-validator-three/rocksdb 
[2026-09-03 14:20:30][info][GlobalDB] GlobalDB shutdown start
[2026-09-03 14:20:30][info][CrdtDatastore] CancelAndCloseNow: begin (pending_jobs=2, self_queue=0, root_queue=0, pending_roots=0, active_root=false)
[2026-09-03 14:20:30][debug][GraphsyncDAGSyncer] Stopping Dagsyncer
[2026-09-03 14:20:30][debug][GraphsyncDAGSyncer] Dagsyncer Stopped
[2026-09-03 14:20:30][info][CrdtDatastore] CancelAndCloseNow: CRDT workers stopped
[2026-09-03 14:20:30][warning][CrdtDatastore] CancelAndCloseNow called but shutdown has already started
[2026-09-03 14:20:30][debug][GraphsyncDAGSyncer] ~GraphsyncDAGSyncer CALLED
[2026-09-03 14:20:30][info][GlobalDB] GlobalDB shutdown finished
[2026-09-03 14:20:30.134829000][th:1235728][error] GossipPubSub Address monitoring timer error: Operation canceled
[2026-09-03 14:20:31][info][KeyPairFileStorage] Path to keypairs multi_node_finality_fault/restart-mint-validator-three/keypair
[2026-09-03 14:20:31][info][KeyPairFileStorage] Peer ID from public key: 12D3KooWQZBbTXX3FAff3XroSsy1motJRkGo7cchYSTFCujadUZe
Current limits: 16384 (soft), 9223372036854775807 (hard)
New limits set successfully: 16384 (soft), 9223372036854775807 (hard)
Initialized relay addresses
[2026-09-03 14:20:31.145302000][th:1234463][info] GossipPubSub /ip4/0.0.0.0/tcp/54623/p2p/12D3KooWQZBbTXX3FAff3XroSsy1motJRkGo7cchYSTFCujadUZe: Starting PubSub service
[2026-09-03 14:20:31.145379000][th:1236042][info] GossipPubSub Starting address monitoring system for mobile network changes
[2026-09-03 14:20:31.145381000][th:1236042][info] GossipPubSub === CURRENT NETWORK STATE ===
[2026-09-03 14:20:31.145389000][th:1236042][info] GossipPubSub Primary listening address: /ip4/0.0.0.0/tcp/54623/p2p/12D3KooWQZBbTXX3FAff3XroSsy1motJRkGo7cchYSTFCujadUZe
[2026-09-03 14:20:31.145391000][th:1236042][info] GossipPubSub Host peer info addresses (0):
[2026-09-03 14:20:31.145392000][th:1236042][info] GossipPubSub Additional addresses we track (0):
[2026-09-03 14:20:31.145393000][th:1236042][info] GossipPubSub Listening addresses (1):
[2026-09-03 14:20:31.145395000][th:1236042][info] GossipPubSub   -> /ip4/0.0.0.0/tcp/54623/p2p/12D3KooWQZBbTXX3FAff3XroSsy1motJRkGo7cchYSTFCujadUZe
[2026-09-03 14:20:31.145396000][th:1236042][info] GossipPubSub Interface addresses (0):
[2026-09-03 14:20:31.145397000][th:1236042][info] GossipPubSub === RAW OBSERVED ADDRESS DEBUG ===
[2026-09-03 14:20:31.145399000][th:1236042][info] GossipPubSub Local address: /ip4/0.0.0.0/tcp/54623/p2p/12D3KooWQZBbTXX3FAff3XroSsy1motJRkGo7cchYSTFCujadUZe -> 0 raw observed, 0 activated+confirmed
[2026-09-03 14:20:31.145401000][th:1236042][info] GossipPubSub TOTAL: 0 raw observed addresses, 0 activated+confirmed addresses
[2026-09-03 14:20:31.145401000][th:1236042][info] GossipPubSub === END RAW OBSERVED ADDRESS DEBUG ===
[2026-09-03 14:20:31.145402000][th:1236042][info] GossipPubSub Observed addresses - all (0):
[2026-09-03 14:20:31.145403000][th:1236042][info] GossipPubSub Observed addresses - confirmed only (0):
[2026-09-03 14:20:31.145404000][th:1236042][info] GossipPubSub Relay addresses (0):
[2026-09-03 14:20:31.145406000][th:1236042][warning] GossipPubSub Failed to get addresses from peer repository: not found
[2026-09-03 14:20:31.145446000][th:1236042][info] GossipPubSub Found 1 valid network interfaces
[2026-09-03 14:20:31.145447000][th:1236042][info] GossipPubSub Current network interfaces (1):
[2026-09-03 14:20:31.145448000][th:1236042][info] GossipPubSub   -> 192.168.1.6
[2026-09-03 14:20:31.145450000][th:1236042][info] GossipPubSub Active connections: 0
[2026-09-03 14:20:31.145450000][th:1236042][info] GossipPubSub === PEER CONNECTION DETAILS ===
[2026-09-03 14:20:31.145451000][th:1236042][info] GossipPubSub NOTE: Observed addresses need to be seen by 4+ different peer groups to become 'activated'
[2026-09-03 14:20:31.145452000][th:1236042][info] GossipPubSub NOTE: Current connections: 0, so max possible observers: 0
[2026-09-03 14:20:31.145453000][th:1236042][info] GossipPubSub === END PEER CONNECTION DETAILS ===
[2026-09-03 14:20:31.145454000][th:1236042][info] GossipPubSub Connection manager stats:
[2026-09-03 14:20:31.145455000][th:1236042][info] GossipPubSub   -> Max connections: 1000
[2026-09-03 14:20:31.145456000][th:1236042][info] GossipPubSub   -> Current connections: 0
[2026-09-03 14:20:31.145456000][th:1236042][info] GossipPubSub === END NETWORK STATE ===
[2026-09-03 14:20:31.145589000][th:1236042][info] GossipPubSub /ip4/0.0.0.0/tcp/54623/p2p/12D3KooWQZBbTXX3FAff3XroSsy1motJRkGo7cchYSTFCujadUZe : PubSub service started
[2026-09-03 14:20:31][info][GlobalDB] Opening database /Users/henriqueklein/gnus/SuperGenius/multi_node_finality_fault/restart-mint-validator-three/rocksdb
[2026-09-03 14:20:31][debug][GraphsyncDAGSyncer] GraphSyncer created 5427939144 
[2026-09-03 14:20:31][info][CrdtDatastore] crdt Datastore created. Number of heads: 2 Current max-height: 18446744073709551615
[2026-09-03 14:20:31][info][GeniusAccount] Secure storage ID path: /Users/henriqueklein/gnus/SuperGenius/multi_node_finality_fault/restart-mint-validator-three/account/secure_storage_id
[2026-09-03 14:20:31][info][GeniusAccount] Loaded public key from file: be47286809740919... (length: 128)
[2026-09-03 14:20:31][info][GeniusAccount] Successfully loaded key_seed from storage
[2026-09-03 14:20:31][info][GeniusAccount] Validation successful: key_seed matches stored public key
[2026-09-03 14:20:31][warning][UTXOManager] Skipping malformed UTXO key /utxo-checkpoint/be472868097409191ae7d8d25ec85c1dde97d1722f89aa13ddfda3af6053c3eaf9cab63624331d59bd4c44703ed1a0633e6007e068c3a042a97def9a243a8888/1
[2026-09-03 14:20:31][warning][UTXOManager] Skipping malformed UTXO key /utxo-checkpoint/be472868097409191ae7d8d25ec85c1dde97d1722f89aa13ddfda3af6053c3eaf9cab63624331d59bd4c44703ed1a0633e6007e068c3a042a97def9a243a8888/latest
[2026-09-03 14:20:31][info][Blockchain] [be472868] Blockchain instance created with authorized full node: 8a33bdf1
[2026-09-03 14:20:31][info][ValidatorRegistry] InitializeCache: cache initialized with CID Qmbwspi3Ud3B4KuaF3NobwjJHtbSvaxthTnxMbubRMaja8
[2026-09-03 14:20:31][info][CRDTCallbackManager] Successfully registered new data callback for pattern: '/?gnus-validator-registry'
[2026-09-03 14:20:31][info][ValidatorRegistry] RegisterFilter: result=true
[2026-09-03 14:20:31][info][ValidatorRegistry] New: instance ready
[2026-09-03 14:20:31.171019000][th:1236042][info] GossipPubSub /ip4/0.0.0.0/tcp/54623/p2p/12D3KooWQZBbTXX3FAff3XroSsy1motJRkGo7cchYSTFCujadUZe: PubSub subscribed to topic 'gnus-validator-registry.3.7.144'
[2026-09-03 14:20:31][info][CRDTCallbackManager] Successfully registered new data callback for pattern: '^/?cert/[^/]+'
[2026-09-03 14:20:31.171043000][th:1236042][info] GossipPubSub /ip4/0.0.0.0/tcp/54623/p2p/12D3KooWQZBbTXX3FAff3XroSsy1motJRkGo7cchYSTFCujadUZe: PubSub subscribed to topic 'consensus-channel-.3.7.144'
[2026-09-03 14:20:31.171063000][th:1236042][info] GossipPubSub /ip4/0.0.0.0/tcp/54623/p2p/12D3KooWQZBbTXX3FAff3XroSsy1motJRkGo7cchYSTFCujadUZe: PubSub subscribed to topic 'consensus-channel-.3.7.144#datastore.3.7.144'
[2026-09-03 14:20:31][info][CRDTCallbackManager] Successfully registered new data callback for pattern: '/?gnus-genesis-block'
[2026-09-03 14:20:31][info][CRDTCallbackManager] Successfully registered new data callback for pattern: '/?gnus-account-creation-.*'
[2026-09-03 14:20:31][info][CRDTCallbackManager] Successfully registered new data callback for pattern: '^/?/bc-144/tx/[^/]+'
[2026-09-03 14:20:31][info][CRDTCallbackManager] Successfully registered deleted data callback for pattern: '^/?/bc-144/tx/[^/]+'
[2026-09-03 14:20:31][info][CRDTCallbackManager] Successfully registered new data callback for pattern: '^/?/bc-963/tx/[^/]+'
[2026-09-03 14:20:31][info][CRDTCallbackManager] Successfully registered deleted data callback for pattern: '^/?/bc-963/tx/[^/]+'
[2026-09-03 14:20:31][info][CRDTCallbackManager] Successfully registered new data callback for pattern: '^/?/bc-369/tx/[^/]+'
[2026-09-03 14:20:31][info][CRDTCallbackManager] Successfully registered deleted data callback for pattern: '^/?/bc-369/tx/[^/]+'
[2026-09-03 14:20:31][info][CRDTCallbackManager] Successfully unregistered new data callback for pattern: '^/?/bc-144/tx/[^/]+'
[2026-09-03 14:20:31][info][CRDTCallbackManager] Successfully unregistered deleted data callback for pattern: '^/?/bc-144/tx/[^/]+'
[2026-09-03 14:20:31][info][CRDTCallbackManager] Successfully unregistered new data callback for pattern: '^/?/bc-963/tx/[^/]+'
[2026-09-03 14:20:31][info][CRDTCallbackManager] Successfully unregistered deleted data callback for pattern: '^/?/bc-963/tx/[^/]+'
[2026-09-03 14:20:31][info][CRDTCallbackManager] Successfully unregistered new data callback for pattern: '^/?/bc-369/tx/[^/]+'
[2026-09-03 14:20:31][info][CRDTCallbackManager] Successfully unregistered deleted data callback for pattern: '^/?/bc-369/tx/[^/]+'
[2026-09-03 14:20:31][info][TransactionManager] [85349b31 - full: false] ~TransactionManager: Metrics — cert_fallback(success=0 failure=0) validation(approve=1 reject=0) tracking(insert=1 confirm=1 fail=0)
[2026-09-03 14:20:31][info][Blockchain] [85349b31] Stopping blockchain
[2026-09-03 14:20:31][info][CRDTCallbackManager] Successfully unregistered new data callback for pattern: '/?gnus-genesis-block'
[2026-09-03 14:20:31][info][CRDTCallbackManager] Successfully unregistered new data callback for pattern: '/?gnus-account-creation-.*'
[2026-09-03 14:20:31][info][CRDTCallbackManager] Successfully unregistered new data callback for pattern: '/?gnus-validator-registry'
[2026-09-03 14:20:31][debug][GlobalDB] ~GlobalDB CALLED with count 6 on multi_node_finality_fault/restart-mint-passive/rocksdb 
[2026-09-03 14:20:31][info][GlobalDB] GlobalDB shutdown start
[2026-09-03 14:20:31][info][CrdtDatastore] CancelAndCloseNow: begin (pending_jobs=2, self_queue=0, root_queue=0, pending_roots=0, active_root=false)
[2026-09-03 14:20:31][debug][GraphsyncDAGSyncer] Stopping Dagsyncer
[2026-09-03 14:20:31][debug][GraphsyncDAGSyncer] Dagsyncer Stopped
[2026-09-03 14:20:31][info][CrdtDatastore] CancelAndCloseNow: CRDT workers stopped
[2026-09-03 14:20:31][warning][CrdtDatastore] CancelAndCloseNow called but shutdown has already started
[2026-09-03 14:20:31][debug][GraphsyncDAGSyncer] ~GraphsyncDAGSyncer CALLED
[2026-09-03 14:20:31][info][GlobalDB] GlobalDB shutdown finished
[2026-09-03 14:20:31.206902000][th:1235750][error] GossipPubSub Address monitoring timer error: Operation canceled
[2026-09-03 14:20:32][info][KeyPairFileStorage] Path to keypairs multi_node_finality_fault/restart-mint-passive/keypair
[2026-09-03 14:20:32][info][KeyPairFileStorage] Peer ID from public key: 12D3KooWStpiRKuoBvUJP5ThriEDrETi85pEaYHNkQVMkVVcM8ig
Current limits: 16384 (soft), 9223372036854775807 (hard)
New limits set successfully: 16384 (soft), 9223372036854775807 (hard)
Initialized relay addresses
[2026-09-03 14:20:32.212967000][th:1234463][info] GossipPubSub /ip4/0.0.0.0/tcp/54624/p2p/12D3KooWStpiRKuoBvUJP5ThriEDrETi85pEaYHNkQVMkVVcM8ig: Starting PubSub service
[2026-09-03 14:20:32.213175000][th:1236066][info] GossipPubSub Starting address monitoring system for mobile network changes
[2026-09-03 14:20:32.213183000][th:1236066][info] GossipPubSub === CURRENT NETWORK STATE ===
[2026-09-03 14:20:32.213203000][th:1236066][info] GossipPubSub Primary listening address: /ip4/0.0.0.0/tcp/54624/p2p/12D3KooWStpiRKuoBvUJP5ThriEDrETi85pEaYHNkQVMkVVcM8ig
[2026-09-03 14:20:32.213206000][th:1236066][info] GossipPubSub Host peer info addresses (0):
[2026-09-03 14:20:32.213207000][th:1236066][info] GossipPubSub Additional addresses we track (0):
[2026-09-03 14:20:32.213209000][th:1236066][info] GossipPubSub Listening addresses (1):
[2026-09-03 14:20:32.213210000][th:1236066][info] GossipPubSub   -> /ip4/0.0.0.0/tcp/54624/p2p/12D3KooWStpiRKuoBvUJP5ThriEDrETi85pEaYHNkQVMkVVcM8ig
[2026-09-03 14:20:32.213212000][th:1236066][info] GossipPubSub Interface addresses (0):
[2026-09-03 14:20:32.213213000][th:1236066][info] GossipPubSub === RAW OBSERVED ADDRESS DEBUG ===
[2026-09-03 14:20:32.213216000][th:1236066][info] GossipPubSub Local address: /ip4/0.0.0.0/tcp/54624/p2p/12D3KooWStpiRKuoBvUJP5ThriEDrETi85pEaYHNkQVMkVVcM8ig -> 0 raw observed, 0 activated+confirmed
[2026-09-03 14:20:32.213219000][th:1236066][info] GossipPubSub TOTAL: 0 raw observed addresses, 0 activated+confirmed addresses
[2026-09-03 14:20:32.213219000][th:1236066][info] GossipPubSub === END RAW OBSERVED ADDRESS DEBUG ===
[2026-09-03 14:20:32.213221000][th:1236066][info] GossipPubSub Observed addresses - all (0):
[2026-09-03 14:20:32.213222000][th:1236066][info] GossipPubSub Observed addresses - confirmed only (0):
[2026-09-03 14:20:32.213224000][th:1236066][info] GossipPubSub Relay addresses (0):
[2026-09-03 14:20:32.213228000][th:1236066][warning] GossipPubSub Failed to get addresses from peer repository: not found
[2026-09-03 14:20:32.213327000][th:1236066][info] GossipPubSub Found 1 valid network interfaces
[2026-09-03 14:20:32.213331000][th:1236066][info] GossipPubSub Current network interfaces (1):
[2026-09-03 14:20:32.213332000][th:1236066][info] GossipPubSub   -> 192.168.1.6
[2026-09-03 14:20:32.213334000][th:1236066][info] GossipPubSub Active connections: 0
[2026-09-03 14:20:32.213335000][th:1236066][info] GossipPubSub === PEER CONNECTION DETAILS ===
[2026-09-03 14:20:32.213336000][th:1236066][info] GossipPubSub NOTE: Observed addresses need to be seen by 4+ different peer groups to become 'activated'
[2026-09-03 14:20:32.213338000][th:1236066][info] GossipPubSub NOTE: Current connections: 0, so max possible observers: 0
[2026-09-03 14:20:32.213339000][th:1236066][info] GossipPubSub === END PEER CONNECTION DETAILS ===
[2026-09-03 14:20:32.213341000][th:1236066][info] GossipPubSub Connection manager stats:
[2026-09-03 14:20:32.213343000][th:1236066][info] GossipPubSub   -> Max connections: 1000
[2026-09-03 14:20:32.213344000][th:1236066][info] GossipPubSub   -> Current connections: 0
[2026-09-03 14:20:32.213345000][th:1236066][info] GossipPubSub === END NETWORK STATE ===
[2026-09-03 14:20:32.214042000][th:1236066][info] GossipPubSub /ip4/0.0.0.0/tcp/54624/p2p/12D3KooWStpiRKuoBvUJP5ThriEDrETi85pEaYHNkQVMkVVcM8ig : PubSub service started
[2026-09-03 14:20:32][info][GlobalDB] Opening database /Users/henriqueklein/gnus/SuperGenius/multi_node_finality_fault/restart-mint-passive/rocksdb
[2026-09-03 14:20:32][debug][GraphsyncDAGSyncer] GraphSyncer created 5140236312 
[2026-09-03 14:20:32][info][CrdtDatastore] crdt Datastore created. Number of heads: 2 Current max-height: 18446744073709551615
[2026-09-03 14:20:32][info][GeniusAccount] Secure storage ID path: /Users/henriqueklein/gnus/SuperGenius/multi_node_finality_fault/restart-mint-passive/account/secure_storage_id
[2026-09-03 14:20:32][info][GeniusAccount] Loaded public key from file: 85349b315d8d5028... (length: 128)
[2026-09-03 14:20:32][info][GeniusAccount] Successfully loaded key_seed from storage
[2026-09-03 14:20:32][info][GeniusAccount] Validation successful: key_seed matches stored public key
[2026-09-03 14:20:32][warning][UTXOManager] Skipping malformed UTXO key /utxo-checkpoint/85349b315d8d5028aa8b4acc02655ae1d3879deef5eb363fadab098b1894875c7d26d31372f99bda6df708faab612071ea1633e73f7a5910758b3a564c0e74e7/1
[2026-09-03 14:20:32][warning][UTXOManager] Skipping malformed UTXO key /utxo-checkpoint/85349b315d8d5028aa8b4acc02655ae1d3879deef5eb363fadab098b1894875c7d26d31372f99bda6df708faab612071ea1633e73f7a5910758b3a564c0e74e7/latest
[2026-09-03 14:20:32][info][Blockchain] [85349b31] Blockchain instance created with authorized full node: 8a33bdf1
[2026-09-03 14:20:32][info][ValidatorRegistry] InitializeCache: cache initialized with CID Qmbwspi3Ud3B4KuaF3NobwjJHtbSvaxthTnxMbubRMaja8
[2026-09-03 14:20:32][info][CRDTCallbackManager] Successfully registered new data callback for pattern: '/?gnus-validator-registry'
[2026-09-03 14:20:32][info][ValidatorRegistry] RegisterFilter: result=true
[2026-09-03 14:20:32][info][ValidatorRegistry] New: instance ready
[2026-09-03 14:20:32.241451000][th:1236066][info] GossipPubSub /ip4/0.0.0.0/tcp/54624/p2p/12D3KooWStpiRKuoBvUJP5ThriEDrETi85pEaYHNkQVMkVVcM8ig: PubSub subscribed to topic 'gnus-validator-registry.3.7.144'
[2026-09-03 14:20:32][info][CRDTCallbackManager] Successfully registered new data callback for pattern: '^/?cert/[^/]+'
[2026-09-03 14:20:32.241482000][th:1236066][info] GossipPubSub /ip4/0.0.0.0/tcp/54624/p2p/12D3KooWStpiRKuoBvUJP5ThriEDrETi85pEaYHNkQVMkVVcM8ig: PubSub subscribed to topic 'consensus-channel-.3.7.144'
[2026-09-03 14:20:32.241505000][th:1236066][info] GossipPubSub /ip4/0.0.0.0/tcp/54624/p2p/12D3KooWStpiRKuoBvUJP5ThriEDrETi85pEaYHNkQVMkVVcM8ig: PubSub subscribed to topic 'consensus-channel-.3.7.144#datastore.3.7.144'
[2026-09-03 14:20:32][info][CRDTCallbackManager] Successfully registered new data callback for pattern: '/?gnus-genesis-block'
[2026-09-03 14:20:32][info][CRDTCallbackManager] Successfully registered new data callback for pattern: '/?gnus-account-creation-.*'
[2026-09-03 14:20:32][info][CRDTCallbackManager] Successfully registered new data callback for pattern: '^/?/bc-144/tx/[^/]+'
[2026-09-03 14:20:32][info][CRDTCallbackManager] Successfully registered deleted data callback for pattern: '^/?/bc-144/tx/[^/]+'
[2026-09-03 14:20:32][info][CRDTCallbackManager] Successfully registered new data callback for pattern: '^/?/bc-963/tx/[^/]+'
[2026-09-03 14:20:32][info][CRDTCallbackManager] Successfully registered deleted data callback for pattern: '^/?/bc-963/tx/[^/]+'
[2026-09-03 14:20:32][info][CRDTCallbackManager] Successfully registered new data callback for pattern: '^/?/bc-369/tx/[^/]+'
[2026-09-03 14:20:32][info][CRDTCallbackManager] Successfully registered deleted data callback for pattern: '^/?/bc-369/tx/[^/]+'
[2026-09-03 14:20:32.241686000][th:1235939][info] GossipPubSub Adding new peer: 12D3KooWHAy1YeCc8k2GA7nwj5d8zVeSDRTQ84wWVXfuQRuMYv8L
[2026-09-03 14:20:32.241757000][th:1235939][info] GossipPubSub Adding new peer: 12D3KooWQZBbTXX3FAff3XroSsy1motJRkGo7cchYSTFCujadUZe
[2026-09-03 14:20:32.241811000][th:1235939][info] GossipPubSub Adding new peer: 12D3KooWStpiRKuoBvUJP5ThriEDrETi85pEaYHNkQVMkVVcM8ig
[2026-09-03 14:20:32.241837000][th:1235983][info] GossipPubSub Adding new peer: 12D3KooWL6az5WVfLwf27V2qzq1ykgqxDaSbVbvEA8yvowtR8est
[2026-09-03 14:20:32.241916000][th:1235983][info] GossipPubSub Adding new peer: 12D3KooWQZBbTXX3FAff3XroSsy1motJRkGo7cchYSTFCujadUZe
[2026-09-03 14:20:32.241981000][th:1235983][info] GossipPubSub Adding new peer: 12D3KooWStpiRKuoBvUJP5ThriEDrETi85pEaYHNkQVMkVVcM8ig
[2026-09-03 14:20:32.242009000][th:1236042][info] GossipPubSub Adding new peer: 12D3KooWL6az5WVfLwf27V2qzq1ykgqxDaSbVbvEA8yvowtR8est
[2026-09-03 14:20:32.242067000][th:1236042][info] GossipPubSub Adding new peer: 12D3KooWHAy1YeCc8k2GA7nwj5d8zVeSDRTQ84wWVXfuQRuMYv8L
[2026-09-03 14:20:32.242126000][th:1236042][info] GossipPubSub Adding new peer: 12D3KooWStpiRKuoBvUJP5ThriEDrETi85pEaYHNkQVMkVVcM8ig
[2026-09-03 14:20:32.242185000][th:1236066][info] GossipPubSub Adding new peer: 12D3KooWL6az5WVfLwf27V2qzq1ykgqxDaSbVbvEA8yvowtR8est
[2026-09-03 14:20:32.242269000][th:1236066][info] GossipPubSub Adding new peer: 12D3KooWHAy1YeCc8k2GA7nwj5d8zVeSDRTQ84wWVXfuQRuMYv8L
[2026-09-03 14:20:32.242329000][th:1236066][info] GossipPubSub Adding new peer: 12D3KooWQZBbTXX3FAff3XroSsy1motJRkGo7cchYSTFCujadUZe
[2026-09-03 14:20:32][info][CRDTCallbackManager] Successfully unregistered new data callback for pattern: '^/?/bc-144/tx/[^/]+'
[2026-09-03 14:20:32][info][CRDTCallbackManager] Successfully unregistered deleted data callback for pattern: '^/?/bc-144/tx/[^/]+'
[2026-09-03 14:20:32][info][CRDTCallbackManager] Successfully unregistered new data callback for pattern: '^/?/bc-963/tx/[^/]+'
[2026-09-03 14:20:32][info][CRDTCallbackManager] Successfully unregistered deleted data callback for pattern: '^/?/bc-963/tx/[^/]+'
[2026-09-03 14:20:32][info][CRDTCallbackManager] Successfully unregistered new data callback for pattern: '^/?/bc-369/tx/[^/]+'
[2026-09-03 14:20:32][info][CRDTCallbackManager] Successfully unregistered deleted data callback for pattern: '^/?/bc-369/tx/[^/]+'
[2026-09-03 14:20:32][info][TransactionManager] [2707b5f3 - full: false] ~TransactionManager: Metrics — cert_fallback(success=0 failure=0) validation(approve=0 reject=0) tracking(insert=0 confirm=0 fail=0)
[2026-09-03 14:20:32][info][Blockchain] [2707b5f3] Stopping blockchain
[2026-09-03 14:20:32][info][CRDTCallbackManager] Successfully unregistered new data callback for pattern: '/?gnus-genesis-block'
[2026-09-03 14:20:32][info][CRDTCallbackManager] Successfully unregistered new data callback for pattern: '/?gnus-account-creation-.*'
[2026-09-03 14:20:32][info][CRDTCallbackManager] Successfully unregistered new data callback for pattern: '/?gnus-validator-registry'
[2026-09-03 14:20:32][debug][GlobalDB] ~GlobalDB CALLED with count 6 on multi_node_finality_fault/restart-mint-validator-one/rocksdb 
[2026-09-03 14:20:32][info][GlobalDB] GlobalDB shutdown start
[2026-09-03 14:20:32][info][CrdtDatastore] CancelAndCloseNow: begin (pending_jobs=0, self_queue=0, root_queue=0, pending_roots=0, active_root=false)
[2026-09-03 14:20:32][debug][GraphsyncDAGSyncer] Stopping Dagsyncer
[2026-09-03 14:20:32][debug][GraphsyncDAGSyncer] Dagsyncer Stopped
[2026-09-03 14:20:32][info][CrdtDatastore] CancelAndCloseNow: CRDT workers stopped
[2026-09-03 14:20:32][warning][CrdtDatastore] CancelAndCloseNow called but shutdown has already started
[2026-09-03 14:20:32][debug][GraphsyncDAGSyncer] ~GraphsyncDAGSyncer CALLED
[2026-09-03 14:20:32][info][GlobalDB] GlobalDB shutdown finished
[2026-09-03 14:20:32.656755000][th:1235939][error] GossipPubSub Address monitoring timer error: Operation canceled
[2026-09-03 14:20:33][info][CRDTCallbackManager] Successfully unregistered new data callback for pattern: '^/?/bc-144/tx/[^/]+'
[2026-09-03 14:20:33][info][CRDTCallbackManager] Successfully unregistered deleted data callback for pattern: '^/?/bc-144/tx/[^/]+'
[2026-09-03 14:20:33][info][CRDTCallbackManager] Successfully unregistered new data callback for pattern: '^/?/bc-963/tx/[^/]+'
[2026-09-03 14:20:33][info][CRDTCallbackManager] Successfully unregistered deleted data callback for pattern: '^/?/bc-963/tx/[^/]+'
[2026-09-03 14:20:33][info][CRDTCallbackManager] Successfully unregistered new data callback for pattern: '^/?/bc-369/tx/[^/]+'
[2026-09-03 14:20:33][info][CRDTCallbackManager] Successfully unregistered deleted data callback for pattern: '^/?/bc-369/tx/[^/]+'
[2026-09-03 14:20:33][info][TransactionManager] [4d55f1ab - full: false] ~TransactionManager: Metrics — cert_fallback(success=0 failure=0) validation(approve=0 reject=0) tracking(insert=0 confirm=0 fail=0)
[2026-09-03 14:20:33][info][Blockchain] [4d55f1ab] Stopping blockchain
[2026-09-03 14:20:33][info][CRDTCallbackManager] Successfully unregistered new data callback for pattern: '/?gnus-genesis-block'
[2026-09-03 14:20:33][info][CRDTCallbackManager] Successfully unregistered new data callback for pattern: '/?gnus-account-creation-.*'
[2026-09-03 14:20:33][info][CRDTCallbackManager] Successfully unregistered new data callback for pattern: '/?gnus-validator-registry'
[2026-09-03 14:20:33][debug][GlobalDB] ~GlobalDB CALLED with count 6 on multi_node_finality_fault/restart-mint-validator-two/rocksdb 
[2026-09-03 14:20:33][info][GlobalDB] GlobalDB shutdown start
[2026-09-03 14:20:33][info][CrdtDatastore] CancelAndCloseNow: begin (pending_jobs=0, self_queue=0, root_queue=0, pending_roots=0, active_root=false)
[2026-09-03 14:20:33][debug][GraphsyncDAGSyncer] Stopping Dagsyncer
[2026-09-03 14:20:33][debug][GraphsyncDAGSyncer] Dagsyncer Stopped
[2026-09-03 14:20:33][info][CrdtDatastore] CancelAndCloseNow: CRDT workers stopped
[2026-09-03 14:20:33][warning][CrdtDatastore] CancelAndCloseNow called but shutdown has already started
[2026-09-03 14:20:33][debug][GraphsyncDAGSyncer] ~GraphsyncDAGSyncer CALLED
[2026-09-03 14:20:33][info][GlobalDB] GlobalDB shutdown finished
[2026-09-03 14:20:33.672883000][th:1235983][error] GossipPubSub Address monitoring timer error: Operation canceled
[2026-09-03 14:20:34][info][CRDTCallbackManager] Successfully unregistered new data callback for pattern: '^/?/bc-144/tx/[^/]+'
[2026-09-03 14:20:34][info][CRDTCallbackManager] Successfully unregistered deleted data callback for pattern: '^/?/bc-144/tx/[^/]+'
[2026-09-03 14:20:34][info][CRDTCallbackManager] Successfully unregistered new data callback for pattern: '^/?/bc-963/tx/[^/]+'
[2026-09-03 14:20:34][info][CRDTCallbackManager] Successfully unregistered deleted data callback for pattern: '^/?/bc-963/tx/[^/]+'
[2026-09-03 14:20:34][info][CRDTCallbackManager] Successfully unregistered new data callback for pattern: '^/?/bc-369/tx/[^/]+'
[2026-09-03 14:20:34][info][CRDTCallbackManager] Successfully unregistered deleted data callback for pattern: '^/?/bc-369/tx/[^/]+'
[2026-09-03 14:20:34][info][TransactionManager] [be472868 - full: false] ~TransactionManager: Metrics — cert_fallback(success=0 failure=0) validation(approve=0 reject=0) tracking(insert=0 confirm=0 fail=0)
[2026-09-03 14:20:34][info][Blockchain] [be472868] Stopping blockchain
[2026-09-03 14:20:34][info][CRDTCallbackManager] Successfully unregistered new data callback for pattern: '/?gnus-genesis-block'
[2026-09-03 14:20:34][info][CRDTCallbackManager] Successfully unregistered new data callback for pattern: '/?gnus-account-creation-.*'
[2026-09-03 14:20:34][info][CRDTCallbackManager] Successfully unregistered new data callback for pattern: '/?gnus-validator-registry'
[2026-09-03 14:20:34][debug][GlobalDB] ~GlobalDB CALLED with count 6 on multi_node_finality_fault/restart-mint-validator-three/rocksdb 
[2026-09-03 14:20:34][info][GlobalDB] GlobalDB shutdown start
[2026-09-03 14:20:34][info][CrdtDatastore] CancelAndCloseNow: begin (pending_jobs=0, self_queue=0, root_queue=0, pending_roots=0, active_root=false)
[2026-09-03 14:20:34][debug][GraphsyncDAGSyncer] Stopping Dagsyncer
[2026-09-03 14:20:34][debug][GraphsyncDAGSyncer] Dagsyncer Stopped
[2026-09-03 14:20:34][info][CrdtDatastore] CancelAndCloseNow: CRDT workers stopped
[2026-09-03 14:20:34][warning][CrdtDatastore] CancelAndCloseNow called but shutdown has already started
[2026-09-03 14:20:34][debug][GraphsyncDAGSyncer] ~GraphsyncDAGSyncer CALLED
[2026-09-03 14:20:34][info][GlobalDB] GlobalDB shutdown finished
[2026-09-03 14:20:34.717877000][th:1236042][error] GossipPubSub Address monitoring timer error: Operation canceled
[2026-09-03 14:20:35][info][CRDTCallbackManager] Successfully unregistered new data callback for pattern: '^/?/bc-144/tx/[^/]+'
[2026-09-03 14:20:35][info][CRDTCallbackManager] Successfully unregistered deleted data callback for pattern: '^/?/bc-144/tx/[^/]+'
[2026-09-03 14:20:35][info][CRDTCallbackManager] Successfully unregistered new data callback for pattern: '^/?/bc-963/tx/[^/]+'
[2026-09-03 14:20:35][info][CRDTCallbackManager] Successfully unregistered deleted data callback for pattern: '^/?/bc-963/tx/[^/]+'
[2026-09-03 14:20:35][info][CRDTCallbackManager] Successfully unregistered new data callback for pattern: '^/?/bc-369/tx/[^/]+'
[2026-09-03 14:20:35][info][CRDTCallbackManager] Successfully unregistered deleted data callback for pattern: '^/?/bc-369/tx/[^/]+'
[2026-09-03 14:20:35][info][TransactionManager] [85349b31 - full: false] ~TransactionManager: Metrics — cert_fallback(success=0 failure=0) validation(approve=0 reject=0) tracking(insert=0 confirm=0 fail=0)
[2026-09-03 14:20:35][info][Blockchain] [85349b31] Stopping blockchain
[2026-09-03 14:20:35][info][CRDTCallbackManager] Successfully unregistered new data callback for pattern: '/?gnus-genesis-block'
[2026-09-03 14:20:35][info][CRDTCallbackManager] Successfully unregistered new data callback for pattern: '/?gnus-account-creation-.*'
[2026-09-03 14:20:35][info][CRDTCallbackManager] Successfully unregistered new data callback for pattern: '/?gnus-validator-registry'
[2026-09-03 14:20:35][debug][GlobalDB] ~GlobalDB CALLED with count 6 on multi_node_finality_fault/restart-mint-passive/rocksdb 
[2026-09-03 14:20:35][info][GlobalDB] GlobalDB shutdown start
[2026-09-03 14:20:35][info][CrdtDatastore] CancelAndCloseNow: begin (pending_jobs=0, self_queue=0, root_queue=0, pending_roots=0, active_root=false)
[2026-09-03 14:20:35][debug][GraphsyncDAGSyncer] Stopping Dagsyncer
[2026-09-03 14:20:35][debug][GraphsyncDAGSyncer] Dagsyncer Stopped
[2026-09-03 14:20:35][info][CrdtDatastore] CancelAndCloseNow: CRDT workers stopped
[2026-09-03 14:20:35][warning][CrdtDatastore] CancelAndCloseNow called but shutdown has already started
[2026-09-03 14:20:35][debug][GraphsyncDAGSyncer] ~GraphsyncDAGSyncer CALLED
[2026-09-03 14:20:35][info][GlobalDB] GlobalDB shutdown finished
[2026-09-03 14:20:35.791304000][th:1236066][error] GossipPubSub Address monitoring timer error: Operation canceled
[2026-09-03 14:20:36][debug][GlobalDB] ~GlobalDB CALLED with count 5 on CRDT.Datastore.TEST.unit_73361_1 
[2026-09-03 14:20:36][info][GlobalDB] GlobalDB shutdown start
[2026-09-03 14:20:36][info][CrdtDatastore] CancelAndCloseNow: begin (pending_jobs=0, self_queue=0, root_queue=0, pending_roots=0, active_root=false)
[2026-09-03 14:20:36][debug][GraphsyncDAGSyncer] Stopping Dagsyncer
[2026-09-03 14:20:36][debug][GraphsyncDAGSyncer] Dagsyncer Stopped
[2026-09-03 14:20:37][info][CrdtDatastore] CancelAndCloseNow: CRDT workers stopped
[2026-09-03 14:20:37][warning][CrdtDatastore] CancelAndCloseNow called but shutdown has already started
[2026-09-03 14:20:37][debug][GraphsyncDAGSyncer] ~GraphsyncDAGSyncer CALLED
[2026-09-03 14:20:37][info][GlobalDB] GlobalDB shutdown finished
[2026-09-03 14:20:37.245309000][th:1234537][error] GossipPubSub Address monitoring timer error: Operation canceled
[       OK ] FinalityFaultNetwork.RestartAtVoteCertificateAndMintDurableBoundariesRecoversExactlyOnce (55013 ms)
[----------] 1 test from FinalityFaultNetwork (55013 ms total)

[----------] Global test environment tear-down
[==========] 1 test from 1 test suite ran. (55013 ms total)
[  PASSED  ] 1 test.
