# pre-run 1-min load: 14:22  up  6:30, 7 users, load averages: 1.27 1.61 2.07
Running main() from /Users/henriqueklein/gnus/thirdparty/GTest/googletest/src/gtest_main.cc
Note: Google Test filter = FinalityFaultNetwork.RestartAtVoteCertificateAndMintDurableBoundariesRecoversExactlyOnce
[==========] Running 1 test from 1 test suite.
[----------] Global test environment set-up.
[----------] 1 test from FinalityFaultNetwork
[ RUN      ] FinalityFaultNetwork.RestartAtVoteCertificateAndMintDurableBoundariesRecoversExactlyOnce
[2026-09-03 14:22:17][info][KeyPairFileStorage] Path to keypairs CRDT.Datastore.TEST/unit_test_73885_1
[2026-09-03 14:22:17][info][KeyPairFileStorage] Peer ID from public key: 12D3KooWEwQBDEevG5FMCEVWqxe8CN75sfvC1wFV8NcD5fGYHoi9
Current limits: 1048576 (soft), 9223372036854775807 (hard)
New limits set successfully: 16384 (soft), 9223372036854775807 (hard)
Initialized relay addresses
[2026-09-03 14:22:17][info][GlobalDB] Opening database /Users/henriqueklein/gnus/SuperGenius/CRDT.Datastore.TEST.unit_73885_1
[2026-09-03 14:22:17][debug][GraphsyncDAGSyncer] GraphSyncer created 5217134312 
[2026-09-03 14:22:17][info][CrdtDatastore] crdt Datastore created. Number of heads: 0 Current max-height: 0
[2026-09-03 14:22:17.073301000][th:1239051][info] GossipPubSub /ip4/0.0.0.0/tcp/40001/p2p/12D3KooWEwQBDEevG5FMCEVWqxe8CN75sfvC1wFV8NcD5fGYHoi9: Starting PubSub service
[2026-09-03 14:22:17.073360000][th:1239085][info] GossipPubSub /ip4/0.0.0.0/tcp/40001/p2p/12D3KooWEwQBDEevG5FMCEVWqxe8CN75sfvC1wFV8NcD5fGYHoi9: PubSub subscribed to topic 'CRDT.Datastore.TEST.Channel.3.7.144'
[2026-09-03 14:22:17.073383000][th:1239085][info] GossipPubSub Starting address monitoring system for mobile network changes
[2026-09-03 14:22:17.073384000][th:1239085][info] GossipPubSub === CURRENT NETWORK STATE ===
[2026-09-03 14:22:17.073391000][th:1239085][info] GossipPubSub Primary listening address: /ip4/0.0.0.0/tcp/40001/p2p/12D3KooWEwQBDEevG5FMCEVWqxe8CN75sfvC1wFV8NcD5fGYHoi9
[2026-09-03 14:22:17.073392000][th:1239085][info] GossipPubSub Host peer info addresses (0):
[2026-09-03 14:22:17.073393000][th:1239085][info] GossipPubSub Additional addresses we track (0):
[2026-09-03 14:22:17.073394000][th:1239085][info] GossipPubSub Listening addresses (1):
[2026-09-03 14:22:17.073395000][th:1239085][info] GossipPubSub   -> /ip4/0.0.0.0/tcp/40001/p2p/12D3KooWEwQBDEevG5FMCEVWqxe8CN75sfvC1wFV8NcD5fGYHoi9
[2026-09-03 14:22:17.073395000][th:1239085][info] GossipPubSub Interface addresses (0):
[2026-09-03 14:22:17.073396000][th:1239085][info] GossipPubSub === RAW OBSERVED ADDRESS DEBUG ===
[2026-09-03 14:22:17.073399000][th:1239085][info] GossipPubSub Local address: /ip4/0.0.0.0/tcp/40001/p2p/12D3KooWEwQBDEevG5FMCEVWqxe8CN75sfvC1wFV8NcD5fGYHoi9 -> 0 raw observed, 0 activated+confirmed
[2026-09-03 14:22:17.073403000][th:1239085][info] GossipPubSub TOTAL: 0 raw observed addresses, 0 activated+confirmed addresses
[2026-09-03 14:22:17.073404000][th:1239085][info] GossipPubSub === END RAW OBSERVED ADDRESS DEBUG ===
[2026-09-03 14:22:17.073404000][th:1239085][info] GossipPubSub Observed addresses - all (0):
[2026-09-03 14:22:17.073405000][th:1239085][info] GossipPubSub Observed addresses - confirmed only (0):
[2026-09-03 14:22:17.073406000][th:1239085][info] GossipPubSub Relay addresses (0):
[2026-09-03 14:22:17.073408000][th:1239085][warning] GossipPubSub Failed to get addresses from peer repository: not found
[2026-09-03 14:22:17.073582000][th:1239085][info] GossipPubSub Found 1 valid network interfaces
[2026-09-03 14:22:17.073584000][th:1239085][info] GossipPubSub Current network interfaces (1):
[2026-09-03 14:22:17.073584000][th:1239085][info] GossipPubSub   -> 192.168.1.6
[2026-09-03 14:22:17.073586000][th:1239085][info] GossipPubSub Active connections: 0
[2026-09-03 14:22:17.073586000][th:1239085][info] GossipPubSub === PEER CONNECTION DETAILS ===
[2026-09-03 14:22:17.073587000][th:1239085][info] GossipPubSub NOTE: Observed addresses need to be seen by 4+ different peer groups to become 'activated'
[2026-09-03 14:22:17.073587000][th:1239085][info] GossipPubSub NOTE: Current connections: 0, so max possible observers: 0
[2026-09-03 14:22:17.073588000][th:1239085][info] GossipPubSub === END PEER CONNECTION DETAILS ===
[2026-09-03 14:22:17.073589000][th:1239085][info] GossipPubSub Connection manager stats:
[2026-09-03 14:22:17.073590000][th:1239085][info] GossipPubSub   -> Max connections: 1000
[2026-09-03 14:22:17.073590000][th:1239085][info] GossipPubSub   -> Current connections: 0
[2026-09-03 14:22:17.073591000][th:1239085][info] GossipPubSub === END NETWORK STATE ===
[2026-09-03 14:22:17.073612000][th:1239085][info] GossipPubSub /ip4/0.0.0.0/tcp/40001/p2p/12D3KooWEwQBDEevG5FMCEVWqxe8CN75sfvC1wFV8NcD5fGYHoi9 : PubSub service started
[2026-09-03 14:22:17][info][KeyPairFileStorage] Path to keypairs multi_node_finality_fault/restart-vote-validator-one/keypair
[2026-09-03 14:22:17][info][KeyPairFileStorage] Peer ID from public key: 12D3KooWLJ1ddPEihNW7TSSwUYb9YRgfxgCzv9prowDtHLGPv87T
Current limits: 16384 (soft), 9223372036854775807 (hard)
New limits set successfully: 16384 (soft), 9223372036854775807 (hard)
Initialized relay addresses
[2026-09-03 14:22:17.075278000][th:1239051][info] GossipPubSub /ip4/0.0.0.0/tcp/54601/p2p/12D3KooWLJ1ddPEihNW7TSSwUYb9YRgfxgCzv9prowDtHLGPv87T: Starting PubSub service
[2026-09-03 14:22:17.075318000][th:1239086][info] GossipPubSub Starting address monitoring system for mobile network changes
[2026-09-03 14:22:17.075321000][th:1239086][info] GossipPubSub === CURRENT NETWORK STATE ===
[2026-09-03 14:22:17.075326000][th:1239086][info] GossipPubSub Primary listening address: /ip4/0.0.0.0/tcp/54601/p2p/12D3KooWLJ1ddPEihNW7TSSwUYb9YRgfxgCzv9prowDtHLGPv87T
[2026-09-03 14:22:17.075327000][th:1239086][info] GossipPubSub Host peer info addresses (0):
[2026-09-03 14:22:17.075328000][th:1239086][info] GossipPubSub Additional addresses we track (0):
[2026-09-03 14:22:17.075329000][th:1239086][info] GossipPubSub Listening addresses (1):
[2026-09-03 14:22:17.075329000][th:1239086][info] GossipPubSub   -> /ip4/0.0.0.0/tcp/54601/p2p/12D3KooWLJ1ddPEihNW7TSSwUYb9YRgfxgCzv9prowDtHLGPv87T
[2026-09-03 14:22:17.075330000][th:1239086][info] GossipPubSub Interface addresses (0):
[2026-09-03 14:22:17.075331000][th:1239086][info] GossipPubSub === RAW OBSERVED ADDRESS DEBUG ===
[2026-09-03 14:22:17.075332000][th:1239086][info] GossipPubSub Local address: /ip4/0.0.0.0/tcp/54601/p2p/12D3KooWLJ1ddPEihNW7TSSwUYb9YRgfxgCzv9prowDtHLGPv87T -> 0 raw observed, 0 activated+confirmed
[2026-09-03 14:22:17.075333000][th:1239086][info] GossipPubSub TOTAL: 0 raw observed addresses, 0 activated+confirmed addresses
[2026-09-03 14:22:17.075334000][th:1239086][info] GossipPubSub === END RAW OBSERVED ADDRESS DEBUG ===
[2026-09-03 14:22:17.075334000][th:1239086][info] GossipPubSub Observed addresses - all (0):
[2026-09-03 14:22:17.075335000][th:1239086][info] GossipPubSub Observed addresses - confirmed only (0):
[2026-09-03 14:22:17.075336000][th:1239086][info] GossipPubSub Relay addresses (0):
[2026-09-03 14:22:17.075337000][th:1239086][warning] GossipPubSub Failed to get addresses from peer repository: not found
[2026-09-03 14:22:17.075360000][th:1239086][info] GossipPubSub Found 1 valid network interfaces
[2026-09-03 14:22:17.075362000][th:1239086][info] GossipPubSub Current network interfaces (1):
[2026-09-03 14:22:17.075362000][th:1239086][info] GossipPubSub   -> 192.168.1.6
[2026-09-03 14:22:17.075363000][th:1239086][info] GossipPubSub Active connections: 0
[2026-09-03 14:22:17.075364000][th:1239086][info] GossipPubSub === PEER CONNECTION DETAILS ===
[2026-09-03 14:22:17.075364000][th:1239086][info] GossipPubSub NOTE: Observed addresses need to be seen by 4+ different peer groups to become 'activated'
[2026-09-03 14:22:17.075365000][th:1239086][info] GossipPubSub NOTE: Current connections: 0, so max possible observers: 0
[2026-09-03 14:22:17.075366000][th:1239086][info] GossipPubSub === END PEER CONNECTION DETAILS ===
[2026-09-03 14:22:17.075366000][th:1239086][info] GossipPubSub Connection manager stats:
[2026-09-03 14:22:17.075367000][th:1239086][info] GossipPubSub   -> Max connections: 1000
[2026-09-03 14:22:17.075368000][th:1239086][info] GossipPubSub   -> Current connections: 0
[2026-09-03 14:22:17.075368000][th:1239086][info] GossipPubSub === END NETWORK STATE ===
[2026-09-03 14:22:17.075492000][th:1239086][info] GossipPubSub /ip4/0.0.0.0/tcp/54601/p2p/12D3KooWLJ1ddPEihNW7TSSwUYb9YRgfxgCzv9prowDtHLGPv87T : PubSub service started
[2026-09-03 14:22:17][info][GlobalDB] Opening database /Users/henriqueklein/gnus/SuperGenius/multi_node_finality_fault/restart-vote-validator-one/rocksdb
[2026-09-03 14:22:17][debug][GraphsyncDAGSyncer] GraphSyncer created 5217157864 
[2026-09-03 14:22:17][info][CrdtDatastore] crdt Datastore created. Number of heads: 0 Current max-height: 0
[2026-09-03 14:22:17][info][GeniusAccount] Secure storage ID path: /Users/henriqueklein/gnus/SuperGenius/multi_node_finality_fault/restart-vote-validator-one/account/secure_storage_id
[2026-09-03 14:22:17][error][GeniusAccount] Could not find existing Genius address, generating one from a random mnemonic
[2026-09-03 14:22:17][warning][UTXOManager] Found UTXOs in storage, but there were none
[2026-09-03 14:22:17][info][Blockchain] [3095e715] Blockchain instance created with authorized full node: 8a33bdf1
[2026-09-03 14:22:17][error][ValidatorRegistry] InitializeCache: registry content not found during cache init
[2026-09-03 14:22:17][info][CRDTCallbackManager] Successfully registered new data callback for pattern: '/?gnus-validator-registry'
[2026-09-03 14:22:17][info][ValidatorRegistry] RegisterFilter: result=true
[2026-09-03 14:22:17][info][ValidatorRegistry] New: instance ready
[2026-09-03 14:22:17.107361000][th:1239086][info] GossipPubSub /ip4/0.0.0.0/tcp/54601/p2p/12D3KooWLJ1ddPEihNW7TSSwUYb9YRgfxgCzv9prowDtHLGPv87T: PubSub subscribed to topic 'gnus-validator-registry.3.7.144'
[2026-09-03 14:22:17][info][CRDTCallbackManager] Successfully registered new data callback for pattern: '^/?cert/[^/]+'
[2026-09-03 14:22:17][warning][Blockchain] [3095e715] Failed to request validator registry during blockchain init
[2026-09-03 14:22:17.107438000][th:1239086][info] GossipPubSub /ip4/0.0.0.0/tcp/54601/p2p/12D3KooWLJ1ddPEihNW7TSSwUYb9YRgfxgCzv9prowDtHLGPv87T: PubSub subscribed to topic 'consensus-channel-.3.7.144'
[2026-09-03 14:22:17][info][CRDTCallbackManager] Successfully registered new data callback for pattern: '/?gnus-genesis-block'
[2026-09-03 14:22:17][info][CRDTCallbackManager] Successfully registered new data callback for pattern: '/?gnus-account-creation-.*'
[2026-09-03 14:22:17.107492000][th:1239086][info] GossipPubSub /ip4/0.0.0.0/tcp/54601/p2p/12D3KooWLJ1ddPEihNW7TSSwUYb9YRgfxgCzv9prowDtHLGPv87T: PubSub subscribed to topic 'consensus-channel-.3.7.144#datastore.3.7.144'
[2026-09-03 14:22:17][info][CRDTCallbackManager] Successfully registered new data callback for pattern: '^/?/bc-144/tx/[^/]+'
[2026-09-03 14:22:17][info][CRDTCallbackManager] Successfully registered deleted data callback for pattern: '^/?/bc-144/tx/[^/]+'
[2026-09-03 14:22:17][info][CRDTCallbackManager] Successfully registered new data callback for pattern: '^/?/bc-963/tx/[^/]+'
[2026-09-03 14:22:17][info][CRDTCallbackManager] Successfully registered deleted data callback for pattern: '^/?/bc-963/tx/[^/]+'
[2026-09-03 14:22:17][info][CRDTCallbackManager] Successfully registered new data callback for pattern: '^/?/bc-369/tx/[^/]+'
[2026-09-03 14:22:17][info][CRDTCallbackManager] Successfully registered deleted data callback for pattern: '^/?/bc-369/tx/[^/]+'
[2026-09-03 14:22:17][info][KeyPairFileStorage] Path to keypairs multi_node_finality_fault/restart-vote-validator-two/keypair
[2026-09-03 14:22:17][info][KeyPairFileStorage] Peer ID from public key: 12D3KooWGFr5mKXFwhETk2yyF8SPBh8D2vmodbSdbr17KSm2kC8N
Current limits: 16384 (soft), 9223372036854775807 (hard)
New limits set successfully: 16384 (soft), 9223372036854775807 (hard)
Initialized relay addresses
[2026-09-03 14:22:17.109333000][th:1239051][info] GossipPubSub /ip4/0.0.0.0/tcp/54602/p2p/12D3KooWGFr5mKXFwhETk2yyF8SPBh8D2vmodbSdbr17KSm2kC8N: Starting PubSub service
[2026-09-03 14:22:17.109388000][th:1239110][info] GossipPubSub Starting address monitoring system for mobile network changes
[2026-09-03 14:22:17.109389000][th:1239110][info] GossipPubSub === CURRENT NETWORK STATE ===
[2026-09-03 14:22:17.109395000][th:1239110][info] GossipPubSub Primary listening address: /ip4/0.0.0.0/tcp/54602/p2p/12D3KooWGFr5mKXFwhETk2yyF8SPBh8D2vmodbSdbr17KSm2kC8N
[2026-09-03 14:22:17.109396000][th:1239110][info] GossipPubSub Host peer info addresses (0):
[2026-09-03 14:22:17.109396000][th:1239110][info] GossipPubSub Additional addresses we track (0):
[2026-09-03 14:22:17.109397000][th:1239110][info] GossipPubSub Listening addresses (1):
[2026-09-03 14:22:17.109398000][th:1239110][info] GossipPubSub   -> /ip4/0.0.0.0/tcp/54602/p2p/12D3KooWGFr5mKXFwhETk2yyF8SPBh8D2vmodbSdbr17KSm2kC8N
[2026-09-03 14:22:17.109399000][th:1239110][info] GossipPubSub Interface addresses (0):
[2026-09-03 14:22:17.109399000][th:1239110][info] GossipPubSub === RAW OBSERVED ADDRESS DEBUG ===
[2026-09-03 14:22:17.109401000][th:1239110][info] GossipPubSub Local address: /ip4/0.0.0.0/tcp/54602/p2p/12D3KooWGFr5mKXFwhETk2yyF8SPBh8D2vmodbSdbr17KSm2kC8N -> 0 raw observed, 0 activated+confirmed
[2026-09-03 14:22:17.109402000][th:1239110][info] GossipPubSub TOTAL: 0 raw observed addresses, 0 activated+confirmed addresses
[2026-09-03 14:22:17.109403000][th:1239110][info] GossipPubSub === END RAW OBSERVED ADDRESS DEBUG ===
[2026-09-03 14:22:17.109404000][th:1239110][info] GossipPubSub Observed addresses - all (0):
[2026-09-03 14:22:17.109404000][th:1239110][info] GossipPubSub Observed addresses - confirmed only (0):
[2026-09-03 14:22:17.109405000][th:1239110][info] GossipPubSub Relay addresses (0):
[2026-09-03 14:22:17.109407000][th:1239110][warning] GossipPubSub Failed to get addresses from peer repository: not found
[2026-09-03 14:22:17.109439000][th:1239110][info] GossipPubSub Found 1 valid network interfaces
[2026-09-03 14:22:17.109441000][th:1239110][info] GossipPubSub Current network interfaces (1):
[2026-09-03 14:22:17.109441000][th:1239110][info] GossipPubSub   -> 192.168.1.6
[2026-09-03 14:22:17.109443000][th:1239110][info] GossipPubSub Active connections: 0
[2026-09-03 14:22:17.109443000][th:1239110][info] GossipPubSub === PEER CONNECTION DETAILS ===
[2026-09-03 14:22:17.109444000][th:1239110][info] GossipPubSub NOTE: Observed addresses need to be seen by 4+ different peer groups to become 'activated'
[2026-09-03 14:22:17.109445000][th:1239110][info] GossipPubSub NOTE: Current connections: 0, so max possible observers: 0
[2026-09-03 14:22:17.109445000][th:1239110][info] GossipPubSub === END PEER CONNECTION DETAILS ===
[2026-09-03 14:22:17.109446000][th:1239110][info] GossipPubSub Connection manager stats:
[2026-09-03 14:22:17.109447000][th:1239110][info] GossipPubSub   -> Max connections: 1000
[2026-09-03 14:22:17.109447000][th:1239110][info] GossipPubSub   -> Current connections: 0
[2026-09-03 14:22:17.109448000][th:1239110][info] GossipPubSub === END NETWORK STATE ===
[2026-09-03 14:22:17.109577000][th:1239110][info] GossipPubSub /ip4/0.0.0.0/tcp/54602/p2p/12D3KooWGFr5mKXFwhETk2yyF8SPBh8D2vmodbSdbr17KSm2kC8N : PubSub service started
[2026-09-03 14:22:17][info][GlobalDB] Opening database /Users/henriqueklein/gnus/SuperGenius/multi_node_finality_fault/restart-vote-validator-two/rocksdb
[2026-09-03 14:22:17][debug][GraphsyncDAGSyncer] GraphSyncer created 5215838232 
[2026-09-03 14:22:17][info][CrdtDatastore] crdt Datastore created. Number of heads: 0 Current max-height: 0
[2026-09-03 14:22:17][info][GeniusAccount] Secure storage ID path: /Users/henriqueklein/gnus/SuperGenius/multi_node_finality_fault/restart-vote-validator-two/account/secure_storage_id
[2026-09-03 14:22:17][error][GeniusAccount] Could not find existing Genius address, generating one from a random mnemonic
[2026-09-03 14:22:17][warning][UTXOManager] Found UTXOs in storage, but there were none
[2026-09-03 14:22:17][info][Blockchain] [e51f2eb1] Blockchain instance created with authorized full node: 8a33bdf1
[2026-09-03 14:22:17][error][ValidatorRegistry] InitializeCache: registry content not found during cache init
[2026-09-03 14:22:17][info][CRDTCallbackManager] Successfully registered new data callback for pattern: '/?gnus-validator-registry'
[2026-09-03 14:22:17][info][ValidatorRegistry] RegisterFilter: result=true
[2026-09-03 14:22:17][info][ValidatorRegistry] New: instance ready
[2026-09-03 14:22:17.143760000][th:1239110][info] GossipPubSub /ip4/0.0.0.0/tcp/54602/p2p/12D3KooWGFr5mKXFwhETk2yyF8SPBh8D2vmodbSdbr17KSm2kC8N: PubSub subscribed to topic 'gnus-validator-registry.3.7.144'
[2026-09-03 14:22:17][info][CRDTCallbackManager] Successfully registered new data callback for pattern: '^/?cert/[^/]+'
[2026-09-03 14:22:17.143781000][th:1239110][info] GossipPubSub /ip4/0.0.0.0/tcp/54602/p2p/12D3KooWGFr5mKXFwhETk2yyF8SPBh8D2vmodbSdbr17KSm2kC8N: PubSub subscribed to topic 'consensus-channel-.3.7.144'
[2026-09-03 14:22:17][warning][Blockchain] [e51f2eb1] Failed to request validator registry during blockchain init
[2026-09-03 14:22:17][info][CRDTCallbackManager] Successfully registered new data callback for pattern: '/?gnus-genesis-block'
[2026-09-03 14:22:17][info][CRDTCallbackManager] Successfully registered new data callback for pattern: '/?gnus-account-creation-.*'
[2026-09-03 14:22:17.143804000][th:1239110][info] GossipPubSub /ip4/0.0.0.0/tcp/54602/p2p/12D3KooWGFr5mKXFwhETk2yyF8SPBh8D2vmodbSdbr17KSm2kC8N: PubSub subscribed to topic 'consensus-channel-.3.7.144#datastore.3.7.144'
[2026-09-03 14:22:17][info][CRDTCallbackManager] Successfully registered new data callback for pattern: '^/?/bc-144/tx/[^/]+'
[2026-09-03 14:22:17][info][CRDTCallbackManager] Successfully registered deleted data callback for pattern: '^/?/bc-144/tx/[^/]+'
[2026-09-03 14:22:17][info][CRDTCallbackManager] Successfully registered new data callback for pattern: '^/?/bc-963/tx/[^/]+'
[2026-09-03 14:22:17][info][CRDTCallbackManager] Successfully registered deleted data callback for pattern: '^/?/bc-963/tx/[^/]+'
[2026-09-03 14:22:17][info][CRDTCallbackManager] Successfully registered new data callback for pattern: '^/?/bc-369/tx/[^/]+'
[2026-09-03 14:22:17][info][CRDTCallbackManager] Successfully registered deleted data callback for pattern: '^/?/bc-369/tx/[^/]+'
[2026-09-03 14:22:17][info][KeyPairFileStorage] Path to keypairs multi_node_finality_fault/restart-vote-validator-three/keypair
[2026-09-03 14:22:17][info][KeyPairFileStorage] Peer ID from public key: 12D3KooWF2VARgx1pt2SfSMjtj3EpGBrFEBQmMkMnpybxFp4bZFJ
Current limits: 16384 (soft), 9223372036854775807 (hard)
New limits set successfully: 16384 (soft), 9223372036854775807 (hard)
Initialized relay addresses
[2026-09-03 14:22:17.145459000][th:1239051][info] GossipPubSub /ip4/0.0.0.0/tcp/54603/p2p/12D3KooWF2VARgx1pt2SfSMjtj3EpGBrFEBQmMkMnpybxFp4bZFJ: Starting PubSub service
[2026-09-03 14:22:17.145507000][th:1239132][info] GossipPubSub Starting address monitoring system for mobile network changes
[2026-09-03 14:22:17.145509000][th:1239132][info] GossipPubSub === CURRENT NETWORK STATE ===
[2026-09-03 14:22:17.145513000][th:1239132][info] GossipPubSub Primary listening address: /ip4/0.0.0.0/tcp/54603/p2p/12D3KooWF2VARgx1pt2SfSMjtj3EpGBrFEBQmMkMnpybxFp4bZFJ
[2026-09-03 14:22:17.145515000][th:1239132][info] GossipPubSub Host peer info addresses (0):
[2026-09-03 14:22:17.145515000][th:1239132][info] GossipPubSub Additional addresses we track (0):
[2026-09-03 14:22:17.145516000][th:1239132][info] GossipPubSub Listening addresses (1):
[2026-09-03 14:22:17.145517000][th:1239132][info] GossipPubSub   -> /ip4/0.0.0.0/tcp/54603/p2p/12D3KooWF2VARgx1pt2SfSMjtj3EpGBrFEBQmMkMnpybxFp4bZFJ
[2026-09-03 14:22:17.145518000][th:1239132][info] GossipPubSub Interface addresses (0):
[2026-09-03 14:22:17.145518000][th:1239132][info] GossipPubSub === RAW OBSERVED ADDRESS DEBUG ===
[2026-09-03 14:22:17.145520000][th:1239132][info] GossipPubSub Local address: /ip4/0.0.0.0/tcp/54603/p2p/12D3KooWF2VARgx1pt2SfSMjtj3EpGBrFEBQmMkMnpybxFp4bZFJ -> 0 raw observed, 0 activated+confirmed
[2026-09-03 14:22:17.145521000][th:1239132][info] GossipPubSub TOTAL: 0 raw observed addresses, 0 activated+confirmed addresses
[2026-09-03 14:22:17.145522000][th:1239132][info] GossipPubSub === END RAW OBSERVED ADDRESS DEBUG ===
[2026-09-03 14:22:17.145522000][th:1239132][info] GossipPubSub Observed addresses - all (0):
[2026-09-03 14:22:17.145523000][th:1239132][info] GossipPubSub Observed addresses - confirmed only (0):
[2026-09-03 14:22:17.145524000][th:1239132][info] GossipPubSub Relay addresses (0):
[2026-09-03 14:22:17.145526000][th:1239132][warning] GossipPubSub Failed to get addresses from peer repository: not found
[2026-09-03 14:22:17.145554000][th:1239132][info] GossipPubSub Found 1 valid network interfaces
[2026-09-03 14:22:17.145556000][th:1239132][info] GossipPubSub Current network interfaces (1):
[2026-09-03 14:22:17.145556000][th:1239132][info] GossipPubSub   -> 192.168.1.6
[2026-09-03 14:22:17.145557000][th:1239132][info] GossipPubSub Active connections: 0
[2026-09-03 14:22:17.145558000][th:1239132][info] GossipPubSub === PEER CONNECTION DETAILS ===
[2026-09-03 14:22:17.145558000][th:1239132][info] GossipPubSub NOTE: Observed addresses need to be seen by 4+ different peer groups to become 'activated'
[2026-09-03 14:22:17.145559000][th:1239132][info] GossipPubSub NOTE: Current connections: 0, so max possible observers: 0
[2026-09-03 14:22:17.145560000][th:1239132][info] GossipPubSub === END PEER CONNECTION DETAILS ===
[2026-09-03 14:22:17.145560000][th:1239132][info] GossipPubSub Connection manager stats:
[2026-09-03 14:22:17.145561000][th:1239132][info] GossipPubSub   -> Max connections: 1000
[2026-09-03 14:22:17.145561000][th:1239132][info] GossipPubSub   -> Current connections: 0
[2026-09-03 14:22:17.145562000][th:1239132][info] GossipPubSub === END NETWORK STATE ===
[2026-09-03 14:22:17.145685000][th:1239132][info] GossipPubSub /ip4/0.0.0.0/tcp/54603/p2p/12D3KooWF2VARgx1pt2SfSMjtj3EpGBrFEBQmMkMnpybxFp4bZFJ : PubSub service started
[2026-09-03 14:22:17][info][GlobalDB] Opening database /Users/henriqueklein/gnus/SuperGenius/multi_node_finality_fault/restart-vote-validator-three/rocksdb
[2026-09-03 14:22:17][debug][GraphsyncDAGSyncer] GraphSyncer created 5393904600 
[2026-09-03 14:22:17][info][CrdtDatastore] crdt Datastore created. Number of heads: 0 Current max-height: 0
[2026-09-03 14:22:17][info][GeniusAccount] Secure storage ID path: /Users/henriqueklein/gnus/SuperGenius/multi_node_finality_fault/restart-vote-validator-three/account/secure_storage_id
[2026-09-03 14:22:17][error][GeniusAccount] Could not find existing Genius address, generating one from a random mnemonic
[2026-09-03 14:22:17][warning][UTXOManager] Found UTXOs in storage, but there were none
[2026-09-03 14:22:17][info][Blockchain] [a6ccb383] Blockchain instance created with authorized full node: 8a33bdf1
[2026-09-03 14:22:17][error][ValidatorRegistry] InitializeCache: registry content not found during cache init
[2026-09-03 14:22:17][info][CRDTCallbackManager] Successfully registered new data callback for pattern: '/?gnus-validator-registry'
[2026-09-03 14:22:17][info][ValidatorRegistry] RegisterFilter: result=true
[2026-09-03 14:22:17][info][ValidatorRegistry] New: instance ready
[2026-09-03 14:22:17.180111000][th:1239132][info] GossipPubSub /ip4/0.0.0.0/tcp/54603/p2p/12D3KooWF2VARgx1pt2SfSMjtj3EpGBrFEBQmMkMnpybxFp4bZFJ: PubSub subscribed to topic 'gnus-validator-registry.3.7.144'
[2026-09-03 14:22:17][info][CRDTCallbackManager] Successfully registered new data callback for pattern: '^/?cert/[^/]+'
[2026-09-03 14:22:17.180130000][th:1239132][info] GossipPubSub /ip4/0.0.0.0/tcp/54603/p2p/12D3KooWF2VARgx1pt2SfSMjtj3EpGBrFEBQmMkMnpybxFp4bZFJ: PubSub subscribed to topic 'consensus-channel-.3.7.144'
[2026-09-03 14:22:17.180148000][th:1239132][info] GossipPubSub /ip4/0.0.0.0/tcp/54603/p2p/12D3KooWF2VARgx1pt2SfSMjtj3EpGBrFEBQmMkMnpybxFp4bZFJ: PubSub subscribed to topic 'consensus-channel-.3.7.144#datastore.3.7.144'
[2026-09-03 14:22:17][warning][Blockchain] [a6ccb383] Failed to request validator registry during blockchain init
[2026-09-03 14:22:17][info][CRDTCallbackManager] Successfully registered new data callback for pattern: '/?gnus-genesis-block'
[2026-09-03 14:22:17][info][CRDTCallbackManager] Successfully registered new data callback for pattern: '/?gnus-account-creation-.*'
[2026-09-03 14:22:17][info][CRDTCallbackManager] Successfully registered new data callback for pattern: '^/?/bc-144/tx/[^/]+'
[2026-09-03 14:22:17][info][CRDTCallbackManager] Successfully registered deleted data callback for pattern: '^/?/bc-144/tx/[^/]+'
[2026-09-03 14:22:17][info][CRDTCallbackManager] Successfully registered new data callback for pattern: '^/?/bc-963/tx/[^/]+'
[2026-09-03 14:22:17][info][CRDTCallbackManager] Successfully registered deleted data callback for pattern: '^/?/bc-963/tx/[^/]+'
[2026-09-03 14:22:17][info][CRDTCallbackManager] Successfully registered new data callback for pattern: '^/?/bc-369/tx/[^/]+'
[2026-09-03 14:22:17][info][CRDTCallbackManager] Successfully registered deleted data callback for pattern: '^/?/bc-369/tx/[^/]+'
[2026-09-03 14:22:17][info][KeyPairFileStorage] Path to keypairs multi_node_finality_fault/restart-vote-passive/keypair
[2026-09-03 14:22:17][info][KeyPairFileStorage] Peer ID from public key: 12D3KooWBAuiUXBkTJcjx4rQzzn7MrZAS1S5FNq2svCH3TjoLyjF
Current limits: 16384 (soft), 9223372036854775807 (hard)
New limits set successfully: 16384 (soft), 9223372036854775807 (hard)
Initialized relay addresses
[2026-09-03 14:22:17.181944000][th:1239051][info] GossipPubSub /ip4/0.0.0.0/tcp/54604/p2p/12D3KooWBAuiUXBkTJcjx4rQzzn7MrZAS1S5FNq2svCH3TjoLyjF: Starting PubSub service
[2026-09-03 14:22:17.181995000][th:1239155][info] GossipPubSub Starting address monitoring system for mobile network changes
[2026-09-03 14:22:17.181997000][th:1239155][info] GossipPubSub === CURRENT NETWORK STATE ===
[2026-09-03 14:22:17.182001000][th:1239155][info] GossipPubSub Primary listening address: /ip4/0.0.0.0/tcp/54604/p2p/12D3KooWBAuiUXBkTJcjx4rQzzn7MrZAS1S5FNq2svCH3TjoLyjF
[2026-09-03 14:22:17.182002000][th:1239155][info] GossipPubSub Host peer info addresses (0):
[2026-09-03 14:22:17.182003000][th:1239155][info] GossipPubSub Additional addresses we track (0):
[2026-09-03 14:22:17.182003000][th:1239155][info] GossipPubSub Listening addresses (1):
[2026-09-03 14:22:17.182004000][th:1239155][info] GossipPubSub   -> /ip4/0.0.0.0/tcp/54604/p2p/12D3KooWBAuiUXBkTJcjx4rQzzn7MrZAS1S5FNq2svCH3TjoLyjF
[2026-09-03 14:22:17.182005000][th:1239155][info] GossipPubSub Interface addresses (0):
[2026-09-03 14:22:17.182006000][th:1239155][info] GossipPubSub === RAW OBSERVED ADDRESS DEBUG ===
[2026-09-03 14:22:17.182007000][th:1239155][info] GossipPubSub Local address: /ip4/0.0.0.0/tcp/54604/p2p/12D3KooWBAuiUXBkTJcjx4rQzzn7MrZAS1S5FNq2svCH3TjoLyjF -> 0 raw observed, 0 activated+confirmed
[2026-09-03 14:22:17.182008000][th:1239155][info] GossipPubSub TOTAL: 0 raw observed addresses, 0 activated+confirmed addresses
[2026-09-03 14:22:17.182009000][th:1239155][info] GossipPubSub === END RAW OBSERVED ADDRESS DEBUG ===
[2026-09-03 14:22:17.182009000][th:1239155][info] GossipPubSub Observed addresses - all (0):
[2026-09-03 14:22:17.182010000][th:1239155][info] GossipPubSub Observed addresses - confirmed only (0):
[2026-09-03 14:22:17.182011000][th:1239155][info] GossipPubSub Relay addresses (0):
[2026-09-03 14:22:17.182013000][th:1239155][warning] GossipPubSub Failed to get addresses from peer repository: not found
[2026-09-03 14:22:17.182042000][th:1239155][info] GossipPubSub Found 1 valid network interfaces
[2026-09-03 14:22:17.182044000][th:1239155][info] GossipPubSub Current network interfaces (1):
[2026-09-03 14:22:17.182045000][th:1239155][info] GossipPubSub   -> 192.168.1.6
[2026-09-03 14:22:17.182046000][th:1239155][info] GossipPubSub Active connections: 0
[2026-09-03 14:22:17.182047000][th:1239155][info] GossipPubSub === PEER CONNECTION DETAILS ===
[2026-09-03 14:22:17.182047000][th:1239155][info] GossipPubSub NOTE: Observed addresses need to be seen by 4+ different peer groups to become 'activated'
[2026-09-03 14:22:17.182048000][th:1239155][info] GossipPubSub NOTE: Current connections: 0, so max possible observers: 0
[2026-09-03 14:22:17.182049000][th:1239155][info] GossipPubSub === END PEER CONNECTION DETAILS ===
[2026-09-03 14:22:17.182049000][th:1239155][info] GossipPubSub Connection manager stats:
[2026-09-03 14:22:17.182050000][th:1239155][info] GossipPubSub   -> Max connections: 1000
[2026-09-03 14:22:17.182051000][th:1239155][info] GossipPubSub   -> Current connections: 0
[2026-09-03 14:22:17.182051000][th:1239155][info] GossipPubSub === END NETWORK STATE ===
[2026-09-03 14:22:17.182171000][th:1239155][info] GossipPubSub /ip4/0.0.0.0/tcp/54604/p2p/12D3KooWBAuiUXBkTJcjx4rQzzn7MrZAS1S5FNq2svCH3TjoLyjF : PubSub service started
[2026-09-03 14:22:17][info][GlobalDB] Opening database /Users/henriqueklein/gnus/SuperGenius/multi_node_finality_fault/restart-vote-passive/rocksdb
[2026-09-03 14:22:17][debug][GraphsyncDAGSyncer] GraphSyncer created 5393952840 
[2026-09-03 14:22:17][info][CrdtDatastore] crdt Datastore created. Number of heads: 0 Current max-height: 0
[2026-09-03 14:22:17][info][GeniusAccount] Secure storage ID path: /Users/henriqueklein/gnus/SuperGenius/multi_node_finality_fault/restart-vote-passive/account/secure_storage_id
[2026-09-03 14:22:17][error][GeniusAccount] Could not find existing Genius address, generating one from a random mnemonic
[2026-09-03 14:22:17][warning][UTXOManager] Found UTXOs in storage, but there were none
[2026-09-03 14:22:17][info][Blockchain] [8aff4daf] Blockchain instance created with authorized full node: 8a33bdf1
[2026-09-03 14:22:17][error][ValidatorRegistry] InitializeCache: registry content not found during cache init
[2026-09-03 14:22:17][info][CRDTCallbackManager] Successfully registered new data callback for pattern: '/?gnus-validator-registry'
[2026-09-03 14:22:17][info][ValidatorRegistry] RegisterFilter: result=true
[2026-09-03 14:22:17][info][ValidatorRegistry] New: instance ready
[2026-09-03 14:22:17.221239000][th:1239155][info] GossipPubSub /ip4/0.0.0.0/tcp/54604/p2p/12D3KooWBAuiUXBkTJcjx4rQzzn7MrZAS1S5FNq2svCH3TjoLyjF: PubSub subscribed to topic 'gnus-validator-registry.3.7.144'
[2026-09-03 14:22:17][info][CRDTCallbackManager] Successfully registered new data callback for pattern: '^/?cert/[^/]+'
[2026-09-03 14:22:17.221260000][th:1239155][info] GossipPubSub /ip4/0.0.0.0/tcp/54604/p2p/12D3KooWBAuiUXBkTJcjx4rQzzn7MrZAS1S5FNq2svCH3TjoLyjF: PubSub subscribed to topic 'consensus-channel-.3.7.144'
[2026-09-03 14:22:17][warning][Blockchain] [8aff4daf] Failed to request validator registry during blockchain init
[2026-09-03 14:22:17][info][CRDTCallbackManager] Successfully registered new data callback for pattern: '/?gnus-genesis-block'
[2026-09-03 14:22:17][info][CRDTCallbackManager] Successfully registered new data callback for pattern: '/?gnus-account-creation-.*'
[2026-09-03 14:22:17.221281000][th:1239155][info] GossipPubSub /ip4/0.0.0.0/tcp/54604/p2p/12D3KooWBAuiUXBkTJcjx4rQzzn7MrZAS1S5FNq2svCH3TjoLyjF: PubSub subscribed to topic 'consensus-channel-.3.7.144#datastore.3.7.144'
[2026-09-03 14:22:17][info][CRDTCallbackManager] Successfully registered new data callback for pattern: '^/?/bc-144/tx/[^/]+'
[2026-09-03 14:22:17][info][CRDTCallbackManager] Successfully registered deleted data callback for pattern: '^/?/bc-144/tx/[^/]+'
[2026-09-03 14:22:17][info][CRDTCallbackManager] Successfully registered new data callback for pattern: '^/?/bc-963/tx/[^/]+'
[2026-09-03 14:22:17][info][CRDTCallbackManager] Successfully registered deleted data callback for pattern: '^/?/bc-963/tx/[^/]+'
[2026-09-03 14:22:17][info][CRDTCallbackManager] Successfully registered new data callback for pattern: '^/?/bc-369/tx/[^/]+'
[2026-09-03 14:22:17][info][CRDTCallbackManager] Successfully registered deleted data callback for pattern: '^/?/bc-369/tx/[^/]+'
[2026-09-03 14:22:17][info][CrdtDatastore] Topics { name="gnus-validator-registry" }
[2026-09-03 14:22:17][info][CRDTCallbackManager] Executing callback for key '/gnus-validator-registry' matching pattern '/?gnus-validator-registry'
[2026-09-03 14:22:17][info][ValidatorRegistry] RegistryUpdateReceived: cache updated and initialized
[2026-09-03 14:22:17][debug][GraphsyncDAGSyncer] addNode: Added node QmSQCFtjDvEAXnKpHmBoosxMEkepgH4S8yTDvuxU4sqJbc on dagService 
[2026-09-03 14:22:17][info][ValidatorRegistry] StoreRegistryUpdate: stored registry update CID QmSQCFtjDvEAXnKpHmBoosxMEkepgH4S8yTDvuxU4sqJbc
[2026-09-03 14:22:17][info][ValidatorRegistry] StoreRegistryUpdate: success
[2026-09-03 14:22:17][info][CrdtDatastore] Topics { name="gnus-validator-registry" }
[2026-09-03 14:22:17][info][CRDTCallbackManager] Executing callback for key '/gnus-validator-registry' matching pattern '/?gnus-validator-registry'
[2026-09-03 14:22:17][info][ValidatorRegistry] RegistryUpdateReceived: cache updated and initialized
[2026-09-03 14:22:17][debug][GraphsyncDAGSyncer] addNode: Added node QmSQCFtjDvEAXnKpHmBoosxMEkepgH4S8yTDvuxU4sqJbc on dagService 
[2026-09-03 14:22:17][info][ValidatorRegistry] StoreRegistryUpdate: stored registry update CID QmSQCFtjDvEAXnKpHmBoosxMEkepgH4S8yTDvuxU4sqJbc
[2026-09-03 14:22:17][info][ValidatorRegistry] StoreRegistryUpdate: success
[2026-09-03 14:22:17][info][CrdtDatastore] Topics { name="gnus-validator-registry" }
[2026-09-03 14:22:17][info][CRDTCallbackManager] Executing callback for key '/gnus-validator-registry' matching pattern '/?gnus-validator-registry'
[2026-09-03 14:22:17][info][ValidatorRegistry] RegistryUpdateReceived: cache updated and initialized
[2026-09-03 14:22:17][debug][GraphsyncDAGSyncer] addNode: Added node QmSQCFtjDvEAXnKpHmBoosxMEkepgH4S8yTDvuxU4sqJbc on dagService 
[2026-09-03 14:22:17][info][ValidatorRegistry] StoreRegistryUpdate: stored registry update CID QmSQCFtjDvEAXnKpHmBoosxMEkepgH4S8yTDvuxU4sqJbc
[2026-09-03 14:22:17][info][ValidatorRegistry] StoreRegistryUpdate: success
[2026-09-03 14:22:17][info][CrdtDatastore] Topics { name="gnus-validator-registry" }
[2026-09-03 14:22:17][info][CRDTCallbackManager] Executing callback for key '/gnus-validator-registry' matching pattern '/?gnus-validator-registry'
[2026-09-03 14:22:17][info][ValidatorRegistry] RegistryUpdateReceived: cache updated and initialized
[2026-09-03 14:22:17][debug][GraphsyncDAGSyncer] addNode: Added node QmSQCFtjDvEAXnKpHmBoosxMEkepgH4S8yTDvuxU4sqJbc on dagService 
[2026-09-03 14:22:17][info][ValidatorRegistry] StoreRegistryUpdate: stored registry update CID QmSQCFtjDvEAXnKpHmBoosxMEkepgH4S8yTDvuxU4sqJbc
[2026-09-03 14:22:17][info][ValidatorRegistry] StoreRegistryUpdate: success
[2026-09-03 14:22:17][info][TransactionManager] [3095e715 - full: false] ChangeTransactionState: Temp tracking entry created tx=869aa423afea4447eb743dbc1fab1e542f80024f25a147edc26604f46c004c37
[2026-09-03 14:22:19][info][CRDTCallbackManager] Successfully unregistered new data callback for pattern: '^/?/bc-144/tx/[^/]+'
[2026-09-03 14:22:19][info][CRDTCallbackManager] Successfully unregistered deleted data callback for pattern: '^/?/bc-144/tx/[^/]+'
[2026-09-03 14:22:19][info][CRDTCallbackManager] Successfully unregistered new data callback for pattern: '^/?/bc-963/tx/[^/]+'
[2026-09-03 14:22:19][info][CRDTCallbackManager] Successfully unregistered deleted data callback for pattern: '^/?/bc-963/tx/[^/]+'
[2026-09-03 14:22:19][info][CRDTCallbackManager] Successfully unregistered new data callback for pattern: '^/?/bc-369/tx/[^/]+'
[2026-09-03 14:22:19][info][CRDTCallbackManager] Successfully unregistered deleted data callback for pattern: '^/?/bc-369/tx/[^/]+'
[2026-09-03 14:22:19][info][TransactionManager] [3095e715 - full: false] ~TransactionManager: Metrics — cert_fallback(success=0 failure=0) validation(approve=1 reject=0) tracking(insert=1 confirm=0 fail=0)
[2026-09-03 14:22:19][info][Blockchain] [3095e715] Stopping blockchain
[2026-09-03 14:22:19][info][CRDTCallbackManager] Successfully unregistered new data callback for pattern: '/?gnus-genesis-block'
[2026-09-03 14:22:19][info][CRDTCallbackManager] Successfully unregistered new data callback for pattern: '/?gnus-account-creation-.*'
[2026-09-03 14:22:19][info][CRDTCallbackManager] Successfully unregistered new data callback for pattern: '/?gnus-validator-registry'
[2026-09-03 14:22:19][debug][GlobalDB] ~GlobalDB CALLED with count 6 on multi_node_finality_fault/restart-vote-validator-one/rocksdb 
[2026-09-03 14:22:19][info][GlobalDB] GlobalDB shutdown start
[2026-09-03 14:22:19][info][CrdtDatastore] CancelAndCloseNow: begin (pending_jobs=0, self_queue=0, root_queue=0, pending_roots=0, active_root=false)
[2026-09-03 14:22:19][debug][GraphsyncDAGSyncer] Stopping Dagsyncer
[2026-09-03 14:22:19][debug][GraphsyncDAGSyncer] Dagsyncer Stopped
[2026-09-03 14:22:20][info][CrdtDatastore] CancelAndCloseNow: CRDT workers stopped
[2026-09-03 14:22:20][warning][CrdtDatastore] CancelAndCloseNow called but shutdown has already started
[2026-09-03 14:22:20][debug][GraphsyncDAGSyncer] ~GraphsyncDAGSyncer CALLED
[2026-09-03 14:22:20][info][GlobalDB] GlobalDB shutdown finished
[2026-09-03 14:22:20.130484000][th:1239086][error] GossipPubSub Address monitoring timer error: Operation canceled
[2026-09-03 14:22:21][info][KeyPairFileStorage] Path to keypairs multi_node_finality_fault/restart-vote-validator-one/keypair
[2026-09-03 14:22:21][info][KeyPairFileStorage] Peer ID from public key: 12D3KooWLJ1ddPEihNW7TSSwUYb9YRgfxgCzv9prowDtHLGPv87T
Current limits: 16384 (soft), 9223372036854775807 (hard)
New limits set successfully: 16384 (soft), 9223372036854775807 (hard)
Initialized relay addresses
[2026-09-03 14:22:21.138541000][th:1239051][info] GossipPubSub /ip4/0.0.0.0/tcp/54601/p2p/12D3KooWLJ1ddPEihNW7TSSwUYb9YRgfxgCzv9prowDtHLGPv87T: Starting PubSub service
[2026-09-03 14:22:21.138705000][th:1239433][info] GossipPubSub Starting address monitoring system for mobile network changes
[2026-09-03 14:22:21.138708000][th:1239433][info] GossipPubSub === CURRENT NETWORK STATE ===
[2026-09-03 14:22:21.138723000][th:1239433][info] GossipPubSub Primary listening address: /ip4/0.0.0.0/tcp/54601/p2p/12D3KooWLJ1ddPEihNW7TSSwUYb9YRgfxgCzv9prowDtHLGPv87T
[2026-09-03 14:22:21.138725000][th:1239433][info] GossipPubSub Host peer info addresses (0):
[2026-09-03 14:22:21.138726000][th:1239433][info] GossipPubSub Additional addresses we track (0):
[2026-09-03 14:22:21.138727000][th:1239433][info] GossipPubSub Listening addresses (1):
[2026-09-03 14:22:21.138729000][th:1239433][info] GossipPubSub   -> /ip4/0.0.0.0/tcp/54601/p2p/12D3KooWLJ1ddPEihNW7TSSwUYb9YRgfxgCzv9prowDtHLGPv87T
[2026-09-03 14:22:21.138730000][th:1239433][info] GossipPubSub Interface addresses (0):
[2026-09-03 14:22:21.138738000][th:1239433][info] GossipPubSub === RAW OBSERVED ADDRESS DEBUG ===
[2026-09-03 14:22:21.138745000][th:1239433][info] GossipPubSub Local address: /ip4/0.0.0.0/tcp/54601/p2p/12D3KooWLJ1ddPEihNW7TSSwUYb9YRgfxgCzv9prowDtHLGPv87T -> 0 raw observed, 0 activated+confirmed
[2026-09-03 14:22:21.138747000][th:1239433][info] GossipPubSub TOTAL: 0 raw observed addresses, 0 activated+confirmed addresses
[2026-09-03 14:22:21.138749000][th:1239433][info] GossipPubSub === END RAW OBSERVED ADDRESS DEBUG ===
[2026-09-03 14:22:21.138750000][th:1239433][info] GossipPubSub Observed addresses - all (0):
[2026-09-03 14:22:21.138751000][th:1239433][info] GossipPubSub Observed addresses - confirmed only (0):
[2026-09-03 14:22:21.138757000][th:1239433][info] GossipPubSub Relay addresses (0):
[2026-09-03 14:22:21.138761000][th:1239433][warning] GossipPubSub Failed to get addresses from peer repository: not found
[2026-09-03 14:22:21.138847000][th:1239433][info] GossipPubSub Found 1 valid network interfaces
[2026-09-03 14:22:21.138849000][th:1239433][info] GossipPubSub Current network interfaces (1):
[2026-09-03 14:22:21.138850000][th:1239433][info] GossipPubSub   -> 192.168.1.6
[2026-09-03 14:22:21.138852000][th:1239433][info] GossipPubSub Active connections: 0
[2026-09-03 14:22:21.138853000][th:1239433][info] GossipPubSub === PEER CONNECTION DETAILS ===
[2026-09-03 14:22:21.138854000][th:1239433][info] GossipPubSub NOTE: Observed addresses need to be seen by 4+ different peer groups to become 'activated'
[2026-09-03 14:22:21.138855000][th:1239433][info] GossipPubSub NOTE: Current connections: 0, so max possible observers: 0
[2026-09-03 14:22:21.138856000][th:1239433][info] GossipPubSub === END PEER CONNECTION DETAILS ===
[2026-09-03 14:22:21.138856000][th:1239433][info] GossipPubSub Connection manager stats:
[2026-09-03 14:22:21.138858000][th:1239433][info] GossipPubSub   -> Max connections: 1000
[2026-09-03 14:22:21.138859000][th:1239433][info] GossipPubSub   -> Current connections: 0
[2026-09-03 14:22:21.138859000][th:1239433][info] GossipPubSub === END NETWORK STATE ===
[2026-09-03 14:22:21.139252000][th:1239433][info] GossipPubSub /ip4/0.0.0.0/tcp/54601/p2p/12D3KooWLJ1ddPEihNW7TSSwUYb9YRgfxgCzv9prowDtHLGPv87T : PubSub service started
[2026-09-03 14:22:21][info][GlobalDB] Opening database /Users/henriqueklein/gnus/SuperGenius/multi_node_finality_fault/restart-vote-validator-one/rocksdb
[2026-09-03 14:22:21][debug][GraphsyncDAGSyncer] GraphSyncer created 5396021544 
[2026-09-03 14:22:21][info][CrdtDatastore] crdt Datastore created. Number of heads: 1 Current max-height: 1
[2026-09-03 14:22:21][info][GeniusAccount] Secure storage ID path: /Users/henriqueklein/gnus/SuperGenius/multi_node_finality_fault/restart-vote-validator-one/account/secure_storage_id
[2026-09-03 14:22:21][info][GeniusAccount] Loaded public key from file: 3095e715d05117b8... (length: 128)
[2026-09-03 14:22:21][info][GeniusAccount] Successfully loaded key_seed from storage
[2026-09-03 14:22:21][info][GeniusAccount] Validation successful: key_seed matches stored public key
[2026-09-03 14:22:21][warning][UTXOManager] Found UTXOs in storage, but there were none
[2026-09-03 14:22:21][info][Blockchain] [3095e715] Blockchain instance created with authorized full node: 8a33bdf1
[2026-09-03 14:22:21][info][ValidatorRegistry] InitializeCache: cache initialized with CID QmSQCFtjDvEAXnKpHmBoosxMEkepgH4S8yTDvuxU4sqJbc
[2026-09-03 14:22:21][info][CRDTCallbackManager] Successfully registered new data callback for pattern: '/?gnus-validator-registry'
[2026-09-03 14:22:21][info][ValidatorRegistry] RegisterFilter: result=true
[2026-09-03 14:22:21][info][ValidatorRegistry] New: instance ready
[2026-09-03 14:22:21.166727000][th:1239433][info] GossipPubSub /ip4/0.0.0.0/tcp/54601/p2p/12D3KooWLJ1ddPEihNW7TSSwUYb9YRgfxgCzv9prowDtHLGPv87T: PubSub subscribed to topic 'gnus-validator-registry.3.7.144'
[2026-09-03 14:22:21.166750000][th:1239433][info] GossipPubSub /ip4/0.0.0.0/tcp/54601/p2p/12D3KooWLJ1ddPEihNW7TSSwUYb9YRgfxgCzv9prowDtHLGPv87T: PubSub subscribed to topic 'consensus-channel-.3.7.144'
[2026-09-03 14:22:21][info][CRDTCallbackManager] Successfully registered new data callback for pattern: '^/?cert/[^/]+'
[2026-09-03 14:22:21.167954000][th:1239433][info] GossipPubSub /ip4/0.0.0.0/tcp/54601/p2p/12D3KooWLJ1ddPEihNW7TSSwUYb9YRgfxgCzv9prowDtHLGPv87T: PubSub subscribed to topic 'consensus-channel-.3.7.144#datastore.3.7.144'
[2026-09-03 14:22:21][info][CRDTCallbackManager] Successfully registered new data callback for pattern: '/?gnus-genesis-block'
[2026-09-03 14:22:21][info][CRDTCallbackManager] Successfully registered new data callback for pattern: '/?gnus-account-creation-.*'
[2026-09-03 14:22:21][info][CRDTCallbackManager] Successfully registered new data callback for pattern: '^/?/bc-144/tx/[^/]+'
[2026-09-03 14:22:21][info][CRDTCallbackManager] Successfully registered deleted data callback for pattern: '^/?/bc-144/tx/[^/]+'
[2026-09-03 14:22:21][info][CRDTCallbackManager] Successfully registered new data callback for pattern: '^/?/bc-963/tx/[^/]+'
[2026-09-03 14:22:21][info][CRDTCallbackManager] Successfully registered deleted data callback for pattern: '^/?/bc-963/tx/[^/]+'
[2026-09-03 14:22:21][info][CRDTCallbackManager] Successfully registered new data callback for pattern: '^/?/bc-369/tx/[^/]+'
[2026-09-03 14:22:21][info][CRDTCallbackManager] Successfully registered deleted data callback for pattern: '^/?/bc-369/tx/[^/]+'
[2026-09-03 14:22:21.169261000][th:1239433][info] GossipPubSub Adding new peer: 12D3KooWGFr5mKXFwhETk2yyF8SPBh8D2vmodbSdbr17KSm2kC8N
[2026-09-03 14:22:21.169333000][th:1239433][info] GossipPubSub Adding new peer: 12D3KooWF2VARgx1pt2SfSMjtj3EpGBrFEBQmMkMnpybxFp4bZFJ
[2026-09-03 14:22:21.169385000][th:1239433][info] GossipPubSub Adding new peer: 12D3KooWBAuiUXBkTJcjx4rQzzn7MrZAS1S5FNq2svCH3TjoLyjF
[2026-09-03 14:22:21.169413000][th:1239110][info] GossipPubSub Adding new peer: 12D3KooWLJ1ddPEihNW7TSSwUYb9YRgfxgCzv9prowDtHLGPv87T
[2026-09-03 14:22:21.169478000][th:1239110][info] GossipPubSub Adding new peer: 12D3KooWF2VARgx1pt2SfSMjtj3EpGBrFEBQmMkMnpybxFp4bZFJ
[2026-09-03 14:22:21.169531000][th:1239110][info] GossipPubSub Adding new peer: 12D3KooWBAuiUXBkTJcjx4rQzzn7MrZAS1S5FNq2svCH3TjoLyjF
[2026-09-03 14:22:21.169551000][th:1239132][info] GossipPubSub Adding new peer: 12D3KooWLJ1ddPEihNW7TSSwUYb9YRgfxgCzv9prowDtHLGPv87T
[2026-09-03 14:22:21.169598000][th:1239132][info] GossipPubSub Adding new peer: 12D3KooWGFr5mKXFwhETk2yyF8SPBh8D2vmodbSdbr17KSm2kC8N
[2026-09-03 14:22:21.169644000][th:1239132][info] GossipPubSub Adding new peer: 12D3KooWBAuiUXBkTJcjx4rQzzn7MrZAS1S5FNq2svCH3TjoLyjF
[2026-09-03 14:22:21.169692000][th:1239155][info] GossipPubSub Adding new peer: 12D3KooWLJ1ddPEihNW7TSSwUYb9YRgfxgCzv9prowDtHLGPv87T
[2026-09-03 14:22:21.169738000][th:1239155][info] GossipPubSub Adding new peer: 12D3KooWGFr5mKXFwhETk2yyF8SPBh8D2vmodbSdbr17KSm2kC8N
[2026-09-03 14:22:21.169784000][th:1239155][info] GossipPubSub Adding new peer: 12D3KooWF2VARgx1pt2SfSMjtj3EpGBrFEBQmMkMnpybxFp4bZFJ
[2026-09-03 14:22:21][info][TransactionManager] [3095e715 - full: false] ChangeTransactionState: Temp tracking entry created tx=869aa423afea4447eb743dbc1fab1e542f80024f25a147edc26604f46c004c37
[2026-09-03 14:22:21][info][TransactionManager] [a6ccb383 - full: false] ChangeTransactionState: Temp tracking entry created tx=869aa423afea4447eb743dbc1fab1e542f80024f25a147edc26604f46c004c37
[2026-09-03 14:22:21][info][TransactionManager] [8aff4daf - full: false] ChangeTransactionState: Temp tracking entry created tx=869aa423afea4447eb743dbc1fab1e542f80024f25a147edc26604f46c004c37
[2026-09-03 14:22:21][info][TransactionManager] [e51f2eb1 - full: false] ChangeTransactionState: Temp tracking entry created tx=869aa423afea4447eb743dbc1fab1e542f80024f25a147edc26604f46c004c37
[2026-09-03 14:22:25][info][CrdtDatastore] Topics { name="consensus-channel-.3.7.144#datastore" }
[2026-09-03 14:22:25][info][CRDTCallbackManager] Executing callback for key '/cert/mint-v2:test:0000000000000000000000000000000000000000000000000000000000000000:42:3095e715d05117b827de9eb71376b494acab9321a7afbc55f66ab6afd23781773baf3fd0419407ae84350377ad496824284986b78656980a3d8330c7e65b93cf:cccccccccccccccccccccccccccccccccccccccccccccccccccccccccccccccc' matching pattern '^/?cert/[^/]+'
[2026-09-03 14:22:25][debug][GraphsyncDAGSyncer] addNode: Added node QmYjbV7dQQqesSYGhsnPfDsgki5R4TkVsGXnzSR8RKrBH1 on dagService 
[2026-09-03 14:22:25][info][UTXOManager] Stored 1 UTXOs for address 3095e715d05117b827de9eb71376b494acab9321a7afbc55f66ab6afd23781773baf3fd0419407ae84350377ad496824284986b78656980a3d8330c7e65b93cf
[2026-09-03 14:22:25][info][UTXOManager] Stored 2 UTXOs for address 3095e715d05117b827de9eb71376b494acab9321a7afbc55f66ab6afd23781773baf3fd0419407ae84350377ad496824284986b78656980a3d8330c7e65b93cf
[2026-09-03 14:22:25][warning][TransactionManager] [a6ccb383 - full: false] Mint-v2 869aa423afea4447eb743dbc1fab1e542f80024f25a147edc26604f46c004c37 did not consume every burn input (already consumed or missing); burn outpoint metadata may have been rebuilt with zero amount
[2026-09-03 14:22:25][info][TransactionManager] [a6ccb383 - full: false] Created tokens (mint-v2), amount 42 balance 0
[2026-09-03 14:22:25][info][TransactionManager] [a6ccb383 - full: false] ChangeTransactionState: Tracking entry confirmed tx=869aa423afea4447eb743dbc1fab1e542f80024f25a147edc26604f46c004c37
[2026-09-03 14:22:25][info][UTXOManager] Created checkpoint owner=a6ccb3836e0e9b0434a84aada938e15f67de5aa34d509c43411857dbe4c365a0b8da0262a638d296655a10b0d583e6dfb9e2c530fda2acced8f06c433f8f39da epoch=1 utxo_count=0
[2026-09-03 14:22:25][debug][GraphsyncDAGSyncer] Registered new peer 12D3KooWF2VARgx1pt2SfSMjtj3EpGBrFEBQmMkMnpybxFp4bZFJ with key 0
[2026-09-03 14:22:25][debug][GraphsyncDAGSyncer] Added route for CID QmYjbV7dQQqesSYGhsnPfDsgki5R4TkVsGXnzSR8RKrBH1 to peer 12D3KooWF2VARgx1pt2SfSMjtj3EpGBrFEBQmMkMnpybxFp4bZFJ (key 0, route_count=1)
[2026-09-03 14:22:25][debug][GraphsyncDAGSyncer] Registered new peer 12D3KooWF2VARgx1pt2SfSMjtj3EpGBrFEBQmMkMnpybxFp4bZFJ with key 0
[2026-09-03 14:22:25][debug][GraphsyncDAGSyncer] Added route for CID QmYjbV7dQQqesSYGhsnPfDsgki5R4TkVsGXnzSR8RKrBH1 to peer 12D3KooWF2VARgx1pt2SfSMjtj3EpGBrFEBQmMkMnpybxFp4bZFJ (key 0, route_count=1)
[2026-09-03 14:22:25][debug][GraphsyncDAGSyncer] Registered new peer 12D3KooWF2VARgx1pt2SfSMjtj3EpGBrFEBQmMkMnpybxFp4bZFJ with key 0
[2026-09-03 14:22:25][debug][GraphsyncDAGSyncer] Added route for CID QmYjbV7dQQqesSYGhsnPfDsgki5R4TkVsGXnzSR8RKrBH1 to peer 12D3KooWF2VARgx1pt2SfSMjtj3EpGBrFEBQmMkMnpybxFp4bZFJ (key 0, route_count=1)
[2026-09-03 14:22:26][debug][GraphsyncDAGSyncer] Block initialized without content to LRU cache: CID QmYjbV7dQQqesSYGhsnPfDsgki5R4TkVsGXnzSR8RKrBH1, cache size: 1
[2026-09-03 14:22:26][debug][GraphsyncDAGSyncer] Requesting Node QmYjbV7dQQqesSYGhsnPfDsgki5R4TkVsGXnzSR8RKrBH1 on this 5396021544
[2026-09-03 14:22:26][debug][GraphsyncDAGSyncer] Return node for CID QmYjbV7dQQqesSYGhsnPfDsgki5R4TkVsGXnzSR8RKrBH1 instance=5393904600
[2026-09-03 14:22:26.202589000][th:1239433][warning] graphsync Request 1 for CID QmYjbV7dQQqesSYGhsnPfDsgki5R4TkVsGXnzSR8RKrBH1 got RS_FULL_CONTENT but no blocks received yet
[2026-09-03 14:22:26][debug][GraphsyncDAGSyncer] request progress: code=FULL_CONTENT, extensions=(graphsync/response-metadata: 0x80) (graphsync/do-not-send-cids: 0x80) 
[2026-09-03 14:22:26][debug][GraphsyncDAGSyncer] HasBlock: false, cid: QmYjbV7dQQqesSYGhsnPfDsgki5R4TkVsGXnzSR8RKrBH1
[2026-09-03 14:22:26][debug][GraphsyncDAGSyncer] Existing block updated in LRU cache: CID QmYjbV7dQQqesSYGhsnPfDsgki5R4TkVsGXnzSR8RKrBH1
[2026-09-03 14:22:26][debug][GraphsyncDAGSyncer] Node added to dagService. CID: QmYjbV7dQQqesSYGhsnPfDsgki5R4TkVsGXnzSR8RKrBH1, links: []
[2026-09-03 14:22:26][debug][GraphsyncDAGSyncer] Seeing if peer 12D3KooWF2VARgx1pt2SfSMjtj3EpGBrFEBQmMkMnpybxFp4bZFJ has links to AddRoute
[2026-09-03 14:22:26][info][GraphsyncDAGSyncer] TraverseCIDsLinks: Checking links on { cid="QmYjbV7dQQqesSYGhsnPfDsgki5R4TkVsGXnzSR8RKrBH1", name="" }
[2026-09-03 14:22:26][info][GraphsyncDAGSyncer] TraverseCIDsLinks: Completed traversal. Links to fetch: 0, Visited: 0
[2026-09-03 14:22:26][debug][GraphsyncDAGSyncer] Block initialized without content to LRU cache: CID QmYjbV7dQQqesSYGhsnPfDsgki5R4TkVsGXnzSR8RKrBH1, cache size: 1
[2026-09-03 14:22:26][debug][GraphsyncDAGSyncer] Requesting Node QmYjbV7dQQqesSYGhsnPfDsgki5R4TkVsGXnzSR8RKrBH1 on this 5215838232
[2026-09-03 14:22:26][debug][GraphsyncDAGSyncer] Return node for CID QmYjbV7dQQqesSYGhsnPfDsgki5R4TkVsGXnzSR8RKrBH1 instance=5393904600
[2026-09-03 14:22:26.217504000][th:1239110][warning] graphsync Request 1 for CID QmYjbV7dQQqesSYGhsnPfDsgki5R4TkVsGXnzSR8RKrBH1 got RS_FULL_CONTENT but no blocks received yet
[2026-09-03 14:22:26][debug][GraphsyncDAGSyncer] request progress: code=FULL_CONTENT, extensions=(graphsync/do-not-send-cids: 0x80) (graphsync/response-metadata: 0x80) 
[2026-09-03 14:22:26][debug][GraphsyncDAGSyncer] HasBlock: false, cid: QmYjbV7dQQqesSYGhsnPfDsgki5R4TkVsGXnzSR8RKrBH1
[2026-09-03 14:22:26][debug][GraphsyncDAGSyncer] Existing block updated in LRU cache: CID QmYjbV7dQQqesSYGhsnPfDsgki5R4TkVsGXnzSR8RKrBH1
[2026-09-03 14:22:26][debug][GraphsyncDAGSyncer] Node added to dagService. CID: QmYjbV7dQQqesSYGhsnPfDsgki5R4TkVsGXnzSR8RKrBH1, links: []
[2026-09-03 14:22:26][debug][GraphsyncDAGSyncer] Seeing if peer 12D3KooWF2VARgx1pt2SfSMjtj3EpGBrFEBQmMkMnpybxFp4bZFJ has links to AddRoute
[2026-09-03 14:22:26][info][GraphsyncDAGSyncer] TraverseCIDsLinks: Checking links on { cid="QmYjbV7dQQqesSYGhsnPfDsgki5R4TkVsGXnzSR8RKrBH1", name="" }
[2026-09-03 14:22:26][info][GraphsyncDAGSyncer] TraverseCIDsLinks: Completed traversal. Links to fetch: 0, Visited: 0
[2026-09-03 14:22:26][debug][GraphsyncDAGSyncer] Block initialized without content to LRU cache: CID QmYjbV7dQQqesSYGhsnPfDsgki5R4TkVsGXnzSR8RKrBH1, cache size: 1
[2026-09-03 14:22:26][debug][GraphsyncDAGSyncer] Requesting Node QmYjbV7dQQqesSYGhsnPfDsgki5R4TkVsGXnzSR8RKrBH1 on this 5393952840
[2026-09-03 14:22:26][debug][GraphsyncDAGSyncer] Return node for CID QmYjbV7dQQqesSYGhsnPfDsgki5R4TkVsGXnzSR8RKrBH1 instance=5393904600
[2026-09-03 14:22:26.287625000][th:1239155][warning] graphsync Request 1 for CID QmYjbV7dQQqesSYGhsnPfDsgki5R4TkVsGXnzSR8RKrBH1 got RS_FULL_CONTENT but no blocks received yet
[2026-09-03 14:22:26][debug][GraphsyncDAGSyncer] request progress: code=FULL_CONTENT, extensions=(graphsync/do-not-send-cids: 0x80) (graphsync/response-metadata: 0x80) 
[2026-09-03 14:22:26][debug][GraphsyncDAGSyncer] HasBlock: false, cid: QmYjbV7dQQqesSYGhsnPfDsgki5R4TkVsGXnzSR8RKrBH1
[2026-09-03 14:22:26][debug][GraphsyncDAGSyncer] Existing block updated in LRU cache: CID QmYjbV7dQQqesSYGhsnPfDsgki5R4TkVsGXnzSR8RKrBH1
[2026-09-03 14:22:26][debug][GraphsyncDAGSyncer] Node added to dagService. CID: QmYjbV7dQQqesSYGhsnPfDsgki5R4TkVsGXnzSR8RKrBH1, links: []
[2026-09-03 14:22:26][debug][GraphsyncDAGSyncer] Seeing if peer 12D3KooWF2VARgx1pt2SfSMjtj3EpGBrFEBQmMkMnpybxFp4bZFJ has links to AddRoute
[2026-09-03 14:22:26][info][GraphsyncDAGSyncer] TraverseCIDsLinks: Checking links on { cid="QmYjbV7dQQqesSYGhsnPfDsgki5R4TkVsGXnzSR8RKrBH1", name="" }
[2026-09-03 14:22:26][info][GraphsyncDAGSyncer] TraverseCIDsLinks: Completed traversal. Links to fetch: 0, Visited: 0
[2026-09-03 14:22:26][debug][GraphsyncDAGSyncer] Return node for CID QmYjbV7dQQqesSYGhsnPfDsgki5R4TkVsGXnzSR8RKrBH1 instance=5396021544
[2026-09-03 14:22:26][info][CRDTCallbackManager] Executing callback for key '/cert/mint-v2:test:0000000000000000000000000000000000000000000000000000000000000000:42:3095e715d05117b827de9eb71376b494acab9321a7afbc55f66ab6afd23781773baf3fd0419407ae84350377ad496824284986b78656980a3d8330c7e65b93cf:cccccccccccccccccccccccccccccccccccccccccccccccccccccccccccccccc' matching pattern '^/?cert/[^/]+'
[2026-09-03 14:22:26][debug][GraphsyncDAGSyncer] Return node for CID QmYjbV7dQQqesSYGhsnPfDsgki5R4TkVsGXnzSR8RKrBH1 instance=5215838232
[2026-09-03 14:22:26][debug][GraphsyncDAGSyncer] addNode: Added node QmYjbV7dQQqesSYGhsnPfDsgki5R4TkVsGXnzSR8RKrBH1 on dagService 
[2026-09-03 14:22:26][debug][GraphsyncDAGSyncer] Block removed from LRU cache: CID QmYjbV7dQQqesSYGhsnPfDsgki5R4TkVsGXnzSR8RKrBH1
[2026-09-03 14:22:26][info][CRDTCallbackManager] Executing callback for key '/cert/mint-v2:test:0000000000000000000000000000000000000000000000000000000000000000:42:3095e715d05117b827de9eb71376b494acab9321a7afbc55f66ab6afd23781773baf3fd0419407ae84350377ad496824284986b78656980a3d8330c7e65b93cf:cccccccccccccccccccccccccccccccccccccccccccccccccccccccccccccccc' matching pattern '^/?cert/[^/]+'
[2026-09-03 14:22:26][debug][GraphsyncDAGSyncer] addNode: Added node QmYjbV7dQQqesSYGhsnPfDsgki5R4TkVsGXnzSR8RKrBH1 on dagService 
[2026-09-03 14:22:26][debug][GraphsyncDAGSyncer] Block removed from LRU cache: CID QmYjbV7dQQqesSYGhsnPfDsgki5R4TkVsGXnzSR8RKrBH1
[2026-09-03 14:22:26][debug][GraphsyncDAGSyncer] Return node for CID QmYjbV7dQQqesSYGhsnPfDsgki5R4TkVsGXnzSR8RKrBH1 instance=5393952840
[2026-09-03 14:22:26][info][CRDTCallbackManager] Executing callback for key '/cert/mint-v2:test:0000000000000000000000000000000000000000000000000000000000000000:42:3095e715d05117b827de9eb71376b494acab9321a7afbc55f66ab6afd23781773baf3fd0419407ae84350377ad496824284986b78656980a3d8330c7e65b93cf:cccccccccccccccccccccccccccccccccccccccccccccccccccccccccccccccc' matching pattern '^/?cert/[^/]+'
[2026-09-03 14:22:26][debug][GraphsyncDAGSyncer] addNode: Added node QmYjbV7dQQqesSYGhsnPfDsgki5R4TkVsGXnzSR8RKrBH1 on dagService 
[2026-09-03 14:22:26][debug][GraphsyncDAGSyncer] Block removed from LRU cache: CID QmYjbV7dQQqesSYGhsnPfDsgki5R4TkVsGXnzSR8RKrBH1
[2026-09-03 14:22:26][info][UTXOManager] Stored 1 UTXOs for address 3095e715d05117b827de9eb71376b494acab9321a7afbc55f66ab6afd23781773baf3fd0419407ae84350377ad496824284986b78656980a3d8330c7e65b93cf
[2026-09-03 14:22:26][info][UTXOManager] Stored 1 UTXOs for address 3095e715d05117b827de9eb71376b494acab9321a7afbc55f66ab6afd23781773baf3fd0419407ae84350377ad496824284986b78656980a3d8330c7e65b93cf
[2026-09-03 14:22:26][info][UTXOManager] Stored 2 UTXOs for address 3095e715d05117b827de9eb71376b494acab9321a7afbc55f66ab6afd23781773baf3fd0419407ae84350377ad496824284986b78656980a3d8330c7e65b93cf
[2026-09-03 14:22:26][warning][TransactionManager] [3095e715 - full: false] Mint-v2 869aa423afea4447eb743dbc1fab1e542f80024f25a147edc26604f46c004c37 did not consume every burn input (already consumed or missing); burn outpoint metadata may have been rebuilt with zero amount
[2026-09-03 14:22:26][info][TransactionManager] [3095e715 - full: false] Created tokens (mint-v2), amount 42 balance 42
[2026-09-03 14:22:26][info][UTXOManager] Stored 2 UTXOs for address 3095e715d05117b827de9eb71376b494acab9321a7afbc55f66ab6afd23781773baf3fd0419407ae84350377ad496824284986b78656980a3d8330c7e65b93cf
[2026-09-03 14:22:26][warning][TransactionManager] [8aff4daf - full: false] Mint-v2 869aa423afea4447eb743dbc1fab1e542f80024f25a147edc26604f46c004c37 did not consume every burn input (already consumed or missing); burn outpoint metadata may have been rebuilt with zero amount
[2026-09-03 14:22:26][info][TransactionManager] [8aff4daf - full: false] Created tokens (mint-v2), amount 42 balance 0
[2026-09-03 14:22:26][info][UTXOManager] Stored 1 UTXOs for address 3095e715d05117b827de9eb71376b494acab9321a7afbc55f66ab6afd23781773baf3fd0419407ae84350377ad496824284986b78656980a3d8330c7e65b93cf
[2026-09-03 14:22:26][info][TransactionManager] [3095e715 - full: false] ChangeTransactionState: Tracking entry confirmed tx=869aa423afea4447eb743dbc1fab1e542f80024f25a147edc26604f46c004c37
[2026-09-03 14:22:26][info][TransactionManager] [8aff4daf - full: false] ChangeTransactionState: Tracking entry confirmed tx=869aa423afea4447eb743dbc1fab1e542f80024f25a147edc26604f46c004c37
[2026-09-03 14:22:26][info][UTXOManager] Stored 2 UTXOs for address 3095e715d05117b827de9eb71376b494acab9321a7afbc55f66ab6afd23781773baf3fd0419407ae84350377ad496824284986b78656980a3d8330c7e65b93cf
[2026-09-03 14:22:26][warning][TransactionManager] [e51f2eb1 - full: false] Mint-v2 869aa423afea4447eb743dbc1fab1e542f80024f25a147edc26604f46c004c37 did not consume every burn input (already consumed or missing); burn outpoint metadata may have been rebuilt with zero amount
[2026-09-03 14:22:26][info][TransactionManager] [e51f2eb1 - full: false] Created tokens (mint-v2), amount 42 balance 0
[2026-09-03 14:22:26][info][TransactionManager] [e51f2eb1 - full: false] ChangeTransactionState: Tracking entry confirmed tx=869aa423afea4447eb743dbc1fab1e542f80024f25a147edc26604f46c004c37
[2026-09-03 14:22:26][info][UTXOManager] Created checkpoint owner=3095e715d05117b827de9eb71376b494acab9321a7afbc55f66ab6afd23781773baf3fd0419407ae84350377ad496824284986b78656980a3d8330c7e65b93cf epoch=1 utxo_count=1
[2026-09-03 14:22:26][info][UTXOManager] Created checkpoint owner=8aff4dafc2769cac8fb990f82d00d975310d41fcc62a8848f750c4476dda34b952e286d8035ce95fc03e8956728bc183087c76817c656ada0da7356b8824f4e2 epoch=1 utxo_count=0
[2026-09-03 14:22:26][info][UTXOManager] Created checkpoint owner=e51f2eb1bdfada291a3dd370b298d460925df2a1507b005c84750653d7b7cae898a0b08d1e01bb601aa6223d3ca7a05b6dd4efe244436c6fc8ed74c4ff18be47 epoch=1 utxo_count=0
[2026-09-03 14:22:26][info][CRDTCallbackManager] Successfully unregistered new data callback for pattern: '^/?/bc-144/tx/[^/]+'
[2026-09-03 14:22:26][info][CRDTCallbackManager] Successfully unregistered deleted data callback for pattern: '^/?/bc-144/tx/[^/]+'
[2026-09-03 14:22:26][info][CRDTCallbackManager] Successfully unregistered new data callback for pattern: '^/?/bc-963/tx/[^/]+'
[2026-09-03 14:22:26][info][CRDTCallbackManager] Successfully unregistered deleted data callback for pattern: '^/?/bc-963/tx/[^/]+'
[2026-09-03 14:22:26][info][CRDTCallbackManager] Successfully unregistered new data callback for pattern: '^/?/bc-369/tx/[^/]+'
[2026-09-03 14:22:26][info][CRDTCallbackManager] Successfully unregistered deleted data callback for pattern: '^/?/bc-369/tx/[^/]+'
[2026-09-03 14:22:26][info][TransactionManager] [3095e715 - full: false] ~TransactionManager: Metrics — cert_fallback(success=0 failure=0) validation(approve=1 reject=0) tracking(insert=1 confirm=1 fail=0)
[2026-09-03 14:22:26][info][Blockchain] [3095e715] Stopping blockchain
[2026-09-03 14:22:26][info][CRDTCallbackManager] Successfully unregistered new data callback for pattern: '/?gnus-genesis-block'
[2026-09-03 14:22:26][info][CRDTCallbackManager] Successfully unregistered new data callback for pattern: '/?gnus-account-creation-.*'
[2026-09-03 14:22:26][info][CRDTCallbackManager] Successfully unregistered new data callback for pattern: '/?gnus-validator-registry'
[2026-09-03 14:22:26][debug][GlobalDB] ~GlobalDB CALLED with count 6 on multi_node_finality_fault/restart-vote-validator-one/rocksdb 
[2026-09-03 14:22:26][info][GlobalDB] GlobalDB shutdown start
[2026-09-03 14:22:26][info][CrdtDatastore] CancelAndCloseNow: begin (pending_jobs=1, self_queue=0, root_queue=0, pending_roots=0, active_root=false)
[2026-09-03 14:22:26][debug][GraphsyncDAGSyncer] Stopping Dagsyncer
[2026-09-03 14:22:26][debug][GraphsyncDAGSyncer] Dagsyncer Stopped
[2026-09-03 14:22:26.896568000][th:1239132][error] graphsync Varint Error msg=Stream: closed by remote peer
[2026-09-03 14:22:26.896574000][th:1239132][info] graphsync stream read error, peer=GPv87T, msg=stream is not readable
[2026-09-03 14:22:26.896644000][th:1239433][error] graphsync Varint Error msg=Stream: closed by this host
[2026-09-03 14:22:27][info][CrdtDatastore] CancelAndCloseNow: CRDT workers stopped
[2026-09-03 14:22:27][warning][CrdtDatastore] CancelAndCloseNow called but shutdown has already started
[2026-09-03 14:22:27][debug][GraphsyncDAGSyncer] ~GraphsyncDAGSyncer CALLED
[2026-09-03 14:22:27][info][GlobalDB] GlobalDB shutdown finished
[2026-09-03 14:22:27.217530000][th:1239433][error] GossipPubSub Address monitoring timer error: Operation canceled
[2026-09-03 14:22:28][info][KeyPairFileStorage] Path to keypairs multi_node_finality_fault/restart-vote-validator-one/keypair
[2026-09-03 14:22:28][info][KeyPairFileStorage] Peer ID from public key: 12D3KooWLJ1ddPEihNW7TSSwUYb9YRgfxgCzv9prowDtHLGPv87T
Current limits: 16384 (soft), 9223372036854775807 (hard)
New limits set successfully: 16384 (soft), 9223372036854775807 (hard)
Initialized relay addresses
[2026-09-03 14:22:28.224997000][th:1239051][info] GossipPubSub /ip4/0.0.0.0/tcp/54601/p2p/12D3KooWLJ1ddPEihNW7TSSwUYb9YRgfxgCzv9prowDtHLGPv87T: Starting PubSub service
[2026-09-03 14:22:28.225063000][th:1239653][info] GossipPubSub Starting address monitoring system for mobile network changes
[2026-09-03 14:22:28.225064000][th:1239653][info] GossipPubSub === CURRENT NETWORK STATE ===
[2026-09-03 14:22:28.225071000][th:1239653][info] GossipPubSub Primary listening address: /ip4/0.0.0.0/tcp/54601/p2p/12D3KooWLJ1ddPEihNW7TSSwUYb9YRgfxgCzv9prowDtHLGPv87T
[2026-09-03 14:22:28.225072000][th:1239653][info] GossipPubSub Host peer info addresses (0):
[2026-09-03 14:22:28.225073000][th:1239653][info] GossipPubSub Additional addresses we track (0):
[2026-09-03 14:22:28.225074000][th:1239653][info] GossipPubSub Listening addresses (1):
[2026-09-03 14:22:28.225075000][th:1239653][info] GossipPubSub   -> /ip4/0.0.0.0/tcp/54601/p2p/12D3KooWLJ1ddPEihNW7TSSwUYb9YRgfxgCzv9prowDtHLGPv87T
[2026-09-03 14:22:28.225076000][th:1239653][info] GossipPubSub Interface addresses (0):
[2026-09-03 14:22:28.225080000][th:1239653][info] GossipPubSub === RAW OBSERVED ADDRESS DEBUG ===
[2026-09-03 14:22:28.225082000][th:1239653][info] GossipPubSub Local address: /ip4/0.0.0.0/tcp/54601/p2p/12D3KooWLJ1ddPEihNW7TSSwUYb9YRgfxgCzv9prowDtHLGPv87T -> 0 raw observed, 0 activated+confirmed
[2026-09-03 14:22:28.225083000][th:1239653][info] GossipPubSub TOTAL: 0 raw observed addresses, 0 activated+confirmed addresses
[2026-09-03 14:22:28.225084000][th:1239653][info] GossipPubSub === END RAW OBSERVED ADDRESS DEBUG ===
[2026-09-03 14:22:28.225085000][th:1239653][info] GossipPubSub Observed addresses - all (0):
[2026-09-03 14:22:28.225086000][th:1239653][info] GossipPubSub Observed addresses - confirmed only (0):
[2026-09-03 14:22:28.225086000][th:1239653][info] GossipPubSub Relay addresses (0):
[2026-09-03 14:22:28.225088000][th:1239653][warning] GossipPubSub Failed to get addresses from peer repository: not found
[2026-09-03 14:22:28.225122000][th:1239653][info] GossipPubSub Found 1 valid network interfaces
[2026-09-03 14:22:28.225123000][th:1239653][info] GossipPubSub Current network interfaces (1):
[2026-09-03 14:22:28.225124000][th:1239653][info] GossipPubSub   -> 192.168.1.6
[2026-09-03 14:22:28.225125000][th:1239653][info] GossipPubSub Active connections: 0
[2026-09-03 14:22:28.225125000][th:1239653][info] GossipPubSub === PEER CONNECTION DETAILS ===
[2026-09-03 14:22:28.225126000][th:1239653][info] GossipPubSub NOTE: Observed addresses need to be seen by 4+ different peer groups to become 'activated'
[2026-09-03 14:22:28.225127000][th:1239653][info] GossipPubSub NOTE: Current connections: 0, so max possible observers: 0
[2026-09-03 14:22:28.225127000][th:1239653][info] GossipPubSub === END PEER CONNECTION DETAILS ===
[2026-09-03 14:22:28.225128000][th:1239653][info] GossipPubSub Connection manager stats:
[2026-09-03 14:22:28.225129000][th:1239653][info] GossipPubSub   -> Max connections: 1000
[2026-09-03 14:22:28.225129000][th:1239653][info] GossipPubSub   -> Current connections: 0
[2026-09-03 14:22:28.225130000][th:1239653][info] GossipPubSub === END NETWORK STATE ===
[2026-09-03 14:22:28.225251000][th:1239653][info] GossipPubSub /ip4/0.0.0.0/tcp/54601/p2p/12D3KooWLJ1ddPEihNW7TSSwUYb9YRgfxgCzv9prowDtHLGPv87T : PubSub service started
[2026-09-03 14:22:28][info][GlobalDB] Opening database /Users/henriqueklein/gnus/SuperGenius/multi_node_finality_fault/restart-vote-validator-one/rocksdb
[2026-09-03 14:22:28][debug][GraphsyncDAGSyncer] GraphSyncer created 5396021544 
[2026-09-03 14:22:28][info][CrdtDatastore] crdt Datastore created. Number of heads: 2 Current max-height: 18446744073709551615
[2026-09-03 14:22:28][info][GeniusAccount] Secure storage ID path: /Users/henriqueklein/gnus/SuperGenius/multi_node_finality_fault/restart-vote-validator-one/account/secure_storage_id
[2026-09-03 14:22:28][info][GeniusAccount] Loaded public key from file: 3095e715d05117b8... (length: 128)
[2026-09-03 14:22:28][info][GeniusAccount] Successfully loaded key_seed from storage
[2026-09-03 14:22:28][info][GeniusAccount] Validation successful: key_seed matches stored public key
[2026-09-03 14:22:28][warning][UTXOManager] Skipping malformed UTXO key /utxo-checkpoint/3095e715d05117b827de9eb71376b494acab9321a7afbc55f66ab6afd23781773baf3fd0419407ae84350377ad496824284986b78656980a3d8330c7e65b93cf/1
[2026-09-03 14:22:28][warning][UTXOManager] Skipping malformed UTXO key /utxo-checkpoint/3095e715d05117b827de9eb71376b494acab9321a7afbc55f66ab6afd23781773baf3fd0419407ae84350377ad496824284986b78656980a3d8330c7e65b93cf/latest
[2026-09-03 14:22:28][info][Blockchain] [3095e715] Blockchain instance created with authorized full node: 8a33bdf1
[2026-09-03 14:22:28][info][ValidatorRegistry] InitializeCache: cache initialized with CID QmSQCFtjDvEAXnKpHmBoosxMEkepgH4S8yTDvuxU4sqJbc
[2026-09-03 14:22:28][info][CRDTCallbackManager] Successfully registered new data callback for pattern: '/?gnus-validator-registry'
[2026-09-03 14:22:28][info][ValidatorRegistry] RegisterFilter: result=true
[2026-09-03 14:22:28][info][ValidatorRegistry] New: instance ready
[2026-09-03 14:22:28.245138000][th:1239653][info] GossipPubSub /ip4/0.0.0.0/tcp/54601/p2p/12D3KooWLJ1ddPEihNW7TSSwUYb9YRgfxgCzv9prowDtHLGPv87T: PubSub subscribed to topic 'gnus-validator-registry.3.7.144'
[2026-09-03 14:22:28][info][CRDTCallbackManager] Successfully registered new data callback for pattern: '^/?cert/[^/]+'
[2026-09-03 14:22:28.245158000][th:1239653][info] GossipPubSub /ip4/0.0.0.0/tcp/54601/p2p/12D3KooWLJ1ddPEihNW7TSSwUYb9YRgfxgCzv9prowDtHLGPv87T: PubSub subscribed to topic 'consensus-channel-.3.7.144'
[2026-09-03 14:22:28.245175000][th:1239653][info] GossipPubSub /ip4/0.0.0.0/tcp/54601/p2p/12D3KooWLJ1ddPEihNW7TSSwUYb9YRgfxgCzv9prowDtHLGPv87T: PubSub subscribed to topic 'consensus-channel-.3.7.144#datastore.3.7.144'
[2026-09-03 14:22:28][info][CRDTCallbackManager] Successfully registered new data callback for pattern: '/?gnus-genesis-block'
[2026-09-03 14:22:28][info][CRDTCallbackManager] Successfully registered new data callback for pattern: '/?gnus-account-creation-.*'
[2026-09-03 14:22:28][info][CRDTCallbackManager] Successfully registered new data callback for pattern: '^/?/bc-144/tx/[^/]+'
[2026-09-03 14:22:28][info][CRDTCallbackManager] Successfully registered deleted data callback for pattern: '^/?/bc-144/tx/[^/]+'
[2026-09-03 14:22:28][info][CRDTCallbackManager] Successfully registered new data callback for pattern: '^/?/bc-963/tx/[^/]+'
[2026-09-03 14:22:28][info][CRDTCallbackManager] Successfully registered deleted data callback for pattern: '^/?/bc-963/tx/[^/]+'
[2026-09-03 14:22:28][info][CRDTCallbackManager] Successfully registered new data callback for pattern: '^/?/bc-369/tx/[^/]+'
[2026-09-03 14:22:28][info][CRDTCallbackManager] Successfully registered deleted data callback for pattern: '^/?/bc-369/tx/[^/]+'
[2026-09-03 14:22:28][info][CRDTCallbackManager] Successfully unregistered new data callback for pattern: '^/?/bc-144/tx/[^/]+'
[2026-09-03 14:22:28][info][CRDTCallbackManager] Successfully unregistered deleted data callback for pattern: '^/?/bc-144/tx/[^/]+'
[2026-09-03 14:22:28][info][CRDTCallbackManager] Successfully unregistered new data callback for pattern: '^/?/bc-963/tx/[^/]+'
[2026-09-03 14:22:28][info][CRDTCallbackManager] Successfully unregistered deleted data callback for pattern: '^/?/bc-963/tx/[^/]+'
[2026-09-03 14:22:28][info][CRDTCallbackManager] Successfully unregistered new data callback for pattern: '^/?/bc-369/tx/[^/]+'
[2026-09-03 14:22:28][info][CRDTCallbackManager] Successfully unregistered deleted data callback for pattern: '^/?/bc-369/tx/[^/]+'
[2026-09-03 14:22:28][info][TransactionManager] [e51f2eb1 - full: false] ~TransactionManager: Metrics — cert_fallback(success=0 failure=0) validation(approve=1 reject=0) tracking(insert=1 confirm=1 fail=0)
[2026-09-03 14:22:28][info][Blockchain] [e51f2eb1] Stopping blockchain
[2026-09-03 14:22:28][info][CRDTCallbackManager] Successfully unregistered new data callback for pattern: '/?gnus-genesis-block'
[2026-09-03 14:22:28][info][CRDTCallbackManager] Successfully unregistered new data callback for pattern: '/?gnus-account-creation-.*'
[2026-09-03 14:22:28][info][CRDTCallbackManager] Successfully unregistered new data callback for pattern: '/?gnus-validator-registry'
[2026-09-03 14:22:28][debug][GlobalDB] ~GlobalDB CALLED with count 6 on multi_node_finality_fault/restart-vote-validator-two/rocksdb 
[2026-09-03 14:22:28][info][GlobalDB] GlobalDB shutdown start
[2026-09-03 14:22:28][info][CrdtDatastore] CancelAndCloseNow: begin (pending_jobs=1, self_queue=0, root_queue=0, pending_roots=0, active_root=false)
[2026-09-03 14:22:28][debug][GraphsyncDAGSyncer] Stopping Dagsyncer
[2026-09-03 14:22:28][debug][GraphsyncDAGSyncer] Dagsyncer Stopped
[2026-09-03 14:22:28.245442000][th:1239132][error] graphsync Varint Error msg=Stream: closed by remote peer
[2026-09-03 14:22:28.245448000][th:1239132][info] graphsync stream read error, peer=m2kC8N, msg=stream is not readable
[2026-09-03 14:22:28.245510000][th:1239110][error] graphsync Varint Error msg=Stream: closed by this host
[2026-09-03 14:22:28][info][CrdtDatastore] CancelAndCloseNow: CRDT workers stopped
[2026-09-03 14:22:28][warning][CrdtDatastore] CancelAndCloseNow called but shutdown has already started
[2026-09-03 14:22:28][debug][GraphsyncDAGSyncer] ~GraphsyncDAGSyncer CALLED
[2026-09-03 14:22:28][info][GlobalDB] GlobalDB shutdown finished
[2026-09-03 14:22:28.739703000][th:1239110][error] GossipPubSub Address monitoring timer error: Operation canceled
[2026-09-03 14:22:29][info][KeyPairFileStorage] Path to keypairs multi_node_finality_fault/restart-vote-validator-two/keypair
[2026-09-03 14:22:29][info][KeyPairFileStorage] Peer ID from public key: 12D3KooWGFr5mKXFwhETk2yyF8SPBh8D2vmodbSdbr17KSm2kC8N
Current limits: 16384 (soft), 9223372036854775807 (hard)
New limits set successfully: 16384 (soft), 9223372036854775807 (hard)
Initialized relay addresses
[2026-09-03 14:22:29.742479000][th:1239051][info] GossipPubSub /ip4/0.0.0.0/tcp/54602/p2p/12D3KooWGFr5mKXFwhETk2yyF8SPBh8D2vmodbSdbr17KSm2kC8N: Starting PubSub service
[2026-09-03 14:22:29.742535000][th:1239775][info] GossipPubSub Starting address monitoring system for mobile network changes
[2026-09-03 14:22:29.742536000][th:1239775][info] GossipPubSub === CURRENT NETWORK STATE ===
[2026-09-03 14:22:29.742544000][th:1239775][info] GossipPubSub Primary listening address: /ip4/0.0.0.0/tcp/54602/p2p/12D3KooWGFr5mKXFwhETk2yyF8SPBh8D2vmodbSdbr17KSm2kC8N
[2026-09-03 14:22:29.742545000][th:1239775][info] GossipPubSub Host peer info addresses (0):
[2026-09-03 14:22:29.742545000][th:1239775][info] GossipPubSub Additional addresses we track (0):
[2026-09-03 14:22:29.742546000][th:1239775][info] GossipPubSub Listening addresses (1):
[2026-09-03 14:22:29.742547000][th:1239775][info] GossipPubSub   -> /ip4/0.0.0.0/tcp/54602/p2p/12D3KooWGFr5mKXFwhETk2yyF8SPBh8D2vmodbSdbr17KSm2kC8N
[2026-09-03 14:22:29.742548000][th:1239775][info] GossipPubSub Interface addresses (0):
[2026-09-03 14:22:29.742548000][th:1239775][info] GossipPubSub === RAW OBSERVED ADDRESS DEBUG ===
[2026-09-03 14:22:29.742550000][th:1239775][info] GossipPubSub Local address: /ip4/0.0.0.0/tcp/54602/p2p/12D3KooWGFr5mKXFwhETk2yyF8SPBh8D2vmodbSdbr17KSm2kC8N -> 0 raw observed, 0 activated+confirmed
[2026-09-03 14:22:29.742551000][th:1239775][info] GossipPubSub TOTAL: 0 raw observed addresses, 0 activated+confirmed addresses
[2026-09-03 14:22:29.742552000][th:1239775][info] GossipPubSub === END RAW OBSERVED ADDRESS DEBUG ===
[2026-09-03 14:22:29.742552000][th:1239775][info] GossipPubSub Observed addresses - all (0):
[2026-09-03 14:22:29.742553000][th:1239775][info] GossipPubSub Observed addresses - confirmed only (0):
[2026-09-03 14:22:29.742553000][th:1239775][info] GossipPubSub Relay addresses (0):
[2026-09-03 14:22:29.742555000][th:1239775][warning] GossipPubSub Failed to get addresses from peer repository: not found
[2026-09-03 14:22:29.742589000][th:1239775][info] GossipPubSub Found 1 valid network interfaces
[2026-09-03 14:22:29.742590000][th:1239775][info] GossipPubSub Current network interfaces (1):
[2026-09-03 14:22:29.742591000][th:1239775][info] GossipPubSub   -> 192.168.1.6
[2026-09-03 14:22:29.742592000][th:1239775][info] GossipPubSub Active connections: 0
[2026-09-03 14:22:29.742592000][th:1239775][info] GossipPubSub === PEER CONNECTION DETAILS ===
[2026-09-03 14:22:29.742593000][th:1239775][info] GossipPubSub NOTE: Observed addresses need to be seen by 4+ different peer groups to become 'activated'
[2026-09-03 14:22:29.742593000][th:1239775][info] GossipPubSub NOTE: Current connections: 0, so max possible observers: 0
[2026-09-03 14:22:29.742594000][th:1239775][info] GossipPubSub === END PEER CONNECTION DETAILS ===
[2026-09-03 14:22:29.742594000][th:1239775][info] GossipPubSub Connection manager stats:
[2026-09-03 14:22:29.742595000][th:1239775][info] GossipPubSub   -> Max connections: 1000
[2026-09-03 14:22:29.742595000][th:1239775][info] GossipPubSub   -> Current connections: 0
[2026-09-03 14:22:29.742596000][th:1239775][info] GossipPubSub === END NETWORK STATE ===
[2026-09-03 14:22:29.742695000][th:1239775][info] GossipPubSub /ip4/0.0.0.0/tcp/54602/p2p/12D3KooWGFr5mKXFwhETk2yyF8SPBh8D2vmodbSdbr17KSm2kC8N : PubSub service started
[2026-09-03 14:22:29][info][GlobalDB] Opening database /Users/henriqueklein/gnus/SuperGenius/multi_node_finality_fault/restart-vote-validator-two/rocksdb
[2026-09-03 14:22:29][debug][GraphsyncDAGSyncer] GraphSyncer created 5217132152 
[2026-09-03 14:22:29][info][CrdtDatastore] crdt Datastore created. Number of heads: 2 Current max-height: 18446744073709551615
[2026-09-03 14:22:29][info][GeniusAccount] Secure storage ID path: /Users/henriqueklein/gnus/SuperGenius/multi_node_finality_fault/restart-vote-validator-two/account/secure_storage_id
[2026-09-03 14:22:29][info][GeniusAccount] Loaded public key from file: e51f2eb1bdfada29... (length: 128)
[2026-09-03 14:22:29][info][GeniusAccount] Successfully loaded key_seed from storage
[2026-09-03 14:22:29][info][GeniusAccount] Validation successful: key_seed matches stored public key
[2026-09-03 14:22:29][warning][UTXOManager] Skipping malformed UTXO key /utxo-checkpoint/e51f2eb1bdfada291a3dd370b298d460925df2a1507b005c84750653d7b7cae898a0b08d1e01bb601aa6223d3ca7a05b6dd4efe244436c6fc8ed74c4ff18be47/1
[2026-09-03 14:22:29][warning][UTXOManager] Skipping malformed UTXO key /utxo-checkpoint/e51f2eb1bdfada291a3dd370b298d460925df2a1507b005c84750653d7b7cae898a0b08d1e01bb601aa6223d3ca7a05b6dd4efe244436c6fc8ed74c4ff18be47/latest
[2026-09-03 14:22:29][info][Blockchain] [e51f2eb1] Blockchain instance created with authorized full node: 8a33bdf1
[2026-09-03 14:22:29][info][ValidatorRegistry] InitializeCache: cache initialized with CID QmSQCFtjDvEAXnKpHmBoosxMEkepgH4S8yTDvuxU4sqJbc
[2026-09-03 14:22:29][info][CRDTCallbackManager] Successfully registered new data callback for pattern: '/?gnus-validator-registry'
[2026-09-03 14:22:29][info][ValidatorRegistry] RegisterFilter: result=true
[2026-09-03 14:22:29][info][ValidatorRegistry] New: instance ready
[2026-09-03 14:22:29.764524000][th:1239775][info] GossipPubSub /ip4/0.0.0.0/tcp/54602/p2p/12D3KooWGFr5mKXFwhETk2yyF8SPBh8D2vmodbSdbr17KSm2kC8N: PubSub subscribed to topic 'gnus-validator-registry.3.7.144'
[2026-09-03 14:22:29][info][CRDTCallbackManager] Successfully registered new data callback for pattern: '^/?cert/[^/]+'
[2026-09-03 14:22:29.764545000][th:1239775][info] GossipPubSub /ip4/0.0.0.0/tcp/54602/p2p/12D3KooWGFr5mKXFwhETk2yyF8SPBh8D2vmodbSdbr17KSm2kC8N: PubSub subscribed to topic 'consensus-channel-.3.7.144'
[2026-09-03 14:22:29.764562000][th:1239775][info] GossipPubSub /ip4/0.0.0.0/tcp/54602/p2p/12D3KooWGFr5mKXFwhETk2yyF8SPBh8D2vmodbSdbr17KSm2kC8N: PubSub subscribed to topic 'consensus-channel-.3.7.144#datastore.3.7.144'
[2026-09-03 14:22:29][info][CRDTCallbackManager] Successfully registered new data callback for pattern: '/?gnus-genesis-block'
[2026-09-03 14:22:29][info][CRDTCallbackManager] Successfully registered new data callback for pattern: '/?gnus-account-creation-.*'
[2026-09-03 14:22:29][info][CRDTCallbackManager] Successfully registered new data callback for pattern: '^/?/bc-144/tx/[^/]+'
[2026-09-03 14:22:29][info][CRDTCallbackManager] Successfully registered deleted data callback for pattern: '^/?/bc-144/tx/[^/]+'
[2026-09-03 14:22:29][info][CRDTCallbackManager] Successfully registered new data callback for pattern: '^/?/bc-963/tx/[^/]+'
[2026-09-03 14:22:29][info][CRDTCallbackManager] Successfully registered deleted data callback for pattern: '^/?/bc-963/tx/[^/]+'
[2026-09-03 14:22:29][info][CRDTCallbackManager] Successfully registered new data callback for pattern: '^/?/bc-369/tx/[^/]+'
[2026-09-03 14:22:29][info][CRDTCallbackManager] Successfully registered deleted data callback for pattern: '^/?/bc-369/tx/[^/]+'
[2026-09-03 14:22:29][info][CRDTCallbackManager] Successfully unregistered new data callback for pattern: '^/?/bc-144/tx/[^/]+'
[2026-09-03 14:22:29][info][CRDTCallbackManager] Successfully unregistered deleted data callback for pattern: '^/?/bc-144/tx/[^/]+'
[2026-09-03 14:22:29][info][CRDTCallbackManager] Successfully unregistered new data callback for pattern: '^/?/bc-963/tx/[^/]+'
[2026-09-03 14:22:29][info][CRDTCallbackManager] Successfully unregistered deleted data callback for pattern: '^/?/bc-963/tx/[^/]+'
[2026-09-03 14:22:29][info][CRDTCallbackManager] Successfully unregistered new data callback for pattern: '^/?/bc-369/tx/[^/]+'
[2026-09-03 14:22:29][info][CRDTCallbackManager] Successfully unregistered deleted data callback for pattern: '^/?/bc-369/tx/[^/]+'
[2026-09-03 14:22:29][info][TransactionManager] [a6ccb383 - full: false] ~TransactionManager: Metrics — cert_fallback(success=0 failure=0) validation(approve=1 reject=0) tracking(insert=1 confirm=1 fail=0)
[2026-09-03 14:22:29][info][Blockchain] [a6ccb383] Stopping blockchain
[2026-09-03 14:22:29][info][CRDTCallbackManager] Successfully unregistered new data callback for pattern: '/?gnus-genesis-block'
[2026-09-03 14:22:29][info][CRDTCallbackManager] Successfully unregistered new data callback for pattern: '/?gnus-account-creation-.*'
[2026-09-03 14:22:29][info][CRDTCallbackManager] Successfully unregistered new data callback for pattern: '/?gnus-validator-registry'
[2026-09-03 14:22:29][debug][GlobalDB] ~GlobalDB CALLED with count 6 on multi_node_finality_fault/restart-vote-validator-three/rocksdb 
[2026-09-03 14:22:29][info][GlobalDB] GlobalDB shutdown start
[2026-09-03 14:22:29][info][CrdtDatastore] CancelAndCloseNow: begin (pending_jobs=0, self_queue=0, root_queue=0, pending_roots=0, active_root=false)
[2026-09-03 14:22:29][debug][GraphsyncDAGSyncer] Stopping Dagsyncer
[2026-09-03 14:22:29][debug][GraphsyncDAGSyncer] Dagsyncer Stopped
[2026-09-03 14:22:29.764793000][th:1239155][error] graphsync Varint Error msg=Stream: closed by remote peer
[2026-09-03 14:22:29.764796000][th:1239155][info] graphsync stream read error, peer=p4bZFJ, msg=stream is not readable
[2026-09-03 14:22:29.764849000][th:1239132][error] graphsync Varint Error msg=Stream: closed by this host
[2026-09-03 14:22:29][info][CrdtDatastore] CancelAndCloseNow: CRDT workers stopped
[2026-09-03 14:22:29][warning][CrdtDatastore] CancelAndCloseNow called but shutdown has already started
[2026-09-03 14:22:29][debug][GraphsyncDAGSyncer] ~GraphsyncDAGSyncer CALLED
[2026-09-03 14:22:29][info][GlobalDB] GlobalDB shutdown finished
[2026-09-03 14:22:29.772415000][th:1239132][error] GossipPubSub Address monitoring timer error: Operation canceled
[2026-09-03 14:22:30][info][KeyPairFileStorage] Path to keypairs multi_node_finality_fault/restart-vote-validator-three/keypair
[2026-09-03 14:22:30][info][KeyPairFileStorage] Peer ID from public key: 12D3KooWF2VARgx1pt2SfSMjtj3EpGBrFEBQmMkMnpybxFp4bZFJ
Current limits: 16384 (soft), 9223372036854775807 (hard)
New limits set successfully: 16384 (soft), 9223372036854775807 (hard)
Initialized relay addresses
[2026-09-03 14:22:30.779573000][th:1239051][info] GossipPubSub /ip4/0.0.0.0/tcp/54603/p2p/12D3KooWF2VARgx1pt2SfSMjtj3EpGBrFEBQmMkMnpybxFp4bZFJ: Starting PubSub service
[2026-09-03 14:22:30.779688000][th:1239800][info] GossipPubSub Starting address monitoring system for mobile network changes
[2026-09-03 14:22:30.779690000][th:1239800][info] GossipPubSub === CURRENT NETWORK STATE ===
[2026-09-03 14:22:30.779701000][th:1239800][info] GossipPubSub Primary listening address: /ip4/0.0.0.0/tcp/54603/p2p/12D3KooWF2VARgx1pt2SfSMjtj3EpGBrFEBQmMkMnpybxFp4bZFJ
[2026-09-03 14:22:30.779703000][th:1239800][info] GossipPubSub Host peer info addresses (0):
[2026-09-03 14:22:30.779705000][th:1239800][info] GossipPubSub Additional addresses we track (0):
[2026-09-03 14:22:30.779706000][th:1239800][info] GossipPubSub Listening addresses (1):
[2026-09-03 14:22:30.779708000][th:1239800][info] GossipPubSub   -> /ip4/0.0.0.0/tcp/54603/p2p/12D3KooWF2VARgx1pt2SfSMjtj3EpGBrFEBQmMkMnpybxFp4bZFJ
[2026-09-03 14:22:30.779709000][th:1239800][info] GossipPubSub Interface addresses (0):
[2026-09-03 14:22:30.779710000][th:1239800][info] GossipPubSub === RAW OBSERVED ADDRESS DEBUG ===
[2026-09-03 14:22:30.779713000][th:1239800][info] GossipPubSub Local address: /ip4/0.0.0.0/tcp/54603/p2p/12D3KooWF2VARgx1pt2SfSMjtj3EpGBrFEBQmMkMnpybxFp4bZFJ -> 0 raw observed, 0 activated+confirmed
[2026-09-03 14:22:30.779715000][th:1239800][info] GossipPubSub TOTAL: 0 raw observed addresses, 0 activated+confirmed addresses
[2026-09-03 14:22:30.779716000][th:1239800][info] GossipPubSub === END RAW OBSERVED ADDRESS DEBUG ===
[2026-09-03 14:22:30.779717000][th:1239800][info] GossipPubSub Observed addresses - all (0):
[2026-09-03 14:22:30.779719000][th:1239800][info] GossipPubSub Observed addresses - confirmed only (0):
[2026-09-03 14:22:30.779720000][th:1239800][info] GossipPubSub Relay addresses (0):
[2026-09-03 14:22:30.779722000][th:1239800][warning] GossipPubSub Failed to get addresses from peer repository: not found
[2026-09-03 14:22:30.779779000][th:1239800][info] GossipPubSub Found 1 valid network interfaces
[2026-09-03 14:22:30.779781000][th:1239800][info] GossipPubSub Current network interfaces (1):
[2026-09-03 14:22:30.779783000][th:1239800][info] GossipPubSub   -> 192.168.1.6
[2026-09-03 14:22:30.779784000][th:1239800][info] GossipPubSub Active connections: 0
[2026-09-03 14:22:30.779785000][th:1239800][info] GossipPubSub === PEER CONNECTION DETAILS ===
[2026-09-03 14:22:30.779786000][th:1239800][info] GossipPubSub NOTE: Observed addresses need to be seen by 4+ different peer groups to become 'activated'
[2026-09-03 14:22:30.779793000][th:1239800][info] GossipPubSub NOTE: Current connections: 0, so max possible observers: 0
[2026-09-03 14:22:30.779794000][th:1239800][info] GossipPubSub === END PEER CONNECTION DETAILS ===
[2026-09-03 14:22:30.779794000][th:1239800][info] GossipPubSub Connection manager stats:
[2026-09-03 14:22:30.779796000][th:1239800][info] GossipPubSub   -> Max connections: 1000
[2026-09-03 14:22:30.779797000][th:1239800][info] GossipPubSub   -> Current connections: 0
[2026-09-03 14:22:30.779798000][th:1239800][info] GossipPubSub === END NETWORK STATE ===
[2026-09-03 14:22:30.780002000][th:1239800][info] GossipPubSub /ip4/0.0.0.0/tcp/54603/p2p/12D3KooWF2VARgx1pt2SfSMjtj3EpGBrFEBQmMkMnpybxFp4bZFJ : PubSub service started
[2026-09-03 14:22:30][info][GlobalDB] Opening database /Users/henriqueklein/gnus/SuperGenius/multi_node_finality_fault/restart-vote-validator-three/rocksdb
[2026-09-03 14:22:30][debug][GraphsyncDAGSyncer] GraphSyncer created 5217205560 
[2026-09-03 14:22:30][info][CrdtDatastore] crdt Datastore created. Number of heads: 2 Current max-height: 18446744073709551615
[2026-09-03 14:22:30][info][GeniusAccount] Secure storage ID path: /Users/henriqueklein/gnus/SuperGenius/multi_node_finality_fault/restart-vote-validator-three/account/secure_storage_id
[2026-09-03 14:22:30][info][GeniusAccount] Loaded public key from file: a6ccb3836e0e9b04... (length: 128)
[2026-09-03 14:22:30][info][GeniusAccount] Successfully loaded key_seed from storage
[2026-09-03 14:22:30][info][GeniusAccount] Validation successful: key_seed matches stored public key
[2026-09-03 14:22:30][warning][UTXOManager] Skipping malformed UTXO key /utxo-checkpoint/a6ccb3836e0e9b0434a84aada938e15f67de5aa34d509c43411857dbe4c365a0b8da0262a638d296655a10b0d583e6dfb9e2c530fda2acced8f06c433f8f39da/1
[2026-09-03 14:22:30][warning][UTXOManager] Skipping malformed UTXO key /utxo-checkpoint/a6ccb3836e0e9b0434a84aada938e15f67de5aa34d509c43411857dbe4c365a0b8da0262a638d296655a10b0d583e6dfb9e2c530fda2acced8f06c433f8f39da/latest
[2026-09-03 14:22:30][info][Blockchain] [a6ccb383] Blockchain instance created with authorized full node: 8a33bdf1
[2026-09-03 14:22:30][info][ValidatorRegistry] InitializeCache: cache initialized with CID QmSQCFtjDvEAXnKpHmBoosxMEkepgH4S8yTDvuxU4sqJbc
[2026-09-03 14:22:30][info][CRDTCallbackManager] Successfully registered new data callback for pattern: '/?gnus-validator-registry'
[2026-09-03 14:22:30][info][ValidatorRegistry] RegisterFilter: result=true
[2026-09-03 14:22:30][info][ValidatorRegistry] New: instance ready
[2026-09-03 14:22:30.805284000][th:1239800][info] GossipPubSub /ip4/0.0.0.0/tcp/54603/p2p/12D3KooWF2VARgx1pt2SfSMjtj3EpGBrFEBQmMkMnpybxFp4bZFJ: PubSub subscribed to topic 'gnus-validator-registry.3.7.144'
[2026-09-03 14:22:30][info][CRDTCallbackManager] Successfully registered new data callback for pattern: '^/?cert/[^/]+'
[2026-09-03 14:22:30.805342000][th:1239800][info] GossipPubSub /ip4/0.0.0.0/tcp/54603/p2p/12D3KooWF2VARgx1pt2SfSMjtj3EpGBrFEBQmMkMnpybxFp4bZFJ: PubSub subscribed to topic 'consensus-channel-.3.7.144'
[2026-09-03 14:22:30.805365000][th:1239800][info] GossipPubSub /ip4/0.0.0.0/tcp/54603/p2p/12D3KooWF2VARgx1pt2SfSMjtj3EpGBrFEBQmMkMnpybxFp4bZFJ: PubSub subscribed to topic 'consensus-channel-.3.7.144#datastore.3.7.144'
[2026-09-03 14:22:30][info][CRDTCallbackManager] Successfully registered new data callback for pattern: '/?gnus-genesis-block'
[2026-09-03 14:22:30][info][CRDTCallbackManager] Successfully registered new data callback for pattern: '/?gnus-account-creation-.*'
[2026-09-03 14:22:30][info][CRDTCallbackManager] Successfully registered new data callback for pattern: '^/?/bc-144/tx/[^/]+'
[2026-09-03 14:22:30][info][CRDTCallbackManager] Successfully registered deleted data callback for pattern: '^/?/bc-144/tx/[^/]+'
[2026-09-03 14:22:30][info][CRDTCallbackManager] Successfully registered new data callback for pattern: '^/?/bc-963/tx/[^/]+'
[2026-09-03 14:22:30][info][CRDTCallbackManager] Successfully registered deleted data callback for pattern: '^/?/bc-963/tx/[^/]+'
[2026-09-03 14:22:30][info][CRDTCallbackManager] Successfully registered new data callback for pattern: '^/?/bc-369/tx/[^/]+'
[2026-09-03 14:22:30][info][CRDTCallbackManager] Successfully registered deleted data callback for pattern: '^/?/bc-369/tx/[^/]+'
[2026-09-03 14:22:30][info][CRDTCallbackManager] Successfully unregistered new data callback for pattern: '^/?/bc-144/tx/[^/]+'
[2026-09-03 14:22:30][info][CRDTCallbackManager] Successfully unregistered deleted data callback for pattern: '^/?/bc-144/tx/[^/]+'
[2026-09-03 14:22:30][info][CRDTCallbackManager] Successfully unregistered new data callback for pattern: '^/?/bc-963/tx/[^/]+'
[2026-09-03 14:22:30][info][CRDTCallbackManager] Successfully unregistered deleted data callback for pattern: '^/?/bc-963/tx/[^/]+'
[2026-09-03 14:22:30][info][CRDTCallbackManager] Successfully unregistered new data callback for pattern: '^/?/bc-369/tx/[^/]+'
[2026-09-03 14:22:30][info][CRDTCallbackManager] Successfully unregistered deleted data callback for pattern: '^/?/bc-369/tx/[^/]+'
[2026-09-03 14:22:30][info][TransactionManager] [8aff4daf - full: false] ~TransactionManager: Metrics — cert_fallback(success=0 failure=0) validation(approve=1 reject=0) tracking(insert=1 confirm=1 fail=0)
[2026-09-03 14:22:30][info][Blockchain] [8aff4daf] Stopping blockchain
[2026-09-03 14:22:30][info][CRDTCallbackManager] Successfully unregistered new data callback for pattern: '/?gnus-genesis-block'
[2026-09-03 14:22:30][info][CRDTCallbackManager] Successfully unregistered new data callback for pattern: '/?gnus-account-creation-.*'
[2026-09-03 14:22:30][info][CRDTCallbackManager] Successfully unregistered new data callback for pattern: '/?gnus-validator-registry'
[2026-09-03 14:22:30][debug][GlobalDB] ~GlobalDB CALLED with count 6 on multi_node_finality_fault/restart-vote-passive/rocksdb 
[2026-09-03 14:22:30][info][GlobalDB] GlobalDB shutdown start
[2026-09-03 14:22:30][info][CrdtDatastore] CancelAndCloseNow: begin (pending_jobs=1, self_queue=0, root_queue=0, pending_roots=0, active_root=false)
[2026-09-03 14:22:30][debug][GraphsyncDAGSyncer] Stopping Dagsyncer
[2026-09-03 14:22:30][debug][GraphsyncDAGSyncer] Dagsyncer Stopped
[2026-09-03 14:22:30][info][CrdtDatastore] CancelAndCloseNow: CRDT workers stopped
[2026-09-03 14:22:30][warning][CrdtDatastore] CancelAndCloseNow called but shutdown has already started
[2026-09-03 14:22:30][debug][GraphsyncDAGSyncer] ~GraphsyncDAGSyncer CALLED
[2026-09-03 14:22:30][info][GlobalDB] GlobalDB shutdown finished
[2026-09-03 14:22:30.819168000][th:1239155][error] GossipPubSub Address monitoring timer error: Operation canceled
[2026-09-03 14:22:31][info][KeyPairFileStorage] Path to keypairs multi_node_finality_fault/restart-vote-passive/keypair
[2026-09-03 14:22:31][info][KeyPairFileStorage] Peer ID from public key: 12D3KooWBAuiUXBkTJcjx4rQzzn7MrZAS1S5FNq2svCH3TjoLyjF
Current limits: 16384 (soft), 9223372036854775807 (hard)
New limits set successfully: 16384 (soft), 9223372036854775807 (hard)
Initialized relay addresses
[2026-09-03 14:22:31.827114000][th:1239051][info] GossipPubSub /ip4/0.0.0.0/tcp/54604/p2p/12D3KooWBAuiUXBkTJcjx4rQzzn7MrZAS1S5FNq2svCH3TjoLyjF: Starting PubSub service
[2026-09-03 14:22:31.827258000][th:1239828][info] GossipPubSub Starting address monitoring system for mobile network changes
[2026-09-03 14:22:31.827261000][th:1239828][info] GossipPubSub === CURRENT NETWORK STATE ===
[2026-09-03 14:22:31.827277000][th:1239828][info] GossipPubSub Primary listening address: /ip4/0.0.0.0/tcp/54604/p2p/12D3KooWBAuiUXBkTJcjx4rQzzn7MrZAS1S5FNq2svCH3TjoLyjF
[2026-09-03 14:22:31.827280000][th:1239828][info] GossipPubSub Host peer info addresses (0):
[2026-09-03 14:22:31.827282000][th:1239828][info] GossipPubSub Additional addresses we track (0):
[2026-09-03 14:22:31.827283000][th:1239828][info] GossipPubSub Listening addresses (1):
[2026-09-03 14:22:31.827285000][th:1239828][info] GossipPubSub   -> /ip4/0.0.0.0/tcp/54604/p2p/12D3KooWBAuiUXBkTJcjx4rQzzn7MrZAS1S5FNq2svCH3TjoLyjF
[2026-09-03 14:22:31.827286000][th:1239828][info] GossipPubSub Interface addresses (0):
[2026-09-03 14:22:31.827287000][th:1239828][info] GossipPubSub === RAW OBSERVED ADDRESS DEBUG ===
[2026-09-03 14:22:31.827291000][th:1239828][info] GossipPubSub Local address: /ip4/0.0.0.0/tcp/54604/p2p/12D3KooWBAuiUXBkTJcjx4rQzzn7MrZAS1S5FNq2svCH3TjoLyjF -> 0 raw observed, 0 activated+confirmed
[2026-09-03 14:22:31.827294000][th:1239828][info] GossipPubSub TOTAL: 0 raw observed addresses, 0 activated+confirmed addresses
[2026-09-03 14:22:31.827295000][th:1239828][info] GossipPubSub === END RAW OBSERVED ADDRESS DEBUG ===
[2026-09-03 14:22:31.827296000][th:1239828][info] GossipPubSub Observed addresses - all (0):
[2026-09-03 14:22:31.827297000][th:1239828][info] GossipPubSub Observed addresses - confirmed only (0):
[2026-09-03 14:22:31.827299000][th:1239828][info] GossipPubSub Relay addresses (0):
[2026-09-03 14:22:31.827303000][th:1239828][warning] GossipPubSub Failed to get addresses from peer repository: not found
[2026-09-03 14:22:31.827372000][th:1239828][info] GossipPubSub Found 1 valid network interfaces
[2026-09-03 14:22:31.827375000][th:1239828][info] GossipPubSub Current network interfaces (1):
[2026-09-03 14:22:31.827377000][th:1239828][info] GossipPubSub   -> 192.168.1.6
[2026-09-03 14:22:31.827379000][th:1239828][info] GossipPubSub Active connections: 0
[2026-09-03 14:22:31.827380000][th:1239828][info] GossipPubSub === PEER CONNECTION DETAILS ===
[2026-09-03 14:22:31.827381000][th:1239828][info] GossipPubSub NOTE: Observed addresses need to be seen by 4+ different peer groups to become 'activated'
[2026-09-03 14:22:31.827383000][th:1239828][info] GossipPubSub NOTE: Current connections: 0, so max possible observers: 0
[2026-09-03 14:22:31.827384000][th:1239828][info] GossipPubSub === END PEER CONNECTION DETAILS ===
[2026-09-03 14:22:31.827385000][th:1239828][info] GossipPubSub Connection manager stats:
[2026-09-03 14:22:31.827387000][th:1239828][info] GossipPubSub   -> Max connections: 1000
[2026-09-03 14:22:31.827388000][th:1239828][info] GossipPubSub   -> Current connections: 0
[2026-09-03 14:22:31.827396000][th:1239828][info] GossipPubSub === END NETWORK STATE ===
[2026-09-03 14:22:31.827673000][th:1239828][info] GossipPubSub /ip4/0.0.0.0/tcp/54604/p2p/12D3KooWBAuiUXBkTJcjx4rQzzn7MrZAS1S5FNq2svCH3TjoLyjF : PubSub service started
[2026-09-03 14:22:31][info][GlobalDB] Opening database /Users/henriqueklein/gnus/SuperGenius/multi_node_finality_fault/restart-vote-passive/rocksdb
[2026-09-03 14:22:31][debug][GraphsyncDAGSyncer] GraphSyncer created 5217218568 
[2026-09-03 14:22:31][info][CrdtDatastore] crdt Datastore created. Number of heads: 2 Current max-height: 18446744073709551615
[2026-09-03 14:22:31][info][GeniusAccount] Secure storage ID path: /Users/henriqueklein/gnus/SuperGenius/multi_node_finality_fault/restart-vote-passive/account/secure_storage_id
[2026-09-03 14:22:31][info][GeniusAccount] Loaded public key from file: 8aff4dafc2769cac... (length: 128)
[2026-09-03 14:22:31][info][GeniusAccount] Successfully loaded key_seed from storage
[2026-09-03 14:22:31][info][GeniusAccount] Validation successful: key_seed matches stored public key
[2026-09-03 14:22:31][warning][UTXOManager] Skipping malformed UTXO key /utxo-checkpoint/8aff4dafc2769cac8fb990f82d00d975310d41fcc62a8848f750c4476dda34b952e286d8035ce95fc03e8956728bc183087c76817c656ada0da7356b8824f4e2/1
[2026-09-03 14:22:31][warning][UTXOManager] Skipping malformed UTXO key /utxo-checkpoint/8aff4dafc2769cac8fb990f82d00d975310d41fcc62a8848f750c4476dda34b952e286d8035ce95fc03e8956728bc183087c76817c656ada0da7356b8824f4e2/latest
[2026-09-03 14:22:31][info][Blockchain] [8aff4daf] Blockchain instance created with authorized full node: 8a33bdf1
[2026-09-03 14:22:31][info][ValidatorRegistry] InitializeCache: cache initialized with CID QmSQCFtjDvEAXnKpHmBoosxMEkepgH4S8yTDvuxU4sqJbc
[2026-09-03 14:22:31][info][CRDTCallbackManager] Successfully registered new data callback for pattern: '/?gnus-validator-registry'
[2026-09-03 14:22:31][info][ValidatorRegistry] RegisterFilter: result=true
[2026-09-03 14:22:31][info][ValidatorRegistry] New: instance ready
[2026-09-03 14:22:31.860013000][th:1239828][info] GossipPubSub /ip4/0.0.0.0/tcp/54604/p2p/12D3KooWBAuiUXBkTJcjx4rQzzn7MrZAS1S5FNq2svCH3TjoLyjF: PubSub subscribed to topic 'gnus-validator-registry.3.7.144'
[2026-09-03 14:22:31][info][CRDTCallbackManager] Successfully registered new data callback for pattern: '^/?cert/[^/]+'
[2026-09-03 14:22:31.860053000][th:1239828][info] GossipPubSub /ip4/0.0.0.0/tcp/54604/p2p/12D3KooWBAuiUXBkTJcjx4rQzzn7MrZAS1S5FNq2svCH3TjoLyjF: PubSub subscribed to topic 'consensus-channel-.3.7.144'
[2026-09-03 14:22:31.860081000][th:1239828][info] GossipPubSub /ip4/0.0.0.0/tcp/54604/p2p/12D3KooWBAuiUXBkTJcjx4rQzzn7MrZAS1S5FNq2svCH3TjoLyjF: PubSub subscribed to topic 'consensus-channel-.3.7.144#datastore.3.7.144'
[2026-09-03 14:22:31][info][CRDTCallbackManager] Successfully registered new data callback for pattern: '/?gnus-genesis-block'
[2026-09-03 14:22:31][info][CRDTCallbackManager] Successfully registered new data callback for pattern: '/?gnus-account-creation-.*'
[2026-09-03 14:22:31][info][CRDTCallbackManager] Successfully registered new data callback for pattern: '^/?/bc-144/tx/[^/]+'
[2026-09-03 14:22:31][info][CRDTCallbackManager] Successfully registered deleted data callback for pattern: '^/?/bc-144/tx/[^/]+'
[2026-09-03 14:22:31][info][CRDTCallbackManager] Successfully registered new data callback for pattern: '^/?/bc-963/tx/[^/]+'
[2026-09-03 14:22:31][info][CRDTCallbackManager] Successfully registered deleted data callback for pattern: '^/?/bc-963/tx/[^/]+'
[2026-09-03 14:22:31][info][CRDTCallbackManager] Successfully registered new data callback for pattern: '^/?/bc-369/tx/[^/]+'
[2026-09-03 14:22:31][info][CRDTCallbackManager] Successfully registered deleted data callback for pattern: '^/?/bc-369/tx/[^/]+'
[2026-09-03 14:22:31.860338000][th:1239653][info] GossipPubSub Adding new peer: 12D3KooWGFr5mKXFwhETk2yyF8SPBh8D2vmodbSdbr17KSm2kC8N
[2026-09-03 14:22:31.860428000][th:1239653][info] GossipPubSub Adding new peer: 12D3KooWF2VARgx1pt2SfSMjtj3EpGBrFEBQmMkMnpybxFp4bZFJ
[2026-09-03 14:22:31.860549000][th:1239653][info] GossipPubSub Adding new peer: 12D3KooWBAuiUXBkTJcjx4rQzzn7MrZAS1S5FNq2svCH3TjoLyjF
[2026-09-03 14:22:31.860581000][th:1239775][info] GossipPubSub Adding new peer: 12D3KooWLJ1ddPEihNW7TSSwUYb9YRgfxgCzv9prowDtHLGPv87T
[2026-09-03 14:22:31.860757000][th:1239800][info] GossipPubSub Adding new peer: 12D3KooWLJ1ddPEihNW7TSSwUYb9YRgfxgCzv9prowDtHLGPv87T
[2026-09-03 14:22:31.860827000][th:1239775][info] GossipPubSub Adding new peer: 12D3KooWF2VARgx1pt2SfSMjtj3EpGBrFEBQmMkMnpybxFp4bZFJ
[2026-09-03 14:22:31.860886000][th:1239800][info] GossipPubSub Adding new peer: 12D3KooWGFr5mKXFwhETk2yyF8SPBh8D2vmodbSdbr17KSm2kC8N
[2026-09-03 14:22:31.860904000][th:1239775][info] GossipPubSub Adding new peer: 12D3KooWBAuiUXBkTJcjx4rQzzn7MrZAS1S5FNq2svCH3TjoLyjF
[2026-09-03 14:22:31.860964000][th:1239800][info] GossipPubSub Adding new peer: 12D3KooWBAuiUXBkTJcjx4rQzzn7MrZAS1S5FNq2svCH3TjoLyjF
[2026-09-03 14:22:31.861029000][th:1239828][info] GossipPubSub Adding new peer: 12D3KooWLJ1ddPEihNW7TSSwUYb9YRgfxgCzv9prowDtHLGPv87T
[2026-09-03 14:22:31.861098000][th:1239828][info] GossipPubSub Adding new peer: 12D3KooWGFr5mKXFwhETk2yyF8SPBh8D2vmodbSdbr17KSm2kC8N
[2026-09-03 14:22:31.861208000][th:1239828][info] GossipPubSub Adding new peer: 12D3KooWF2VARgx1pt2SfSMjtj3EpGBrFEBQmMkMnpybxFp4bZFJ
[2026-09-03 14:22:31][info][CRDTCallbackManager] Successfully unregistered new data callback for pattern: '^/?/bc-144/tx/[^/]+'
[2026-09-03 14:22:31][info][CRDTCallbackManager] Successfully unregistered deleted data callback for pattern: '^/?/bc-144/tx/[^/]+'
[2026-09-03 14:22:31][info][CRDTCallbackManager] Successfully unregistered new data callback for pattern: '^/?/bc-963/tx/[^/]+'
[2026-09-03 14:22:31][info][CRDTCallbackManager] Successfully unregistered deleted data callback for pattern: '^/?/bc-963/tx/[^/]+'
[2026-09-03 14:22:31][info][CRDTCallbackManager] Successfully unregistered new data callback for pattern: '^/?/bc-369/tx/[^/]+'
[2026-09-03 14:22:31][info][CRDTCallbackManager] Successfully unregistered deleted data callback for pattern: '^/?/bc-369/tx/[^/]+'
[2026-09-03 14:22:31][info][TransactionManager] [3095e715 - full: false] ~TransactionManager: Metrics — cert_fallback(success=0 failure=0) validation(approve=0 reject=0) tracking(insert=0 confirm=0 fail=0)
[2026-09-03 14:22:31][info][Blockchain] [3095e715] Stopping blockchain
[2026-09-03 14:22:31][info][CRDTCallbackManager] Successfully unregistered new data callback for pattern: '/?gnus-genesis-block'
[2026-09-03 14:22:31][info][CRDTCallbackManager] Successfully unregistered new data callback for pattern: '/?gnus-account-creation-.*'
[2026-09-03 14:22:31][info][CRDTCallbackManager] Successfully unregistered new data callback for pattern: '/?gnus-validator-registry'
[2026-09-03 14:22:31][debug][GlobalDB] ~GlobalDB CALLED with count 6 on multi_node_finality_fault/restart-vote-validator-one/rocksdb 
[2026-09-03 14:22:31][info][GlobalDB] GlobalDB shutdown start
[2026-09-03 14:22:31][info][CrdtDatastore] CancelAndCloseNow: begin (pending_jobs=0, self_queue=0, root_queue=0, pending_roots=0, active_root=false)
[2026-09-03 14:22:31][debug][GraphsyncDAGSyncer] Stopping Dagsyncer
[2026-09-03 14:22:31][debug][GraphsyncDAGSyncer] Dagsyncer Stopped
[2026-09-03 14:22:32][info][CrdtDatastore] CancelAndCloseNow: CRDT workers stopped
[2026-09-03 14:22:32][warning][CrdtDatastore] CancelAndCloseNow called but shutdown has already started
[2026-09-03 14:22:32][debug][GraphsyncDAGSyncer] ~GraphsyncDAGSyncer CALLED
[2026-09-03 14:22:32][info][GlobalDB] GlobalDB shutdown finished
[2026-09-03 14:22:32.270315000][th:1239653][error] GossipPubSub Address monitoring timer error: Operation canceled
[2026-09-03 14:22:33][info][CRDTCallbackManager] Successfully unregistered new data callback for pattern: '^/?/bc-144/tx/[^/]+'
[2026-09-03 14:22:33][info][CRDTCallbackManager] Successfully unregistered deleted data callback for pattern: '^/?/bc-144/tx/[^/]+'
[2026-09-03 14:22:33][info][CRDTCallbackManager] Successfully unregistered new data callback for pattern: '^/?/bc-963/tx/[^/]+'
[2026-09-03 14:22:33][info][CRDTCallbackManager] Successfully unregistered deleted data callback for pattern: '^/?/bc-963/tx/[^/]+'
[2026-09-03 14:22:33][info][CRDTCallbackManager] Successfully unregistered new data callback for pattern: '^/?/bc-369/tx/[^/]+'
[2026-09-03 14:22:33][info][CRDTCallbackManager] Successfully unregistered deleted data callback for pattern: '^/?/bc-369/tx/[^/]+'
[2026-09-03 14:22:33][info][TransactionManager] [e51f2eb1 - full: false] ~TransactionManager: Metrics — cert_fallback(success=0 failure=0) validation(approve=0 reject=0) tracking(insert=0 confirm=0 fail=0)
[2026-09-03 14:22:33][info][Blockchain] [e51f2eb1] Stopping blockchain
[2026-09-03 14:22:33][info][CRDTCallbackManager] Successfully unregistered new data callback for pattern: '/?gnus-genesis-block'
[2026-09-03 14:22:33][info][CRDTCallbackManager] Successfully unregistered new data callback for pattern: '/?gnus-account-creation-.*'
[2026-09-03 14:22:33][info][CRDTCallbackManager] Successfully unregistered new data callback for pattern: '/?gnus-validator-registry'
[2026-09-03 14:22:33][debug][GlobalDB] ~GlobalDB CALLED with count 6 on multi_node_finality_fault/restart-vote-validator-two/rocksdb 
[2026-09-03 14:22:33][info][GlobalDB] GlobalDB shutdown start
[2026-09-03 14:22:33][info][CrdtDatastore] CancelAndCloseNow: begin (pending_jobs=0, self_queue=0, root_queue=0, pending_roots=0, active_root=false)
[2026-09-03 14:22:33][debug][GraphsyncDAGSyncer] Stopping Dagsyncer
[2026-09-03 14:22:33][debug][GraphsyncDAGSyncer] Dagsyncer Stopped
[2026-09-03 14:22:33][info][CrdtDatastore] CancelAndCloseNow: CRDT workers stopped
[2026-09-03 14:22:33][warning][CrdtDatastore] CancelAndCloseNow called but shutdown has already started
[2026-09-03 14:22:33][debug][GraphsyncDAGSyncer] ~GraphsyncDAGSyncer CALLED
[2026-09-03 14:22:33][info][GlobalDB] GlobalDB shutdown finished
[2026-09-03 14:22:33.288904000][th:1239775][error] GossipPubSub Address monitoring timer error: Operation canceled
[2026-09-03 14:22:34][info][CRDTCallbackManager] Successfully unregistered new data callback for pattern: '^/?/bc-144/tx/[^/]+'
[2026-09-03 14:22:34][info][CRDTCallbackManager] Successfully unregistered deleted data callback for pattern: '^/?/bc-144/tx/[^/]+'
[2026-09-03 14:22:34][info][CRDTCallbackManager] Successfully unregistered new data callback for pattern: '^/?/bc-963/tx/[^/]+'
[2026-09-03 14:22:34][info][CRDTCallbackManager] Successfully unregistered deleted data callback for pattern: '^/?/bc-963/tx/[^/]+'
[2026-09-03 14:22:34][info][CRDTCallbackManager] Successfully unregistered new data callback for pattern: '^/?/bc-369/tx/[^/]+'
[2026-09-03 14:22:34][info][CRDTCallbackManager] Successfully unregistered deleted data callback for pattern: '^/?/bc-369/tx/[^/]+'
[2026-09-03 14:22:34][info][TransactionManager] [a6ccb383 - full: false] ~TransactionManager: Metrics — cert_fallback(success=0 failure=0) validation(approve=0 reject=0) tracking(insert=0 confirm=0 fail=0)
[2026-09-03 14:22:34][info][Blockchain] [a6ccb383] Stopping blockchain
[2026-09-03 14:22:34][info][CRDTCallbackManager] Successfully unregistered new data callback for pattern: '/?gnus-genesis-block'
[2026-09-03 14:22:34][info][CRDTCallbackManager] Successfully unregistered new data callback for pattern: '/?gnus-account-creation-.*'
[2026-09-03 14:22:34][info][CRDTCallbackManager] Successfully unregistered new data callback for pattern: '/?gnus-validator-registry'
[2026-09-03 14:22:34][debug][GlobalDB] ~GlobalDB CALLED with count 6 on multi_node_finality_fault/restart-vote-validator-three/rocksdb 
[2026-09-03 14:22:34][info][GlobalDB] GlobalDB shutdown start
[2026-09-03 14:22:34][info][CrdtDatastore] CancelAndCloseNow: begin (pending_jobs=0, self_queue=0, root_queue=0, pending_roots=0, active_root=false)
[2026-09-03 14:22:34][debug][GraphsyncDAGSyncer] Stopping Dagsyncer
[2026-09-03 14:22:34][debug][GraphsyncDAGSyncer] Dagsyncer Stopped
[2026-09-03 14:22:34][info][CrdtDatastore] CancelAndCloseNow: CRDT workers stopped
[2026-09-03 14:22:34][warning][CrdtDatastore] CancelAndCloseNow called but shutdown has already started
[2026-09-03 14:22:34][debug][GraphsyncDAGSyncer] ~GraphsyncDAGSyncer CALLED
[2026-09-03 14:22:34][info][GlobalDB] GlobalDB shutdown finished
[2026-09-03 14:22:34.322843000][th:1239800][error] GossipPubSub Address monitoring timer error: Operation canceled
[2026-09-03 14:22:35][info][CRDTCallbackManager] Successfully unregistered new data callback for pattern: '^/?/bc-144/tx/[^/]+'
[2026-09-03 14:22:35][info][CRDTCallbackManager] Successfully unregistered deleted data callback for pattern: '^/?/bc-144/tx/[^/]+'
[2026-09-03 14:22:35][info][CRDTCallbackManager] Successfully unregistered new data callback for pattern: '^/?/bc-963/tx/[^/]+'
[2026-09-03 14:22:35][info][CRDTCallbackManager] Successfully unregistered deleted data callback for pattern: '^/?/bc-963/tx/[^/]+'
[2026-09-03 14:22:35][info][CRDTCallbackManager] Successfully unregistered new data callback for pattern: '^/?/bc-369/tx/[^/]+'
[2026-09-03 14:22:35][info][CRDTCallbackManager] Successfully unregistered deleted data callback for pattern: '^/?/bc-369/tx/[^/]+'
[2026-09-03 14:22:35][info][TransactionManager] [8aff4daf - full: false] ~TransactionManager: Metrics — cert_fallback(success=0 failure=0) validation(approve=0 reject=0) tracking(insert=0 confirm=0 fail=0)
[2026-09-03 14:22:35][info][Blockchain] [8aff4daf] Stopping blockchain
[2026-09-03 14:22:35][info][CRDTCallbackManager] Successfully unregistered new data callback for pattern: '/?gnus-genesis-block'
[2026-09-03 14:22:35][info][CRDTCallbackManager] Successfully unregistered new data callback for pattern: '/?gnus-account-creation-.*'
[2026-09-03 14:22:35][info][CRDTCallbackManager] Successfully unregistered new data callback for pattern: '/?gnus-validator-registry'
[2026-09-03 14:22:35][debug][GlobalDB] ~GlobalDB CALLED with count 6 on multi_node_finality_fault/restart-vote-passive/rocksdb 
[2026-09-03 14:22:35][info][GlobalDB] GlobalDB shutdown start
[2026-09-03 14:22:35][info][CrdtDatastore] CancelAndCloseNow: begin (pending_jobs=0, self_queue=0, root_queue=0, pending_roots=0, active_root=false)
[2026-09-03 14:22:35][debug][GraphsyncDAGSyncer] Stopping Dagsyncer
[2026-09-03 14:22:35][debug][GraphsyncDAGSyncer] Dagsyncer Stopped
[2026-09-03 14:22:35][info][CrdtDatastore] CancelAndCloseNow: CRDT workers stopped
[2026-09-03 14:22:35][warning][CrdtDatastore] CancelAndCloseNow called but shutdown has already started
[2026-09-03 14:22:35][debug][GraphsyncDAGSyncer] ~GraphsyncDAGSyncer CALLED
[2026-09-03 14:22:35][info][GlobalDB] GlobalDB shutdown finished
[2026-09-03 14:22:35.390524000][th:1239828][error] GossipPubSub Address monitoring timer error: Operation canceled
[2026-09-03 14:22:36][info][KeyPairFileStorage] Path to keypairs multi_node_finality_fault/restart-certificate-validator-one/keypair
[2026-09-03 14:22:36][info][KeyPairFileStorage] Peer ID from public key: 12D3KooWKaTWpkf4PyVdbhHygC6AzmhEZ3XYxGp6HcuCj4t1E47C
Current limits: 16384 (soft), 9223372036854775807 (hard)
New limits set successfully: 16384 (soft), 9223372036854775807 (hard)
Initialized relay addresses
[2026-09-03 14:22:36.400559000][th:1239051][info] GossipPubSub /ip4/0.0.0.0/tcp/54611/p2p/12D3KooWKaTWpkf4PyVdbhHygC6AzmhEZ3XYxGp6HcuCj4t1E47C: Starting PubSub service
[2026-09-03 14:22:36.400668000][th:1239989][info] GossipPubSub Starting address monitoring system for mobile network changes
[2026-09-03 14:22:36.400670000][th:1239989][info] GossipPubSub === CURRENT NETWORK STATE ===
[2026-09-03 14:22:36.400680000][th:1239989][info] GossipPubSub Primary listening address: /ip4/0.0.0.0/tcp/54611/p2p/12D3KooWKaTWpkf4PyVdbhHygC6AzmhEZ3XYxGp6HcuCj4t1E47C
[2026-09-03 14:22:36.400682000][th:1239989][info] GossipPubSub Host peer info addresses (0):
[2026-09-03 14:22:36.400683000][th:1239989][info] GossipPubSub Additional addresses we track (0):
[2026-09-03 14:22:36.400684000][th:1239989][info] GossipPubSub Listening addresses (1):
[2026-09-03 14:22:36.400686000][th:1239989][info] GossipPubSub   -> /ip4/0.0.0.0/tcp/54611/p2p/12D3KooWKaTWpkf4PyVdbhHygC6AzmhEZ3XYxGp6HcuCj4t1E47C
[2026-09-03 14:22:36.400687000][th:1239989][info] GossipPubSub Interface addresses (0):
[2026-09-03 14:22:36.400688000][th:1239989][info] GossipPubSub === RAW OBSERVED ADDRESS DEBUG ===
[2026-09-03 14:22:36.400691000][th:1239989][info] GossipPubSub Local address: /ip4/0.0.0.0/tcp/54611/p2p/12D3KooWKaTWpkf4PyVdbhHygC6AzmhEZ3XYxGp6HcuCj4t1E47C -> 0 raw observed, 0 activated+confirmed
[2026-09-03 14:22:36.400693000][th:1239989][info] GossipPubSub TOTAL: 0 raw observed addresses, 0 activated+confirmed addresses
[2026-09-03 14:22:36.400693000][th:1239989][info] GossipPubSub === END RAW OBSERVED ADDRESS DEBUG ===
[2026-09-03 14:22:36.400694000][th:1239989][info] GossipPubSub Observed addresses - all (0):
[2026-09-03 14:22:36.400695000][th:1239989][info] GossipPubSub Observed addresses - confirmed only (0):
[2026-09-03 14:22:36.400696000][th:1239989][info] GossipPubSub Relay addresses (0):
[2026-09-03 14:22:36.400699000][th:1239989][warning] GossipPubSub Failed to get addresses from peer repository: not found
[2026-09-03 14:22:36.400752000][th:1239989][info] GossipPubSub Found 1 valid network interfaces
[2026-09-03 14:22:36.400754000][th:1239989][info] GossipPubSub Current network interfaces (1):
[2026-09-03 14:22:36.400755000][th:1239989][info] GossipPubSub   -> 192.168.1.6
[2026-09-03 14:22:36.400756000][th:1239989][info] GossipPubSub Active connections: 0
[2026-09-03 14:22:36.400757000][th:1239989][info] GossipPubSub === PEER CONNECTION DETAILS ===
[2026-09-03 14:22:36.400758000][th:1239989][info] GossipPubSub NOTE: Observed addresses need to be seen by 4+ different peer groups to become 'activated'
[2026-09-03 14:22:36.400759000][th:1239989][info] GossipPubSub NOTE: Current connections: 0, so max possible observers: 0
[2026-09-03 14:22:36.400760000][th:1239989][info] GossipPubSub === END PEER CONNECTION DETAILS ===
[2026-09-03 14:22:36.400761000][th:1239989][info] GossipPubSub Connection manager stats:
[2026-09-03 14:22:36.400762000][th:1239989][info] GossipPubSub   -> Max connections: 1000
[2026-09-03 14:22:36.400763000][th:1239989][info] GossipPubSub   -> Current connections: 0
[2026-09-03 14:22:36.400763000][th:1239989][info] GossipPubSub === END NETWORK STATE ===
[2026-09-03 14:22:36.400967000][th:1239989][info] GossipPubSub /ip4/0.0.0.0/tcp/54611/p2p/12D3KooWKaTWpkf4PyVdbhHygC6AzmhEZ3XYxGp6HcuCj4t1E47C : PubSub service started
[2026-09-03 14:22:36][info][GlobalDB] Opening database /Users/henriqueklein/gnus/SuperGenius/multi_node_finality_fault/restart-certificate-validator-one/rocksdb
[2026-09-03 14:22:36][debug][GraphsyncDAGSyncer] GraphSyncer created 5215748600 
[2026-09-03 14:22:36][info][CrdtDatastore] crdt Datastore created. Number of heads: 0 Current max-height: 0
[2026-09-03 14:22:36][info][GeniusAccount] Secure storage ID path: /Users/henriqueklein/gnus/SuperGenius/multi_node_finality_fault/restart-certificate-validator-one/account/secure_storage_id
[2026-09-03 14:22:36][error][GeniusAccount] Could not find existing Genius address, generating one from a random mnemonic
[2026-09-03 14:22:36][warning][UTXOManager] Found UTXOs in storage, but there were none
[2026-09-03 14:22:36][info][Blockchain] [824e9c66] Blockchain instance created with authorized full node: 8a33bdf1
[2026-09-03 14:22:36][error][ValidatorRegistry] InitializeCache: registry content not found during cache init
[2026-09-03 14:22:36][info][CRDTCallbackManager] Successfully registered new data callback for pattern: '/?gnus-validator-registry'
[2026-09-03 14:22:36][info][ValidatorRegistry] RegisterFilter: result=true
[2026-09-03 14:22:36][info][ValidatorRegistry] New: instance ready
[2026-09-03 14:22:36.448522000][th:1239989][info] GossipPubSub /ip4/0.0.0.0/tcp/54611/p2p/12D3KooWKaTWpkf4PyVdbhHygC6AzmhEZ3XYxGp6HcuCj4t1E47C: PubSub subscribed to topic 'gnus-validator-registry.3.7.144'
[2026-09-03 14:22:36][info][CRDTCallbackManager] Successfully registered new data callback for pattern: '^/?cert/[^/]+'
[2026-09-03 14:22:36.448553000][th:1239989][info] GossipPubSub /ip4/0.0.0.0/tcp/54611/p2p/12D3KooWKaTWpkf4PyVdbhHygC6AzmhEZ3XYxGp6HcuCj4t1E47C: PubSub subscribed to topic 'consensus-channel-.3.7.144'
[2026-09-03 14:22:36][warning][Blockchain] [824e9c66] Failed to request validator registry during blockchain init
[2026-09-03 14:22:36.448621000][th:1239989][info] GossipPubSub /ip4/0.0.0.0/tcp/54611/p2p/12D3KooWKaTWpkf4PyVdbhHygC6AzmhEZ3XYxGp6HcuCj4t1E47C: PubSub subscribed to topic 'consensus-channel-.3.7.144#datastore.3.7.144'
[2026-09-03 14:22:36][info][CRDTCallbackManager] Successfully registered new data callback for pattern: '/?gnus-genesis-block'
[2026-09-03 14:22:36][info][CRDTCallbackManager] Successfully registered new data callback for pattern: '/?gnus-account-creation-.*'
[2026-09-03 14:22:36][info][CRDTCallbackManager] Successfully registered new data callback for pattern: '^/?/bc-144/tx/[^/]+'
[2026-09-03 14:22:36][info][CRDTCallbackManager] Successfully registered deleted data callback for pattern: '^/?/bc-144/tx/[^/]+'
[2026-09-03 14:22:36][info][CRDTCallbackManager] Successfully registered new data callback for pattern: '^/?/bc-963/tx/[^/]+'
[2026-09-03 14:22:36][info][CRDTCallbackManager] Successfully registered deleted data callback for pattern: '^/?/bc-963/tx/[^/]+'
[2026-09-03 14:22:36][info][CRDTCallbackManager] Successfully registered new data callback for pattern: '^/?/bc-369/tx/[^/]+'
[2026-09-03 14:22:36][info][CRDTCallbackManager] Successfully registered deleted data callback for pattern: '^/?/bc-369/tx/[^/]+'
[2026-09-03 14:22:36][info][KeyPairFileStorage] Path to keypairs multi_node_finality_fault/restart-certificate-validator-two/keypair
[2026-09-03 14:22:36][info][KeyPairFileStorage] Peer ID from public key: 12D3KooWNyN6UakBK1R51zuGVoSNd4D7uFgqQ9kumf2m214VDeVq
Current limits: 16384 (soft), 9223372036854775807 (hard)
New limits set successfully: 16384 (soft), 9223372036854775807 (hard)
Initialized relay addresses
[2026-09-03 14:22:36.451025000][th:1239051][info] GossipPubSub /ip4/0.0.0.0/tcp/54612/p2p/12D3KooWNyN6UakBK1R51zuGVoSNd4D7uFgqQ9kumf2m214VDeVq: Starting PubSub service
[2026-09-03 14:22:36.451091000][th:1240010][info] GossipPubSub Starting address monitoring system for mobile network changes
[2026-09-03 14:22:36.451094000][th:1240010][info] GossipPubSub === CURRENT NETWORK STATE ===
[2026-09-03 14:22:36.451102000][th:1240010][info] GossipPubSub Primary listening address: /ip4/0.0.0.0/tcp/54612/p2p/12D3KooWNyN6UakBK1R51zuGVoSNd4D7uFgqQ9kumf2m214VDeVq
[2026-09-03 14:22:36.451104000][th:1240010][info] GossipPubSub Host peer info addresses (0):
[2026-09-03 14:22:36.451105000][th:1240010][info] GossipPubSub Additional addresses we track (0):
[2026-09-03 14:22:36.451106000][th:1240010][info] GossipPubSub Listening addresses (1):
[2026-09-03 14:22:36.451107000][th:1240010][info] GossipPubSub   -> /ip4/0.0.0.0/tcp/54612/p2p/12D3KooWNyN6UakBK1R51zuGVoSNd4D7uFgqQ9kumf2m214VDeVq
[2026-09-03 14:22:36.451108000][th:1240010][info] GossipPubSub Interface addresses (0):
[2026-09-03 14:22:36.451109000][th:1240010][info] GossipPubSub === RAW OBSERVED ADDRESS DEBUG ===
[2026-09-03 14:22:36.451111000][th:1240010][info] GossipPubSub Local address: /ip4/0.0.0.0/tcp/54612/p2p/12D3KooWNyN6UakBK1R51zuGVoSNd4D7uFgqQ9kumf2m214VDeVq -> 0 raw observed, 0 activated+confirmed
[2026-09-03 14:22:36.451112000][th:1240010][info] GossipPubSub TOTAL: 0 raw observed addresses, 0 activated+confirmed addresses
[2026-09-03 14:22:36.451113000][th:1240010][info] GossipPubSub === END RAW OBSERVED ADDRESS DEBUG ===
[2026-09-03 14:22:36.451114000][th:1240010][info] GossipPubSub Observed addresses - all (0):
[2026-09-03 14:22:36.451115000][th:1240010][info] GossipPubSub Observed addresses - confirmed only (0):
[2026-09-03 14:22:36.451116000][th:1240010][info] GossipPubSub Relay addresses (0):
[2026-09-03 14:22:36.451118000][th:1240010][warning] GossipPubSub Failed to get addresses from peer repository: not found
[2026-09-03 14:22:36.451158000][th:1240010][info] GossipPubSub Found 1 valid network interfaces
[2026-09-03 14:22:36.451160000][th:1240010][info] GossipPubSub Current network interfaces (1):
[2026-09-03 14:22:36.451160000][th:1240010][info] GossipPubSub   -> 192.168.1.6
[2026-09-03 14:22:36.451162000][th:1240010][info] GossipPubSub Active connections: 0
[2026-09-03 14:22:36.451163000][th:1240010][info] GossipPubSub === PEER CONNECTION DETAILS ===
[2026-09-03 14:22:36.451164000][th:1240010][info] GossipPubSub NOTE: Observed addresses need to be seen by 4+ different peer groups to become 'activated'
[2026-09-03 14:22:36.451165000][th:1240010][info] GossipPubSub NOTE: Current connections: 0, so max possible observers: 0
[2026-09-03 14:22:36.451165000][th:1240010][info] GossipPubSub === END PEER CONNECTION DETAILS ===
[2026-09-03 14:22:36.451166000][th:1240010][info] GossipPubSub Connection manager stats:
[2026-09-03 14:22:36.451167000][th:1240010][info] GossipPubSub   -> Max connections: 1000
[2026-09-03 14:22:36.451168000][th:1240010][info] GossipPubSub   -> Current connections: 0
[2026-09-03 14:22:36.451169000][th:1240010][info] GossipPubSub === END NETWORK STATE ===
[2026-09-03 14:22:36.451340000][th:1240010][info] GossipPubSub /ip4/0.0.0.0/tcp/54612/p2p/12D3KooWNyN6UakBK1R51zuGVoSNd4D7uFgqQ9kumf2m214VDeVq : PubSub service started
[2026-09-03 14:22:36][info][GlobalDB] Opening database /Users/henriqueklein/gnus/SuperGenius/multi_node_finality_fault/restart-certificate-validator-two/rocksdb
[2026-09-03 14:22:36][debug][GraphsyncDAGSyncer] GraphSyncer created 5396093432 
[2026-09-03 14:22:36][info][CrdtDatastore] crdt Datastore created. Number of heads: 0 Current max-height: 0
[2026-09-03 14:22:36][info][GeniusAccount] Secure storage ID path: /Users/henriqueklein/gnus/SuperGenius/multi_node_finality_fault/restart-certificate-validator-two/account/secure_storage_id
[2026-09-03 14:22:36][error][GeniusAccount] Could not find existing Genius address, generating one from a random mnemonic
[2026-09-03 14:22:36][warning][UTXOManager] Found UTXOs in storage, but there were none
[2026-09-03 14:22:36][info][Blockchain] [c06efeaf] Blockchain instance created with authorized full node: 8a33bdf1
[2026-09-03 14:22:36][error][ValidatorRegistry] InitializeCache: registry content not found during cache init
[2026-09-03 14:22:36][info][CRDTCallbackManager] Successfully registered new data callback for pattern: '/?gnus-validator-registry'
[2026-09-03 14:22:36][info][ValidatorRegistry] RegisterFilter: result=true
[2026-09-03 14:22:36][info][ValidatorRegistry] New: instance ready
[2026-09-03 14:22:36.486990000][th:1240010][info] GossipPubSub /ip4/0.0.0.0/tcp/54612/p2p/12D3KooWNyN6UakBK1R51zuGVoSNd4D7uFgqQ9kumf2m214VDeVq: PubSub subscribed to topic 'gnus-validator-registry.3.7.144'
[2026-09-03 14:22:36][info][CRDTCallbackManager] Successfully registered new data callback for pattern: '^/?cert/[^/]+'
[2026-09-03 14:22:36.487018000][th:1240010][info] GossipPubSub /ip4/0.0.0.0/tcp/54612/p2p/12D3KooWNyN6UakBK1R51zuGVoSNd4D7uFgqQ9kumf2m214VDeVq: PubSub subscribed to topic 'consensus-channel-.3.7.144'
[2026-09-03 14:22:36][warning][Blockchain] [c06efeaf] Failed to request validator registry during blockchain init
[2026-09-03 14:22:36][info][CRDTCallbackManager] Successfully registered new data callback for pattern: '/?gnus-genesis-block'
[2026-09-03 14:22:36][info][CRDTCallbackManager] Successfully registered new data callback for pattern: '/?gnus-account-creation-.*'
[2026-09-03 14:22:36][info][CRDTCallbackManager] Successfully registered new data callback for pattern: '^/?/bc-144/tx/[^/]+'
[2026-09-03 14:22:36][info][CRDTCallbackManager] Successfully registered deleted data callback for pattern: '^/?/bc-144/tx/[^/]+'
[2026-09-03 14:22:36][info][CRDTCallbackManager] Successfully registered new data callback for pattern: '^/?/bc-963/tx/[^/]+'
[2026-09-03 14:22:36][info][CRDTCallbackManager] Successfully registered deleted data callback for pattern: '^/?/bc-963/tx/[^/]+'
[2026-09-03 14:22:36][info][CRDTCallbackManager] Successfully registered new data callback for pattern: '^/?/bc-369/tx/[^/]+'
[2026-09-03 14:22:36][info][CRDTCallbackManager] Successfully registered deleted data callback for pattern: '^/?/bc-369/tx/[^/]+'
[2026-09-03 14:22:36.487064000][th:1240010][info] GossipPubSub /ip4/0.0.0.0/tcp/54612/p2p/12D3KooWNyN6UakBK1R51zuGVoSNd4D7uFgqQ9kumf2m214VDeVq: PubSub subscribed to topic 'consensus-channel-.3.7.144#datastore.3.7.144'
[2026-09-03 14:22:36][info][KeyPairFileStorage] Path to keypairs multi_node_finality_fault/restart-certificate-validator-three/keypair
[2026-09-03 14:22:36][info][KeyPairFileStorage] Peer ID from public key: 12D3KooWGhLBZWmgmZgFY8UE6Db88392Bo4EksEBt61xbkQh7ZXc
Current limits: 16384 (soft), 9223372036854775807 (hard)
New limits set successfully: 16384 (soft), 9223372036854775807 (hard)
Initialized relay addresses
[2026-09-03 14:22:36.489470000][th:1239051][info] GossipPubSub /ip4/0.0.0.0/tcp/54613/p2p/12D3KooWGhLBZWmgmZgFY8UE6Db88392Bo4EksEBt61xbkQh7ZXc: Starting PubSub service
[2026-09-03 14:22:36.489569000][th:1240031][info] GossipPubSub Starting address monitoring system for mobile network changes
[2026-09-03 14:22:36.489573000][th:1240031][info] GossipPubSub === CURRENT NETWORK STATE ===
[2026-09-03 14:22:36.489581000][th:1240031][info] GossipPubSub Primary listening address: /ip4/0.0.0.0/tcp/54613/p2p/12D3KooWGhLBZWmgmZgFY8UE6Db88392Bo4EksEBt61xbkQh7ZXc
[2026-09-03 14:22:36.489582000][th:1240031][info] GossipPubSub Host peer info addresses (0):
[2026-09-03 14:22:36.489583000][th:1240031][info] GossipPubSub Additional addresses we track (0):
[2026-09-03 14:22:36.489584000][th:1240031][info] GossipPubSub Listening addresses (1):
[2026-09-03 14:22:36.489585000][th:1240031][info] GossipPubSub   -> /ip4/0.0.0.0/tcp/54613/p2p/12D3KooWGhLBZWmgmZgFY8UE6Db88392Bo4EksEBt61xbkQh7ZXc
[2026-09-03 14:22:36.489586000][th:1240031][info] GossipPubSub Interface addresses (0):
[2026-09-03 14:22:36.489587000][th:1240031][info] GossipPubSub === RAW OBSERVED ADDRESS DEBUG ===
[2026-09-03 14:22:36.489589000][th:1240031][info] GossipPubSub Local address: /ip4/0.0.0.0/tcp/54613/p2p/12D3KooWGhLBZWmgmZgFY8UE6Db88392Bo4EksEBt61xbkQh7ZXc -> 0 raw observed, 0 activated+confirmed
[2026-09-03 14:22:36.489590000][th:1240031][info] GossipPubSub TOTAL: 0 raw observed addresses, 0 activated+confirmed addresses
[2026-09-03 14:22:36.489591000][th:1240031][info] GossipPubSub === END RAW OBSERVED ADDRESS DEBUG ===
[2026-09-03 14:22:36.489604000][th:1240031][info] GossipPubSub Observed addresses - all (0):
[2026-09-03 14:22:36.489605000][th:1240031][info] GossipPubSub Observed addresses - confirmed only (0):
[2026-09-03 14:22:36.489606000][th:1240031][info] GossipPubSub Relay addresses (0):
[2026-09-03 14:22:36.489609000][th:1240031][warning] GossipPubSub Failed to get addresses from peer repository: not found
[2026-09-03 14:22:36.489661000][th:1240031][info] GossipPubSub Found 1 valid network interfaces
[2026-09-03 14:22:36.489664000][th:1240031][info] GossipPubSub Current network interfaces (1):
[2026-09-03 14:22:36.489665000][th:1240031][info] GossipPubSub   -> 192.168.1.6
[2026-09-03 14:22:36.489666000][th:1240031][info] GossipPubSub Active connections: 0
[2026-09-03 14:22:36.489667000][th:1240031][info] GossipPubSub === PEER CONNECTION DETAILS ===
[2026-09-03 14:22:36.489668000][th:1240031][info] GossipPubSub NOTE: Observed addresses need to be seen by 4+ different peer groups to become 'activated'
[2026-09-03 14:22:36.489669000][th:1240031][info] GossipPubSub NOTE: Current connections: 0, so max possible observers: 0
[2026-09-03 14:22:36.489669000][th:1240031][info] GossipPubSub === END PEER CONNECTION DETAILS ===
[2026-09-03 14:22:36.489670000][th:1240031][info] GossipPubSub Connection manager stats:
[2026-09-03 14:22:36.489671000][th:1240031][info] GossipPubSub   -> Max connections: 1000
[2026-09-03 14:22:36.489672000][th:1240031][info] GossipPubSub   -> Current connections: 0
[2026-09-03 14:22:36.489672000][th:1240031][info] GossipPubSub === END NETWORK STATE ===
[2026-09-03 14:22:36.489889000][th:1240031][info] GossipPubSub /ip4/0.0.0.0/tcp/54613/p2p/12D3KooWGhLBZWmgmZgFY8UE6Db88392Bo4EksEBt61xbkQh7ZXc : PubSub service started
[2026-09-03 14:22:36][info][GlobalDB] Opening database /Users/henriqueklein/gnus/SuperGenius/multi_node_finality_fault/restart-certificate-validator-three/rocksdb
[2026-09-03 14:22:36][debug][GraphsyncDAGSyncer] GraphSyncer created 5217276792 
[2026-09-03 14:22:36][info][CrdtDatastore] crdt Datastore created. Number of heads: 0 Current max-height: 0
[2026-09-03 14:22:36][info][GeniusAccount] Secure storage ID path: /Users/henriqueklein/gnus/SuperGenius/multi_node_finality_fault/restart-certificate-validator-three/account/secure_storage_id
[2026-09-03 14:22:36][error][GeniusAccount] Could not find existing Genius address, generating one from a random mnemonic
[2026-09-03 14:22:36][warning][UTXOManager] Found UTXOs in storage, but there were none
[2026-09-03 14:22:36][info][Blockchain] [44b14067] Blockchain instance created with authorized full node: 8a33bdf1
[2026-09-03 14:22:36][error][ValidatorRegistry] InitializeCache: registry content not found during cache init
[2026-09-03 14:22:36][info][CRDTCallbackManager] Successfully registered new data callback for pattern: '/?gnus-validator-registry'
[2026-09-03 14:22:36][info][ValidatorRegistry] RegisterFilter: result=true
[2026-09-03 14:22:36][info][ValidatorRegistry] New: instance ready
[2026-09-03 14:22:36.528175000][th:1240031][info] GossipPubSub /ip4/0.0.0.0/tcp/54613/p2p/12D3KooWGhLBZWmgmZgFY8UE6Db88392Bo4EksEBt61xbkQh7ZXc: PubSub subscribed to topic 'gnus-validator-registry.3.7.144'
[2026-09-03 14:22:36][info][CRDTCallbackManager] Successfully registered new data callback for pattern: '^/?cert/[^/]+'
[2026-09-03 14:22:36.528194000][th:1240031][info] GossipPubSub /ip4/0.0.0.0/tcp/54613/p2p/12D3KooWGhLBZWmgmZgFY8UE6Db88392Bo4EksEBt61xbkQh7ZXc: PubSub subscribed to topic 'consensus-channel-.3.7.144'
[2026-09-03 14:22:36][warning][Blockchain] [44b14067] Failed to request validator registry during blockchain init
[2026-09-03 14:22:36][info][CRDTCallbackManager] Successfully registered new data callback for pattern: '/?gnus-genesis-block'
[2026-09-03 14:22:36][info][CRDTCallbackManager] Successfully registered new data callback for pattern: '/?gnus-account-creation-.*'
[2026-09-03 14:22:36.528217000][th:1240031][info] GossipPubSub /ip4/0.0.0.0/tcp/54613/p2p/12D3KooWGhLBZWmgmZgFY8UE6Db88392Bo4EksEBt61xbkQh7ZXc: PubSub subscribed to topic 'consensus-channel-.3.7.144#datastore.3.7.144'
[2026-09-03 14:22:36][info][CRDTCallbackManager] Successfully registered new data callback for pattern: '^/?/bc-144/tx/[^/]+'
[2026-09-03 14:22:36][info][CRDTCallbackManager] Successfully registered deleted data callback for pattern: '^/?/bc-144/tx/[^/]+'
[2026-09-03 14:22:36][info][CRDTCallbackManager] Successfully registered new data callback for pattern: '^/?/bc-963/tx/[^/]+'
[2026-09-03 14:22:36][info][CRDTCallbackManager] Successfully registered deleted data callback for pattern: '^/?/bc-963/tx/[^/]+'
[2026-09-03 14:22:36][info][CRDTCallbackManager] Successfully registered new data callback for pattern: '^/?/bc-369/tx/[^/]+'
[2026-09-03 14:22:36][info][CRDTCallbackManager] Successfully registered deleted data callback for pattern: '^/?/bc-369/tx/[^/]+'
[2026-09-03 14:22:36][info][KeyPairFileStorage] Path to keypairs multi_node_finality_fault/restart-certificate-passive/keypair
[2026-09-03 14:22:36][info][KeyPairFileStorage] Peer ID from public key: 12D3KooWCtmq2HPagwuCM8wqQyxWXwjfPde2tCZR4J1dJRPsciUD
Current limits: 16384 (soft), 9223372036854775807 (hard)
New limits set successfully: 16384 (soft), 9223372036854775807 (hard)
Initialized relay addresses
[2026-09-03 14:22:36.529856000][th:1239051][info] GossipPubSub /ip4/0.0.0.0/tcp/54614/p2p/12D3KooWCtmq2HPagwuCM8wqQyxWXwjfPde2tCZR4J1dJRPsciUD: Starting PubSub service
[2026-09-03 14:22:36.529907000][th:1240053][info] GossipPubSub Starting address monitoring system for mobile network changes
[2026-09-03 14:22:36.529909000][th:1240053][info] GossipPubSub === CURRENT NETWORK STATE ===
[2026-09-03 14:22:36.529915000][th:1240053][info] GossipPubSub Primary listening address: /ip4/0.0.0.0/tcp/54614/p2p/12D3KooWCtmq2HPagwuCM8wqQyxWXwjfPde2tCZR4J1dJRPsciUD
[2026-09-03 14:22:36.529916000][th:1240053][info] GossipPubSub Host peer info addresses (0):
[2026-09-03 14:22:36.529917000][th:1240053][info] GossipPubSub Additional addresses we track (0):
[2026-09-03 14:22:36.529918000][th:1240053][info] GossipPubSub Listening addresses (1):
[2026-09-03 14:22:36.529918000][th:1240053][info] GossipPubSub   -> /ip4/0.0.0.0/tcp/54614/p2p/12D3KooWCtmq2HPagwuCM8wqQyxWXwjfPde2tCZR4J1dJRPsciUD
[2026-09-03 14:22:36.529919000][th:1240053][info] GossipPubSub Interface addresses (0):
[2026-09-03 14:22:36.529920000][th:1240053][info] GossipPubSub === RAW OBSERVED ADDRESS DEBUG ===
[2026-09-03 14:22:36.529921000][th:1240053][info] GossipPubSub Local address: /ip4/0.0.0.0/tcp/54614/p2p/12D3KooWCtmq2HPagwuCM8wqQyxWXwjfPde2tCZR4J1dJRPsciUD -> 0 raw observed, 0 activated+confirmed
[2026-09-03 14:22:36.529922000][th:1240053][info] GossipPubSub TOTAL: 0 raw observed addresses, 0 activated+confirmed addresses
[2026-09-03 14:22:36.529923000][th:1240053][info] GossipPubSub === END RAW OBSERVED ADDRESS DEBUG ===
[2026-09-03 14:22:36.529923000][th:1240053][info] GossipPubSub Observed addresses - all (0):
[2026-09-03 14:22:36.529924000][th:1240053][info] GossipPubSub Observed addresses - confirmed only (0):
[2026-09-03 14:22:36.529925000][th:1240053][info] GossipPubSub Relay addresses (0):
[2026-09-03 14:22:36.529927000][th:1240053][warning] GossipPubSub Failed to get addresses from peer repository: not found
[2026-09-03 14:22:36.529958000][th:1240053][info] GossipPubSub Found 1 valid network interfaces
[2026-09-03 14:22:36.529959000][th:1240053][info] GossipPubSub Current network interfaces (1):
[2026-09-03 14:22:36.529960000][th:1240053][info] GossipPubSub   -> 192.168.1.6
[2026-09-03 14:22:36.529961000][th:1240053][info] GossipPubSub Active connections: 0
[2026-09-03 14:22:36.529962000][th:1240053][info] GossipPubSub === PEER CONNECTION DETAILS ===
[2026-09-03 14:22:36.529962000][th:1240053][info] GossipPubSub NOTE: Observed addresses need to be seen by 4+ different peer groups to become 'activated'
[2026-09-03 14:22:36.529963000][th:1240053][info] GossipPubSub NOTE: Current connections: 0, so max possible observers: 0
[2026-09-03 14:22:36.529964000][th:1240053][info] GossipPubSub === END PEER CONNECTION DETAILS ===
[2026-09-03 14:22:36.529964000][th:1240053][info] GossipPubSub Connection manager stats:
[2026-09-03 14:22:36.529965000][th:1240053][info] GossipPubSub   -> Max connections: 1000
[2026-09-03 14:22:36.529965000][th:1240053][info] GossipPubSub   -> Current connections: 0
[2026-09-03 14:22:36.529966000][th:1240053][info] GossipPubSub === END NETWORK STATE ===
[2026-09-03 14:22:36.530092000][th:1240053][info] GossipPubSub /ip4/0.0.0.0/tcp/54614/p2p/12D3KooWCtmq2HPagwuCM8wqQyxWXwjfPde2tCZR4J1dJRPsciUD : PubSub service started
[2026-09-03 14:22:36][info][GlobalDB] Opening database /Users/henriqueklein/gnus/SuperGenius/multi_node_finality_fault/restart-certificate-passive/rocksdb
[2026-09-03 14:22:36][debug][GraphsyncDAGSyncer] GraphSyncer created 5217284216 
[2026-09-03 14:22:36][info][CrdtDatastore] crdt Datastore created. Number of heads: 0 Current max-height: 0
[2026-09-03 14:22:36][info][GeniusAccount] Secure storage ID path: /Users/henriqueklein/gnus/SuperGenius/multi_node_finality_fault/restart-certificate-passive/account/secure_storage_id
[2026-09-03 14:22:36][error][GeniusAccount] Could not find existing Genius address, generating one from a random mnemonic
[2026-09-03 14:22:36][warning][UTXOManager] Found UTXOs in storage, but there were none
[2026-09-03 14:22:36][info][Blockchain] [168a68eb] Blockchain instance created with authorized full node: 8a33bdf1
[2026-09-03 14:22:36][error][ValidatorRegistry] InitializeCache: registry content not found during cache init
[2026-09-03 14:22:36][info][CRDTCallbackManager] Successfully registered new data callback for pattern: '/?gnus-validator-registry'
[2026-09-03 14:22:36][info][ValidatorRegistry] RegisterFilter: result=true
[2026-09-03 14:22:36][info][ValidatorRegistry] New: instance ready
[2026-09-03 14:22:36.560967000][th:1240053][info] GossipPubSub /ip4/0.0.0.0/tcp/54614/p2p/12D3KooWCtmq2HPagwuCM8wqQyxWXwjfPde2tCZR4J1dJRPsciUD: PubSub subscribed to topic 'gnus-validator-registry.3.7.144'
[2026-09-03 14:22:36][info][CRDTCallbackManager] Successfully registered new data callback for pattern: '^/?cert/[^/]+'
[2026-09-03 14:22:36.560987000][th:1240053][info] GossipPubSub /ip4/0.0.0.0/tcp/54614/p2p/12D3KooWCtmq2HPagwuCM8wqQyxWXwjfPde2tCZR4J1dJRPsciUD: PubSub subscribed to topic 'consensus-channel-.3.7.144'
[2026-09-03 14:22:36][warning][Blockchain] [168a68eb] Failed to request validator registry during blockchain init
[2026-09-03 14:22:36][info][CRDTCallbackManager] Successfully registered new data callback for pattern: '/?gnus-genesis-block'
[2026-09-03 14:22:36][info][CRDTCallbackManager] Successfully registered new data callback for pattern: '/?gnus-account-creation-.*'
[2026-09-03 14:22:36.561004000][th:1240053][info] GossipPubSub /ip4/0.0.0.0/tcp/54614/p2p/12D3KooWCtmq2HPagwuCM8wqQyxWXwjfPde2tCZR4J1dJRPsciUD: PubSub subscribed to topic 'consensus-channel-.3.7.144#datastore.3.7.144'
[2026-09-03 14:22:36][info][CRDTCallbackManager] Successfully registered new data callback for pattern: '^/?/bc-144/tx/[^/]+'
[2026-09-03 14:22:36][info][CRDTCallbackManager] Successfully registered deleted data callback for pattern: '^/?/bc-144/tx/[^/]+'
[2026-09-03 14:22:36][info][CRDTCallbackManager] Successfully registered new data callback for pattern: '^/?/bc-963/tx/[^/]+'
[2026-09-03 14:22:36][info][CRDTCallbackManager] Successfully registered deleted data callback for pattern: '^/?/bc-963/tx/[^/]+'
[2026-09-03 14:22:36][info][CRDTCallbackManager] Successfully registered new data callback for pattern: '^/?/bc-369/tx/[^/]+'
[2026-09-03 14:22:36][info][CRDTCallbackManager] Successfully registered deleted data callback for pattern: '^/?/bc-369/tx/[^/]+'
[2026-09-03 14:22:36][info][CrdtDatastore] Topics { name="gnus-validator-registry" }
[2026-09-03 14:22:36][info][CRDTCallbackManager] Executing callback for key '/gnus-validator-registry' matching pattern '/?gnus-validator-registry'
[2026-09-03 14:22:36][info][ValidatorRegistry] RegistryUpdateReceived: cache updated and initialized
[2026-09-03 14:22:36][debug][GraphsyncDAGSyncer] addNode: Added node QmdSci3PHHU8ExWbXBZTNWPHTUrEUGdJr7FeRiveFFnTQd on dagService 
[2026-09-03 14:22:36][info][ValidatorRegistry] StoreRegistryUpdate: stored registry update CID QmdSci3PHHU8ExWbXBZTNWPHTUrEUGdJr7FeRiveFFnTQd
[2026-09-03 14:22:36][info][ValidatorRegistry] StoreRegistryUpdate: success
[2026-09-03 14:22:36][info][CrdtDatastore] Topics { name="gnus-validator-registry" }
[2026-09-03 14:22:36][info][CRDTCallbackManager] Executing callback for key '/gnus-validator-registry' matching pattern '/?gnus-validator-registry'
[2026-09-03 14:22:36][info][ValidatorRegistry] RegistryUpdateReceived: cache updated and initialized
[2026-09-03 14:22:36][debug][GraphsyncDAGSyncer] addNode: Added node QmdSci3PHHU8ExWbXBZTNWPHTUrEUGdJr7FeRiveFFnTQd on dagService 
[2026-09-03 14:22:36][info][ValidatorRegistry] StoreRegistryUpdate: stored registry update CID QmdSci3PHHU8ExWbXBZTNWPHTUrEUGdJr7FeRiveFFnTQd
[2026-09-03 14:22:36][info][ValidatorRegistry] StoreRegistryUpdate: success
[2026-09-03 14:22:36][info][CrdtDatastore] Topics { name="gnus-validator-registry" }
[2026-09-03 14:22:36][info][CRDTCallbackManager] Executing callback for key '/gnus-validator-registry' matching pattern '/?gnus-validator-registry'
[2026-09-03 14:22:36][info][ValidatorRegistry] RegistryUpdateReceived: cache updated and initialized
[2026-09-03 14:22:36][debug][GraphsyncDAGSyncer] addNode: Added node QmdSci3PHHU8ExWbXBZTNWPHTUrEUGdJr7FeRiveFFnTQd on dagService 
[2026-09-03 14:22:36][info][ValidatorRegistry] StoreRegistryUpdate: stored registry update CID QmdSci3PHHU8ExWbXBZTNWPHTUrEUGdJr7FeRiveFFnTQd
[2026-09-03 14:22:36][info][ValidatorRegistry] StoreRegistryUpdate: success
[2026-09-03 14:22:36][info][CrdtDatastore] Topics { name="gnus-validator-registry" }
[2026-09-03 14:22:36][info][CRDTCallbackManager] Executing callback for key '/gnus-validator-registry' matching pattern '/?gnus-validator-registry'
[2026-09-03 14:22:36][info][ValidatorRegistry] RegistryUpdateReceived: cache updated and initialized
[2026-09-03 14:22:36][debug][GraphsyncDAGSyncer] addNode: Added node QmdSci3PHHU8ExWbXBZTNWPHTUrEUGdJr7FeRiveFFnTQd on dagService 
[2026-09-03 14:22:36][info][ValidatorRegistry] StoreRegistryUpdate: stored registry update CID QmdSci3PHHU8ExWbXBZTNWPHTUrEUGdJr7FeRiveFFnTQd
[2026-09-03 14:22:36][info][ValidatorRegistry] StoreRegistryUpdate: success
[2026-09-03 14:22:36.602183000][th:1239989][info] GossipPubSub Adding new peer: 12D3KooWNyN6UakBK1R51zuGVoSNd4D7uFgqQ9kumf2m214VDeVq
[2026-09-03 14:22:36.602297000][th:1240010][info] GossipPubSub Adding new peer: 12D3KooWKaTWpkf4PyVdbhHygC6AzmhEZ3XYxGp6HcuCj4t1E47C
[2026-09-03 14:22:36.602312000][th:1239989][info] GossipPubSub Adding new peer: 12D3KooWGhLBZWmgmZgFY8UE6Db88392Bo4EksEBt61xbkQh7ZXc
[2026-09-03 14:22:36.602348000][th:1240010][info] GossipPubSub Adding new peer: 12D3KooWGhLBZWmgmZgFY8UE6Db88392Bo4EksEBt61xbkQh7ZXc
[2026-09-03 14:22:36.602391000][th:1240010][info] GossipPubSub Adding new peer: 12D3KooWCtmq2HPagwuCM8wqQyxWXwjfPde2tCZR4J1dJRPsciUD
[2026-09-03 14:22:36.602408000][th:1240031][info] GossipPubSub Adding new peer: 12D3KooWKaTWpkf4PyVdbhHygC6AzmhEZ3XYxGp6HcuCj4t1E47C
[2026-09-03 14:22:36.602456000][th:1240031][info] GossipPubSub Adding new peer: 12D3KooWNyN6UakBK1R51zuGVoSNd4D7uFgqQ9kumf2m214VDeVq
[2026-09-03 14:22:36.602496000][th:1239989][info] GossipPubSub Adding new peer: 12D3KooWCtmq2HPagwuCM8wqQyxWXwjfPde2tCZR4J1dJRPsciUD
[2026-09-03 14:22:36.602499000][th:1240031][info] GossipPubSub Adding new peer: 12D3KooWCtmq2HPagwuCM8wqQyxWXwjfPde2tCZR4J1dJRPsciUD
[2026-09-03 14:22:36.602515000][th:1240053][info] GossipPubSub Adding new peer: 12D3KooWKaTWpkf4PyVdbhHygC6AzmhEZ3XYxGp6HcuCj4t1E47C
[2026-09-03 14:22:36.602599000][th:1240053][info] GossipPubSub Adding new peer: 12D3KooWNyN6UakBK1R51zuGVoSNd4D7uFgqQ9kumf2m214VDeVq
[2026-09-03 14:22:36.602635000][th:1240053][info] GossipPubSub Adding new peer: 12D3KooWGhLBZWmgmZgFY8UE6Db88392Bo4EksEBt61xbkQh7ZXc
[2026-09-03 14:22:36][info][TransactionManager] [824e9c66 - full: false] ChangeTransactionState: Temp tracking entry created tx=918e9e9e8676bae93148cb7ffcbb0944c42825cfcafb6647aa86292d24d69865
[2026-09-03 14:22:36][info][TransactionManager] [c06efeaf - full: false] ChangeTransactionState: Temp tracking entry created tx=918e9e9e8676bae93148cb7ffcbb0944c42825cfcafb6647aa86292d24d69865
[2026-09-03 14:22:36][info][TransactionManager] [168a68eb - full: false] ChangeTransactionState: Temp tracking entry created tx=918e9e9e8676bae93148cb7ffcbb0944c42825cfcafb6647aa86292d24d69865
[2026-09-03 14:22:36][info][TransactionManager] [44b14067 - full: false] ChangeTransactionState: Temp tracking entry created tx=918e9e9e8676bae93148cb7ffcbb0944c42825cfcafb6647aa86292d24d69865
[2026-09-03 14:22:39][error][ConsensusManager] HandleVote: ignored: proposal has not won frozen slot arbitration proposal_id=0849df07
[2026-09-03 14:22:39][error][ConsensusManager] HandleVote: ignored: proposal has not won frozen slot arbitration proposal_id=0849df07
[2026-09-03 14:22:39][error][ConsensusManager] HandleVote: ignored: proposal has not won frozen slot arbitration proposal_id=0849df07
[2026-09-03 14:22:39][error][ConsensusManager] HandleVote: ignored: proposal has not won frozen slot arbitration proposal_id=0849df07
[2026-09-03 14:22:41][info][CrdtDatastore] Topics { name="consensus-channel-.3.7.144#datastore" }
[2026-09-03 14:22:41][info][CRDTCallbackManager] Executing callback for key '/cert/mint-v2:test:0000000000000000000000000000000000000000000000000000000000000000:42:824e9c66128f038563bef938c17a7669ee3d029d8eda35cb8ad83e2facaa5a7a4c586e41315d2ba1ed0b4ff2231697479f753059c9f2e4f357550cdade5b0b32:cccccccccccccccccccccccccccccccccccccccccccccccccccccccccccccccc' matching pattern '^/?cert/[^/]+'
[2026-09-03 14:22:41][debug][GraphsyncDAGSyncer] addNode: Added node QmZPc6vTwHuCxqtwETyJLxf1JLnQvtB54QDsT7PgCNH9yn on dagService 
[2026-09-03 14:22:41][info][UTXOManager] Stored 1 UTXOs for address 824e9c66128f038563bef938c17a7669ee3d029d8eda35cb8ad83e2facaa5a7a4c586e41315d2ba1ed0b4ff2231697479f753059c9f2e4f357550cdade5b0b32
[2026-09-03 14:22:41][info][UTXOManager] Stored 2 UTXOs for address 824e9c66128f038563bef938c17a7669ee3d029d8eda35cb8ad83e2facaa5a7a4c586e41315d2ba1ed0b4ff2231697479f753059c9f2e4f357550cdade5b0b32
[2026-09-03 14:22:41][warning][TransactionManager] [824e9c66 - full: false] Mint-v2 918e9e9e8676bae93148cb7ffcbb0944c42825cfcafb6647aa86292d24d69865 did not consume every burn input (already consumed or missing); burn outpoint metadata may have been rebuilt with zero amount
[2026-09-03 14:22:41][info][TransactionManager] [824e9c66 - full: false] Created tokens (mint-v2), amount 42 balance 42
[2026-09-03 14:22:41][info][TransactionManager] [824e9c66 - full: false] ChangeTransactionState: Tracking entry confirmed tx=918e9e9e8676bae93148cb7ffcbb0944c42825cfcafb6647aa86292d24d69865
[2026-09-03 14:22:41][info][UTXOManager] Created checkpoint owner=824e9c66128f038563bef938c17a7669ee3d029d8eda35cb8ad83e2facaa5a7a4c586e41315d2ba1ed0b4ff2231697479f753059c9f2e4f357550cdade5b0b32 epoch=1 utxo_count=1
[2026-09-03 14:22:41][debug][GraphsyncDAGSyncer] Registered new peer 12D3KooWKaTWpkf4PyVdbhHygC6AzmhEZ3XYxGp6HcuCj4t1E47C with key 0
[2026-09-03 14:22:41][debug][GraphsyncDAGSyncer] Registered new peer 12D3KooWKaTWpkf4PyVdbhHygC6AzmhEZ3XYxGp6HcuCj4t1E47C with key 0
[2026-09-03 14:22:41][debug][GraphsyncDAGSyncer] Added route for CID QmZPc6vTwHuCxqtwETyJLxf1JLnQvtB54QDsT7PgCNH9yn to peer 12D3KooWKaTWpkf4PyVdbhHygC6AzmhEZ3XYxGp6HcuCj4t1E47C (key 0, route_count=1)
[2026-09-03 14:22:41][debug][GraphsyncDAGSyncer] Registered new peer 12D3KooWKaTWpkf4PyVdbhHygC6AzmhEZ3XYxGp6HcuCj4t1E47C with key 0
[2026-09-03 14:22:41][debug][GraphsyncDAGSyncer] Added route for CID QmZPc6vTwHuCxqtwETyJLxf1JLnQvtB54QDsT7PgCNH9yn to peer 12D3KooWKaTWpkf4PyVdbhHygC6AzmhEZ3XYxGp6HcuCj4t1E47C (key 0, route_count=1)
[2026-09-03 14:22:41][debug][GraphsyncDAGSyncer] Added route for CID QmZPc6vTwHuCxqtwETyJLxf1JLnQvtB54QDsT7PgCNH9yn to peer 12D3KooWKaTWpkf4PyVdbhHygC6AzmhEZ3XYxGp6HcuCj4t1E47C (key 0, route_count=1)
[2026-09-03 14:22:42][debug][GraphsyncDAGSyncer] Block initialized without content to LRU cache: CID QmZPc6vTwHuCxqtwETyJLxf1JLnQvtB54QDsT7PgCNH9yn, cache size: 1
[2026-09-03 14:22:42][debug][GraphsyncDAGSyncer] Requesting Node QmZPc6vTwHuCxqtwETyJLxf1JLnQvtB54QDsT7PgCNH9yn on this 5396093432
[2026-09-03 14:22:42][debug][GraphsyncDAGSyncer] Return node for CID QmZPc6vTwHuCxqtwETyJLxf1JLnQvtB54QDsT7PgCNH9yn instance=5215748600
[2026-09-03 14:22:42.030897000][th:1240010][warning] graphsync Request 1 for CID QmZPc6vTwHuCxqtwETyJLxf1JLnQvtB54QDsT7PgCNH9yn got RS_FULL_CONTENT but no blocks received yet
[2026-09-03 14:22:42][debug][GraphsyncDAGSyncer] request progress: code=FULL_CONTENT, extensions=(graphsync/do-not-send-cids: 0x80) (graphsync/response-metadata: 0x80) 
[2026-09-03 14:22:42][debug][GraphsyncDAGSyncer] HasBlock: false, cid: QmZPc6vTwHuCxqtwETyJLxf1JLnQvtB54QDsT7PgCNH9yn
[2026-09-03 14:22:42][debug][GraphsyncDAGSyncer] Existing block updated in LRU cache: CID QmZPc6vTwHuCxqtwETyJLxf1JLnQvtB54QDsT7PgCNH9yn
[2026-09-03 14:22:42][debug][GraphsyncDAGSyncer] Node added to dagService. CID: QmZPc6vTwHuCxqtwETyJLxf1JLnQvtB54QDsT7PgCNH9yn, links: []
[2026-09-03 14:22:42][debug][GraphsyncDAGSyncer] Seeing if peer 12D3KooWKaTWpkf4PyVdbhHygC6AzmhEZ3XYxGp6HcuCj4t1E47C has links to AddRoute
[2026-09-03 14:22:42][info][GraphsyncDAGSyncer] TraverseCIDsLinks: Checking links on { cid="QmZPc6vTwHuCxqtwETyJLxf1JLnQvtB54QDsT7PgCNH9yn", name="" }
[2026-09-03 14:22:42][info][GraphsyncDAGSyncer] TraverseCIDsLinks: Completed traversal. Links to fetch: 0, Visited: 0
[2026-09-03 14:22:42][debug][GraphsyncDAGSyncer] Block initialized without content to LRU cache: CID QmZPc6vTwHuCxqtwETyJLxf1JLnQvtB54QDsT7PgCNH9yn, cache size: 1
[2026-09-03 14:22:42][debug][GraphsyncDAGSyncer] Requesting Node QmZPc6vTwHuCxqtwETyJLxf1JLnQvtB54QDsT7PgCNH9yn on this 5217276792
[2026-09-03 14:22:42][debug][GraphsyncDAGSyncer] Return node for CID QmZPc6vTwHuCxqtwETyJLxf1JLnQvtB54QDsT7PgCNH9yn instance=5215748600
[2026-09-03 14:22:42.071698000][th:1240031][warning] graphsync Request 1 for CID QmZPc6vTwHuCxqtwETyJLxf1JLnQvtB54QDsT7PgCNH9yn got RS_FULL_CONTENT but no blocks received yet
[2026-09-03 14:22:42][debug][GraphsyncDAGSyncer] request progress: code=FULL_CONTENT, extensions=(graphsync/response-metadata: 0x80) (graphsync/do-not-send-cids: 0x80) 
[2026-09-03 14:22:42][debug][GraphsyncDAGSyncer] HasBlock: false, cid: QmZPc6vTwHuCxqtwETyJLxf1JLnQvtB54QDsT7PgCNH9yn
[2026-09-03 14:22:42][debug][GraphsyncDAGSyncer] Existing block updated in LRU cache: CID QmZPc6vTwHuCxqtwETyJLxf1JLnQvtB54QDsT7PgCNH9yn
[2026-09-03 14:22:42][debug][GraphsyncDAGSyncer] Node added to dagService. CID: QmZPc6vTwHuCxqtwETyJLxf1JLnQvtB54QDsT7PgCNH9yn, links: []
[2026-09-03 14:22:42][debug][GraphsyncDAGSyncer] Seeing if peer 12D3KooWKaTWpkf4PyVdbhHygC6AzmhEZ3XYxGp6HcuCj4t1E47C has links to AddRoute
[2026-09-03 14:22:42][info][GraphsyncDAGSyncer] TraverseCIDsLinks: Checking links on { cid="QmZPc6vTwHuCxqtwETyJLxf1JLnQvtB54QDsT7PgCNH9yn", name="" }
[2026-09-03 14:22:42][info][GraphsyncDAGSyncer] TraverseCIDsLinks: Completed traversal. Links to fetch: 0, Visited: 0
[2026-09-03 14:22:42][debug][GraphsyncDAGSyncer] Block initialized without content to LRU cache: CID QmZPc6vTwHuCxqtwETyJLxf1JLnQvtB54QDsT7PgCNH9yn, cache size: 1
[2026-09-03 14:22:42][debug][GraphsyncDAGSyncer] Requesting Node QmZPc6vTwHuCxqtwETyJLxf1JLnQvtB54QDsT7PgCNH9yn on this 5217284216
[2026-09-03 14:22:42][debug][GraphsyncDAGSyncer] Return node for CID QmZPc6vTwHuCxqtwETyJLxf1JLnQvtB54QDsT7PgCNH9yn instance=5215748600
[2026-09-03 14:22:42.095008000][th:1240053][warning] graphsync Request 1 for CID QmZPc6vTwHuCxqtwETyJLxf1JLnQvtB54QDsT7PgCNH9yn got RS_FULL_CONTENT but no blocks received yet
[2026-09-03 14:22:42][debug][GraphsyncDAGSyncer] request progress: code=FULL_CONTENT, extensions=(graphsync/response-metadata: 0x80) (graphsync/do-not-send-cids: 0x80) 
[2026-09-03 14:22:42][debug][GraphsyncDAGSyncer] HasBlock: false, cid: QmZPc6vTwHuCxqtwETyJLxf1JLnQvtB54QDsT7PgCNH9yn
[2026-09-03 14:22:42][debug][GraphsyncDAGSyncer] Existing block updated in LRU cache: CID QmZPc6vTwHuCxqtwETyJLxf1JLnQvtB54QDsT7PgCNH9yn
[2026-09-03 14:22:42][debug][GraphsyncDAGSyncer] Node added to dagService. CID: QmZPc6vTwHuCxqtwETyJLxf1JLnQvtB54QDsT7PgCNH9yn, links: []
[2026-09-03 14:22:42][debug][GraphsyncDAGSyncer] Seeing if peer 12D3KooWKaTWpkf4PyVdbhHygC6AzmhEZ3XYxGp6HcuCj4t1E47C has links to AddRoute
[2026-09-03 14:22:42][info][GraphsyncDAGSyncer] TraverseCIDsLinks: Checking links on { cid="QmZPc6vTwHuCxqtwETyJLxf1JLnQvtB54QDsT7PgCNH9yn", name="" }
[2026-09-03 14:22:42][info][GraphsyncDAGSyncer] TraverseCIDsLinks: Completed traversal. Links to fetch: 0, Visited: 0
[2026-09-03 14:22:42][debug][GraphsyncDAGSyncer] Return node for CID QmZPc6vTwHuCxqtwETyJLxf1JLnQvtB54QDsT7PgCNH9yn instance=5396093432
[2026-09-03 14:22:42][info][CRDTCallbackManager] Executing callback for key '/cert/mint-v2:test:0000000000000000000000000000000000000000000000000000000000000000:42:824e9c66128f038563bef938c17a7669ee3d029d8eda35cb8ad83e2facaa5a7a4c586e41315d2ba1ed0b4ff2231697479f753059c9f2e4f357550cdade5b0b32:cccccccccccccccccccccccccccccccccccccccccccccccccccccccccccccccc' matching pattern '^/?cert/[^/]+'
[2026-09-03 14:22:42][debug][GraphsyncDAGSyncer] addNode: Added node QmZPc6vTwHuCxqtwETyJLxf1JLnQvtB54QDsT7PgCNH9yn on dagService 
[2026-09-03 14:22:42][debug][GraphsyncDAGSyncer] Block removed from LRU cache: CID QmZPc6vTwHuCxqtwETyJLxf1JLnQvtB54QDsT7PgCNH9yn
[2026-09-03 14:22:42][debug][GraphsyncDAGSyncer] Return node for CID QmZPc6vTwHuCxqtwETyJLxf1JLnQvtB54QDsT7PgCNH9yn instance=5217276792
[2026-09-03 14:22:42][info][CRDTCallbackManager] Executing callback for key '/cert/mint-v2:test:0000000000000000000000000000000000000000000000000000000000000000:42:824e9c66128f038563bef938c17a7669ee3d029d8eda35cb8ad83e2facaa5a7a4c586e41315d2ba1ed0b4ff2231697479f753059c9f2e4f357550cdade5b0b32:cccccccccccccccccccccccccccccccccccccccccccccccccccccccccccccccc' matching pattern '^/?cert/[^/]+'
[2026-09-03 14:22:42][debug][GraphsyncDAGSyncer] addNode: Added node QmZPc6vTwHuCxqtwETyJLxf1JLnQvtB54QDsT7PgCNH9yn on dagService 
[2026-09-03 14:22:42][debug][GraphsyncDAGSyncer] Block removed from LRU cache: CID QmZPc6vTwHuCxqtwETyJLxf1JLnQvtB54QDsT7PgCNH9yn
[2026-09-03 14:22:42][debug][GraphsyncDAGSyncer] Return node for CID QmZPc6vTwHuCxqtwETyJLxf1JLnQvtB54QDsT7PgCNH9yn instance=5217284216
[2026-09-03 14:22:42][info][CRDTCallbackManager] Executing callback for key '/cert/mint-v2:test:0000000000000000000000000000000000000000000000000000000000000000:42:824e9c66128f038563bef938c17a7669ee3d029d8eda35cb8ad83e2facaa5a7a4c586e41315d2ba1ed0b4ff2231697479f753059c9f2e4f357550cdade5b0b32:cccccccccccccccccccccccccccccccccccccccccccccccccccccccccccccccc' matching pattern '^/?cert/[^/]+'
[2026-09-03 14:22:42][debug][GraphsyncDAGSyncer] addNode: Added node QmZPc6vTwHuCxqtwETyJLxf1JLnQvtB54QDsT7PgCNH9yn on dagService 
[2026-09-03 14:22:42][debug][GraphsyncDAGSyncer] Block removed from LRU cache: CID QmZPc6vTwHuCxqtwETyJLxf1JLnQvtB54QDsT7PgCNH9yn
[2026-09-03 14:22:42][info][CRDTCallbackManager] Successfully unregistered new data callback for pattern: '^/?/bc-144/tx/[^/]+'
[2026-09-03 14:22:42][info][CRDTCallbackManager] Successfully unregistered deleted data callback for pattern: '^/?/bc-144/tx/[^/]+'
[2026-09-03 14:22:42][info][CRDTCallbackManager] Successfully unregistered new data callback for pattern: '^/?/bc-963/tx/[^/]+'
[2026-09-03 14:22:42][info][CRDTCallbackManager] Successfully unregistered deleted data callback for pattern: '^/?/bc-963/tx/[^/]+'
[2026-09-03 14:22:42][info][CRDTCallbackManager] Successfully unregistered new data callback for pattern: '^/?/bc-369/tx/[^/]+'
[2026-09-03 14:22:42][info][CRDTCallbackManager] Successfully unregistered deleted data callback for pattern: '^/?/bc-369/tx/[^/]+'
[2026-09-03 14:22:42][info][TransactionManager] [c06efeaf - full: false] ~TransactionManager: Metrics — cert_fallback(success=0 failure=0) validation(approve=1 reject=0) tracking(insert=1 confirm=0 fail=0)
[2026-09-03 14:22:42][info][Blockchain] [c06efeaf] Stopping blockchain
[2026-09-03 14:22:42][info][CRDTCallbackManager] Successfully unregistered new data callback for pattern: '/?gnus-genesis-block'
[2026-09-03 14:22:42][info][CRDTCallbackManager] Successfully unregistered new data callback for pattern: '/?gnus-account-creation-.*'
[2026-09-03 14:22:42][info][CRDTCallbackManager] Successfully unregistered new data callback for pattern: '/?gnus-validator-registry'
[2026-09-03 14:22:42][debug][GlobalDB] ~GlobalDB CALLED with count 6 on multi_node_finality_fault/restart-certificate-validator-two/rocksdb 
[2026-09-03 14:22:42][info][GlobalDB] GlobalDB shutdown start
[2026-09-03 14:22:42][info][CrdtDatastore] CancelAndCloseNow: begin (pending_jobs=1, self_queue=0, root_queue=0, pending_roots=0, active_root=false)
[2026-09-03 14:22:42][debug][GraphsyncDAGSyncer] Stopping Dagsyncer
[2026-09-03 14:22:42][debug][GraphsyncDAGSyncer] Dagsyncer Stopped
[2026-09-03 14:22:42.605504000][th:1239989][error] graphsync Varint Error msg=Stream: closed by remote peer
[2026-09-03 14:22:42.605512000][th:1239989][info] graphsync stream read error, peer=4VDeVq, msg=stream is not readable
[2026-09-03 14:22:42.605623000][th:1240010][error] graphsync Varint Error msg=Stream: closed by this host
[2026-09-03 14:22:42][info][UTXOManager] Stored 1 UTXOs for address 824e9c66128f038563bef938c17a7669ee3d029d8eda35cb8ad83e2facaa5a7a4c586e41315d2ba1ed0b4ff2231697479f753059c9f2e4f357550cdade5b0b32
[2026-09-03 14:22:42][info][UTXOManager] Stored 1 UTXOs for address 824e9c66128f038563bef938c17a7669ee3d029d8eda35cb8ad83e2facaa5a7a4c586e41315d2ba1ed0b4ff2231697479f753059c9f2e4f357550cdade5b0b32
[2026-09-03 14:22:42][info][UTXOManager] Stored 2 UTXOs for address 824e9c66128f038563bef938c17a7669ee3d029d8eda35cb8ad83e2facaa5a7a4c586e41315d2ba1ed0b4ff2231697479f753059c9f2e4f357550cdade5b0b32
[2026-09-03 14:22:42][warning][TransactionManager] [44b14067 - full: false] Mint-v2 918e9e9e8676bae93148cb7ffcbb0944c42825cfcafb6647aa86292d24d69865 did not consume every burn input (already consumed or missing); burn outpoint metadata may have been rebuilt with zero amount
[2026-09-03 14:22:42][info][TransactionManager] [44b14067 - full: false] Created tokens (mint-v2), amount 42 balance 0
[2026-09-03 14:22:42][info][UTXOManager] Stored 2 UTXOs for address 824e9c66128f038563bef938c17a7669ee3d029d8eda35cb8ad83e2facaa5a7a4c586e41315d2ba1ed0b4ff2231697479f753059c9f2e4f357550cdade5b0b32
[2026-09-03 14:22:42][warning][TransactionManager] [168a68eb - full: false] Mint-v2 918e9e9e8676bae93148cb7ffcbb0944c42825cfcafb6647aa86292d24d69865 did not consume every burn input (already consumed or missing); burn outpoint metadata may have been rebuilt with zero amount
[2026-09-03 14:22:42][info][TransactionManager] [168a68eb - full: false] Created tokens (mint-v2), amount 42 balance 0
[2026-09-03 14:22:42][info][TransactionManager] [44b14067 - full: false] ChangeTransactionState: Tracking entry confirmed tx=918e9e9e8676bae93148cb7ffcbb0944c42825cfcafb6647aa86292d24d69865
[2026-09-03 14:22:42][info][TransactionManager] [168a68eb - full: false] ChangeTransactionState: Tracking entry confirmed tx=918e9e9e8676bae93148cb7ffcbb0944c42825cfcafb6647aa86292d24d69865
[2026-09-03 14:22:42][info][UTXOManager] Created checkpoint owner=44b1406774f32b7fa64b547d9264203f5fd729b481b80f6902080a4faed7074dc56db810cc7f5b1f2ebd0f19950f755d41099909ef52022fd7c13328cf7d5350 epoch=1 utxo_count=0
[2026-09-03 14:22:42][info][UTXOManager] Created checkpoint owner=168a68eb7a10ce0148f500340f0a534dc8c895ae417a9722bc5d80c2f845a7ec5ea14faf187434b6912a6b92c21a1665c030c9348fd3f6e2c84be8adf451102b epoch=1 utxo_count=0
[2026-09-03 14:22:43][info][CrdtDatastore] CancelAndCloseNow: CRDT workers stopped
[2026-09-03 14:22:43][warning][CrdtDatastore] CancelAndCloseNow called but shutdown has already started
[2026-09-03 14:22:43][debug][GraphsyncDAGSyncer] ~GraphsyncDAGSyncer CALLED
[2026-09-03 14:22:43][info][GlobalDB] GlobalDB shutdown finished
[2026-09-03 14:22:43.037037000][th:1240010][error] GossipPubSub Address monitoring timer error: Operation canceled
[2026-09-03 14:22:44][info][KeyPairFileStorage] Path to keypairs multi_node_finality_fault/restart-certificate-validator-two/keypair
[2026-09-03 14:22:44][info][KeyPairFileStorage] Peer ID from public key: 12D3KooWNyN6UakBK1R51zuGVoSNd4D7uFgqQ9kumf2m214VDeVq
Current limits: 16384 (soft), 9223372036854775807 (hard)
New limits set successfully: 16384 (soft), 9223372036854775807 (hard)
Initialized relay addresses
[2026-09-03 14:22:44.048042000][th:1239051][info] GossipPubSub /ip4/0.0.0.0/tcp/54612/p2p/12D3KooWNyN6UakBK1R51zuGVoSNd4D7uFgqQ9kumf2m214VDeVq: Starting PubSub service
[2026-09-03 14:22:44.048364000][th:1240319][info] GossipPubSub Starting address monitoring system for mobile network changes
[2026-09-03 14:22:44.048373000][th:1240319][info] GossipPubSub === CURRENT NETWORK STATE ===
[2026-09-03 14:22:44.048393000][th:1240319][info] GossipPubSub Primary listening address: /ip4/0.0.0.0/tcp/54612/p2p/12D3KooWNyN6UakBK1R51zuGVoSNd4D7uFgqQ9kumf2m214VDeVq
[2026-09-03 14:22:44.048396000][th:1240319][info] GossipPubSub Host peer info addresses (0):
[2026-09-03 14:22:44.048397000][th:1240319][info] GossipPubSub Additional addresses we track (0):
[2026-09-03 14:22:44.048399000][th:1240319][info] GossipPubSub Listening addresses (1):
[2026-09-03 14:22:44.048400000][th:1240319][info] GossipPubSub   -> /ip4/0.0.0.0/tcp/54612/p2p/12D3KooWNyN6UakBK1R51zuGVoSNd4D7uFgqQ9kumf2m214VDeVq
[2026-09-03 14:22:44.048402000][th:1240319][info] GossipPubSub Interface addresses (0):
[2026-09-03 14:22:44.048403000][th:1240319][info] GossipPubSub === RAW OBSERVED ADDRESS DEBUG ===
[2026-09-03 14:22:44.048406000][th:1240319][info] GossipPubSub Local address: /ip4/0.0.0.0/tcp/54612/p2p/12D3KooWNyN6UakBK1R51zuGVoSNd4D7uFgqQ9kumf2m214VDeVq -> 0 raw observed, 0 activated+confirmed
[2026-09-03 14:22:44.048408000][th:1240319][info] GossipPubSub TOTAL: 0 raw observed addresses, 0 activated+confirmed addresses
[2026-09-03 14:22:44.048409000][th:1240319][info] GossipPubSub === END RAW OBSERVED ADDRESS DEBUG ===
[2026-09-03 14:22:44.048410000][th:1240319][info] GossipPubSub Observed addresses - all (0):
[2026-09-03 14:22:44.048411000][th:1240319][info] GossipPubSub Observed addresses - confirmed only (0):
[2026-09-03 14:22:44.048413000][th:1240319][info] GossipPubSub Relay addresses (0):
[2026-09-03 14:22:44.048417000][th:1240319][warning] GossipPubSub Failed to get addresses from peer repository: not found
[2026-09-03 14:22:44.048510000][th:1240319][info] GossipPubSub Found 1 valid network interfaces
[2026-09-03 14:22:44.048515000][th:1240319][info] GossipPubSub Current network interfaces (1):
[2026-09-03 14:22:44.048517000][th:1240319][info] GossipPubSub   -> 192.168.1.6
[2026-09-03 14:22:44.048519000][th:1240319][info] GossipPubSub Active connections: 0
[2026-09-03 14:22:44.048520000][th:1240319][info] GossipPubSub === PEER CONNECTION DETAILS ===
[2026-09-03 14:22:44.048522000][th:1240319][info] GossipPubSub NOTE: Observed addresses need to be seen by 4+ different peer groups to become 'activated'
[2026-09-03 14:22:44.048523000][th:1240319][info] GossipPubSub NOTE: Current connections: 0, so max possible observers: 0
[2026-09-03 14:22:44.048524000][th:1240319][info] GossipPubSub === END PEER CONNECTION DETAILS ===
[2026-09-03 14:22:44.048525000][th:1240319][info] GossipPubSub Connection manager stats:
[2026-09-03 14:22:44.048527000][th:1240319][info] GossipPubSub   -> Max connections: 1000
[2026-09-03 14:22:44.048528000][th:1240319][info] GossipPubSub   -> Current connections: 0
[2026-09-03 14:22:44.048529000][th:1240319][info] GossipPubSub === END NETWORK STATE ===
[2026-09-03 14:22:44.048951000][th:1240319][info] GossipPubSub /ip4/0.0.0.0/tcp/54612/p2p/12D3KooWNyN6UakBK1R51zuGVoSNd4D7uFgqQ9kumf2m214VDeVq : PubSub service started
[2026-09-03 14:22:44][info][GlobalDB] Opening database /Users/henriqueklein/gnus/SuperGenius/multi_node_finality_fault/restart-certificate-validator-two/rocksdb
[2026-09-03 14:22:44][debug][GraphsyncDAGSyncer] GraphSyncer created 5393921320 
[2026-09-03 14:22:44][info][CrdtDatastore] crdt Datastore created. Number of heads: 2 Current max-height: 18446744073709551615
[2026-09-03 14:22:44][info][GeniusAccount] Secure storage ID path: /Users/henriqueklein/gnus/SuperGenius/multi_node_finality_fault/restart-certificate-validator-two/account/secure_storage_id
[2026-09-03 14:22:44][info][GeniusAccount] Loaded public key from file: c06efeafd47a52af... (length: 128)
[2026-09-03 14:22:44][info][GeniusAccount] Successfully loaded key_seed from storage
[2026-09-03 14:22:44][info][GeniusAccount] Validation successful: key_seed matches stored public key
[2026-09-03 14:22:44][warning][UTXOManager] Found UTXOs in storage, but there were none
[2026-09-03 14:22:44][info][Blockchain] [c06efeaf] Blockchain instance created with authorized full node: 8a33bdf1
[2026-09-03 14:22:44][info][ValidatorRegistry] InitializeCache: cache initialized with CID QmdSci3PHHU8ExWbXBZTNWPHTUrEUGdJr7FeRiveFFnTQd
[2026-09-03 14:22:44][info][CRDTCallbackManager] Successfully registered new data callback for pattern: '/?gnus-validator-registry'
[2026-09-03 14:22:44][info][ValidatorRegistry] RegisterFilter: result=true
[2026-09-03 14:22:44][info][ValidatorRegistry] New: instance ready
[2026-09-03 14:22:44.076849000][th:1240319][info] GossipPubSub /ip4/0.0.0.0/tcp/54612/p2p/12D3KooWNyN6UakBK1R51zuGVoSNd4D7uFgqQ9kumf2m214VDeVq: PubSub subscribed to topic 'gnus-validator-registry.3.7.144'
[2026-09-03 14:22:44][info][CRDTCallbackManager] Successfully registered new data callback for pattern: '^/?cert/[^/]+'
[2026-09-03 14:22:44.076874000][th:1240319][info] GossipPubSub /ip4/0.0.0.0/tcp/54612/p2p/12D3KooWNyN6UakBK1R51zuGVoSNd4D7uFgqQ9kumf2m214VDeVq: PubSub subscribed to topic 'consensus-channel-.3.7.144'
[2026-09-03 14:22:44.076895000][th:1240319][info] GossipPubSub /ip4/0.0.0.0/tcp/54612/p2p/12D3KooWNyN6UakBK1R51zuGVoSNd4D7uFgqQ9kumf2m214VDeVq: PubSub subscribed to topic 'consensus-channel-.3.7.144#datastore.3.7.144'
[2026-09-03 14:22:44][warning][ConsensusManager] ProcessCommittedCertificate: No subject handler for certificate with key /cert/mint-v2:test:0000000000000000000000000000000000000000000000000000000000000000:42:824e9c66128f038563bef938c17a7669ee3d029d8eda35cb8ad83e2facaa5a7a4c586e41315d2ba1ed0b4ff2231697479f753059c9f2e4f357550cdade5b0b32:cccccccccccccccccccccccccccccccccccccccccccccccccccccccccccccccc 
[2026-09-03 14:22:44][warning][ConsensusManager] ProcessCommittedCertificate: No subject handler for certificate with key /cert/mint-v2:test:0000000000000000000000000000000000000000000000000000000000000000:42:824e9c66128f038563bef938c17a7669ee3d029d8eda35cb8ad83e2facaa5a7a4c586e41315d2ba1ed0b4ff2231697479f753059c9f2e4f357550cdade5b0b32:cccccccccccccccccccccccccccccccccccccccccccccccccccccccccccccccc 
[2026-09-03 14:22:44][info][CRDTCallbackManager] Successfully registered new data callback for pattern: '/?gnus-genesis-block'
[2026-09-03 14:22:44][info][CRDTCallbackManager] Successfully registered new data callback for pattern: '/?gnus-account-creation-.*'
[2026-09-03 14:22:44][info][UTXOManager] Stored 1 UTXOs for address 824e9c66128f038563bef938c17a7669ee3d029d8eda35cb8ad83e2facaa5a7a4c586e41315d2ba1ed0b4ff2231697479f753059c9f2e4f357550cdade5b0b32
[2026-09-03 14:22:44][info][UTXOManager] Stored 2 UTXOs for address 824e9c66128f038563bef938c17a7669ee3d029d8eda35cb8ad83e2facaa5a7a4c586e41315d2ba1ed0b4ff2231697479f753059c9f2e4f357550cdade5b0b32
[2026-09-03 14:22:44][warning][TransactionManager] [c06efeaf - full: false] Mint-v2 918e9e9e8676bae93148cb7ffcbb0944c42825cfcafb6647aa86292d24d69865 did not consume every burn input (already consumed or missing); burn outpoint metadata may have been rebuilt with zero amount
[2026-09-03 14:22:44][info][TransactionManager] [c06efeaf - full: false] Created tokens (mint-v2), amount 42 balance 0
[2026-09-03 14:22:44][info][TransactionManager] [c06efeaf - full: false] ChangeTransactionState: Tracking entry confirmed tx=918e9e9e8676bae93148cb7ffcbb0944c42825cfcafb6647aa86292d24d69865
[2026-09-03 14:22:44][info][TransactionManager] [c06efeaf - full: false] OnConsensusCertificate: Standalone validator confirmed tx 918e9e9e8676bae93148cb7ffcbb0944c42825cfcafb6647aa86292d24d69865 from certificate proposal_id=0849df07c1312bc226c5589d5b44cc7c0860e49463a264b0c37f8e83a52a3d2d
[2026-09-03 14:22:44][info][UTXOManager] Created checkpoint owner=c06efeafd47a52af77aa50b7a541e2d0ae5e542564d98fb8dd2bc84ed6c26d4b76e9a601cbaad44309dd60e2550c9e0054d4cf46985723b30798ba0c85d86e6f epoch=1 utxo_count=0
[2026-09-03 14:22:44][info][CRDTCallbackManager] Successfully registered new data callback for pattern: '^/?/bc-144/tx/[^/]+'
[2026-09-03 14:22:44][info][CRDTCallbackManager] Successfully registered deleted data callback for pattern: '^/?/bc-144/tx/[^/]+'
[2026-09-03 14:22:44][info][CRDTCallbackManager] Successfully registered new data callback for pattern: '^/?/bc-963/tx/[^/]+'
[2026-09-03 14:22:44][info][CRDTCallbackManager] Successfully registered deleted data callback for pattern: '^/?/bc-963/tx/[^/]+'
[2026-09-03 14:22:44][info][CRDTCallbackManager] Successfully registered new data callback for pattern: '^/?/bc-369/tx/[^/]+'
[2026-09-03 14:22:44][info][CRDTCallbackManager] Successfully registered deleted data callback for pattern: '^/?/bc-369/tx/[^/]+'
[2026-09-03 14:22:44.113071000][th:1239989][info] GossipPubSub Adding new peer: 12D3KooWNyN6UakBK1R51zuGVoSNd4D7uFgqQ9kumf2m214VDeVq
[2026-09-03 14:22:44.113139000][th:1239989][info] GossipPubSub Adding new peer: 12D3KooWGhLBZWmgmZgFY8UE6Db88392Bo4EksEBt61xbkQh7ZXc
[2026-09-03 14:22:44.113196000][th:1239989][info] GossipPubSub Adding new peer: 12D3KooWCtmq2HPagwuCM8wqQyxWXwjfPde2tCZR4J1dJRPsciUD
[2026-09-03 14:22:44.113220000][th:1240319][info] GossipPubSub Adding new peer: 12D3KooWKaTWpkf4PyVdbhHygC6AzmhEZ3XYxGp6HcuCj4t1E47C
[2026-09-03 14:22:44.113285000][th:1240319][info] GossipPubSub Adding new peer: 12D3KooWGhLBZWmgmZgFY8UE6Db88392Bo4EksEBt61xbkQh7ZXc
[2026-09-03 14:22:44.113339000][th:1240319][info] GossipPubSub Adding new peer: 12D3KooWCtmq2HPagwuCM8wqQyxWXwjfPde2tCZR4J1dJRPsciUD
[2026-09-03 14:22:44.113359000][th:1240031][info] GossipPubSub Adding new peer: 12D3KooWKaTWpkf4PyVdbhHygC6AzmhEZ3XYxGp6HcuCj4t1E47C
[2026-09-03 14:22:44.113404000][th:1240031][info] GossipPubSub Adding new peer: 12D3KooWNyN6UakBK1R51zuGVoSNd4D7uFgqQ9kumf2m214VDeVq
[2026-09-03 14:22:44.113451000][th:1240031][info] GossipPubSub Adding new peer: 12D3KooWCtmq2HPagwuCM8wqQyxWXwjfPde2tCZR4J1dJRPsciUD
[2026-09-03 14:22:44.113499000][th:1240053][info] GossipPubSub Adding new peer: 12D3KooWKaTWpkf4PyVdbhHygC6AzmhEZ3XYxGp6HcuCj4t1E47C
[2026-09-03 14:22:44.113543000][th:1240053][info] GossipPubSub Adding new peer: 12D3KooWNyN6UakBK1R51zuGVoSNd4D7uFgqQ9kumf2m214VDeVq
[2026-09-03 14:22:44.113613000][th:1240053][info] GossipPubSub Adding new peer: 12D3KooWGhLBZWmgmZgFY8UE6Db88392Bo4EksEBt61xbkQh7ZXc
[2026-09-03 14:22:44][info][CRDTCallbackManager] Successfully unregistered new data callback for pattern: '^/?/bc-144/tx/[^/]+'
[2026-09-03 14:22:44][info][CRDTCallbackManager] Successfully unregistered deleted data callback for pattern: '^/?/bc-144/tx/[^/]+'
[2026-09-03 14:22:44][info][CRDTCallbackManager] Successfully unregistered new data callback for pattern: '^/?/bc-963/tx/[^/]+'
[2026-09-03 14:22:44][info][CRDTCallbackManager] Successfully unregistered deleted data callback for pattern: '^/?/bc-963/tx/[^/]+'
[2026-09-03 14:22:44][info][CRDTCallbackManager] Successfully unregistered new data callback for pattern: '^/?/bc-369/tx/[^/]+'
[2026-09-03 14:22:44][info][CRDTCallbackManager] Successfully unregistered deleted data callback for pattern: '^/?/bc-369/tx/[^/]+'
[2026-09-03 14:22:44][info][TransactionManager] [824e9c66 - full: false] ~TransactionManager: Metrics — cert_fallback(success=0 failure=0) validation(approve=1 reject=0) tracking(insert=1 confirm=1 fail=0)
[2026-09-03 14:22:44][info][Blockchain] [824e9c66] Stopping blockchain
[2026-09-03 14:22:44][info][CRDTCallbackManager] Successfully unregistered new data callback for pattern: '/?gnus-genesis-block'
[2026-09-03 14:22:44][info][CRDTCallbackManager] Successfully unregistered new data callback for pattern: '/?gnus-account-creation-.*'
[2026-09-03 14:22:44][info][CRDTCallbackManager] Successfully unregistered new data callback for pattern: '/?gnus-validator-registry'
[2026-09-03 14:22:44][debug][GlobalDB] ~GlobalDB CALLED with count 6 on multi_node_finality_fault/restart-certificate-validator-one/rocksdb 
[2026-09-03 14:22:44][info][GlobalDB] GlobalDB shutdown start
[2026-09-03 14:22:44][info][CrdtDatastore] CancelAndCloseNow: begin (pending_jobs=1, self_queue=0, root_queue=0, pending_roots=0, active_root=false)
[2026-09-03 14:22:44][debug][GraphsyncDAGSyncer] Stopping Dagsyncer
[2026-09-03 14:22:44][debug][GraphsyncDAGSyncer] Dagsyncer Stopped
[2026-09-03 14:22:44.207315000][th:1240053][error] graphsync Varint Error msg=Stream: closed by remote peer
[2026-09-03 14:22:44.207321000][th:1240053][info] graphsync stream read error, peer=t1E47C, msg=stream is not readable
[2026-09-03 14:22:44.207330000][th:1240031][error] graphsync Varint Error msg=Stream: closed by remote peer
[2026-09-03 14:22:44.207334000][th:1240031][info] graphsync stream read error, peer=t1E47C, msg=stream is not readable
[2026-09-03 14:22:44.207388000][th:1239989][error] graphsync Varint Error msg=Stream: closed by this host
[2026-09-03 14:22:44.207409000][th:1239989][error] graphsync Varint Error msg=Stream: closed by this host
[2026-09-03 14:22:44][info][CrdtDatastore] CancelAndCloseNow: CRDT workers stopped
[2026-09-03 14:22:44][warning][CrdtDatastore] CancelAndCloseNow called but shutdown has already started
[2026-09-03 14:22:44][debug][GraphsyncDAGSyncer] ~GraphsyncDAGSyncer CALLED
[2026-09-03 14:22:44][info][GlobalDB] GlobalDB shutdown finished
[2026-09-03 14:22:44.507462000][th:1239989][error] GossipPubSub Address monitoring timer error: Operation canceled
[2026-09-03 14:22:45][info][KeyPairFileStorage] Path to keypairs multi_node_finality_fault/restart-certificate-validator-one/keypair
[2026-09-03 14:22:45][info][KeyPairFileStorage] Peer ID from public key: 12D3KooWKaTWpkf4PyVdbhHygC6AzmhEZ3XYxGp6HcuCj4t1E47C
Current limits: 16384 (soft), 9223372036854775807 (hard)
New limits set successfully: 16384 (soft), 9223372036854775807 (hard)
Initialized relay addresses
[2026-09-03 14:22:45.516210000][th:1239051][info] GossipPubSub /ip4/0.0.0.0/tcp/54611/p2p/12D3KooWKaTWpkf4PyVdbhHygC6AzmhEZ3XYxGp6HcuCj4t1E47C: Starting PubSub service
[2026-09-03 14:22:45.516323000][th:1240467][info] GossipPubSub Starting address monitoring system for mobile network changes
[2026-09-03 14:22:45.516325000][th:1240467][info] GossipPubSub === CURRENT NETWORK STATE ===
[2026-09-03 14:22:45.516337000][th:1240467][info] GossipPubSub Primary listening address: /ip4/0.0.0.0/tcp/54611/p2p/12D3KooWKaTWpkf4PyVdbhHygC6AzmhEZ3XYxGp6HcuCj4t1E47C
[2026-09-03 14:22:45.516339000][th:1240467][info] GossipPubSub Host peer info addresses (0):
[2026-09-03 14:22:45.516341000][th:1240467][info] GossipPubSub Additional addresses we track (0):
[2026-09-03 14:22:45.516343000][th:1240467][info] GossipPubSub Listening addresses (1):
[2026-09-03 14:22:45.516344000][th:1240467][info] GossipPubSub   -> /ip4/0.0.0.0/tcp/54611/p2p/12D3KooWKaTWpkf4PyVdbhHygC6AzmhEZ3XYxGp6HcuCj4t1E47C
[2026-09-03 14:22:45.516346000][th:1240467][info] GossipPubSub Interface addresses (0):
[2026-09-03 14:22:45.516347000][th:1240467][info] GossipPubSub === RAW OBSERVED ADDRESS DEBUG ===
[2026-09-03 14:22:45.516350000][th:1240467][info] GossipPubSub Local address: /ip4/0.0.0.0/tcp/54611/p2p/12D3KooWKaTWpkf4PyVdbhHygC6AzmhEZ3XYxGp6HcuCj4t1E47C -> 0 raw observed, 0 activated+confirmed
[2026-09-03 14:22:45.516353000][th:1240467][info] GossipPubSub TOTAL: 0 raw observed addresses, 0 activated+confirmed addresses
[2026-09-03 14:22:45.516354000][th:1240467][info] GossipPubSub === END RAW OBSERVED ADDRESS DEBUG ===
[2026-09-03 14:22:45.516355000][th:1240467][info] GossipPubSub Observed addresses - all (0):
[2026-09-03 14:22:45.516357000][th:1240467][info] GossipPubSub Observed addresses - confirmed only (0):
[2026-09-03 14:22:45.516358000][th:1240467][info] GossipPubSub Relay addresses (0):
[2026-09-03 14:22:45.516360000][th:1240467][warning] GossipPubSub Failed to get addresses from peer repository: not found
[2026-09-03 14:22:45.516414000][th:1240467][info] GossipPubSub Found 1 valid network interfaces
[2026-09-03 14:22:45.516417000][th:1240467][info] GossipPubSub Current network interfaces (1):
[2026-09-03 14:22:45.516418000][th:1240467][info] GossipPubSub   -> 192.168.1.6
[2026-09-03 14:22:45.516420000][th:1240467][info] GossipPubSub Active connections: 0
[2026-09-03 14:22:45.516421000][th:1240467][info] GossipPubSub === PEER CONNECTION DETAILS ===
[2026-09-03 14:22:45.516422000][th:1240467][info] GossipPubSub NOTE: Observed addresses need to be seen by 4+ different peer groups to become 'activated'
[2026-09-03 14:22:45.516429000][th:1240467][info] GossipPubSub NOTE: Current connections: 0, so max possible observers: 0
[2026-09-03 14:22:45.516430000][th:1240467][info] GossipPubSub === END PEER CONNECTION DETAILS ===
[2026-09-03 14:22:45.516431000][th:1240467][info] GossipPubSub Connection manager stats:
[2026-09-03 14:22:45.516434000][th:1240467][info] GossipPubSub   -> Max connections: 1000
[2026-09-03 14:22:45.516435000][th:1240467][info] GossipPubSub   -> Current connections: 0
[2026-09-03 14:22:45.516436000][th:1240467][info] GossipPubSub === END NETWORK STATE ===
[2026-09-03 14:22:45.516632000][th:1240467][info] GossipPubSub /ip4/0.0.0.0/tcp/54611/p2p/12D3KooWKaTWpkf4PyVdbhHygC6AzmhEZ3XYxGp6HcuCj4t1E47C : PubSub service started
[2026-09-03 14:22:45][info][GlobalDB] Opening database /Users/henriqueklein/gnus/SuperGenius/multi_node_finality_fault/restart-certificate-validator-one/rocksdb
[2026-09-03 14:22:45][debug][GraphsyncDAGSyncer] GraphSyncer created 5217122536 
[2026-09-03 14:22:45][info][CrdtDatastore] crdt Datastore created. Number of heads: 2 Current max-height: 18446744073709551615
[2026-09-03 14:22:45][info][GeniusAccount] Secure storage ID path: /Users/henriqueklein/gnus/SuperGenius/multi_node_finality_fault/restart-certificate-validator-one/account/secure_storage_id
[2026-09-03 14:22:45][info][GeniusAccount] Loaded public key from file: 824e9c66128f0385... (length: 128)
[2026-09-03 14:22:45][info][GeniusAccount] Successfully loaded key_seed from storage
[2026-09-03 14:22:45][info][GeniusAccount] Validation successful: key_seed matches stored public key
[2026-09-03 14:22:45][warning][UTXOManager] Skipping malformed UTXO key /utxo-checkpoint/824e9c66128f038563bef938c17a7669ee3d029d8eda35cb8ad83e2facaa5a7a4c586e41315d2ba1ed0b4ff2231697479f753059c9f2e4f357550cdade5b0b32/1
[2026-09-03 14:22:45][warning][UTXOManager] Skipping malformed UTXO key /utxo-checkpoint/824e9c66128f038563bef938c17a7669ee3d029d8eda35cb8ad83e2facaa5a7a4c586e41315d2ba1ed0b4ff2231697479f753059c9f2e4f357550cdade5b0b32/latest
[2026-09-03 14:22:45][info][Blockchain] [824e9c66] Blockchain instance created with authorized full node: 8a33bdf1
[2026-09-03 14:22:45][info][ValidatorRegistry] InitializeCache: cache initialized with CID QmdSci3PHHU8ExWbXBZTNWPHTUrEUGdJr7FeRiveFFnTQd
[2026-09-03 14:22:45][info][CRDTCallbackManager] Successfully registered new data callback for pattern: '/?gnus-validator-registry'
[2026-09-03 14:22:45][info][ValidatorRegistry] RegisterFilter: result=true
[2026-09-03 14:22:45][info][ValidatorRegistry] New: instance ready
[2026-09-03 14:22:45.540366000][th:1240467][info] GossipPubSub /ip4/0.0.0.0/tcp/54611/p2p/12D3KooWKaTWpkf4PyVdbhHygC6AzmhEZ3XYxGp6HcuCj4t1E47C: PubSub subscribed to topic 'gnus-validator-registry.3.7.144'
[2026-09-03 14:22:45][info][CRDTCallbackManager] Successfully registered new data callback for pattern: '^/?cert/[^/]+'
[2026-09-03 14:22:45.540392000][th:1240467][info] GossipPubSub /ip4/0.0.0.0/tcp/54611/p2p/12D3KooWKaTWpkf4PyVdbhHygC6AzmhEZ3XYxGp6HcuCj4t1E47C: PubSub subscribed to topic 'consensus-channel-.3.7.144'
[2026-09-03 14:22:45.540415000][th:1240467][info] GossipPubSub /ip4/0.0.0.0/tcp/54611/p2p/12D3KooWKaTWpkf4PyVdbhHygC6AzmhEZ3XYxGp6HcuCj4t1E47C: PubSub subscribed to topic 'consensus-channel-.3.7.144#datastore.3.7.144'
[2026-09-03 14:22:45][info][CRDTCallbackManager] Successfully registered new data callback for pattern: '/?gnus-genesis-block'
[2026-09-03 14:22:45][info][CRDTCallbackManager] Successfully registered new data callback for pattern: '/?gnus-account-creation-.*'
[2026-09-03 14:22:45][info][CRDTCallbackManager] Successfully registered new data callback for pattern: '^/?/bc-144/tx/[^/]+'
[2026-09-03 14:22:45][info][CRDTCallbackManager] Successfully registered deleted data callback for pattern: '^/?/bc-144/tx/[^/]+'
[2026-09-03 14:22:45][info][CRDTCallbackManager] Successfully registered new data callback for pattern: '^/?/bc-963/tx/[^/]+'
[2026-09-03 14:22:45][info][CRDTCallbackManager] Successfully registered deleted data callback for pattern: '^/?/bc-963/tx/[^/]+'
[2026-09-03 14:22:45][info][CRDTCallbackManager] Successfully registered new data callback for pattern: '^/?/bc-369/tx/[^/]+'
[2026-09-03 14:22:45][info][CRDTCallbackManager] Successfully registered deleted data callback for pattern: '^/?/bc-369/tx/[^/]+'
[2026-09-03 14:22:45][info][CRDTCallbackManager] Successfully unregistered new data callback for pattern: '^/?/bc-144/tx/[^/]+'
[2026-09-03 14:22:45][info][CRDTCallbackManager] Successfully unregistered deleted data callback for pattern: '^/?/bc-144/tx/[^/]+'
[2026-09-03 14:22:45][info][CRDTCallbackManager] Successfully unregistered new data callback for pattern: '^/?/bc-963/tx/[^/]+'
[2026-09-03 14:22:45][info][CRDTCallbackManager] Successfully unregistered deleted data callback for pattern: '^/?/bc-963/tx/[^/]+'
[2026-09-03 14:22:45][info][CRDTCallbackManager] Successfully unregistered new data callback for pattern: '^/?/bc-369/tx/[^/]+'
[2026-09-03 14:22:45][info][CRDTCallbackManager] Successfully unregistered deleted data callback for pattern: '^/?/bc-369/tx/[^/]+'
[2026-09-03 14:22:45][info][TransactionManager] [c06efeaf - full: false] ~TransactionManager: Metrics — cert_fallback(success=1 failure=0) validation(approve=0 reject=0) tracking(insert=0 confirm=1 fail=0)
[2026-09-03 14:22:45][info][Blockchain] [c06efeaf] Stopping blockchain
[2026-09-03 14:22:45][info][CRDTCallbackManager] Successfully unregistered new data callback for pattern: '/?gnus-genesis-block'
[2026-09-03 14:22:45][info][CRDTCallbackManager] Successfully unregistered new data callback for pattern: '/?gnus-account-creation-.*'
[2026-09-03 14:22:45][info][CRDTCallbackManager] Successfully unregistered new data callback for pattern: '/?gnus-validator-registry'
[2026-09-03 14:22:45][debug][GlobalDB] ~GlobalDB CALLED with count 6 on multi_node_finality_fault/restart-certificate-validator-two/rocksdb 
[2026-09-03 14:22:45][info][GlobalDB] GlobalDB shutdown start
[2026-09-03 14:22:45][info][CrdtDatastore] CancelAndCloseNow: begin (pending_jobs=0, self_queue=0, root_queue=0, pending_roots=0, active_root=false)
[2026-09-03 14:22:45][debug][GraphsyncDAGSyncer] Stopping Dagsyncer
[2026-09-03 14:22:45][debug][GraphsyncDAGSyncer] Dagsyncer Stopped
[2026-09-03 14:22:45][info][CrdtDatastore] CancelAndCloseNow: CRDT workers stopped
[2026-09-03 14:22:45][warning][CrdtDatastore] CancelAndCloseNow called but shutdown has already started
[2026-09-03 14:22:45][debug][GraphsyncDAGSyncer] ~GraphsyncDAGSyncer CALLED
[2026-09-03 14:22:45][info][GlobalDB] GlobalDB shutdown finished
[2026-09-03 14:22:45.592741000][th:1240319][error] GossipPubSub Address monitoring timer error: Operation canceled
[2026-09-03 14:22:46][info][KeyPairFileStorage] Path to keypairs multi_node_finality_fault/restart-certificate-validator-two/keypair
[2026-09-03 14:22:46][info][KeyPairFileStorage] Peer ID from public key: 12D3KooWNyN6UakBK1R51zuGVoSNd4D7uFgqQ9kumf2m214VDeVq
Current limits: 16384 (soft), 9223372036854775807 (hard)
New limits set successfully: 16384 (soft), 9223372036854775807 (hard)
Initialized relay addresses
[2026-09-03 14:22:46.600282000][th:1239051][info] GossipPubSub /ip4/0.0.0.0/tcp/54612/p2p/12D3KooWNyN6UakBK1R51zuGVoSNd4D7uFgqQ9kumf2m214VDeVq: Starting PubSub service
[2026-09-03 14:22:46.600416000][th:1240517][info] GossipPubSub Starting address monitoring system for mobile network changes
[2026-09-03 14:22:46.600418000][th:1240517][info] GossipPubSub === CURRENT NETWORK STATE ===
[2026-09-03 14:22:46.600432000][th:1240517][info] GossipPubSub Primary listening address: /ip4/0.0.0.0/tcp/54612/p2p/12D3KooWNyN6UakBK1R51zuGVoSNd4D7uFgqQ9kumf2m214VDeVq
[2026-09-03 14:22:46.600435000][th:1240517][info] GossipPubSub Host peer info addresses (0):
[2026-09-03 14:22:46.600437000][th:1240517][info] GossipPubSub Additional addresses we track (0):
[2026-09-03 14:22:46.600438000][th:1240517][info] GossipPubSub Listening addresses (1):
[2026-09-03 14:22:46.600440000][th:1240517][info] GossipPubSub   -> /ip4/0.0.0.0/tcp/54612/p2p/12D3KooWNyN6UakBK1R51zuGVoSNd4D7uFgqQ9kumf2m214VDeVq
[2026-09-03 14:22:46.600442000][th:1240517][info] GossipPubSub Interface addresses (0):
[2026-09-03 14:22:46.600443000][th:1240517][info] GossipPubSub === RAW OBSERVED ADDRESS DEBUG ===
[2026-09-03 14:22:46.600446000][th:1240517][info] GossipPubSub Local address: /ip4/0.0.0.0/tcp/54612/p2p/12D3KooWNyN6UakBK1R51zuGVoSNd4D7uFgqQ9kumf2m214VDeVq -> 0 raw observed, 0 activated+confirmed
[2026-09-03 14:22:46.600449000][th:1240517][info] GossipPubSub TOTAL: 0 raw observed addresses, 0 activated+confirmed addresses
[2026-09-03 14:22:46.600450000][th:1240517][info] GossipPubSub === END RAW OBSERVED ADDRESS DEBUG ===
[2026-09-03 14:22:46.600451000][th:1240517][info] GossipPubSub Observed addresses - all (0):
[2026-09-03 14:22:46.600459000][th:1240517][info] GossipPubSub Observed addresses - confirmed only (0):
[2026-09-03 14:22:46.600461000][th:1240517][info] GossipPubSub Relay addresses (0):
[2026-09-03 14:22:46.600464000][th:1240517][warning] GossipPubSub Failed to get addresses from peer repository: not found
[2026-09-03 14:22:46.600532000][th:1240517][info] GossipPubSub Found 1 valid network interfaces
[2026-09-03 14:22:46.600534000][th:1240517][info] GossipPubSub Current network interfaces (1):
[2026-09-03 14:22:46.600535000][th:1240517][info] GossipPubSub   -> 192.168.1.6
[2026-09-03 14:22:46.600537000][th:1240517][info] GossipPubSub Active connections: 0
[2026-09-03 14:22:46.600538000][th:1240517][info] GossipPubSub === PEER CONNECTION DETAILS ===
[2026-09-03 14:22:46.600539000][th:1240517][info] GossipPubSub NOTE: Observed addresses need to be seen by 4+ different peer groups to become 'activated'
[2026-09-03 14:22:46.600541000][th:1240517][info] GossipPubSub NOTE: Current connections: 0, so max possible observers: 0
[2026-09-03 14:22:46.600542000][th:1240517][info] GossipPubSub === END PEER CONNECTION DETAILS ===
[2026-09-03 14:22:46.600543000][th:1240517][info] GossipPubSub Connection manager stats:
[2026-09-03 14:22:46.600545000][th:1240517][info] GossipPubSub   -> Max connections: 1000
[2026-09-03 14:22:46.600546000][th:1240517][info] GossipPubSub   -> Current connections: 0
[2026-09-03 14:22:46.600547000][th:1240517][info] GossipPubSub === END NETWORK STATE ===
[2026-09-03 14:22:46.600788000][th:1240517][info] GossipPubSub /ip4/0.0.0.0/tcp/54612/p2p/12D3KooWNyN6UakBK1R51zuGVoSNd4D7uFgqQ9kumf2m214VDeVq : PubSub service started
[2026-09-03 14:22:46][info][GlobalDB] Opening database /Users/henriqueklein/gnus/SuperGenius/multi_node_finality_fault/restart-certificate-validator-two/rocksdb
[2026-09-03 14:22:46][debug][GraphsyncDAGSyncer] GraphSyncer created 5396199368 
[2026-09-03 14:22:46][info][CrdtDatastore] crdt Datastore created. Number of heads: 2 Current max-height: 18446744073709551615
[2026-09-03 14:22:46][info][GeniusAccount] Secure storage ID path: /Users/henriqueklein/gnus/SuperGenius/multi_node_finality_fault/restart-certificate-validator-two/account/secure_storage_id
[2026-09-03 14:22:46][info][GeniusAccount] Loaded public key from file: c06efeafd47a52af... (length: 128)
[2026-09-03 14:22:46][info][GeniusAccount] Successfully loaded key_seed from storage
[2026-09-03 14:22:46][info][GeniusAccount] Validation successful: key_seed matches stored public key
[2026-09-03 14:22:46][warning][UTXOManager] Skipping malformed UTXO key /utxo-checkpoint/c06efeafd47a52af77aa50b7a541e2d0ae5e542564d98fb8dd2bc84ed6c26d4b76e9a601cbaad44309dd60e2550c9e0054d4cf46985723b30798ba0c85d86e6f/1
[2026-09-03 14:22:46][warning][UTXOManager] Skipping malformed UTXO key /utxo-checkpoint/c06efeafd47a52af77aa50b7a541e2d0ae5e542564d98fb8dd2bc84ed6c26d4b76e9a601cbaad44309dd60e2550c9e0054d4cf46985723b30798ba0c85d86e6f/latest
[2026-09-03 14:22:46][info][Blockchain] [c06efeaf] Blockchain instance created with authorized full node: 8a33bdf1
[2026-09-03 14:22:46][info][ValidatorRegistry] InitializeCache: cache initialized with CID QmdSci3PHHU8ExWbXBZTNWPHTUrEUGdJr7FeRiveFFnTQd
[2026-09-03 14:22:46][info][CRDTCallbackManager] Successfully registered new data callback for pattern: '/?gnus-validator-registry'
[2026-09-03 14:22:46][info][ValidatorRegistry] RegisterFilter: result=true
[2026-09-03 14:22:46][info][ValidatorRegistry] New: instance ready
[2026-09-03 14:22:46.630118000][th:1240517][info] GossipPubSub /ip4/0.0.0.0/tcp/54612/p2p/12D3KooWNyN6UakBK1R51zuGVoSNd4D7uFgqQ9kumf2m214VDeVq: PubSub subscribed to topic 'gnus-validator-registry.3.7.144'
[2026-09-03 14:22:46.630146000][th:1240517][info] GossipPubSub /ip4/0.0.0.0/tcp/54612/p2p/12D3KooWNyN6UakBK1R51zuGVoSNd4D7uFgqQ9kumf2m214VDeVq: PubSub subscribed to topic 'consensus-channel-.3.7.144'
[2026-09-03 14:22:46][info][CRDTCallbackManager] Successfully registered new data callback for pattern: '^/?cert/[^/]+'
[2026-09-03 14:22:46.630179000][th:1240517][info] GossipPubSub /ip4/0.0.0.0/tcp/54612/p2p/12D3KooWNyN6UakBK1R51zuGVoSNd4D7uFgqQ9kumf2m214VDeVq: PubSub subscribed to topic 'consensus-channel-.3.7.144#datastore.3.7.144'
[2026-09-03 14:22:46][info][CRDTCallbackManager] Successfully registered new data callback for pattern: '/?gnus-genesis-block'
[2026-09-03 14:22:46][info][CRDTCallbackManager] Successfully registered new data callback for pattern: '/?gnus-account-creation-.*'
[2026-09-03 14:22:46][info][CRDTCallbackManager] Successfully registered new data callback for pattern: '^/?/bc-144/tx/[^/]+'
[2026-09-03 14:22:46][info][CRDTCallbackManager] Successfully registered deleted data callback for pattern: '^/?/bc-144/tx/[^/]+'
[2026-09-03 14:22:46][info][CRDTCallbackManager] Successfully registered new data callback for pattern: '^/?/bc-963/tx/[^/]+'
[2026-09-03 14:22:46][info][CRDTCallbackManager] Successfully registered deleted data callback for pattern: '^/?/bc-963/tx/[^/]+'
[2026-09-03 14:22:46][info][CRDTCallbackManager] Successfully registered new data callback for pattern: '^/?/bc-369/tx/[^/]+'
[2026-09-03 14:22:46][info][CRDTCallbackManager] Successfully registered deleted data callback for pattern: '^/?/bc-369/tx/[^/]+'
[2026-09-03 14:22:46][info][CRDTCallbackManager] Successfully unregistered new data callback for pattern: '^/?/bc-144/tx/[^/]+'
[2026-09-03 14:22:46][info][CRDTCallbackManager] Successfully unregistered deleted data callback for pattern: '^/?/bc-144/tx/[^/]+'
[2026-09-03 14:22:46][info][CRDTCallbackManager] Successfully unregistered new data callback for pattern: '^/?/bc-963/tx/[^/]+'
[2026-09-03 14:22:46][info][CRDTCallbackManager] Successfully unregistered deleted data callback for pattern: '^/?/bc-963/tx/[^/]+'
[2026-09-03 14:22:46][info][CRDTCallbackManager] Successfully unregistered new data callback for pattern: '^/?/bc-369/tx/[^/]+'
[2026-09-03 14:22:46][info][CRDTCallbackManager] Successfully unregistered deleted data callback for pattern: '^/?/bc-369/tx/[^/]+'
[2026-09-03 14:22:46][info][TransactionManager] [44b14067 - full: false] ~TransactionManager: Metrics — cert_fallback(success=0 failure=0) validation(approve=1 reject=0) tracking(insert=1 confirm=1 fail=0)
[2026-09-03 14:22:46][info][Blockchain] [44b14067] Stopping blockchain
[2026-09-03 14:22:46][info][CRDTCallbackManager] Successfully unregistered new data callback for pattern: '/?gnus-genesis-block'
[2026-09-03 14:22:46][info][CRDTCallbackManager] Successfully unregistered new data callback for pattern: '/?gnus-account-creation-.*'
[2026-09-03 14:22:46][info][CRDTCallbackManager] Successfully unregistered new data callback for pattern: '/?gnus-validator-registry'
[2026-09-03 14:22:46][debug][GlobalDB] ~GlobalDB CALLED with count 6 on multi_node_finality_fault/restart-certificate-validator-three/rocksdb 
[2026-09-03 14:22:46][info][GlobalDB] GlobalDB shutdown start
[2026-09-03 14:22:46][info][CrdtDatastore] CancelAndCloseNow: begin (pending_jobs=1, self_queue=0, root_queue=0, pending_roots=0, active_root=false)
[2026-09-03 14:22:46][debug][GraphsyncDAGSyncer] Stopping Dagsyncer
[2026-09-03 14:22:46][debug][GraphsyncDAGSyncer] Dagsyncer Stopped
[2026-09-03 14:22:47.075209000][th:1239085][info] GossipPubSub === Address Refresh Cycle Started ===
[2026-09-03 14:22:47.075320000][th:1239085][info] GossipPubSub Found 1 valid network interfaces
[2026-09-03 14:22:47.075443000][th:1239085][info] GossipPubSub   -> New interface address: /ip4/192.168.1.6/tcp/40001/p2p/12D3KooWEwQBDEevG5FMCEVWqxe8CN75sfvC1wFV8NcD5fGYHoi9
[2026-09-03 14:22:47.075466000][th:1239085][info] GossipPubSub Successfully refreshed 1 addresses with 10-minute TTL
[2026-09-03 14:22:47.075468000][th:1239085][info] GossipPubSub === Address Refresh Cycle Completed ===
[2026-09-03 14:22:47.075469000][th:1239085][info] GossipPubSub === CURRENT NETWORK STATE ===
[2026-09-03 14:22:47.075476000][th:1239085][info] GossipPubSub Primary listening address: /ip4/0.0.0.0/tcp/40001/p2p/12D3KooWEwQBDEevG5FMCEVWqxe8CN75sfvC1wFV8NcD5fGYHoi9
[2026-09-03 14:22:47.075477000][th:1239085][info] GossipPubSub Host peer info addresses (0):
[2026-09-03 14:22:47.075478000][th:1239085][info] GossipPubSub Additional addresses we track (1):
[2026-09-03 14:22:47.075478000][th:1239085][info] GossipPubSub   -> /ip4/192.168.1.6/tcp/40001/p2p/12D3KooWEwQBDEevG5FMCEVWqxe8CN75sfvC1wFV8NcD5fGYHoi9
[2026-09-03 14:22:47.075479000][th:1239085][info] GossipPubSub Listening addresses (1):
[2026-09-03 14:22:47.075480000][th:1239085][info] GossipPubSub   -> /ip4/0.0.0.0/tcp/40001/p2p/12D3KooWEwQBDEevG5FMCEVWqxe8CN75sfvC1wFV8NcD5fGYHoi9
[2026-09-03 14:22:47.075480000][th:1239085][info] GossipPubSub Interface addresses (0):
[2026-09-03 14:22:47.075481000][th:1239085][info] GossipPubSub === RAW OBSERVED ADDRESS DEBUG ===
[2026-09-03 14:22:47.075482000][th:1239085][info] GossipPubSub Local address: /ip4/0.0.0.0/tcp/40001/p2p/12D3KooWEwQBDEevG5FMCEVWqxe8CN75sfvC1wFV8NcD5fGYHoi9 -> 0 raw observed, 0 activated+confirmed
[2026-09-03 14:22:47.075483000][th:1239085][info] GossipPubSub TOTAL: 0 raw observed addresses, 0 activated+confirmed addresses
[2026-09-03 14:22:47.075498000][th:1239085][info] GossipPubSub === END RAW OBSERVED ADDRESS DEBUG ===
[2026-09-03 14:22:47.075501000][th:1239085][info] GossipPubSub Observed addresses - all (0):
[2026-09-03 14:22:47.075501000][th:1239085][info] GossipPubSub Observed addresses - confirmed only (0):
[2026-09-03 14:22:47.075502000][th:1239085][info] GossipPubSub Relay addresses (0):
[2026-09-03 14:22:47.075524000][th:1239085][info] GossipPubSub Peer repository addresses (1):
[2026-09-03 14:22:47.075526000][th:1239085][info] GossipPubSub   -> /ip4/192.168.1.6/tcp/40001/p2p/12D3KooWEwQBDEevG5FMCEVWqxe8CN75sfvC1wFV8NcD5fGYHoi9
[2026-09-03 14:22:47.075556000][th:1239085][info] GossipPubSub Found 1 valid network interfaces
[2026-09-03 14:22:47.075558000][th:1239085][info] GossipPubSub Current network interfaces (1):
[2026-09-03 14:22:47.075558000][th:1239085][info] GossipPubSub   -> 192.168.1.6
[2026-09-03 14:22:47.075559000][th:1239085][info] GossipPubSub Active connections: 0
[2026-09-03 14:22:47.075560000][th:1239085][info] GossipPubSub === PEER CONNECTION DETAILS ===
[2026-09-03 14:22:47.075560000][th:1239085][info] GossipPubSub NOTE: Observed addresses need to be seen by 4+ different peer groups to become 'activated'
[2026-09-03 14:22:47.075561000][th:1239085][info] GossipPubSub NOTE: Current connections: 0, so max possible observers: 0
[2026-09-03 14:22:47.075562000][th:1239085][info] GossipPubSub === END PEER CONNECTION DETAILS ===
[2026-09-03 14:22:47.075562000][th:1239085][info] GossipPubSub Connection manager stats:
[2026-09-03 14:22:47.075563000][th:1239085][info] GossipPubSub   -> Max connections: 1000
[2026-09-03 14:22:47.075563000][th:1239085][info] GossipPubSub   -> Current connections: 0
[2026-09-03 14:22:47.075564000][th:1239085][info] GossipPubSub === END NETWORK STATE ===
[2026-09-03 14:22:47][info][CrdtDatastore] CancelAndCloseNow: CRDT workers stopped
[2026-09-03 14:22:47][warning][CrdtDatastore] CancelAndCloseNow called but shutdown has already started
[2026-09-03 14:22:47][debug][GraphsyncDAGSyncer] ~GraphsyncDAGSyncer CALLED
[2026-09-03 14:22:47][info][GlobalDB] GlobalDB shutdown finished
[2026-09-03 14:22:47.098143000][th:1240031][error] GossipPubSub Address monitoring timer error: Operation canceled
[2026-09-03 14:22:48][info][KeyPairFileStorage] Path to keypairs multi_node_finality_fault/restart-certificate-validator-three/keypair
[2026-09-03 14:22:48][info][KeyPairFileStorage] Peer ID from public key: 12D3KooWGhLBZWmgmZgFY8UE6Db88392Bo4EksEBt61xbkQh7ZXc
Current limits: 16384 (soft), 9223372036854775807 (hard)
New limits set successfully: 16384 (soft), 9223372036854775807 (hard)
Initialized relay addresses
[2026-09-03 14:22:48.104478000][th:1239051][info] GossipPubSub /ip4/0.0.0.0/tcp/54613/p2p/12D3KooWGhLBZWmgmZgFY8UE6Db88392Bo4EksEBt61xbkQh7ZXc: Starting PubSub service
[2026-09-03 14:22:48.104533000][th:1240584][info] GossipPubSub Starting address monitoring system for mobile network changes
[2026-09-03 14:22:48.104534000][th:1240584][info] GossipPubSub === CURRENT NETWORK STATE ===
[2026-09-03 14:22:48.104540000][th:1240584][info] GossipPubSub Primary listening address: /ip4/0.0.0.0/tcp/54613/p2p/12D3KooWGhLBZWmgmZgFY8UE6Db88392Bo4EksEBt61xbkQh7ZXc
[2026-09-03 14:22:48.104541000][th:1240584][info] GossipPubSub Host peer info addresses (0):
[2026-09-03 14:22:48.104542000][th:1240584][info] GossipPubSub Additional addresses we track (0):
[2026-09-03 14:22:48.104543000][th:1240584][info] GossipPubSub Listening addresses (1):
[2026-09-03 14:22:48.104544000][th:1240584][info] GossipPubSub   -> /ip4/0.0.0.0/tcp/54613/p2p/12D3KooWGhLBZWmgmZgFY8UE6Db88392Bo4EksEBt61xbkQh7ZXc
[2026-09-03 14:22:48.104545000][th:1240584][info] GossipPubSub Interface addresses (0):
[2026-09-03 14:22:48.104545000][th:1240584][info] GossipPubSub === RAW OBSERVED ADDRESS DEBUG ===
[2026-09-03 14:22:48.104547000][th:1240584][info] GossipPubSub Local address: /ip4/0.0.0.0/tcp/54613/p2p/12D3KooWGhLBZWmgmZgFY8UE6Db88392Bo4EksEBt61xbkQh7ZXc -> 0 raw observed, 0 activated+confirmed
[2026-09-03 14:22:48.104548000][th:1240584][info] GossipPubSub TOTAL: 0 raw observed addresses, 0 activated+confirmed addresses
[2026-09-03 14:22:48.104548000][th:1240584][info] GossipPubSub === END RAW OBSERVED ADDRESS DEBUG ===
[2026-09-03 14:22:48.104549000][th:1240584][info] GossipPubSub Observed addresses - all (0):
[2026-09-03 14:22:48.104550000][th:1240584][info] GossipPubSub Observed addresses - confirmed only (0):
[2026-09-03 14:22:48.104550000][th:1240584][info] GossipPubSub Relay addresses (0):
[2026-09-03 14:22:48.104552000][th:1240584][warning] GossipPubSub Failed to get addresses from peer repository: not found
[2026-09-03 14:22:48.104581000][th:1240584][info] GossipPubSub Found 1 valid network interfaces
[2026-09-03 14:22:48.104583000][th:1240584][info] GossipPubSub Current network interfaces (1):
[2026-09-03 14:22:48.104583000][th:1240584][info] GossipPubSub   -> 192.168.1.6
[2026-09-03 14:22:48.104584000][th:1240584][info] GossipPubSub Active connections: 0
[2026-09-03 14:22:48.104585000][th:1240584][info] GossipPubSub === PEER CONNECTION DETAILS ===
[2026-09-03 14:22:48.104585000][th:1240584][info] GossipPubSub NOTE: Observed addresses need to be seen by 4+ different peer groups to become 'activated'
[2026-09-03 14:22:48.104586000][th:1240584][info] GossipPubSub NOTE: Current connections: 0, so max possible observers: 0
[2026-09-03 14:22:48.104587000][th:1240584][info] GossipPubSub === END PEER CONNECTION DETAILS ===
[2026-09-03 14:22:48.104587000][th:1240584][info] GossipPubSub Connection manager stats:
[2026-09-03 14:22:48.104588000][th:1240584][info] GossipPubSub   -> Max connections: 1000
[2026-09-03 14:22:48.104588000][th:1240584][info] GossipPubSub   -> Current connections: 0
[2026-09-03 14:22:48.104589000][th:1240584][info] GossipPubSub === END NETWORK STATE ===
[2026-09-03 14:22:48.104675000][th:1240584][info] GossipPubSub /ip4/0.0.0.0/tcp/54613/p2p/12D3KooWGhLBZWmgmZgFY8UE6Db88392Bo4EksEBt61xbkQh7ZXc : PubSub service started
[2026-09-03 14:22:48][info][GlobalDB] Opening database /Users/henriqueklein/gnus/SuperGenius/multi_node_finality_fault/restart-certificate-validator-three/rocksdb
[2026-09-03 14:22:48][debug][GraphsyncDAGSyncer] GraphSyncer created 5215748600 
[2026-09-03 14:22:48][info][CrdtDatastore] crdt Datastore created. Number of heads: 2 Current max-height: 18446744073709551615
[2026-09-03 14:22:48][info][GeniusAccount] Secure storage ID path: /Users/henriqueklein/gnus/SuperGenius/multi_node_finality_fault/restart-certificate-validator-three/account/secure_storage_id
[2026-09-03 14:22:48][info][GeniusAccount] Loaded public key from file: 44b1406774f32b7f... (length: 128)
[2026-09-03 14:22:48][info][GeniusAccount] Successfully loaded key_seed from storage
[2026-09-03 14:22:48][info][GeniusAccount] Validation successful: key_seed matches stored public key
[2026-09-03 14:22:48][warning][UTXOManager] Skipping malformed UTXO key /utxo-checkpoint/44b1406774f32b7fa64b547d9264203f5fd729b481b80f6902080a4faed7074dc56db810cc7f5b1f2ebd0f19950f755d41099909ef52022fd7c13328cf7d5350/1
[2026-09-03 14:22:48][warning][UTXOManager] Skipping malformed UTXO key /utxo-checkpoint/44b1406774f32b7fa64b547d9264203f5fd729b481b80f6902080a4faed7074dc56db810cc7f5b1f2ebd0f19950f755d41099909ef52022fd7c13328cf7d5350/latest
[2026-09-03 14:22:48][info][Blockchain] [44b14067] Blockchain instance created with authorized full node: 8a33bdf1
[2026-09-03 14:22:48][info][ValidatorRegistry] InitializeCache: cache initialized with CID QmdSci3PHHU8ExWbXBZTNWPHTUrEUGdJr7FeRiveFFnTQd
[2026-09-03 14:22:48][info][CRDTCallbackManager] Successfully registered new data callback for pattern: '/?gnus-validator-registry'
[2026-09-03 14:22:48][info][ValidatorRegistry] RegisterFilter: result=true
[2026-09-03 14:22:48][info][ValidatorRegistry] New: instance ready
[2026-09-03 14:22:48.127014000][th:1240584][info] GossipPubSub /ip4/0.0.0.0/tcp/54613/p2p/12D3KooWGhLBZWmgmZgFY8UE6Db88392Bo4EksEBt61xbkQh7ZXc: PubSub subscribed to topic 'gnus-validator-registry.3.7.144'
[2026-09-03 14:22:48][info][CRDTCallbackManager] Successfully registered new data callback for pattern: '^/?cert/[^/]+'
[2026-09-03 14:22:48.127040000][th:1240584][info] GossipPubSub /ip4/0.0.0.0/tcp/54613/p2p/12D3KooWGhLBZWmgmZgFY8UE6Db88392Bo4EksEBt61xbkQh7ZXc: PubSub subscribed to topic 'consensus-channel-.3.7.144'
[2026-09-03 14:22:48.127058000][th:1240584][info] GossipPubSub /ip4/0.0.0.0/tcp/54613/p2p/12D3KooWGhLBZWmgmZgFY8UE6Db88392Bo4EksEBt61xbkQh7ZXc: PubSub subscribed to topic 'consensus-channel-.3.7.144#datastore.3.7.144'
[2026-09-03 14:22:48][info][CRDTCallbackManager] Successfully registered new data callback for pattern: '/?gnus-genesis-block'
[2026-09-03 14:22:48][info][CRDTCallbackManager] Successfully registered new data callback for pattern: '/?gnus-account-creation-.*'
[2026-09-03 14:22:48][info][CRDTCallbackManager] Successfully registered new data callback for pattern: '^/?/bc-144/tx/[^/]+'
[2026-09-03 14:22:48][info][CRDTCallbackManager] Successfully registered deleted data callback for pattern: '^/?/bc-144/tx/[^/]+'
[2026-09-03 14:22:48][info][CRDTCallbackManager] Successfully registered new data callback for pattern: '^/?/bc-963/tx/[^/]+'
[2026-09-03 14:22:48][info][CRDTCallbackManager] Successfully registered deleted data callback for pattern: '^/?/bc-963/tx/[^/]+'
[2026-09-03 14:22:48][info][CRDTCallbackManager] Successfully registered new data callback for pattern: '^/?/bc-369/tx/[^/]+'
[2026-09-03 14:22:48][info][CRDTCallbackManager] Successfully registered deleted data callback for pattern: '^/?/bc-369/tx/[^/]+'
[2026-09-03 14:22:48][info][CRDTCallbackManager] Successfully unregistered new data callback for pattern: '^/?/bc-144/tx/[^/]+'
[2026-09-03 14:22:48][info][CRDTCallbackManager] Successfully unregistered deleted data callback for pattern: '^/?/bc-144/tx/[^/]+'
[2026-09-03 14:22:48][info][CRDTCallbackManager] Successfully unregistered new data callback for pattern: '^/?/bc-963/tx/[^/]+'
[2026-09-03 14:22:48][info][CRDTCallbackManager] Successfully unregistered deleted data callback for pattern: '^/?/bc-963/tx/[^/]+'
[2026-09-03 14:22:48][info][CRDTCallbackManager] Successfully unregistered new data callback for pattern: '^/?/bc-369/tx/[^/]+'
[2026-09-03 14:22:48][info][CRDTCallbackManager] Successfully unregistered deleted data callback for pattern: '^/?/bc-369/tx/[^/]+'
[2026-09-03 14:22:48][info][TransactionManager] [168a68eb - full: false] ~TransactionManager: Metrics — cert_fallback(success=0 failure=0) validation(approve=1 reject=0) tracking(insert=1 confirm=1 fail=0)
[2026-09-03 14:22:48][info][Blockchain] [168a68eb] Stopping blockchain
[2026-09-03 14:22:48][info][CRDTCallbackManager] Successfully unregistered new data callback for pattern: '/?gnus-genesis-block'
[2026-09-03 14:22:48][info][CRDTCallbackManager] Successfully unregistered new data callback for pattern: '/?gnus-account-creation-.*'
[2026-09-03 14:22:48][info][CRDTCallbackManager] Successfully unregistered new data callback for pattern: '/?gnus-validator-registry'
[2026-09-03 14:22:48][debug][GlobalDB] ~GlobalDB CALLED with count 6 on multi_node_finality_fault/restart-certificate-passive/rocksdb 
[2026-09-03 14:22:48][info][GlobalDB] GlobalDB shutdown start
[2026-09-03 14:22:48][info][CrdtDatastore] CancelAndCloseNow: begin (pending_jobs=1, self_queue=0, root_queue=0, pending_roots=0, active_root=false)
[2026-09-03 14:22:48][debug][GraphsyncDAGSyncer] Stopping Dagsyncer
[2026-09-03 14:22:48][debug][GraphsyncDAGSyncer] Dagsyncer Stopped
[2026-09-03 14:22:48][info][CrdtDatastore] CancelAndCloseNow: CRDT workers stopped
[2026-09-03 14:22:48][warning][CrdtDatastore] CancelAndCloseNow called but shutdown has already started
[2026-09-03 14:22:48][debug][GraphsyncDAGSyncer] ~GraphsyncDAGSyncer CALLED
[2026-09-03 14:22:48][info][GlobalDB] GlobalDB shutdown finished
[2026-09-03 14:22:48.131775000][th:1240053][error] GossipPubSub Address monitoring timer error: Operation canceled
[2026-09-03 14:22:49][info][KeyPairFileStorage] Path to keypairs multi_node_finality_fault/restart-certificate-passive/keypair
[2026-09-03 14:22:49][info][KeyPairFileStorage] Peer ID from public key: 12D3KooWCtmq2HPagwuCM8wqQyxWXwjfPde2tCZR4J1dJRPsciUD
Current limits: 16384 (soft), 9223372036854775807 (hard)
New limits set successfully: 16384 (soft), 9223372036854775807 (hard)
Initialized relay addresses
[2026-09-03 14:22:49.134509000][th:1239051][info] GossipPubSub /ip4/0.0.0.0/tcp/54614/p2p/12D3KooWCtmq2HPagwuCM8wqQyxWXwjfPde2tCZR4J1dJRPsciUD: Starting PubSub service
[2026-09-03 14:22:49.134576000][th:1240636][info] GossipPubSub Starting address monitoring system for mobile network changes
[2026-09-03 14:22:49.134577000][th:1240636][info] GossipPubSub === CURRENT NETWORK STATE ===
[2026-09-03 14:22:49.134585000][th:1240636][info] GossipPubSub Primary listening address: /ip4/0.0.0.0/tcp/54614/p2p/12D3KooWCtmq2HPagwuCM8wqQyxWXwjfPde2tCZR4J1dJRPsciUD
[2026-09-03 14:22:49.134586000][th:1240636][info] GossipPubSub Host peer info addresses (0):
[2026-09-03 14:22:49.134587000][th:1240636][info] GossipPubSub Additional addresses we track (0):
[2026-09-03 14:22:49.134587000][th:1240636][info] GossipPubSub Listening addresses (1):
[2026-09-03 14:22:49.134588000][th:1240636][info] GossipPubSub   -> /ip4/0.0.0.0/tcp/54614/p2p/12D3KooWCtmq2HPagwuCM8wqQyxWXwjfPde2tCZR4J1dJRPsciUD
[2026-09-03 14:22:49.134589000][th:1240636][info] GossipPubSub Interface addresses (0):
[2026-09-03 14:22:49.134589000][th:1240636][info] GossipPubSub === RAW OBSERVED ADDRESS DEBUG ===
[2026-09-03 14:22:49.134591000][th:1240636][info] GossipPubSub Local address: /ip4/0.0.0.0/tcp/54614/p2p/12D3KooWCtmq2HPagwuCM8wqQyxWXwjfPde2tCZR4J1dJRPsciUD -> 0 raw observed, 0 activated+confirmed
[2026-09-03 14:22:49.134592000][th:1240636][info] GossipPubSub TOTAL: 0 raw observed addresses, 0 activated+confirmed addresses
[2026-09-03 14:22:49.134592000][th:1240636][info] GossipPubSub === END RAW OBSERVED ADDRESS DEBUG ===
[2026-09-03 14:22:49.134593000][th:1240636][info] GossipPubSub Observed addresses - all (0):
[2026-09-03 14:22:49.134594000][th:1240636][info] GossipPubSub Observed addresses - confirmed only (0):
[2026-09-03 14:22:49.134594000][th:1240636][info] GossipPubSub Relay addresses (0):
[2026-09-03 14:22:49.134596000][th:1240636][warning] GossipPubSub Failed to get addresses from peer repository: not found
[2026-09-03 14:22:49.134631000][th:1240636][info] GossipPubSub Found 1 valid network interfaces
[2026-09-03 14:22:49.134632000][th:1240636][info] GossipPubSub Current network interfaces (1):
[2026-09-03 14:22:49.134633000][th:1240636][info] GossipPubSub   -> 192.168.1.6
[2026-09-03 14:22:49.134634000][th:1240636][info] GossipPubSub Active connections: 0
[2026-09-03 14:22:49.134634000][th:1240636][info] GossipPubSub === PEER CONNECTION DETAILS ===
[2026-09-03 14:22:49.134635000][th:1240636][info] GossipPubSub NOTE: Observed addresses need to be seen by 4+ different peer groups to become 'activated'
[2026-09-03 14:22:49.134635000][th:1240636][info] GossipPubSub NOTE: Current connections: 0, so max possible observers: 0
[2026-09-03 14:22:49.134636000][th:1240636][info] GossipPubSub === END PEER CONNECTION DETAILS ===
[2026-09-03 14:22:49.134636000][th:1240636][info] GossipPubSub Connection manager stats:
[2026-09-03 14:22:49.134637000][th:1240636][info] GossipPubSub   -> Max connections: 1000
[2026-09-03 14:22:49.134638000][th:1240636][info] GossipPubSub   -> Current connections: 0
[2026-09-03 14:22:49.134638000][th:1240636][info] GossipPubSub === END NETWORK STATE ===
[2026-09-03 14:22:49.134766000][th:1240636][info] GossipPubSub /ip4/0.0.0.0/tcp/54614/p2p/12D3KooWCtmq2HPagwuCM8wqQyxWXwjfPde2tCZR4J1dJRPsciUD : PubSub service started
[2026-09-03 14:22:49][info][GlobalDB] Opening database /Users/henriqueklein/gnus/SuperGenius/multi_node_finality_fault/restart-certificate-passive/rocksdb
[2026-09-03 14:22:49][debug][GraphsyncDAGSyncer] GraphSyncer created 5393936568 
[2026-09-03 14:22:49][info][CrdtDatastore] crdt Datastore created. Number of heads: 2 Current max-height: 18446744073709551615
[2026-09-03 14:22:49][info][GeniusAccount] Secure storage ID path: /Users/henriqueklein/gnus/SuperGenius/multi_node_finality_fault/restart-certificate-passive/account/secure_storage_id
[2026-09-03 14:22:49][info][GeniusAccount] Loaded public key from file: 168a68eb7a10ce01... (length: 128)
[2026-09-03 14:22:49][info][GeniusAccount] Successfully loaded key_seed from storage
[2026-09-03 14:22:49][info][GeniusAccount] Validation successful: key_seed matches stored public key
[2026-09-03 14:22:49][warning][UTXOManager] Skipping malformed UTXO key /utxo-checkpoint/168a68eb7a10ce0148f500340f0a534dc8c895ae417a9722bc5d80c2f845a7ec5ea14faf187434b6912a6b92c21a1665c030c9348fd3f6e2c84be8adf451102b/1
[2026-09-03 14:22:49][warning][UTXOManager] Skipping malformed UTXO key /utxo-checkpoint/168a68eb7a10ce0148f500340f0a534dc8c895ae417a9722bc5d80c2f845a7ec5ea14faf187434b6912a6b92c21a1665c030c9348fd3f6e2c84be8adf451102b/latest
[2026-09-03 14:22:49][info][Blockchain] [168a68eb] Blockchain instance created with authorized full node: 8a33bdf1
[2026-09-03 14:22:49][info][ValidatorRegistry] InitializeCache: cache initialized with CID QmdSci3PHHU8ExWbXBZTNWPHTUrEUGdJr7FeRiveFFnTQd
[2026-09-03 14:22:49][info][CRDTCallbackManager] Successfully registered new data callback for pattern: '/?gnus-validator-registry'
[2026-09-03 14:22:49][info][ValidatorRegistry] RegisterFilter: result=true
[2026-09-03 14:22:49][info][ValidatorRegistry] New: instance ready
[2026-09-03 14:22:49.158888000][th:1240636][info] GossipPubSub /ip4/0.0.0.0/tcp/54614/p2p/12D3KooWCtmq2HPagwuCM8wqQyxWXwjfPde2tCZR4J1dJRPsciUD: PubSub subscribed to topic 'gnus-validator-registry.3.7.144'
[2026-09-03 14:22:49][info][CRDTCallbackManager] Successfully registered new data callback for pattern: '^/?cert/[^/]+'
[2026-09-03 14:22:49.158922000][th:1240636][info] GossipPubSub /ip4/0.0.0.0/tcp/54614/p2p/12D3KooWCtmq2HPagwuCM8wqQyxWXwjfPde2tCZR4J1dJRPsciUD: PubSub subscribed to topic 'consensus-channel-.3.7.144'
[2026-09-03 14:22:49][info][CRDTCallbackManager] Successfully registered new data callback for pattern: '/?gnus-genesis-block'
[2026-09-03 14:22:49][info][CRDTCallbackManager] Successfully registered new data callback for pattern: '/?gnus-account-creation-.*'
[2026-09-03 14:22:49.158938000][th:1240636][info] GossipPubSub /ip4/0.0.0.0/tcp/54614/p2p/12D3KooWCtmq2HPagwuCM8wqQyxWXwjfPde2tCZR4J1dJRPsciUD: PubSub subscribed to topic 'consensus-channel-.3.7.144#datastore.3.7.144'
[2026-09-03 14:22:49][info][CRDTCallbackManager] Successfully registered new data callback for pattern: '^/?/bc-144/tx/[^/]+'
[2026-09-03 14:22:49][info][CRDTCallbackManager] Successfully registered deleted data callback for pattern: '^/?/bc-144/tx/[^/]+'
[2026-09-03 14:22:49][info][CRDTCallbackManager] Successfully registered new data callback for pattern: '^/?/bc-963/tx/[^/]+'
[2026-09-03 14:22:49][info][CRDTCallbackManager] Successfully registered deleted data callback for pattern: '^/?/bc-963/tx/[^/]+'
[2026-09-03 14:22:49][info][CRDTCallbackManager] Successfully registered new data callback for pattern: '^/?/bc-369/tx/[^/]+'
[2026-09-03 14:22:49][info][CRDTCallbackManager] Successfully registered deleted data callback for pattern: '^/?/bc-369/tx/[^/]+'
[2026-09-03 14:22:49.159035000][th:1240467][info] GossipPubSub Adding new peer: 12D3KooWNyN6UakBK1R51zuGVoSNd4D7uFgqQ9kumf2m214VDeVq
[2026-09-03 14:22:49.159084000][th:1240467][info] GossipPubSub Adding new peer: 12D3KooWGhLBZWmgmZgFY8UE6Db88392Bo4EksEBt61xbkQh7ZXc
[2026-09-03 14:22:49.159122000][th:1240467][info] GossipPubSub Adding new peer: 12D3KooWCtmq2HPagwuCM8wqQyxWXwjfPde2tCZR4J1dJRPsciUD
[2026-09-03 14:22:49.159152000][th:1240517][info] GossipPubSub Adding new peer: 12D3KooWKaTWpkf4PyVdbhHygC6AzmhEZ3XYxGp6HcuCj4t1E47C
[2026-09-03 14:22:49.159189000][th:1240517][info] GossipPubSub Adding new peer: 12D3KooWGhLBZWmgmZgFY8UE6Db88392Bo4EksEBt61xbkQh7ZXc
[2026-09-03 14:22:49.159224000][th:1240517][info] GossipPubSub Adding new peer: 12D3KooWCtmq2HPagwuCM8wqQyxWXwjfPde2tCZR4J1dJRPsciUD
[2026-09-03 14:22:49.159236000][th:1240584][info] GossipPubSub Adding new peer: 12D3KooWKaTWpkf4PyVdbhHygC6AzmhEZ3XYxGp6HcuCj4t1E47C
[2026-09-03 14:22:49.159287000][th:1240584][info] GossipPubSub Adding new peer: 12D3KooWNyN6UakBK1R51zuGVoSNd4D7uFgqQ9kumf2m214VDeVq
[2026-09-03 14:22:49.159321000][th:1240636][info] GossipPubSub Adding new peer: 12D3KooWKaTWpkf4PyVdbhHygC6AzmhEZ3XYxGp6HcuCj4t1E47C
[2026-09-03 14:22:49.159328000][th:1240584][info] GossipPubSub Adding new peer: 12D3KooWCtmq2HPagwuCM8wqQyxWXwjfPde2tCZR4J1dJRPsciUD
[2026-09-03 14:22:49.159353000][th:1240636][info] GossipPubSub Adding new peer: 12D3KooWNyN6UakBK1R51zuGVoSNd4D7uFgqQ9kumf2m214VDeVq
[2026-09-03 14:22:49.159396000][th:1240636][info] GossipPubSub Adding new peer: 12D3KooWGhLBZWmgmZgFY8UE6Db88392Bo4EksEBt61xbkQh7ZXc
[2026-09-03 14:22:49][info][CRDTCallbackManager] Successfully unregistered new data callback for pattern: '^/?/bc-144/tx/[^/]+'
[2026-09-03 14:22:49][info][CRDTCallbackManager] Successfully unregistered deleted data callback for pattern: '^/?/bc-144/tx/[^/]+'
[2026-09-03 14:22:49][info][CRDTCallbackManager] Successfully unregistered new data callback for pattern: '^/?/bc-963/tx/[^/]+'
[2026-09-03 14:22:49][info][CRDTCallbackManager] Successfully unregistered deleted data callback for pattern: '^/?/bc-963/tx/[^/]+'
[2026-09-03 14:22:49][info][CRDTCallbackManager] Successfully unregistered new data callback for pattern: '^/?/bc-369/tx/[^/]+'
[2026-09-03 14:22:49][info][CRDTCallbackManager] Successfully unregistered deleted data callback for pattern: '^/?/bc-369/tx/[^/]+'
[2026-09-03 14:22:49][info][TransactionManager] [824e9c66 - full: false] ~TransactionManager: Metrics — cert_fallback(success=0 failure=0) validation(approve=0 reject=0) tracking(insert=0 confirm=0 fail=0)
[2026-09-03 14:22:49][info][Blockchain] [824e9c66] Stopping blockchain
[2026-09-03 14:22:49][info][CRDTCallbackManager] Successfully unregistered new data callback for pattern: '/?gnus-genesis-block'
[2026-09-03 14:22:49][info][CRDTCallbackManager] Successfully unregistered new data callback for pattern: '/?gnus-account-creation-.*'
[2026-09-03 14:22:49][info][CRDTCallbackManager] Successfully unregistered new data callback for pattern: '/?gnus-validator-registry'
[2026-09-03 14:22:49][debug][GlobalDB] ~GlobalDB CALLED with count 6 on multi_node_finality_fault/restart-certificate-validator-one/rocksdb 
[2026-09-03 14:22:49][info][GlobalDB] GlobalDB shutdown start
[2026-09-03 14:22:49][info][CrdtDatastore] CancelAndCloseNow: begin (pending_jobs=0, self_queue=0, root_queue=0, pending_roots=0, active_root=false)
[2026-09-03 14:22:49][debug][GraphsyncDAGSyncer] Stopping Dagsyncer
[2026-09-03 14:22:49][debug][GraphsyncDAGSyncer] Dagsyncer Stopped
[2026-09-03 14:22:49][info][CrdtDatastore] CancelAndCloseNow: CRDT workers stopped
[2026-09-03 14:22:49][warning][CrdtDatastore] CancelAndCloseNow called but shutdown has already started
[2026-09-03 14:22:49][debug][GraphsyncDAGSyncer] ~GraphsyncDAGSyncer CALLED
[2026-09-03 14:22:49][info][GlobalDB] GlobalDB shutdown finished
[2026-09-03 14:22:49.563964000][th:1240467][error] GossipPubSub Address monitoring timer error: Operation canceled
[2026-09-03 14:22:50][info][CRDTCallbackManager] Successfully unregistered new data callback for pattern: '^/?/bc-144/tx/[^/]+'
[2026-09-03 14:22:50][info][CRDTCallbackManager] Successfully unregistered deleted data callback for pattern: '^/?/bc-144/tx/[^/]+'
[2026-09-03 14:22:50][info][CRDTCallbackManager] Successfully unregistered new data callback for pattern: '^/?/bc-963/tx/[^/]+'
[2026-09-03 14:22:50][info][CRDTCallbackManager] Successfully unregistered deleted data callback for pattern: '^/?/bc-963/tx/[^/]+'
[2026-09-03 14:22:50][info][CRDTCallbackManager] Successfully unregistered new data callback for pattern: '^/?/bc-369/tx/[^/]+'
[2026-09-03 14:22:50][info][CRDTCallbackManager] Successfully unregistered deleted data callback for pattern: '^/?/bc-369/tx/[^/]+'
[2026-09-03 14:22:50][info][TransactionManager] [c06efeaf - full: false] ~TransactionManager: Metrics — cert_fallback(success=0 failure=0) validation(approve=0 reject=0) tracking(insert=0 confirm=0 fail=0)
[2026-09-03 14:22:50][info][Blockchain] [c06efeaf] Stopping blockchain
[2026-09-03 14:22:50][info][CRDTCallbackManager] Successfully unregistered new data callback for pattern: '/?gnus-genesis-block'
[2026-09-03 14:22:50][info][CRDTCallbackManager] Successfully unregistered new data callback for pattern: '/?gnus-account-creation-.*'
[2026-09-03 14:22:50][info][CRDTCallbackManager] Successfully unregistered new data callback for pattern: '/?gnus-validator-registry'
[2026-09-03 14:22:50][debug][GlobalDB] ~GlobalDB CALLED with count 6 on multi_node_finality_fault/restart-certificate-validator-two/rocksdb 
[2026-09-03 14:22:50][info][GlobalDB] GlobalDB shutdown start
[2026-09-03 14:22:50][info][CrdtDatastore] CancelAndCloseNow: begin (pending_jobs=0, self_queue=0, root_queue=0, pending_roots=0, active_root=false)
[2026-09-03 14:22:50][debug][GraphsyncDAGSyncer] Stopping Dagsyncer
[2026-09-03 14:22:50][debug][GraphsyncDAGSyncer] Dagsyncer Stopped
[2026-09-03 14:22:50][info][CrdtDatastore] CancelAndCloseNow: CRDT workers stopped
[2026-09-03 14:22:50][warning][CrdtDatastore] CancelAndCloseNow called but shutdown has already started
[2026-09-03 14:22:50][debug][GraphsyncDAGSyncer] ~GraphsyncDAGSyncer CALLED
[2026-09-03 14:22:50][info][GlobalDB] GlobalDB shutdown finished
[2026-09-03 14:22:50.653313000][th:1240517][error] GossipPubSub Address monitoring timer error: Operation canceled
[2026-09-03 14:22:51][info][CRDTCallbackManager] Successfully unregistered new data callback for pattern: '^/?/bc-144/tx/[^/]+'
[2026-09-03 14:22:51][info][CRDTCallbackManager] Successfully unregistered deleted data callback for pattern: '^/?/bc-144/tx/[^/]+'
[2026-09-03 14:22:51][info][CRDTCallbackManager] Successfully unregistered new data callback for pattern: '^/?/bc-963/tx/[^/]+'
[2026-09-03 14:22:51][info][CRDTCallbackManager] Successfully unregistered deleted data callback for pattern: '^/?/bc-963/tx/[^/]+'
[2026-09-03 14:22:51][info][CRDTCallbackManager] Successfully unregistered new data callback for pattern: '^/?/bc-369/tx/[^/]+'
[2026-09-03 14:22:51][info][CRDTCallbackManager] Successfully unregistered deleted data callback for pattern: '^/?/bc-369/tx/[^/]+'
[2026-09-03 14:22:51][info][TransactionManager] [44b14067 - full: false] ~TransactionManager: Metrics — cert_fallback(success=0 failure=0) validation(approve=0 reject=0) tracking(insert=0 confirm=0 fail=0)
[2026-09-03 14:22:51][info][Blockchain] [44b14067] Stopping blockchain
[2026-09-03 14:22:51][info][CRDTCallbackManager] Successfully unregistered new data callback for pattern: '/?gnus-genesis-block'
[2026-09-03 14:22:51][info][CRDTCallbackManager] Successfully unregistered new data callback for pattern: '/?gnus-account-creation-.*'
[2026-09-03 14:22:51][info][CRDTCallbackManager] Successfully unregistered new data callback for pattern: '/?gnus-validator-registry'
[2026-09-03 14:22:51][debug][GlobalDB] ~GlobalDB CALLED with count 6 on multi_node_finality_fault/restart-certificate-validator-three/rocksdb 
[2026-09-03 14:22:51][info][GlobalDB] GlobalDB shutdown start
[2026-09-03 14:22:51][info][CrdtDatastore] CancelAndCloseNow: begin (pending_jobs=0, self_queue=0, root_queue=0, pending_roots=0, active_root=false)
[2026-09-03 14:22:51][debug][GraphsyncDAGSyncer] Stopping Dagsyncer
[2026-09-03 14:22:51][debug][GraphsyncDAGSyncer] Dagsyncer Stopped
[2026-09-03 14:22:52][info][CrdtDatastore] CancelAndCloseNow: CRDT workers stopped
[2026-09-03 14:22:52][warning][CrdtDatastore] CancelAndCloseNow called but shutdown has already started
[2026-09-03 14:22:52][debug][GraphsyncDAGSyncer] ~GraphsyncDAGSyncer CALLED
[2026-09-03 14:22:52][info][GlobalDB] GlobalDB shutdown finished
[2026-09-03 14:22:52.156587000][th:1240584][error] GossipPubSub Address monitoring timer error: Operation canceled
[2026-09-03 14:22:53][info][CRDTCallbackManager] Successfully unregistered new data callback for pattern: '^/?/bc-144/tx/[^/]+'
[2026-09-03 14:22:53][info][CRDTCallbackManager] Successfully unregistered deleted data callback for pattern: '^/?/bc-144/tx/[^/]+'
[2026-09-03 14:22:53][info][CRDTCallbackManager] Successfully unregistered new data callback for pattern: '^/?/bc-963/tx/[^/]+'
[2026-09-03 14:22:53][info][CRDTCallbackManager] Successfully unregistered deleted data callback for pattern: '^/?/bc-963/tx/[^/]+'
[2026-09-03 14:22:53][info][CRDTCallbackManager] Successfully unregistered new data callback for pattern: '^/?/bc-369/tx/[^/]+'
[2026-09-03 14:22:53][info][CRDTCallbackManager] Successfully unregistered deleted data callback for pattern: '^/?/bc-369/tx/[^/]+'
[2026-09-03 14:22:53][info][TransactionManager] [168a68eb - full: false] ~TransactionManager: Metrics — cert_fallback(success=0 failure=0) validation(approve=0 reject=0) tracking(insert=0 confirm=0 fail=0)
[2026-09-03 14:22:53][info][Blockchain] [168a68eb] Stopping blockchain
[2026-09-03 14:22:53][info][CRDTCallbackManager] Successfully unregistered new data callback for pattern: '/?gnus-genesis-block'
[2026-09-03 14:22:53][info][CRDTCallbackManager] Successfully unregistered new data callback for pattern: '/?gnus-account-creation-.*'
[2026-09-03 14:22:53][info][CRDTCallbackManager] Successfully unregistered new data callback for pattern: '/?gnus-validator-registry'
[2026-09-03 14:22:53][debug][GlobalDB] ~GlobalDB CALLED with count 6 on multi_node_finality_fault/restart-certificate-passive/rocksdb 
[2026-09-03 14:22:53][info][GlobalDB] GlobalDB shutdown start
[2026-09-03 14:22:53][info][CrdtDatastore] CancelAndCloseNow: begin (pending_jobs=0, self_queue=0, root_queue=0, pending_roots=0, active_root=false)
[2026-09-03 14:22:53][debug][GraphsyncDAGSyncer] Stopping Dagsyncer
[2026-09-03 14:22:53][debug][GraphsyncDAGSyncer] Dagsyncer Stopped
[2026-09-03 14:22:53][info][CrdtDatastore] CancelAndCloseNow: CRDT workers stopped
[2026-09-03 14:22:53][warning][CrdtDatastore] CancelAndCloseNow called but shutdown has already started
[2026-09-03 14:22:53][debug][GraphsyncDAGSyncer] ~GraphsyncDAGSyncer CALLED
[2026-09-03 14:22:53][info][GlobalDB] GlobalDB shutdown finished
[2026-09-03 14:22:53.187582000][th:1240636][error] GossipPubSub Address monitoring timer error: Operation canceled
[2026-09-03 14:22:54][info][KeyPairFileStorage] Path to keypairs multi_node_finality_fault/restart-mint-validator-one/keypair
[2026-09-03 14:22:54][info][KeyPairFileStorage] Peer ID from public key: 12D3KooWBX2TPfT47uvCfekMsrQpSBEfQ7u4TsqYqearoE4ramq7
Current limits: 16384 (soft), 9223372036854775807 (hard)
New limits set successfully: 16384 (soft), 9223372036854775807 (hard)
Initialized relay addresses
[2026-09-03 14:22:54.194144000][th:1239051][info] GossipPubSub /ip4/0.0.0.0/tcp/54621/p2p/12D3KooWBX2TPfT47uvCfekMsrQpSBEfQ7u4TsqYqearoE4ramq7: Starting PubSub service
[2026-09-03 14:22:54.194215000][th:1240840][info] GossipPubSub Starting address monitoring system for mobile network changes
[2026-09-03 14:22:54.194216000][th:1240840][info] GossipPubSub === CURRENT NETWORK STATE ===
[2026-09-03 14:22:54.194223000][th:1240840][info] GossipPubSub Primary listening address: /ip4/0.0.0.0/tcp/54621/p2p/12D3KooWBX2TPfT47uvCfekMsrQpSBEfQ7u4TsqYqearoE4ramq7
[2026-09-03 14:22:54.194224000][th:1240840][info] GossipPubSub Host peer info addresses (0):
[2026-09-03 14:22:54.194225000][th:1240840][info] GossipPubSub Additional addresses we track (0):
[2026-09-03 14:22:54.194226000][th:1240840][info] GossipPubSub Listening addresses (1):
[2026-09-03 14:22:54.194233000][th:1240840][info] GossipPubSub   -> /ip4/0.0.0.0/tcp/54621/p2p/12D3KooWBX2TPfT47uvCfekMsrQpSBEfQ7u4TsqYqearoE4ramq7
[2026-09-03 14:22:54.194236000][th:1240840][info] GossipPubSub Interface addresses (0):
[2026-09-03 14:22:54.194237000][th:1240840][info] GossipPubSub === RAW OBSERVED ADDRESS DEBUG ===
[2026-09-03 14:22:54.194239000][th:1240840][info] GossipPubSub Local address: /ip4/0.0.0.0/tcp/54621/p2p/12D3KooWBX2TPfT47uvCfekMsrQpSBEfQ7u4TsqYqearoE4ramq7 -> 0 raw observed, 0 activated+confirmed
[2026-09-03 14:22:54.194240000][th:1240840][info] GossipPubSub TOTAL: 0 raw observed addresses, 0 activated+confirmed addresses
[2026-09-03 14:22:54.194241000][th:1240840][info] GossipPubSub === END RAW OBSERVED ADDRESS DEBUG ===
[2026-09-03 14:22:54.194244000][th:1240840][info] GossipPubSub Observed addresses - all (0):
[2026-09-03 14:22:54.194244000][th:1240840][info] GossipPubSub Observed addresses - confirmed only (0):
[2026-09-03 14:22:54.194245000][th:1240840][info] GossipPubSub Relay addresses (0):
[2026-09-03 14:22:54.194247000][th:1240840][warning] GossipPubSub Failed to get addresses from peer repository: not found
[2026-09-03 14:22:54.194281000][th:1240840][info] GossipPubSub Found 1 valid network interfaces
[2026-09-03 14:22:54.194282000][th:1240840][info] GossipPubSub Current network interfaces (1):
[2026-09-03 14:22:54.194282000][th:1240840][info] GossipPubSub   -> 192.168.1.6
[2026-09-03 14:22:54.194283000][th:1240840][info] GossipPubSub Active connections: 0
[2026-09-03 14:22:54.194284000][th:1240840][info] GossipPubSub === PEER CONNECTION DETAILS ===
[2026-09-03 14:22:54.194284000][th:1240840][info] GossipPubSub NOTE: Observed addresses need to be seen by 4+ different peer groups to become 'activated'
[2026-09-03 14:22:54.194285000][th:1240840][info] GossipPubSub NOTE: Current connections: 0, so max possible observers: 0
[2026-09-03 14:22:54.194285000][th:1240840][info] GossipPubSub === END PEER CONNECTION DETAILS ===
[2026-09-03 14:22:54.194286000][th:1240840][info] GossipPubSub Connection manager stats:
[2026-09-03 14:22:54.194288000][th:1240840][info] GossipPubSub   -> Max connections: 1000
[2026-09-03 14:22:54.194288000][th:1240840][info] GossipPubSub   -> Current connections: 0
[2026-09-03 14:22:54.194289000][th:1240840][info] GossipPubSub === END NETWORK STATE ===
[2026-09-03 14:22:54.194416000][th:1240840][info] GossipPubSub /ip4/0.0.0.0/tcp/54621/p2p/12D3KooWBX2TPfT47uvCfekMsrQpSBEfQ7u4TsqYqearoE4ramq7 : PubSub service started
[2026-09-03 14:22:54][info][GlobalDB] Opening database /Users/henriqueklein/gnus/SuperGenius/multi_node_finality_fault/restart-mint-validator-one/rocksdb
[2026-09-03 14:22:54][debug][GraphsyncDAGSyncer] GraphSyncer created 5393997832 
[2026-09-03 14:22:54][info][CrdtDatastore] crdt Datastore created. Number of heads: 0 Current max-height: 0
[2026-09-03 14:22:54][info][GeniusAccount] Secure storage ID path: /Users/henriqueklein/gnus/SuperGenius/multi_node_finality_fault/restart-mint-validator-one/account/secure_storage_id
[2026-09-03 14:22:54][error][GeniusAccount] Could not find existing Genius address, generating one from a random mnemonic
[2026-09-03 14:22:54][warning][UTXOManager] Found UTXOs in storage, but there were none
[2026-09-03 14:22:54][info][Blockchain] [4089feb0] Blockchain instance created with authorized full node: 8a33bdf1
[2026-09-03 14:22:54][error][ValidatorRegistry] InitializeCache: registry content not found during cache init
[2026-09-03 14:22:54][info][CRDTCallbackManager] Successfully registered new data callback for pattern: '/?gnus-validator-registry'
[2026-09-03 14:22:54][info][ValidatorRegistry] RegisterFilter: result=true
[2026-09-03 14:22:54][info][ValidatorRegistry] New: instance ready
[2026-09-03 14:22:54.230986000][th:1240840][info] GossipPubSub /ip4/0.0.0.0/tcp/54621/p2p/12D3KooWBX2TPfT47uvCfekMsrQpSBEfQ7u4TsqYqearoE4ramq7: PubSub subscribed to topic 'gnus-validator-registry.3.7.144'
[2026-09-03 14:22:54][info][CRDTCallbackManager] Successfully registered new data callback for pattern: '^/?cert/[^/]+'
[2026-09-03 14:22:54.231005000][th:1240840][info] GossipPubSub /ip4/0.0.0.0/tcp/54621/p2p/12D3KooWBX2TPfT47uvCfekMsrQpSBEfQ7u4TsqYqearoE4ramq7: PubSub subscribed to topic 'consensus-channel-.3.7.144'
[2026-09-03 14:22:54][warning][Blockchain] [4089feb0] Failed to request validator registry during blockchain init
[2026-09-03 14:22:54][info][CRDTCallbackManager] Successfully registered new data callback for pattern: '/?gnus-genesis-block'
[2026-09-03 14:22:54][info][CRDTCallbackManager] Successfully registered new data callback for pattern: '/?gnus-account-creation-.*'
[2026-09-03 14:22:54.231027000][th:1240840][info] GossipPubSub /ip4/0.0.0.0/tcp/54621/p2p/12D3KooWBX2TPfT47uvCfekMsrQpSBEfQ7u4TsqYqearoE4ramq7: PubSub subscribed to topic 'consensus-channel-.3.7.144#datastore.3.7.144'
[2026-09-03 14:22:54][info][CRDTCallbackManager] Successfully registered new data callback for pattern: '^/?/bc-144/tx/[^/]+'
[2026-09-03 14:22:54][info][CRDTCallbackManager] Successfully registered deleted data callback for pattern: '^/?/bc-144/tx/[^/]+'
[2026-09-03 14:22:54][info][CRDTCallbackManager] Successfully registered new data callback for pattern: '^/?/bc-963/tx/[^/]+'
[2026-09-03 14:22:54][info][CRDTCallbackManager] Successfully registered deleted data callback for pattern: '^/?/bc-963/tx/[^/]+'
[2026-09-03 14:22:54][info][CRDTCallbackManager] Successfully registered new data callback for pattern: '^/?/bc-369/tx/[^/]+'
[2026-09-03 14:22:54][info][CRDTCallbackManager] Successfully registered deleted data callback for pattern: '^/?/bc-369/tx/[^/]+'
[2026-09-03 14:22:54][info][KeyPairFileStorage] Path to keypairs multi_node_finality_fault/restart-mint-validator-two/keypair
[2026-09-03 14:22:54][info][KeyPairFileStorage] Peer ID from public key: 12D3KooWA7KaFFXjGGk7SNhjBFkMa3DYFPFdqQfoJsz5Zobz4TGk
Current limits: 16384 (soft), 9223372036854775807 (hard)
New limits set successfully: 16384 (soft), 9223372036854775807 (hard)
Initialized relay addresses
[2026-09-03 14:22:54.232556000][th:1239051][info] GossipPubSub /ip4/0.0.0.0/tcp/54622/p2p/12D3KooWA7KaFFXjGGk7SNhjBFkMa3DYFPFdqQfoJsz5Zobz4TGk: Starting PubSub service
[2026-09-03 14:22:54.232600000][th:1240862][info] GossipPubSub Starting address monitoring system for mobile network changes
[2026-09-03 14:22:54.232601000][th:1240862][info] GossipPubSub === CURRENT NETWORK STATE ===
[2026-09-03 14:22:54.232605000][th:1240862][info] GossipPubSub Primary listening address: /ip4/0.0.0.0/tcp/54622/p2p/12D3KooWA7KaFFXjGGk7SNhjBFkMa3DYFPFdqQfoJsz5Zobz4TGk
[2026-09-03 14:22:54.232607000][th:1240862][info] GossipPubSub Host peer info addresses (0):
[2026-09-03 14:22:54.232607000][th:1240862][info] GossipPubSub Additional addresses we track (0):
[2026-09-03 14:22:54.232608000][th:1240862][info] GossipPubSub Listening addresses (1):
[2026-09-03 14:22:54.232609000][th:1240862][info] GossipPubSub   -> /ip4/0.0.0.0/tcp/54622/p2p/12D3KooWA7KaFFXjGGk7SNhjBFkMa3DYFPFdqQfoJsz5Zobz4TGk
[2026-09-03 14:22:54.232609000][th:1240862][info] GossipPubSub Interface addresses (0):
[2026-09-03 14:22:54.232610000][th:1240862][info] GossipPubSub === RAW OBSERVED ADDRESS DEBUG ===
[2026-09-03 14:22:54.232612000][th:1240862][info] GossipPubSub Local address: /ip4/0.0.0.0/tcp/54622/p2p/12D3KooWA7KaFFXjGGk7SNhjBFkMa3DYFPFdqQfoJsz5Zobz4TGk -> 0 raw observed, 0 activated+confirmed
[2026-09-03 14:22:54.232613000][th:1240862][info] GossipPubSub TOTAL: 0 raw observed addresses, 0 activated+confirmed addresses
[2026-09-03 14:22:54.232613000][th:1240862][info] GossipPubSub === END RAW OBSERVED ADDRESS DEBUG ===
[2026-09-03 14:22:54.232614000][th:1240862][info] GossipPubSub Observed addresses - all (0):
[2026-09-03 14:22:54.232614000][th:1240862][info] GossipPubSub Observed addresses - confirmed only (0):
[2026-09-03 14:22:54.232615000][th:1240862][info] GossipPubSub Relay addresses (0):
[2026-09-03 14:22:54.232616000][th:1240862][warning] GossipPubSub Failed to get addresses from peer repository: not found
[2026-09-03 14:22:54.232643000][th:1240862][info] GossipPubSub Found 1 valid network interfaces
[2026-09-03 14:22:54.232644000][th:1240862][info] GossipPubSub Current network interfaces (1):
[2026-09-03 14:22:54.232644000][th:1240862][info] GossipPubSub   -> 192.168.1.6
[2026-09-03 14:22:54.232646000][th:1240862][info] GossipPubSub Active connections: 0
[2026-09-03 14:22:54.232646000][th:1240862][info] GossipPubSub === PEER CONNECTION DETAILS ===
[2026-09-03 14:22:54.232647000][th:1240862][info] GossipPubSub NOTE: Observed addresses need to be seen by 4+ different peer groups to become 'activated'
[2026-09-03 14:22:54.232647000][th:1240862][info] GossipPubSub NOTE: Current connections: 0, so max possible observers: 0
[2026-09-03 14:22:54.232648000][th:1240862][info] GossipPubSub === END PEER CONNECTION DETAILS ===
[2026-09-03 14:22:54.232648000][th:1240862][info] GossipPubSub Connection manager stats:
[2026-09-03 14:22:54.232652000][th:1240862][info] GossipPubSub   -> Max connections: 1000
[2026-09-03 14:22:54.232652000][th:1240862][info] GossipPubSub   -> Current connections: 0
[2026-09-03 14:22:54.232653000][th:1240862][info] GossipPubSub === END NETWORK STATE ===
[2026-09-03 14:22:54.232763000][th:1240862][info] GossipPubSub /ip4/0.0.0.0/tcp/54622/p2p/12D3KooWA7KaFFXjGGk7SNhjBFkMa3DYFPFdqQfoJsz5Zobz4TGk : PubSub service started
[2026-09-03 14:22:54][info][GlobalDB] Opening database /Users/henriqueklein/gnus/SuperGenius/multi_node_finality_fault/restart-mint-validator-two/rocksdb
[2026-09-03 14:22:54][debug][GraphsyncDAGSyncer] GraphSyncer created 5215748600 
[2026-09-03 14:22:54][info][CrdtDatastore] crdt Datastore created. Number of heads: 0 Current max-height: 0
[2026-09-03 14:22:54][info][GeniusAccount] Secure storage ID path: /Users/henriqueklein/gnus/SuperGenius/multi_node_finality_fault/restart-mint-validator-two/account/secure_storage_id
[2026-09-03 14:22:54][error][GeniusAccount] Could not find existing Genius address, generating one from a random mnemonic
[2026-09-03 14:22:54][warning][UTXOManager] Found UTXOs in storage, but there were none
[2026-09-03 14:22:54][info][Blockchain] [3d830b42] Blockchain instance created with authorized full node: 8a33bdf1
[2026-09-03 14:22:54][error][ValidatorRegistry] InitializeCache: registry content not found during cache init
[2026-09-03 14:22:54][info][CRDTCallbackManager] Successfully registered new data callback for pattern: '/?gnus-validator-registry'
[2026-09-03 14:22:54][info][ValidatorRegistry] RegisterFilter: result=true
[2026-09-03 14:22:54][info][ValidatorRegistry] New: instance ready
[2026-09-03 14:22:54.268071000][th:1240862][info] GossipPubSub /ip4/0.0.0.0/tcp/54622/p2p/12D3KooWA7KaFFXjGGk7SNhjBFkMa3DYFPFdqQfoJsz5Zobz4TGk: PubSub subscribed to topic 'gnus-validator-registry.3.7.144'
[2026-09-03 14:22:54][info][CRDTCallbackManager] Successfully registered new data callback for pattern: '^/?cert/[^/]+'
[2026-09-03 14:22:54.268092000][th:1240862][info] GossipPubSub /ip4/0.0.0.0/tcp/54622/p2p/12D3KooWA7KaFFXjGGk7SNhjBFkMa3DYFPFdqQfoJsz5Zobz4TGk: PubSub subscribed to topic 'consensus-channel-.3.7.144'
[2026-09-03 14:22:54][warning][Blockchain] [3d830b42] Failed to request validator registry during blockchain init
[2026-09-03 14:22:54][info][CRDTCallbackManager] Successfully registered new data callback for pattern: '/?gnus-genesis-block'
[2026-09-03 14:22:54][info][CRDTCallbackManager] Successfully registered new data callback for pattern: '/?gnus-account-creation-.*'
[2026-09-03 14:22:54][info][CRDTCallbackManager] Successfully registered new data callback for pattern: '^/?/bc-144/tx/[^/]+'
[2026-09-03 14:22:54][info][CRDTCallbackManager] Successfully registered deleted data callback for pattern: '^/?/bc-144/tx/[^/]+'
[2026-09-03 14:22:54.268125000][th:1240862][info] GossipPubSub /ip4/0.0.0.0/tcp/54622/p2p/12D3KooWA7KaFFXjGGk7SNhjBFkMa3DYFPFdqQfoJsz5Zobz4TGk: PubSub subscribed to topic 'consensus-channel-.3.7.144#datastore.3.7.144'
[2026-09-03 14:22:54][info][CRDTCallbackManager] Successfully registered new data callback for pattern: '^/?/bc-963/tx/[^/]+'
[2026-09-03 14:22:54][info][CRDTCallbackManager] Successfully registered deleted data callback for pattern: '^/?/bc-963/tx/[^/]+'
[2026-09-03 14:22:54][info][CRDTCallbackManager] Successfully registered new data callback for pattern: '^/?/bc-369/tx/[^/]+'
[2026-09-03 14:22:54][info][CRDTCallbackManager] Successfully registered deleted data callback for pattern: '^/?/bc-369/tx/[^/]+'
[2026-09-03 14:22:54][info][KeyPairFileStorage] Path to keypairs multi_node_finality_fault/restart-mint-validator-three/keypair
[2026-09-03 14:22:54][info][KeyPairFileStorage] Peer ID from public key: 12D3KooWRQj4EoHoRR55qWtQRSYu3fzVcd1qyTjVi2TywUSK6ZUE
Current limits: 16384 (soft), 9223372036854775807 (hard)
New limits set successfully: 16384 (soft), 9223372036854775807 (hard)
Initialized relay addresses
[2026-09-03 14:22:54.269640000][th:1239051][info] GossipPubSub /ip4/0.0.0.0/tcp/54623/p2p/12D3KooWRQj4EoHoRR55qWtQRSYu3fzVcd1qyTjVi2TywUSK6ZUE: Starting PubSub service
[2026-09-03 14:22:54.269693000][th:1240886][info] GossipPubSub Starting address monitoring system for mobile network changes
[2026-09-03 14:22:54.269695000][th:1240886][info] GossipPubSub === CURRENT NETWORK STATE ===
[2026-09-03 14:22:54.269702000][th:1240886][info] GossipPubSub Primary listening address: /ip4/0.0.0.0/tcp/54623/p2p/12D3KooWRQj4EoHoRR55qWtQRSYu3fzVcd1qyTjVi2TywUSK6ZUE
[2026-09-03 14:22:54.269702000][th:1240886][info] GossipPubSub Host peer info addresses (0):
[2026-09-03 14:22:54.269703000][th:1240886][info] GossipPubSub Additional addresses we track (0):
[2026-09-03 14:22:54.269704000][th:1240886][info] GossipPubSub Listening addresses (1):
[2026-09-03 14:22:54.269705000][th:1240886][info] GossipPubSub   -> /ip4/0.0.0.0/tcp/54623/p2p/12D3KooWRQj4EoHoRR55qWtQRSYu3fzVcd1qyTjVi2TywUSK6ZUE
[2026-09-03 14:22:54.269706000][th:1240886][info] GossipPubSub Interface addresses (0):
[2026-09-03 14:22:54.269706000][th:1240886][info] GossipPubSub === RAW OBSERVED ADDRESS DEBUG ===
[2026-09-03 14:22:54.269708000][th:1240886][info] GossipPubSub Local address: /ip4/0.0.0.0/tcp/54623/p2p/12D3KooWRQj4EoHoRR55qWtQRSYu3fzVcd1qyTjVi2TywUSK6ZUE -> 0 raw observed, 0 activated+confirmed
[2026-09-03 14:22:54.269709000][th:1240886][info] GossipPubSub TOTAL: 0 raw observed addresses, 0 activated+confirmed addresses
[2026-09-03 14:22:54.269709000][th:1240886][info] GossipPubSub === END RAW OBSERVED ADDRESS DEBUG ===
[2026-09-03 14:22:54.269710000][th:1240886][info] GossipPubSub Observed addresses - all (0):
[2026-09-03 14:22:54.269710000][th:1240886][info] GossipPubSub Observed addresses - confirmed only (0):
[2026-09-03 14:22:54.269711000][th:1240886][info] GossipPubSub Relay addresses (0):
[2026-09-03 14:22:54.269713000][th:1240886][warning] GossipPubSub Failed to get addresses from peer repository: not found
[2026-09-03 14:22:54.269749000][th:1240886][info] GossipPubSub Found 1 valid network interfaces
[2026-09-03 14:22:54.269751000][th:1240886][info] GossipPubSub Current network interfaces (1):
[2026-09-03 14:22:54.269751000][th:1240886][info] GossipPubSub   -> 192.168.1.6
[2026-09-03 14:22:54.269752000][th:1240886][info] GossipPubSub Active connections: 0
[2026-09-03 14:22:54.269753000][th:1240886][info] GossipPubSub === PEER CONNECTION DETAILS ===
[2026-09-03 14:22:54.269753000][th:1240886][info] GossipPubSub NOTE: Observed addresses need to be seen by 4+ different peer groups to become 'activated'
[2026-09-03 14:22:54.269754000][th:1240886][info] GossipPubSub NOTE: Current connections: 0, so max possible observers: 0
[2026-09-03 14:22:54.269754000][th:1240886][info] GossipPubSub === END PEER CONNECTION DETAILS ===
[2026-09-03 14:22:54.269755000][th:1240886][info] GossipPubSub Connection manager stats:
[2026-09-03 14:22:54.269755000][th:1240886][info] GossipPubSub   -> Max connections: 1000
[2026-09-03 14:22:54.269756000][th:1240886][info] GossipPubSub   -> Current connections: 0
[2026-09-03 14:22:54.269756000][th:1240886][info] GossipPubSub === END NETWORK STATE ===
[2026-09-03 14:22:54.269906000][th:1240886][info] GossipPubSub /ip4/0.0.0.0/tcp/54623/p2p/12D3KooWRQj4EoHoRR55qWtQRSYu3fzVcd1qyTjVi2TywUSK6ZUE : PubSub service started
[2026-09-03 14:22:54][info][GlobalDB] Opening database /Users/henriqueklein/gnus/SuperGenius/multi_node_finality_fault/restart-mint-validator-three/rocksdb
[2026-09-03 14:22:54][debug][GraphsyncDAGSyncer] GraphSyncer created 5217300456 
[2026-09-03 14:22:54][info][CrdtDatastore] crdt Datastore created. Number of heads: 0 Current max-height: 0
[2026-09-03 14:22:54][info][GeniusAccount] Secure storage ID path: /Users/henriqueklein/gnus/SuperGenius/multi_node_finality_fault/restart-mint-validator-three/account/secure_storage_id
[2026-09-03 14:22:54][error][GeniusAccount] Could not find existing Genius address, generating one from a random mnemonic
[2026-09-03 14:22:54][warning][UTXOManager] Found UTXOs in storage, but there were none
[2026-09-03 14:22:54][info][Blockchain] [48ebd049] Blockchain instance created with authorized full node: 8a33bdf1
[2026-09-03 14:22:54][error][ValidatorRegistry] InitializeCache: registry content not found during cache init
[2026-09-03 14:22:54][info][CRDTCallbackManager] Successfully registered new data callback for pattern: '/?gnus-validator-registry'
[2026-09-03 14:22:54][info][ValidatorRegistry] RegisterFilter: result=true
[2026-09-03 14:22:54][info][ValidatorRegistry] New: instance ready
[2026-09-03 14:22:54.301891000][th:1240886][info] GossipPubSub /ip4/0.0.0.0/tcp/54623/p2p/12D3KooWRQj4EoHoRR55qWtQRSYu3fzVcd1qyTjVi2TywUSK6ZUE: PubSub subscribed to topic 'gnus-validator-registry.3.7.144'
[2026-09-03 14:22:54][info][CRDTCallbackManager] Successfully registered new data callback for pattern: '^/?cert/[^/]+'
[2026-09-03 14:22:54][warning][Blockchain] [48ebd049] Failed to request validator registry during blockchain init
[2026-09-03 14:22:54][info][CRDTCallbackManager] Successfully registered new data callback for pattern: '/?gnus-genesis-block'
[2026-09-03 14:22:54.301926000][th:1240886][info] GossipPubSub /ip4/0.0.0.0/tcp/54623/p2p/12D3KooWRQj4EoHoRR55qWtQRSYu3fzVcd1qyTjVi2TywUSK6ZUE: PubSub subscribed to topic 'consensus-channel-.3.7.144'
[2026-09-03 14:22:54][info][CRDTCallbackManager] Successfully registered new data callback for pattern: '/?gnus-account-creation-.*'
[2026-09-03 14:22:54][info][CRDTCallbackManager] Successfully registered new data callback for pattern: '^/?/bc-144/tx/[^/]+'
[2026-09-03 14:22:54.301958000][th:1240886][info] GossipPubSub /ip4/0.0.0.0/tcp/54623/p2p/12D3KooWRQj4EoHoRR55qWtQRSYu3fzVcd1qyTjVi2TywUSK6ZUE: PubSub subscribed to topic 'consensus-channel-.3.7.144#datastore.3.7.144'
[2026-09-03 14:22:54][info][CRDTCallbackManager] Successfully registered deleted data callback for pattern: '^/?/bc-144/tx/[^/]+'
[2026-09-03 14:22:54][info][CRDTCallbackManager] Successfully registered new data callback for pattern: '^/?/bc-963/tx/[^/]+'
[2026-09-03 14:22:54][info][CRDTCallbackManager] Successfully registered deleted data callback for pattern: '^/?/bc-963/tx/[^/]+'
[2026-09-03 14:22:54][info][CRDTCallbackManager] Successfully registered new data callback for pattern: '^/?/bc-369/tx/[^/]+'
[2026-09-03 14:22:54][info][CRDTCallbackManager] Successfully registered deleted data callback for pattern: '^/?/bc-369/tx/[^/]+'
[2026-09-03 14:22:54][info][KeyPairFileStorage] Path to keypairs multi_node_finality_fault/restart-mint-passive/keypair
[2026-09-03 14:22:54][info][KeyPairFileStorage] Peer ID from public key: 12D3KooWJ49eBEghHMHZtDEVPGnvzZRy4KExu2KG2e4vVWk27Go8
Current limits: 16384 (soft), 9223372036854775807 (hard)
New limits set successfully: 16384 (soft), 9223372036854775807 (hard)
Initialized relay addresses
[2026-09-03 14:22:54.303552000][th:1239051][info] GossipPubSub /ip4/0.0.0.0/tcp/54624/p2p/12D3KooWJ49eBEghHMHZtDEVPGnvzZRy4KExu2KG2e4vVWk27Go8: Starting PubSub service
[2026-09-03 14:22:54.303598000][th:1240914][info] GossipPubSub Starting address monitoring system for mobile network changes
[2026-09-03 14:22:54.303600000][th:1240914][info] GossipPubSub === CURRENT NETWORK STATE ===
[2026-09-03 14:22:54.303606000][th:1240914][info] GossipPubSub Primary listening address: /ip4/0.0.0.0/tcp/54624/p2p/12D3KooWJ49eBEghHMHZtDEVPGnvzZRy4KExu2KG2e4vVWk27Go8
[2026-09-03 14:22:54.303606000][th:1240914][info] GossipPubSub Host peer info addresses (0):
[2026-09-03 14:22:54.303607000][th:1240914][info] GossipPubSub Additional addresses we track (0):
[2026-09-03 14:22:54.303608000][th:1240914][info] GossipPubSub Listening addresses (1):
[2026-09-03 14:22:54.303608000][th:1240914][info] GossipPubSub   -> /ip4/0.0.0.0/tcp/54624/p2p/12D3KooWJ49eBEghHMHZtDEVPGnvzZRy4KExu2KG2e4vVWk27Go8
[2026-09-03 14:22:54.303609000][th:1240914][info] GossipPubSub Interface addresses (0):
[2026-09-03 14:22:54.303609000][th:1240914][info] GossipPubSub === RAW OBSERVED ADDRESS DEBUG ===
[2026-09-03 14:22:54.303611000][th:1240914][info] GossipPubSub Local address: /ip4/0.0.0.0/tcp/54624/p2p/12D3KooWJ49eBEghHMHZtDEVPGnvzZRy4KExu2KG2e4vVWk27Go8 -> 0 raw observed, 0 activated+confirmed
[2026-09-03 14:22:54.303612000][th:1240914][info] GossipPubSub TOTAL: 0 raw observed addresses, 0 activated+confirmed addresses
[2026-09-03 14:22:54.303612000][th:1240914][info] GossipPubSub === END RAW OBSERVED ADDRESS DEBUG ===
[2026-09-03 14:22:54.303613000][th:1240914][info] GossipPubSub Observed addresses - all (0):
[2026-09-03 14:22:54.303613000][th:1240914][info] GossipPubSub Observed addresses - confirmed only (0):
[2026-09-03 14:22:54.303614000][th:1240914][info] GossipPubSub Relay addresses (0):
[2026-09-03 14:22:54.303616000][th:1240914][warning] GossipPubSub Failed to get addresses from peer repository: not found
[2026-09-03 14:22:54.303647000][th:1240914][info] GossipPubSub Found 1 valid network interfaces
[2026-09-03 14:22:54.303648000][th:1240914][info] GossipPubSub Current network interfaces (1):
[2026-09-03 14:22:54.303649000][th:1240914][info] GossipPubSub   -> 192.168.1.6
[2026-09-03 14:22:54.303650000][th:1240914][info] GossipPubSub Active connections: 0
[2026-09-03 14:22:54.303650000][th:1240914][info] GossipPubSub === PEER CONNECTION DETAILS ===
[2026-09-03 14:22:54.303651000][th:1240914][info] GossipPubSub NOTE: Observed addresses need to be seen by 4+ different peer groups to become 'activated'
[2026-09-03 14:22:54.303651000][th:1240914][info] GossipPubSub NOTE: Current connections: 0, so max possible observers: 0
[2026-09-03 14:22:54.303652000][th:1240914][info] GossipPubSub === END PEER CONNECTION DETAILS ===
[2026-09-03 14:22:54.303653000][th:1240914][info] GossipPubSub Connection manager stats:
[2026-09-03 14:22:54.303653000][th:1240914][info] GossipPubSub   -> Max connections: 1000
[2026-09-03 14:22:54.303654000][th:1240914][info] GossipPubSub   -> Current connections: 0
[2026-09-03 14:22:54.303654000][th:1240914][info] GossipPubSub === END NETWORK STATE ===
[2026-09-03 14:22:54.303776000][th:1240914][info] GossipPubSub /ip4/0.0.0.0/tcp/54624/p2p/12D3KooWJ49eBEghHMHZtDEVPGnvzZRy4KExu2KG2e4vVWk27Go8 : PubSub service started
[2026-09-03 14:22:54][info][GlobalDB] Opening database /Users/henriqueklein/gnus/SuperGenius/multi_node_finality_fault/restart-mint-passive/rocksdb
[2026-09-03 14:22:54][debug][GraphsyncDAGSyncer] GraphSyncer created 5217226472 
[2026-09-03 14:22:54][info][CrdtDatastore] crdt Datastore created. Number of heads: 0 Current max-height: 0
[2026-09-03 14:22:54][info][GeniusAccount] Secure storage ID path: /Users/henriqueklein/gnus/SuperGenius/multi_node_finality_fault/restart-mint-passive/account/secure_storage_id
[2026-09-03 14:22:54][error][GeniusAccount] Could not find existing Genius address, generating one from a random mnemonic
[2026-09-03 14:22:54][warning][UTXOManager] Found UTXOs in storage, but there were none
[2026-09-03 14:22:54][info][Blockchain] [aa8ea2dd] Blockchain instance created with authorized full node: 8a33bdf1
[2026-09-03 14:22:54][error][ValidatorRegistry] InitializeCache: registry content not found during cache init
[2026-09-03 14:22:54][info][CRDTCallbackManager] Successfully registered new data callback for pattern: '/?gnus-validator-registry'
[2026-09-03 14:22:54][info][ValidatorRegistry] RegisterFilter: result=true
[2026-09-03 14:22:54][info][ValidatorRegistry] New: instance ready
[2026-09-03 14:22:54.337902000][th:1240914][info] GossipPubSub /ip4/0.0.0.0/tcp/54624/p2p/12D3KooWJ49eBEghHMHZtDEVPGnvzZRy4KExu2KG2e4vVWk27Go8: PubSub subscribed to topic 'gnus-validator-registry.3.7.144'
[2026-09-03 14:22:54][info][CRDTCallbackManager] Successfully registered new data callback for pattern: '^/?cert/[^/]+'
[2026-09-03 14:22:54.337921000][th:1240914][info] GossipPubSub /ip4/0.0.0.0/tcp/54624/p2p/12D3KooWJ49eBEghHMHZtDEVPGnvzZRy4KExu2KG2e4vVWk27Go8: PubSub subscribed to topic 'consensus-channel-.3.7.144'
[2026-09-03 14:22:54][warning][Blockchain] [aa8ea2dd] Failed to request validator registry during blockchain init
[2026-09-03 14:22:54][info][CRDTCallbackManager] Successfully registered new data callback for pattern: '/?gnus-genesis-block'
[2026-09-03 14:22:54][info][CRDTCallbackManager] Successfully registered new data callback for pattern: '/?gnus-account-creation-.*'
[2026-09-03 14:22:54.337938000][th:1240914][info] GossipPubSub /ip4/0.0.0.0/tcp/54624/p2p/12D3KooWJ49eBEghHMHZtDEVPGnvzZRy4KExu2KG2e4vVWk27Go8: PubSub subscribed to topic 'consensus-channel-.3.7.144#datastore.3.7.144'
[2026-09-03 14:22:54][info][CRDTCallbackManager] Successfully registered new data callback for pattern: '^/?/bc-144/tx/[^/]+'
[2026-09-03 14:22:54][info][CRDTCallbackManager] Successfully registered deleted data callback for pattern: '^/?/bc-144/tx/[^/]+'
[2026-09-03 14:22:54][info][CRDTCallbackManager] Successfully registered new data callback for pattern: '^/?/bc-963/tx/[^/]+'
[2026-09-03 14:22:54][info][CRDTCallbackManager] Successfully registered deleted data callback for pattern: '^/?/bc-963/tx/[^/]+'
[2026-09-03 14:22:54][info][CRDTCallbackManager] Successfully registered new data callback for pattern: '^/?/bc-369/tx/[^/]+'
[2026-09-03 14:22:54][info][CRDTCallbackManager] Successfully registered deleted data callback for pattern: '^/?/bc-369/tx/[^/]+'
[2026-09-03 14:22:54][info][CrdtDatastore] Topics { name="gnus-validator-registry" }
[2026-09-03 14:22:54][info][CRDTCallbackManager] Executing callback for key '/gnus-validator-registry' matching pattern '/?gnus-validator-registry'
[2026-09-03 14:22:54][info][ValidatorRegistry] RegistryUpdateReceived: cache updated and initialized
[2026-09-03 14:22:54][debug][GraphsyncDAGSyncer] addNode: Added node QmV1DQeeEHNSYWC7EbKa3iXDz7kGwWJkfmTSSFVewgxkn3 on dagService 
[2026-09-03 14:22:54][info][ValidatorRegistry] StoreRegistryUpdate: stored registry update CID QmV1DQeeEHNSYWC7EbKa3iXDz7kGwWJkfmTSSFVewgxkn3
[2026-09-03 14:22:54][info][ValidatorRegistry] StoreRegistryUpdate: success
[2026-09-03 14:22:54][info][CrdtDatastore] Topics { name="gnus-validator-registry" }
[2026-09-03 14:22:54][info][CRDTCallbackManager] Executing callback for key '/gnus-validator-registry' matching pattern '/?gnus-validator-registry'
[2026-09-03 14:22:54][info][ValidatorRegistry] RegistryUpdateReceived: cache updated and initialized
[2026-09-03 14:22:54][debug][GraphsyncDAGSyncer] addNode: Added node QmV1DQeeEHNSYWC7EbKa3iXDz7kGwWJkfmTSSFVewgxkn3 on dagService 
[2026-09-03 14:22:54][info][ValidatorRegistry] StoreRegistryUpdate: stored registry update CID QmV1DQeeEHNSYWC7EbKa3iXDz7kGwWJkfmTSSFVewgxkn3
[2026-09-03 14:22:54][info][ValidatorRegistry] StoreRegistryUpdate: success
[2026-09-03 14:22:54][info][CrdtDatastore] Topics { name="gnus-validator-registry" }
[2026-09-03 14:22:54][info][CRDTCallbackManager] Executing callback for key '/gnus-validator-registry' matching pattern '/?gnus-validator-registry'
[2026-09-03 14:22:54][info][ValidatorRegistry] RegistryUpdateReceived: cache updated and initialized
[2026-09-03 14:22:54][debug][GraphsyncDAGSyncer] addNode: Added node QmV1DQeeEHNSYWC7EbKa3iXDz7kGwWJkfmTSSFVewgxkn3 on dagService 
[2026-09-03 14:22:54][info][ValidatorRegistry] StoreRegistryUpdate: stored registry update CID QmV1DQeeEHNSYWC7EbKa3iXDz7kGwWJkfmTSSFVewgxkn3
[2026-09-03 14:22:54][info][ValidatorRegistry] StoreRegistryUpdate: success
[2026-09-03 14:22:54][info][CrdtDatastore] Topics { name="gnus-validator-registry" }
[2026-09-03 14:22:54][info][CRDTCallbackManager] Executing callback for key '/gnus-validator-registry' matching pattern '/?gnus-validator-registry'
[2026-09-03 14:22:54][info][ValidatorRegistry] RegistryUpdateReceived: cache updated and initialized
[2026-09-03 14:22:54][debug][GraphsyncDAGSyncer] addNode: Added node QmV1DQeeEHNSYWC7EbKa3iXDz7kGwWJkfmTSSFVewgxkn3 on dagService 
[2026-09-03 14:22:54][info][ValidatorRegistry] StoreRegistryUpdate: stored registry update CID QmV1DQeeEHNSYWC7EbKa3iXDz7kGwWJkfmTSSFVewgxkn3
[2026-09-03 14:22:54][info][ValidatorRegistry] StoreRegistryUpdate: success
[2026-09-03 14:22:54.376879000][th:1240840][info] GossipPubSub Adding new peer: 12D3KooWA7KaFFXjGGk7SNhjBFkMa3DYFPFdqQfoJsz5Zobz4TGk
[2026-09-03 14:22:54.376926000][th:1240840][info] GossipPubSub Adding new peer: 12D3KooWRQj4EoHoRR55qWtQRSYu3fzVcd1qyTjVi2TywUSK6ZUE
[2026-09-03 14:22:54.376964000][th:1240840][info] GossipPubSub Adding new peer: 12D3KooWJ49eBEghHMHZtDEVPGnvzZRy4KExu2KG2e4vVWk27Go8
[2026-09-03 14:22:54.377001000][th:1240862][info] GossipPubSub Adding new peer: 12D3KooWBX2TPfT47uvCfekMsrQpSBEfQ7u4TsqYqearoE4ramq7
[2026-09-03 14:22:54.377045000][th:1240862][info] GossipPubSub Adding new peer: 12D3KooWRQj4EoHoRR55qWtQRSYu3fzVcd1qyTjVi2TywUSK6ZUE
[2026-09-03 14:22:54.377080000][th:1240886][info] GossipPubSub Adding new peer: 12D3KooWBX2TPfT47uvCfekMsrQpSBEfQ7u4TsqYqearoE4ramq7
[2026-09-03 14:22:54.377093000][th:1240862][info] GossipPubSub Adding new peer: 12D3KooWJ49eBEghHMHZtDEVPGnvzZRy4KExu2KG2e4vVWk27Go8
[2026-09-03 14:22:54.377125000][th:1240886][info] GossipPubSub Adding new peer: 12D3KooWA7KaFFXjGGk7SNhjBFkMa3DYFPFdqQfoJsz5Zobz4TGk
[2026-09-03 14:22:54.377168000][th:1240914][info] GossipPubSub Adding new peer: 12D3KooWBX2TPfT47uvCfekMsrQpSBEfQ7u4TsqYqearoE4ramq7
[2026-09-03 14:22:54.377193000][th:1240886][info] GossipPubSub Adding new peer: 12D3KooWJ49eBEghHMHZtDEVPGnvzZRy4KExu2KG2e4vVWk27Go8
[2026-09-03 14:22:54.377213000][th:1240914][info] GossipPubSub Adding new peer: 12D3KooWA7KaFFXjGGk7SNhjBFkMa3DYFPFdqQfoJsz5Zobz4TGk
[2026-09-03 14:22:54.377251000][th:1240914][info] GossipPubSub Adding new peer: 12D3KooWRQj4EoHoRR55qWtQRSYu3fzVcd1qyTjVi2TywUSK6ZUE
[2026-09-03 14:22:54][info][TransactionManager] [4089feb0 - full: false] ChangeTransactionState: Temp tracking entry created tx=f172cb1d2e92ec6855214ea20579bac765ab978d48144f1152eeaeae1e93f00b
[2026-09-03 14:22:54][info][TransactionManager] [aa8ea2dd - full: false] ChangeTransactionState: Temp tracking entry created tx=f172cb1d2e92ec6855214ea20579bac765ab978d48144f1152eeaeae1e93f00b
[2026-09-03 14:22:54][info][TransactionManager] [3d830b42 - full: false] ChangeTransactionState: Temp tracking entry created tx=f172cb1d2e92ec6855214ea20579bac765ab978d48144f1152eeaeae1e93f00b
[2026-09-03 14:22:54][info][TransactionManager] [48ebd049 - full: false] ChangeTransactionState: Temp tracking entry created tx=f172cb1d2e92ec6855214ea20579bac765ab978d48144f1152eeaeae1e93f00b
[2026-09-03 14:22:56][error][ConsensusManager] HandleVote: ignored: proposal has not won frozen slot arbitration proposal_id=449afe0d
[2026-09-03 14:22:56][error][ConsensusManager] HandleVote: ignored: proposal has not won frozen slot arbitration proposal_id=449afe0d
[2026-09-03 14:22:56][error][ConsensusManager] HandleVote: ignored: proposal has not won frozen slot arbitration proposal_id=449afe0d
[2026-09-03 14:22:58][info][CrdtDatastore] Topics { name="consensus-channel-.3.7.144#datastore" }
[2026-09-03 14:22:58][info][CRDTCallbackManager] Executing callback for key '/cert/mint-v2:test:0000000000000000000000000000000000000000000000000000000000000000:42:4089feb0eab35a2439f4a46168ee61ab31d09e49197114a6ac49f678386e4d2afbcbe31d827b2191e34aa753035eeeca9221e36880cbd4035ff4cf328353244d:cccccccccccccccccccccccccccccccccccccccccccccccccccccccccccccccc' matching pattern '^/?cert/[^/]+'
[2026-09-03 14:22:58][debug][GraphsyncDAGSyncer] addNode: Added node QmUtrQEHKbQvcqYJEGVFrURidVhBSDHvMJLvkaj1Qg3mDt on dagService 
[2026-09-03 14:22:58][info][UTXOManager] Stored 1 UTXOs for address 4089feb0eab35a2439f4a46168ee61ab31d09e49197114a6ac49f678386e4d2afbcbe31d827b2191e34aa753035eeeca9221e36880cbd4035ff4cf328353244d
[2026-09-03 14:22:58][info][UTXOManager] Stored 2 UTXOs for address 4089feb0eab35a2439f4a46168ee61ab31d09e49197114a6ac49f678386e4d2afbcbe31d827b2191e34aa753035eeeca9221e36880cbd4035ff4cf328353244d
[2026-09-03 14:22:58][warning][TransactionManager] [4089feb0 - full: false] Mint-v2 f172cb1d2e92ec6855214ea20579bac765ab978d48144f1152eeaeae1e93f00b did not consume every burn input (already consumed or missing); burn outpoint metadata may have been rebuilt with zero amount
[2026-09-03 14:22:58][info][TransactionManager] [4089feb0 - full: false] Created tokens (mint-v2), amount 42 balance 42
[2026-09-03 14:22:58][debug][GraphsyncDAGSyncer] Registered new peer 12D3KooWBX2TPfT47uvCfekMsrQpSBEfQ7u4TsqYqearoE4ramq7 with key 0
[2026-09-03 14:22:58][debug][GraphsyncDAGSyncer] Added route for CID QmUtrQEHKbQvcqYJEGVFrURidVhBSDHvMJLvkaj1Qg3mDt to peer 12D3KooWBX2TPfT47uvCfekMsrQpSBEfQ7u4TsqYqearoE4ramq7 (key 0, route_count=1)
[2026-09-03 14:22:58][debug][GraphsyncDAGSyncer] Registered new peer 12D3KooWBX2TPfT47uvCfekMsrQpSBEfQ7u4TsqYqearoE4ramq7 with key 0
[2026-09-03 14:22:58][debug][GraphsyncDAGSyncer] Added route for CID QmUtrQEHKbQvcqYJEGVFrURidVhBSDHvMJLvkaj1Qg3mDt to peer 12D3KooWBX2TPfT47uvCfekMsrQpSBEfQ7u4TsqYqearoE4ramq7 (key 0, route_count=1)
[2026-09-03 14:22:58][debug][GraphsyncDAGSyncer] Registered new peer 12D3KooWBX2TPfT47uvCfekMsrQpSBEfQ7u4TsqYqearoE4ramq7 with key 0
[2026-09-03 14:22:58][debug][GraphsyncDAGSyncer] Added route for CID QmUtrQEHKbQvcqYJEGVFrURidVhBSDHvMJLvkaj1Qg3mDt to peer 12D3KooWBX2TPfT47uvCfekMsrQpSBEfQ7u4TsqYqearoE4ramq7 (key 0, route_count=1)
[2026-09-03 14:22:59][debug][GraphsyncDAGSyncer] Block initialized without content to LRU cache: CID QmUtrQEHKbQvcqYJEGVFrURidVhBSDHvMJLvkaj1Qg3mDt, cache size: 1
[2026-09-03 14:22:59][debug][GraphsyncDAGSyncer] Requesting Node QmUtrQEHKbQvcqYJEGVFrURidVhBSDHvMJLvkaj1Qg3mDt on this 5215748600
[2026-09-03 14:22:59][debug][GraphsyncDAGSyncer] Return node for CID QmUtrQEHKbQvcqYJEGVFrURidVhBSDHvMJLvkaj1Qg3mDt instance=5393997832
[2026-09-03 14:22:59.289492000][th:1240862][warning] graphsync Request 1 for CID QmUtrQEHKbQvcqYJEGVFrURidVhBSDHvMJLvkaj1Qg3mDt got RS_FULL_CONTENT but no blocks received yet
[2026-09-03 14:22:59][debug][GraphsyncDAGSyncer] request progress: code=FULL_CONTENT, extensions=(graphsync/response-metadata: 0x80) (graphsync/do-not-send-cids: 0x80) 
[2026-09-03 14:22:59][debug][GraphsyncDAGSyncer] HasBlock: false, cid: QmUtrQEHKbQvcqYJEGVFrURidVhBSDHvMJLvkaj1Qg3mDt
[2026-09-03 14:22:59][debug][GraphsyncDAGSyncer] Existing block updated in LRU cache: CID QmUtrQEHKbQvcqYJEGVFrURidVhBSDHvMJLvkaj1Qg3mDt
[2026-09-03 14:22:59][debug][GraphsyncDAGSyncer] Node added to dagService. CID: QmUtrQEHKbQvcqYJEGVFrURidVhBSDHvMJLvkaj1Qg3mDt, links: []
[2026-09-03 14:22:59][debug][GraphsyncDAGSyncer] Seeing if peer 12D3KooWBX2TPfT47uvCfekMsrQpSBEfQ7u4TsqYqearoE4ramq7 has links to AddRoute
[2026-09-03 14:22:59][info][GraphsyncDAGSyncer] TraverseCIDsLinks: Checking links on { cid="QmUtrQEHKbQvcqYJEGVFrURidVhBSDHvMJLvkaj1Qg3mDt", name="" }
[2026-09-03 14:22:59][info][GraphsyncDAGSyncer] TraverseCIDsLinks: Completed traversal. Links to fetch: 0, Visited: 0
[2026-09-03 14:22:59][debug][GraphsyncDAGSyncer] Block initialized without content to LRU cache: CID QmUtrQEHKbQvcqYJEGVFrURidVhBSDHvMJLvkaj1Qg3mDt, cache size: 1
[2026-09-03 14:22:59][debug][GraphsyncDAGSyncer] Requesting Node QmUtrQEHKbQvcqYJEGVFrURidVhBSDHvMJLvkaj1Qg3mDt on this 5217300456
[2026-09-03 14:22:59][debug][GraphsyncDAGSyncer] Return node for CID QmUtrQEHKbQvcqYJEGVFrURidVhBSDHvMJLvkaj1Qg3mDt instance=5393997832
[2026-09-03 14:22:59.350021000][th:1240886][warning] graphsync Request 1 for CID QmUtrQEHKbQvcqYJEGVFrURidVhBSDHvMJLvkaj1Qg3mDt got RS_FULL_CONTENT but no blocks received yet
[2026-09-03 14:22:59][debug][GraphsyncDAGSyncer] request progress: code=FULL_CONTENT, extensions=(graphsync/response-metadata: 0x80) (graphsync/do-not-send-cids: 0x80) 
[2026-09-03 14:22:59][debug][GraphsyncDAGSyncer] HasBlock: false, cid: QmUtrQEHKbQvcqYJEGVFrURidVhBSDHvMJLvkaj1Qg3mDt
[2026-09-03 14:22:59][debug][GraphsyncDAGSyncer] Existing block updated in LRU cache: CID QmUtrQEHKbQvcqYJEGVFrURidVhBSDHvMJLvkaj1Qg3mDt
[2026-09-03 14:22:59][debug][GraphsyncDAGSyncer] Node added to dagService. CID: QmUtrQEHKbQvcqYJEGVFrURidVhBSDHvMJLvkaj1Qg3mDt, links: []
[2026-09-03 14:22:59][debug][GraphsyncDAGSyncer] Seeing if peer 12D3KooWBX2TPfT47uvCfekMsrQpSBEfQ7u4TsqYqearoE4ramq7 has links to AddRoute
[2026-09-03 14:22:59][info][GraphsyncDAGSyncer] TraverseCIDsLinks: Checking links on { cid="QmUtrQEHKbQvcqYJEGVFrURidVhBSDHvMJLvkaj1Qg3mDt", name="" }
[2026-09-03 14:22:59][info][GraphsyncDAGSyncer] TraverseCIDsLinks: Completed traversal. Links to fetch: 0, Visited: 0
[2026-09-03 14:22:59][debug][GraphsyncDAGSyncer] Block initialized without content to LRU cache: CID QmUtrQEHKbQvcqYJEGVFrURidVhBSDHvMJLvkaj1Qg3mDt, cache size: 1
[2026-09-03 14:22:59][debug][GraphsyncDAGSyncer] Requesting Node QmUtrQEHKbQvcqYJEGVFrURidVhBSDHvMJLvkaj1Qg3mDt on this 5217226472
[2026-09-03 14:22:59][debug][GraphsyncDAGSyncer] Return node for CID QmUtrQEHKbQvcqYJEGVFrURidVhBSDHvMJLvkaj1Qg3mDt instance=5393997832
[2026-09-03 14:22:59.373262000][th:1240914][warning] graphsync Request 1 for CID QmUtrQEHKbQvcqYJEGVFrURidVhBSDHvMJLvkaj1Qg3mDt got RS_FULL_CONTENT but no blocks received yet
[2026-09-03 14:22:59][debug][GraphsyncDAGSyncer] request progress: code=FULL_CONTENT, extensions=(graphsync/response-metadata: 0x80) (graphsync/do-not-send-cids: 0x80) 
[2026-09-03 14:22:59][debug][GraphsyncDAGSyncer] HasBlock: false, cid: QmUtrQEHKbQvcqYJEGVFrURidVhBSDHvMJLvkaj1Qg3mDt
[2026-09-03 14:22:59][debug][GraphsyncDAGSyncer] Existing block updated in LRU cache: CID QmUtrQEHKbQvcqYJEGVFrURidVhBSDHvMJLvkaj1Qg3mDt
[2026-09-03 14:22:59][debug][GraphsyncDAGSyncer] Node added to dagService. CID: QmUtrQEHKbQvcqYJEGVFrURidVhBSDHvMJLvkaj1Qg3mDt, links: []
[2026-09-03 14:22:59][debug][GraphsyncDAGSyncer] Seeing if peer 12D3KooWBX2TPfT47uvCfekMsrQpSBEfQ7u4TsqYqearoE4ramq7 has links to AddRoute
[2026-09-03 14:22:59][info][GraphsyncDAGSyncer] TraverseCIDsLinks: Checking links on { cid="QmUtrQEHKbQvcqYJEGVFrURidVhBSDHvMJLvkaj1Qg3mDt", name="" }
[2026-09-03 14:22:59][info][GraphsyncDAGSyncer] TraverseCIDsLinks: Completed traversal. Links to fetch: 0, Visited: 0
[2026-09-03 14:22:59][debug][GraphsyncDAGSyncer] Return node for CID QmUtrQEHKbQvcqYJEGVFrURidVhBSDHvMJLvkaj1Qg3mDt instance=5215748600
[2026-09-03 14:22:59][info][CRDTCallbackManager] Executing callback for key '/cert/mint-v2:test:0000000000000000000000000000000000000000000000000000000000000000:42:4089feb0eab35a2439f4a46168ee61ab31d09e49197114a6ac49f678386e4d2afbcbe31d827b2191e34aa753035eeeca9221e36880cbd4035ff4cf328353244d:cccccccccccccccccccccccccccccccccccccccccccccccccccccccccccccccc' matching pattern '^/?cert/[^/]+'
[2026-09-03 14:22:59][debug][GraphsyncDAGSyncer] addNode: Added node QmUtrQEHKbQvcqYJEGVFrURidVhBSDHvMJLvkaj1Qg3mDt on dagService 
[2026-09-03 14:22:59][debug][GraphsyncDAGSyncer] Block removed from LRU cache: CID QmUtrQEHKbQvcqYJEGVFrURidVhBSDHvMJLvkaj1Qg3mDt
[2026-09-03 14:22:59][debug][GraphsyncDAGSyncer] Return node for CID QmUtrQEHKbQvcqYJEGVFrURidVhBSDHvMJLvkaj1Qg3mDt instance=5217300456
[2026-09-03 14:22:59][info][CRDTCallbackManager] Executing callback for key '/cert/mint-v2:test:0000000000000000000000000000000000000000000000000000000000000000:42:4089feb0eab35a2439f4a46168ee61ab31d09e49197114a6ac49f678386e4d2afbcbe31d827b2191e34aa753035eeeca9221e36880cbd4035ff4cf328353244d:cccccccccccccccccccccccccccccccccccccccccccccccccccccccccccccccc' matching pattern '^/?cert/[^/]+'
[2026-09-03 14:22:59][debug][GraphsyncDAGSyncer] addNode: Added node QmUtrQEHKbQvcqYJEGVFrURidVhBSDHvMJLvkaj1Qg3mDt on dagService 
[2026-09-03 14:22:59][debug][GraphsyncDAGSyncer] Block removed from LRU cache: CID QmUtrQEHKbQvcqYJEGVFrURidVhBSDHvMJLvkaj1Qg3mDt
[2026-09-03 14:22:59][debug][GraphsyncDAGSyncer] Return node for CID QmUtrQEHKbQvcqYJEGVFrURidVhBSDHvMJLvkaj1Qg3mDt instance=5217226472
[2026-09-03 14:22:59][info][CRDTCallbackManager] Executing callback for key '/cert/mint-v2:test:0000000000000000000000000000000000000000000000000000000000000000:42:4089feb0eab35a2439f4a46168ee61ab31d09e49197114a6ac49f678386e4d2afbcbe31d827b2191e34aa753035eeeca9221e36880cbd4035ff4cf328353244d:cccccccccccccccccccccccccccccccccccccccccccccccccccccccccccccccc' matching pattern '^/?cert/[^/]+'
[2026-09-03 14:22:59][debug][GraphsyncDAGSyncer] addNode: Added node QmUtrQEHKbQvcqYJEGVFrURidVhBSDHvMJLvkaj1Qg3mDt on dagService 
[2026-09-03 14:22:59][debug][GraphsyncDAGSyncer] Block removed from LRU cache: CID QmUtrQEHKbQvcqYJEGVFrURidVhBSDHvMJLvkaj1Qg3mDt
[2026-09-03 14:22:59][info][Blockchain] [4089feb0] Stopping blockchain
[2026-09-03 14:22:59][error][TransactionManager] [4089feb0 - full: false] OnConsensusCertificate: Failed to change transaction state to CONFIRMED for hash f172cb1d2e92ec6855214ea20579bac765ab978d48144f1152eeaeae1e93f00b: Operation canceled
[2026-09-03 14:22:59][error][TransactionManager] [4089feb0 - full: false] Failed to process certificate proposal_id=449afe0d80fb6576562585fe3182f9f856405c336977de28f2138aa9265d0213 error=Operation canceled
[2026-09-03 14:22:59][info][CRDTCallbackManager] Successfully unregistered new data callback for pattern: '^/?/bc-144/tx/[^/]+'
[2026-09-03 14:22:59][info][CRDTCallbackManager] Successfully unregistered deleted data callback for pattern: '^/?/bc-144/tx/[^/]+'
[2026-09-03 14:22:59][info][CRDTCallbackManager] Successfully unregistered new data callback for pattern: '^/?/bc-963/tx/[^/]+'
[2026-09-03 14:22:59][info][CRDTCallbackManager] Successfully unregistered deleted data callback for pattern: '^/?/bc-963/tx/[^/]+'
[2026-09-03 14:22:59][info][CRDTCallbackManager] Successfully unregistered new data callback for pattern: '^/?/bc-369/tx/[^/]+'
[2026-09-03 14:22:59][info][CRDTCallbackManager] Successfully unregistered deleted data callback for pattern: '^/?/bc-369/tx/[^/]+'
[2026-09-03 14:22:59][info][TransactionManager] [4089feb0 - full: false] ~TransactionManager: Metrics — cert_fallback(success=0 failure=0) validation(approve=1 reject=0) tracking(insert=1 confirm=0 fail=0)
[2026-09-03 14:22:59][info][CRDTCallbackManager] Successfully unregistered new data callback for pattern: '/?gnus-genesis-block'
[2026-09-03 14:22:59][info][CRDTCallbackManager] Successfully unregistered new data callback for pattern: '/?gnus-account-creation-.*'
[2026-09-03 14:22:59][info][CRDTCallbackManager] Successfully unregistered new data callback for pattern: '/?gnus-validator-registry'
[2026-09-03 14:22:59][debug][GlobalDB] ~GlobalDB CALLED with count 6 on multi_node_finality_fault/restart-mint-validator-one/rocksdb 
[2026-09-03 14:22:59][info][GlobalDB] GlobalDB shutdown start
[2026-09-03 14:22:59][info][CrdtDatastore] CancelAndCloseNow: begin (pending_jobs=0, self_queue=0, root_queue=0, pending_roots=0, active_root=false)
[2026-09-03 14:22:59][debug][GraphsyncDAGSyncer] Stopping Dagsyncer
[2026-09-03 14:22:59][debug][GraphsyncDAGSyncer] Dagsyncer Stopped
[2026-09-03 14:22:59.512988000][th:1240862][error] graphsync Varint Error msg=Stream: closed by remote peer
[2026-09-03 14:22:59.512995000][th:1240862][info] graphsync stream read error, peer=4ramq7, msg=stream is not readable
[2026-09-03 14:22:59.513005000][th:1240886][error] graphsync Varint Error msg=Stream: closed by remote peer
[2026-09-03 14:22:59.513011000][th:1240886][info] graphsync stream read error, peer=4ramq7, msg=stream is not readable
[2026-09-03 14:22:59.513023000][th:1240914][error] graphsync Varint Error msg=Stream: closed by remote peer
[2026-09-03 14:22:59.513027000][th:1240914][info] graphsync stream read error, peer=4ramq7, msg=stream is not readable
[2026-09-03 14:22:59.513069000][th:1240840][error] graphsync Varint Error msg=Stream: closed by this host
[2026-09-03 14:22:59.513079000][th:1240840][error] graphsync Varint Error msg=Stream: closed by this host
[2026-09-03 14:22:59.513106000][th:1240840][error] graphsync Varint Error msg=Stream: closed by this host
[2026-09-03 14:22:59][info][CrdtDatastore] CancelAndCloseNow: CRDT workers stopped
[2026-09-03 14:22:59][warning][CrdtDatastore] CancelAndCloseNow called but shutdown has already started
[2026-09-03 14:22:59][debug][GraphsyncDAGSyncer] ~GraphsyncDAGSyncer CALLED
[2026-09-03 14:22:59][info][GlobalDB] GlobalDB shutdown finished
[2026-09-03 14:22:59.767603000][th:1240840][error] GossipPubSub Address monitoring timer error: Operation canceled
[2026-09-03 14:22:59][info][UTXOManager] Stored 1 UTXOs for address 4089feb0eab35a2439f4a46168ee61ab31d09e49197114a6ac49f678386e4d2afbcbe31d827b2191e34aa753035eeeca9221e36880cbd4035ff4cf328353244d
[2026-09-03 14:22:59][info][UTXOManager] Stored 1 UTXOs for address 4089feb0eab35a2439f4a46168ee61ab31d09e49197114a6ac49f678386e4d2afbcbe31d827b2191e34aa753035eeeca9221e36880cbd4035ff4cf328353244d
[2026-09-03 14:22:59][info][UTXOManager] Stored 2 UTXOs for address 4089feb0eab35a2439f4a46168ee61ab31d09e49197114a6ac49f678386e4d2afbcbe31d827b2191e34aa753035eeeca9221e36880cbd4035ff4cf328353244d
[2026-09-03 14:22:59][warning][TransactionManager] [48ebd049 - full: false] Mint-v2 f172cb1d2e92ec6855214ea20579bac765ab978d48144f1152eeaeae1e93f00b did not consume every burn input (already consumed or missing); burn outpoint metadata may have been rebuilt with zero amount
[2026-09-03 14:22:59][info][TransactionManager] [48ebd049 - full: false] Created tokens (mint-v2), amount 42 balance 0
[2026-09-03 14:22:59][info][UTXOManager] Stored 2 UTXOs for address 4089feb0eab35a2439f4a46168ee61ab31d09e49197114a6ac49f678386e4d2afbcbe31d827b2191e34aa753035eeeca9221e36880cbd4035ff4cf328353244d
[2026-09-03 14:22:59][warning][TransactionManager] [3d830b42 - full: false] Mint-v2 f172cb1d2e92ec6855214ea20579bac765ab978d48144f1152eeaeae1e93f00b did not consume every burn input (already consumed or missing); burn outpoint metadata may have been rebuilt with zero amount
[2026-09-03 14:22:59][info][TransactionManager] [3d830b42 - full: false] Created tokens (mint-v2), amount 42 balance 0
[2026-09-03 14:22:59][info][TransactionManager] [48ebd049 - full: false] ChangeTransactionState: Tracking entry confirmed tx=f172cb1d2e92ec6855214ea20579bac765ab978d48144f1152eeaeae1e93f00b
[2026-09-03 14:22:59][info][TransactionManager] [3d830b42 - full: false] ChangeTransactionState: Tracking entry confirmed tx=f172cb1d2e92ec6855214ea20579bac765ab978d48144f1152eeaeae1e93f00b
[2026-09-03 14:22:59][info][UTXOManager] Created checkpoint owner=48ebd04922d84ccdff52cb14e8c56b5db82b1297bf22876c15b9d907bda71e0b1922306e0e62c13615dd48497c43271a62ff3b90a9f02ffde3a919cc2afc4518 epoch=1 utxo_count=0
[2026-09-03 14:22:59][info][UTXOManager] Created checkpoint owner=3d830b42f20ef667bf0992bf3d04e187ec767286fb6af931d988defd561d3065fcc1a48b177942e97e08e39077368f1f039cf3400efd309c966d02b48a8f57ee epoch=1 utxo_count=0
[2026-09-03 14:22:59][info][UTXOManager] Stored 1 UTXOs for address 4089feb0eab35a2439f4a46168ee61ab31d09e49197114a6ac49f678386e4d2afbcbe31d827b2191e34aa753035eeeca9221e36880cbd4035ff4cf328353244d
[2026-09-03 14:22:59][info][UTXOManager] Stored 2 UTXOs for address 4089feb0eab35a2439f4a46168ee61ab31d09e49197114a6ac49f678386e4d2afbcbe31d827b2191e34aa753035eeeca9221e36880cbd4035ff4cf328353244d
[2026-09-03 14:22:59][warning][TransactionManager] [aa8ea2dd - full: false] Mint-v2 f172cb1d2e92ec6855214ea20579bac765ab978d48144f1152eeaeae1e93f00b did not consume every burn input (already consumed or missing); burn outpoint metadata may have been rebuilt with zero amount
[2026-09-03 14:22:59][info][TransactionManager] [aa8ea2dd - full: false] Created tokens (mint-v2), amount 42 balance 0
[2026-09-03 14:22:59][info][TransactionManager] [aa8ea2dd - full: false] ChangeTransactionState: Tracking entry confirmed tx=f172cb1d2e92ec6855214ea20579bac765ab978d48144f1152eeaeae1e93f00b
[2026-09-03 14:22:59][info][UTXOManager] Created checkpoint owner=aa8ea2dd5b8c7c6a76f59c8a694322b3e719ba393a64092d854f4145a5a322091520e11545baa11de52bd07782b10e84cbbbe96ae4c76ce0aa5670fac016d124 epoch=1 utxo_count=0
[2026-09-03 14:23:00][info][KeyPairFileStorage] Path to keypairs multi_node_finality_fault/restart-mint-validator-one/keypair
[2026-09-03 14:23:00][info][KeyPairFileStorage] Peer ID from public key: 12D3KooWBX2TPfT47uvCfekMsrQpSBEfQ7u4TsqYqearoE4ramq7
Current limits: 16384 (soft), 9223372036854775807 (hard)
New limits set successfully: 16384 (soft), 9223372036854775807 (hard)
Initialized relay addresses
[2026-09-03 14:23:00.778869000][th:1239051][info] GossipPubSub /ip4/0.0.0.0/tcp/54621/p2p/12D3KooWBX2TPfT47uvCfekMsrQpSBEfQ7u4TsqYqearoE4ramq7: Starting PubSub service
[2026-09-03 14:23:00.779096000][th:1241172][info] GossipPubSub Starting address monitoring system for mobile network changes
[2026-09-03 14:23:00.779105000][th:1241172][info] GossipPubSub === CURRENT NETWORK STATE ===
[2026-09-03 14:23:00.779126000][th:1241172][info] GossipPubSub Primary listening address: /ip4/0.0.0.0/tcp/54621/p2p/12D3KooWBX2TPfT47uvCfekMsrQpSBEfQ7u4TsqYqearoE4ramq7
[2026-09-03 14:23:00.779129000][th:1241172][info] GossipPubSub Host peer info addresses (0):
[2026-09-03 14:23:00.779130000][th:1241172][info] GossipPubSub Additional addresses we track (0):
[2026-09-03 14:23:00.779132000][th:1241172][info] GossipPubSub Listening addresses (1):
[2026-09-03 14:23:00.779133000][th:1241172][info] GossipPubSub   -> /ip4/0.0.0.0/tcp/54621/p2p/12D3KooWBX2TPfT47uvCfekMsrQpSBEfQ7u4TsqYqearoE4ramq7
[2026-09-03 14:23:00.779135000][th:1241172][info] GossipPubSub Interface addresses (0):
[2026-09-03 14:23:00.779136000][th:1241172][info] GossipPubSub === RAW OBSERVED ADDRESS DEBUG ===
[2026-09-03 14:23:00.779139000][th:1241172][info] GossipPubSub Local address: /ip4/0.0.0.0/tcp/54621/p2p/12D3KooWBX2TPfT47uvCfekMsrQpSBEfQ7u4TsqYqearoE4ramq7 -> 0 raw observed, 0 activated+confirmed
[2026-09-03 14:23:00.779141000][th:1241172][info] GossipPubSub TOTAL: 0 raw observed addresses, 0 activated+confirmed addresses
[2026-09-03 14:23:00.779142000][th:1241172][info] GossipPubSub === END RAW OBSERVED ADDRESS DEBUG ===
[2026-09-03 14:23:00.779143000][th:1241172][info] GossipPubSub Observed addresses - all (0):
[2026-09-03 14:23:00.779145000][th:1241172][info] GossipPubSub Observed addresses - confirmed only (0):
[2026-09-03 14:23:00.779146000][th:1241172][info] GossipPubSub Relay addresses (0):
[2026-09-03 14:23:00.779150000][th:1241172][warning] GossipPubSub Failed to get addresses from peer repository: not found
[2026-09-03 14:23:00.779240000][th:1241172][info] GossipPubSub Found 1 valid network interfaces
[2026-09-03 14:23:00.779247000][th:1241172][info] GossipPubSub Current network interfaces (1):
[2026-09-03 14:23:00.779249000][th:1241172][info] GossipPubSub   -> 192.168.1.6
[2026-09-03 14:23:00.779251000][th:1241172][info] GossipPubSub Active connections: 0
[2026-09-03 14:23:00.779252000][th:1241172][info] GossipPubSub === PEER CONNECTION DETAILS ===
[2026-09-03 14:23:00.779253000][th:1241172][info] GossipPubSub NOTE: Observed addresses need to be seen by 4+ different peer groups to become 'activated'
[2026-09-03 14:23:00.779255000][th:1241172][info] GossipPubSub NOTE: Current connections: 0, so max possible observers: 0
[2026-09-03 14:23:00.779256000][th:1241172][info] GossipPubSub === END PEER CONNECTION DETAILS ===
[2026-09-03 14:23:00.779257000][th:1241172][info] GossipPubSub Connection manager stats:
[2026-09-03 14:23:00.779258000][th:1241172][info] GossipPubSub   -> Max connections: 1000
[2026-09-03 14:23:00.779259000][th:1241172][info] GossipPubSub   -> Current connections: 0
[2026-09-03 14:23:00.779263000][th:1241172][info] GossipPubSub === END NETWORK STATE ===
[2026-09-03 14:23:00.779679000][th:1241172][info] GossipPubSub /ip4/0.0.0.0/tcp/54621/p2p/12D3KooWBX2TPfT47uvCfekMsrQpSBEfQ7u4TsqYqearoE4ramq7 : PubSub service started
[2026-09-03 14:23:00][info][GlobalDB] Opening database /Users/henriqueklein/gnus/SuperGenius/multi_node_finality_fault/restart-mint-validator-one/rocksdb
[2026-09-03 14:23:00][debug][GraphsyncDAGSyncer] GraphSyncer created 4680910280 
[2026-09-03 14:23:00][info][CrdtDatastore] crdt Datastore created. Number of heads: 2 Current max-height: 18446744073709551615
[2026-09-03 14:23:00][info][GeniusAccount] Secure storage ID path: /Users/henriqueklein/gnus/SuperGenius/multi_node_finality_fault/restart-mint-validator-one/account/secure_storage_id
[2026-09-03 14:23:00][info][GeniusAccount] Loaded public key from file: 4089feb0eab35a24... (length: 128)
[2026-09-03 14:23:00][info][GeniusAccount] Successfully loaded key_seed from storage
[2026-09-03 14:23:00][info][GeniusAccount] Validation successful: key_seed matches stored public key
[2026-09-03 14:23:00][info][Blockchain] [4089feb0] Blockchain instance created with authorized full node: 8a33bdf1
[2026-09-03 14:23:00][info][ValidatorRegistry] InitializeCache: cache initialized with CID QmV1DQeeEHNSYWC7EbKa3iXDz7kGwWJkfmTSSFVewgxkn3
[2026-09-03 14:23:00][info][CRDTCallbackManager] Successfully registered new data callback for pattern: '/?gnus-validator-registry'
[2026-09-03 14:23:00][info][ValidatorRegistry] RegisterFilter: result=true
[2026-09-03 14:23:00][info][ValidatorRegistry] New: instance ready
[2026-09-03 14:23:00.807413000][th:1241172][info] GossipPubSub /ip4/0.0.0.0/tcp/54621/p2p/12D3KooWBX2TPfT47uvCfekMsrQpSBEfQ7u4TsqYqearoE4ramq7: PubSub subscribed to topic 'gnus-validator-registry.3.7.144'
[2026-09-03 14:23:00][info][CRDTCallbackManager] Successfully registered new data callback for pattern: '^/?cert/[^/]+'
[2026-09-03 14:23:00.807443000][th:1241172][info] GossipPubSub /ip4/0.0.0.0/tcp/54621/p2p/12D3KooWBX2TPfT47uvCfekMsrQpSBEfQ7u4TsqYqearoE4ramq7: PubSub subscribed to topic 'consensus-channel-.3.7.144'
[2026-09-03 14:23:00.807472000][th:1241172][info] GossipPubSub /ip4/0.0.0.0/tcp/54621/p2p/12D3KooWBX2TPfT47uvCfekMsrQpSBEfQ7u4TsqYqearoE4ramq7: PubSub subscribed to topic 'consensus-channel-.3.7.144#datastore.3.7.144'
[2026-09-03 14:23:00][warning][ConsensusManager] ProcessCommittedCertificate: No subject handler for certificate with key /cert/mint-v2:test:0000000000000000000000000000000000000000000000000000000000000000:42:4089feb0eab35a2439f4a46168ee61ab31d09e49197114a6ac49f678386e4d2afbcbe31d827b2191e34aa753035eeeca9221e36880cbd4035ff4cf328353244d:cccccccccccccccccccccccccccccccccccccccccccccccccccccccccccccccc 
[2026-09-03 14:23:00][warning][ConsensusManager] ProcessCommittedCertificate: No subject handler for certificate with key /cert/mint-v2:test:0000000000000000000000000000000000000000000000000000000000000000:42:4089feb0eab35a2439f4a46168ee61ab31d09e49197114a6ac49f678386e4d2afbcbe31d827b2191e34aa753035eeeca9221e36880cbd4035ff4cf328353244d:cccccccccccccccccccccccccccccccccccccccccccccccccccccccccccccccc 
[2026-09-03 14:23:00][info][CRDTCallbackManager] Successfully registered new data callback for pattern: '/?gnus-genesis-block'
[2026-09-03 14:23:00][info][CRDTCallbackManager] Successfully registered new data callback for pattern: '/?gnus-account-creation-.*'
[2026-09-03 14:23:00][info][UTXOManager] Stored 2 UTXOs for address 4089feb0eab35a2439f4a46168ee61ab31d09e49197114a6ac49f678386e4d2afbcbe31d827b2191e34aa753035eeeca9221e36880cbd4035ff4cf328353244d
[2026-09-03 14:23:00][warning][TransactionManager] [4089feb0 - full: false] Mint-v2 f172cb1d2e92ec6855214ea20579bac765ab978d48144f1152eeaeae1e93f00b did not consume every burn input (already consumed or missing); burn outpoint metadata may have been rebuilt with zero amount
[2026-09-03 14:23:00][info][TransactionManager] [4089feb0 - full: false] Created tokens (mint-v2), amount 42 balance 42
[2026-09-03 14:23:00][info][TransactionManager] [4089feb0 - full: false] ChangeTransactionState: Tracking entry confirmed tx=f172cb1d2e92ec6855214ea20579bac765ab978d48144f1152eeaeae1e93f00b
[2026-09-03 14:23:00][info][TransactionManager] [4089feb0 - full: false] OnConsensusCertificate: Standalone validator confirmed tx f172cb1d2e92ec6855214ea20579bac765ab978d48144f1152eeaeae1e93f00b from certificate proposal_id=449afe0d80fb6576562585fe3182f9f856405c336977de28f2138aa9265d0213
[2026-09-03 14:23:00][info][UTXOManager] Created checkpoint owner=4089feb0eab35a2439f4a46168ee61ab31d09e49197114a6ac49f678386e4d2afbcbe31d827b2191e34aa753035eeeca9221e36880cbd4035ff4cf328353244d epoch=1 utxo_count=1
[2026-09-03 14:23:00][info][CRDTCallbackManager] Successfully registered new data callback for pattern: '^/?/bc-144/tx/[^/]+'
[2026-09-03 14:23:00][info][CRDTCallbackManager] Successfully registered deleted data callback for pattern: '^/?/bc-144/tx/[^/]+'
[2026-09-03 14:23:00][info][CRDTCallbackManager] Successfully registered new data callback for pattern: '^/?/bc-963/tx/[^/]+'
[2026-09-03 14:23:00][info][CRDTCallbackManager] Successfully registered deleted data callback for pattern: '^/?/bc-963/tx/[^/]+'
[2026-09-03 14:23:00][info][CRDTCallbackManager] Successfully registered new data callback for pattern: '^/?/bc-369/tx/[^/]+'
[2026-09-03 14:23:00][info][CRDTCallbackManager] Successfully registered deleted data callback for pattern: '^/?/bc-369/tx/[^/]+'
[2026-09-03 14:23:00.845434000][th:1241172][info] GossipPubSub Adding new peer: 12D3KooWA7KaFFXjGGk7SNhjBFkMa3DYFPFdqQfoJsz5Zobz4TGk
[2026-09-03 14:23:00.845506000][th:1241172][info] GossipPubSub Adding new peer: 12D3KooWRQj4EoHoRR55qWtQRSYu3fzVcd1qyTjVi2TywUSK6ZUE
[2026-09-03 14:23:00.845563000][th:1241172][info] GossipPubSub Adding new peer: 12D3KooWJ49eBEghHMHZtDEVPGnvzZRy4KExu2KG2e4vVWk27Go8
[2026-09-03 14:23:00.845601000][th:1240862][info] GossipPubSub Adding new peer: 12D3KooWBX2TPfT47uvCfekMsrQpSBEfQ7u4TsqYqearoE4ramq7
[2026-09-03 14:23:00.845668000][th:1240862][info] GossipPubSub Adding new peer: 12D3KooWRQj4EoHoRR55qWtQRSYu3fzVcd1qyTjVi2TywUSK6ZUE
[2026-09-03 14:23:00.845720000][th:1240862][info] GossipPubSub Adding new peer: 12D3KooWJ49eBEghHMHZtDEVPGnvzZRy4KExu2KG2e4vVWk27Go8
[2026-09-03 14:23:00.845755000][th:1240886][info] GossipPubSub Adding new peer: 12D3KooWBX2TPfT47uvCfekMsrQpSBEfQ7u4TsqYqearoE4ramq7
[2026-09-03 14:23:00.845821000][th:1240886][info] GossipPubSub Adding new peer: 12D3KooWA7KaFFXjGGk7SNhjBFkMa3DYFPFdqQfoJsz5Zobz4TGk
[2026-09-03 14:23:00.845872000][th:1240886][info] GossipPubSub Adding new peer: 12D3KooWJ49eBEghHMHZtDEVPGnvzZRy4KExu2KG2e4vVWk27Go8
[2026-09-03 14:23:00.845908000][th:1240914][info] GossipPubSub Adding new peer: 12D3KooWBX2TPfT47uvCfekMsrQpSBEfQ7u4TsqYqearoE4ramq7
[2026-09-03 14:23:00.845958000][th:1240914][info] GossipPubSub Adding new peer: 12D3KooWA7KaFFXjGGk7SNhjBFkMa3DYFPFdqQfoJsz5Zobz4TGk
[2026-09-03 14:23:00.846012000][th:1240914][info] GossipPubSub Adding new peer: 12D3KooWRQj4EoHoRR55qWtQRSYu3fzVcd1qyTjVi2TywUSK6ZUE
[2026-09-03 14:23:00][info][CrdtDatastore] Topics { name="consensus-channel-.3.7.144#datastore" }
[2026-09-03 14:23:00][debug][GraphsyncDAGSyncer] addNode: Added node Qmc25LqSUmfAB2aP9y6R7bgc2TdgQfbeBRBS99jnUQFff1 on dagService 
[2026-09-03 14:23:00][info][GraphsyncDAGSyncer] TraverseCIDsLinks: Checking links on { cid="Qmc25LqSUmfAB2aP9y6R7bgc2TdgQfbeBRBS99jnUQFff1", name="consensus-channel-.3.7.144#datastore" }
[2026-09-03 14:23:00][debug][GraphsyncDAGSyncer] TraverseCIDsLinks: Skipping traversal of resolved child QmUtrQEHKbQvcqYJEGVFrURidVhBSDHvMJLvkaj1Qg3mDt
[2026-09-03 14:23:00][info][GraphsyncDAGSyncer] TraverseCIDsLinks: Completed traversal. Links to fetch: 0, Visited: 1
[2026-09-03 14:23:00][debug][GraphsyncDAGSyncer] Added route for CID Qmc25LqSUmfAB2aP9y6R7bgc2TdgQfbeBRBS99jnUQFff1 to peer 12D3KooWBX2TPfT47uvCfekMsrQpSBEfQ7u4TsqYqearoE4ramq7 (key 0, route_count=1)
[2026-09-03 14:23:00][debug][GraphsyncDAGSyncer] Added route for CID Qmc25LqSUmfAB2aP9y6R7bgc2TdgQfbeBRBS99jnUQFff1 to peer 12D3KooWBX2TPfT47uvCfekMsrQpSBEfQ7u4TsqYqearoE4ramq7 (key 0, route_count=1)
[2026-09-03 14:23:00][debug][GraphsyncDAGSyncer] Added route for CID Qmc25LqSUmfAB2aP9y6R7bgc2TdgQfbeBRBS99jnUQFff1 to peer 12D3KooWBX2TPfT47uvCfekMsrQpSBEfQ7u4TsqYqearoE4ramq7 (key 0, route_count=1)
[2026-09-03 14:23:00][info][CRDTCallbackManager] Successfully unregistered new data callback for pattern: '^/?/bc-144/tx/[^/]+'
[2026-09-03 14:23:00][info][CRDTCallbackManager] Successfully unregistered deleted data callback for pattern: '^/?/bc-144/tx/[^/]+'
[2026-09-03 14:23:00][info][CRDTCallbackManager] Successfully unregistered new data callback for pattern: '^/?/bc-963/tx/[^/]+'
[2026-09-03 14:23:00][info][CRDTCallbackManager] Successfully unregistered deleted data callback for pattern: '^/?/bc-963/tx/[^/]+'
[2026-09-03 14:23:00][info][CRDTCallbackManager] Successfully unregistered new data callback for pattern: '^/?/bc-369/tx/[^/]+'
[2026-09-03 14:23:00][info][CRDTCallbackManager] Successfully unregistered deleted data callback for pattern: '^/?/bc-369/tx/[^/]+'
[2026-09-03 14:23:00][info][TransactionManager] [4089feb0 - full: false] ~TransactionManager: Metrics — cert_fallback(success=1 failure=0) validation(approve=0 reject=0) tracking(insert=0 confirm=1 fail=0)
[2026-09-03 14:23:00][info][Blockchain] [4089feb0] Stopping blockchain
[2026-09-03 14:23:00][info][CRDTCallbackManager] Successfully unregistered new data callback for pattern: '/?gnus-genesis-block'
[2026-09-03 14:23:00][info][CRDTCallbackManager] Successfully unregistered new data callback for pattern: '/?gnus-account-creation-.*'
[2026-09-03 14:23:00][info][CRDTCallbackManager] Successfully unregistered new data callback for pattern: '/?gnus-validator-registry'
[2026-09-03 14:23:00][debug][GlobalDB] ~GlobalDB CALLED with count 6 on multi_node_finality_fault/restart-mint-validator-one/rocksdb 
[2026-09-03 14:23:00][info][GlobalDB] GlobalDB shutdown start
[2026-09-03 14:23:00][info][CrdtDatastore] CancelAndCloseNow: begin (pending_jobs=0, self_queue=0, root_queue=0, pending_roots=0, active_root=false)
[2026-09-03 14:23:00][debug][GraphsyncDAGSyncer] Stopping Dagsyncer
[2026-09-03 14:23:00][debug][GraphsyncDAGSyncer] Dagsyncer Stopped
[2026-09-03 14:23:01][debug][GraphsyncDAGSyncer] Block initialized without content to LRU cache: CID Qmc25LqSUmfAB2aP9y6R7bgc2TdgQfbeBRBS99jnUQFff1, cache size: 1
[2026-09-03 14:23:01][debug][GraphsyncDAGSyncer] Requesting Node Qmc25LqSUmfAB2aP9y6R7bgc2TdgQfbeBRBS99jnUQFff1 on this 5215748600
[2026-09-03 14:23:01][info][CrdtDatastore] CancelAndCloseNow: CRDT workers stopped
[2026-09-03 14:23:01][warning][CrdtDatastore] CancelAndCloseNow called but shutdown has already started
[2026-09-03 14:23:01][debug][GraphsyncDAGSyncer] ~GraphsyncDAGSyncer CALLED
[2026-09-03 14:23:01][info][GlobalDB] GlobalDB shutdown finished
[2026-09-03 14:23:01.310946000][th:1241172][error] GossipPubSub Address monitoring timer error: Operation canceled
[2026-09-03 14:23:01][debug][GraphsyncDAGSyncer] Block initialized without content to LRU cache: CID Qmc25LqSUmfAB2aP9y6R7bgc2TdgQfbeBRBS99jnUQFff1, cache size: 1
[2026-09-03 14:23:01][debug][GraphsyncDAGSyncer] Requesting Node Qmc25LqSUmfAB2aP9y6R7bgc2TdgQfbeBRBS99jnUQFff1 on this 5217300456
[2026-09-03 14:23:01][debug][GraphsyncDAGSyncer] Block initialized without content to LRU cache: CID Qmc25LqSUmfAB2aP9y6R7bgc2TdgQfbeBRBS99jnUQFff1, cache size: 1
[2026-09-03 14:23:01][debug][GraphsyncDAGSyncer] Requesting Node Qmc25LqSUmfAB2aP9y6R7bgc2TdgQfbeBRBS99jnUQFff1 on this 5217226472
[2026-09-03 14:23:02.315240000][th:1240862][error] graphsync Varint Error msg=Connection reset by peer
[2026-09-03 14:23:02.315288000][th:1240862][info] graphsync stream read error, peer=4ramq7, msg=stream is not readable
[2026-09-03 14:23:02][debug][GraphsyncDAGSyncer] request progress: code=CONNECTION_ERROR, extensions=
[2026-09-03 14:23:02.316239000][th:1240914][error] graphsync cannot connect, peer=4ramq7, msg='Connection reset by peer' state=1
[2026-09-03 14:23:02][info][KeyPairFileStorage] Path to keypairs multi_node_finality_fault/restart-mint-validator-one/keypair
[2026-09-03 14:23:02][debug][GraphsyncDAGSyncer] request progress: code=CANNOT_CONNECT, extensions=
[2026-09-03 14:23:02.316373000][th:1240886][error] graphsync cannot connect, peer=4ramq7, msg='Connection reset by peer' state=1
[2026-09-03 14:23:02][debug][GraphsyncDAGSyncer] request progress: code=CANNOT_CONNECT, extensions=
[2026-09-03 14:23:02][info][KeyPairFileStorage] Peer ID from public key: 12D3KooWBX2TPfT47uvCfekMsrQpSBEfQ7u4TsqYqearoE4ramq7
Current limits: 16384 (soft), 9223372036854775807 (hard)
New limits set successfully: 16384 (soft), 9223372036854775807 (hard)
Initialized relay addresses
[2026-09-03 14:23:02.319656000][th:1239051][info] GossipPubSub /ip4/0.0.0.0/tcp/54621/p2p/12D3KooWBX2TPfT47uvCfekMsrQpSBEfQ7u4TsqYqearoE4ramq7: Starting PubSub service
[2026-09-03 14:23:02.319900000][th:1241235][info] GossipPubSub Starting address monitoring system for mobile network changes
[2026-09-03 14:23:02.320065000][th:1241235][info] GossipPubSub === CURRENT NETWORK STATE ===
[2026-09-03 14:23:02.320087000][th:1241235][info] GossipPubSub Primary listening address: /ip4/0.0.0.0/tcp/54621/p2p/12D3KooWBX2TPfT47uvCfekMsrQpSBEfQ7u4TsqYqearoE4ramq7
[2026-09-03 14:23:02.320090000][th:1241235][info] GossipPubSub Host peer info addresses (0):
[2026-09-03 14:23:02.320091000][th:1241235][info] GossipPubSub Additional addresses we track (0):
[2026-09-03 14:23:02.320092000][th:1241235][info] GossipPubSub Listening addresses (1):
[2026-09-03 14:23:02.320094000][th:1241235][info] GossipPubSub   -> /ip4/0.0.0.0/tcp/54621/p2p/12D3KooWBX2TPfT47uvCfekMsrQpSBEfQ7u4TsqYqearoE4ramq7
[2026-09-03 14:23:02.320095000][th:1241235][info] GossipPubSub Interface addresses (0):
[2026-09-03 14:23:02.320096000][th:1241235][info] GossipPubSub === RAW OBSERVED ADDRESS DEBUG ===
[2026-09-03 14:23:02.320099000][th:1241235][info] GossipPubSub Local address: /ip4/0.0.0.0/tcp/54621/p2p/12D3KooWBX2TPfT47uvCfekMsrQpSBEfQ7u4TsqYqearoE4ramq7 -> 0 raw observed, 0 activated+confirmed
[2026-09-03 14:23:02.320102000][th:1241235][info] GossipPubSub TOTAL: 0 raw observed addresses, 0 activated+confirmed addresses
[2026-09-03 14:23:02.320103000][th:1241235][info] GossipPubSub === END RAW OBSERVED ADDRESS DEBUG ===
[2026-09-03 14:23:02.320104000][th:1241235][info] GossipPubSub Observed addresses - all (0):
[2026-09-03 14:23:02.320105000][th:1241235][info] GossipPubSub Observed addresses - confirmed only (0):
[2026-09-03 14:23:02.320106000][th:1241235][info] GossipPubSub Relay addresses (0):
[2026-09-03 14:23:02.320111000][th:1241235][warning] GossipPubSub Failed to get addresses from peer repository: not found
[2026-09-03 14:23:02.320209000][th:1241235][info] GossipPubSub Found 1 valid network interfaces
[2026-09-03 14:23:02.320215000][th:1241235][info] GossipPubSub Current network interfaces (1):
[2026-09-03 14:23:02.320216000][th:1241235][info] GossipPubSub   -> 192.168.1.6
[2026-09-03 14:23:02.320218000][th:1241235][info] GossipPubSub Active connections: 0
[2026-09-03 14:23:02.320219000][th:1241235][info] GossipPubSub === PEER CONNECTION DETAILS ===
[2026-09-03 14:23:02.320220000][th:1241235][info] GossipPubSub NOTE: Observed addresses need to be seen by 4+ different peer groups to become 'activated'
[2026-09-03 14:23:02.320222000][th:1241235][info] GossipPubSub NOTE: Current connections: 0, so max possible observers: 0
[2026-09-03 14:23:02.320223000][th:1241235][info] GossipPubSub === END PEER CONNECTION DETAILS ===
[2026-09-03 14:23:02.320223000][th:1241235][info] GossipPubSub Connection manager stats:
[2026-09-03 14:23:02.320225000][th:1241235][info] GossipPubSub   -> Max connections: 1000
[2026-09-03 14:23:02.320226000][th:1241235][info] GossipPubSub   -> Current connections: 0
[2026-09-03 14:23:02.320227000][th:1241235][info] GossipPubSub === END NETWORK STATE ===
[2026-09-03 14:23:02.320656000][th:1241235][info] GossipPubSub /ip4/0.0.0.0/tcp/54621/p2p/12D3KooWBX2TPfT47uvCfekMsrQpSBEfQ7u4TsqYqearoE4ramq7 : PubSub service started
[2026-09-03 14:23:02][info][GlobalDB] Opening database /Users/henriqueklein/gnus/SuperGenius/multi_node_finality_fault/restart-mint-validator-one/rocksdb
[2026-09-03 14:23:02][warning][GraphsyncDAGSyncer] Request failed for CID Qmc25LqSUmfAB2aP9y6R7bgc2TdgQfbeBRBS99jnUQFff1 from peer 12D3KooWBX2TPfT47uvCfekMsrQpSBEfQ7u4TsqYqearoE4ramq7 with connection error CONNECTION_ERROR. Blacklisting peer and trying fallback.
[2026-09-03 14:23:02][debug][GraphsyncDAGSyncer] Erasing route for CID Qmc25LqSUmfAB2aP9y6R7bgc2TdgQfbeBRBS99jnUQFff1 to blacklisted peer
[2026-09-03 14:23:02][error][GraphsyncDAGSyncer] No usable route candidates left for CID Qmc25LqSUmfAB2aP9y6R7bgc2TdgQfbeBRBS99jnUQFff1
[2026-09-03 14:23:02][debug][GraphsyncDAGSyncer] GraphSyncer created 4678817496 
[2026-09-03 14:23:02][info][CrdtDatastore] crdt Datastore created. Number of heads: 2 Current max-height: 18446744073709551615
[2026-09-03 14:23:02][info][GeniusAccount] Secure storage ID path: /Users/henriqueklein/gnus/SuperGenius/multi_node_finality_fault/restart-mint-validator-one/account/secure_storage_id
[2026-09-03 14:23:02][info][GeniusAccount] Loaded public key from file: 4089feb0eab35a24... (length: 128)
[2026-09-03 14:23:02][info][GeniusAccount] Successfully loaded key_seed from storage
[2026-09-03 14:23:02][info][GeniusAccount] Validation successful: key_seed matches stored public key
[2026-09-03 14:23:02][warning][UTXOManager] Skipping malformed UTXO key /utxo-checkpoint/4089feb0eab35a2439f4a46168ee61ab31d09e49197114a6ac49f678386e4d2afbcbe31d827b2191e34aa753035eeeca9221e36880cbd4035ff4cf328353244d/1
[2026-09-03 14:23:02][warning][UTXOManager] Skipping malformed UTXO key /utxo-checkpoint/4089feb0eab35a2439f4a46168ee61ab31d09e49197114a6ac49f678386e4d2afbcbe31d827b2191e34aa753035eeeca9221e36880cbd4035ff4cf328353244d/latest
[2026-09-03 14:23:02][info][Blockchain] [4089feb0] Blockchain instance created with authorized full node: 8a33bdf1
[2026-09-03 14:23:02][info][ValidatorRegistry] InitializeCache: cache initialized with CID QmV1DQeeEHNSYWC7EbKa3iXDz7kGwWJkfmTSSFVewgxkn3
[2026-09-03 14:23:02][info][CRDTCallbackManager] Successfully registered new data callback for pattern: '/?gnus-validator-registry'
[2026-09-03 14:23:02][info][ValidatorRegistry] RegisterFilter: result=true
[2026-09-03 14:23:02][info][ValidatorRegistry] New: instance ready
[2026-09-03 14:23:02.349629000][th:1241235][info] GossipPubSub /ip4/0.0.0.0/tcp/54621/p2p/12D3KooWBX2TPfT47uvCfekMsrQpSBEfQ7u4TsqYqearoE4ramq7: PubSub subscribed to topic 'gnus-validator-registry.3.7.144'
[2026-09-03 14:23:02.349766000][th:1241235][info] GossipPubSub /ip4/0.0.0.0/tcp/54621/p2p/12D3KooWBX2TPfT47uvCfekMsrQpSBEfQ7u4TsqYqearoE4ramq7: PubSub subscribed to topic 'consensus-channel-.3.7.144'
[2026-09-03 14:23:02][info][CRDTCallbackManager] Successfully registered new data callback for pattern: '^/?cert/[^/]+'
[2026-09-03 14:23:02.349849000][th:1241235][info] GossipPubSub /ip4/0.0.0.0/tcp/54621/p2p/12D3KooWBX2TPfT47uvCfekMsrQpSBEfQ7u4TsqYqearoE4ramq7: PubSub subscribed to topic 'consensus-channel-.3.7.144#datastore.3.7.144'
[2026-09-03 14:23:02][info][CRDTCallbackManager] Successfully registered new data callback for pattern: '/?gnus-genesis-block'
[2026-09-03 14:23:02][info][CRDTCallbackManager] Successfully registered new data callback for pattern: '/?gnus-account-creation-.*'
[2026-09-03 14:23:02][info][CRDTCallbackManager] Successfully registered new data callback for pattern: '^/?/bc-144/tx/[^/]+'
[2026-09-03 14:23:02][info][CRDTCallbackManager] Successfully registered deleted data callback for pattern: '^/?/bc-144/tx/[^/]+'
[2026-09-03 14:23:02][info][CRDTCallbackManager] Successfully registered new data callback for pattern: '^/?/bc-963/tx/[^/]+'
[2026-09-03 14:23:02][info][CRDTCallbackManager] Successfully registered deleted data callback for pattern: '^/?/bc-963/tx/[^/]+'
[2026-09-03 14:23:02][info][CRDTCallbackManager] Successfully registered new data callback for pattern: '^/?/bc-369/tx/[^/]+'
[2026-09-03 14:23:02][info][CRDTCallbackManager] Successfully registered deleted data callback for pattern: '^/?/bc-369/tx/[^/]+'
[2026-09-03 14:23:02][info][CRDTCallbackManager] Successfully unregistered new data callback for pattern: '^/?/bc-144/tx/[^/]+'
[2026-09-03 14:23:02][info][CRDTCallbackManager] Successfully unregistered deleted data callback for pattern: '^/?/bc-144/tx/[^/]+'
[2026-09-03 14:23:02][info][CRDTCallbackManager] Successfully unregistered new data callback for pattern: '^/?/bc-963/tx/[^/]+'
[2026-09-03 14:23:02][info][CRDTCallbackManager] Successfully unregistered deleted data callback for pattern: '^/?/bc-963/tx/[^/]+'
[2026-09-03 14:23:02][info][CRDTCallbackManager] Successfully unregistered new data callback for pattern: '^/?/bc-369/tx/[^/]+'
[2026-09-03 14:23:02][info][CRDTCallbackManager] Successfully unregistered deleted data callback for pattern: '^/?/bc-369/tx/[^/]+'
[2026-09-03 14:23:02][info][TransactionManager] [3d830b42 - full: false] ~TransactionManager: Metrics — cert_fallback(success=0 failure=0) validation(approve=1 reject=0) tracking(insert=1 confirm=1 fail=0)
[2026-09-03 14:23:02][info][Blockchain] [3d830b42] Stopping blockchain
[2026-09-03 14:23:02][info][CRDTCallbackManager] Successfully unregistered new data callback for pattern: '/?gnus-genesis-block'
[2026-09-03 14:23:02][info][CRDTCallbackManager] Successfully unregistered new data callback for pattern: '/?gnus-account-creation-.*'
[2026-09-03 14:23:02][info][CRDTCallbackManager] Successfully unregistered new data callback for pattern: '/?gnus-validator-registry'
[2026-09-03 14:23:02][debug][GlobalDB] ~GlobalDB CALLED with count 6 on multi_node_finality_fault/restart-mint-validator-two/rocksdb 
[2026-09-03 14:23:02][info][GlobalDB] GlobalDB shutdown start
[2026-09-03 14:23:02][info][CrdtDatastore] CancelAndCloseNow: begin (pending_jobs=2, self_queue=0, root_queue=0, pending_roots=0, active_root=false)
[2026-09-03 14:23:02][debug][GraphsyncDAGSyncer] Stopping Dagsyncer
[2026-09-03 14:23:02][debug][GraphsyncDAGSyncer] Dagsyncer Stopped
[2026-09-03 14:23:02][warning][GraphsyncDAGSyncer] Request failed for CID Qmc25LqSUmfAB2aP9y6R7bgc2TdgQfbeBRBS99jnUQFff1 from peer 12D3KooWBX2TPfT47uvCfekMsrQpSBEfQ7u4TsqYqearoE4ramq7 with connection error CANNOT_CONNECT. Blacklisting peer and trying fallback.
[2026-09-03 14:23:02][debug][GraphsyncDAGSyncer] Erasing route for CID Qmc25LqSUmfAB2aP9y6R7bgc2TdgQfbeBRBS99jnUQFff1 to blacklisted peer
[2026-09-03 14:23:02][error][GraphsyncDAGSyncer] No usable route candidates left for CID Qmc25LqSUmfAB2aP9y6R7bgc2TdgQfbeBRBS99jnUQFff1
[2026-09-03 14:23:02][warning][GraphsyncDAGSyncer] Request failed for CID Qmc25LqSUmfAB2aP9y6R7bgc2TdgQfbeBRBS99jnUQFff1 from peer 12D3KooWBX2TPfT47uvCfekMsrQpSBEfQ7u4TsqYqearoE4ramq7 with connection error CANNOT_CONNECT. Blacklisting peer and trying fallback.
[2026-09-03 14:23:02][debug][GraphsyncDAGSyncer] Erasing route for CID Qmc25LqSUmfAB2aP9y6R7bgc2TdgQfbeBRBS99jnUQFff1 to blacklisted peer
[2026-09-03 14:23:02][error][GraphsyncDAGSyncer] No usable route candidates left for CID Qmc25LqSUmfAB2aP9y6R7bgc2TdgQfbeBRBS99jnUQFff1
[2026-09-03 14:23:02][info][CrdtDatastore] CancelAndCloseNow: CRDT workers stopped
[2026-09-03 14:23:02][warning][CrdtDatastore] CancelAndCloseNow called but shutdown has already started
[2026-09-03 14:23:02][debug][GraphsyncDAGSyncer] ~GraphsyncDAGSyncer CALLED
[2026-09-03 14:23:02][info][GlobalDB] GlobalDB shutdown finished
[2026-09-03 14:23:02.811745000][th:1240862][error] GossipPubSub Address monitoring timer error: Operation canceled
[2026-09-03 14:23:03][info][KeyPairFileStorage] Path to keypairs multi_node_finality_fault/restart-mint-validator-two/keypair
[2026-09-03 14:23:03][info][KeyPairFileStorage] Peer ID from public key: 12D3KooWA7KaFFXjGGk7SNhjBFkMa3DYFPFdqQfoJsz5Zobz4TGk
Current limits: 16384 (soft), 9223372036854775807 (hard)
New limits set successfully: 16384 (soft), 9223372036854775807 (hard)
Initialized relay addresses
[2026-09-03 14:23:03.815939000][th:1239051][info] GossipPubSub /ip4/0.0.0.0/tcp/54622/p2p/12D3KooWA7KaFFXjGGk7SNhjBFkMa3DYFPFdqQfoJsz5Zobz4TGk: Starting PubSub service
[2026-09-03 14:23:03.816007000][th:1241311][info] GossipPubSub Starting address monitoring system for mobile network changes
[2026-09-03 14:23:03.816009000][th:1241311][info] GossipPubSub === CURRENT NETWORK STATE ===
[2026-09-03 14:23:03.816017000][th:1241311][info] GossipPubSub Primary listening address: /ip4/0.0.0.0/tcp/54622/p2p/12D3KooWA7KaFFXjGGk7SNhjBFkMa3DYFPFdqQfoJsz5Zobz4TGk
[2026-09-03 14:23:03.816018000][th:1241311][info] GossipPubSub Host peer info addresses (0):
[2026-09-03 14:23:03.816019000][th:1241311][info] GossipPubSub Additional addresses we track (0):
[2026-09-03 14:23:03.816020000][th:1241311][info] GossipPubSub Listening addresses (1):
[2026-09-03 14:23:03.816027000][th:1241311][info] GossipPubSub   -> /ip4/0.0.0.0/tcp/54622/p2p/12D3KooWA7KaFFXjGGk7SNhjBFkMa3DYFPFdqQfoJsz5Zobz4TGk
[2026-09-03 14:23:03.816030000][th:1241311][info] GossipPubSub Interface addresses (0):
[2026-09-03 14:23:03.816031000][th:1241311][info] GossipPubSub === RAW OBSERVED ADDRESS DEBUG ===
[2026-09-03 14:23:03.816033000][th:1241311][info] GossipPubSub Local address: /ip4/0.0.0.0/tcp/54622/p2p/12D3KooWA7KaFFXjGGk7SNhjBFkMa3DYFPFdqQfoJsz5Zobz4TGk -> 0 raw observed, 0 activated+confirmed
[2026-09-03 14:23:03.816035000][th:1241311][info] GossipPubSub TOTAL: 0 raw observed addresses, 0 activated+confirmed addresses
[2026-09-03 14:23:03.816035000][th:1241311][info] GossipPubSub === END RAW OBSERVED ADDRESS DEBUG ===
[2026-09-03 14:23:03.816036000][th:1241311][info] GossipPubSub Observed addresses - all (0):
[2026-09-03 14:23:03.816037000][th:1241311][info] GossipPubSub Observed addresses - confirmed only (0):
[2026-09-03 14:23:03.816038000][th:1241311][info] GossipPubSub Relay addresses (0):
[2026-09-03 14:23:03.816040000][th:1241311][warning] GossipPubSub Failed to get addresses from peer repository: not found
[2026-09-03 14:23:03.816074000][th:1241311][info] GossipPubSub Found 1 valid network interfaces
[2026-09-03 14:23:03.816076000][th:1241311][info] GossipPubSub Current network interfaces (1):
[2026-09-03 14:23:03.816076000][th:1241311][info] GossipPubSub   -> 192.168.1.6
[2026-09-03 14:23:03.816078000][th:1241311][info] GossipPubSub Active connections: 0
[2026-09-03 14:23:03.816078000][th:1241311][info] GossipPubSub === PEER CONNECTION DETAILS ===
[2026-09-03 14:23:03.816079000][th:1241311][info] GossipPubSub NOTE: Observed addresses need to be seen by 4+ different peer groups to become 'activated'
[2026-09-03 14:23:03.816080000][th:1241311][info] GossipPubSub NOTE: Current connections: 0, so max possible observers: 0
[2026-09-03 14:23:03.816080000][th:1241311][info] GossipPubSub === END PEER CONNECTION DETAILS ===
[2026-09-03 14:23:03.816081000][th:1241311][info] GossipPubSub Connection manager stats:
[2026-09-03 14:23:03.816082000][th:1241311][info] GossipPubSub   -> Max connections: 1000
[2026-09-03 14:23:03.816083000][th:1241311][info] GossipPubSub   -> Current connections: 0
[2026-09-03 14:23:03.816083000][th:1241311][info] GossipPubSub === END NETWORK STATE ===
[2026-09-03 14:23:03.816208000][th:1241311][info] GossipPubSub /ip4/0.0.0.0/tcp/54622/p2p/12D3KooWA7KaFFXjGGk7SNhjBFkMa3DYFPFdqQfoJsz5Zobz4TGk : PubSub service started
[2026-09-03 14:23:03][info][GlobalDB] Opening database /Users/henriqueklein/gnus/SuperGenius/multi_node_finality_fault/restart-mint-validator-two/rocksdb
[2026-09-03 14:23:03][debug][GraphsyncDAGSyncer] GraphSyncer created 5393931896 
[2026-09-03 14:23:03][info][CrdtDatastore] crdt Datastore created. Number of heads: 2 Current max-height: 18446744073709551615
[2026-09-03 14:23:03][info][GeniusAccount] Secure storage ID path: /Users/henriqueklein/gnus/SuperGenius/multi_node_finality_fault/restart-mint-validator-two/account/secure_storage_id
[2026-09-03 14:23:03][info][GeniusAccount] Loaded public key from file: 3d830b42f20ef667... (length: 128)
[2026-09-03 14:23:03][info][GeniusAccount] Successfully loaded key_seed from storage
[2026-09-03 14:23:03][info][GeniusAccount] Validation successful: key_seed matches stored public key
[2026-09-03 14:23:03][warning][UTXOManager] Skipping malformed UTXO key /utxo-checkpoint/3d830b42f20ef667bf0992bf3d04e187ec767286fb6af931d988defd561d3065fcc1a48b177942e97e08e39077368f1f039cf3400efd309c966d02b48a8f57ee/1
[2026-09-03 14:23:03][warning][UTXOManager] Skipping malformed UTXO key /utxo-checkpoint/3d830b42f20ef667bf0992bf3d04e187ec767286fb6af931d988defd561d3065fcc1a48b177942e97e08e39077368f1f039cf3400efd309c966d02b48a8f57ee/latest
[2026-09-03 14:23:03][info][Blockchain] [3d830b42] Blockchain instance created with authorized full node: 8a33bdf1
[2026-09-03 14:23:03][info][ValidatorRegistry] InitializeCache: cache initialized with CID QmV1DQeeEHNSYWC7EbKa3iXDz7kGwWJkfmTSSFVewgxkn3
[2026-09-03 14:23:03][info][CRDTCallbackManager] Successfully registered new data callback for pattern: '/?gnus-validator-registry'
[2026-09-03 14:23:03][info][ValidatorRegistry] RegisterFilter: result=true
[2026-09-03 14:23:03][info][ValidatorRegistry] New: instance ready
[2026-09-03 14:23:03.842140000][th:1241311][info] GossipPubSub /ip4/0.0.0.0/tcp/54622/p2p/12D3KooWA7KaFFXjGGk7SNhjBFkMa3DYFPFdqQfoJsz5Zobz4TGk: PubSub subscribed to topic 'gnus-validator-registry.3.7.144'
[2026-09-03 14:23:03][info][CRDTCallbackManager] Successfully registered new data callback for pattern: '^/?cert/[^/]+'
[2026-09-03 14:23:03.842162000][th:1241311][info] GossipPubSub /ip4/0.0.0.0/tcp/54622/p2p/12D3KooWA7KaFFXjGGk7SNhjBFkMa3DYFPFdqQfoJsz5Zobz4TGk: PubSub subscribed to topic 'consensus-channel-.3.7.144'
[2026-09-03 14:23:03.842181000][th:1241311][info] GossipPubSub /ip4/0.0.0.0/tcp/54622/p2p/12D3KooWA7KaFFXjGGk7SNhjBFkMa3DYFPFdqQfoJsz5Zobz4TGk: PubSub subscribed to topic 'consensus-channel-.3.7.144#datastore.3.7.144'
[2026-09-03 14:23:03][info][CRDTCallbackManager] Successfully registered new data callback for pattern: '/?gnus-genesis-block'
[2026-09-03 14:23:03][info][CRDTCallbackManager] Successfully registered new data callback for pattern: '/?gnus-account-creation-.*'
[2026-09-03 14:23:03][info][CRDTCallbackManager] Successfully registered new data callback for pattern: '^/?/bc-144/tx/[^/]+'
[2026-09-03 14:23:03][info][CRDTCallbackManager] Successfully registered deleted data callback for pattern: '^/?/bc-144/tx/[^/]+'
[2026-09-03 14:23:03][info][CRDTCallbackManager] Successfully registered new data callback for pattern: '^/?/bc-963/tx/[^/]+'
[2026-09-03 14:23:03][info][CRDTCallbackManager] Successfully registered deleted data callback for pattern: '^/?/bc-963/tx/[^/]+'
[2026-09-03 14:23:03][info][CRDTCallbackManager] Successfully registered new data callback for pattern: '^/?/bc-369/tx/[^/]+'
[2026-09-03 14:23:03][info][CRDTCallbackManager] Successfully registered deleted data callback for pattern: '^/?/bc-369/tx/[^/]+'
[2026-09-03 14:23:03][info][CRDTCallbackManager] Successfully unregistered new data callback for pattern: '^/?/bc-144/tx/[^/]+'
[2026-09-03 14:23:03][info][CRDTCallbackManager] Successfully unregistered deleted data callback for pattern: '^/?/bc-144/tx/[^/]+'
[2026-09-03 14:23:03][info][CRDTCallbackManager] Successfully unregistered new data callback for pattern: '^/?/bc-963/tx/[^/]+'
[2026-09-03 14:23:03][info][CRDTCallbackManager] Successfully unregistered deleted data callback for pattern: '^/?/bc-963/tx/[^/]+'
[2026-09-03 14:23:03][info][CRDTCallbackManager] Successfully unregistered new data callback for pattern: '^/?/bc-369/tx/[^/]+'
[2026-09-03 14:23:03][info][CRDTCallbackManager] Successfully unregistered deleted data callback for pattern: '^/?/bc-369/tx/[^/]+'
[2026-09-03 14:23:03][info][TransactionManager] [48ebd049 - full: false] ~TransactionManager: Metrics — cert_fallback(success=0 failure=0) validation(approve=1 reject=0) tracking(insert=1 confirm=1 fail=0)
[2026-09-03 14:23:03][info][Blockchain] [48ebd049] Stopping blockchain
[2026-09-03 14:23:03][info][CRDTCallbackManager] Successfully unregistered new data callback for pattern: '/?gnus-genesis-block'
[2026-09-03 14:23:03][info][CRDTCallbackManager] Successfully unregistered new data callback for pattern: '/?gnus-account-creation-.*'
[2026-09-03 14:23:03][info][CRDTCallbackManager] Successfully unregistered new data callback for pattern: '/?gnus-validator-registry'
[2026-09-03 14:23:03][debug][GlobalDB] ~GlobalDB CALLED with count 6 on multi_node_finality_fault/restart-mint-validator-three/rocksdb 
[2026-09-03 14:23:03][info][GlobalDB] GlobalDB shutdown start
[2026-09-03 14:23:03][info][CrdtDatastore] CancelAndCloseNow: begin (pending_jobs=2, self_queue=0, root_queue=0, pending_roots=0, active_root=false)
[2026-09-03 14:23:03][debug][GraphsyncDAGSyncer] Stopping Dagsyncer
[2026-09-03 14:23:03][debug][GraphsyncDAGSyncer] Dagsyncer Stopped
[2026-09-03 14:23:03][info][CrdtDatastore] CancelAndCloseNow: CRDT workers stopped
[2026-09-03 14:23:03][warning][CrdtDatastore] CancelAndCloseNow called but shutdown has already started
[2026-09-03 14:23:03][debug][GraphsyncDAGSyncer] ~GraphsyncDAGSyncer CALLED
[2026-09-03 14:23:03][info][GlobalDB] GlobalDB shutdown finished
[2026-09-03 14:23:03.876516000][th:1240886][error] GossipPubSub Address monitoring timer error: Operation canceled
[2026-09-03 14:23:04][info][KeyPairFileStorage] Path to keypairs multi_node_finality_fault/restart-mint-validator-three/keypair
[2026-09-03 14:23:04][info][KeyPairFileStorage] Peer ID from public key: 12D3KooWRQj4EoHoRR55qWtQRSYu3fzVcd1qyTjVi2TywUSK6ZUE
Current limits: 16384 (soft), 9223372036854775807 (hard)
New limits set successfully: 16384 (soft), 9223372036854775807 (hard)
Initialized relay addresses
[2026-09-03 14:23:04.880533000][th:1239051][info] GossipPubSub /ip4/0.0.0.0/tcp/54623/p2p/12D3KooWRQj4EoHoRR55qWtQRSYu3fzVcd1qyTjVi2TywUSK6ZUE: Starting PubSub service
[2026-09-03 14:23:04.880585000][th:1241380][info] GossipPubSub Starting address monitoring system for mobile network changes
[2026-09-03 14:23:04.880586000][th:1241380][info] GossipPubSub === CURRENT NETWORK STATE ===
[2026-09-03 14:23:04.880592000][th:1241380][info] GossipPubSub Primary listening address: /ip4/0.0.0.0/tcp/54623/p2p/12D3KooWRQj4EoHoRR55qWtQRSYu3fzVcd1qyTjVi2TywUSK6ZUE
[2026-09-03 14:23:04.880593000][th:1241380][info] GossipPubSub Host peer info addresses (0):
[2026-09-03 14:23:04.880594000][th:1241380][info] GossipPubSub Additional addresses we track (0):
[2026-09-03 14:23:04.880595000][th:1241380][info] GossipPubSub Listening addresses (1):
[2026-09-03 14:23:04.880596000][th:1241380][info] GossipPubSub   -> /ip4/0.0.0.0/tcp/54623/p2p/12D3KooWRQj4EoHoRR55qWtQRSYu3fzVcd1qyTjVi2TywUSK6ZUE
[2026-09-03 14:23:04.880596000][th:1241380][info] GossipPubSub Interface addresses (0):
[2026-09-03 14:23:04.880597000][th:1241380][info] GossipPubSub === RAW OBSERVED ADDRESS DEBUG ===
[2026-09-03 14:23:04.880598000][th:1241380][info] GossipPubSub Local address: /ip4/0.0.0.0/tcp/54623/p2p/12D3KooWRQj4EoHoRR55qWtQRSYu3fzVcd1qyTjVi2TywUSK6ZUE -> 0 raw observed, 0 activated+confirmed
[2026-09-03 14:23:04.880599000][th:1241380][info] GossipPubSub TOTAL: 0 raw observed addresses, 0 activated+confirmed addresses
[2026-09-03 14:23:04.880600000][th:1241380][info] GossipPubSub === END RAW OBSERVED ADDRESS DEBUG ===
[2026-09-03 14:23:04.880600000][th:1241380][info] GossipPubSub Observed addresses - all (0):
[2026-09-03 14:23:04.880601000][th:1241380][info] GossipPubSub Observed addresses - confirmed only (0):
[2026-09-03 14:23:04.880602000][th:1241380][info] GossipPubSub Relay addresses (0):
[2026-09-03 14:23:04.880603000][th:1241380][warning] GossipPubSub Failed to get addresses from peer repository: not found
[2026-09-03 14:23:04.880630000][th:1241380][info] GossipPubSub Found 1 valid network interfaces
[2026-09-03 14:23:04.880631000][th:1241380][info] GossipPubSub Current network interfaces (1):
[2026-09-03 14:23:04.880632000][th:1241380][info] GossipPubSub   -> 192.168.1.6
[2026-09-03 14:23:04.880633000][th:1241380][info] GossipPubSub Active connections: 0
[2026-09-03 14:23:04.880633000][th:1241380][info] GossipPubSub === PEER CONNECTION DETAILS ===
[2026-09-03 14:23:04.880634000][th:1241380][info] GossipPubSub NOTE: Observed addresses need to be seen by 4+ different peer groups to become 'activated'
[2026-09-03 14:23:04.880635000][th:1241380][info] GossipPubSub NOTE: Current connections: 0, so max possible observers: 0
[2026-09-03 14:23:04.880635000][th:1241380][info] GossipPubSub === END PEER CONNECTION DETAILS ===
[2026-09-03 14:23:04.880635000][th:1241380][info] GossipPubSub Connection manager stats:
[2026-09-03 14:23:04.880636000][th:1241380][info] GossipPubSub   -> Max connections: 1000
[2026-09-03 14:23:04.880637000][th:1241380][info] GossipPubSub   -> Current connections: 0
[2026-09-03 14:23:04.880637000][th:1241380][info] GossipPubSub === END NETWORK STATE ===
[2026-09-03 14:23:04.880730000][th:1241380][info] GossipPubSub /ip4/0.0.0.0/tcp/54623/p2p/12D3KooWRQj4EoHoRR55qWtQRSYu3fzVcd1qyTjVi2TywUSK6ZUE : PubSub service started
[2026-09-03 14:23:04][info][GlobalDB] Opening database /Users/henriqueklein/gnus/SuperGenius/multi_node_finality_fault/restart-mint-validator-three/rocksdb
[2026-09-03 14:23:04][debug][GraphsyncDAGSyncer] GraphSyncer created 5394091656 
[2026-09-03 14:23:04][info][CrdtDatastore] crdt Datastore created. Number of heads: 2 Current max-height: 18446744073709551615
[2026-09-03 14:23:04][info][GeniusAccount] Secure storage ID path: /Users/henriqueklein/gnus/SuperGenius/multi_node_finality_fault/restart-mint-validator-three/account/secure_storage_id
[2026-09-03 14:23:04][info][GeniusAccount] Loaded public key from file: 48ebd04922d84ccd... (length: 128)
[2026-09-03 14:23:04][info][GeniusAccount] Successfully loaded key_seed from storage
[2026-09-03 14:23:04][info][GeniusAccount] Validation successful: key_seed matches stored public key
[2026-09-03 14:23:04][warning][UTXOManager] Skipping malformed UTXO key /utxo-checkpoint/48ebd04922d84ccdff52cb14e8c56b5db82b1297bf22876c15b9d907bda71e0b1922306e0e62c13615dd48497c43271a62ff3b90a9f02ffde3a919cc2afc4518/1
[2026-09-03 14:23:04][warning][UTXOManager] Skipping malformed UTXO key /utxo-checkpoint/48ebd04922d84ccdff52cb14e8c56b5db82b1297bf22876c15b9d907bda71e0b1922306e0e62c13615dd48497c43271a62ff3b90a9f02ffde3a919cc2afc4518/latest
[2026-09-03 14:23:04][info][Blockchain] [48ebd049] Blockchain instance created with authorized full node: 8a33bdf1
[2026-09-03 14:23:04][info][ValidatorRegistry] InitializeCache: cache initialized with CID QmV1DQeeEHNSYWC7EbKa3iXDz7kGwWJkfmTSSFVewgxkn3
[2026-09-03 14:23:04][info][CRDTCallbackManager] Successfully registered new data callback for pattern: '/?gnus-validator-registry'
[2026-09-03 14:23:04][info][ValidatorRegistry] RegisterFilter: result=true
[2026-09-03 14:23:04][info][ValidatorRegistry] New: instance ready
[2026-09-03 14:23:04.907194000][th:1241380][info] GossipPubSub /ip4/0.0.0.0/tcp/54623/p2p/12D3KooWRQj4EoHoRR55qWtQRSYu3fzVcd1qyTjVi2TywUSK6ZUE: PubSub subscribed to topic 'gnus-validator-registry.3.7.144'
[2026-09-03 14:23:04][info][CRDTCallbackManager] Successfully registered new data callback for pattern: '^/?cert/[^/]+'
[2026-09-03 14:23:04.907213000][th:1241380][info] GossipPubSub /ip4/0.0.0.0/tcp/54623/p2p/12D3KooWRQj4EoHoRR55qWtQRSYu3fzVcd1qyTjVi2TywUSK6ZUE: PubSub subscribed to topic 'consensus-channel-.3.7.144'
[2026-09-03 14:23:04.907230000][th:1241380][info] GossipPubSub /ip4/0.0.0.0/tcp/54623/p2p/12D3KooWRQj4EoHoRR55qWtQRSYu3fzVcd1qyTjVi2TywUSK6ZUE: PubSub subscribed to topic 'consensus-channel-.3.7.144#datastore.3.7.144'
[2026-09-03 14:23:04][info][CRDTCallbackManager] Successfully registered new data callback for pattern: '/?gnus-genesis-block'
[2026-09-03 14:23:04][info][CRDTCallbackManager] Successfully registered new data callback for pattern: '/?gnus-account-creation-.*'
[2026-09-03 14:23:04][info][CRDTCallbackManager] Successfully registered new data callback for pattern: '^/?/bc-144/tx/[^/]+'
[2026-09-03 14:23:04][info][CRDTCallbackManager] Successfully registered deleted data callback for pattern: '^/?/bc-144/tx/[^/]+'
[2026-09-03 14:23:04][info][CRDTCallbackManager] Successfully registered new data callback for pattern: '^/?/bc-963/tx/[^/]+'
[2026-09-03 14:23:04][info][CRDTCallbackManager] Successfully registered deleted data callback for pattern: '^/?/bc-963/tx/[^/]+'
[2026-09-03 14:23:04][info][CRDTCallbackManager] Successfully registered new data callback for pattern: '^/?/bc-369/tx/[^/]+'
[2026-09-03 14:23:04][info][CRDTCallbackManager] Successfully registered deleted data callback for pattern: '^/?/bc-369/tx/[^/]+'
[2026-09-03 14:23:04][info][CRDTCallbackManager] Successfully unregistered new data callback for pattern: '^/?/bc-144/tx/[^/]+'
[2026-09-03 14:23:04][info][CRDTCallbackManager] Successfully unregistered deleted data callback for pattern: '^/?/bc-144/tx/[^/]+'
[2026-09-03 14:23:04][info][CRDTCallbackManager] Successfully unregistered new data callback for pattern: '^/?/bc-963/tx/[^/]+'
[2026-09-03 14:23:04][info][CRDTCallbackManager] Successfully unregistered deleted data callback for pattern: '^/?/bc-963/tx/[^/]+'
[2026-09-03 14:23:04][info][CRDTCallbackManager] Successfully unregistered new data callback for pattern: '^/?/bc-369/tx/[^/]+'
[2026-09-03 14:23:04][info][CRDTCallbackManager] Successfully unregistered deleted data callback for pattern: '^/?/bc-369/tx/[^/]+'
[2026-09-03 14:23:04][info][TransactionManager] [aa8ea2dd - full: false] ~TransactionManager: Metrics — cert_fallback(success=0 failure=0) validation(approve=1 reject=0) tracking(insert=1 confirm=1 fail=0)
[2026-09-03 14:23:04][info][Blockchain] [aa8ea2dd] Stopping blockchain
[2026-09-03 14:23:04][info][CRDTCallbackManager] Successfully unregistered new data callback for pattern: '/?gnus-genesis-block'
[2026-09-03 14:23:04][info][CRDTCallbackManager] Successfully unregistered new data callback for pattern: '/?gnus-account-creation-.*'
[2026-09-03 14:23:04][info][CRDTCallbackManager] Successfully unregistered new data callback for pattern: '/?gnus-validator-registry'
[2026-09-03 14:23:04][debug][GlobalDB] ~GlobalDB CALLED with count 6 on multi_node_finality_fault/restart-mint-passive/rocksdb 
[2026-09-03 14:23:04][info][GlobalDB] GlobalDB shutdown start
[2026-09-03 14:23:04][info][CrdtDatastore] CancelAndCloseNow: begin (pending_jobs=2, self_queue=0, root_queue=0, pending_roots=0, active_root=false)
[2026-09-03 14:23:04][debug][GraphsyncDAGSyncer] Stopping Dagsyncer
[2026-09-03 14:23:04][debug][GraphsyncDAGSyncer] Dagsyncer Stopped
[2026-09-03 14:23:04][info][CrdtDatastore] CancelAndCloseNow: CRDT workers stopped
[2026-09-03 14:23:04][warning][CrdtDatastore] CancelAndCloseNow called but shutdown has already started
[2026-09-03 14:23:04][debug][GraphsyncDAGSyncer] ~GraphsyncDAGSyncer CALLED
[2026-09-03 14:23:04][info][GlobalDB] GlobalDB shutdown finished
[2026-09-03 14:23:04.908671000][th:1240914][error] GossipPubSub Address monitoring timer error: Operation canceled
[2026-09-03 14:23:05][info][KeyPairFileStorage] Path to keypairs multi_node_finality_fault/restart-mint-passive/keypair
[2026-09-03 14:23:05][info][KeyPairFileStorage] Peer ID from public key: 12D3KooWJ49eBEghHMHZtDEVPGnvzZRy4KExu2KG2e4vVWk27Go8
Current limits: 16384 (soft), 9223372036854775807 (hard)
New limits set successfully: 16384 (soft), 9223372036854775807 (hard)
Initialized relay addresses
[2026-09-03 14:23:05.916286000][th:1239051][info] GossipPubSub /ip4/0.0.0.0/tcp/54624/p2p/12D3KooWJ49eBEghHMHZtDEVPGnvzZRy4KExu2KG2e4vVWk27Go8: Starting PubSub service
[2026-09-03 14:23:05.916397000][th:1241463][info] GossipPubSub Starting address monitoring system for mobile network changes
[2026-09-03 14:23:05.916399000][th:1241463][info] GossipPubSub === CURRENT NETWORK STATE ===
[2026-09-03 14:23:05.916411000][th:1241463][info] GossipPubSub Primary listening address: /ip4/0.0.0.0/tcp/54624/p2p/12D3KooWJ49eBEghHMHZtDEVPGnvzZRy4KExu2KG2e4vVWk27Go8
[2026-09-03 14:23:05.916414000][th:1241463][info] GossipPubSub Host peer info addresses (0):
[2026-09-03 14:23:05.916415000][th:1241463][info] GossipPubSub Additional addresses we track (0):
[2026-09-03 14:23:05.916417000][th:1241463][info] GossipPubSub Listening addresses (1):
[2026-09-03 14:23:05.916418000][th:1241463][info] GossipPubSub   -> /ip4/0.0.0.0/tcp/54624/p2p/12D3KooWJ49eBEghHMHZtDEVPGnvzZRy4KExu2KG2e4vVWk27Go8
[2026-09-03 14:23:05.916420000][th:1241463][info] GossipPubSub Interface addresses (0):
[2026-09-03 14:23:05.916421000][th:1241463][info] GossipPubSub === RAW OBSERVED ADDRESS DEBUG ===
[2026-09-03 14:23:05.916424000][th:1241463][info] GossipPubSub Local address: /ip4/0.0.0.0/tcp/54624/p2p/12D3KooWJ49eBEghHMHZtDEVPGnvzZRy4KExu2KG2e4vVWk27Go8 -> 0 raw observed, 0 activated+confirmed
[2026-09-03 14:23:05.916426000][th:1241463][info] GossipPubSub TOTAL: 0 raw observed addresses, 0 activated+confirmed addresses
[2026-09-03 14:23:05.916427000][th:1241463][info] GossipPubSub === END RAW OBSERVED ADDRESS DEBUG ===
[2026-09-03 14:23:05.916428000][th:1241463][info] GossipPubSub Observed addresses - all (0):
[2026-09-03 14:23:05.916429000][th:1241463][info] GossipPubSub Observed addresses - confirmed only (0):
[2026-09-03 14:23:05.916431000][th:1241463][info] GossipPubSub Relay addresses (0):
[2026-09-03 14:23:05.916434000][th:1241463][warning] GossipPubSub Failed to get addresses from peer repository: not found
[2026-09-03 14:23:05.916486000][th:1241463][info] GossipPubSub Found 1 valid network interfaces
[2026-09-03 14:23:05.916488000][th:1241463][info] GossipPubSub Current network interfaces (1):
[2026-09-03 14:23:05.916489000][th:1241463][info] GossipPubSub   -> 192.168.1.6
[2026-09-03 14:23:05.916491000][th:1241463][info] GossipPubSub Active connections: 0
[2026-09-03 14:23:05.916492000][th:1241463][info] GossipPubSub === PEER CONNECTION DETAILS ===
[2026-09-03 14:23:05.916493000][th:1241463][info] GossipPubSub NOTE: Observed addresses need to be seen by 4+ different peer groups to become 'activated'
[2026-09-03 14:23:05.916494000][th:1241463][info] GossipPubSub NOTE: Current connections: 0, so max possible observers: 0
[2026-09-03 14:23:05.916495000][th:1241463][info] GossipPubSub === END PEER CONNECTION DETAILS ===
[2026-09-03 14:23:05.916496000][th:1241463][info] GossipPubSub Connection manager stats:
[2026-09-03 14:23:05.916497000][th:1241463][info] GossipPubSub   -> Max connections: 1000
[2026-09-03 14:23:05.916498000][th:1241463][info] GossipPubSub   -> Current connections: 0
[2026-09-03 14:23:05.916500000][th:1241463][info] GossipPubSub === END NETWORK STATE ===
[2026-09-03 14:23:05.916685000][th:1241463][info] GossipPubSub /ip4/0.0.0.0/tcp/54624/p2p/12D3KooWJ49eBEghHMHZtDEVPGnvzZRy4KExu2KG2e4vVWk27Go8 : PubSub service started
[2026-09-03 14:23:05][info][GlobalDB] Opening database /Users/henriqueklein/gnus/SuperGenius/multi_node_finality_fault/restart-mint-passive/rocksdb
[2026-09-03 14:23:05][debug][GraphsyncDAGSyncer] GraphSyncer created 5217208280 
[2026-09-03 14:23:05][info][CrdtDatastore] crdt Datastore created. Number of heads: 2 Current max-height: 18446744073709551615
[2026-09-03 14:23:05][info][GeniusAccount] Secure storage ID path: /Users/henriqueklein/gnus/SuperGenius/multi_node_finality_fault/restart-mint-passive/account/secure_storage_id
[2026-09-03 14:23:05][info][GeniusAccount] Loaded public key from file: aa8ea2dd5b8c7c6a... (length: 128)
[2026-09-03 14:23:05][info][GeniusAccount] Successfully loaded key_seed from storage
[2026-09-03 14:23:05][info][GeniusAccount] Validation successful: key_seed matches stored public key
[2026-09-03 14:23:05][warning][UTXOManager] Skipping malformed UTXO key /utxo-checkpoint/aa8ea2dd5b8c7c6a76f59c8a694322b3e719ba393a64092d854f4145a5a322091520e11545baa11de52bd07782b10e84cbbbe96ae4c76ce0aa5670fac016d124/1
[2026-09-03 14:23:05][warning][UTXOManager] Skipping malformed UTXO key /utxo-checkpoint/aa8ea2dd5b8c7c6a76f59c8a694322b3e719ba393a64092d854f4145a5a322091520e11545baa11de52bd07782b10e84cbbbe96ae4c76ce0aa5670fac016d124/latest
[2026-09-03 14:23:05][info][Blockchain] [aa8ea2dd] Blockchain instance created with authorized full node: 8a33bdf1
[2026-09-03 14:23:05][info][ValidatorRegistry] InitializeCache: cache initialized with CID QmV1DQeeEHNSYWC7EbKa3iXDz7kGwWJkfmTSSFVewgxkn3
[2026-09-03 14:23:05][info][CRDTCallbackManager] Successfully registered new data callback for pattern: '/?gnus-validator-registry'
[2026-09-03 14:23:05][info][ValidatorRegistry] RegisterFilter: result=true
[2026-09-03 14:23:05][info][ValidatorRegistry] New: instance ready
[2026-09-03 14:23:05.942654000][th:1241463][info] GossipPubSub /ip4/0.0.0.0/tcp/54624/p2p/12D3KooWJ49eBEghHMHZtDEVPGnvzZRy4KExu2KG2e4vVWk27Go8: PubSub subscribed to topic 'gnus-validator-registry.3.7.144'
[2026-09-03 14:23:05][info][CRDTCallbackManager] Successfully registered new data callback for pattern: '^/?cert/[^/]+'
[2026-09-03 14:23:05.942679000][th:1241463][info] GossipPubSub /ip4/0.0.0.0/tcp/54624/p2p/12D3KooWJ49eBEghHMHZtDEVPGnvzZRy4KExu2KG2e4vVWk27Go8: PubSub subscribed to topic 'consensus-channel-.3.7.144'
[2026-09-03 14:23:05.942700000][th:1241463][info] GossipPubSub /ip4/0.0.0.0/tcp/54624/p2p/12D3KooWJ49eBEghHMHZtDEVPGnvzZRy4KExu2KG2e4vVWk27Go8: PubSub subscribed to topic 'consensus-channel-.3.7.144#datastore.3.7.144'
[2026-09-03 14:23:05][info][CRDTCallbackManager] Successfully registered new data callback for pattern: '/?gnus-genesis-block'
[2026-09-03 14:23:05][info][CRDTCallbackManager] Successfully registered new data callback for pattern: '/?gnus-account-creation-.*'
[2026-09-03 14:23:05][info][CRDTCallbackManager] Successfully registered new data callback for pattern: '^/?/bc-144/tx/[^/]+'
[2026-09-03 14:23:05][info][CRDTCallbackManager] Successfully registered deleted data callback for pattern: '^/?/bc-144/tx/[^/]+'
[2026-09-03 14:23:05][info][CRDTCallbackManager] Successfully registered new data callback for pattern: '^/?/bc-963/tx/[^/]+'
[2026-09-03 14:23:05][info][CRDTCallbackManager] Successfully registered deleted data callback for pattern: '^/?/bc-963/tx/[^/]+'
[2026-09-03 14:23:05][info][CRDTCallbackManager] Successfully registered new data callback for pattern: '^/?/bc-369/tx/[^/]+'
[2026-09-03 14:23:05][info][CRDTCallbackManager] Successfully registered deleted data callback for pattern: '^/?/bc-369/tx/[^/]+'
[2026-09-03 14:23:05.942872000][th:1241235][info] GossipPubSub Adding new peer: 12D3KooWA7KaFFXjGGk7SNhjBFkMa3DYFPFdqQfoJsz5Zobz4TGk
[2026-09-03 14:23:05.942953000][th:1241235][info] GossipPubSub Adding new peer: 12D3KooWRQj4EoHoRR55qWtQRSYu3fzVcd1qyTjVi2TywUSK6ZUE
[2026-09-03 14:23:05.943016000][th:1241235][info] GossipPubSub Adding new peer: 12D3KooWJ49eBEghHMHZtDEVPGnvzZRy4KExu2KG2e4vVWk27Go8
[2026-09-03 14:23:05.943074000][th:1241311][info] GossipPubSub Adding new peer: 12D3KooWBX2TPfT47uvCfekMsrQpSBEfQ7u4TsqYqearoE4ramq7
[2026-09-03 14:23:05.943154000][th:1241311][info] GossipPubSub Adding new peer: 12D3KooWRQj4EoHoRR55qWtQRSYu3fzVcd1qyTjVi2TywUSK6ZUE
[2026-09-03 14:23:05.943222000][th:1241311][info] GossipPubSub Adding new peer: 12D3KooWJ49eBEghHMHZtDEVPGnvzZRy4KExu2KG2e4vVWk27Go8
[2026-09-03 14:23:05.943243000][th:1241380][info] GossipPubSub Adding new peer: 12D3KooWBX2TPfT47uvCfekMsrQpSBEfQ7u4TsqYqearoE4ramq7
[2026-09-03 14:23:05.943304000][th:1241380][info] GossipPubSub Adding new peer: 12D3KooWA7KaFFXjGGk7SNhjBFkMa3DYFPFdqQfoJsz5Zobz4TGk
[2026-09-03 14:23:05.943365000][th:1241380][info] GossipPubSub Adding new peer: 12D3KooWJ49eBEghHMHZtDEVPGnvzZRy4KExu2KG2e4vVWk27Go8
[2026-09-03 14:23:05.943425000][th:1241463][info] GossipPubSub Adding new peer: 12D3KooWBX2TPfT47uvCfekMsrQpSBEfQ7u4TsqYqearoE4ramq7
[2026-09-03 14:23:05.943482000][th:1241463][info] GossipPubSub Adding new peer: 12D3KooWA7KaFFXjGGk7SNhjBFkMa3DYFPFdqQfoJsz5Zobz4TGk
[2026-09-03 14:23:05.943543000][th:1241463][info] GossipPubSub Adding new peer: 12D3KooWRQj4EoHoRR55qWtQRSYu3fzVcd1qyTjVi2TywUSK6ZUE
[2026-09-03 14:23:06][info][CRDTCallbackManager] Successfully unregistered new data callback for pattern: '^/?/bc-144/tx/[^/]+'
[2026-09-03 14:23:06][info][CRDTCallbackManager] Successfully unregistered deleted data callback for pattern: '^/?/bc-144/tx/[^/]+'
[2026-09-03 14:23:06][info][CRDTCallbackManager] Successfully unregistered new data callback for pattern: '^/?/bc-963/tx/[^/]+'
[2026-09-03 14:23:06][info][CRDTCallbackManager] Successfully unregistered deleted data callback for pattern: '^/?/bc-963/tx/[^/]+'
[2026-09-03 14:23:06][info][CRDTCallbackManager] Successfully unregistered new data callback for pattern: '^/?/bc-369/tx/[^/]+'
[2026-09-03 14:23:06][info][CRDTCallbackManager] Successfully unregistered deleted data callback for pattern: '^/?/bc-369/tx/[^/]+'
[2026-09-03 14:23:06][info][TransactionManager] [4089feb0 - full: false] ~TransactionManager: Metrics — cert_fallback(success=0 failure=0) validation(approve=0 reject=0) tracking(insert=0 confirm=0 fail=0)
[2026-09-03 14:23:06][info][Blockchain] [4089feb0] Stopping blockchain
[2026-09-03 14:23:06][info][CRDTCallbackManager] Successfully unregistered new data callback for pattern: '/?gnus-genesis-block'
[2026-09-03 14:23:06][info][CRDTCallbackManager] Successfully unregistered new data callback for pattern: '/?gnus-account-creation-.*'
[2026-09-03 14:23:06][info][CRDTCallbackManager] Successfully unregistered new data callback for pattern: '/?gnus-validator-registry'
[2026-09-03 14:23:06][debug][GlobalDB] ~GlobalDB CALLED with count 6 on multi_node_finality_fault/restart-mint-validator-one/rocksdb 
[2026-09-03 14:23:06][info][GlobalDB] GlobalDB shutdown start
[2026-09-03 14:23:06][info][CrdtDatastore] CancelAndCloseNow: begin (pending_jobs=0, self_queue=0, root_queue=0, pending_roots=0, active_root=false)
[2026-09-03 14:23:06][debug][GraphsyncDAGSyncer] Stopping Dagsyncer
[2026-09-03 14:23:06][debug][GraphsyncDAGSyncer] Dagsyncer Stopped
[2026-09-03 14:23:06][info][CrdtDatastore] CancelAndCloseNow: CRDT workers stopped
[2026-09-03 14:23:06][warning][CrdtDatastore] CancelAndCloseNow called but shutdown has already started
[2026-09-03 14:23:06][debug][GraphsyncDAGSyncer] ~GraphsyncDAGSyncer CALLED
[2026-09-03 14:23:06][info][GlobalDB] GlobalDB shutdown finished
[2026-09-03 14:23:06.379881000][th:1241235][error] GossipPubSub Address monitoring timer error: Operation canceled
[2026-09-03 14:23:07][info][CRDTCallbackManager] Successfully unregistered new data callback for pattern: '^/?/bc-144/tx/[^/]+'
[2026-09-03 14:23:07][info][CRDTCallbackManager] Successfully unregistered deleted data callback for pattern: '^/?/bc-144/tx/[^/]+'
[2026-09-03 14:23:07][info][CRDTCallbackManager] Successfully unregistered new data callback for pattern: '^/?/bc-963/tx/[^/]+'
[2026-09-03 14:23:07][info][CRDTCallbackManager] Successfully unregistered deleted data callback for pattern: '^/?/bc-963/tx/[^/]+'
[2026-09-03 14:23:07][info][CRDTCallbackManager] Successfully unregistered new data callback for pattern: '^/?/bc-369/tx/[^/]+'
[2026-09-03 14:23:07][info][CRDTCallbackManager] Successfully unregistered deleted data callback for pattern: '^/?/bc-369/tx/[^/]+'
[2026-09-03 14:23:07][info][TransactionManager] [3d830b42 - full: false] ~TransactionManager: Metrics — cert_fallback(success=0 failure=0) validation(approve=0 reject=0) tracking(insert=0 confirm=0 fail=0)
[2026-09-03 14:23:07][info][Blockchain] [3d830b42] Stopping blockchain
[2026-09-03 14:23:07][info][CRDTCallbackManager] Successfully unregistered new data callback for pattern: '/?gnus-genesis-block'
[2026-09-03 14:23:07][info][CRDTCallbackManager] Successfully unregistered new data callback for pattern: '/?gnus-account-creation-.*'
[2026-09-03 14:23:07][info][CRDTCallbackManager] Successfully unregistered new data callback for pattern: '/?gnus-validator-registry'
[2026-09-03 14:23:07][debug][GlobalDB] ~GlobalDB CALLED with count 6 on multi_node_finality_fault/restart-mint-validator-two/rocksdb 
[2026-09-03 14:23:07][info][GlobalDB] GlobalDB shutdown start
[2026-09-03 14:23:07][info][CrdtDatastore] CancelAndCloseNow: begin (pending_jobs=0, self_queue=0, root_queue=0, pending_roots=0, active_root=false)
[2026-09-03 14:23:07][debug][GraphsyncDAGSyncer] Stopping Dagsyncer
[2026-09-03 14:23:07][debug][GraphsyncDAGSyncer] Dagsyncer Stopped
[2026-09-03 14:23:07][info][CrdtDatastore] CancelAndCloseNow: CRDT workers stopped
[2026-09-03 14:23:07][warning][CrdtDatastore] CancelAndCloseNow called but shutdown has already started
[2026-09-03 14:23:07][debug][GraphsyncDAGSyncer] ~GraphsyncDAGSyncer CALLED
[2026-09-03 14:23:07][info][GlobalDB] GlobalDB shutdown finished
[2026-09-03 14:23:07.873709000][th:1241311][error] GossipPubSub Address monitoring timer error: Operation canceled
[2026-09-03 14:23:08][info][CRDTCallbackManager] Successfully unregistered new data callback for pattern: '^/?/bc-144/tx/[^/]+'
[2026-09-03 14:23:08][info][CRDTCallbackManager] Successfully unregistered deleted data callback for pattern: '^/?/bc-144/tx/[^/]+'
[2026-09-03 14:23:08][info][CRDTCallbackManager] Successfully unregistered new data callback for pattern: '^/?/bc-963/tx/[^/]+'
[2026-09-03 14:23:08][info][CRDTCallbackManager] Successfully unregistered deleted data callback for pattern: '^/?/bc-963/tx/[^/]+'
[2026-09-03 14:23:08][info][CRDTCallbackManager] Successfully unregistered new data callback for pattern: '^/?/bc-369/tx/[^/]+'
[2026-09-03 14:23:08][info][CRDTCallbackManager] Successfully unregistered deleted data callback for pattern: '^/?/bc-369/tx/[^/]+'
[2026-09-03 14:23:08][info][TransactionManager] [48ebd049 - full: false] ~TransactionManager: Metrics — cert_fallback(success=0 failure=0) validation(approve=0 reject=0) tracking(insert=0 confirm=0 fail=0)
[2026-09-03 14:23:08][info][Blockchain] [48ebd049] Stopping blockchain
[2026-09-03 14:23:08][info][CRDTCallbackManager] Successfully unregistered new data callback for pattern: '/?gnus-genesis-block'
[2026-09-03 14:23:08][info][CRDTCallbackManager] Successfully unregistered new data callback for pattern: '/?gnus-account-creation-.*'
[2026-09-03 14:23:08][info][CRDTCallbackManager] Successfully unregistered new data callback for pattern: '/?gnus-validator-registry'
[2026-09-03 14:23:08][debug][GlobalDB] ~GlobalDB CALLED with count 6 on multi_node_finality_fault/restart-mint-validator-three/rocksdb 
[2026-09-03 14:23:08][info][GlobalDB] GlobalDB shutdown start
[2026-09-03 14:23:08][info][CrdtDatastore] CancelAndCloseNow: begin (pending_jobs=0, self_queue=0, root_queue=0, pending_roots=0, active_root=false)
[2026-09-03 14:23:08][debug][GraphsyncDAGSyncer] Stopping Dagsyncer
[2026-09-03 14:23:08][debug][GraphsyncDAGSyncer] Dagsyncer Stopped
[2026-09-03 14:23:08][info][CrdtDatastore] CancelAndCloseNow: CRDT workers stopped
[2026-09-03 14:23:08][warning][CrdtDatastore] CancelAndCloseNow called but shutdown has already started
[2026-09-03 14:23:08][debug][GraphsyncDAGSyncer] ~GraphsyncDAGSyncer CALLED
[2026-09-03 14:23:08][info][GlobalDB] GlobalDB shutdown finished
[2026-09-03 14:23:08.931386000][th:1241380][error] GossipPubSub Address monitoring timer error: Operation canceled
[2026-09-03 14:23:09][info][CRDTCallbackManager] Successfully unregistered new data callback for pattern: '^/?/bc-144/tx/[^/]+'
[2026-09-03 14:23:09][info][CRDTCallbackManager] Successfully unregistered deleted data callback for pattern: '^/?/bc-144/tx/[^/]+'
[2026-09-03 14:23:09][info][CRDTCallbackManager] Successfully unregistered new data callback for pattern: '^/?/bc-963/tx/[^/]+'
[2026-09-03 14:23:09][info][CRDTCallbackManager] Successfully unregistered deleted data callback for pattern: '^/?/bc-963/tx/[^/]+'
[2026-09-03 14:23:09][info][CRDTCallbackManager] Successfully unregistered new data callback for pattern: '^/?/bc-369/tx/[^/]+'
[2026-09-03 14:23:09][info][CRDTCallbackManager] Successfully unregistered deleted data callback for pattern: '^/?/bc-369/tx/[^/]+'
[2026-09-03 14:23:09][info][TransactionManager] [aa8ea2dd - full: false] ~TransactionManager: Metrics — cert_fallback(success=0 failure=0) validation(approve=0 reject=0) tracking(insert=0 confirm=0 fail=0)
[2026-09-03 14:23:09][info][Blockchain] [aa8ea2dd] Stopping blockchain
[2026-09-03 14:23:09][info][CRDTCallbackManager] Successfully unregistered new data callback for pattern: '/?gnus-genesis-block'
[2026-09-03 14:23:09][info][CRDTCallbackManager] Successfully unregistered new data callback for pattern: '/?gnus-account-creation-.*'
[2026-09-03 14:23:09][info][CRDTCallbackManager] Successfully unregistered new data callback for pattern: '/?gnus-validator-registry'
[2026-09-03 14:23:09][debug][GlobalDB] ~GlobalDB CALLED with count 6 on multi_node_finality_fault/restart-mint-passive/rocksdb 
[2026-09-03 14:23:09][info][GlobalDB] GlobalDB shutdown start
[2026-09-03 14:23:09][info][CrdtDatastore] CancelAndCloseNow: begin (pending_jobs=0, self_queue=0, root_queue=0, pending_roots=0, active_root=false)
[2026-09-03 14:23:09][debug][GraphsyncDAGSyncer] Stopping Dagsyncer
[2026-09-03 14:23:09][debug][GraphsyncDAGSyncer] Dagsyncer Stopped
[2026-09-03 14:23:09][info][CrdtDatastore] CancelAndCloseNow: CRDT workers stopped
[2026-09-03 14:23:09][warning][CrdtDatastore] CancelAndCloseNow called but shutdown has already started
[2026-09-03 14:23:09][debug][GraphsyncDAGSyncer] ~GraphsyncDAGSyncer CALLED
[2026-09-03 14:23:09][info][GlobalDB] GlobalDB shutdown finished
[2026-09-03 14:23:09.969950000][th:1241463][error] GossipPubSub Address monitoring timer error: Operation canceled
[2026-09-03 14:23:10][debug][GlobalDB] ~GlobalDB CALLED with count 5 on CRDT.Datastore.TEST.unit_73885_1 
[2026-09-03 14:23:10][info][GlobalDB] GlobalDB shutdown start
[2026-09-03 14:23:10][info][CrdtDatastore] CancelAndCloseNow: begin (pending_jobs=0, self_queue=0, root_queue=0, pending_roots=0, active_root=false)
[2026-09-03 14:23:10][debug][GraphsyncDAGSyncer] Stopping Dagsyncer
[2026-09-03 14:23:10][debug][GraphsyncDAGSyncer] Dagsyncer Stopped
[2026-09-03 14:23:10][info][CrdtDatastore] CancelAndCloseNow: CRDT workers stopped
[2026-09-03 14:23:10][warning][CrdtDatastore] CancelAndCloseNow called but shutdown has already started
[2026-09-03 14:23:10][debug][GraphsyncDAGSyncer] ~GraphsyncDAGSyncer CALLED
[2026-09-03 14:23:10][info][GlobalDB] GlobalDB shutdown finished
[2026-09-03 14:23:10.984040000][th:1239085][error] GossipPubSub Address monitoring timer error: Operation canceled
[       OK ] FinalityFaultNetwork.RestartAtVoteCertificateAndMintDurableBoundariesRecoversExactlyOnce (54977 ms)
[----------] 1 test from FinalityFaultNetwork (54977 ms total)

[----------] Global test environment tear-down
[==========] 1 test from 1 test suite ran. (54977 ms total)
[  PASSED  ] 1 test.
