# pre-run 1-min load: 14:21  up  6:29, 7 users, load averages: 1.23 1.69 2.13
Running main() from /Users/henriqueklein/gnus/thirdparty/GTest/googletest/src/gtest_main.cc
Note: Google Test filter = FinalityFaultNetwork.RestartAtVoteCertificateAndMintDurableBoundariesRecoversExactlyOnce
[==========] Running 1 test from 1 test suite.
[----------] Global test environment set-up.
[----------] 1 test from FinalityFaultNetwork
[ RUN      ] FinalityFaultNetwork.RestartAtVoteCertificateAndMintDurableBoundariesRecoversExactlyOnce
[2026-09-03 14:21:14][info][KeyPairFileStorage] Path to keypairs CRDT.Datastore.TEST/unit_test_73614_1
[2026-09-03 14:21:14][info][KeyPairFileStorage] Peer ID from public key: 12D3KooWKyaTMfeUxpzwvoTxGx6SWVwxkPvPmVHNfL1kSxuJvHXh
Current limits: 1048576 (soft), 9223372036854775807 (hard)
New limits set successfully: 16384 (soft), 9223372036854775807 (hard)
Initialized relay addresses
[2026-09-03 14:21:14][info][GlobalDB] Opening database /Users/henriqueklein/gnus/SuperGenius/CRDT.Datastore.TEST.unit_73614_1
[2026-09-03 14:21:14][debug][GraphsyncDAGSyncer] GraphSyncer created 5107906488 
[2026-09-03 14:21:14][info][CrdtDatastore] crdt Datastore created. Number of heads: 0 Current max-height: 0
[2026-09-03 14:21:14.638021000][th:1236724][info] GossipPubSub /ip4/0.0.0.0/tcp/40001/p2p/12D3KooWKyaTMfeUxpzwvoTxGx6SWVwxkPvPmVHNfL1kSxuJvHXh: Starting PubSub service
[2026-09-03 14:21:14.638076000][th:1236757][info] GossipPubSub /ip4/0.0.0.0/tcp/40001/p2p/12D3KooWKyaTMfeUxpzwvoTxGx6SWVwxkPvPmVHNfL1kSxuJvHXh: PubSub subscribed to topic 'CRDT.Datastore.TEST.Channel.3.7.144'
[2026-09-03 14:21:14.638096000][th:1236757][info] GossipPubSub Starting address monitoring system for mobile network changes
[2026-09-03 14:21:14.638097000][th:1236757][info] GossipPubSub === CURRENT NETWORK STATE ===
[2026-09-03 14:21:14.638104000][th:1236757][info] GossipPubSub Primary listening address: /ip4/0.0.0.0/tcp/40001/p2p/12D3KooWKyaTMfeUxpzwvoTxGx6SWVwxkPvPmVHNfL1kSxuJvHXh
[2026-09-03 14:21:14.638105000][th:1236757][info] GossipPubSub Host peer info addresses (0):
[2026-09-03 14:21:14.638106000][th:1236757][info] GossipPubSub Additional addresses we track (0):
[2026-09-03 14:21:14.638107000][th:1236757][info] GossipPubSub Listening addresses (1):
[2026-09-03 14:21:14.638107000][th:1236757][info] GossipPubSub   -> /ip4/0.0.0.0/tcp/40001/p2p/12D3KooWKyaTMfeUxpzwvoTxGx6SWVwxkPvPmVHNfL1kSxuJvHXh
[2026-09-03 14:21:14.638108000][th:1236757][info] GossipPubSub Interface addresses (0):
[2026-09-03 14:21:14.638109000][th:1236757][info] GossipPubSub === RAW OBSERVED ADDRESS DEBUG ===
[2026-09-03 14:21:14.638112000][th:1236757][info] GossipPubSub Local address: /ip4/0.0.0.0/tcp/40001/p2p/12D3KooWKyaTMfeUxpzwvoTxGx6SWVwxkPvPmVHNfL1kSxuJvHXh -> 0 raw observed, 0 activated+confirmed
[2026-09-03 14:21:14.638113000][th:1236757][info] GossipPubSub TOTAL: 0 raw observed addresses, 0 activated+confirmed addresses
[2026-09-03 14:21:14.638113000][th:1236757][info] GossipPubSub === END RAW OBSERVED ADDRESS DEBUG ===
[2026-09-03 14:21:14.638114000][th:1236757][info] GossipPubSub Observed addresses - all (0):
[2026-09-03 14:21:14.638115000][th:1236757][info] GossipPubSub Observed addresses - confirmed only (0):
[2026-09-03 14:21:14.638115000][th:1236757][info] GossipPubSub Relay addresses (0):
[2026-09-03 14:21:14.638117000][th:1236757][warning] GossipPubSub Failed to get addresses from peer repository: not found
[2026-09-03 14:21:14.638254000][th:1236757][info] GossipPubSub Found 1 valid network interfaces
[2026-09-03 14:21:14.638256000][th:1236757][info] GossipPubSub Current network interfaces (1):
[2026-09-03 14:21:14.638256000][th:1236757][info] GossipPubSub   -> 192.168.1.6
[2026-09-03 14:21:14.638258000][th:1236757][info] GossipPubSub Active connections: 0
[2026-09-03 14:21:14.638258000][th:1236757][info] GossipPubSub === PEER CONNECTION DETAILS ===
[2026-09-03 14:21:14.638259000][th:1236757][info] GossipPubSub NOTE: Observed addresses need to be seen by 4+ different peer groups to become 'activated'
[2026-09-03 14:21:14.638259000][th:1236757][info] GossipPubSub NOTE: Current connections: 0, so max possible observers: 0
[2026-09-03 14:21:14.638260000][th:1236757][info] GossipPubSub === END PEER CONNECTION DETAILS ===
[2026-09-03 14:21:14.638260000][th:1236757][info] GossipPubSub Connection manager stats:
[2026-09-03 14:21:14.638261000][th:1236757][info] GossipPubSub   -> Max connections: 1000
[2026-09-03 14:21:14.638262000][th:1236757][info] GossipPubSub   -> Current connections: 0
[2026-09-03 14:21:14.638262000][th:1236757][info] GossipPubSub === END NETWORK STATE ===
[2026-09-03 14:21:14.638282000][th:1236757][info] GossipPubSub /ip4/0.0.0.0/tcp/40001/p2p/12D3KooWKyaTMfeUxpzwvoTxGx6SWVwxkPvPmVHNfL1kSxuJvHXh : PubSub service started
[2026-09-03 14:21:14][info][KeyPairFileStorage] Path to keypairs multi_node_finality_fault/restart-vote-validator-one/keypair
[2026-09-03 14:21:14][info][KeyPairFileStorage] Peer ID from public key: 12D3KooWSgSFBeJs1r1p4HLzy739HcQKVY7sZHLyLUoAcXjYTV4Z
Current limits: 16384 (soft), 9223372036854775807 (hard)
New limits set successfully: 16384 (soft), 9223372036854775807 (hard)
Initialized relay addresses
[2026-09-03 14:21:14.639895000][th:1236724][info] GossipPubSub /ip4/0.0.0.0/tcp/54601/p2p/12D3KooWSgSFBeJs1r1p4HLzy739HcQKVY7sZHLyLUoAcXjYTV4Z: Starting PubSub service
[2026-09-03 14:21:14.639935000][th:1236758][info] GossipPubSub Starting address monitoring system for mobile network changes
[2026-09-03 14:21:14.639936000][th:1236758][info] GossipPubSub === CURRENT NETWORK STATE ===
[2026-09-03 14:21:14.639939000][th:1236758][info] GossipPubSub Primary listening address: /ip4/0.0.0.0/tcp/54601/p2p/12D3KooWSgSFBeJs1r1p4HLzy739HcQKVY7sZHLyLUoAcXjYTV4Z
[2026-09-03 14:21:14.639940000][th:1236758][info] GossipPubSub Host peer info addresses (0):
[2026-09-03 14:21:14.639941000][th:1236758][info] GossipPubSub Additional addresses we track (0):
[2026-09-03 14:21:14.639942000][th:1236758][info] GossipPubSub Listening addresses (1):
[2026-09-03 14:21:14.639943000][th:1236758][info] GossipPubSub   -> /ip4/0.0.0.0/tcp/54601/p2p/12D3KooWSgSFBeJs1r1p4HLzy739HcQKVY7sZHLyLUoAcXjYTV4Z
[2026-09-03 14:21:14.639943000][th:1236758][info] GossipPubSub Interface addresses (0):
[2026-09-03 14:21:14.639944000][th:1236758][info] GossipPubSub === RAW OBSERVED ADDRESS DEBUG ===
[2026-09-03 14:21:14.639945000][th:1236758][info] GossipPubSub Local address: /ip4/0.0.0.0/tcp/54601/p2p/12D3KooWSgSFBeJs1r1p4HLzy739HcQKVY7sZHLyLUoAcXjYTV4Z -> 0 raw observed, 0 activated+confirmed
[2026-09-03 14:21:14.639946000][th:1236758][info] GossipPubSub TOTAL: 0 raw observed addresses, 0 activated+confirmed addresses
[2026-09-03 14:21:14.639947000][th:1236758][info] GossipPubSub === END RAW OBSERVED ADDRESS DEBUG ===
[2026-09-03 14:21:14.639947000][th:1236758][info] GossipPubSub Observed addresses - all (0):
[2026-09-03 14:21:14.639948000][th:1236758][info] GossipPubSub Observed addresses - confirmed only (0):
[2026-09-03 14:21:14.639949000][th:1236758][info] GossipPubSub Relay addresses (0):
[2026-09-03 14:21:14.639950000][th:1236758][warning] GossipPubSub Failed to get addresses from peer repository: not found
[2026-09-03 14:21:14.639970000][th:1236758][info] GossipPubSub Found 1 valid network interfaces
[2026-09-03 14:21:14.639971000][th:1236758][info] GossipPubSub Current network interfaces (1):
[2026-09-03 14:21:14.639971000][th:1236758][info] GossipPubSub   -> 192.168.1.6
[2026-09-03 14:21:14.639972000][th:1236758][info] GossipPubSub Active connections: 0
[2026-09-03 14:21:14.639972000][th:1236758][info] GossipPubSub === PEER CONNECTION DETAILS ===
[2026-09-03 14:21:14.639973000][th:1236758][info] GossipPubSub NOTE: Observed addresses need to be seen by 4+ different peer groups to become 'activated'
[2026-09-03 14:21:14.639974000][th:1236758][info] GossipPubSub NOTE: Current connections: 0, so max possible observers: 0
[2026-09-03 14:21:14.639974000][th:1236758][info] GossipPubSub === END PEER CONNECTION DETAILS ===
[2026-09-03 14:21:14.639975000][th:1236758][info] GossipPubSub Connection manager stats:
[2026-09-03 14:21:14.639975000][th:1236758][info] GossipPubSub   -> Max connections: 1000
[2026-09-03 14:21:14.639976000][th:1236758][info] GossipPubSub   -> Current connections: 0
[2026-09-03 14:21:14.639977000][th:1236758][info] GossipPubSub === END NETWORK STATE ===
[2026-09-03 14:21:14.640092000][th:1236758][info] GossipPubSub /ip4/0.0.0.0/tcp/54601/p2p/12D3KooWSgSFBeJs1r1p4HLzy739HcQKVY7sZHLyLUoAcXjYTV4Z : PubSub service started
[2026-09-03 14:21:14][info][GlobalDB] Opening database /Users/henriqueklein/gnus/SuperGenius/multi_node_finality_fault/restart-vote-validator-one/rocksdb
[2026-09-03 14:21:14][debug][GraphsyncDAGSyncer] GraphSyncer created 4569748056 
[2026-09-03 14:21:14][info][CrdtDatastore] crdt Datastore created. Number of heads: 0 Current max-height: 0
[2026-09-03 14:21:14][info][GeniusAccount] Secure storage ID path: /Users/henriqueklein/gnus/SuperGenius/multi_node_finality_fault/restart-vote-validator-one/account/secure_storage_id
[2026-09-03 14:21:14][error][GeniusAccount] Could not find existing Genius address, generating one from a random mnemonic
[2026-09-03 14:21:14][warning][UTXOManager] Found UTXOs in storage, but there were none
[2026-09-03 14:21:14][info][Blockchain] [f73154d4] Blockchain instance created with authorized full node: 8a33bdf1
[2026-09-03 14:21:14][error][ValidatorRegistry] InitializeCache: registry content not found during cache init
[2026-09-03 14:21:14][info][CRDTCallbackManager] Successfully registered new data callback for pattern: '/?gnus-validator-registry'
[2026-09-03 14:21:14][info][ValidatorRegistry] RegisterFilter: result=true
[2026-09-03 14:21:14][info][ValidatorRegistry] New: instance ready
[2026-09-03 14:21:14.669920000][th:1236758][info] GossipPubSub /ip4/0.0.0.0/tcp/54601/p2p/12D3KooWSgSFBeJs1r1p4HLzy739HcQKVY7sZHLyLUoAcXjYTV4Z: PubSub subscribed to topic 'gnus-validator-registry.3.7.144'
[2026-09-03 14:21:14][info][CRDTCallbackManager] Successfully registered new data callback for pattern: '^/?cert/[^/]+'
[2026-09-03 14:21:14.669946000][th:1236758][info] GossipPubSub /ip4/0.0.0.0/tcp/54601/p2p/12D3KooWSgSFBeJs1r1p4HLzy739HcQKVY7sZHLyLUoAcXjYTV4Z: PubSub subscribed to topic 'consensus-channel-.3.7.144'
[2026-09-03 14:21:14][warning][Blockchain] [f73154d4] Failed to request validator registry during blockchain init
[2026-09-03 14:21:14][info][CRDTCallbackManager] Successfully registered new data callback for pattern: '/?gnus-genesis-block'
[2026-09-03 14:21:14][info][CRDTCallbackManager] Successfully registered new data callback for pattern: '/?gnus-account-creation-.*'
[2026-09-03 14:21:14.669967000][th:1236758][info] GossipPubSub /ip4/0.0.0.0/tcp/54601/p2p/12D3KooWSgSFBeJs1r1p4HLzy739HcQKVY7sZHLyLUoAcXjYTV4Z: PubSub subscribed to topic 'consensus-channel-.3.7.144#datastore.3.7.144'
[2026-09-03 14:21:14][info][CRDTCallbackManager] Successfully registered new data callback for pattern: '^/?/bc-144/tx/[^/]+'
[2026-09-03 14:21:14][info][CRDTCallbackManager] Successfully registered deleted data callback for pattern: '^/?/bc-144/tx/[^/]+'
[2026-09-03 14:21:14][info][CRDTCallbackManager] Successfully registered new data callback for pattern: '^/?/bc-963/tx/[^/]+'
[2026-09-03 14:21:14][info][CRDTCallbackManager] Successfully registered deleted data callback for pattern: '^/?/bc-963/tx/[^/]+'
[2026-09-03 14:21:14][info][CRDTCallbackManager] Successfully registered new data callback for pattern: '^/?/bc-369/tx/[^/]+'
[2026-09-03 14:21:14][info][CRDTCallbackManager] Successfully registered deleted data callback for pattern: '^/?/bc-369/tx/[^/]+'
[2026-09-03 14:21:14][info][KeyPairFileStorage] Path to keypairs multi_node_finality_fault/restart-vote-validator-two/keypair
[2026-09-03 14:21:14][info][KeyPairFileStorage] Peer ID from public key: 12D3KooWQNqsgaEt63vrrdFZ8nJigfLLxfcHw1a7hJqrUNq7NZ6j
Current limits: 16384 (soft), 9223372036854775807 (hard)
New limits set successfully: 16384 (soft), 9223372036854775807 (hard)
Initialized relay addresses
[2026-09-03 14:21:14.671779000][th:1236724][info] GossipPubSub /ip4/0.0.0.0/tcp/54602/p2p/12D3KooWQNqsgaEt63vrrdFZ8nJigfLLxfcHw1a7hJqrUNq7NZ6j: Starting PubSub service
[2026-09-03 14:21:14.671826000][th:1236781][info] GossipPubSub Starting address monitoring system for mobile network changes
[2026-09-03 14:21:14.671827000][th:1236781][info] GossipPubSub === CURRENT NETWORK STATE ===
[2026-09-03 14:21:14.671831000][th:1236781][info] GossipPubSub Primary listening address: /ip4/0.0.0.0/tcp/54602/p2p/12D3KooWQNqsgaEt63vrrdFZ8nJigfLLxfcHw1a7hJqrUNq7NZ6j
[2026-09-03 14:21:14.671832000][th:1236781][info] GossipPubSub Host peer info addresses (0):
[2026-09-03 14:21:14.671833000][th:1236781][info] GossipPubSub Additional addresses we track (0):
[2026-09-03 14:21:14.671833000][th:1236781][info] GossipPubSub Listening addresses (1):
[2026-09-03 14:21:14.671834000][th:1236781][info] GossipPubSub   -> /ip4/0.0.0.0/tcp/54602/p2p/12D3KooWQNqsgaEt63vrrdFZ8nJigfLLxfcHw1a7hJqrUNq7NZ6j
[2026-09-03 14:21:14.671835000][th:1236781][info] GossipPubSub Interface addresses (0):
[2026-09-03 14:21:14.671835000][th:1236781][info] GossipPubSub === RAW OBSERVED ADDRESS DEBUG ===
[2026-09-03 14:21:14.671837000][th:1236781][info] GossipPubSub Local address: /ip4/0.0.0.0/tcp/54602/p2p/12D3KooWQNqsgaEt63vrrdFZ8nJigfLLxfcHw1a7hJqrUNq7NZ6j -> 0 raw observed, 0 activated+confirmed
[2026-09-03 14:21:14.671838000][th:1236781][info] GossipPubSub TOTAL: 0 raw observed addresses, 0 activated+confirmed addresses
[2026-09-03 14:21:14.671838000][th:1236781][info] GossipPubSub === END RAW OBSERVED ADDRESS DEBUG ===
[2026-09-03 14:21:14.671839000][th:1236781][info] GossipPubSub Observed addresses - all (0):
[2026-09-03 14:21:14.671842000][th:1236781][info] GossipPubSub Observed addresses - confirmed only (0):
[2026-09-03 14:21:14.671843000][th:1236781][info] GossipPubSub Relay addresses (0):
[2026-09-03 14:21:14.671844000][th:1236781][warning] GossipPubSub Failed to get addresses from peer repository: not found
[2026-09-03 14:21:14.671865000][th:1236781][info] GossipPubSub Found 1 valid network interfaces
[2026-09-03 14:21:14.671867000][th:1236781][info] GossipPubSub Current network interfaces (1):
[2026-09-03 14:21:14.671867000][th:1236781][info] GossipPubSub   -> 192.168.1.6
[2026-09-03 14:21:14.671868000][th:1236781][info] GossipPubSub Active connections: 0
[2026-09-03 14:21:14.671868000][th:1236781][info] GossipPubSub === PEER CONNECTION DETAILS ===
[2026-09-03 14:21:14.671869000][th:1236781][info] GossipPubSub NOTE: Observed addresses need to be seen by 4+ different peer groups to become 'activated'
[2026-09-03 14:21:14.671870000][th:1236781][info] GossipPubSub NOTE: Current connections: 0, so max possible observers: 0
[2026-09-03 14:21:14.671870000][th:1236781][info] GossipPubSub === END PEER CONNECTION DETAILS ===
[2026-09-03 14:21:14.671874000][th:1236781][info] GossipPubSub Connection manager stats:
[2026-09-03 14:21:14.671874000][th:1236781][info] GossipPubSub   -> Max connections: 1000
[2026-09-03 14:21:14.671875000][th:1236781][info] GossipPubSub   -> Current connections: 0
[2026-09-03 14:21:14.671876000][th:1236781][info] GossipPubSub === END NETWORK STATE ===
[2026-09-03 14:21:14.671969000][th:1236781][info] GossipPubSub /ip4/0.0.0.0/tcp/54602/p2p/12D3KooWQNqsgaEt63vrrdFZ8nJigfLLxfcHw1a7hJqrUNq7NZ6j : PubSub service started
[2026-09-03 14:21:14][info][GlobalDB] Opening database /Users/henriqueklein/gnus/SuperGenius/multi_node_finality_fault/restart-vote-validator-two/rocksdb
[2026-09-03 14:21:14][debug][GraphsyncDAGSyncer] GraphSyncer created 5107944232 
[2026-09-03 14:21:14][info][CrdtDatastore] crdt Datastore created. Number of heads: 0 Current max-height: 0
[2026-09-03 14:21:14][info][GeniusAccount] Secure storage ID path: /Users/henriqueklein/gnus/SuperGenius/multi_node_finality_fault/restart-vote-validator-two/account/secure_storage_id
[2026-09-03 14:21:14][error][GeniusAccount] Could not find existing Genius address, generating one from a random mnemonic
[2026-09-03 14:21:14][warning][UTXOManager] Found UTXOs in storage, but there were none
[2026-09-03 14:21:14][info][Blockchain] [050eb45a] Blockchain instance created with authorized full node: 8a33bdf1
[2026-09-03 14:21:14][error][ValidatorRegistry] InitializeCache: registry content not found during cache init
[2026-09-03 14:21:14][info][CRDTCallbackManager] Successfully registered new data callback for pattern: '/?gnus-validator-registry'
[2026-09-03 14:21:14][info][ValidatorRegistry] RegisterFilter: result=true
[2026-09-03 14:21:14][info][ValidatorRegistry] New: instance ready
[2026-09-03 14:21:14.707865000][th:1236781][info] GossipPubSub /ip4/0.0.0.0/tcp/54602/p2p/12D3KooWQNqsgaEt63vrrdFZ8nJigfLLxfcHw1a7hJqrUNq7NZ6j: PubSub subscribed to topic 'gnus-validator-registry.3.7.144'
[2026-09-03 14:21:14][info][CRDTCallbackManager] Successfully registered new data callback for pattern: '^/?cert/[^/]+'
[2026-09-03 14:21:14.707895000][th:1236781][info] GossipPubSub /ip4/0.0.0.0/tcp/54602/p2p/12D3KooWQNqsgaEt63vrrdFZ8nJigfLLxfcHw1a7hJqrUNq7NZ6j: PubSub subscribed to topic 'consensus-channel-.3.7.144'
[2026-09-03 14:21:14][warning][Blockchain] [050eb45a] Failed to request validator registry during blockchain init
[2026-09-03 14:21:14][info][CRDTCallbackManager] Successfully registered new data callback for pattern: '/?gnus-genesis-block'
[2026-09-03 14:21:14][info][CRDTCallbackManager] Successfully registered new data callback for pattern: '/?gnus-account-creation-.*'
[2026-09-03 14:21:14][info][CRDTCallbackManager] Successfully registered new data callback for pattern: '^/?/bc-144/tx/[^/]+'
[2026-09-03 14:21:14][info][CRDTCallbackManager] Successfully registered deleted data callback for pattern: '^/?/bc-144/tx/[^/]+'
[2026-09-03 14:21:14.707926000][th:1236781][info] GossipPubSub /ip4/0.0.0.0/tcp/54602/p2p/12D3KooWQNqsgaEt63vrrdFZ8nJigfLLxfcHw1a7hJqrUNq7NZ6j: PubSub subscribed to topic 'consensus-channel-.3.7.144#datastore.3.7.144'
[2026-09-03 14:21:14][info][CRDTCallbackManager] Successfully registered new data callback for pattern: '^/?/bc-963/tx/[^/]+'
[2026-09-03 14:21:14][info][CRDTCallbackManager] Successfully registered deleted data callback for pattern: '^/?/bc-963/tx/[^/]+'
[2026-09-03 14:21:14][info][CRDTCallbackManager] Successfully registered new data callback for pattern: '^/?/bc-369/tx/[^/]+'
[2026-09-03 14:21:14][info][CRDTCallbackManager] Successfully registered deleted data callback for pattern: '^/?/bc-369/tx/[^/]+'
[2026-09-03 14:21:14][info][KeyPairFileStorage] Path to keypairs multi_node_finality_fault/restart-vote-validator-three/keypair
[2026-09-03 14:21:14][info][KeyPairFileStorage] Peer ID from public key: 12D3KooWGGMyiMXhtqKMD1bNNzvzw1eemoGF33cMTpdEhAG3q6Pj
Current limits: 16384 (soft), 9223372036854775807 (hard)
New limits set successfully: 16384 (soft), 9223372036854775807 (hard)
Initialized relay addresses
[2026-09-03 14:21:14.710549000][th:1236724][info] GossipPubSub /ip4/0.0.0.0/tcp/54603/p2p/12D3KooWGGMyiMXhtqKMD1bNNzvzw1eemoGF33cMTpdEhAG3q6Pj: Starting PubSub service
[2026-09-03 14:21:14.710610000][th:1236816][info] GossipPubSub Starting address monitoring system for mobile network changes
[2026-09-03 14:21:14.710612000][th:1236816][info] GossipPubSub === CURRENT NETWORK STATE ===
[2026-09-03 14:21:14.710620000][th:1236816][info] GossipPubSub Primary listening address: /ip4/0.0.0.0/tcp/54603/p2p/12D3KooWGGMyiMXhtqKMD1bNNzvzw1eemoGF33cMTpdEhAG3q6Pj
[2026-09-03 14:21:14.710621000][th:1236816][info] GossipPubSub Host peer info addresses (0):
[2026-09-03 14:21:14.710622000][th:1236816][info] GossipPubSub Additional addresses we track (0):
[2026-09-03 14:21:14.710622000][th:1236816][info] GossipPubSub Listening addresses (1):
[2026-09-03 14:21:14.710623000][th:1236816][info] GossipPubSub   -> /ip4/0.0.0.0/tcp/54603/p2p/12D3KooWGGMyiMXhtqKMD1bNNzvzw1eemoGF33cMTpdEhAG3q6Pj
[2026-09-03 14:21:14.710624000][th:1236816][info] GossipPubSub Interface addresses (0):
[2026-09-03 14:21:14.710624000][th:1236816][info] GossipPubSub === RAW OBSERVED ADDRESS DEBUG ===
[2026-09-03 14:21:14.710626000][th:1236816][info] GossipPubSub Local address: /ip4/0.0.0.0/tcp/54603/p2p/12D3KooWGGMyiMXhtqKMD1bNNzvzw1eemoGF33cMTpdEhAG3q6Pj -> 0 raw observed, 0 activated+confirmed
[2026-09-03 14:21:14.710627000][th:1236816][info] GossipPubSub TOTAL: 0 raw observed addresses, 0 activated+confirmed addresses
[2026-09-03 14:21:14.710628000][th:1236816][info] GossipPubSub === END RAW OBSERVED ADDRESS DEBUG ===
[2026-09-03 14:21:14.710628000][th:1236816][info] GossipPubSub Observed addresses - all (0):
[2026-09-03 14:21:14.710629000][th:1236816][info] GossipPubSub Observed addresses - confirmed only (0):
[2026-09-03 14:21:14.710629000][th:1236816][info] GossipPubSub Relay addresses (0):
[2026-09-03 14:21:14.710632000][th:1236816][warning] GossipPubSub Failed to get addresses from peer repository: not found
[2026-09-03 14:21:14.710672000][th:1236816][info] GossipPubSub Found 1 valid network interfaces
[2026-09-03 14:21:14.710673000][th:1236816][info] GossipPubSub Current network interfaces (1):
[2026-09-03 14:21:14.710674000][th:1236816][info] GossipPubSub   -> 192.168.1.6
[2026-09-03 14:21:14.710675000][th:1236816][info] GossipPubSub Active connections: 0
[2026-09-03 14:21:14.710676000][th:1236816][info] GossipPubSub === PEER CONNECTION DETAILS ===
[2026-09-03 14:21:14.710676000][th:1236816][info] GossipPubSub NOTE: Observed addresses need to be seen by 4+ different peer groups to become 'activated'
[2026-09-03 14:21:14.710677000][th:1236816][info] GossipPubSub NOTE: Current connections: 0, so max possible observers: 0
[2026-09-03 14:21:14.710678000][th:1236816][info] GossipPubSub === END PEER CONNECTION DETAILS ===
[2026-09-03 14:21:14.710678000][th:1236816][info] GossipPubSub Connection manager stats:
[2026-09-03 14:21:14.710679000][th:1236816][info] GossipPubSub   -> Max connections: 1000
[2026-09-03 14:21:14.710680000][th:1236816][info] GossipPubSub   -> Current connections: 0
[2026-09-03 14:21:14.710681000][th:1236816][info] GossipPubSub === END NETWORK STATE ===
[2026-09-03 14:21:14.710823000][th:1236816][info] GossipPubSub /ip4/0.0.0.0/tcp/54603/p2p/12D3KooWGGMyiMXhtqKMD1bNNzvzw1eemoGF33cMTpdEhAG3q6Pj : PubSub service started
[2026-09-03 14:21:14][info][GlobalDB] Opening database /Users/henriqueklein/gnus/SuperGenius/multi_node_finality_fault/restart-vote-validator-three/rocksdb
[2026-09-03 14:21:14][debug][GraphsyncDAGSyncer] GraphSyncer created 4569868024 
[2026-09-03 14:21:14][info][CrdtDatastore] crdt Datastore created. Number of heads: 0 Current max-height: 0
[2026-09-03 14:21:14][info][GeniusAccount] Secure storage ID path: /Users/henriqueklein/gnus/SuperGenius/multi_node_finality_fault/restart-vote-validator-three/account/secure_storage_id
[2026-09-03 14:21:14][error][GeniusAccount] Could not find existing Genius address, generating one from a random mnemonic
[2026-09-03 14:21:14][warning][UTXOManager] Found UTXOs in storage, but there were none
[2026-09-03 14:21:14][info][Blockchain] [03dbedf2] Blockchain instance created with authorized full node: 8a33bdf1
[2026-09-03 14:21:14][error][ValidatorRegistry] InitializeCache: registry content not found during cache init
[2026-09-03 14:21:14][info][CRDTCallbackManager] Successfully registered new data callback for pattern: '/?gnus-validator-registry'
[2026-09-03 14:21:14][info][ValidatorRegistry] RegisterFilter: result=true
[2026-09-03 14:21:14][info][ValidatorRegistry] New: instance ready
[2026-09-03 14:21:14.744287000][th:1236816][info] GossipPubSub /ip4/0.0.0.0/tcp/54603/p2p/12D3KooWGGMyiMXhtqKMD1bNNzvzw1eemoGF33cMTpdEhAG3q6Pj: PubSub subscribed to topic 'gnus-validator-registry.3.7.144'
[2026-09-03 14:21:14][info][CRDTCallbackManager] Successfully registered new data callback for pattern: '^/?cert/[^/]+'
[2026-09-03 14:21:14.744306000][th:1236816][info] GossipPubSub /ip4/0.0.0.0/tcp/54603/p2p/12D3KooWGGMyiMXhtqKMD1bNNzvzw1eemoGF33cMTpdEhAG3q6Pj: PubSub subscribed to topic 'consensus-channel-.3.7.144'
[2026-09-03 14:21:14][warning][Blockchain] [03dbedf2] Failed to request validator registry during blockchain init
[2026-09-03 14:21:14][info][CRDTCallbackManager] Successfully registered new data callback for pattern: '/?gnus-genesis-block'
[2026-09-03 14:21:14][info][CRDTCallbackManager] Successfully registered new data callback for pattern: '/?gnus-account-creation-.*'
[2026-09-03 14:21:14.744323000][th:1236816][info] GossipPubSub /ip4/0.0.0.0/tcp/54603/p2p/12D3KooWGGMyiMXhtqKMD1bNNzvzw1eemoGF33cMTpdEhAG3q6Pj: PubSub subscribed to topic 'consensus-channel-.3.7.144#datastore.3.7.144'
[2026-09-03 14:21:14][info][CRDTCallbackManager] Successfully registered new data callback for pattern: '^/?/bc-144/tx/[^/]+'
[2026-09-03 14:21:14][info][CRDTCallbackManager] Successfully registered deleted data callback for pattern: '^/?/bc-144/tx/[^/]+'
[2026-09-03 14:21:14][info][CRDTCallbackManager] Successfully registered new data callback for pattern: '^/?/bc-963/tx/[^/]+'
[2026-09-03 14:21:14][info][CRDTCallbackManager] Successfully registered deleted data callback for pattern: '^/?/bc-963/tx/[^/]+'
[2026-09-03 14:21:14][info][CRDTCallbackManager] Successfully registered new data callback for pattern: '^/?/bc-369/tx/[^/]+'
[2026-09-03 14:21:14][info][CRDTCallbackManager] Successfully registered deleted data callback for pattern: '^/?/bc-369/tx/[^/]+'
[2026-09-03 14:21:14][info][KeyPairFileStorage] Path to keypairs multi_node_finality_fault/restart-vote-passive/keypair
[2026-09-03 14:21:14][info][KeyPairFileStorage] Peer ID from public key: 12D3KooWMJ93gN4qFnpgGWsZpm3J4EBKZrGK5iirjmbkJpwWDK48
Current limits: 16384 (soft), 9223372036854775807 (hard)
New limits set successfully: 16384 (soft), 9223372036854775807 (hard)
Initialized relay addresses
[2026-09-03 14:21:14.745844000][th:1236724][info] GossipPubSub /ip4/0.0.0.0/tcp/54604/p2p/12D3KooWMJ93gN4qFnpgGWsZpm3J4EBKZrGK5iirjmbkJpwWDK48: Starting PubSub service
[2026-09-03 14:21:14.745887000][th:1236851][info] GossipPubSub Starting address monitoring system for mobile network changes
[2026-09-03 14:21:14.745888000][th:1236851][info] GossipPubSub === CURRENT NETWORK STATE ===
[2026-09-03 14:21:14.745893000][th:1236851][info] GossipPubSub Primary listening address: /ip4/0.0.0.0/tcp/54604/p2p/12D3KooWMJ93gN4qFnpgGWsZpm3J4EBKZrGK5iirjmbkJpwWDK48
[2026-09-03 14:21:14.745895000][th:1236851][info] GossipPubSub Host peer info addresses (0):
[2026-09-03 14:21:14.745895000][th:1236851][info] GossipPubSub Additional addresses we track (0):
[2026-09-03 14:21:14.745896000][th:1236851][info] GossipPubSub Listening addresses (1):
[2026-09-03 14:21:14.745897000][th:1236851][info] GossipPubSub   -> /ip4/0.0.0.0/tcp/54604/p2p/12D3KooWMJ93gN4qFnpgGWsZpm3J4EBKZrGK5iirjmbkJpwWDK48
[2026-09-03 14:21:14.745898000][th:1236851][info] GossipPubSub Interface addresses (0):
[2026-09-03 14:21:14.745898000][th:1236851][info] GossipPubSub === RAW OBSERVED ADDRESS DEBUG ===
[2026-09-03 14:21:14.745900000][th:1236851][info] GossipPubSub Local address: /ip4/0.0.0.0/tcp/54604/p2p/12D3KooWMJ93gN4qFnpgGWsZpm3J4EBKZrGK5iirjmbkJpwWDK48 -> 0 raw observed, 0 activated+confirmed
[2026-09-03 14:21:14.745901000][th:1236851][info] GossipPubSub TOTAL: 0 raw observed addresses, 0 activated+confirmed addresses
[2026-09-03 14:21:14.745901000][th:1236851][info] GossipPubSub === END RAW OBSERVED ADDRESS DEBUG ===
[2026-09-03 14:21:14.745902000][th:1236851][info] GossipPubSub Observed addresses - all (0):
[2026-09-03 14:21:14.745903000][th:1236851][info] GossipPubSub Observed addresses - confirmed only (0):
[2026-09-03 14:21:14.745903000][th:1236851][info] GossipPubSub Relay addresses (0):
[2026-09-03 14:21:14.745905000][th:1236851][warning] GossipPubSub Failed to get addresses from peer repository: not found
[2026-09-03 14:21:14.745934000][th:1236851][info] GossipPubSub Found 1 valid network interfaces
[2026-09-03 14:21:14.745935000][th:1236851][info] GossipPubSub Current network interfaces (1):
[2026-09-03 14:21:14.745935000][th:1236851][info] GossipPubSub   -> 192.168.1.6
[2026-09-03 14:21:14.745937000][th:1236851][info] GossipPubSub Active connections: 0
[2026-09-03 14:21:14.745940000][th:1236851][info] GossipPubSub === PEER CONNECTION DETAILS ===
[2026-09-03 14:21:14.745940000][th:1236851][info] GossipPubSub NOTE: Observed addresses need to be seen by 4+ different peer groups to become 'activated'
[2026-09-03 14:21:14.745941000][th:1236851][info] GossipPubSub NOTE: Current connections: 0, so max possible observers: 0
[2026-09-03 14:21:14.745942000][th:1236851][info] GossipPubSub === END PEER CONNECTION DETAILS ===
[2026-09-03 14:21:14.745942000][th:1236851][info] GossipPubSub Connection manager stats:
[2026-09-03 14:21:14.745943000][th:1236851][info] GossipPubSub   -> Max connections: 1000
[2026-09-03 14:21:14.745944000][th:1236851][info] GossipPubSub   -> Current connections: 0
[2026-09-03 14:21:14.745944000][th:1236851][info] GossipPubSub === END NETWORK STATE ===
[2026-09-03 14:21:14.746065000][th:1236851][info] GossipPubSub /ip4/0.0.0.0/tcp/54604/p2p/12D3KooWMJ93gN4qFnpgGWsZpm3J4EBKZrGK5iirjmbkJpwWDK48 : PubSub service started
[2026-09-03 14:21:14][info][GlobalDB] Opening database /Users/henriqueklein/gnus/SuperGenius/multi_node_finality_fault/restart-vote-passive/rocksdb
[2026-09-03 14:21:14][debug][GraphsyncDAGSyncer] GraphSyncer created 5108025416 
[2026-09-03 14:21:14][info][CrdtDatastore] crdt Datastore created. Number of heads: 0 Current max-height: 0
[2026-09-03 14:21:14][info][GeniusAccount] Secure storage ID path: /Users/henriqueklein/gnus/SuperGenius/multi_node_finality_fault/restart-vote-passive/account/secure_storage_id
[2026-09-03 14:21:14][error][GeniusAccount] Could not find existing Genius address, generating one from a random mnemonic
[2026-09-03 14:21:14][warning][UTXOManager] Found UTXOs in storage, but there were none
[2026-09-03 14:21:14][info][Blockchain] [7096af0e] Blockchain instance created with authorized full node: 8a33bdf1
[2026-09-03 14:21:14][error][ValidatorRegistry] InitializeCache: registry content not found during cache init
[2026-09-03 14:21:14][info][CRDTCallbackManager] Successfully registered new data callback for pattern: '/?gnus-validator-registry'
[2026-09-03 14:21:14][info][ValidatorRegistry] RegisterFilter: result=true
[2026-09-03 14:21:14][info][ValidatorRegistry] New: instance ready
[2026-09-03 14:21:14.785712000][th:1236851][info] GossipPubSub /ip4/0.0.0.0/tcp/54604/p2p/12D3KooWMJ93gN4qFnpgGWsZpm3J4EBKZrGK5iirjmbkJpwWDK48: PubSub subscribed to topic 'gnus-validator-registry.3.7.144'
[2026-09-03 14:21:14][info][CRDTCallbackManager] Successfully registered new data callback for pattern: '^/?cert/[^/]+'
[2026-09-03 14:21:14.785733000][th:1236851][info] GossipPubSub /ip4/0.0.0.0/tcp/54604/p2p/12D3KooWMJ93gN4qFnpgGWsZpm3J4EBKZrGK5iirjmbkJpwWDK48: PubSub subscribed to topic 'consensus-channel-.3.7.144'
[2026-09-03 14:21:14][warning][Blockchain] [7096af0e] Failed to request validator registry during blockchain init
[2026-09-03 14:21:14][info][CRDTCallbackManager] Successfully registered new data callback for pattern: '/?gnus-genesis-block'
[2026-09-03 14:21:14][info][CRDTCallbackManager] Successfully registered new data callback for pattern: '/?gnus-account-creation-.*'
[2026-09-03 14:21:14.785751000][th:1236851][info] GossipPubSub /ip4/0.0.0.0/tcp/54604/p2p/12D3KooWMJ93gN4qFnpgGWsZpm3J4EBKZrGK5iirjmbkJpwWDK48: PubSub subscribed to topic 'consensus-channel-.3.7.144#datastore.3.7.144'
[2026-09-03 14:21:14][info][CRDTCallbackManager] Successfully registered new data callback for pattern: '^/?/bc-144/tx/[^/]+'
[2026-09-03 14:21:14][info][CRDTCallbackManager] Successfully registered deleted data callback for pattern: '^/?/bc-144/tx/[^/]+'
[2026-09-03 14:21:14][info][CRDTCallbackManager] Successfully registered new data callback for pattern: '^/?/bc-963/tx/[^/]+'
[2026-09-03 14:21:14][info][CRDTCallbackManager] Successfully registered deleted data callback for pattern: '^/?/bc-963/tx/[^/]+'
[2026-09-03 14:21:14][info][CRDTCallbackManager] Successfully registered new data callback for pattern: '^/?/bc-369/tx/[^/]+'
[2026-09-03 14:21:14][info][CRDTCallbackManager] Successfully registered deleted data callback for pattern: '^/?/bc-369/tx/[^/]+'
[2026-09-03 14:21:14][info][CrdtDatastore] Topics { name="gnus-validator-registry" }
[2026-09-03 14:21:14][info][CRDTCallbackManager] Executing callback for key '/gnus-validator-registry' matching pattern '/?gnus-validator-registry'
[2026-09-03 14:21:14][info][ValidatorRegistry] RegistryUpdateReceived: cache updated and initialized
[2026-09-03 14:21:14][debug][GraphsyncDAGSyncer] addNode: Added node QmbdbwR7qTcSt98XDD5UWgcCWdSn8TbuWKLj76iUAZuBUv on dagService 
[2026-09-03 14:21:14][info][ValidatorRegistry] StoreRegistryUpdate: stored registry update CID QmbdbwR7qTcSt98XDD5UWgcCWdSn8TbuWKLj76iUAZuBUv
[2026-09-03 14:21:14][info][ValidatorRegistry] StoreRegistryUpdate: success
[2026-09-03 14:21:14][info][CrdtDatastore] Topics { name="gnus-validator-registry" }
[2026-09-03 14:21:14][info][CRDTCallbackManager] Executing callback for key '/gnus-validator-registry' matching pattern '/?gnus-validator-registry'
[2026-09-03 14:21:14][info][ValidatorRegistry] RegistryUpdateReceived: cache updated and initialized
[2026-09-03 14:21:14][debug][GraphsyncDAGSyncer] addNode: Added node QmbdbwR7qTcSt98XDD5UWgcCWdSn8TbuWKLj76iUAZuBUv on dagService 
[2026-09-03 14:21:14][info][ValidatorRegistry] StoreRegistryUpdate: stored registry update CID QmbdbwR7qTcSt98XDD5UWgcCWdSn8TbuWKLj76iUAZuBUv
[2026-09-03 14:21:14][info][ValidatorRegistry] StoreRegistryUpdate: success
[2026-09-03 14:21:14][info][CrdtDatastore] Topics { name="gnus-validator-registry" }
[2026-09-03 14:21:14][info][CRDTCallbackManager] Executing callback for key '/gnus-validator-registry' matching pattern '/?gnus-validator-registry'
[2026-09-03 14:21:14][info][ValidatorRegistry] RegistryUpdateReceived: cache updated and initialized
[2026-09-03 14:21:14][debug][GraphsyncDAGSyncer] addNode: Added node QmbdbwR7qTcSt98XDD5UWgcCWdSn8TbuWKLj76iUAZuBUv on dagService 
[2026-09-03 14:21:14][info][ValidatorRegistry] StoreRegistryUpdate: stored registry update CID QmbdbwR7qTcSt98XDD5UWgcCWdSn8TbuWKLj76iUAZuBUv
[2026-09-03 14:21:14][info][ValidatorRegistry] StoreRegistryUpdate: success
[2026-09-03 14:21:14][info][CrdtDatastore] Topics { name="gnus-validator-registry" }
[2026-09-03 14:21:14][info][CRDTCallbackManager] Executing callback for key '/gnus-validator-registry' matching pattern '/?gnus-validator-registry'
[2026-09-03 14:21:14][info][ValidatorRegistry] RegistryUpdateReceived: cache updated and initialized
[2026-09-03 14:21:14][debug][GraphsyncDAGSyncer] addNode: Added node QmbdbwR7qTcSt98XDD5UWgcCWdSn8TbuWKLj76iUAZuBUv on dagService 
[2026-09-03 14:21:14][info][ValidatorRegistry] StoreRegistryUpdate: stored registry update CID QmbdbwR7qTcSt98XDD5UWgcCWdSn8TbuWKLj76iUAZuBUv
[2026-09-03 14:21:14][info][ValidatorRegistry] StoreRegistryUpdate: success
[2026-09-03 14:21:14][info][TransactionManager] [f73154d4 - full: false] ChangeTransactionState: Temp tracking entry created tx=5e9f81e5abe3c9d76c4ea9e51fd81466216027c4dc77122fe0929ecfa56d9129
[2026-09-03 14:21:17][info][CRDTCallbackManager] Successfully unregistered new data callback for pattern: '^/?/bc-144/tx/[^/]+'
[2026-09-03 14:21:17][info][CRDTCallbackManager] Successfully unregistered deleted data callback for pattern: '^/?/bc-144/tx/[^/]+'
[2026-09-03 14:21:17][info][CRDTCallbackManager] Successfully unregistered new data callback for pattern: '^/?/bc-963/tx/[^/]+'
[2026-09-03 14:21:17][info][CRDTCallbackManager] Successfully unregistered deleted data callback for pattern: '^/?/bc-963/tx/[^/]+'
[2026-09-03 14:21:17][info][CRDTCallbackManager] Successfully unregistered new data callback for pattern: '^/?/bc-369/tx/[^/]+'
[2026-09-03 14:21:17][info][CRDTCallbackManager] Successfully unregistered deleted data callback for pattern: '^/?/bc-369/tx/[^/]+'
[2026-09-03 14:21:17][info][TransactionManager] [f73154d4 - full: false] ~TransactionManager: Metrics — cert_fallback(success=0 failure=0) validation(approve=1 reject=0) tracking(insert=1 confirm=0 fail=0)
[2026-09-03 14:21:17][info][Blockchain] [f73154d4] Stopping blockchain
[2026-09-03 14:21:17][info][CRDTCallbackManager] Successfully unregistered new data callback for pattern: '/?gnus-genesis-block'
[2026-09-03 14:21:17][info][CRDTCallbackManager] Successfully unregistered new data callback for pattern: '/?gnus-account-creation-.*'
[2026-09-03 14:21:17][info][CRDTCallbackManager] Successfully unregistered new data callback for pattern: '/?gnus-validator-registry'
[2026-09-03 14:21:17][debug][GlobalDB] ~GlobalDB CALLED with count 6 on multi_node_finality_fault/restart-vote-validator-one/rocksdb 
[2026-09-03 14:21:17][info][GlobalDB] GlobalDB shutdown start
[2026-09-03 14:21:17][info][CrdtDatastore] CancelAndCloseNow: begin (pending_jobs=0, self_queue=0, root_queue=0, pending_roots=0, active_root=false)
[2026-09-03 14:21:17][debug][GraphsyncDAGSyncer] Stopping Dagsyncer
[2026-09-03 14:21:17][debug][GraphsyncDAGSyncer] Dagsyncer Stopped
[2026-09-03 14:21:17][info][CrdtDatastore] CancelAndCloseNow: CRDT workers stopped
[2026-09-03 14:21:17][warning][CrdtDatastore] CancelAndCloseNow called but shutdown has already started
[2026-09-03 14:21:17][debug][GraphsyncDAGSyncer] ~GraphsyncDAGSyncer CALLED
[2026-09-03 14:21:17][info][GlobalDB] GlobalDB shutdown finished
[2026-09-03 14:21:17.714305000][th:1236758][error] GossipPubSub Address monitoring timer error: Operation canceled
[2026-09-03 14:21:18][info][KeyPairFileStorage] Path to keypairs multi_node_finality_fault/restart-vote-validator-one/keypair
[2026-09-03 14:21:18][info][KeyPairFileStorage] Peer ID from public key: 12D3KooWSgSFBeJs1r1p4HLzy739HcQKVY7sZHLyLUoAcXjYTV4Z
Current limits: 16384 (soft), 9223372036854775807 (hard)
New limits set successfully: 16384 (soft), 9223372036854775807 (hard)
Initialized relay addresses
[2026-09-03 14:21:18.726473000][th:1236724][info] GossipPubSub /ip4/0.0.0.0/tcp/54601/p2p/12D3KooWSgSFBeJs1r1p4HLzy739HcQKVY7sZHLyLUoAcXjYTV4Z: Starting PubSub service
[2026-09-03 14:21:18.726651000][th:1236998][info] GossipPubSub Starting address monitoring system for mobile network changes
[2026-09-03 14:21:18.726656000][th:1236998][info] GossipPubSub === CURRENT NETWORK STATE ===
[2026-09-03 14:21:18.726673000][th:1236998][info] GossipPubSub Primary listening address: /ip4/0.0.0.0/tcp/54601/p2p/12D3KooWSgSFBeJs1r1p4HLzy739HcQKVY7sZHLyLUoAcXjYTV4Z
[2026-09-03 14:21:18.726676000][th:1236998][info] GossipPubSub Host peer info addresses (0):
[2026-09-03 14:21:18.726677000][th:1236998][info] GossipPubSub Additional addresses we track (0):
[2026-09-03 14:21:18.726678000][th:1236998][info] GossipPubSub Listening addresses (1):
[2026-09-03 14:21:18.726680000][th:1236998][info] GossipPubSub   -> /ip4/0.0.0.0/tcp/54601/p2p/12D3KooWSgSFBeJs1r1p4HLzy739HcQKVY7sZHLyLUoAcXjYTV4Z
[2026-09-03 14:21:18.726681000][th:1236998][info] GossipPubSub Interface addresses (0):
[2026-09-03 14:21:18.726682000][th:1236998][info] GossipPubSub === RAW OBSERVED ADDRESS DEBUG ===
[2026-09-03 14:21:18.726685000][th:1236998][info] GossipPubSub Local address: /ip4/0.0.0.0/tcp/54601/p2p/12D3KooWSgSFBeJs1r1p4HLzy739HcQKVY7sZHLyLUoAcXjYTV4Z -> 0 raw observed, 0 activated+confirmed
[2026-09-03 14:21:18.726687000][th:1236998][info] GossipPubSub TOTAL: 0 raw observed addresses, 0 activated+confirmed addresses
[2026-09-03 14:21:18.726689000][th:1236998][info] GossipPubSub === END RAW OBSERVED ADDRESS DEBUG ===
[2026-09-03 14:21:18.726690000][th:1236998][info] GossipPubSub Observed addresses - all (0):
[2026-09-03 14:21:18.726740000][th:1236998][info] GossipPubSub Observed addresses - confirmed only (0):
[2026-09-03 14:21:18.726744000][th:1236998][info] GossipPubSub Relay addresses (0):
[2026-09-03 14:21:18.726749000][th:1236998][warning] GossipPubSub Failed to get addresses from peer repository: not found
[2026-09-03 14:21:18.726845000][th:1236998][info] GossipPubSub Found 1 valid network interfaces
[2026-09-03 14:21:18.726848000][th:1236998][info] GossipPubSub Current network interfaces (1):
[2026-09-03 14:21:18.726849000][th:1236998][info] GossipPubSub   -> 192.168.1.6
[2026-09-03 14:21:18.726852000][th:1236998][info] GossipPubSub Active connections: 0
[2026-09-03 14:21:18.726853000][th:1236998][info] GossipPubSub === PEER CONNECTION DETAILS ===
[2026-09-03 14:21:18.726854000][th:1236998][info] GossipPubSub NOTE: Observed addresses need to be seen by 4+ different peer groups to become 'activated'
[2026-09-03 14:21:18.726855000][th:1236998][info] GossipPubSub NOTE: Current connections: 0, so max possible observers: 0
[2026-09-03 14:21:18.726856000][th:1236998][info] GossipPubSub === END PEER CONNECTION DETAILS ===
[2026-09-03 14:21:18.726857000][th:1236998][info] GossipPubSub Connection manager stats:
[2026-09-03 14:21:18.726858000][th:1236998][info] GossipPubSub   -> Max connections: 1000
[2026-09-03 14:21:18.726859000][th:1236998][info] GossipPubSub   -> Current connections: 0
[2026-09-03 14:21:18.726860000][th:1236998][info] GossipPubSub === END NETWORK STATE ===
[2026-09-03 14:21:18.727238000][th:1236998][info] GossipPubSub /ip4/0.0.0.0/tcp/54601/p2p/12D3KooWSgSFBeJs1r1p4HLzy739HcQKVY7sZHLyLUoAcXjYTV4Z : PubSub service started
[2026-09-03 14:21:18][info][GlobalDB] Opening database /Users/henriqueklein/gnus/SuperGenius/multi_node_finality_fault/restart-vote-validator-one/rocksdb
[2026-09-03 14:21:18][debug][GraphsyncDAGSyncer] GraphSyncer created 4570763992 
[2026-09-03 14:21:18][info][CrdtDatastore] crdt Datastore created. Number of heads: 1 Current max-height: 1
[2026-09-03 14:21:18][info][GeniusAccount] Secure storage ID path: /Users/henriqueklein/gnus/SuperGenius/multi_node_finality_fault/restart-vote-validator-one/account/secure_storage_id
[2026-09-03 14:21:18][info][GeniusAccount] Loaded public key from file: f73154d4374b61d4... (length: 128)
[2026-09-03 14:21:18][info][GeniusAccount] Successfully loaded key_seed from storage
[2026-09-03 14:21:18][info][GeniusAccount] Validation successful: key_seed matches stored public key
[2026-09-03 14:21:18][warning][UTXOManager] Found UTXOs in storage, but there were none
[2026-09-03 14:21:18][info][Blockchain] [f73154d4] Blockchain instance created with authorized full node: 8a33bdf1
[2026-09-03 14:21:18][info][ValidatorRegistry] InitializeCache: cache initialized with CID QmbdbwR7qTcSt98XDD5UWgcCWdSn8TbuWKLj76iUAZuBUv
[2026-09-03 14:21:18][info][CRDTCallbackManager] Successfully registered new data callback for pattern: '/?gnus-validator-registry'
[2026-09-03 14:21:18][info][ValidatorRegistry] RegisterFilter: result=true
[2026-09-03 14:21:18][info][ValidatorRegistry] New: instance ready
[2026-09-03 14:21:18.756729000][th:1236998][info] GossipPubSub /ip4/0.0.0.0/tcp/54601/p2p/12D3KooWSgSFBeJs1r1p4HLzy739HcQKVY7sZHLyLUoAcXjYTV4Z: PubSub subscribed to topic 'gnus-validator-registry.3.7.144'
[2026-09-03 14:21:18.756756000][th:1236998][info] GossipPubSub /ip4/0.0.0.0/tcp/54601/p2p/12D3KooWSgSFBeJs1r1p4HLzy739HcQKVY7sZHLyLUoAcXjYTV4Z: PubSub subscribed to topic 'consensus-channel-.3.7.144'
[2026-09-03 14:21:18][info][CRDTCallbackManager] Successfully registered new data callback for pattern: '^/?cert/[^/]+'
[2026-09-03 14:21:18.758140000][th:1236998][info] GossipPubSub /ip4/0.0.0.0/tcp/54601/p2p/12D3KooWSgSFBeJs1r1p4HLzy739HcQKVY7sZHLyLUoAcXjYTV4Z: PubSub subscribed to topic 'consensus-channel-.3.7.144#datastore.3.7.144'
[2026-09-03 14:21:18][info][CRDTCallbackManager] Successfully registered new data callback for pattern: '/?gnus-genesis-block'
[2026-09-03 14:21:18][info][CRDTCallbackManager] Successfully registered new data callback for pattern: '/?gnus-account-creation-.*'
[2026-09-03 14:21:18][info][CRDTCallbackManager] Successfully registered new data callback for pattern: '^/?/bc-144/tx/[^/]+'
[2026-09-03 14:21:18][info][CRDTCallbackManager] Successfully registered deleted data callback for pattern: '^/?/bc-144/tx/[^/]+'
[2026-09-03 14:21:18][info][CRDTCallbackManager] Successfully registered new data callback for pattern: '^/?/bc-963/tx/[^/]+'
[2026-09-03 14:21:18][info][CRDTCallbackManager] Successfully registered deleted data callback for pattern: '^/?/bc-963/tx/[^/]+'
[2026-09-03 14:21:18][info][CRDTCallbackManager] Successfully registered new data callback for pattern: '^/?/bc-369/tx/[^/]+'
[2026-09-03 14:21:18][info][CRDTCallbackManager] Successfully registered deleted data callback for pattern: '^/?/bc-369/tx/[^/]+'
[2026-09-03 14:21:18.759624000][th:1236998][info] GossipPubSub Adding new peer: 12D3KooWQNqsgaEt63vrrdFZ8nJigfLLxfcHw1a7hJqrUNq7NZ6j
[2026-09-03 14:21:18.759719000][th:1236998][info] GossipPubSub Adding new peer: 12D3KooWGGMyiMXhtqKMD1bNNzvzw1eemoGF33cMTpdEhAG3q6Pj
[2026-09-03 14:21:18.759776000][th:1236998][info] GossipPubSub Adding new peer: 12D3KooWMJ93gN4qFnpgGWsZpm3J4EBKZrGK5iirjmbkJpwWDK48
[2026-09-03 14:21:18.759820000][th:1236781][info] GossipPubSub Adding new peer: 12D3KooWSgSFBeJs1r1p4HLzy739HcQKVY7sZHLyLUoAcXjYTV4Z
[2026-09-03 14:21:18.759888000][th:1236781][info] GossipPubSub Adding new peer: 12D3KooWGGMyiMXhtqKMD1bNNzvzw1eemoGF33cMTpdEhAG3q6Pj
[2026-09-03 14:21:18.759948000][th:1236781][info] GossipPubSub Adding new peer: 12D3KooWMJ93gN4qFnpgGWsZpm3J4EBKZrGK5iirjmbkJpwWDK48
[2026-09-03 14:21:18.760005000][th:1236816][info] GossipPubSub Adding new peer: 12D3KooWSgSFBeJs1r1p4HLzy739HcQKVY7sZHLyLUoAcXjYTV4Z
[2026-09-03 14:21:18.760063000][th:1236816][info] GossipPubSub Adding new peer: 12D3KooWQNqsgaEt63vrrdFZ8nJigfLLxfcHw1a7hJqrUNq7NZ6j
[2026-09-03 14:21:18.760122000][th:1236816][info] GossipPubSub Adding new peer: 12D3KooWMJ93gN4qFnpgGWsZpm3J4EBKZrGK5iirjmbkJpwWDK48
[2026-09-03 14:21:18.760186000][th:1236851][info] GossipPubSub Adding new peer: 12D3KooWSgSFBeJs1r1p4HLzy739HcQKVY7sZHLyLUoAcXjYTV4Z
[2026-09-03 14:21:18.760244000][th:1236851][info] GossipPubSub Adding new peer: 12D3KooWQNqsgaEt63vrrdFZ8nJigfLLxfcHw1a7hJqrUNq7NZ6j
[2026-09-03 14:21:18.760303000][th:1236851][info] GossipPubSub Adding new peer: 12D3KooWGGMyiMXhtqKMD1bNNzvzw1eemoGF33cMTpdEhAG3q6Pj
[2026-09-03 14:21:18][info][TransactionManager] [f73154d4 - full: false] ChangeTransactionState: Temp tracking entry created tx=5e9f81e5abe3c9d76c4ea9e51fd81466216027c4dc77122fe0929ecfa56d9129
[2026-09-03 14:21:18][info][TransactionManager] [03dbedf2 - full: false] ChangeTransactionState: Temp tracking entry created tx=5e9f81e5abe3c9d76c4ea9e51fd81466216027c4dc77122fe0929ecfa56d9129
[2026-09-03 14:21:18][info][TransactionManager] [050eb45a - full: false] ChangeTransactionState: Temp tracking entry created tx=5e9f81e5abe3c9d76c4ea9e51fd81466216027c4dc77122fe0929ecfa56d9129
[2026-09-03 14:21:18][info][TransactionManager] [7096af0e - full: false] ChangeTransactionState: Temp tracking entry created tx=5e9f81e5abe3c9d76c4ea9e51fd81466216027c4dc77122fe0929ecfa56d9129
[2026-09-03 14:21:21][error][ConsensusManager] HandleVote: ignored: proposal has not won frozen slot arbitration proposal_id=5403a92f
[2026-09-03 14:21:21][error][ConsensusManager] HandleVote: ignored: proposal has not won frozen slot arbitration proposal_id=5403a92f
[2026-09-03 14:21:23][info][CrdtDatastore] Topics { name="consensus-channel-.3.7.144#datastore" }
[2026-09-03 14:21:23][info][CRDTCallbackManager] Executing callback for key '/cert/mint-v2:test:0000000000000000000000000000000000000000000000000000000000000000:42:f73154d4374b61d45325b70c8b9fcb1e8c5c0023fed1df60b24bc9da4d90c95f76fd7a1a685a1fb0c9aab0dd26fe2867140ff5fdde7e70ce4350b8264518f2ce:cccccccccccccccccccccccccccccccccccccccccccccccccccccccccccccccc' matching pattern '^/?cert/[^/]+'
[2026-09-03 14:21:23][debug][GraphsyncDAGSyncer] addNode: Added node QmUDceeoEthHyy1TSscUbjPThqL416TNbTfKKKdqvjdweD on dagService 
[2026-09-03 14:21:23][info][UTXOManager] Stored 1 UTXOs for address f73154d4374b61d45325b70c8b9fcb1e8c5c0023fed1df60b24bc9da4d90c95f76fd7a1a685a1fb0c9aab0dd26fe2867140ff5fdde7e70ce4350b8264518f2ce
[2026-09-03 14:21:23][info][UTXOManager] Stored 2 UTXOs for address f73154d4374b61d45325b70c8b9fcb1e8c5c0023fed1df60b24bc9da4d90c95f76fd7a1a685a1fb0c9aab0dd26fe2867140ff5fdde7e70ce4350b8264518f2ce
[2026-09-03 14:21:23][warning][TransactionManager] [050eb45a - full: false] Mint-v2 5e9f81e5abe3c9d76c4ea9e51fd81466216027c4dc77122fe0929ecfa56d9129 did not consume every burn input (already consumed or missing); burn outpoint metadata may have been rebuilt with zero amount
[2026-09-03 14:21:23][info][TransactionManager] [050eb45a - full: false] Created tokens (mint-v2), amount 42 balance 0
[2026-09-03 14:21:23][info][TransactionManager] [050eb45a - full: false] ChangeTransactionState: Tracking entry confirmed tx=5e9f81e5abe3c9d76c4ea9e51fd81466216027c4dc77122fe0929ecfa56d9129
[2026-09-03 14:21:23][debug][GraphsyncDAGSyncer] Registered new peer 12D3KooWQNqsgaEt63vrrdFZ8nJigfLLxfcHw1a7hJqrUNq7NZ6j with key 0
[2026-09-03 14:21:23][debug][GraphsyncDAGSyncer] Added route for CID QmUDceeoEthHyy1TSscUbjPThqL416TNbTfKKKdqvjdweD to peer 12D3KooWQNqsgaEt63vrrdFZ8nJigfLLxfcHw1a7hJqrUNq7NZ6j (key 0, route_count=1)
[2026-09-03 14:21:23][debug][GraphsyncDAGSyncer] Registered new peer 12D3KooWQNqsgaEt63vrrdFZ8nJigfLLxfcHw1a7hJqrUNq7NZ6j with key 0
[2026-09-03 14:21:23][debug][GraphsyncDAGSyncer] Added route for CID QmUDceeoEthHyy1TSscUbjPThqL416TNbTfKKKdqvjdweD to peer 12D3KooWQNqsgaEt63vrrdFZ8nJigfLLxfcHw1a7hJqrUNq7NZ6j (key 0, route_count=1)
[2026-09-03 14:21:23][debug][GraphsyncDAGSyncer] Registered new peer 12D3KooWQNqsgaEt63vrrdFZ8nJigfLLxfcHw1a7hJqrUNq7NZ6j with key 0
[2026-09-03 14:21:23][debug][GraphsyncDAGSyncer] Added route for CID QmUDceeoEthHyy1TSscUbjPThqL416TNbTfKKKdqvjdweD to peer 12D3KooWQNqsgaEt63vrrdFZ8nJigfLLxfcHw1a7hJqrUNq7NZ6j (key 0, route_count=1)
[2026-09-03 14:21:23][info][UTXOManager] Created checkpoint owner=050eb45acec190ad53ce46208baa5283b31d37723077022f107becdf46bb26a8fd88c2138ce90d5b8d8745c8a12e23b3848a7cf14f192e223681854458df5f30 epoch=1 utxo_count=0
[2026-09-03 14:21:23][debug][GraphsyncDAGSyncer] Block initialized without content to LRU cache: CID QmUDceeoEthHyy1TSscUbjPThqL416TNbTfKKKdqvjdweD, cache size: 1
[2026-09-03 14:21:23][debug][GraphsyncDAGSyncer] Requesting Node QmUDceeoEthHyy1TSscUbjPThqL416TNbTfKKKdqvjdweD on this 4570763992
[2026-09-03 14:21:23][debug][GraphsyncDAGSyncer] Return node for CID QmUDceeoEthHyy1TSscUbjPThqL416TNbTfKKKdqvjdweD instance=5107944232
[2026-09-03 14:21:23.809957000][th:1236998][warning] graphsync Request 1 for CID QmUDceeoEthHyy1TSscUbjPThqL416TNbTfKKKdqvjdweD got RS_FULL_CONTENT but no blocks received yet
[2026-09-03 14:21:23][debug][GraphsyncDAGSyncer] request progress: code=FULL_CONTENT, extensions=(graphsync/response-metadata: 0x80) (graphsync/do-not-send-cids: 0x80) 
[2026-09-03 14:21:23][debug][GraphsyncDAGSyncer] HasBlock: false, cid: QmUDceeoEthHyy1TSscUbjPThqL416TNbTfKKKdqvjdweD
[2026-09-03 14:21:23][debug][GraphsyncDAGSyncer] Existing block updated in LRU cache: CID QmUDceeoEthHyy1TSscUbjPThqL416TNbTfKKKdqvjdweD
[2026-09-03 14:21:23][debug][GraphsyncDAGSyncer] Node added to dagService. CID: QmUDceeoEthHyy1TSscUbjPThqL416TNbTfKKKdqvjdweD, links: []
[2026-09-03 14:21:23][debug][GraphsyncDAGSyncer] Seeing if peer 12D3KooWQNqsgaEt63vrrdFZ8nJigfLLxfcHw1a7hJqrUNq7NZ6j has links to AddRoute
[2026-09-03 14:21:23][info][GraphsyncDAGSyncer] TraverseCIDsLinks: Checking links on { cid="QmUDceeoEthHyy1TSscUbjPThqL416TNbTfKKKdqvjdweD", name="" }
[2026-09-03 14:21:23][info][GraphsyncDAGSyncer] TraverseCIDsLinks: Completed traversal. Links to fetch: 0, Visited: 0
[2026-09-03 14:21:23][debug][GraphsyncDAGSyncer] Block initialized without content to LRU cache: CID QmUDceeoEthHyy1TSscUbjPThqL416TNbTfKKKdqvjdweD, cache size: 1
[2026-09-03 14:21:23][debug][GraphsyncDAGSyncer] Requesting Node QmUDceeoEthHyy1TSscUbjPThqL416TNbTfKKKdqvjdweD on this 4569868024
[2026-09-03 14:21:23][debug][GraphsyncDAGSyncer] Return node for CID QmUDceeoEthHyy1TSscUbjPThqL416TNbTfKKKdqvjdweD instance=5107944232
[2026-09-03 14:21:23.852259000][th:1236816][warning] graphsync Request 1 for CID QmUDceeoEthHyy1TSscUbjPThqL416TNbTfKKKdqvjdweD got RS_FULL_CONTENT but no blocks received yet
[2026-09-03 14:21:23][debug][GraphsyncDAGSyncer] request progress: code=FULL_CONTENT, extensions=(graphsync/response-metadata: 0x80) (graphsync/do-not-send-cids: 0x80) 
[2026-09-03 14:21:23][debug][GraphsyncDAGSyncer] HasBlock: false, cid: QmUDceeoEthHyy1TSscUbjPThqL416TNbTfKKKdqvjdweD
[2026-09-03 14:21:23][debug][GraphsyncDAGSyncer] Existing block updated in LRU cache: CID QmUDceeoEthHyy1TSscUbjPThqL416TNbTfKKKdqvjdweD
[2026-09-03 14:21:23][debug][GraphsyncDAGSyncer] Node added to dagService. CID: QmUDceeoEthHyy1TSscUbjPThqL416TNbTfKKKdqvjdweD, links: []
[2026-09-03 14:21:23][debug][GraphsyncDAGSyncer] Seeing if peer 12D3KooWQNqsgaEt63vrrdFZ8nJigfLLxfcHw1a7hJqrUNq7NZ6j has links to AddRoute
[2026-09-03 14:21:23][info][GraphsyncDAGSyncer] TraverseCIDsLinks: Checking links on { cid="QmUDceeoEthHyy1TSscUbjPThqL416TNbTfKKKdqvjdweD", name="" }
[2026-09-03 14:21:23][info][GraphsyncDAGSyncer] TraverseCIDsLinks: Completed traversal. Links to fetch: 0, Visited: 0
[2026-09-03 14:21:23][debug][GraphsyncDAGSyncer] Block initialized without content to LRU cache: CID QmUDceeoEthHyy1TSscUbjPThqL416TNbTfKKKdqvjdweD, cache size: 1
[2026-09-03 14:21:23][debug][GraphsyncDAGSyncer] Requesting Node QmUDceeoEthHyy1TSscUbjPThqL416TNbTfKKKdqvjdweD on this 5108025416
[2026-09-03 14:21:23][debug][GraphsyncDAGSyncer] Return node for CID QmUDceeoEthHyy1TSscUbjPThqL416TNbTfKKKdqvjdweD instance=5107944232
[2026-09-03 14:21:23.894058000][th:1236851][warning] graphsync Request 1 for CID QmUDceeoEthHyy1TSscUbjPThqL416TNbTfKKKdqvjdweD got RS_FULL_CONTENT but no blocks received yet
[2026-09-03 14:21:23][debug][GraphsyncDAGSyncer] request progress: code=FULL_CONTENT, extensions=(graphsync/response-metadata: 0x80) (graphsync/do-not-send-cids: 0x80) 
[2026-09-03 14:21:23][debug][GraphsyncDAGSyncer] HasBlock: false, cid: QmUDceeoEthHyy1TSscUbjPThqL416TNbTfKKKdqvjdweD
[2026-09-03 14:21:23][debug][GraphsyncDAGSyncer] Existing block updated in LRU cache: CID QmUDceeoEthHyy1TSscUbjPThqL416TNbTfKKKdqvjdweD
[2026-09-03 14:21:23][debug][GraphsyncDAGSyncer] Node added to dagService. CID: QmUDceeoEthHyy1TSscUbjPThqL416TNbTfKKKdqvjdweD, links: []
[2026-09-03 14:21:23][debug][GraphsyncDAGSyncer] Seeing if peer 12D3KooWQNqsgaEt63vrrdFZ8nJigfLLxfcHw1a7hJqrUNq7NZ6j has links to AddRoute
[2026-09-03 14:21:23][info][GraphsyncDAGSyncer] TraverseCIDsLinks: Checking links on { cid="QmUDceeoEthHyy1TSscUbjPThqL416TNbTfKKKdqvjdweD", name="" }
[2026-09-03 14:21:23][info][GraphsyncDAGSyncer] TraverseCIDsLinks: Completed traversal. Links to fetch: 0, Visited: 0
[2026-09-03 14:21:23][debug][GraphsyncDAGSyncer] Return node for CID QmUDceeoEthHyy1TSscUbjPThqL416TNbTfKKKdqvjdweD instance=4570763992
[2026-09-03 14:21:23][info][CRDTCallbackManager] Executing callback for key '/cert/mint-v2:test:0000000000000000000000000000000000000000000000000000000000000000:42:f73154d4374b61d45325b70c8b9fcb1e8c5c0023fed1df60b24bc9da4d90c95f76fd7a1a685a1fb0c9aab0dd26fe2867140ff5fdde7e70ce4350b8264518f2ce:cccccccccccccccccccccccccccccccccccccccccccccccccccccccccccccccc' matching pattern '^/?cert/[^/]+'
[2026-09-03 14:21:23][debug][GraphsyncDAGSyncer] addNode: Added node QmUDceeoEthHyy1TSscUbjPThqL416TNbTfKKKdqvjdweD on dagService 
[2026-09-03 14:21:23][debug][GraphsyncDAGSyncer] Block removed from LRU cache: CID QmUDceeoEthHyy1TSscUbjPThqL416TNbTfKKKdqvjdweD
[2026-09-03 14:21:23][debug][GraphsyncDAGSyncer] Return node for CID QmUDceeoEthHyy1TSscUbjPThqL416TNbTfKKKdqvjdweD instance=4569868024
[2026-09-03 14:21:23][info][CRDTCallbackManager] Executing callback for key '/cert/mint-v2:test:0000000000000000000000000000000000000000000000000000000000000000:42:f73154d4374b61d45325b70c8b9fcb1e8c5c0023fed1df60b24bc9da4d90c95f76fd7a1a685a1fb0c9aab0dd26fe2867140ff5fdde7e70ce4350b8264518f2ce:cccccccccccccccccccccccccccccccccccccccccccccccccccccccccccccccc' matching pattern '^/?cert/[^/]+'
[2026-09-03 14:21:23][debug][GraphsyncDAGSyncer] addNode: Added node QmUDceeoEthHyy1TSscUbjPThqL416TNbTfKKKdqvjdweD on dagService 
[2026-09-03 14:21:23][debug][GraphsyncDAGSyncer] Block removed from LRU cache: CID QmUDceeoEthHyy1TSscUbjPThqL416TNbTfKKKdqvjdweD
[2026-09-03 14:21:23][debug][GraphsyncDAGSyncer] Return node for CID QmUDceeoEthHyy1TSscUbjPThqL416TNbTfKKKdqvjdweD instance=5108025416
[2026-09-03 14:21:24][info][CRDTCallbackManager] Executing callback for key '/cert/mint-v2:test:0000000000000000000000000000000000000000000000000000000000000000:42:f73154d4374b61d45325b70c8b9fcb1e8c5c0023fed1df60b24bc9da4d90c95f76fd7a1a685a1fb0c9aab0dd26fe2867140ff5fdde7e70ce4350b8264518f2ce:cccccccccccccccccccccccccccccccccccccccccccccccccccccccccccccccc' matching pattern '^/?cert/[^/]+'
[2026-09-03 14:21:24][debug][GraphsyncDAGSyncer] addNode: Added node QmUDceeoEthHyy1TSscUbjPThqL416TNbTfKKKdqvjdweD on dagService 
[2026-09-03 14:21:24][debug][GraphsyncDAGSyncer] Block removed from LRU cache: CID QmUDceeoEthHyy1TSscUbjPThqL416TNbTfKKKdqvjdweD
[2026-09-03 14:21:24][info][UTXOManager] Stored 1 UTXOs for address f73154d4374b61d45325b70c8b9fcb1e8c5c0023fed1df60b24bc9da4d90c95f76fd7a1a685a1fb0c9aab0dd26fe2867140ff5fdde7e70ce4350b8264518f2ce
[2026-09-03 14:21:24][info][UTXOManager] Stored 2 UTXOs for address f73154d4374b61d45325b70c8b9fcb1e8c5c0023fed1df60b24bc9da4d90c95f76fd7a1a685a1fb0c9aab0dd26fe2867140ff5fdde7e70ce4350b8264518f2ce
[2026-09-03 14:21:24][warning][TransactionManager] [f73154d4 - full: false] Mint-v2 5e9f81e5abe3c9d76c4ea9e51fd81466216027c4dc77122fe0929ecfa56d9129 did not consume every burn input (already consumed or missing); burn outpoint metadata may have been rebuilt with zero amount
[2026-09-03 14:21:24][info][TransactionManager] [f73154d4 - full: false] Created tokens (mint-v2), amount 42 balance 42
[2026-09-03 14:21:24][info][TransactionManager] [f73154d4 - full: false] ChangeTransactionState: Tracking entry confirmed tx=5e9f81e5abe3c9d76c4ea9e51fd81466216027c4dc77122fe0929ecfa56d9129
[2026-09-03 14:21:24][info][UTXOManager] Created checkpoint owner=f73154d4374b61d45325b70c8b9fcb1e8c5c0023fed1df60b24bc9da4d90c95f76fd7a1a685a1fb0c9aab0dd26fe2867140ff5fdde7e70ce4350b8264518f2ce epoch=1 utxo_count=1
[2026-09-03 14:21:24][info][UTXOManager] Stored 1 UTXOs for address f73154d4374b61d45325b70c8b9fcb1e8c5c0023fed1df60b24bc9da4d90c95f76fd7a1a685a1fb0c9aab0dd26fe2867140ff5fdde7e70ce4350b8264518f2ce
[2026-09-03 14:21:24][info][UTXOManager] Stored 2 UTXOs for address f73154d4374b61d45325b70c8b9fcb1e8c5c0023fed1df60b24bc9da4d90c95f76fd7a1a685a1fb0c9aab0dd26fe2867140ff5fdde7e70ce4350b8264518f2ce
[2026-09-03 14:21:24][warning][TransactionManager] [03dbedf2 - full: false] Mint-v2 5e9f81e5abe3c9d76c4ea9e51fd81466216027c4dc77122fe0929ecfa56d9129 did not consume every burn input (already consumed or missing); burn outpoint metadata may have been rebuilt with zero amount
[2026-09-03 14:21:24][info][TransactionManager] [03dbedf2 - full: false] Created tokens (mint-v2), amount 42 balance 0
[2026-09-03 14:21:24][info][TransactionManager] [03dbedf2 - full: false] ChangeTransactionState: Tracking entry confirmed tx=5e9f81e5abe3c9d76c4ea9e51fd81466216027c4dc77122fe0929ecfa56d9129
[2026-09-03 14:21:24][info][UTXOManager] Created checkpoint owner=03dbedf2fceaa47cede5900bdc2770d75bb0f3a81e88c1faec072548d049de111286eec205dd8dd6b6482e66c65fbb862fc15134f438e8a88026f1d82fdec93c epoch=1 utxo_count=0
[2026-09-03 14:21:24][info][UTXOManager] Stored 1 UTXOs for address f73154d4374b61d45325b70c8b9fcb1e8c5c0023fed1df60b24bc9da4d90c95f76fd7a1a685a1fb0c9aab0dd26fe2867140ff5fdde7e70ce4350b8264518f2ce
[2026-09-03 14:21:24][info][UTXOManager] Stored 2 UTXOs for address f73154d4374b61d45325b70c8b9fcb1e8c5c0023fed1df60b24bc9da4d90c95f76fd7a1a685a1fb0c9aab0dd26fe2867140ff5fdde7e70ce4350b8264518f2ce
[2026-09-03 14:21:24][warning][TransactionManager] [7096af0e - full: false] Mint-v2 5e9f81e5abe3c9d76c4ea9e51fd81466216027c4dc77122fe0929ecfa56d9129 did not consume every burn input (already consumed or missing); burn outpoint metadata may have been rebuilt with zero amount
[2026-09-03 14:21:24][info][TransactionManager] [7096af0e - full: false] Created tokens (mint-v2), amount 42 balance 0
[2026-09-03 14:21:24][info][TransactionManager] [7096af0e - full: false] ChangeTransactionState: Tracking entry confirmed tx=5e9f81e5abe3c9d76c4ea9e51fd81466216027c4dc77122fe0929ecfa56d9129
[2026-09-03 14:21:24][info][UTXOManager] Created checkpoint owner=7096af0e898f6d61e9e761753547de986f9292f5056430c6cc8cdbe9cd98b9706f2f85dd6f45928f1ef46efa3ce73a0b480fca52a78afd27989e41482d2201a3 epoch=1 utxo_count=0
[2026-09-03 14:21:24][info][CRDTCallbackManager] Successfully unregistered new data callback for pattern: '^/?/bc-144/tx/[^/]+'
[2026-09-03 14:21:24][info][CRDTCallbackManager] Successfully unregistered deleted data callback for pattern: '^/?/bc-144/tx/[^/]+'
[2026-09-03 14:21:24][info][CRDTCallbackManager] Successfully unregistered new data callback for pattern: '^/?/bc-963/tx/[^/]+'
[2026-09-03 14:21:24][info][CRDTCallbackManager] Successfully unregistered deleted data callback for pattern: '^/?/bc-963/tx/[^/]+'
[2026-09-03 14:21:24][info][CRDTCallbackManager] Successfully unregistered new data callback for pattern: '^/?/bc-369/tx/[^/]+'
[2026-09-03 14:21:24][info][CRDTCallbackManager] Successfully unregistered deleted data callback for pattern: '^/?/bc-369/tx/[^/]+'
[2026-09-03 14:21:24][info][TransactionManager] [f73154d4 - full: false] ~TransactionManager: Metrics — cert_fallback(success=0 failure=0) validation(approve=1 reject=0) tracking(insert=1 confirm=1 fail=0)
[2026-09-03 14:21:24][info][Blockchain] [f73154d4] Stopping blockchain
[2026-09-03 14:21:24][info][CRDTCallbackManager] Successfully unregistered new data callback for pattern: '/?gnus-genesis-block'
[2026-09-03 14:21:24][info][CRDTCallbackManager] Successfully unregistered new data callback for pattern: '/?gnus-account-creation-.*'
[2026-09-03 14:21:24][info][CRDTCallbackManager] Successfully unregistered new data callback for pattern: '/?gnus-validator-registry'
[2026-09-03 14:21:24][debug][GlobalDB] ~GlobalDB CALLED with count 6 on multi_node_finality_fault/restart-vote-validator-one/rocksdb 
[2026-09-03 14:21:24][info][GlobalDB] GlobalDB shutdown start
[2026-09-03 14:21:24][info][CrdtDatastore] CancelAndCloseNow: begin (pending_jobs=1, self_queue=0, root_queue=0, pending_roots=0, active_root=false)
[2026-09-03 14:21:24][debug][GraphsyncDAGSyncer] Stopping Dagsyncer
[2026-09-03 14:21:24][debug][GraphsyncDAGSyncer] Dagsyncer Stopped
[2026-09-03 14:21:24.475716000][th:1236781][error] graphsync Varint Error msg=Stream: closed by remote peer
[2026-09-03 14:21:24.475720000][th:1236781][info] graphsync stream read error, peer=jYTV4Z, msg=stream is not readable
[2026-09-03 14:21:24.475775000][th:1236998][error] graphsync Varint Error msg=Stream: closed by this host
[2026-09-03 14:21:24][info][CrdtDatastore] CancelAndCloseNow: CRDT workers stopped
[2026-09-03 14:21:24][warning][CrdtDatastore] CancelAndCloseNow called but shutdown has already started
[2026-09-03 14:21:24][debug][GraphsyncDAGSyncer] ~GraphsyncDAGSyncer CALLED
[2026-09-03 14:21:24][info][GlobalDB] GlobalDB shutdown finished
[2026-09-03 14:21:24.825890000][th:1236998][error] GossipPubSub Address monitoring timer error: Operation canceled
[2026-09-03 14:21:25][info][KeyPairFileStorage] Path to keypairs multi_node_finality_fault/restart-vote-validator-one/keypair
[2026-09-03 14:21:25][info][KeyPairFileStorage] Peer ID from public key: 12D3KooWSgSFBeJs1r1p4HLzy739HcQKVY7sZHLyLUoAcXjYTV4Z
Current limits: 16384 (soft), 9223372036854775807 (hard)
New limits set successfully: 16384 (soft), 9223372036854775807 (hard)
Initialized relay addresses
[2026-09-03 14:21:25.836375000][th:1236724][info] GossipPubSub /ip4/0.0.0.0/tcp/54601/p2p/12D3KooWSgSFBeJs1r1p4HLzy739HcQKVY7sZHLyLUoAcXjYTV4Z: Starting PubSub service
[2026-09-03 14:21:25.836598000][th:1237150][info] GossipPubSub Starting address monitoring system for mobile network changes
[2026-09-03 14:21:25.836605000][th:1237150][info] GossipPubSub === CURRENT NETWORK STATE ===
[2026-09-03 14:21:25.836623000][th:1237150][info] GossipPubSub Primary listening address: /ip4/0.0.0.0/tcp/54601/p2p/12D3KooWSgSFBeJs1r1p4HLzy739HcQKVY7sZHLyLUoAcXjYTV4Z
[2026-09-03 14:21:25.836626000][th:1237150][info] GossipPubSub Host peer info addresses (0):
[2026-09-03 14:21:25.836627000][th:1237150][info] GossipPubSub Additional addresses we track (0):
[2026-09-03 14:21:25.836628000][th:1237150][info] GossipPubSub Listening addresses (1):
[2026-09-03 14:21:25.836630000][th:1237150][info] GossipPubSub   -> /ip4/0.0.0.0/tcp/54601/p2p/12D3KooWSgSFBeJs1r1p4HLzy739HcQKVY7sZHLyLUoAcXjYTV4Z
[2026-09-03 14:21:25.836631000][th:1237150][info] GossipPubSub Interface addresses (0):
[2026-09-03 14:21:25.836632000][th:1237150][info] GossipPubSub === RAW OBSERVED ADDRESS DEBUG ===
[2026-09-03 14:21:25.836635000][th:1237150][info] GossipPubSub Local address: /ip4/0.0.0.0/tcp/54601/p2p/12D3KooWSgSFBeJs1r1p4HLzy739HcQKVY7sZHLyLUoAcXjYTV4Z -> 0 raw observed, 0 activated+confirmed
[2026-09-03 14:21:25.836637000][th:1237150][info] GossipPubSub TOTAL: 0 raw observed addresses, 0 activated+confirmed addresses
[2026-09-03 14:21:25.836637000][th:1237150][info] GossipPubSub === END RAW OBSERVED ADDRESS DEBUG ===
[2026-09-03 14:21:25.836638000][th:1237150][info] GossipPubSub Observed addresses - all (0):
[2026-09-03 14:21:25.836640000][th:1237150][info] GossipPubSub Observed addresses - confirmed only (0):
[2026-09-03 14:21:25.836641000][th:1237150][info] GossipPubSub Relay addresses (0):
[2026-09-03 14:21:25.836646000][th:1237150][warning] GossipPubSub Failed to get addresses from peer repository: not found
[2026-09-03 14:21:25.836745000][th:1237150][info] GossipPubSub Found 1 valid network interfaces
[2026-09-03 14:21:25.836752000][th:1237150][info] GossipPubSub Current network interfaces (1):
[2026-09-03 14:21:25.836753000][th:1237150][info] GossipPubSub   -> 192.168.1.6
[2026-09-03 14:21:25.836756000][th:1237150][info] GossipPubSub Active connections: 0
[2026-09-03 14:21:25.836756000][th:1237150][info] GossipPubSub === PEER CONNECTION DETAILS ===
[2026-09-03 14:21:25.836758000][th:1237150][info] GossipPubSub NOTE: Observed addresses need to be seen by 4+ different peer groups to become 'activated'
[2026-09-03 14:21:25.836759000][th:1237150][info] GossipPubSub NOTE: Current connections: 0, so max possible observers: 0
[2026-09-03 14:21:25.836760000][th:1237150][info] GossipPubSub === END PEER CONNECTION DETAILS ===
[2026-09-03 14:21:25.836761000][th:1237150][info] GossipPubSub Connection manager stats:
[2026-09-03 14:21:25.836762000][th:1237150][info] GossipPubSub   -> Max connections: 1000
[2026-09-03 14:21:25.836763000][th:1237150][info] GossipPubSub   -> Current connections: 0
[2026-09-03 14:21:25.836766000][th:1237150][info] GossipPubSub === END NETWORK STATE ===
[2026-09-03 14:21:25.837148000][th:1237150][info] GossipPubSub /ip4/0.0.0.0/tcp/54601/p2p/12D3KooWSgSFBeJs1r1p4HLzy739HcQKVY7sZHLyLUoAcXjYTV4Z : PubSub service started
[2026-09-03 14:21:25][info][GlobalDB] Opening database /Users/henriqueklein/gnus/SuperGenius/multi_node_finality_fault/restart-vote-validator-one/rocksdb
[2026-09-03 14:21:25][debug][GraphsyncDAGSyncer] GraphSyncer created 4581286136 
[2026-09-03 14:21:25][info][CrdtDatastore] crdt Datastore created. Number of heads: 2 Current max-height: 18446744073709551615
[2026-09-03 14:21:25][info][GeniusAccount] Secure storage ID path: /Users/henriqueklein/gnus/SuperGenius/multi_node_finality_fault/restart-vote-validator-one/account/secure_storage_id
[2026-09-03 14:21:25][info][GeniusAccount] Loaded public key from file: f73154d4374b61d4... (length: 128)
[2026-09-03 14:21:25][info][GeniusAccount] Successfully loaded key_seed from storage
[2026-09-03 14:21:25][info][GeniusAccount] Validation successful: key_seed matches stored public key
[2026-09-03 14:21:25][warning][UTXOManager] Skipping malformed UTXO key /utxo-checkpoint/f73154d4374b61d45325b70c8b9fcb1e8c5c0023fed1df60b24bc9da4d90c95f76fd7a1a685a1fb0c9aab0dd26fe2867140ff5fdde7e70ce4350b8264518f2ce/1
[2026-09-03 14:21:25][warning][UTXOManager] Skipping malformed UTXO key /utxo-checkpoint/f73154d4374b61d45325b70c8b9fcb1e8c5c0023fed1df60b24bc9da4d90c95f76fd7a1a685a1fb0c9aab0dd26fe2867140ff5fdde7e70ce4350b8264518f2ce/latest
[2026-09-03 14:21:25][info][Blockchain] [f73154d4] Blockchain instance created with authorized full node: 8a33bdf1
[2026-09-03 14:21:25][info][ValidatorRegistry] InitializeCache: cache initialized with CID QmbdbwR7qTcSt98XDD5UWgcCWdSn8TbuWKLj76iUAZuBUv
[2026-09-03 14:21:25][info][CRDTCallbackManager] Successfully registered new data callback for pattern: '/?gnus-validator-registry'
[2026-09-03 14:21:25][info][ValidatorRegistry] RegisterFilter: result=true
[2026-09-03 14:21:25][info][ValidatorRegistry] New: instance ready
[2026-09-03 14:21:25.865389000][th:1237150][info] GossipPubSub /ip4/0.0.0.0/tcp/54601/p2p/12D3KooWSgSFBeJs1r1p4HLzy739HcQKVY7sZHLyLUoAcXjYTV4Z: PubSub subscribed to topic 'gnus-validator-registry.3.7.144'
[2026-09-03 14:21:25][info][CRDTCallbackManager] Successfully registered new data callback for pattern: '^/?cert/[^/]+'
[2026-09-03 14:21:25.865518000][th:1237150][info] GossipPubSub /ip4/0.0.0.0/tcp/54601/p2p/12D3KooWSgSFBeJs1r1p4HLzy739HcQKVY7sZHLyLUoAcXjYTV4Z: PubSub subscribed to topic 'consensus-channel-.3.7.144'
[2026-09-03 14:21:25][info][CRDTCallbackManager] Successfully registered new data callback for pattern: '/?gnus-genesis-block'
[2026-09-03 14:21:25][info][CRDTCallbackManager] Successfully registered new data callback for pattern: '/?gnus-account-creation-.*'
[2026-09-03 14:21:25.865558000][th:1237150][info] GossipPubSub /ip4/0.0.0.0/tcp/54601/p2p/12D3KooWSgSFBeJs1r1p4HLzy739HcQKVY7sZHLyLUoAcXjYTV4Z: PubSub subscribed to topic 'consensus-channel-.3.7.144#datastore.3.7.144'
[2026-09-03 14:21:25][info][CRDTCallbackManager] Successfully registered new data callback for pattern: '^/?/bc-144/tx/[^/]+'
[2026-09-03 14:21:25][info][CRDTCallbackManager] Successfully registered deleted data callback for pattern: '^/?/bc-144/tx/[^/]+'
[2026-09-03 14:21:25][info][CRDTCallbackManager] Successfully registered new data callback for pattern: '^/?/bc-963/tx/[^/]+'
[2026-09-03 14:21:25][info][CRDTCallbackManager] Successfully registered deleted data callback for pattern: '^/?/bc-963/tx/[^/]+'
[2026-09-03 14:21:25][info][CRDTCallbackManager] Successfully registered new data callback for pattern: '^/?/bc-369/tx/[^/]+'
[2026-09-03 14:21:25][info][CRDTCallbackManager] Successfully registered deleted data callback for pattern: '^/?/bc-369/tx/[^/]+'
[2026-09-03 14:21:25][info][CRDTCallbackManager] Successfully unregistered new data callback for pattern: '^/?/bc-144/tx/[^/]+'
[2026-09-03 14:21:25][info][CRDTCallbackManager] Successfully unregistered deleted data callback for pattern: '^/?/bc-144/tx/[^/]+'
[2026-09-03 14:21:25][info][CRDTCallbackManager] Successfully unregistered new data callback for pattern: '^/?/bc-963/tx/[^/]+'
[2026-09-03 14:21:25][info][CRDTCallbackManager] Successfully unregistered deleted data callback for pattern: '^/?/bc-963/tx/[^/]+'
[2026-09-03 14:21:25][info][CRDTCallbackManager] Successfully unregistered new data callback for pattern: '^/?/bc-369/tx/[^/]+'
[2026-09-03 14:21:25][info][CRDTCallbackManager] Successfully unregistered deleted data callback for pattern: '^/?/bc-369/tx/[^/]+'
[2026-09-03 14:21:25][info][TransactionManager] [050eb45a - full: false] ~TransactionManager: Metrics — cert_fallback(success=0 failure=0) validation(approve=1 reject=0) tracking(insert=1 confirm=1 fail=0)
[2026-09-03 14:21:25][info][Blockchain] [050eb45a] Stopping blockchain
[2026-09-03 14:21:25][info][CRDTCallbackManager] Successfully unregistered new data callback for pattern: '/?gnus-genesis-block'
[2026-09-03 14:21:25][info][CRDTCallbackManager] Successfully unregistered new data callback for pattern: '/?gnus-account-creation-.*'
[2026-09-03 14:21:25][info][CRDTCallbackManager] Successfully unregistered new data callback for pattern: '/?gnus-validator-registry'
[2026-09-03 14:21:25][debug][GlobalDB] ~GlobalDB CALLED with count 6 on multi_node_finality_fault/restart-vote-validator-two/rocksdb 
[2026-09-03 14:21:25][info][GlobalDB] GlobalDB shutdown start
[2026-09-03 14:21:25][info][CrdtDatastore] CancelAndCloseNow: begin (pending_jobs=0, self_queue=0, root_queue=0, pending_roots=0, active_root=false)
[2026-09-03 14:21:25][debug][GraphsyncDAGSyncer] Stopping Dagsyncer
[2026-09-03 14:21:25][debug][GraphsyncDAGSyncer] Dagsyncer Stopped
[2026-09-03 14:21:25.866068000][th:1236816][error] graphsync Varint Error msg=Stream: closed by remote peer
[2026-09-03 14:21:25.866075000][th:1236816][info] graphsync stream read error, peer=q7NZ6j, msg=stream is not readable
[2026-09-03 14:21:25.866075000][th:1236851][error] graphsync Varint Error msg=Stream: closed by remote peer
[2026-09-03 14:21:25.866085000][th:1236851][info] graphsync stream read error, peer=q7NZ6j, msg=stream is not readable
[2026-09-03 14:21:25.866171000][th:1236781][error] graphsync Varint Error msg=Stream: closed by this host
[2026-09-03 14:21:25.866191000][th:1236781][error] graphsync Varint Error msg=Stream: closed by this host
[2026-09-03 14:21:25][info][CrdtDatastore] CancelAndCloseNow: CRDT workers stopped
[2026-09-03 14:21:25][warning][CrdtDatastore] CancelAndCloseNow called but shutdown has already started
[2026-09-03 14:21:25][debug][GraphsyncDAGSyncer] ~GraphsyncDAGSyncer CALLED
[2026-09-03 14:21:25][info][GlobalDB] GlobalDB shutdown finished
[2026-09-03 14:21:25.877828000][th:1236781][error] GossipPubSub Address monitoring timer error: Operation canceled
[2026-09-03 14:21:26][info][KeyPairFileStorage] Path to keypairs multi_node_finality_fault/restart-vote-validator-two/keypair
[2026-09-03 14:21:26][info][KeyPairFileStorage] Peer ID from public key: 12D3KooWQNqsgaEt63vrrdFZ8nJigfLLxfcHw1a7hJqrUNq7NZ6j
Current limits: 16384 (soft), 9223372036854775807 (hard)
New limits set successfully: 16384 (soft), 9223372036854775807 (hard)
Initialized relay addresses
[2026-09-03 14:21:26.885259000][th:1236724][info] GossipPubSub /ip4/0.0.0.0/tcp/54602/p2p/12D3KooWQNqsgaEt63vrrdFZ8nJigfLLxfcHw1a7hJqrUNq7NZ6j: Starting PubSub service
[2026-09-03 14:21:26.885313000][th:1237211][info] GossipPubSub Starting address monitoring system for mobile network changes
[2026-09-03 14:21:26.885314000][th:1237211][info] GossipPubSub === CURRENT NETWORK STATE ===
[2026-09-03 14:21:26.885320000][th:1237211][info] GossipPubSub Primary listening address: /ip4/0.0.0.0/tcp/54602/p2p/12D3KooWQNqsgaEt63vrrdFZ8nJigfLLxfcHw1a7hJqrUNq7NZ6j
[2026-09-03 14:21:26.885322000][th:1237211][info] GossipPubSub Host peer info addresses (0):
[2026-09-03 14:21:26.885322000][th:1237211][info] GossipPubSub Additional addresses we track (0):
[2026-09-03 14:21:26.885323000][th:1237211][info] GossipPubSub Listening addresses (1):
[2026-09-03 14:21:26.885330000][th:1237211][info] GossipPubSub   -> /ip4/0.0.0.0/tcp/54602/p2p/12D3KooWQNqsgaEt63vrrdFZ8nJigfLLxfcHw1a7hJqrUNq7NZ6j
[2026-09-03 14:21:26.885334000][th:1237211][info] GossipPubSub Interface addresses (0):
[2026-09-03 14:21:26.885334000][th:1237211][info] GossipPubSub === RAW OBSERVED ADDRESS DEBUG ===
[2026-09-03 14:21:26.885337000][th:1237211][info] GossipPubSub Local address: /ip4/0.0.0.0/tcp/54602/p2p/12D3KooWQNqsgaEt63vrrdFZ8nJigfLLxfcHw1a7hJqrUNq7NZ6j -> 0 raw observed, 0 activated+confirmed
[2026-09-03 14:21:26.885338000][th:1237211][info] GossipPubSub TOTAL: 0 raw observed addresses, 0 activated+confirmed addresses
[2026-09-03 14:21:26.885338000][th:1237211][info] GossipPubSub === END RAW OBSERVED ADDRESS DEBUG ===
[2026-09-03 14:21:26.885339000][th:1237211][info] GossipPubSub Observed addresses - all (0):
[2026-09-03 14:21:26.885340000][th:1237211][info] GossipPubSub Observed addresses - confirmed only (0):
[2026-09-03 14:21:26.885340000][th:1237211][info] GossipPubSub Relay addresses (0):
[2026-09-03 14:21:26.885341000][th:1237211][warning] GossipPubSub Failed to get addresses from peer repository: not found
[2026-09-03 14:21:26.885370000][th:1237211][info] GossipPubSub Found 1 valid network interfaces
[2026-09-03 14:21:26.885371000][th:1237211][info] GossipPubSub Current network interfaces (1):
[2026-09-03 14:21:26.885371000][th:1237211][info] GossipPubSub   -> 192.168.1.6
[2026-09-03 14:21:26.885372000][th:1237211][info] GossipPubSub Active connections: 0
[2026-09-03 14:21:26.885373000][th:1237211][info] GossipPubSub === PEER CONNECTION DETAILS ===
[2026-09-03 14:21:26.885373000][th:1237211][info] GossipPubSub NOTE: Observed addresses need to be seen by 4+ different peer groups to become 'activated'
[2026-09-03 14:21:26.885374000][th:1237211][info] GossipPubSub NOTE: Current connections: 0, so max possible observers: 0
[2026-09-03 14:21:26.885374000][th:1237211][info] GossipPubSub === END PEER CONNECTION DETAILS ===
[2026-09-03 14:21:26.885375000][th:1237211][info] GossipPubSub Connection manager stats:
[2026-09-03 14:21:26.885376000][th:1237211][info] GossipPubSub   -> Max connections: 1000
[2026-09-03 14:21:26.885377000][th:1237211][info] GossipPubSub   -> Current connections: 0
[2026-09-03 14:21:26.885377000][th:1237211][info] GossipPubSub === END NETWORK STATE ===
[2026-09-03 14:21:26.885478000][th:1237211][info] GossipPubSub /ip4/0.0.0.0/tcp/54602/p2p/12D3KooWQNqsgaEt63vrrdFZ8nJigfLLxfcHw1a7hJqrUNq7NZ6j : PubSub service started
[2026-09-03 14:21:26][info][GlobalDB] Opening database /Users/henriqueklein/gnus/SuperGenius/multi_node_finality_fault/restart-vote-validator-two/rocksdb
[2026-09-03 14:21:26][debug][GraphsyncDAGSyncer] GraphSyncer created 5108071096 
[2026-09-03 14:21:26][info][CrdtDatastore] crdt Datastore created. Number of heads: 2 Current max-height: 18446744073709551615
[2026-09-03 14:21:26][info][GeniusAccount] Secure storage ID path: /Users/henriqueklein/gnus/SuperGenius/multi_node_finality_fault/restart-vote-validator-two/account/secure_storage_id
[2026-09-03 14:21:26][info][GeniusAccount] Loaded public key from file: 050eb45acec190ad... (length: 128)
[2026-09-03 14:21:26][info][GeniusAccount] Successfully loaded key_seed from storage
[2026-09-03 14:21:26][info][GeniusAccount] Validation successful: key_seed matches stored public key
[2026-09-03 14:21:26][warning][UTXOManager] Skipping malformed UTXO key /utxo-checkpoint/050eb45acec190ad53ce46208baa5283b31d37723077022f107becdf46bb26a8fd88c2138ce90d5b8d8745c8a12e23b3848a7cf14f192e223681854458df5f30/1
[2026-09-03 14:21:26][warning][UTXOManager] Skipping malformed UTXO key /utxo-checkpoint/050eb45acec190ad53ce46208baa5283b31d37723077022f107becdf46bb26a8fd88c2138ce90d5b8d8745c8a12e23b3848a7cf14f192e223681854458df5f30/latest
[2026-09-03 14:21:26][info][Blockchain] [050eb45a] Blockchain instance created with authorized full node: 8a33bdf1
[2026-09-03 14:21:26][info][ValidatorRegistry] InitializeCache: cache initialized with CID QmbdbwR7qTcSt98XDD5UWgcCWdSn8TbuWKLj76iUAZuBUv
[2026-09-03 14:21:26][info][CRDTCallbackManager] Successfully registered new data callback for pattern: '/?gnus-validator-registry'
[2026-09-03 14:21:26][info][ValidatorRegistry] RegisterFilter: result=true
[2026-09-03 14:21:26][info][ValidatorRegistry] New: instance ready
[2026-09-03 14:21:26.909510000][th:1237211][info] GossipPubSub /ip4/0.0.0.0/tcp/54602/p2p/12D3KooWQNqsgaEt63vrrdFZ8nJigfLLxfcHw1a7hJqrUNq7NZ6j: PubSub subscribed to topic 'gnus-validator-registry.3.7.144'
[2026-09-03 14:21:26][info][CRDTCallbackManager] Successfully registered new data callback for pattern: '^/?cert/[^/]+'
[2026-09-03 14:21:26.909528000][th:1237211][info] GossipPubSub /ip4/0.0.0.0/tcp/54602/p2p/12D3KooWQNqsgaEt63vrrdFZ8nJigfLLxfcHw1a7hJqrUNq7NZ6j: PubSub subscribed to topic 'consensus-channel-.3.7.144'
[2026-09-03 14:21:26.909544000][th:1237211][info] GossipPubSub /ip4/0.0.0.0/tcp/54602/p2p/12D3KooWQNqsgaEt63vrrdFZ8nJigfLLxfcHw1a7hJqrUNq7NZ6j: PubSub subscribed to topic 'consensus-channel-.3.7.144#datastore.3.7.144'
[2026-09-03 14:21:26][info][CRDTCallbackManager] Successfully registered new data callback for pattern: '/?gnus-genesis-block'
[2026-09-03 14:21:26][info][CRDTCallbackManager] Successfully registered new data callback for pattern: '/?gnus-account-creation-.*'
[2026-09-03 14:21:26][info][CRDTCallbackManager] Successfully registered new data callback for pattern: '^/?/bc-144/tx/[^/]+'
[2026-09-03 14:21:26][info][CRDTCallbackManager] Successfully registered deleted data callback for pattern: '^/?/bc-144/tx/[^/]+'
[2026-09-03 14:21:26][info][CRDTCallbackManager] Successfully registered new data callback for pattern: '^/?/bc-963/tx/[^/]+'
[2026-09-03 14:21:26][info][CRDTCallbackManager] Successfully registered deleted data callback for pattern: '^/?/bc-963/tx/[^/]+'
[2026-09-03 14:21:26][info][CRDTCallbackManager] Successfully registered new data callback for pattern: '^/?/bc-369/tx/[^/]+'
[2026-09-03 14:21:26][info][CRDTCallbackManager] Successfully registered deleted data callback for pattern: '^/?/bc-369/tx/[^/]+'
[2026-09-03 14:21:26][info][CRDTCallbackManager] Successfully unregistered new data callback for pattern: '^/?/bc-144/tx/[^/]+'
[2026-09-03 14:21:26][info][CRDTCallbackManager] Successfully unregistered deleted data callback for pattern: '^/?/bc-144/tx/[^/]+'
[2026-09-03 14:21:26][info][CRDTCallbackManager] Successfully unregistered new data callback for pattern: '^/?/bc-963/tx/[^/]+'
[2026-09-03 14:21:26][info][CRDTCallbackManager] Successfully unregistered deleted data callback for pattern: '^/?/bc-963/tx/[^/]+'
[2026-09-03 14:21:26][info][CRDTCallbackManager] Successfully unregistered new data callback for pattern: '^/?/bc-369/tx/[^/]+'
[2026-09-03 14:21:26][info][CRDTCallbackManager] Successfully unregistered deleted data callback for pattern: '^/?/bc-369/tx/[^/]+'
[2026-09-03 14:21:26][info][TransactionManager] [03dbedf2 - full: false] ~TransactionManager: Metrics — cert_fallback(success=0 failure=0) validation(approve=1 reject=0) tracking(insert=1 confirm=1 fail=0)
[2026-09-03 14:21:26][info][Blockchain] [03dbedf2] Stopping blockchain
[2026-09-03 14:21:26][info][CRDTCallbackManager] Successfully unregistered new data callback for pattern: '/?gnus-genesis-block'
[2026-09-03 14:21:26][info][CRDTCallbackManager] Successfully unregistered new data callback for pattern: '/?gnus-account-creation-.*'
[2026-09-03 14:21:26][info][CRDTCallbackManager] Successfully unregistered new data callback for pattern: '/?gnus-validator-registry'
[2026-09-03 14:21:26][debug][GlobalDB] ~GlobalDB CALLED with count 6 on multi_node_finality_fault/restart-vote-validator-three/rocksdb 
[2026-09-03 14:21:26][info][GlobalDB] GlobalDB shutdown start
[2026-09-03 14:21:26][info][CrdtDatastore] CancelAndCloseNow: begin (pending_jobs=1, self_queue=0, root_queue=0, pending_roots=0, active_root=false)
[2026-09-03 14:21:26][debug][GraphsyncDAGSyncer] Stopping Dagsyncer
[2026-09-03 14:21:26][debug][GraphsyncDAGSyncer] Dagsyncer Stopped
[2026-09-03 14:21:27][info][CrdtDatastore] CancelAndCloseNow: CRDT workers stopped
[2026-09-03 14:21:27][warning][CrdtDatastore] CancelAndCloseNow called but shutdown has already started
[2026-09-03 14:21:27][debug][GraphsyncDAGSyncer] ~GraphsyncDAGSyncer CALLED
[2026-09-03 14:21:27][info][GlobalDB] GlobalDB shutdown finished
[2026-09-03 14:21:27.413709000][th:1236816][error] GossipPubSub Address monitoring timer error: Operation canceled
[2026-09-03 14:21:28][info][KeyPairFileStorage] Path to keypairs multi_node_finality_fault/restart-vote-validator-three/keypair
[2026-09-03 14:21:28][info][KeyPairFileStorage] Peer ID from public key: 12D3KooWGGMyiMXhtqKMD1bNNzvzw1eemoGF33cMTpdEhAG3q6Pj
Current limits: 16384 (soft), 9223372036854775807 (hard)
New limits set successfully: 16384 (soft), 9223372036854775807 (hard)
Initialized relay addresses
[2026-09-03 14:21:28.426690000][th:1236724][info] GossipPubSub /ip4/0.0.0.0/tcp/54603/p2p/12D3KooWGGMyiMXhtqKMD1bNNzvzw1eemoGF33cMTpdEhAG3q6Pj: Starting PubSub service
[2026-09-03 14:21:28.426911000][th:1237263][info] GossipPubSub Starting address monitoring system for mobile network changes
[2026-09-03 14:21:28.426920000][th:1237263][info] GossipPubSub === CURRENT NETWORK STATE ===
[2026-09-03 14:21:28.426939000][th:1237263][info] GossipPubSub Primary listening address: /ip4/0.0.0.0/tcp/54603/p2p/12D3KooWGGMyiMXhtqKMD1bNNzvzw1eemoGF33cMTpdEhAG3q6Pj
[2026-09-03 14:21:28.426941000][th:1237263][info] GossipPubSub Host peer info addresses (0):
[2026-09-03 14:21:28.426943000][th:1237263][info] GossipPubSub Additional addresses we track (0):
[2026-09-03 14:21:28.426945000][th:1237263][info] GossipPubSub Listening addresses (1):
[2026-09-03 14:21:28.426946000][th:1237263][info] GossipPubSub   -> /ip4/0.0.0.0/tcp/54603/p2p/12D3KooWGGMyiMXhtqKMD1bNNzvzw1eemoGF33cMTpdEhAG3q6Pj
[2026-09-03 14:21:28.426947000][th:1237263][info] GossipPubSub Interface addresses (0):
[2026-09-03 14:21:28.426948000][th:1237263][info] GossipPubSub === RAW OBSERVED ADDRESS DEBUG ===
[2026-09-03 14:21:28.426952000][th:1237263][info] GossipPubSub Local address: /ip4/0.0.0.0/tcp/54603/p2p/12D3KooWGGMyiMXhtqKMD1bNNzvzw1eemoGF33cMTpdEhAG3q6Pj -> 0 raw observed, 0 activated+confirmed
[2026-09-03 14:21:28.426954000][th:1237263][info] GossipPubSub TOTAL: 0 raw observed addresses, 0 activated+confirmed addresses
[2026-09-03 14:21:28.426955000][th:1237263][info] GossipPubSub === END RAW OBSERVED ADDRESS DEBUG ===
[2026-09-03 14:21:28.426956000][th:1237263][info] GossipPubSub Observed addresses - all (0):
[2026-09-03 14:21:28.426957000][th:1237263][info] GossipPubSub Observed addresses - confirmed only (0):
[2026-09-03 14:21:28.426958000][th:1237263][info] GossipPubSub Relay addresses (0):
[2026-09-03 14:21:28.426962000][th:1237263][warning] GossipPubSub Failed to get addresses from peer repository: not found
[2026-09-03 14:21:28.427059000][th:1237263][info] GossipPubSub Found 1 valid network interfaces
[2026-09-03 14:21:28.427066000][th:1237263][info] GossipPubSub Current network interfaces (1):
[2026-09-03 14:21:28.427067000][th:1237263][info] GossipPubSub   -> 192.168.1.6
[2026-09-03 14:21:28.427069000][th:1237263][info] GossipPubSub Active connections: 0
[2026-09-03 14:21:28.427070000][th:1237263][info] GossipPubSub === PEER CONNECTION DETAILS ===
[2026-09-03 14:21:28.427071000][th:1237263][info] GossipPubSub NOTE: Observed addresses need to be seen by 4+ different peer groups to become 'activated'
[2026-09-03 14:21:28.427073000][th:1237263][info] GossipPubSub NOTE: Current connections: 0, so max possible observers: 0
[2026-09-03 14:21:28.427074000][th:1237263][info] GossipPubSub === END PEER CONNECTION DETAILS ===
[2026-09-03 14:21:28.427075000][th:1237263][info] GossipPubSub Connection manager stats:
[2026-09-03 14:21:28.427087000][th:1237263][info] GossipPubSub   -> Max connections: 1000
[2026-09-03 14:21:28.427088000][th:1237263][info] GossipPubSub   -> Current connections: 0
[2026-09-03 14:21:28.427089000][th:1237263][info] GossipPubSub === END NETWORK STATE ===
[2026-09-03 14:21:28.427495000][th:1237263][info] GossipPubSub /ip4/0.0.0.0/tcp/54603/p2p/12D3KooWGGMyiMXhtqKMD1bNNzvzw1eemoGF33cMTpdEhAG3q6Pj : PubSub service started
[2026-09-03 14:21:28][info][GlobalDB] Opening database /Users/henriqueklein/gnus/SuperGenius/multi_node_finality_fault/restart-vote-validator-three/rocksdb
[2026-09-03 14:21:28][debug][GraphsyncDAGSyncer] GraphSyncer created 4580203016 
[2026-09-03 14:21:28][info][CrdtDatastore] crdt Datastore created. Number of heads: 2 Current max-height: 18446744073709551615
[2026-09-03 14:21:28][info][GeniusAccount] Secure storage ID path: /Users/henriqueklein/gnus/SuperGenius/multi_node_finality_fault/restart-vote-validator-three/account/secure_storage_id
[2026-09-03 14:21:28][info][GeniusAccount] Loaded public key from file: 03dbedf2fceaa47c... (length: 128)
[2026-09-03 14:21:28][info][GeniusAccount] Successfully loaded key_seed from storage
[2026-09-03 14:21:28][info][GeniusAccount] Validation successful: key_seed matches stored public key
[2026-09-03 14:21:28][warning][UTXOManager] Skipping malformed UTXO key /utxo-checkpoint/03dbedf2fceaa47cede5900bdc2770d75bb0f3a81e88c1faec072548d049de111286eec205dd8dd6b6482e66c65fbb862fc15134f438e8a88026f1d82fdec93c/1
[2026-09-03 14:21:28][warning][UTXOManager] Skipping malformed UTXO key /utxo-checkpoint/03dbedf2fceaa47cede5900bdc2770d75bb0f3a81e88c1faec072548d049de111286eec205dd8dd6b6482e66c65fbb862fc15134f438e8a88026f1d82fdec93c/latest
[2026-09-03 14:21:28][info][Blockchain] [03dbedf2] Blockchain instance created with authorized full node: 8a33bdf1
[2026-09-03 14:21:28][info][ValidatorRegistry] InitializeCache: cache initialized with CID QmbdbwR7qTcSt98XDD5UWgcCWdSn8TbuWKLj76iUAZuBUv
[2026-09-03 14:21:28][info][CRDTCallbackManager] Successfully registered new data callback for pattern: '/?gnus-validator-registry'
[2026-09-03 14:21:28][info][ValidatorRegistry] RegisterFilter: result=true
[2026-09-03 14:21:28][info][ValidatorRegistry] New: instance ready
[2026-09-03 14:21:28.453792000][th:1237263][info] GossipPubSub /ip4/0.0.0.0/tcp/54603/p2p/12D3KooWGGMyiMXhtqKMD1bNNzvzw1eemoGF33cMTpdEhAG3q6Pj: PubSub subscribed to topic 'gnus-validator-registry.3.7.144'
[2026-09-03 14:21:28.453831000][th:1237263][info] GossipPubSub /ip4/0.0.0.0/tcp/54603/p2p/12D3KooWGGMyiMXhtqKMD1bNNzvzw1eemoGF33cMTpdEhAG3q6Pj: PubSub subscribed to topic 'consensus-channel-.3.7.144'
[2026-09-03 14:21:28][info][CRDTCallbackManager] Successfully registered new data callback for pattern: '^/?cert/[^/]+'
[2026-09-03 14:21:28.453878000][th:1237263][info] GossipPubSub /ip4/0.0.0.0/tcp/54603/p2p/12D3KooWGGMyiMXhtqKMD1bNNzvzw1eemoGF33cMTpdEhAG3q6Pj: PubSub subscribed to topic 'consensus-channel-.3.7.144#datastore.3.7.144'
[2026-09-03 14:21:28][info][CRDTCallbackManager] Successfully registered new data callback for pattern: '/?gnus-genesis-block'
[2026-09-03 14:21:28][info][CRDTCallbackManager] Successfully registered new data callback for pattern: '/?gnus-account-creation-.*'
[2026-09-03 14:21:28][info][CRDTCallbackManager] Successfully registered new data callback for pattern: '^/?/bc-144/tx/[^/]+'
[2026-09-03 14:21:28][info][CRDTCallbackManager] Successfully registered deleted data callback for pattern: '^/?/bc-144/tx/[^/]+'
[2026-09-03 14:21:28][info][CRDTCallbackManager] Successfully registered new data callback for pattern: '^/?/bc-963/tx/[^/]+'
[2026-09-03 14:21:28][info][CRDTCallbackManager] Successfully registered deleted data callback for pattern: '^/?/bc-963/tx/[^/]+'
[2026-09-03 14:21:28][info][CRDTCallbackManager] Successfully registered new data callback for pattern: '^/?/bc-369/tx/[^/]+'
[2026-09-03 14:21:28][info][CRDTCallbackManager] Successfully registered deleted data callback for pattern: '^/?/bc-369/tx/[^/]+'
[2026-09-03 14:21:28][info][CRDTCallbackManager] Successfully unregistered new data callback for pattern: '^/?/bc-144/tx/[^/]+'
[2026-09-03 14:21:28][info][CRDTCallbackManager] Successfully unregistered deleted data callback for pattern: '^/?/bc-144/tx/[^/]+'
[2026-09-03 14:21:28][info][CRDTCallbackManager] Successfully unregistered new data callback for pattern: '^/?/bc-963/tx/[^/]+'
[2026-09-03 14:21:28][info][CRDTCallbackManager] Successfully unregistered deleted data callback for pattern: '^/?/bc-963/tx/[^/]+'
[2026-09-03 14:21:28][info][CRDTCallbackManager] Successfully unregistered new data callback for pattern: '^/?/bc-369/tx/[^/]+'
[2026-09-03 14:21:28][info][CRDTCallbackManager] Successfully unregistered deleted data callback for pattern: '^/?/bc-369/tx/[^/]+'
[2026-09-03 14:21:28][info][TransactionManager] [7096af0e - full: false] ~TransactionManager: Metrics — cert_fallback(success=0 failure=0) validation(approve=1 reject=0) tracking(insert=1 confirm=1 fail=0)
[2026-09-03 14:21:28][info][Blockchain] [7096af0e] Stopping blockchain
[2026-09-03 14:21:28][info][CRDTCallbackManager] Successfully unregistered new data callback for pattern: '/?gnus-genesis-block'
[2026-09-03 14:21:28][info][CRDTCallbackManager] Successfully unregistered new data callback for pattern: '/?gnus-account-creation-.*'
[2026-09-03 14:21:28][info][CRDTCallbackManager] Successfully unregistered new data callback for pattern: '/?gnus-validator-registry'
[2026-09-03 14:21:28][debug][GlobalDB] ~GlobalDB CALLED with count 6 on multi_node_finality_fault/restart-vote-passive/rocksdb 
[2026-09-03 14:21:28][info][GlobalDB] GlobalDB shutdown start
[2026-09-03 14:21:28][info][CrdtDatastore] CancelAndCloseNow: begin (pending_jobs=1, self_queue=0, root_queue=0, pending_roots=0, active_root=false)
[2026-09-03 14:21:28][debug][GraphsyncDAGSyncer] Stopping Dagsyncer
[2026-09-03 14:21:28][debug][GraphsyncDAGSyncer] Dagsyncer Stopped
[2026-09-03 14:21:28][info][CrdtDatastore] CancelAndCloseNow: CRDT workers stopped
[2026-09-03 14:21:28][warning][CrdtDatastore] CancelAndCloseNow called but shutdown has already started
[2026-09-03 14:21:28][debug][GraphsyncDAGSyncer] ~GraphsyncDAGSyncer CALLED
[2026-09-03 14:21:28][info][GlobalDB] GlobalDB shutdown finished
[2026-09-03 14:21:28.956572000][th:1236851][error] GossipPubSub Address monitoring timer error: Operation canceled
[2026-09-03 14:21:29][info][KeyPairFileStorage] Path to keypairs multi_node_finality_fault/restart-vote-passive/keypair
[2026-09-03 14:21:29][info][KeyPairFileStorage] Peer ID from public key: 12D3KooWMJ93gN4qFnpgGWsZpm3J4EBKZrGK5iirjmbkJpwWDK48
Current limits: 16384 (soft), 9223372036854775807 (hard)
New limits set successfully: 16384 (soft), 9223372036854775807 (hard)
Initialized relay addresses
[2026-09-03 14:21:29.968221000][th:1236724][info] GossipPubSub /ip4/0.0.0.0/tcp/54604/p2p/12D3KooWMJ93gN4qFnpgGWsZpm3J4EBKZrGK5iirjmbkJpwWDK48: Starting PubSub service
[2026-09-03 14:21:29.968271000][th:1237323][info] GossipPubSub Starting address monitoring system for mobile network changes
[2026-09-03 14:21:29.968272000][th:1237323][info] GossipPubSub === CURRENT NETWORK STATE ===
[2026-09-03 14:21:29.968278000][th:1237323][info] GossipPubSub Primary listening address: /ip4/0.0.0.0/tcp/54604/p2p/12D3KooWMJ93gN4qFnpgGWsZpm3J4EBKZrGK5iirjmbkJpwWDK48
[2026-09-03 14:21:29.968279000][th:1237323][info] GossipPubSub Host peer info addresses (0):
[2026-09-03 14:21:29.968280000][th:1237323][info] GossipPubSub Additional addresses we track (0):
[2026-09-03 14:21:29.968281000][th:1237323][info] GossipPubSub Listening addresses (1):
[2026-09-03 14:21:29.968281000][th:1237323][info] GossipPubSub   -> /ip4/0.0.0.0/tcp/54604/p2p/12D3KooWMJ93gN4qFnpgGWsZpm3J4EBKZrGK5iirjmbkJpwWDK48
[2026-09-03 14:21:29.968282000][th:1237323][info] GossipPubSub Interface addresses (0):
[2026-09-03 14:21:29.968283000][th:1237323][info] GossipPubSub === RAW OBSERVED ADDRESS DEBUG ===
[2026-09-03 14:21:29.968284000][th:1237323][info] GossipPubSub Local address: /ip4/0.0.0.0/tcp/54604/p2p/12D3KooWMJ93gN4qFnpgGWsZpm3J4EBKZrGK5iirjmbkJpwWDK48 -> 0 raw observed, 0 activated+confirmed
[2026-09-03 14:21:29.968285000][th:1237323][info] GossipPubSub TOTAL: 0 raw observed addresses, 0 activated+confirmed addresses
[2026-09-03 14:21:29.968286000][th:1237323][info] GossipPubSub === END RAW OBSERVED ADDRESS DEBUG ===
[2026-09-03 14:21:29.968286000][th:1237323][info] GossipPubSub Observed addresses - all (0):
[2026-09-03 14:21:29.968287000][th:1237323][info] GossipPubSub Observed addresses - confirmed only (0):
[2026-09-03 14:21:29.968288000][th:1237323][info] GossipPubSub Relay addresses (0):
[2026-09-03 14:21:29.968289000][th:1237323][warning] GossipPubSub Failed to get addresses from peer repository: not found
[2026-09-03 14:21:29.968315000][th:1237323][info] GossipPubSub Found 1 valid network interfaces
[2026-09-03 14:21:29.968316000][th:1237323][info] GossipPubSub Current network interfaces (1):
[2026-09-03 14:21:29.968317000][th:1237323][info] GossipPubSub   -> 192.168.1.6
[2026-09-03 14:21:29.968318000][th:1237323][info] GossipPubSub Active connections: 0
[2026-09-03 14:21:29.968318000][th:1237323][info] GossipPubSub === PEER CONNECTION DETAILS ===
[2026-09-03 14:21:29.968319000][th:1237323][info] GossipPubSub NOTE: Observed addresses need to be seen by 4+ different peer groups to become 'activated'
[2026-09-03 14:21:29.968319000][th:1237323][info] GossipPubSub NOTE: Current connections: 0, so max possible observers: 0
[2026-09-03 14:21:29.968320000][th:1237323][info] GossipPubSub === END PEER CONNECTION DETAILS ===
[2026-09-03 14:21:29.968320000][th:1237323][info] GossipPubSub Connection manager stats:
[2026-09-03 14:21:29.968321000][th:1237323][info] GossipPubSub   -> Max connections: 1000
[2026-09-03 14:21:29.968321000][th:1237323][info] GossipPubSub   -> Current connections: 0
[2026-09-03 14:21:29.968322000][th:1237323][info] GossipPubSub === END NETWORK STATE ===
[2026-09-03 14:21:29.968418000][th:1237323][info] GossipPubSub /ip4/0.0.0.0/tcp/54604/p2p/12D3KooWMJ93gN4qFnpgGWsZpm3J4EBKZrGK5iirjmbkJpwWDK48 : PubSub service started
[2026-09-03 14:21:29][info][GlobalDB] Opening database /Users/henriqueklein/gnus/SuperGenius/multi_node_finality_fault/restart-vote-passive/rocksdb
[2026-09-03 14:21:29][debug][GraphsyncDAGSyncer] GraphSyncer created 5108023080 
[2026-09-03 14:21:29][info][CrdtDatastore] crdt Datastore created. Number of heads: 2 Current max-height: 18446744073709551615
[2026-09-03 14:21:29][info][GeniusAccount] Secure storage ID path: /Users/henriqueklein/gnus/SuperGenius/multi_node_finality_fault/restart-vote-passive/account/secure_storage_id
[2026-09-03 14:21:29][info][GeniusAccount] Loaded public key from file: 7096af0e898f6d61... (length: 128)
[2026-09-03 14:21:29][info][GeniusAccount] Successfully loaded key_seed from storage
[2026-09-03 14:21:29][info][GeniusAccount] Validation successful: key_seed matches stored public key
[2026-09-03 14:21:29][warning][UTXOManager] Skipping malformed UTXO key /utxo-checkpoint/7096af0e898f6d61e9e761753547de986f9292f5056430c6cc8cdbe9cd98b9706f2f85dd6f45928f1ef46efa3ce73a0b480fca52a78afd27989e41482d2201a3/1
[2026-09-03 14:21:29][warning][UTXOManager] Skipping malformed UTXO key /utxo-checkpoint/7096af0e898f6d61e9e761753547de986f9292f5056430c6cc8cdbe9cd98b9706f2f85dd6f45928f1ef46efa3ce73a0b480fca52a78afd27989e41482d2201a3/latest
[2026-09-03 14:21:29][info][Blockchain] [7096af0e] Blockchain instance created with authorized full node: 8a33bdf1
[2026-09-03 14:21:29][info][ValidatorRegistry] InitializeCache: cache initialized with CID QmbdbwR7qTcSt98XDD5UWgcCWdSn8TbuWKLj76iUAZuBUv
[2026-09-03 14:21:29][info][CRDTCallbackManager] Successfully registered new data callback for pattern: '/?gnus-validator-registry'
[2026-09-03 14:21:29][info][ValidatorRegistry] RegisterFilter: result=true
[2026-09-03 14:21:29][info][ValidatorRegistry] New: instance ready
[2026-09-03 14:21:29.993833000][th:1237323][info] GossipPubSub /ip4/0.0.0.0/tcp/54604/p2p/12D3KooWMJ93gN4qFnpgGWsZpm3J4EBKZrGK5iirjmbkJpwWDK48: PubSub subscribed to topic 'gnus-validator-registry.3.7.144'
[2026-09-03 14:21:29][info][CRDTCallbackManager] Successfully registered new data callback for pattern: '^/?cert/[^/]+'
[2026-09-03 14:21:29.993851000][th:1237323][info] GossipPubSub /ip4/0.0.0.0/tcp/54604/p2p/12D3KooWMJ93gN4qFnpgGWsZpm3J4EBKZrGK5iirjmbkJpwWDK48: PubSub subscribed to topic 'consensus-channel-.3.7.144'
[2026-09-03 14:21:29.993869000][th:1237323][info] GossipPubSub /ip4/0.0.0.0/tcp/54604/p2p/12D3KooWMJ93gN4qFnpgGWsZpm3J4EBKZrGK5iirjmbkJpwWDK48: PubSub subscribed to topic 'consensus-channel-.3.7.144#datastore.3.7.144'
[2026-09-03 14:21:29][info][CRDTCallbackManager] Successfully registered new data callback for pattern: '/?gnus-genesis-block'
[2026-09-03 14:21:29][info][CRDTCallbackManager] Successfully registered new data callback for pattern: '/?gnus-account-creation-.*'
[2026-09-03 14:21:29][info][CRDTCallbackManager] Successfully registered new data callback for pattern: '^/?/bc-144/tx/[^/]+'
[2026-09-03 14:21:29][info][CRDTCallbackManager] Successfully registered deleted data callback for pattern: '^/?/bc-144/tx/[^/]+'
[2026-09-03 14:21:29][info][CRDTCallbackManager] Successfully registered new data callback for pattern: '^/?/bc-963/tx/[^/]+'
[2026-09-03 14:21:29][info][CRDTCallbackManager] Successfully registered deleted data callback for pattern: '^/?/bc-963/tx/[^/]+'
[2026-09-03 14:21:29][info][CRDTCallbackManager] Successfully registered new data callback for pattern: '^/?/bc-369/tx/[^/]+'
[2026-09-03 14:21:29][info][CRDTCallbackManager] Successfully registered deleted data callback for pattern: '^/?/bc-369/tx/[^/]+'
[2026-09-03 14:21:29.993971000][th:1237150][info] GossipPubSub Adding new peer: 12D3KooWQNqsgaEt63vrrdFZ8nJigfLLxfcHw1a7hJqrUNq7NZ6j
[2026-09-03 14:21:29.994022000][th:1237150][info] GossipPubSub Adding new peer: 12D3KooWGGMyiMXhtqKMD1bNNzvzw1eemoGF33cMTpdEhAG3q6Pj
[2026-09-03 14:21:29.994063000][th:1237150][info] GossipPubSub Adding new peer: 12D3KooWMJ93gN4qFnpgGWsZpm3J4EBKZrGK5iirjmbkJpwWDK48
[2026-09-03 14:21:29.994080000][th:1237211][info] GossipPubSub Adding new peer: 12D3KooWSgSFBeJs1r1p4HLzy739HcQKVY7sZHLyLUoAcXjYTV4Z
[2026-09-03 14:21:29.994127000][th:1237211][info] GossipPubSub Adding new peer: 12D3KooWGGMyiMXhtqKMD1bNNzvzw1eemoGF33cMTpdEhAG3q6Pj
[2026-09-03 14:21:29.994166000][th:1237211][info] GossipPubSub Adding new peer: 12D3KooWMJ93gN4qFnpgGWsZpm3J4EBKZrGK5iirjmbkJpwWDK48
[2026-09-03 14:21:29.994181000][th:1237263][info] GossipPubSub Adding new peer: 12D3KooWSgSFBeJs1r1p4HLzy739HcQKVY7sZHLyLUoAcXjYTV4Z
[2026-09-03 14:21:29.994215000][th:1237263][info] GossipPubSub Adding new peer: 12D3KooWQNqsgaEt63vrrdFZ8nJigfLLxfcHw1a7hJqrUNq7NZ6j
[2026-09-03 14:21:29.994250000][th:1237263][info] GossipPubSub Adding new peer: 12D3KooWMJ93gN4qFnpgGWsZpm3J4EBKZrGK5iirjmbkJpwWDK48
[2026-09-03 14:21:29.994285000][th:1237323][info] GossipPubSub Adding new peer: 12D3KooWSgSFBeJs1r1p4HLzy739HcQKVY7sZHLyLUoAcXjYTV4Z
[2026-09-03 14:21:29.994319000][th:1237323][info] GossipPubSub Adding new peer: 12D3KooWQNqsgaEt63vrrdFZ8nJigfLLxfcHw1a7hJqrUNq7NZ6j
[2026-09-03 14:21:29.994355000][th:1237323][info] GossipPubSub Adding new peer: 12D3KooWGGMyiMXhtqKMD1bNNzvzw1eemoGF33cMTpdEhAG3q6Pj
[2026-09-03 14:21:30][info][CRDTCallbackManager] Successfully unregistered new data callback for pattern: '^/?/bc-144/tx/[^/]+'
[2026-09-03 14:21:30][info][CRDTCallbackManager] Successfully unregistered deleted data callback for pattern: '^/?/bc-144/tx/[^/]+'
[2026-09-03 14:21:30][info][CRDTCallbackManager] Successfully unregistered new data callback for pattern: '^/?/bc-963/tx/[^/]+'
[2026-09-03 14:21:30][info][CRDTCallbackManager] Successfully unregistered deleted data callback for pattern: '^/?/bc-963/tx/[^/]+'
[2026-09-03 14:21:30][info][CRDTCallbackManager] Successfully unregistered new data callback for pattern: '^/?/bc-369/tx/[^/]+'
[2026-09-03 14:21:30][info][CRDTCallbackManager] Successfully unregistered deleted data callback for pattern: '^/?/bc-369/tx/[^/]+'
[2026-09-03 14:21:30][info][TransactionManager] [f73154d4 - full: false] ~TransactionManager: Metrics — cert_fallback(success=0 failure=0) validation(approve=0 reject=0) tracking(insert=0 confirm=0 fail=0)
[2026-09-03 14:21:30][info][Blockchain] [f73154d4] Stopping blockchain
[2026-09-03 14:21:30][info][CRDTCallbackManager] Successfully unregistered new data callback for pattern: '/?gnus-genesis-block'
[2026-09-03 14:21:30][info][CRDTCallbackManager] Successfully unregistered new data callback for pattern: '/?gnus-account-creation-.*'
[2026-09-03 14:21:30][info][CRDTCallbackManager] Successfully unregistered new data callback for pattern: '/?gnus-validator-registry'
[2026-09-03 14:21:30][debug][GlobalDB] ~GlobalDB CALLED with count 6 on multi_node_finality_fault/restart-vote-validator-one/rocksdb 
[2026-09-03 14:21:30][info][GlobalDB] GlobalDB shutdown start
[2026-09-03 14:21:30][info][CrdtDatastore] CancelAndCloseNow: begin (pending_jobs=0, self_queue=0, root_queue=0, pending_roots=0, active_root=false)
[2026-09-03 14:21:30][debug][GraphsyncDAGSyncer] Stopping Dagsyncer
[2026-09-03 14:21:30][debug][GraphsyncDAGSyncer] Dagsyncer Stopped
[2026-09-03 14:21:30][info][CrdtDatastore] CancelAndCloseNow: CRDT workers stopped
[2026-09-03 14:21:30][warning][CrdtDatastore] CancelAndCloseNow called but shutdown has already started
[2026-09-03 14:21:30][debug][GraphsyncDAGSyncer] ~GraphsyncDAGSyncer CALLED
[2026-09-03 14:21:30][info][GlobalDB] GlobalDB shutdown finished
[2026-09-03 14:21:30.413678000][th:1237150][error] GossipPubSub Address monitoring timer error: Operation canceled
[2026-09-03 14:21:31][info][CRDTCallbackManager] Successfully unregistered new data callback for pattern: '^/?/bc-144/tx/[^/]+'
[2026-09-03 14:21:31][info][CRDTCallbackManager] Successfully unregistered deleted data callback for pattern: '^/?/bc-144/tx/[^/]+'
[2026-09-03 14:21:31][info][CRDTCallbackManager] Successfully unregistered new data callback for pattern: '^/?/bc-963/tx/[^/]+'
[2026-09-03 14:21:31][info][CRDTCallbackManager] Successfully unregistered deleted data callback for pattern: '^/?/bc-963/tx/[^/]+'
[2026-09-03 14:21:31][info][CRDTCallbackManager] Successfully unregistered new data callback for pattern: '^/?/bc-369/tx/[^/]+'
[2026-09-03 14:21:31][info][CRDTCallbackManager] Successfully unregistered deleted data callback for pattern: '^/?/bc-369/tx/[^/]+'
[2026-09-03 14:21:31][info][TransactionManager] [050eb45a - full: false] ~TransactionManager: Metrics — cert_fallback(success=0 failure=0) validation(approve=0 reject=0) tracking(insert=0 confirm=0 fail=0)
[2026-09-03 14:21:31][info][Blockchain] [050eb45a] Stopping blockchain
[2026-09-03 14:21:31][info][CRDTCallbackManager] Successfully unregistered new data callback for pattern: '/?gnus-genesis-block'
[2026-09-03 14:21:31][info][CRDTCallbackManager] Successfully unregistered new data callback for pattern: '/?gnus-account-creation-.*'
[2026-09-03 14:21:31][info][CRDTCallbackManager] Successfully unregistered new data callback for pattern: '/?gnus-validator-registry'
[2026-09-03 14:21:31][debug][GlobalDB] ~GlobalDB CALLED with count 6 on multi_node_finality_fault/restart-vote-validator-two/rocksdb 
[2026-09-03 14:21:31][info][GlobalDB] GlobalDB shutdown start
[2026-09-03 14:21:31][info][CrdtDatastore] CancelAndCloseNow: begin (pending_jobs=0, self_queue=0, root_queue=0, pending_roots=0, active_root=false)
[2026-09-03 14:21:31][debug][GraphsyncDAGSyncer] Stopping Dagsyncer
[2026-09-03 14:21:31][debug][GraphsyncDAGSyncer] Dagsyncer Stopped
[2026-09-03 14:21:31][info][CrdtDatastore] CancelAndCloseNow: CRDT workers stopped
[2026-09-03 14:21:31][warning][CrdtDatastore] CancelAndCloseNow called but shutdown has already started
[2026-09-03 14:21:31][debug][GraphsyncDAGSyncer] ~GraphsyncDAGSyncer CALLED
[2026-09-03 14:21:31][info][GlobalDB] GlobalDB shutdown finished
[2026-09-03 14:21:31.459183000][th:1237211][error] GossipPubSub Address monitoring timer error: Operation canceled
[2026-09-03 14:21:32][info][CRDTCallbackManager] Successfully unregistered new data callback for pattern: '^/?/bc-144/tx/[^/]+'
[2026-09-03 14:21:32][info][CRDTCallbackManager] Successfully unregistered deleted data callback for pattern: '^/?/bc-144/tx/[^/]+'
[2026-09-03 14:21:32][info][CRDTCallbackManager] Successfully unregistered new data callback for pattern: '^/?/bc-963/tx/[^/]+'
[2026-09-03 14:21:32][info][CRDTCallbackManager] Successfully unregistered deleted data callback for pattern: '^/?/bc-963/tx/[^/]+'
[2026-09-03 14:21:32][info][CRDTCallbackManager] Successfully unregistered new data callback for pattern: '^/?/bc-369/tx/[^/]+'
[2026-09-03 14:21:32][info][CRDTCallbackManager] Successfully unregistered deleted data callback for pattern: '^/?/bc-369/tx/[^/]+'
[2026-09-03 14:21:32][info][TransactionManager] [03dbedf2 - full: false] ~TransactionManager: Metrics — cert_fallback(success=0 failure=0) validation(approve=0 reject=0) tracking(insert=0 confirm=0 fail=0)
[2026-09-03 14:21:32][info][Blockchain] [03dbedf2] Stopping blockchain
[2026-09-03 14:21:32][info][CRDTCallbackManager] Successfully unregistered new data callback for pattern: '/?gnus-genesis-block'
[2026-09-03 14:21:32][info][CRDTCallbackManager] Successfully unregistered new data callback for pattern: '/?gnus-account-creation-.*'
[2026-09-03 14:21:32][info][CRDTCallbackManager] Successfully unregistered new data callback for pattern: '/?gnus-validator-registry'
[2026-09-03 14:21:32][debug][GlobalDB] ~GlobalDB CALLED with count 6 on multi_node_finality_fault/restart-vote-validator-three/rocksdb 
[2026-09-03 14:21:32][info][GlobalDB] GlobalDB shutdown start
[2026-09-03 14:21:32][info][CrdtDatastore] CancelAndCloseNow: begin (pending_jobs=0, self_queue=0, root_queue=0, pending_roots=0, active_root=false)
[2026-09-03 14:21:32][debug][GraphsyncDAGSyncer] Stopping Dagsyncer
[2026-09-03 14:21:32][debug][GraphsyncDAGSyncer] Dagsyncer Stopped
[2026-09-03 14:21:32][info][CrdtDatastore] CancelAndCloseNow: CRDT workers stopped
[2026-09-03 14:21:32][warning][CrdtDatastore] CancelAndCloseNow called but shutdown has already started
[2026-09-03 14:21:32][debug][GraphsyncDAGSyncer] ~GraphsyncDAGSyncer CALLED
[2026-09-03 14:21:32][info][GlobalDB] GlobalDB shutdown finished
[2026-09-03 14:21:32.507772000][th:1237263][error] GossipPubSub Address monitoring timer error: Operation canceled
[2026-09-03 14:21:33][info][CRDTCallbackManager] Successfully unregistered new data callback for pattern: '^/?/bc-144/tx/[^/]+'
[2026-09-03 14:21:33][info][CRDTCallbackManager] Successfully unregistered deleted data callback for pattern: '^/?/bc-144/tx/[^/]+'
[2026-09-03 14:21:33][info][CRDTCallbackManager] Successfully unregistered new data callback for pattern: '^/?/bc-963/tx/[^/]+'
[2026-09-03 14:21:33][info][CRDTCallbackManager] Successfully unregistered deleted data callback for pattern: '^/?/bc-963/tx/[^/]+'
[2026-09-03 14:21:33][info][CRDTCallbackManager] Successfully unregistered new data callback for pattern: '^/?/bc-369/tx/[^/]+'
[2026-09-03 14:21:33][info][CRDTCallbackManager] Successfully unregistered deleted data callback for pattern: '^/?/bc-369/tx/[^/]+'
[2026-09-03 14:21:33][info][TransactionManager] [7096af0e - full: false] ~TransactionManager: Metrics — cert_fallback(success=0 failure=0) validation(approve=0 reject=0) tracking(insert=0 confirm=0 fail=0)
[2026-09-03 14:21:33][info][Blockchain] [7096af0e] Stopping blockchain
[2026-09-03 14:21:33][info][CRDTCallbackManager] Successfully unregistered new data callback for pattern: '/?gnus-genesis-block'
[2026-09-03 14:21:33][info][CRDTCallbackManager] Successfully unregistered new data callback for pattern: '/?gnus-account-creation-.*'
[2026-09-03 14:21:33][info][CRDTCallbackManager] Successfully unregistered new data callback for pattern: '/?gnus-validator-registry'
[2026-09-03 14:21:33][debug][GlobalDB] ~GlobalDB CALLED with count 6 on multi_node_finality_fault/restart-vote-passive/rocksdb 
[2026-09-03 14:21:33][info][GlobalDB] GlobalDB shutdown start
[2026-09-03 14:21:33][info][CrdtDatastore] CancelAndCloseNow: begin (pending_jobs=0, self_queue=0, root_queue=0, pending_roots=0, active_root=false)
[2026-09-03 14:21:33][debug][GraphsyncDAGSyncer] Stopping Dagsyncer
[2026-09-03 14:21:33][debug][GraphsyncDAGSyncer] Dagsyncer Stopped
[2026-09-03 14:21:33][info][CrdtDatastore] CancelAndCloseNow: CRDT workers stopped
[2026-09-03 14:21:33][warning][CrdtDatastore] CancelAndCloseNow called but shutdown has already started
[2026-09-03 14:21:33][debug][GraphsyncDAGSyncer] ~GraphsyncDAGSyncer CALLED
[2026-09-03 14:21:33][info][GlobalDB] GlobalDB shutdown finished
[2026-09-03 14:21:33.552105000][th:1237323][error] GossipPubSub Address monitoring timer error: Operation canceled
[2026-09-03 14:21:34][info][KeyPairFileStorage] Path to keypairs multi_node_finality_fault/restart-certificate-validator-one/keypair
[2026-09-03 14:21:34][info][KeyPairFileStorage] Peer ID from public key: 12D3KooWRwZVq69y5ioj6NFJscYQLuRn2GfzF4b5GtiWwBcqSGVJ
Current limits: 16384 (soft), 9223372036854775807 (hard)
New limits set successfully: 16384 (soft), 9223372036854775807 (hard)
Initialized relay addresses
[2026-09-03 14:21:34.565156000][th:1236724][info] GossipPubSub /ip4/0.0.0.0/tcp/54611/p2p/12D3KooWRwZVq69y5ioj6NFJscYQLuRn2GfzF4b5GtiWwBcqSGVJ: Starting PubSub service
[2026-09-03 14:21:34.565388000][th:1237420][info] GossipPubSub Starting address monitoring system for mobile network changes
[2026-09-03 14:21:34.565398000][th:1237420][info] GossipPubSub === CURRENT NETWORK STATE ===
[2026-09-03 14:21:34.565418000][th:1237420][info] GossipPubSub Primary listening address: /ip4/0.0.0.0/tcp/54611/p2p/12D3KooWRwZVq69y5ioj6NFJscYQLuRn2GfzF4b5GtiWwBcqSGVJ
[2026-09-03 14:21:34.565421000][th:1237420][info] GossipPubSub Host peer info addresses (0):
[2026-09-03 14:21:34.565423000][th:1237420][info] GossipPubSub Additional addresses we track (0):
[2026-09-03 14:21:34.565424000][th:1237420][info] GossipPubSub Listening addresses (1):
[2026-09-03 14:21:34.565426000][th:1237420][info] GossipPubSub   -> /ip4/0.0.0.0/tcp/54611/p2p/12D3KooWRwZVq69y5ioj6NFJscYQLuRn2GfzF4b5GtiWwBcqSGVJ
[2026-09-03 14:21:34.565427000][th:1237420][info] GossipPubSub Interface addresses (0):
[2026-09-03 14:21:34.565428000][th:1237420][info] GossipPubSub === RAW OBSERVED ADDRESS DEBUG ===
[2026-09-03 14:21:34.565431000][th:1237420][info] GossipPubSub Local address: /ip4/0.0.0.0/tcp/54611/p2p/12D3KooWRwZVq69y5ioj6NFJscYQLuRn2GfzF4b5GtiWwBcqSGVJ -> 0 raw observed, 0 activated+confirmed
[2026-09-03 14:21:34.565434000][th:1237420][info] GossipPubSub TOTAL: 0 raw observed addresses, 0 activated+confirmed addresses
[2026-09-03 14:21:34.565435000][th:1237420][info] GossipPubSub === END RAW OBSERVED ADDRESS DEBUG ===
[2026-09-03 14:21:34.565436000][th:1237420][info] GossipPubSub Observed addresses - all (0):
[2026-09-03 14:21:34.565437000][th:1237420][info] GossipPubSub Observed addresses - confirmed only (0):
[2026-09-03 14:21:34.565439000][th:1237420][info] GossipPubSub Relay addresses (0):
[2026-09-03 14:21:34.565443000][th:1237420][warning] GossipPubSub Failed to get addresses from peer repository: not found
[2026-09-03 14:21:34.565542000][th:1237420][info] GossipPubSub Found 1 valid network interfaces
[2026-09-03 14:21:34.565549000][th:1237420][info] GossipPubSub Current network interfaces (1):
[2026-09-03 14:21:34.565551000][th:1237420][info] GossipPubSub   -> 192.168.1.6
[2026-09-03 14:21:34.565553000][th:1237420][info] GossipPubSub Active connections: 0
[2026-09-03 14:21:34.565554000][th:1237420][info] GossipPubSub === PEER CONNECTION DETAILS ===
[2026-09-03 14:21:34.565555000][th:1237420][info] GossipPubSub NOTE: Observed addresses need to be seen by 4+ different peer groups to become 'activated'
[2026-09-03 14:21:34.565557000][th:1237420][info] GossipPubSub NOTE: Current connections: 0, so max possible observers: 0
[2026-09-03 14:21:34.565558000][th:1237420][info] GossipPubSub === END PEER CONNECTION DETAILS ===
[2026-09-03 14:21:34.565559000][th:1237420][info] GossipPubSub Connection manager stats:
[2026-09-03 14:21:34.565560000][th:1237420][info] GossipPubSub   -> Max connections: 1000
[2026-09-03 14:21:34.565562000][th:1237420][info] GossipPubSub   -> Current connections: 0
[2026-09-03 14:21:34.565565000][th:1237420][info] GossipPubSub === END NETWORK STATE ===
[2026-09-03 14:21:34.566010000][th:1237420][info] GossipPubSub /ip4/0.0.0.0/tcp/54611/p2p/12D3KooWRwZVq69y5ioj6NFJscYQLuRn2GfzF4b5GtiWwBcqSGVJ : PubSub service started
[2026-09-03 14:21:34][info][GlobalDB] Opening database /Users/henriqueklein/gnus/SuperGenius/multi_node_finality_fault/restart-certificate-validator-one/rocksdb
[2026-09-03 14:21:34][debug][GraphsyncDAGSyncer] GraphSyncer created 4580203832 
[2026-09-03 14:21:34][info][CrdtDatastore] crdt Datastore created. Number of heads: 0 Current max-height: 0
[2026-09-03 14:21:34][info][GeniusAccount] Secure storage ID path: /Users/henriqueklein/gnus/SuperGenius/multi_node_finality_fault/restart-certificate-validator-one/account/secure_storage_id
[2026-09-03 14:21:34][error][GeniusAccount] Could not find existing Genius address, generating one from a random mnemonic
[2026-09-03 14:21:34][warning][UTXOManager] Found UTXOs in storage, but there were none
[2026-09-03 14:21:34][info][Blockchain] [d8851a9f] Blockchain instance created with authorized full node: 8a33bdf1
[2026-09-03 14:21:34][error][ValidatorRegistry] InitializeCache: registry content not found during cache init
[2026-09-03 14:21:34][info][CRDTCallbackManager] Successfully registered new data callback for pattern: '/?gnus-validator-registry'
[2026-09-03 14:21:34][info][ValidatorRegistry] RegisterFilter: result=true
[2026-09-03 14:21:34][info][ValidatorRegistry] New: instance ready
[2026-09-03 14:21:34.613433000][th:1237420][info] GossipPubSub /ip4/0.0.0.0/tcp/54611/p2p/12D3KooWRwZVq69y5ioj6NFJscYQLuRn2GfzF4b5GtiWwBcqSGVJ: PubSub subscribed to topic 'gnus-validator-registry.3.7.144'
[2026-09-03 14:21:34.613465000][th:1237420][info] GossipPubSub /ip4/0.0.0.0/tcp/54611/p2p/12D3KooWRwZVq69y5ioj6NFJscYQLuRn2GfzF4b5GtiWwBcqSGVJ: PubSub subscribed to topic 'consensus-channel-.3.7.144'
[2026-09-03 14:21:34][info][CRDTCallbackManager] Successfully registered new data callback for pattern: '^/?cert/[^/]+'
[2026-09-03 14:21:34.613521000][th:1237420][info] GossipPubSub /ip4/0.0.0.0/tcp/54611/p2p/12D3KooWRwZVq69y5ioj6NFJscYQLuRn2GfzF4b5GtiWwBcqSGVJ: PubSub subscribed to topic 'consensus-channel-.3.7.144#datastore.3.7.144'
[2026-09-03 14:21:34][warning][Blockchain] [d8851a9f] Failed to request validator registry during blockchain init
[2026-09-03 14:21:34][info][CRDTCallbackManager] Successfully registered new data callback for pattern: '/?gnus-genesis-block'
[2026-09-03 14:21:34][info][CRDTCallbackManager] Successfully registered new data callback for pattern: '/?gnus-account-creation-.*'
[2026-09-03 14:21:34][info][CRDTCallbackManager] Successfully registered new data callback for pattern: '^/?/bc-144/tx/[^/]+'
[2026-09-03 14:21:34][info][CRDTCallbackManager] Successfully registered deleted data callback for pattern: '^/?/bc-144/tx/[^/]+'
[2026-09-03 14:21:34][info][CRDTCallbackManager] Successfully registered new data callback for pattern: '^/?/bc-963/tx/[^/]+'
[2026-09-03 14:21:34][info][CRDTCallbackManager] Successfully registered deleted data callback for pattern: '^/?/bc-963/tx/[^/]+'
[2026-09-03 14:21:34][info][CRDTCallbackManager] Successfully registered new data callback for pattern: '^/?/bc-369/tx/[^/]+'
[2026-09-03 14:21:34][info][CRDTCallbackManager] Successfully registered deleted data callback for pattern: '^/?/bc-369/tx/[^/]+'
[2026-09-03 14:21:34][info][KeyPairFileStorage] Path to keypairs multi_node_finality_fault/restart-certificate-validator-two/keypair
[2026-09-03 14:21:34][info][KeyPairFileStorage] Peer ID from public key: 12D3KooWAwAuQWtSKMeDLq9kt4dMMA6agQhzNo2UJeqQ8DdFVMu4
Current limits: 16384 (soft), 9223372036854775807 (hard)
New limits set successfully: 16384 (soft), 9223372036854775807 (hard)
Initialized relay addresses
[2026-09-03 14:21:34.616439000][th:1236724][info] GossipPubSub /ip4/0.0.0.0/tcp/54612/p2p/12D3KooWAwAuQWtSKMeDLq9kt4dMMA6agQhzNo2UJeqQ8DdFVMu4: Starting PubSub service
[2026-09-03 14:21:34.616570000][th:1237444][info] GossipPubSub Starting address monitoring system for mobile network changes
[2026-09-03 14:21:34.616572000][th:1237444][info] GossipPubSub === CURRENT NETWORK STATE ===
[2026-09-03 14:21:34.616585000][th:1237444][info] GossipPubSub Primary listening address: /ip4/0.0.0.0/tcp/54612/p2p/12D3KooWAwAuQWtSKMeDLq9kt4dMMA6agQhzNo2UJeqQ8DdFVMu4
[2026-09-03 14:21:34.616587000][th:1237444][info] GossipPubSub Host peer info addresses (0):
[2026-09-03 14:21:34.616588000][th:1237444][info] GossipPubSub Additional addresses we track (0):
[2026-09-03 14:21:34.616589000][th:1237444][info] GossipPubSub Listening addresses (1):
[2026-09-03 14:21:34.616590000][th:1237444][info] GossipPubSub   -> /ip4/0.0.0.0/tcp/54612/p2p/12D3KooWAwAuQWtSKMeDLq9kt4dMMA6agQhzNo2UJeqQ8DdFVMu4
[2026-09-03 14:21:34.616592000][th:1237444][info] GossipPubSub Interface addresses (0):
[2026-09-03 14:21:34.616594000][th:1237444][info] GossipPubSub === RAW OBSERVED ADDRESS DEBUG ===
[2026-09-03 14:21:34.616596000][th:1237444][info] GossipPubSub Local address: /ip4/0.0.0.0/tcp/54612/p2p/12D3KooWAwAuQWtSKMeDLq9kt4dMMA6agQhzNo2UJeqQ8DdFVMu4 -> 0 raw observed, 0 activated+confirmed
[2026-09-03 14:21:34.616598000][th:1237444][info] GossipPubSub TOTAL: 0 raw observed addresses, 0 activated+confirmed addresses
[2026-09-03 14:21:34.616598000][th:1237444][info] GossipPubSub === END RAW OBSERVED ADDRESS DEBUG ===
[2026-09-03 14:21:34.616599000][th:1237444][info] GossipPubSub Observed addresses - all (0):
[2026-09-03 14:21:34.616600000][th:1237444][info] GossipPubSub Observed addresses - confirmed only (0):
[2026-09-03 14:21:34.616602000][th:1237444][info] GossipPubSub Relay addresses (0):
[2026-09-03 14:21:34.616606000][th:1237444][warning] GossipPubSub Failed to get addresses from peer repository: not found
[2026-09-03 14:21:34.616697000][th:1237444][info] GossipPubSub Found 1 valid network interfaces
[2026-09-03 14:21:34.616699000][th:1237444][info] GossipPubSub Current network interfaces (1):
[2026-09-03 14:21:34.616700000][th:1237444][info] GossipPubSub   -> 192.168.1.6
[2026-09-03 14:21:34.616702000][th:1237444][info] GossipPubSub Active connections: 0
[2026-09-03 14:21:34.616703000][th:1237444][info] GossipPubSub === PEER CONNECTION DETAILS ===
[2026-09-03 14:21:34.616708000][th:1237444][info] GossipPubSub NOTE: Observed addresses need to be seen by 4+ different peer groups to become 'activated'
[2026-09-03 14:21:34.616709000][th:1237444][info] GossipPubSub NOTE: Current connections: 0, so max possible observers: 0
[2026-09-03 14:21:34.616710000][th:1237444][info] GossipPubSub === END PEER CONNECTION DETAILS ===
[2026-09-03 14:21:34.616711000][th:1237444][info] GossipPubSub Connection manager stats:
[2026-09-03 14:21:34.616712000][th:1237444][info] GossipPubSub   -> Max connections: 1000
[2026-09-03 14:21:34.616713000][th:1237444][info] GossipPubSub   -> Current connections: 0
[2026-09-03 14:21:34.616714000][th:1237444][info] GossipPubSub === END NETWORK STATE ===
[2026-09-03 14:21:34.617047000][th:1237444][info] GossipPubSub /ip4/0.0.0.0/tcp/54612/p2p/12D3KooWAwAuQWtSKMeDLq9kt4dMMA6agQhzNo2UJeqQ8DdFVMu4 : PubSub service started
[2026-09-03 14:21:34][info][GlobalDB] Opening database /Users/henriqueklein/gnus/SuperGenius/multi_node_finality_fault/restart-certificate-validator-two/rocksdb
[2026-09-03 14:21:34][debug][GraphsyncDAGSyncer] GraphSyncer created 5107936120 
[2026-09-03 14:21:34][info][CrdtDatastore] crdt Datastore created. Number of heads: 0 Current max-height: 0
[2026-09-03 14:21:34][info][GeniusAccount] Secure storage ID path: /Users/henriqueklein/gnus/SuperGenius/multi_node_finality_fault/restart-certificate-validator-two/account/secure_storage_id
[2026-09-03 14:21:34][error][GeniusAccount] Could not find existing Genius address, generating one from a random mnemonic
[2026-09-03 14:21:34][warning][UTXOManager] Found UTXOs in storage, but there were none
[2026-09-03 14:21:34][info][Blockchain] [75436ba7] Blockchain instance created with authorized full node: 8a33bdf1
[2026-09-03 14:21:34][error][ValidatorRegistry] InitializeCache: registry content not found during cache init
[2026-09-03 14:21:34][info][CRDTCallbackManager] Successfully registered new data callback for pattern: '/?gnus-validator-registry'
[2026-09-03 14:21:34][info][ValidatorRegistry] RegisterFilter: result=true
[2026-09-03 14:21:34][info][ValidatorRegistry] New: instance ready
[2026-09-03 14:21:34.655745000][th:1237444][info] GossipPubSub /ip4/0.0.0.0/tcp/54612/p2p/12D3KooWAwAuQWtSKMeDLq9kt4dMMA6agQhzNo2UJeqQ8DdFVMu4: PubSub subscribed to topic 'gnus-validator-registry.3.7.144'
[2026-09-03 14:21:34][info][CRDTCallbackManager] Successfully registered new data callback for pattern: '^/?cert/[^/]+'
[2026-09-03 14:21:34.655783000][th:1237444][info] GossipPubSub /ip4/0.0.0.0/tcp/54612/p2p/12D3KooWAwAuQWtSKMeDLq9kt4dMMA6agQhzNo2UJeqQ8DdFVMu4: PubSub subscribed to topic 'consensus-channel-.3.7.144'
[2026-09-03 14:21:34.655810000][th:1237444][info] GossipPubSub /ip4/0.0.0.0/tcp/54612/p2p/12D3KooWAwAuQWtSKMeDLq9kt4dMMA6agQhzNo2UJeqQ8DdFVMu4: PubSub subscribed to topic 'consensus-channel-.3.7.144#datastore.3.7.144'
[2026-09-03 14:21:34][warning][Blockchain] [75436ba7] Failed to request validator registry during blockchain init
[2026-09-03 14:21:34][info][CRDTCallbackManager] Successfully registered new data callback for pattern: '/?gnus-genesis-block'
[2026-09-03 14:21:34][info][CRDTCallbackManager] Successfully registered new data callback for pattern: '/?gnus-account-creation-.*'
[2026-09-03 14:21:34][info][CRDTCallbackManager] Successfully registered new data callback for pattern: '^/?/bc-144/tx/[^/]+'
[2026-09-03 14:21:34][info][CRDTCallbackManager] Successfully registered deleted data callback for pattern: '^/?/bc-144/tx/[^/]+'
[2026-09-03 14:21:34][info][CRDTCallbackManager] Successfully registered new data callback for pattern: '^/?/bc-963/tx/[^/]+'
[2026-09-03 14:21:34][info][CRDTCallbackManager] Successfully registered deleted data callback for pattern: '^/?/bc-963/tx/[^/]+'
[2026-09-03 14:21:34][info][CRDTCallbackManager] Successfully registered new data callback for pattern: '^/?/bc-369/tx/[^/]+'
[2026-09-03 14:21:34][info][CRDTCallbackManager] Successfully registered deleted data callback for pattern: '^/?/bc-369/tx/[^/]+'
[2026-09-03 14:21:34][info][KeyPairFileStorage] Path to keypairs multi_node_finality_fault/restart-certificate-validator-three/keypair
[2026-09-03 14:21:34][info][KeyPairFileStorage] Peer ID from public key: 12D3KooWGfrtEDPwr58FP6MSw5i1jsepecLiYvQYdaEStcNBhsMN
Current limits: 16384 (soft), 9223372036854775807 (hard)
New limits set successfully: 16384 (soft), 9223372036854775807 (hard)
Initialized relay addresses
[2026-09-03 14:21:34.659072000][th:1236724][info] GossipPubSub /ip4/0.0.0.0/tcp/54613/p2p/12D3KooWGfrtEDPwr58FP6MSw5i1jsepecLiYvQYdaEStcNBhsMN: Starting PubSub service
[2026-09-03 14:21:34.659161000][th:1237465][info] GossipPubSub Starting address monitoring system for mobile network changes
[2026-09-03 14:21:34.659163000][th:1237465][info] GossipPubSub === CURRENT NETWORK STATE ===
[2026-09-03 14:21:34.659174000][th:1237465][info] GossipPubSub Primary listening address: /ip4/0.0.0.0/tcp/54613/p2p/12D3KooWGfrtEDPwr58FP6MSw5i1jsepecLiYvQYdaEStcNBhsMN
[2026-09-03 14:21:34.659175000][th:1237465][info] GossipPubSub Host peer info addresses (0):
[2026-09-03 14:21:34.659177000][th:1237465][info] GossipPubSub Additional addresses we track (0):
[2026-09-03 14:21:34.659178000][th:1237465][info] GossipPubSub Listening addresses (1):
[2026-09-03 14:21:34.659179000][th:1237465][info] GossipPubSub   -> /ip4/0.0.0.0/tcp/54613/p2p/12D3KooWGfrtEDPwr58FP6MSw5i1jsepecLiYvQYdaEStcNBhsMN
[2026-09-03 14:21:34.659181000][th:1237465][info] GossipPubSub Interface addresses (0):
[2026-09-03 14:21:34.659181000][th:1237465][info] GossipPubSub === RAW OBSERVED ADDRESS DEBUG ===
[2026-09-03 14:21:34.659184000][th:1237465][info] GossipPubSub Local address: /ip4/0.0.0.0/tcp/54613/p2p/12D3KooWGfrtEDPwr58FP6MSw5i1jsepecLiYvQYdaEStcNBhsMN -> 0 raw observed, 0 activated+confirmed
[2026-09-03 14:21:34.659186000][th:1237465][info] GossipPubSub TOTAL: 0 raw observed addresses, 0 activated+confirmed addresses
[2026-09-03 14:21:34.659187000][th:1237465][info] GossipPubSub === END RAW OBSERVED ADDRESS DEBUG ===
[2026-09-03 14:21:34.659188000][th:1237465][info] GossipPubSub Observed addresses - all (0):
[2026-09-03 14:21:34.659189000][th:1237465][info] GossipPubSub Observed addresses - confirmed only (0):
[2026-09-03 14:21:34.659191000][th:1237465][info] GossipPubSub Relay addresses (0):
[2026-09-03 14:21:34.659193000][th:1237465][warning] GossipPubSub Failed to get addresses from peer repository: not found
[2026-09-03 14:21:34.659242000][th:1237465][info] GossipPubSub Found 1 valid network interfaces
[2026-09-03 14:21:34.659244000][th:1237465][info] GossipPubSub Current network interfaces (1):
[2026-09-03 14:21:34.659245000][th:1237465][info] GossipPubSub   -> 192.168.1.6
[2026-09-03 14:21:34.659247000][th:1237465][info] GossipPubSub Active connections: 0
[2026-09-03 14:21:34.659248000][th:1237465][info] GossipPubSub === PEER CONNECTION DETAILS ===
[2026-09-03 14:21:34.659249000][th:1237465][info] GossipPubSub NOTE: Observed addresses need to be seen by 4+ different peer groups to become 'activated'
[2026-09-03 14:21:34.659250000][th:1237465][info] GossipPubSub NOTE: Current connections: 0, so max possible observers: 0
[2026-09-03 14:21:34.659251000][th:1237465][info] GossipPubSub === END PEER CONNECTION DETAILS ===
[2026-09-03 14:21:34.659252000][th:1237465][info] GossipPubSub Connection manager stats:
[2026-09-03 14:21:34.659253000][th:1237465][info] GossipPubSub   -> Max connections: 1000
[2026-09-03 14:21:34.659254000][th:1237465][info] GossipPubSub   -> Current connections: 0
[2026-09-03 14:21:34.659255000][th:1237465][info] GossipPubSub === END NETWORK STATE ===
[2026-09-03 14:21:34.659441000][th:1237465][info] GossipPubSub /ip4/0.0.0.0/tcp/54613/p2p/12D3KooWGfrtEDPwr58FP6MSw5i1jsepecLiYvQYdaEStcNBhsMN : PubSub service started
[2026-09-03 14:21:34][info][GlobalDB] Opening database /Users/henriqueklein/gnus/SuperGenius/multi_node_finality_fault/restart-certificate-validator-three/rocksdb
[2026-09-03 14:21:34][debug][GraphsyncDAGSyncer] GraphSyncer created 4569782504 
[2026-09-03 14:21:34][info][CrdtDatastore] crdt Datastore created. Number of heads: 0 Current max-height: 0
[2026-09-03 14:21:34][info][GeniusAccount] Secure storage ID path: /Users/henriqueklein/gnus/SuperGenius/multi_node_finality_fault/restart-certificate-validator-three/account/secure_storage_id
[2026-09-03 14:21:34][error][GeniusAccount] Could not find existing Genius address, generating one from a random mnemonic
[2026-09-03 14:21:34][warning][UTXOManager] Found UTXOs in storage, but there were none
[2026-09-03 14:21:34][info][Blockchain] [d6491bf3] Blockchain instance created with authorized full node: 8a33bdf1
[2026-09-03 14:21:34][error][ValidatorRegistry] InitializeCache: registry content not found during cache init
[2026-09-03 14:21:34][info][CRDTCallbackManager] Successfully registered new data callback for pattern: '/?gnus-validator-registry'
[2026-09-03 14:21:34][info][ValidatorRegistry] RegisterFilter: result=true
[2026-09-03 14:21:34][info][ValidatorRegistry] New: instance ready
[2026-09-03 14:21:34.699116000][th:1237465][info] GossipPubSub /ip4/0.0.0.0/tcp/54613/p2p/12D3KooWGfrtEDPwr58FP6MSw5i1jsepecLiYvQYdaEStcNBhsMN: PubSub subscribed to topic 'gnus-validator-registry.3.7.144'
[2026-09-03 14:21:34][info][CRDTCallbackManager] Successfully registered new data callback for pattern: '^/?cert/[^/]+'
[2026-09-03 14:21:34.699137000][th:1237465][info] GossipPubSub /ip4/0.0.0.0/tcp/54613/p2p/12D3KooWGfrtEDPwr58FP6MSw5i1jsepecLiYvQYdaEStcNBhsMN: PubSub subscribed to topic 'consensus-channel-.3.7.144'
[2026-09-03 14:21:34][warning][Blockchain] [d6491bf3] Failed to request validator registry during blockchain init
[2026-09-03 14:21:34][info][CRDTCallbackManager] Successfully registered new data callback for pattern: '/?gnus-genesis-block'
[2026-09-03 14:21:34][info][CRDTCallbackManager] Successfully registered new data callback for pattern: '/?gnus-account-creation-.*'
[2026-09-03 14:21:34][info][CRDTCallbackManager] Successfully registered new data callback for pattern: '^/?/bc-144/tx/[^/]+'
[2026-09-03 14:21:34][info][CRDTCallbackManager] Successfully registered deleted data callback for pattern: '^/?/bc-144/tx/[^/]+'
[2026-09-03 14:21:34][info][CRDTCallbackManager] Successfully registered new data callback for pattern: '^/?/bc-963/tx/[^/]+'
[2026-09-03 14:21:34.699176000][th:1237465][info] GossipPubSub /ip4/0.0.0.0/tcp/54613/p2p/12D3KooWGfrtEDPwr58FP6MSw5i1jsepecLiYvQYdaEStcNBhsMN: PubSub subscribed to topic 'consensus-channel-.3.7.144#datastore.3.7.144'
[2026-09-03 14:21:34][info][CRDTCallbackManager] Successfully registered deleted data callback for pattern: '^/?/bc-963/tx/[^/]+'
[2026-09-03 14:21:34][info][CRDTCallbackManager] Successfully registered new data callback for pattern: '^/?/bc-369/tx/[^/]+'
[2026-09-03 14:21:34][info][CRDTCallbackManager] Successfully registered deleted data callback for pattern: '^/?/bc-369/tx/[^/]+'
[2026-09-03 14:21:34][info][KeyPairFileStorage] Path to keypairs multi_node_finality_fault/restart-certificate-passive/keypair
[2026-09-03 14:21:34][info][KeyPairFileStorage] Peer ID from public key: 12D3KooWC2TSP4T532dH9kSTG27N1RebucpTZuX99gieHwjnFqaa
Current limits: 16384 (soft), 9223372036854775807 (hard)
New limits set successfully: 16384 (soft), 9223372036854775807 (hard)
Initialized relay addresses
[2026-09-03 14:21:34.701166000][th:1236724][info] GossipPubSub /ip4/0.0.0.0/tcp/54614/p2p/12D3KooWC2TSP4T532dH9kSTG27N1RebucpTZuX99gieHwjnFqaa: Starting PubSub service
[2026-09-03 14:21:34.701227000][th:1237489][info] GossipPubSub Starting address monitoring system for mobile network changes
[2026-09-03 14:21:34.701228000][th:1237489][info] GossipPubSub === CURRENT NETWORK STATE ===
[2026-09-03 14:21:34.701234000][th:1237489][info] GossipPubSub Primary listening address: /ip4/0.0.0.0/tcp/54614/p2p/12D3KooWC2TSP4T532dH9kSTG27N1RebucpTZuX99gieHwjnFqaa
[2026-09-03 14:21:34.701235000][th:1237489][info] GossipPubSub Host peer info addresses (0):
[2026-09-03 14:21:34.701236000][th:1237489][info] GossipPubSub Additional addresses we track (0):
[2026-09-03 14:21:34.701237000][th:1237489][info] GossipPubSub Listening addresses (1):
[2026-09-03 14:21:34.701238000][th:1237489][info] GossipPubSub   -> /ip4/0.0.0.0/tcp/54614/p2p/12D3KooWC2TSP4T532dH9kSTG27N1RebucpTZuX99gieHwjnFqaa
[2026-09-03 14:21:34.701239000][th:1237489][info] GossipPubSub Interface addresses (0):
[2026-09-03 14:21:34.701239000][th:1237489][info] GossipPubSub === RAW OBSERVED ADDRESS DEBUG ===
[2026-09-03 14:21:34.701240000][th:1237489][info] GossipPubSub Local address: /ip4/0.0.0.0/tcp/54614/p2p/12D3KooWC2TSP4T532dH9kSTG27N1RebucpTZuX99gieHwjnFqaa -> 0 raw observed, 0 activated+confirmed
[2026-09-03 14:21:34.701242000][th:1237489][info] GossipPubSub TOTAL: 0 raw observed addresses, 0 activated+confirmed addresses
[2026-09-03 14:21:34.701242000][th:1237489][info] GossipPubSub === END RAW OBSERVED ADDRESS DEBUG ===
[2026-09-03 14:21:34.701243000][th:1237489][info] GossipPubSub Observed addresses - all (0):
[2026-09-03 14:21:34.701244000][th:1237489][info] GossipPubSub Observed addresses - confirmed only (0):
[2026-09-03 14:21:34.701244000][th:1237489][info] GossipPubSub Relay addresses (0):
[2026-09-03 14:21:34.701246000][th:1237489][warning] GossipPubSub Failed to get addresses from peer repository: not found
[2026-09-03 14:21:34.701279000][th:1237489][info] GossipPubSub Found 1 valid network interfaces
[2026-09-03 14:21:34.701280000][th:1237489][info] GossipPubSub Current network interfaces (1):
[2026-09-03 14:21:34.701281000][th:1237489][info] GossipPubSub   -> 192.168.1.6
[2026-09-03 14:21:34.701282000][th:1237489][info] GossipPubSub Active connections: 0
[2026-09-03 14:21:34.701282000][th:1237489][info] GossipPubSub === PEER CONNECTION DETAILS ===
[2026-09-03 14:21:34.701283000][th:1237489][info] GossipPubSub NOTE: Observed addresses need to be seen by 4+ different peer groups to become 'activated'
[2026-09-03 14:21:34.701283000][th:1237489][info] GossipPubSub NOTE: Current connections: 0, so max possible observers: 0
[2026-09-03 14:21:34.701284000][th:1237489][info] GossipPubSub === END PEER CONNECTION DETAILS ===
[2026-09-03 14:21:34.701284000][th:1237489][info] GossipPubSub Connection manager stats:
[2026-09-03 14:21:34.701289000][th:1237489][info] GossipPubSub   -> Max connections: 1000
[2026-09-03 14:21:34.701290000][th:1237489][info] GossipPubSub   -> Current connections: 0
[2026-09-03 14:21:34.701290000][th:1237489][info] GossipPubSub === END NETWORK STATE ===
[2026-09-03 14:21:34.701412000][th:1237489][info] GossipPubSub /ip4/0.0.0.0/tcp/54614/p2p/12D3KooWC2TSP4T532dH9kSTG27N1RebucpTZuX99gieHwjnFqaa : PubSub service started
[2026-09-03 14:21:34][info][GlobalDB] Opening database /Users/henriqueklein/gnus/SuperGenius/multi_node_finality_fault/restart-certificate-passive/rocksdb
[2026-09-03 14:21:34][debug][GraphsyncDAGSyncer] GraphSyncer created 5125605128 
[2026-09-03 14:21:34][info][CrdtDatastore] crdt Datastore created. Number of heads: 0 Current max-height: 0
[2026-09-03 14:21:34][info][GeniusAccount] Secure storage ID path: /Users/henriqueklein/gnus/SuperGenius/multi_node_finality_fault/restart-certificate-passive/account/secure_storage_id
[2026-09-03 14:21:34][error][GeniusAccount] Could not find existing Genius address, generating one from a random mnemonic
[2026-09-03 14:21:34][warning][UTXOManager] Found UTXOs in storage, but there were none
[2026-09-03 14:21:34][info][Blockchain] [bf3e27ed] Blockchain instance created with authorized full node: 8a33bdf1
[2026-09-03 14:21:34][error][ValidatorRegistry] InitializeCache: registry content not found during cache init
[2026-09-03 14:21:34][info][CRDTCallbackManager] Successfully registered new data callback for pattern: '/?gnus-validator-registry'
[2026-09-03 14:21:34][info][ValidatorRegistry] RegisterFilter: result=true
[2026-09-03 14:21:34][info][ValidatorRegistry] New: instance ready
[2026-09-03 14:21:34.735830000][th:1237489][info] GossipPubSub /ip4/0.0.0.0/tcp/54614/p2p/12D3KooWC2TSP4T532dH9kSTG27N1RebucpTZuX99gieHwjnFqaa: PubSub subscribed to topic 'gnus-validator-registry.3.7.144'
[2026-09-03 14:21:34][info][CRDTCallbackManager] Successfully registered new data callback for pattern: '^/?cert/[^/]+'
[2026-09-03 14:21:34.735853000][th:1237489][info] GossipPubSub /ip4/0.0.0.0/tcp/54614/p2p/12D3KooWC2TSP4T532dH9kSTG27N1RebucpTZuX99gieHwjnFqaa: PubSub subscribed to topic 'consensus-channel-.3.7.144'
[2026-09-03 14:21:34][warning][Blockchain] [bf3e27ed] Failed to request validator registry during blockchain init
[2026-09-03 14:21:34][info][CRDTCallbackManager] Successfully registered new data callback for pattern: '/?gnus-genesis-block'
[2026-09-03 14:21:34][info][CRDTCallbackManager] Successfully registered new data callback for pattern: '/?gnus-account-creation-.*'
[2026-09-03 14:21:34.735873000][th:1237489][info] GossipPubSub /ip4/0.0.0.0/tcp/54614/p2p/12D3KooWC2TSP4T532dH9kSTG27N1RebucpTZuX99gieHwjnFqaa: PubSub subscribed to topic 'consensus-channel-.3.7.144#datastore.3.7.144'
[2026-09-03 14:21:34][info][CRDTCallbackManager] Successfully registered new data callback for pattern: '^/?/bc-144/tx/[^/]+'
[2026-09-03 14:21:34][info][CRDTCallbackManager] Successfully registered deleted data callback for pattern: '^/?/bc-144/tx/[^/]+'
[2026-09-03 14:21:34][info][CRDTCallbackManager] Successfully registered new data callback for pattern: '^/?/bc-963/tx/[^/]+'
[2026-09-03 14:21:34][info][CRDTCallbackManager] Successfully registered deleted data callback for pattern: '^/?/bc-963/tx/[^/]+'
[2026-09-03 14:21:34][info][CRDTCallbackManager] Successfully registered new data callback for pattern: '^/?/bc-369/tx/[^/]+'
[2026-09-03 14:21:34][info][CRDTCallbackManager] Successfully registered deleted data callback for pattern: '^/?/bc-369/tx/[^/]+'
[2026-09-03 14:21:34][info][CrdtDatastore] Topics { name="gnus-validator-registry" }
[2026-09-03 14:21:34][info][CRDTCallbackManager] Executing callback for key '/gnus-validator-registry' matching pattern '/?gnus-validator-registry'
[2026-09-03 14:21:34][info][ValidatorRegistry] RegistryUpdateReceived: cache updated and initialized
[2026-09-03 14:21:34][debug][GraphsyncDAGSyncer] addNode: Added node QmYALZppWEUCog3DXYCnVLfXLGjKoXBHuvAMFQdtJ8VwKA on dagService 
[2026-09-03 14:21:34][info][ValidatorRegistry] StoreRegistryUpdate: stored registry update CID QmYALZppWEUCog3DXYCnVLfXLGjKoXBHuvAMFQdtJ8VwKA
[2026-09-03 14:21:34][info][ValidatorRegistry] StoreRegistryUpdate: success
[2026-09-03 14:21:34][info][CrdtDatastore] Topics { name="gnus-validator-registry" }
[2026-09-03 14:21:34][info][CRDTCallbackManager] Executing callback for key '/gnus-validator-registry' matching pattern '/?gnus-validator-registry'
[2026-09-03 14:21:34][info][ValidatorRegistry] RegistryUpdateReceived: cache updated and initialized
[2026-09-03 14:21:34][debug][GraphsyncDAGSyncer] addNode: Added node QmYALZppWEUCog3DXYCnVLfXLGjKoXBHuvAMFQdtJ8VwKA on dagService 
[2026-09-03 14:21:34][info][ValidatorRegistry] StoreRegistryUpdate: stored registry update CID QmYALZppWEUCog3DXYCnVLfXLGjKoXBHuvAMFQdtJ8VwKA
[2026-09-03 14:21:34][info][ValidatorRegistry] StoreRegistryUpdate: success
[2026-09-03 14:21:34][info][CrdtDatastore] Topics { name="gnus-validator-registry" }
[2026-09-03 14:21:34][info][CRDTCallbackManager] Executing callback for key '/gnus-validator-registry' matching pattern '/?gnus-validator-registry'
[2026-09-03 14:21:34][info][ValidatorRegistry] RegistryUpdateReceived: cache updated and initialized
[2026-09-03 14:21:34][debug][GraphsyncDAGSyncer] addNode: Added node QmYALZppWEUCog3DXYCnVLfXLGjKoXBHuvAMFQdtJ8VwKA on dagService 
[2026-09-03 14:21:34][info][ValidatorRegistry] StoreRegistryUpdate: stored registry update CID QmYALZppWEUCog3DXYCnVLfXLGjKoXBHuvAMFQdtJ8VwKA
[2026-09-03 14:21:34][info][ValidatorRegistry] StoreRegistryUpdate: success
[2026-09-03 14:21:34][info][CrdtDatastore] Topics { name="gnus-validator-registry" }
[2026-09-03 14:21:34][info][CRDTCallbackManager] Executing callback for key '/gnus-validator-registry' matching pattern '/?gnus-validator-registry'
[2026-09-03 14:21:34][info][ValidatorRegistry] RegistryUpdateReceived: cache updated and initialized
[2026-09-03 14:21:34][debug][GraphsyncDAGSyncer] addNode: Added node QmYALZppWEUCog3DXYCnVLfXLGjKoXBHuvAMFQdtJ8VwKA on dagService 
[2026-09-03 14:21:34][info][ValidatorRegistry] StoreRegistryUpdate: stored registry update CID QmYALZppWEUCog3DXYCnVLfXLGjKoXBHuvAMFQdtJ8VwKA
[2026-09-03 14:21:34][info][ValidatorRegistry] StoreRegistryUpdate: success
[2026-09-03 14:21:34.779311000][th:1237420][info] GossipPubSub Adding new peer: 12D3KooWAwAuQWtSKMeDLq9kt4dMMA6agQhzNo2UJeqQ8DdFVMu4
[2026-09-03 14:21:34.779362000][th:1237420][info] GossipPubSub Adding new peer: 12D3KooWGfrtEDPwr58FP6MSw5i1jsepecLiYvQYdaEStcNBhsMN
[2026-09-03 14:21:34.779392000][th:1237444][info] GossipPubSub Adding new peer: 12D3KooWRwZVq69y5ioj6NFJscYQLuRn2GfzF4b5GtiWwBcqSGVJ
[2026-09-03 14:21:34.779411000][th:1237420][info] GossipPubSub Adding new peer: 12D3KooWC2TSP4T532dH9kSTG27N1RebucpTZuX99gieHwjnFqaa
[2026-09-03 14:21:34.779423000][th:1237444][info] GossipPubSub Adding new peer: 12D3KooWGfrtEDPwr58FP6MSw5i1jsepecLiYvQYdaEStcNBhsMN
[2026-09-03 14:21:34.779454000][th:1237444][info] GossipPubSub Adding new peer: 12D3KooWC2TSP4T532dH9kSTG27N1RebucpTZuX99gieHwjnFqaa
[2026-09-03 14:21:34.779485000][th:1237465][info] GossipPubSub Adding new peer: 12D3KooWRwZVq69y5ioj6NFJscYQLuRn2GfzF4b5GtiWwBcqSGVJ
[2026-09-03 14:21:34.779515000][th:1237465][info] GossipPubSub Adding new peer: 12D3KooWAwAuQWtSKMeDLq9kt4dMMA6agQhzNo2UJeqQ8DdFVMu4
[2026-09-03 14:21:34.779545000][th:1237465][info] GossipPubSub Adding new peer: 12D3KooWC2TSP4T532dH9kSTG27N1RebucpTZuX99gieHwjnFqaa
[2026-09-03 14:21:34.779576000][th:1237489][info] GossipPubSub Adding new peer: 12D3KooWRwZVq69y5ioj6NFJscYQLuRn2GfzF4b5GtiWwBcqSGVJ
[2026-09-03 14:21:34.779607000][th:1237489][info] GossipPubSub Adding new peer: 12D3KooWAwAuQWtSKMeDLq9kt4dMMA6agQhzNo2UJeqQ8DdFVMu4
[2026-09-03 14:21:34.779638000][th:1237489][info] GossipPubSub Adding new peer: 12D3KooWGfrtEDPwr58FP6MSw5i1jsepecLiYvQYdaEStcNBhsMN
[2026-09-03 14:21:34][info][TransactionManager] [d8851a9f - full: false] ChangeTransactionState: Temp tracking entry created tx=ea42687536104d1fba4f3fbe44288edcae2fc55c05e3ab5f41969dea0821a175
[2026-09-03 14:21:34][info][TransactionManager] [bf3e27ed - full: false] ChangeTransactionState: Temp tracking entry created tx=ea42687536104d1fba4f3fbe44288edcae2fc55c05e3ab5f41969dea0821a175
[2026-09-03 14:21:34][info][TransactionManager] [d6491bf3 - full: false] ChangeTransactionState: Temp tracking entry created tx=ea42687536104d1fba4f3fbe44288edcae2fc55c05e3ab5f41969dea0821a175
[2026-09-03 14:21:34][info][TransactionManager] [75436ba7 - full: false] ChangeTransactionState: Temp tracking entry created tx=ea42687536104d1fba4f3fbe44288edcae2fc55c05e3ab5f41969dea0821a175
[2026-09-03 14:21:37][error][ConsensusManager] HandleVote: ignored: proposal has not won frozen slot arbitration proposal_id=1dc1f975
[2026-09-03 14:21:37][error][ConsensusManager] HandleVote: ignored: proposal has not won frozen slot arbitration proposal_id=1dc1f975
[2026-09-03 14:21:37][error][ConsensusManager] HandleVote: ignored: proposal has not won frozen slot arbitration proposal_id=1dc1f975
[2026-09-03 14:21:37][error][ConsensusManager] HandleVote: ignored: proposal has not won frozen slot arbitration proposal_id=1dc1f975
[2026-09-03 14:21:39][info][CrdtDatastore] Topics { name="consensus-channel-.3.7.144#datastore" }
[2026-09-03 14:21:39][info][CRDTCallbackManager] Executing callback for key '/cert/mint-v2:test:0000000000000000000000000000000000000000000000000000000000000000:42:d8851a9fb386afb7d5712be22faa7b455fcc5e88fba834e52c75dfadfafe2ffe85040bebf92e25790060b09cdcbc9ff908468cc9a3493d823577591ffe39cfc3:cccccccccccccccccccccccccccccccccccccccccccccccccccccccccccccccc' matching pattern '^/?cert/[^/]+'
[2026-09-03 14:21:39][debug][GraphsyncDAGSyncer] addNode: Added node QmV4pHi2Kd2twmbmCSNTnNFKWfL8o34V1HCskJDox8sk1J on dagService 
[2026-09-03 14:21:39][info][UTXOManager] Stored 1 UTXOs for address d8851a9fb386afb7d5712be22faa7b455fcc5e88fba834e52c75dfadfafe2ffe85040bebf92e25790060b09cdcbc9ff908468cc9a3493d823577591ffe39cfc3
[2026-09-03 14:21:39][info][UTXOManager] Stored 2 UTXOs for address d8851a9fb386afb7d5712be22faa7b455fcc5e88fba834e52c75dfadfafe2ffe85040bebf92e25790060b09cdcbc9ff908468cc9a3493d823577591ffe39cfc3
[2026-09-03 14:21:39][warning][TransactionManager] [d8851a9f - full: false] Mint-v2 ea42687536104d1fba4f3fbe44288edcae2fc55c05e3ab5f41969dea0821a175 did not consume every burn input (already consumed or missing); burn outpoint metadata may have been rebuilt with zero amount
[2026-09-03 14:21:39][info][TransactionManager] [d8851a9f - full: false] Created tokens (mint-v2), amount 42 balance 42
[2026-09-03 14:21:39][info][TransactionManager] [d8851a9f - full: false] ChangeTransactionState: Tracking entry confirmed tx=ea42687536104d1fba4f3fbe44288edcae2fc55c05e3ab5f41969dea0821a175
[2026-09-03 14:21:39][info][UTXOManager] Created checkpoint owner=d8851a9fb386afb7d5712be22faa7b455fcc5e88fba834e52c75dfadfafe2ffe85040bebf92e25790060b09cdcbc9ff908468cc9a3493d823577591ffe39cfc3 epoch=1 utxo_count=1
[2026-09-03 14:21:39][debug][GraphsyncDAGSyncer] Registered new peer 12D3KooWRwZVq69y5ioj6NFJscYQLuRn2GfzF4b5GtiWwBcqSGVJ with key 0
[2026-09-03 14:21:39][debug][GraphsyncDAGSyncer] Added route for CID QmV4pHi2Kd2twmbmCSNTnNFKWfL8o34V1HCskJDox8sk1J to peer 12D3KooWRwZVq69y5ioj6NFJscYQLuRn2GfzF4b5GtiWwBcqSGVJ (key 0, route_count=1)
[2026-09-03 14:21:39][debug][GraphsyncDAGSyncer] Registered new peer 12D3KooWRwZVq69y5ioj6NFJscYQLuRn2GfzF4b5GtiWwBcqSGVJ with key 0
[2026-09-03 14:21:39][debug][GraphsyncDAGSyncer] Added route for CID QmV4pHi2Kd2twmbmCSNTnNFKWfL8o34V1HCskJDox8sk1J to peer 12D3KooWRwZVq69y5ioj6NFJscYQLuRn2GfzF4b5GtiWwBcqSGVJ (key 0, route_count=1)
[2026-09-03 14:21:39][debug][GraphsyncDAGSyncer] Registered new peer 12D3KooWRwZVq69y5ioj6NFJscYQLuRn2GfzF4b5GtiWwBcqSGVJ with key 0
[2026-09-03 14:21:39][debug][GraphsyncDAGSyncer] Added route for CID QmV4pHi2Kd2twmbmCSNTnNFKWfL8o34V1HCskJDox8sk1J to peer 12D3KooWRwZVq69y5ioj6NFJscYQLuRn2GfzF4b5GtiWwBcqSGVJ (key 0, route_count=1)
[2026-09-03 14:21:39][debug][GraphsyncDAGSyncer] Block initialized without content to LRU cache: CID QmV4pHi2Kd2twmbmCSNTnNFKWfL8o34V1HCskJDox8sk1J, cache size: 1
[2026-09-03 14:21:39][debug][GraphsyncDAGSyncer] Requesting Node QmV4pHi2Kd2twmbmCSNTnNFKWfL8o34V1HCskJDox8sk1J on this 5107936120
[2026-09-03 14:21:39][debug][GraphsyncDAGSyncer] Return node for CID QmV4pHi2Kd2twmbmCSNTnNFKWfL8o34V1HCskJDox8sk1J instance=4580203832
[2026-09-03 14:21:39.726401000][th:1237444][warning] graphsync Request 1 for CID QmV4pHi2Kd2twmbmCSNTnNFKWfL8o34V1HCskJDox8sk1J got RS_FULL_CONTENT but no blocks received yet
[2026-09-03 14:21:39][debug][GraphsyncDAGSyncer] request progress: code=FULL_CONTENT, extensions=(graphsync/response-metadata: 0x80) (graphsync/do-not-send-cids: 0x80) 
[2026-09-03 14:21:39][debug][GraphsyncDAGSyncer] HasBlock: false, cid: QmV4pHi2Kd2twmbmCSNTnNFKWfL8o34V1HCskJDox8sk1J
[2026-09-03 14:21:39][debug][GraphsyncDAGSyncer] Existing block updated in LRU cache: CID QmV4pHi2Kd2twmbmCSNTnNFKWfL8o34V1HCskJDox8sk1J
[2026-09-03 14:21:39][debug][GraphsyncDAGSyncer] Node added to dagService. CID: QmV4pHi2Kd2twmbmCSNTnNFKWfL8o34V1HCskJDox8sk1J, links: []
[2026-09-03 14:21:39][debug][GraphsyncDAGSyncer] Seeing if peer 12D3KooWRwZVq69y5ioj6NFJscYQLuRn2GfzF4b5GtiWwBcqSGVJ has links to AddRoute
[2026-09-03 14:21:39][info][GraphsyncDAGSyncer] TraverseCIDsLinks: Checking links on { cid="QmV4pHi2Kd2twmbmCSNTnNFKWfL8o34V1HCskJDox8sk1J", name="" }
[2026-09-03 14:21:39][info][GraphsyncDAGSyncer] TraverseCIDsLinks: Completed traversal. Links to fetch: 0, Visited: 0
[2026-09-03 14:21:39][debug][GraphsyncDAGSyncer] Block initialized without content to LRU cache: CID QmV4pHi2Kd2twmbmCSNTnNFKWfL8o34V1HCskJDox8sk1J, cache size: 1
[2026-09-03 14:21:39][debug][GraphsyncDAGSyncer] Requesting Node QmV4pHi2Kd2twmbmCSNTnNFKWfL8o34V1HCskJDox8sk1J on this 4569782504
[2026-09-03 14:21:39][debug][GraphsyncDAGSyncer] Return node for CID QmV4pHi2Kd2twmbmCSNTnNFKWfL8o34V1HCskJDox8sk1J instance=4580203832
[2026-09-03 14:21:39.780738000][th:1237465][warning] graphsync Request 1 for CID QmV4pHi2Kd2twmbmCSNTnNFKWfL8o34V1HCskJDox8sk1J got RS_FULL_CONTENT but no blocks received yet
[2026-09-03 14:21:39][debug][GraphsyncDAGSyncer] request progress: code=FULL_CONTENT, extensions=(graphsync/response-metadata: 0x80) (graphsync/do-not-send-cids: 0x80) 
[2026-09-03 14:21:39][debug][GraphsyncDAGSyncer] HasBlock: false, cid: QmV4pHi2Kd2twmbmCSNTnNFKWfL8o34V1HCskJDox8sk1J
[2026-09-03 14:21:39][debug][GraphsyncDAGSyncer] Existing block updated in LRU cache: CID QmV4pHi2Kd2twmbmCSNTnNFKWfL8o34V1HCskJDox8sk1J
[2026-09-03 14:21:39][debug][GraphsyncDAGSyncer] Node added to dagService. CID: QmV4pHi2Kd2twmbmCSNTnNFKWfL8o34V1HCskJDox8sk1J, links: []
[2026-09-03 14:21:39][debug][GraphsyncDAGSyncer] Seeing if peer 12D3KooWRwZVq69y5ioj6NFJscYQLuRn2GfzF4b5GtiWwBcqSGVJ has links to AddRoute
[2026-09-03 14:21:39][info][GraphsyncDAGSyncer] TraverseCIDsLinks: Checking links on { cid="QmV4pHi2Kd2twmbmCSNTnNFKWfL8o34V1HCskJDox8sk1J", name="" }
[2026-09-03 14:21:39][info][GraphsyncDAGSyncer] TraverseCIDsLinks: Completed traversal. Links to fetch: 0, Visited: 0
[2026-09-03 14:21:39][debug][GraphsyncDAGSyncer] Block initialized without content to LRU cache: CID QmV4pHi2Kd2twmbmCSNTnNFKWfL8o34V1HCskJDox8sk1J, cache size: 1
[2026-09-03 14:21:39][debug][GraphsyncDAGSyncer] Requesting Node QmV4pHi2Kd2twmbmCSNTnNFKWfL8o34V1HCskJDox8sk1J on this 5125605128
[2026-09-03 14:21:39][debug][GraphsyncDAGSyncer] Return node for CID QmV4pHi2Kd2twmbmCSNTnNFKWfL8o34V1HCskJDox8sk1J instance=4580203832
[2026-09-03 14:21:39.796840000][th:1237489][warning] graphsync Request 1 for CID QmV4pHi2Kd2twmbmCSNTnNFKWfL8o34V1HCskJDox8sk1J got RS_FULL_CONTENT but no blocks received yet
[2026-09-03 14:21:39][debug][GraphsyncDAGSyncer] request progress: code=FULL_CONTENT, extensions=(graphsync/response-metadata: 0x80) (graphsync/do-not-send-cids: 0x80) 
[2026-09-03 14:21:39][debug][GraphsyncDAGSyncer] HasBlock: false, cid: QmV4pHi2Kd2twmbmCSNTnNFKWfL8o34V1HCskJDox8sk1J
[2026-09-03 14:21:39][debug][GraphsyncDAGSyncer] Existing block updated in LRU cache: CID QmV4pHi2Kd2twmbmCSNTnNFKWfL8o34V1HCskJDox8sk1J
[2026-09-03 14:21:39][debug][GraphsyncDAGSyncer] Node added to dagService. CID: QmV4pHi2Kd2twmbmCSNTnNFKWfL8o34V1HCskJDox8sk1J, links: []
[2026-09-03 14:21:39][debug][GraphsyncDAGSyncer] Seeing if peer 12D3KooWRwZVq69y5ioj6NFJscYQLuRn2GfzF4b5GtiWwBcqSGVJ has links to AddRoute
[2026-09-03 14:21:39][info][GraphsyncDAGSyncer] TraverseCIDsLinks: Checking links on { cid="QmV4pHi2Kd2twmbmCSNTnNFKWfL8o34V1HCskJDox8sk1J", name="" }
[2026-09-03 14:21:39][info][GraphsyncDAGSyncer] TraverseCIDsLinks: Completed traversal. Links to fetch: 0, Visited: 0
[2026-09-03 14:21:39][debug][GraphsyncDAGSyncer] Return node for CID QmV4pHi2Kd2twmbmCSNTnNFKWfL8o34V1HCskJDox8sk1J instance=5107936120
[2026-09-03 14:21:39][info][CRDTCallbackManager] Executing callback for key '/cert/mint-v2:test:0000000000000000000000000000000000000000000000000000000000000000:42:d8851a9fb386afb7d5712be22faa7b455fcc5e88fba834e52c75dfadfafe2ffe85040bebf92e25790060b09cdcbc9ff908468cc9a3493d823577591ffe39cfc3:cccccccccccccccccccccccccccccccccccccccccccccccccccccccccccccccc' matching pattern '^/?cert/[^/]+'
[2026-09-03 14:21:39][debug][GraphsyncDAGSyncer] addNode: Added node QmV4pHi2Kd2twmbmCSNTnNFKWfL8o34V1HCskJDox8sk1J on dagService 
[2026-09-03 14:21:39][debug][GraphsyncDAGSyncer] Block removed from LRU cache: CID QmV4pHi2Kd2twmbmCSNTnNFKWfL8o34V1HCskJDox8sk1J
[2026-09-03 14:21:39][debug][GraphsyncDAGSyncer] Return node for CID QmV4pHi2Kd2twmbmCSNTnNFKWfL8o34V1HCskJDox8sk1J instance=4569782504
[2026-09-03 14:21:39][debug][GraphsyncDAGSyncer] Return node for CID QmV4pHi2Kd2twmbmCSNTnNFKWfL8o34V1HCskJDox8sk1J instance=5125605128
[2026-09-03 14:21:39][info][CRDTCallbackManager] Executing callback for key '/cert/mint-v2:test:0000000000000000000000000000000000000000000000000000000000000000:42:d8851a9fb386afb7d5712be22faa7b455fcc5e88fba834e52c75dfadfafe2ffe85040bebf92e25790060b09cdcbc9ff908468cc9a3493d823577591ffe39cfc3:cccccccccccccccccccccccccccccccccccccccccccccccccccccccccccccccc' matching pattern '^/?cert/[^/]+'
[2026-09-03 14:21:39][debug][GraphsyncDAGSyncer] addNode: Added node QmV4pHi2Kd2twmbmCSNTnNFKWfL8o34V1HCskJDox8sk1J on dagService 
[2026-09-03 14:21:39][debug][GraphsyncDAGSyncer] Block removed from LRU cache: CID QmV4pHi2Kd2twmbmCSNTnNFKWfL8o34V1HCskJDox8sk1J
[2026-09-03 14:21:39][info][CRDTCallbackManager] Executing callback for key '/cert/mint-v2:test:0000000000000000000000000000000000000000000000000000000000000000:42:d8851a9fb386afb7d5712be22faa7b455fcc5e88fba834e52c75dfadfafe2ffe85040bebf92e25790060b09cdcbc9ff908468cc9a3493d823577591ffe39cfc3:cccccccccccccccccccccccccccccccccccccccccccccccccccccccccccccccc' matching pattern '^/?cert/[^/]+'
[2026-09-03 14:21:39][debug][GraphsyncDAGSyncer] addNode: Added node QmV4pHi2Kd2twmbmCSNTnNFKWfL8o34V1HCskJDox8sk1J on dagService 
[2026-09-03 14:21:39][debug][GraphsyncDAGSyncer] Block removed from LRU cache: CID QmV4pHi2Kd2twmbmCSNTnNFKWfL8o34V1HCskJDox8sk1J
[2026-09-03 14:21:40][info][CRDTCallbackManager] Successfully unregistered new data callback for pattern: '^/?/bc-144/tx/[^/]+'
[2026-09-03 14:21:40][info][CRDTCallbackManager] Successfully unregistered deleted data callback for pattern: '^/?/bc-144/tx/[^/]+'
[2026-09-03 14:21:40][info][CRDTCallbackManager] Successfully unregistered new data callback for pattern: '^/?/bc-963/tx/[^/]+'
[2026-09-03 14:21:40][info][CRDTCallbackManager] Successfully unregistered deleted data callback for pattern: '^/?/bc-963/tx/[^/]+'
[2026-09-03 14:21:40][info][CRDTCallbackManager] Successfully unregistered new data callback for pattern: '^/?/bc-369/tx/[^/]+'
[2026-09-03 14:21:40][info][CRDTCallbackManager] Successfully unregistered deleted data callback for pattern: '^/?/bc-369/tx/[^/]+'
[2026-09-03 14:21:40][info][TransactionManager] [75436ba7 - full: false] ~TransactionManager: Metrics — cert_fallback(success=0 failure=0) validation(approve=1 reject=0) tracking(insert=1 confirm=0 fail=0)
[2026-09-03 14:21:40][info][Blockchain] [75436ba7] Stopping blockchain
[2026-09-03 14:21:40][info][CRDTCallbackManager] Successfully unregistered new data callback for pattern: '/?gnus-genesis-block'
[2026-09-03 14:21:40][info][CRDTCallbackManager] Successfully unregistered new data callback for pattern: '/?gnus-account-creation-.*'
[2026-09-03 14:21:40][info][CRDTCallbackManager] Successfully unregistered new data callback for pattern: '/?gnus-validator-registry'
[2026-09-03 14:21:40][debug][GlobalDB] ~GlobalDB CALLED with count 6 on multi_node_finality_fault/restart-certificate-validator-two/rocksdb 
[2026-09-03 14:21:40][info][GlobalDB] GlobalDB shutdown start
[2026-09-03 14:21:40][info][CrdtDatastore] CancelAndCloseNow: begin (pending_jobs=1, self_queue=0, root_queue=0, pending_roots=0, active_root=false)
[2026-09-03 14:21:40][debug][GraphsyncDAGSyncer] Stopping Dagsyncer
[2026-09-03 14:21:40][debug][GraphsyncDAGSyncer] Dagsyncer Stopped
[2026-09-03 14:21:40.281691000][th:1237420][error] graphsync Varint Error msg=Stream: closed by remote peer
[2026-09-03 14:21:40.281698000][th:1237420][info] graphsync stream read error, peer=dFVMu4, msg=stream is not readable
[2026-09-03 14:21:40.281772000][th:1237444][error] graphsync Varint Error msg=Stream: closed by this host
[2026-09-03 14:21:40][info][UTXOManager] Stored 1 UTXOs for address d8851a9fb386afb7d5712be22faa7b455fcc5e88fba834e52c75dfadfafe2ffe85040bebf92e25790060b09cdcbc9ff908468cc9a3493d823577591ffe39cfc3
[2026-09-03 14:21:40][info][UTXOManager] Stored 2 UTXOs for address d8851a9fb386afb7d5712be22faa7b455fcc5e88fba834e52c75dfadfafe2ffe85040bebf92e25790060b09cdcbc9ff908468cc9a3493d823577591ffe39cfc3
[2026-09-03 14:21:40][warning][TransactionManager] [d6491bf3 - full: false] Mint-v2 ea42687536104d1fba4f3fbe44288edcae2fc55c05e3ab5f41969dea0821a175 did not consume every burn input (already consumed or missing); burn outpoint metadata may have been rebuilt with zero amount
[2026-09-03 14:21:40][info][TransactionManager] [d6491bf3 - full: false] Created tokens (mint-v2), amount 42 balance 0
[2026-09-03 14:21:40][info][UTXOManager] Stored 1 UTXOs for address d8851a9fb386afb7d5712be22faa7b455fcc5e88fba834e52c75dfadfafe2ffe85040bebf92e25790060b09cdcbc9ff908468cc9a3493d823577591ffe39cfc3
[2026-09-03 14:21:40][info][TransactionManager] [d6491bf3 - full: false] ChangeTransactionState: Tracking entry confirmed tx=ea42687536104d1fba4f3fbe44288edcae2fc55c05e3ab5f41969dea0821a175
[2026-09-03 14:21:40][info][UTXOManager] Stored 2 UTXOs for address d8851a9fb386afb7d5712be22faa7b455fcc5e88fba834e52c75dfadfafe2ffe85040bebf92e25790060b09cdcbc9ff908468cc9a3493d823577591ffe39cfc3
[2026-09-03 14:21:40][warning][TransactionManager] [bf3e27ed - full: false] Mint-v2 ea42687536104d1fba4f3fbe44288edcae2fc55c05e3ab5f41969dea0821a175 did not consume every burn input (already consumed or missing); burn outpoint metadata may have been rebuilt with zero amount
[2026-09-03 14:21:40][info][TransactionManager] [bf3e27ed - full: false] Created tokens (mint-v2), amount 42 balance 0
[2026-09-03 14:21:40][info][TransactionManager] [bf3e27ed - full: false] ChangeTransactionState: Tracking entry confirmed tx=ea42687536104d1fba4f3fbe44288edcae2fc55c05e3ab5f41969dea0821a175
[2026-09-03 14:21:40][info][UTXOManager] Created checkpoint owner=d6491bf3330aa35c5bf6d1db9a7a07666b696009a0cebc23fb3c37de36d0ad2d19817d2cf89887e4c09d894658b970be1999d987982838ce114587798f1512c7 epoch=1 utxo_count=0
[2026-09-03 14:21:40][info][UTXOManager] Created checkpoint owner=bf3e27ed7ed95b5da410b2b36d9389401bb8cef29da0c637b37c8de3b79f04fb0db5e26553e148fbc39e127f2e1bdedbe7b786322c11db46f98c2f40335cfc65 epoch=1 utxo_count=0
[2026-09-03 14:21:40][info][CrdtDatastore] CancelAndCloseNow: CRDT workers stopped
[2026-09-03 14:21:40][warning][CrdtDatastore] CancelAndCloseNow called but shutdown has already started
[2026-09-03 14:21:40][debug][GraphsyncDAGSyncer] ~GraphsyncDAGSyncer CALLED
[2026-09-03 14:21:40][info][GlobalDB] GlobalDB shutdown finished
[2026-09-03 14:21:40.738392000][th:1237444][error] GossipPubSub Address monitoring timer error: Operation canceled
[2026-09-03 14:21:41][info][KeyPairFileStorage] Path to keypairs multi_node_finality_fault/restart-certificate-validator-two/keypair
[2026-09-03 14:21:41][info][KeyPairFileStorage] Peer ID from public key: 12D3KooWAwAuQWtSKMeDLq9kt4dMMA6agQhzNo2UJeqQ8DdFVMu4
Current limits: 16384 (soft), 9223372036854775807 (hard)
New limits set successfully: 16384 (soft), 9223372036854775807 (hard)
Initialized relay addresses
[2026-09-03 14:21:41.753491000][th:1236724][info] GossipPubSub /ip4/0.0.0.0/tcp/54612/p2p/12D3KooWAwAuQWtSKMeDLq9kt4dMMA6agQhzNo2UJeqQ8DdFVMu4: Starting PubSub service
[2026-09-03 14:21:41.753692000][th:1237641][info] GossipPubSub Starting address monitoring system for mobile network changes
[2026-09-03 14:21:41.753701000][th:1237641][info] GossipPubSub === CURRENT NETWORK STATE ===
[2026-09-03 14:21:41.753719000][th:1237641][info] GossipPubSub Primary listening address: /ip4/0.0.0.0/tcp/54612/p2p/12D3KooWAwAuQWtSKMeDLq9kt4dMMA6agQhzNo2UJeqQ8DdFVMu4
[2026-09-03 14:21:41.753721000][th:1237641][info] GossipPubSub Host peer info addresses (0):
[2026-09-03 14:21:41.753723000][th:1237641][info] GossipPubSub Additional addresses we track (0):
[2026-09-03 14:21:41.753724000][th:1237641][info] GossipPubSub Listening addresses (1):
[2026-09-03 14:21:41.753725000][th:1237641][info] GossipPubSub   -> /ip4/0.0.0.0/tcp/54612/p2p/12D3KooWAwAuQWtSKMeDLq9kt4dMMA6agQhzNo2UJeqQ8DdFVMu4
[2026-09-03 14:21:41.753727000][th:1237641][info] GossipPubSub Interface addresses (0):
[2026-09-03 14:21:41.753727000][th:1237641][info] GossipPubSub === RAW OBSERVED ADDRESS DEBUG ===
[2026-09-03 14:21:41.753730000][th:1237641][info] GossipPubSub Local address: /ip4/0.0.0.0/tcp/54612/p2p/12D3KooWAwAuQWtSKMeDLq9kt4dMMA6agQhzNo2UJeqQ8DdFVMu4 -> 0 raw observed, 0 activated+confirmed
[2026-09-03 14:21:41.753733000][th:1237641][info] GossipPubSub TOTAL: 0 raw observed addresses, 0 activated+confirmed addresses
[2026-09-03 14:21:41.753733000][th:1237641][info] GossipPubSub === END RAW OBSERVED ADDRESS DEBUG ===
[2026-09-03 14:21:41.753734000][th:1237641][info] GossipPubSub Observed addresses - all (0):
[2026-09-03 14:21:41.753736000][th:1237641][info] GossipPubSub Observed addresses - confirmed only (0):
[2026-09-03 14:21:41.753737000][th:1237641][info] GossipPubSub Relay addresses (0):
[2026-09-03 14:21:41.753741000][th:1237641][warning] GossipPubSub Failed to get addresses from peer repository: not found
[2026-09-03 14:21:41.753827000][th:1237641][info] GossipPubSub Found 1 valid network interfaces
[2026-09-03 14:21:41.753832000][th:1237641][info] GossipPubSub Current network interfaces (1):
[2026-09-03 14:21:41.753833000][th:1237641][info] GossipPubSub   -> 192.168.1.6
[2026-09-03 14:21:41.753845000][th:1237641][info] GossipPubSub Active connections: 0
[2026-09-03 14:21:41.753846000][th:1237641][info] GossipPubSub === PEER CONNECTION DETAILS ===
[2026-09-03 14:21:41.753847000][th:1237641][info] GossipPubSub NOTE: Observed addresses need to be seen by 4+ different peer groups to become 'activated'
[2026-09-03 14:21:41.753849000][th:1237641][info] GossipPubSub NOTE: Current connections: 0, so max possible observers: 0
[2026-09-03 14:21:41.753850000][th:1237641][info] GossipPubSub === END PEER CONNECTION DETAILS ===
[2026-09-03 14:21:41.753851000][th:1237641][info] GossipPubSub Connection manager stats:
[2026-09-03 14:21:41.753852000][th:1237641][info] GossipPubSub   -> Max connections: 1000
[2026-09-03 14:21:41.753853000][th:1237641][info] GossipPubSub   -> Current connections: 0
[2026-09-03 14:21:41.753854000][th:1237641][info] GossipPubSub === END NETWORK STATE ===
[2026-09-03 14:21:41.754264000][th:1237641][info] GossipPubSub /ip4/0.0.0.0/tcp/54612/p2p/12D3KooWAwAuQWtSKMeDLq9kt4dMMA6agQhzNo2UJeqQ8DdFVMu4 : PubSub service started
[2026-09-03 14:21:41][info][GlobalDB] Opening database /Users/henriqueklein/gnus/SuperGenius/multi_node_finality_fault/restart-certificate-validator-two/rocksdb
[2026-09-03 14:21:41][debug][GraphsyncDAGSyncer] GraphSyncer created 4570788472 
[2026-09-03 14:21:41][info][CrdtDatastore] crdt Datastore created. Number of heads: 2 Current max-height: 18446744073709551615
[2026-09-03 14:21:41][info][GeniusAccount] Secure storage ID path: /Users/henriqueklein/gnus/SuperGenius/multi_node_finality_fault/restart-certificate-validator-two/account/secure_storage_id
[2026-09-03 14:21:41][info][GeniusAccount] Loaded public key from file: 75436ba7bf8465bb... (length: 128)
[2026-09-03 14:21:41][info][GeniusAccount] Successfully loaded key_seed from storage
[2026-09-03 14:21:41][info][GeniusAccount] Validation successful: key_seed matches stored public key
[2026-09-03 14:21:41][warning][UTXOManager] Found UTXOs in storage, but there were none
[2026-09-03 14:21:41][info][Blockchain] [75436ba7] Blockchain instance created with authorized full node: 8a33bdf1
[2026-09-03 14:21:41][info][ValidatorRegistry] InitializeCache: cache initialized with CID QmYALZppWEUCog3DXYCnVLfXLGjKoXBHuvAMFQdtJ8VwKA
[2026-09-03 14:21:41][info][CRDTCallbackManager] Successfully registered new data callback for pattern: '/?gnus-validator-registry'
[2026-09-03 14:21:41][info][ValidatorRegistry] RegisterFilter: result=true
[2026-09-03 14:21:41][info][ValidatorRegistry] New: instance ready
[2026-09-03 14:21:41.779758000][th:1237641][info] GossipPubSub /ip4/0.0.0.0/tcp/54612/p2p/12D3KooWAwAuQWtSKMeDLq9kt4dMMA6agQhzNo2UJeqQ8DdFVMu4: PubSub subscribed to topic 'gnus-validator-registry.3.7.144'
[2026-09-03 14:21:41][info][CRDTCallbackManager] Successfully registered new data callback for pattern: '^/?cert/[^/]+'
[2026-09-03 14:21:41.779801000][th:1237641][info] GossipPubSub /ip4/0.0.0.0/tcp/54612/p2p/12D3KooWAwAuQWtSKMeDLq9kt4dMMA6agQhzNo2UJeqQ8DdFVMu4: PubSub subscribed to topic 'consensus-channel-.3.7.144'
[2026-09-03 14:21:41.779829000][th:1237641][info] GossipPubSub /ip4/0.0.0.0/tcp/54612/p2p/12D3KooWAwAuQWtSKMeDLq9kt4dMMA6agQhzNo2UJeqQ8DdFVMu4: PubSub subscribed to topic 'consensus-channel-.3.7.144#datastore.3.7.144'
[2026-09-03 14:21:41][warning][ConsensusManager] ProcessCommittedCertificate: No subject handler for certificate with key /cert/mint-v2:test:0000000000000000000000000000000000000000000000000000000000000000:42:d8851a9fb386afb7d5712be22faa7b455fcc5e88fba834e52c75dfadfafe2ffe85040bebf92e25790060b09cdcbc9ff908468cc9a3493d823577591ffe39cfc3:cccccccccccccccccccccccccccccccccccccccccccccccccccccccccccccccc 
[2026-09-03 14:21:41][warning][ConsensusManager] ProcessCommittedCertificate: No subject handler for certificate with key /cert/mint-v2:test:0000000000000000000000000000000000000000000000000000000000000000:42:d8851a9fb386afb7d5712be22faa7b455fcc5e88fba834e52c75dfadfafe2ffe85040bebf92e25790060b09cdcbc9ff908468cc9a3493d823577591ffe39cfc3:cccccccccccccccccccccccccccccccccccccccccccccccccccccccccccccccc 
[2026-09-03 14:21:41][info][CRDTCallbackManager] Successfully registered new data callback for pattern: '/?gnus-genesis-block'
[2026-09-03 14:21:41][info][CRDTCallbackManager] Successfully registered new data callback for pattern: '/?gnus-account-creation-.*'
[2026-09-03 14:21:41][info][UTXOManager] Stored 1 UTXOs for address d8851a9fb386afb7d5712be22faa7b455fcc5e88fba834e52c75dfadfafe2ffe85040bebf92e25790060b09cdcbc9ff908468cc9a3493d823577591ffe39cfc3
[2026-09-03 14:21:41][info][UTXOManager] Stored 2 UTXOs for address d8851a9fb386afb7d5712be22faa7b455fcc5e88fba834e52c75dfadfafe2ffe85040bebf92e25790060b09cdcbc9ff908468cc9a3493d823577591ffe39cfc3
[2026-09-03 14:21:41][warning][TransactionManager] [75436ba7 - full: false] Mint-v2 ea42687536104d1fba4f3fbe44288edcae2fc55c05e3ab5f41969dea0821a175 did not consume every burn input (already consumed or missing); burn outpoint metadata may have been rebuilt with zero amount
[2026-09-03 14:21:41][info][TransactionManager] [75436ba7 - full: false] Created tokens (mint-v2), amount 42 balance 0
[2026-09-03 14:21:41][info][TransactionManager] [75436ba7 - full: false] ChangeTransactionState: Tracking entry confirmed tx=ea42687536104d1fba4f3fbe44288edcae2fc55c05e3ab5f41969dea0821a175
[2026-09-03 14:21:41][info][TransactionManager] [75436ba7 - full: false] OnConsensusCertificate: Standalone validator confirmed tx ea42687536104d1fba4f3fbe44288edcae2fc55c05e3ab5f41969dea0821a175 from certificate proposal_id=1dc1f9751579ea1edb9229d9cda6153f7569ac10df233835b5bb9cabc9066282
[2026-09-03 14:21:41][info][UTXOManager] Created checkpoint owner=75436ba7bf8465bb8589c80af8df67838d136e292d44e4ccee173fed8717f12d848b1329874d4e016e4ad022f676c47956d588d832e77772b12565d478f8808a epoch=1 utxo_count=0
[2026-09-03 14:21:41][info][CRDTCallbackManager] Successfully registered new data callback for pattern: '^/?/bc-144/tx/[^/]+'
[2026-09-03 14:21:41][info][CRDTCallbackManager] Successfully registered deleted data callback for pattern: '^/?/bc-144/tx/[^/]+'
[2026-09-03 14:21:41][info][CRDTCallbackManager] Successfully registered new data callback for pattern: '^/?/bc-963/tx/[^/]+'
[2026-09-03 14:21:41][info][CRDTCallbackManager] Successfully registered deleted data callback for pattern: '^/?/bc-963/tx/[^/]+'
[2026-09-03 14:21:41][info][CRDTCallbackManager] Successfully registered new data callback for pattern: '^/?/bc-369/tx/[^/]+'
[2026-09-03 14:21:41][info][CRDTCallbackManager] Successfully registered deleted data callback for pattern: '^/?/bc-369/tx/[^/]+'
[2026-09-03 14:21:41.821952000][th:1237420][info] GossipPubSub Adding new peer: 12D3KooWAwAuQWtSKMeDLq9kt4dMMA6agQhzNo2UJeqQ8DdFVMu4
[2026-09-03 14:21:41.822032000][th:1237420][info] GossipPubSub Adding new peer: 12D3KooWGfrtEDPwr58FP6MSw5i1jsepecLiYvQYdaEStcNBhsMN
[2026-09-03 14:21:41.822087000][th:1237420][info] GossipPubSub Adding new peer: 12D3KooWC2TSP4T532dH9kSTG27N1RebucpTZuX99gieHwjnFqaa
[2026-09-03 14:21:41.822154000][th:1237641][info] GossipPubSub Adding new peer: 12D3KooWRwZVq69y5ioj6NFJscYQLuRn2GfzF4b5GtiWwBcqSGVJ
[2026-09-03 14:21:41.822214000][th:1237641][info] GossipPubSub Adding new peer: 12D3KooWGfrtEDPwr58FP6MSw5i1jsepecLiYvQYdaEStcNBhsMN
[2026-09-03 14:21:41.822275000][th:1237641][info] GossipPubSub Adding new peer: 12D3KooWC2TSP4T532dH9kSTG27N1RebucpTZuX99gieHwjnFqaa
[2026-09-03 14:21:41.822341000][th:1237465][info] GossipPubSub Adding new peer: 12D3KooWRwZVq69y5ioj6NFJscYQLuRn2GfzF4b5GtiWwBcqSGVJ
[2026-09-03 14:21:41.822401000][th:1237465][info] GossipPubSub Adding new peer: 12D3KooWAwAuQWtSKMeDLq9kt4dMMA6agQhzNo2UJeqQ8DdFVMu4
[2026-09-03 14:21:41.822461000][th:1237465][info] GossipPubSub Adding new peer: 12D3KooWC2TSP4T532dH9kSTG27N1RebucpTZuX99gieHwjnFqaa
[2026-09-03 14:21:41.822522000][th:1237489][info] GossipPubSub Adding new peer: 12D3KooWRwZVq69y5ioj6NFJscYQLuRn2GfzF4b5GtiWwBcqSGVJ
[2026-09-03 14:21:41.822583000][th:1237489][info] GossipPubSub Adding new peer: 12D3KooWAwAuQWtSKMeDLq9kt4dMMA6agQhzNo2UJeqQ8DdFVMu4
[2026-09-03 14:21:41.822643000][th:1237489][info] GossipPubSub Adding new peer: 12D3KooWGfrtEDPwr58FP6MSw5i1jsepecLiYvQYdaEStcNBhsMN
[2026-09-03 14:21:41][info][CRDTCallbackManager] Successfully unregistered new data callback for pattern: '^/?/bc-144/tx/[^/]+'
[2026-09-03 14:21:41][info][CRDTCallbackManager] Successfully unregistered deleted data callback for pattern: '^/?/bc-144/tx/[^/]+'
[2026-09-03 14:21:41][info][CRDTCallbackManager] Successfully unregistered new data callback for pattern: '^/?/bc-963/tx/[^/]+'
[2026-09-03 14:21:41][info][CRDTCallbackManager] Successfully unregistered deleted data callback for pattern: '^/?/bc-963/tx/[^/]+'
[2026-09-03 14:21:41][info][CRDTCallbackManager] Successfully unregistered new data callback for pattern: '^/?/bc-369/tx/[^/]+'
[2026-09-03 14:21:41][info][CRDTCallbackManager] Successfully unregistered deleted data callback for pattern: '^/?/bc-369/tx/[^/]+'
[2026-09-03 14:21:41][info][TransactionManager] [d8851a9f - full: false] ~TransactionManager: Metrics — cert_fallback(success=0 failure=0) validation(approve=1 reject=0) tracking(insert=1 confirm=1 fail=0)
[2026-09-03 14:21:41][info][Blockchain] [d8851a9f] Stopping blockchain
[2026-09-03 14:21:41][info][CRDTCallbackManager] Successfully unregistered new data callback for pattern: '/?gnus-genesis-block'
[2026-09-03 14:21:41][info][CRDTCallbackManager] Successfully unregistered new data callback for pattern: '/?gnus-account-creation-.*'
[2026-09-03 14:21:41][info][CRDTCallbackManager] Successfully unregistered new data callback for pattern: '/?gnus-validator-registry'
[2026-09-03 14:21:41][debug][GlobalDB] ~GlobalDB CALLED with count 6 on multi_node_finality_fault/restart-certificate-validator-one/rocksdb 
[2026-09-03 14:21:41][info][GlobalDB] GlobalDB shutdown start
[2026-09-03 14:21:41][info][CrdtDatastore] CancelAndCloseNow: begin (pending_jobs=1, self_queue=0, root_queue=0, pending_roots=0, active_root=false)
[2026-09-03 14:21:41][debug][GraphsyncDAGSyncer] Stopping Dagsyncer
[2026-09-03 14:21:41][debug][GraphsyncDAGSyncer] Dagsyncer Stopped
[2026-09-03 14:21:41.918239000][th:1237489][error] graphsync Varint Error msg=Stream: closed by remote peer
[2026-09-03 14:21:41.918247000][th:1237489][info] graphsync stream read error, peer=cqSGVJ, msg=stream is not readable
[2026-09-03 14:21:41.918256000][th:1237465][error] graphsync Varint Error msg=Stream: closed by remote peer
[2026-09-03 14:21:41.918258000][th:1237465][info] graphsync stream read error, peer=cqSGVJ, msg=stream is not readable
[2026-09-03 14:21:41.918321000][th:1237420][error] graphsync Varint Error msg=Stream: closed by this host
[2026-09-03 14:21:41.918330000][th:1237420][error] graphsync Varint Error msg=Stream: closed by this host
[2026-09-03 14:21:42][info][CrdtDatastore] CancelAndCloseNow: CRDT workers stopped
[2026-09-03 14:21:42][warning][CrdtDatastore] CancelAndCloseNow called but shutdown has already started
[2026-09-03 14:21:42][debug][GraphsyncDAGSyncer] ~GraphsyncDAGSyncer CALLED
[2026-09-03 14:21:42][info][GlobalDB] GlobalDB shutdown finished
[2026-09-03 14:21:42.191817000][th:1237420][error] GossipPubSub Address monitoring timer error: Operation canceled
[2026-09-03 14:21:43][info][KeyPairFileStorage] Path to keypairs multi_node_finality_fault/restart-certificate-validator-one/keypair
[2026-09-03 14:21:43][info][KeyPairFileStorage] Peer ID from public key: 12D3KooWRwZVq69y5ioj6NFJscYQLuRn2GfzF4b5GtiWwBcqSGVJ
Current limits: 16384 (soft), 9223372036854775807 (hard)
New limits set successfully: 16384 (soft), 9223372036854775807 (hard)
Initialized relay addresses
[2026-09-03 14:21:43.197168000][th:1236724][info] GossipPubSub /ip4/0.0.0.0/tcp/54611/p2p/12D3KooWRwZVq69y5ioj6NFJscYQLuRn2GfzF4b5GtiWwBcqSGVJ: Starting PubSub service
[2026-09-03 14:21:43.197303000][th:1237748][info] GossipPubSub Starting address monitoring system for mobile network changes
[2026-09-03 14:21:43.197306000][th:1237748][info] GossipPubSub === CURRENT NETWORK STATE ===
[2026-09-03 14:21:43.197321000][th:1237748][info] GossipPubSub Primary listening address: /ip4/0.0.0.0/tcp/54611/p2p/12D3KooWRwZVq69y5ioj6NFJscYQLuRn2GfzF4b5GtiWwBcqSGVJ
[2026-09-03 14:21:43.197323000][th:1237748][info] GossipPubSub Host peer info addresses (0):
[2026-09-03 14:21:43.197335000][th:1237748][info] GossipPubSub Additional addresses we track (0):
[2026-09-03 14:21:43.197342000][th:1237748][info] GossipPubSub Listening addresses (1):
[2026-09-03 14:21:43.197345000][th:1237748][info] GossipPubSub   -> /ip4/0.0.0.0/tcp/54611/p2p/12D3KooWRwZVq69y5ioj6NFJscYQLuRn2GfzF4b5GtiWwBcqSGVJ
[2026-09-03 14:21:43.197347000][th:1237748][info] GossipPubSub Interface addresses (0):
[2026-09-03 14:21:43.197349000][th:1237748][info] GossipPubSub === RAW OBSERVED ADDRESS DEBUG ===
[2026-09-03 14:21:43.197353000][th:1237748][info] GossipPubSub Local address: /ip4/0.0.0.0/tcp/54611/p2p/12D3KooWRwZVq69y5ioj6NFJscYQLuRn2GfzF4b5GtiWwBcqSGVJ -> 0 raw observed, 0 activated+confirmed
[2026-09-03 14:21:43.197355000][th:1237748][info] GossipPubSub TOTAL: 0 raw observed addresses, 0 activated+confirmed addresses
[2026-09-03 14:21:43.197356000][th:1237748][info] GossipPubSub === END RAW OBSERVED ADDRESS DEBUG ===
[2026-09-03 14:21:43.197358000][th:1237748][info] GossipPubSub Observed addresses - all (0):
[2026-09-03 14:21:43.197360000][th:1237748][info] GossipPubSub Observed addresses - confirmed only (0):
[2026-09-03 14:21:43.197361000][th:1237748][info] GossipPubSub Relay addresses (0):
[2026-09-03 14:21:43.197365000][th:1237748][warning] GossipPubSub Failed to get addresses from peer repository: not found
[2026-09-03 14:21:43.197434000][th:1237748][info] GossipPubSub Found 1 valid network interfaces
[2026-09-03 14:21:43.197437000][th:1237748][info] GossipPubSub Current network interfaces (1):
[2026-09-03 14:21:43.197438000][th:1237748][info] GossipPubSub   -> 192.168.1.6
[2026-09-03 14:21:43.197440000][th:1237748][info] GossipPubSub Active connections: 0
[2026-09-03 14:21:43.197441000][th:1237748][info] GossipPubSub === PEER CONNECTION DETAILS ===
[2026-09-03 14:21:43.197442000][th:1237748][info] GossipPubSub NOTE: Observed addresses need to be seen by 4+ different peer groups to become 'activated'
[2026-09-03 14:21:43.197445000][th:1237748][info] GossipPubSub NOTE: Current connections: 0, so max possible observers: 0
[2026-09-03 14:21:43.197446000][th:1237748][info] GossipPubSub === END PEER CONNECTION DETAILS ===
[2026-09-03 14:21:43.197447000][th:1237748][info] GossipPubSub Connection manager stats:
[2026-09-03 14:21:43.197449000][th:1237748][info] GossipPubSub   -> Max connections: 1000
[2026-09-03 14:21:43.197450000][th:1237748][info] GossipPubSub   -> Current connections: 0
[2026-09-03 14:21:43.197452000][th:1237748][info] GossipPubSub === END NETWORK STATE ===
[2026-09-03 14:21:43.197683000][th:1237748][info] GossipPubSub /ip4/0.0.0.0/tcp/54611/p2p/12D3KooWRwZVq69y5ioj6NFJscYQLuRn2GfzF4b5GtiWwBcqSGVJ : PubSub service started
[2026-09-03 14:21:43][info][GlobalDB] Opening database /Users/henriqueklein/gnus/SuperGenius/multi_node_finality_fault/restart-certificate-validator-one/rocksdb
[2026-09-03 14:21:43][debug][GraphsyncDAGSyncer] GraphSyncer created 4569808760 
[2026-09-03 14:21:43][info][CrdtDatastore] crdt Datastore created. Number of heads: 2 Current max-height: 18446744073709551615
[2026-09-03 14:21:43][info][GeniusAccount] Secure storage ID path: /Users/henriqueklein/gnus/SuperGenius/multi_node_finality_fault/restart-certificate-validator-one/account/secure_storage_id
[2026-09-03 14:21:43][info][GeniusAccount] Loaded public key from file: d8851a9fb386afb7... (length: 128)
[2026-09-03 14:21:43][info][GeniusAccount] Successfully loaded key_seed from storage
[2026-09-03 14:21:43][info][GeniusAccount] Validation successful: key_seed matches stored public key
[2026-09-03 14:21:43][warning][UTXOManager] Skipping malformed UTXO key /utxo-checkpoint/d8851a9fb386afb7d5712be22faa7b455fcc5e88fba834e52c75dfadfafe2ffe85040bebf92e25790060b09cdcbc9ff908468cc9a3493d823577591ffe39cfc3/1
[2026-09-03 14:21:43][warning][UTXOManager] Skipping malformed UTXO key /utxo-checkpoint/d8851a9fb386afb7d5712be22faa7b455fcc5e88fba834e52c75dfadfafe2ffe85040bebf92e25790060b09cdcbc9ff908468cc9a3493d823577591ffe39cfc3/latest
[2026-09-03 14:21:43][info][Blockchain] [d8851a9f] Blockchain instance created with authorized full node: 8a33bdf1
[2026-09-03 14:21:43][info][ValidatorRegistry] InitializeCache: cache initialized with CID QmYALZppWEUCog3DXYCnVLfXLGjKoXBHuvAMFQdtJ8VwKA
[2026-09-03 14:21:43][info][CRDTCallbackManager] Successfully registered new data callback for pattern: '/?gnus-validator-registry'
[2026-09-03 14:21:43][info][ValidatorRegistry] RegisterFilter: result=true
[2026-09-03 14:21:43][info][ValidatorRegistry] New: instance ready
[2026-09-03 14:21:43.226072000][th:1237748][info] GossipPubSub /ip4/0.0.0.0/tcp/54611/p2p/12D3KooWRwZVq69y5ioj6NFJscYQLuRn2GfzF4b5GtiWwBcqSGVJ: PubSub subscribed to topic 'gnus-validator-registry.3.7.144'
[2026-09-03 14:21:43][info][CRDTCallbackManager] Successfully registered new data callback for pattern: '^/?cert/[^/]+'
[2026-09-03 14:21:43.226097000][th:1237748][info] GossipPubSub /ip4/0.0.0.0/tcp/54611/p2p/12D3KooWRwZVq69y5ioj6NFJscYQLuRn2GfzF4b5GtiWwBcqSGVJ: PubSub subscribed to topic 'consensus-channel-.3.7.144'
[2026-09-03 14:21:43.226117000][th:1237748][info] GossipPubSub /ip4/0.0.0.0/tcp/54611/p2p/12D3KooWRwZVq69y5ioj6NFJscYQLuRn2GfzF4b5GtiWwBcqSGVJ: PubSub subscribed to topic 'consensus-channel-.3.7.144#datastore.3.7.144'
[2026-09-03 14:21:43][info][CRDTCallbackManager] Successfully registered new data callback for pattern: '/?gnus-genesis-block'
[2026-09-03 14:21:43][info][CRDTCallbackManager] Successfully registered new data callback for pattern: '/?gnus-account-creation-.*'
[2026-09-03 14:21:43][info][CRDTCallbackManager] Successfully registered new data callback for pattern: '^/?/bc-144/tx/[^/]+'
[2026-09-03 14:21:43][info][CRDTCallbackManager] Successfully registered deleted data callback for pattern: '^/?/bc-144/tx/[^/]+'
[2026-09-03 14:21:43][info][CRDTCallbackManager] Successfully registered new data callback for pattern: '^/?/bc-963/tx/[^/]+'
[2026-09-03 14:21:43][info][CRDTCallbackManager] Successfully registered deleted data callback for pattern: '^/?/bc-963/tx/[^/]+'
[2026-09-03 14:21:43][info][CRDTCallbackManager] Successfully registered new data callback for pattern: '^/?/bc-369/tx/[^/]+'
[2026-09-03 14:21:43][info][CRDTCallbackManager] Successfully registered deleted data callback for pattern: '^/?/bc-369/tx/[^/]+'
[2026-09-03 14:21:43][info][CRDTCallbackManager] Successfully unregistered new data callback for pattern: '^/?/bc-144/tx/[^/]+'
[2026-09-03 14:21:43][info][CRDTCallbackManager] Successfully unregistered deleted data callback for pattern: '^/?/bc-144/tx/[^/]+'
[2026-09-03 14:21:43][info][CRDTCallbackManager] Successfully unregistered new data callback for pattern: '^/?/bc-963/tx/[^/]+'
[2026-09-03 14:21:43][info][CRDTCallbackManager] Successfully unregistered deleted data callback for pattern: '^/?/bc-963/tx/[^/]+'
[2026-09-03 14:21:43][info][CRDTCallbackManager] Successfully unregistered new data callback for pattern: '^/?/bc-369/tx/[^/]+'
[2026-09-03 14:21:43][info][CRDTCallbackManager] Successfully unregistered deleted data callback for pattern: '^/?/bc-369/tx/[^/]+'
[2026-09-03 14:21:43][info][TransactionManager] [75436ba7 - full: false] ~TransactionManager: Metrics — cert_fallback(success=1 failure=0) validation(approve=0 reject=0) tracking(insert=0 confirm=1 fail=0)
[2026-09-03 14:21:43][info][Blockchain] [75436ba7] Stopping blockchain
[2026-09-03 14:21:43][info][CRDTCallbackManager] Successfully unregistered new data callback for pattern: '/?gnus-genesis-block'
[2026-09-03 14:21:43][info][CRDTCallbackManager] Successfully unregistered new data callback for pattern: '/?gnus-account-creation-.*'
[2026-09-03 14:21:43][info][CRDTCallbackManager] Successfully unregistered new data callback for pattern: '/?gnus-validator-registry'
[2026-09-03 14:21:43][debug][GlobalDB] ~GlobalDB CALLED with count 6 on multi_node_finality_fault/restart-certificate-validator-two/rocksdb 
[2026-09-03 14:21:43][info][GlobalDB] GlobalDB shutdown start
[2026-09-03 14:21:43][info][CrdtDatastore] CancelAndCloseNow: begin (pending_jobs=0, self_queue=0, root_queue=0, pending_roots=0, active_root=false)
[2026-09-03 14:21:43][debug][GraphsyncDAGSyncer] Stopping Dagsyncer
[2026-09-03 14:21:43][debug][GraphsyncDAGSyncer] Dagsyncer Stopped
[2026-09-03 14:21:43][info][CrdtDatastore] CancelAndCloseNow: CRDT workers stopped
[2026-09-03 14:21:43][warning][CrdtDatastore] CancelAndCloseNow called but shutdown has already started
[2026-09-03 14:21:43][debug][GraphsyncDAGSyncer] ~GraphsyncDAGSyncer CALLED
[2026-09-03 14:21:43][info][GlobalDB] GlobalDB shutdown finished
[2026-09-03 14:21:43.295458000][th:1237641][error] GossipPubSub Address monitoring timer error: Operation canceled
[2026-09-03 14:21:44][info][KeyPairFileStorage] Path to keypairs multi_node_finality_fault/restart-certificate-validator-two/keypair
[2026-09-03 14:21:44][info][KeyPairFileStorage] Peer ID from public key: 12D3KooWAwAuQWtSKMeDLq9kt4dMMA6agQhzNo2UJeqQ8DdFVMu4
Current limits: 16384 (soft), 9223372036854775807 (hard)
New limits set successfully: 16384 (soft), 9223372036854775807 (hard)
Initialized relay addresses
[2026-09-03 14:21:44.302409000][th:1236724][info] GossipPubSub /ip4/0.0.0.0/tcp/54612/p2p/12D3KooWAwAuQWtSKMeDLq9kt4dMMA6agQhzNo2UJeqQ8DdFVMu4: Starting PubSub service
[2026-09-03 14:21:44.302471000][th:1237855][info] GossipPubSub Starting address monitoring system for mobile network changes
[2026-09-03 14:21:44.302474000][th:1237855][info] GossipPubSub === CURRENT NETWORK STATE ===
[2026-09-03 14:21:44.302480000][th:1237855][info] GossipPubSub Primary listening address: /ip4/0.0.0.0/tcp/54612/p2p/12D3KooWAwAuQWtSKMeDLq9kt4dMMA6agQhzNo2UJeqQ8DdFVMu4
[2026-09-03 14:21:44.302481000][th:1237855][info] GossipPubSub Host peer info addresses (0):
[2026-09-03 14:21:44.302482000][th:1237855][info] GossipPubSub Additional addresses we track (0):
[2026-09-03 14:21:44.302482000][th:1237855][info] GossipPubSub Listening addresses (1):
[2026-09-03 14:21:44.302483000][th:1237855][info] GossipPubSub   -> /ip4/0.0.0.0/tcp/54612/p2p/12D3KooWAwAuQWtSKMeDLq9kt4dMMA6agQhzNo2UJeqQ8DdFVMu4
[2026-09-03 14:21:44.302484000][th:1237855][info] GossipPubSub Interface addresses (0):
[2026-09-03 14:21:44.302484000][th:1237855][info] GossipPubSub === RAW OBSERVED ADDRESS DEBUG ===
[2026-09-03 14:21:44.302486000][th:1237855][info] GossipPubSub Local address: /ip4/0.0.0.0/tcp/54612/p2p/12D3KooWAwAuQWtSKMeDLq9kt4dMMA6agQhzNo2UJeqQ8DdFVMu4 -> 0 raw observed, 0 activated+confirmed
[2026-09-03 14:21:44.302487000][th:1237855][info] GossipPubSub TOTAL: 0 raw observed addresses, 0 activated+confirmed addresses
[2026-09-03 14:21:44.302487000][th:1237855][info] GossipPubSub === END RAW OBSERVED ADDRESS DEBUG ===
[2026-09-03 14:21:44.302488000][th:1237855][info] GossipPubSub Observed addresses - all (0):
[2026-09-03 14:21:44.302488000][th:1237855][info] GossipPubSub Observed addresses - confirmed only (0):
[2026-09-03 14:21:44.302489000][th:1237855][info] GossipPubSub Relay addresses (0):
[2026-09-03 14:21:44.302490000][th:1237855][warning] GossipPubSub Failed to get addresses from peer repository: not found
[2026-09-03 14:21:44.302517000][th:1237855][info] GossipPubSub Found 1 valid network interfaces
[2026-09-03 14:21:44.302519000][th:1237855][info] GossipPubSub Current network interfaces (1):
[2026-09-03 14:21:44.302519000][th:1237855][info] GossipPubSub   -> 192.168.1.6
[2026-09-03 14:21:44.302520000][th:1237855][info] GossipPubSub Active connections: 0
[2026-09-03 14:21:44.302521000][th:1237855][info] GossipPubSub === PEER CONNECTION DETAILS ===
[2026-09-03 14:21:44.302521000][th:1237855][info] GossipPubSub NOTE: Observed addresses need to be seen by 4+ different peer groups to become 'activated'
[2026-09-03 14:21:44.302522000][th:1237855][info] GossipPubSub NOTE: Current connections: 0, so max possible observers: 0
[2026-09-03 14:21:44.302522000][th:1237855][info] GossipPubSub === END PEER CONNECTION DETAILS ===
[2026-09-03 14:21:44.302522000][th:1237855][info] GossipPubSub Connection manager stats:
[2026-09-03 14:21:44.302523000][th:1237855][info] GossipPubSub   -> Max connections: 1000
[2026-09-03 14:21:44.302524000][th:1237855][info] GossipPubSub   -> Current connections: 0
[2026-09-03 14:21:44.302524000][th:1237855][info] GossipPubSub === END NETWORK STATE ===
[2026-09-03 14:21:44.302629000][th:1237855][info] GossipPubSub /ip4/0.0.0.0/tcp/54612/p2p/12D3KooWAwAuQWtSKMeDLq9kt4dMMA6agQhzNo2UJeqQ8DdFVMu4 : PubSub service started
[2026-09-03 14:21:44][info][GlobalDB] Opening database /Users/henriqueklein/gnus/SuperGenius/multi_node_finality_fault/restart-certificate-validator-two/rocksdb
[2026-09-03 14:21:44][debug][GraphsyncDAGSyncer] GraphSyncer created 5108024888 
[2026-09-03 14:21:44][info][CrdtDatastore] crdt Datastore created. Number of heads: 2 Current max-height: 18446744073709551615
[2026-09-03 14:21:44][info][GeniusAccount] Secure storage ID path: /Users/henriqueklein/gnus/SuperGenius/multi_node_finality_fault/restart-certificate-validator-two/account/secure_storage_id
[2026-09-03 14:21:44][info][GeniusAccount] Loaded public key from file: 75436ba7bf8465bb... (length: 128)
[2026-09-03 14:21:44][info][GeniusAccount] Successfully loaded key_seed from storage
[2026-09-03 14:21:44][info][GeniusAccount] Validation successful: key_seed matches stored public key
[2026-09-03 14:21:44][warning][UTXOManager] Skipping malformed UTXO key /utxo-checkpoint/75436ba7bf8465bb8589c80af8df67838d136e292d44e4ccee173fed8717f12d848b1329874d4e016e4ad022f676c47956d588d832e77772b12565d478f8808a/1
[2026-09-03 14:21:44][warning][UTXOManager] Skipping malformed UTXO key /utxo-checkpoint/75436ba7bf8465bb8589c80af8df67838d136e292d44e4ccee173fed8717f12d848b1329874d4e016e4ad022f676c47956d588d832e77772b12565d478f8808a/latest
[2026-09-03 14:21:44][info][Blockchain] [75436ba7] Blockchain instance created with authorized full node: 8a33bdf1
[2026-09-03 14:21:44][info][ValidatorRegistry] InitializeCache: cache initialized with CID QmYALZppWEUCog3DXYCnVLfXLGjKoXBHuvAMFQdtJ8VwKA
[2026-09-03 14:21:44][info][CRDTCallbackManager] Successfully registered new data callback for pattern: '/?gnus-validator-registry'
[2026-09-03 14:21:44][info][ValidatorRegistry] RegisterFilter: result=true
[2026-09-03 14:21:44][info][ValidatorRegistry] New: instance ready
[2026-09-03 14:21:44.324888000][th:1237855][info] GossipPubSub /ip4/0.0.0.0/tcp/54612/p2p/12D3KooWAwAuQWtSKMeDLq9kt4dMMA6agQhzNo2UJeqQ8DdFVMu4: PubSub subscribed to topic 'gnus-validator-registry.3.7.144'
[2026-09-03 14:21:44][info][CRDTCallbackManager] Successfully registered new data callback for pattern: '^/?cert/[^/]+'
[2026-09-03 14:21:44.324906000][th:1237855][info] GossipPubSub /ip4/0.0.0.0/tcp/54612/p2p/12D3KooWAwAuQWtSKMeDLq9kt4dMMA6agQhzNo2UJeqQ8DdFVMu4: PubSub subscribed to topic 'consensus-channel-.3.7.144'
[2026-09-03 14:21:44.324922000][th:1237855][info] GossipPubSub /ip4/0.0.0.0/tcp/54612/p2p/12D3KooWAwAuQWtSKMeDLq9kt4dMMA6agQhzNo2UJeqQ8DdFVMu4: PubSub subscribed to topic 'consensus-channel-.3.7.144#datastore.3.7.144'
[2026-09-03 14:21:44][info][CRDTCallbackManager] Successfully registered new data callback for pattern: '/?gnus-genesis-block'
[2026-09-03 14:21:44][info][CRDTCallbackManager] Successfully registered new data callback for pattern: '/?gnus-account-creation-.*'
[2026-09-03 14:21:44][info][CRDTCallbackManager] Successfully registered new data callback for pattern: '^/?/bc-144/tx/[^/]+'
[2026-09-03 14:21:44][info][CRDTCallbackManager] Successfully registered deleted data callback for pattern: '^/?/bc-144/tx/[^/]+'
[2026-09-03 14:21:44][info][CRDTCallbackManager] Successfully registered new data callback for pattern: '^/?/bc-963/tx/[^/]+'
[2026-09-03 14:21:44][info][CRDTCallbackManager] Successfully registered deleted data callback for pattern: '^/?/bc-963/tx/[^/]+'
[2026-09-03 14:21:44][info][CRDTCallbackManager] Successfully registered new data callback for pattern: '^/?/bc-369/tx/[^/]+'
[2026-09-03 14:21:44][info][CRDTCallbackManager] Successfully registered deleted data callback for pattern: '^/?/bc-369/tx/[^/]+'
[2026-09-03 14:21:44][info][CRDTCallbackManager] Successfully unregistered new data callback for pattern: '^/?/bc-144/tx/[^/]+'
[2026-09-03 14:21:44][info][CRDTCallbackManager] Successfully unregistered deleted data callback for pattern: '^/?/bc-144/tx/[^/]+'
[2026-09-03 14:21:44][info][CRDTCallbackManager] Successfully unregistered new data callback for pattern: '^/?/bc-963/tx/[^/]+'
[2026-09-03 14:21:44][info][CRDTCallbackManager] Successfully unregistered deleted data callback for pattern: '^/?/bc-963/tx/[^/]+'
[2026-09-03 14:21:44][info][CRDTCallbackManager] Successfully unregistered new data callback for pattern: '^/?/bc-369/tx/[^/]+'
[2026-09-03 14:21:44][info][CRDTCallbackManager] Successfully unregistered deleted data callback for pattern: '^/?/bc-369/tx/[^/]+'
[2026-09-03 14:21:44][info][TransactionManager] [d6491bf3 - full: false] ~TransactionManager: Metrics — cert_fallback(success=0 failure=0) validation(approve=1 reject=0) tracking(insert=1 confirm=1 fail=0)
[2026-09-03 14:21:44][info][Blockchain] [d6491bf3] Stopping blockchain
[2026-09-03 14:21:44][info][CRDTCallbackManager] Successfully unregistered new data callback for pattern: '/?gnus-genesis-block'
[2026-09-03 14:21:44][info][CRDTCallbackManager] Successfully unregistered new data callback for pattern: '/?gnus-account-creation-.*'
[2026-09-03 14:21:44][info][CRDTCallbackManager] Successfully unregistered new data callback for pattern: '/?gnus-validator-registry'
[2026-09-03 14:21:44][debug][GlobalDB] ~GlobalDB CALLED with count 6 on multi_node_finality_fault/restart-certificate-validator-three/rocksdb 
[2026-09-03 14:21:44][info][GlobalDB] GlobalDB shutdown start
[2026-09-03 14:21:44][info][CrdtDatastore] CancelAndCloseNow: begin (pending_jobs=1, self_queue=0, root_queue=0, pending_roots=0, active_root=false)
[2026-09-03 14:21:44][debug][GraphsyncDAGSyncer] Stopping Dagsyncer
[2026-09-03 14:21:44][debug][GraphsyncDAGSyncer] Dagsyncer Stopped
[2026-09-03 14:21:44.639743000][th:1236757][info] GossipPubSub === Address Refresh Cycle Started ===
[2026-09-03 14:21:44.639822000][th:1236757][info] GossipPubSub Found 1 valid network interfaces
[2026-09-03 14:21:44.639913000][th:1236757][info] GossipPubSub   -> New interface address: /ip4/192.168.1.6/tcp/40001/p2p/12D3KooWKyaTMfeUxpzwvoTxGx6SWVwxkPvPmVHNfL1kSxuJvHXh
[2026-09-03 14:21:44.639941000][th:1236757][info] GossipPubSub Successfully refreshed 1 addresses with 10-minute TTL
[2026-09-03 14:21:44.639944000][th:1236757][info] GossipPubSub === Address Refresh Cycle Completed ===
[2026-09-03 14:21:44.639945000][th:1236757][info] GossipPubSub === CURRENT NETWORK STATE ===
[2026-09-03 14:21:44.639953000][th:1236757][info] GossipPubSub Primary listening address: /ip4/0.0.0.0/tcp/40001/p2p/12D3KooWKyaTMfeUxpzwvoTxGx6SWVwxkPvPmVHNfL1kSxuJvHXh
[2026-09-03 14:21:44.639954000][th:1236757][info] GossipPubSub Host peer info addresses (0):
[2026-09-03 14:21:44.639955000][th:1236757][info] GossipPubSub Additional addresses we track (1):
[2026-09-03 14:21:44.639956000][th:1236757][info] GossipPubSub   -> /ip4/192.168.1.6/tcp/40001/p2p/12D3KooWKyaTMfeUxpzwvoTxGx6SWVwxkPvPmVHNfL1kSxuJvHXh
[2026-09-03 14:21:44.639957000][th:1236757][info] GossipPubSub Listening addresses (1):
[2026-09-03 14:21:44.639958000][th:1236757][info] GossipPubSub   -> /ip4/0.0.0.0/tcp/40001/p2p/12D3KooWKyaTMfeUxpzwvoTxGx6SWVwxkPvPmVHNfL1kSxuJvHXh
[2026-09-03 14:21:44.639959000][th:1236757][info] GossipPubSub Interface addresses (0):
[2026-09-03 14:21:44.639960000][th:1236757][info] GossipPubSub === RAW OBSERVED ADDRESS DEBUG ===
[2026-09-03 14:21:44.639962000][th:1236757][info] GossipPubSub Local address: /ip4/0.0.0.0/tcp/40001/p2p/12D3KooWKyaTMfeUxpzwvoTxGx6SWVwxkPvPmVHNfL1kSxuJvHXh -> 0 raw observed, 0 activated+confirmed
[2026-09-03 14:21:44.639964000][th:1236757][info] GossipPubSub TOTAL: 0 raw observed addresses, 0 activated+confirmed addresses
[2026-09-03 14:21:44.639965000][th:1236757][info] GossipPubSub === END RAW OBSERVED ADDRESS DEBUG ===
[2026-09-03 14:21:44.639966000][th:1236757][info] GossipPubSub Observed addresses - all (0):
[2026-09-03 14:21:44.639967000][th:1236757][info] GossipPubSub Observed addresses - confirmed only (0):
[2026-09-03 14:21:44.639968000][th:1236757][info] GossipPubSub Relay addresses (0):
[2026-09-03 14:21:44.639989000][th:1236757][info] GossipPubSub Peer repository addresses (1):
[2026-09-03 14:21:44.639991000][th:1236757][info] GossipPubSub   -> /ip4/192.168.1.6/tcp/40001/p2p/12D3KooWKyaTMfeUxpzwvoTxGx6SWVwxkPvPmVHNfL1kSxuJvHXh
[2026-09-03 14:21:44.640014000][th:1236757][info] GossipPubSub Found 1 valid network interfaces
[2026-09-03 14:21:44.640016000][th:1236757][info] GossipPubSub Current network interfaces (1):
[2026-09-03 14:21:44.640017000][th:1236757][info] GossipPubSub   -> 192.168.1.6
[2026-09-03 14:21:44.640018000][th:1236757][info] GossipPubSub Active connections: 0
[2026-09-03 14:21:44.640019000][th:1236757][info] GossipPubSub === PEER CONNECTION DETAILS ===
[2026-09-03 14:21:44.640020000][th:1236757][info] GossipPubSub NOTE: Observed addresses need to be seen by 4+ different peer groups to become 'activated'
[2026-09-03 14:21:44.640021000][th:1236757][info] GossipPubSub NOTE: Current connections: 0, so max possible observers: 0
[2026-09-03 14:21:44.640022000][th:1236757][info] GossipPubSub === END PEER CONNECTION DETAILS ===
[2026-09-03 14:21:44.640023000][th:1236757][info] GossipPubSub Connection manager stats:
[2026-09-03 14:21:44.640024000][th:1236757][info] GossipPubSub   -> Max connections: 1000
[2026-09-03 14:21:44.640025000][th:1236757][info] GossipPubSub   -> Current connections: 0
[2026-09-03 14:21:44.640026000][th:1236757][info] GossipPubSub === END NETWORK STATE ===
[2026-09-03 14:21:44][info][CrdtDatastore] CancelAndCloseNow: CRDT workers stopped
[2026-09-03 14:21:44][warning][CrdtDatastore] CancelAndCloseNow called but shutdown has already started
[2026-09-03 14:21:44][debug][GraphsyncDAGSyncer] ~GraphsyncDAGSyncer CALLED
[2026-09-03 14:21:44][info][GlobalDB] GlobalDB shutdown finished
[2026-09-03 14:21:44.825746000][th:1237465][error] GossipPubSub Address monitoring timer error: Operation canceled
[2026-09-03 14:21:45][info][KeyPairFileStorage] Path to keypairs multi_node_finality_fault/restart-certificate-validator-three/keypair
[2026-09-03 14:21:45][info][KeyPairFileStorage] Peer ID from public key: 12D3KooWGfrtEDPwr58FP6MSw5i1jsepecLiYvQYdaEStcNBhsMN
Current limits: 16384 (soft), 9223372036854775807 (hard)
New limits set successfully: 16384 (soft), 9223372036854775807 (hard)
Initialized relay addresses
[2026-09-03 14:21:45.832190000][th:1236724][info] GossipPubSub /ip4/0.0.0.0/tcp/54613/p2p/12D3KooWGfrtEDPwr58FP6MSw5i1jsepecLiYvQYdaEStcNBhsMN: Starting PubSub service
[2026-09-03 14:21:45.832249000][th:1237946][info] GossipPubSub Starting address monitoring system for mobile network changes
[2026-09-03 14:21:45.832250000][th:1237946][info] GossipPubSub === CURRENT NETWORK STATE ===
[2026-09-03 14:21:45.832256000][th:1237946][info] GossipPubSub Primary listening address: /ip4/0.0.0.0/tcp/54613/p2p/12D3KooWGfrtEDPwr58FP6MSw5i1jsepecLiYvQYdaEStcNBhsMN
[2026-09-03 14:21:45.832257000][th:1237946][info] GossipPubSub Host peer info addresses (0):
[2026-09-03 14:21:45.832258000][th:1237946][info] GossipPubSub Additional addresses we track (0):
[2026-09-03 14:21:45.832259000][th:1237946][info] GossipPubSub Listening addresses (1):
[2026-09-03 14:21:45.832260000][th:1237946][info] GossipPubSub   -> /ip4/0.0.0.0/tcp/54613/p2p/12D3KooWGfrtEDPwr58FP6MSw5i1jsepecLiYvQYdaEStcNBhsMN
[2026-09-03 14:21:45.832261000][th:1237946][info] GossipPubSub Interface addresses (0):
[2026-09-03 14:21:45.832261000][th:1237946][info] GossipPubSub === RAW OBSERVED ADDRESS DEBUG ===
[2026-09-03 14:21:45.832263000][th:1237946][info] GossipPubSub Local address: /ip4/0.0.0.0/tcp/54613/p2p/12D3KooWGfrtEDPwr58FP6MSw5i1jsepecLiYvQYdaEStcNBhsMN -> 0 raw observed, 0 activated+confirmed
[2026-09-03 14:21:45.832264000][th:1237946][info] GossipPubSub TOTAL: 0 raw observed addresses, 0 activated+confirmed addresses
[2026-09-03 14:21:45.832264000][th:1237946][info] GossipPubSub === END RAW OBSERVED ADDRESS DEBUG ===
[2026-09-03 14:21:45.832265000][th:1237946][info] GossipPubSub Observed addresses - all (0):
[2026-09-03 14:21:45.832266000][th:1237946][info] GossipPubSub Observed addresses - confirmed only (0):
[2026-09-03 14:21:45.832266000][th:1237946][info] GossipPubSub Relay addresses (0):
[2026-09-03 14:21:45.832268000][th:1237946][warning] GossipPubSub Failed to get addresses from peer repository: not found
[2026-09-03 14:21:45.832295000][th:1237946][info] GossipPubSub Found 1 valid network interfaces
[2026-09-03 14:21:45.832296000][th:1237946][info] GossipPubSub Current network interfaces (1):
[2026-09-03 14:21:45.832297000][th:1237946][info] GossipPubSub   -> 192.168.1.6
[2026-09-03 14:21:45.832298000][th:1237946][info] GossipPubSub Active connections: 0
[2026-09-03 14:21:45.832298000][th:1237946][info] GossipPubSub === PEER CONNECTION DETAILS ===
[2026-09-03 14:21:45.832299000][th:1237946][info] GossipPubSub NOTE: Observed addresses need to be seen by 4+ different peer groups to become 'activated'
[2026-09-03 14:21:45.832300000][th:1237946][info] GossipPubSub NOTE: Current connections: 0, so max possible observers: 0
[2026-09-03 14:21:45.832300000][th:1237946][info] GossipPubSub === END PEER CONNECTION DETAILS ===
[2026-09-03 14:21:45.832300000][th:1237946][info] GossipPubSub Connection manager stats:
[2026-09-03 14:21:45.832301000][th:1237946][info] GossipPubSub   -> Max connections: 1000
[2026-09-03 14:21:45.832302000][th:1237946][info] GossipPubSub   -> Current connections: 0
[2026-09-03 14:21:45.832302000][th:1237946][info] GossipPubSub === END NETWORK STATE ===
[2026-09-03 14:21:45.832402000][th:1237946][info] GossipPubSub /ip4/0.0.0.0/tcp/54613/p2p/12D3KooWGfrtEDPwr58FP6MSw5i1jsepecLiYvQYdaEStcNBhsMN : PubSub service started
[2026-09-03 14:21:45][info][GlobalDB] Opening database /Users/henriqueklein/gnus/SuperGenius/multi_node_finality_fault/restart-certificate-validator-three/rocksdb
[2026-09-03 14:21:45][debug][GraphsyncDAGSyncer] GraphSyncer created 5108000552 
[2026-09-03 14:21:45][info][CrdtDatastore] crdt Datastore created. Number of heads: 2 Current max-height: 18446744073709551615
[2026-09-03 14:21:45][info][GeniusAccount] Secure storage ID path: /Users/henriqueklein/gnus/SuperGenius/multi_node_finality_fault/restart-certificate-validator-three/account/secure_storage_id
[2026-09-03 14:21:45][info][GeniusAccount] Loaded public key from file: d6491bf3330aa35c... (length: 128)
[2026-09-03 14:21:45][info][GeniusAccount] Successfully loaded key_seed from storage
[2026-09-03 14:21:45][info][GeniusAccount] Validation successful: key_seed matches stored public key
[2026-09-03 14:21:45][warning][UTXOManager] Skipping malformed UTXO key /utxo-checkpoint/d6491bf3330aa35c5bf6d1db9a7a07666b696009a0cebc23fb3c37de36d0ad2d19817d2cf89887e4c09d894658b970be1999d987982838ce114587798f1512c7/1
[2026-09-03 14:21:45][warning][UTXOManager] Skipping malformed UTXO key /utxo-checkpoint/d6491bf3330aa35c5bf6d1db9a7a07666b696009a0cebc23fb3c37de36d0ad2d19817d2cf89887e4c09d894658b970be1999d987982838ce114587798f1512c7/latest
[2026-09-03 14:21:45][info][Blockchain] [d6491bf3] Blockchain instance created with authorized full node: 8a33bdf1
[2026-09-03 14:21:45][info][ValidatorRegistry] InitializeCache: cache initialized with CID QmYALZppWEUCog3DXYCnVLfXLGjKoXBHuvAMFQdtJ8VwKA
[2026-09-03 14:21:45][info][CRDTCallbackManager] Successfully registered new data callback for pattern: '/?gnus-validator-registry'
[2026-09-03 14:21:45][info][ValidatorRegistry] RegisterFilter: result=true
[2026-09-03 14:21:45][info][ValidatorRegistry] New: instance ready
[2026-09-03 14:21:45.855977000][th:1237946][info] GossipPubSub /ip4/0.0.0.0/tcp/54613/p2p/12D3KooWGfrtEDPwr58FP6MSw5i1jsepecLiYvQYdaEStcNBhsMN: PubSub subscribed to topic 'gnus-validator-registry.3.7.144'
[2026-09-03 14:21:45][info][CRDTCallbackManager] Successfully registered new data callback for pattern: '^/?cert/[^/]+'
[2026-09-03 14:21:45.856002000][th:1237946][info] GossipPubSub /ip4/0.0.0.0/tcp/54613/p2p/12D3KooWGfrtEDPwr58FP6MSw5i1jsepecLiYvQYdaEStcNBhsMN: PubSub subscribed to topic 'consensus-channel-.3.7.144'
[2026-09-03 14:21:45][info][CRDTCallbackManager] Successfully registered new data callback for pattern: '/?gnus-genesis-block'
[2026-09-03 14:21:45][info][CRDTCallbackManager] Successfully registered new data callback for pattern: '/?gnus-account-creation-.*'
[2026-09-03 14:21:45.856023000][th:1237946][info] GossipPubSub /ip4/0.0.0.0/tcp/54613/p2p/12D3KooWGfrtEDPwr58FP6MSw5i1jsepecLiYvQYdaEStcNBhsMN: PubSub subscribed to topic 'consensus-channel-.3.7.144#datastore.3.7.144'
[2026-09-03 14:21:45][info][CRDTCallbackManager] Successfully registered new data callback for pattern: '^/?/bc-144/tx/[^/]+'
[2026-09-03 14:21:45][info][CRDTCallbackManager] Successfully registered deleted data callback for pattern: '^/?/bc-144/tx/[^/]+'
[2026-09-03 14:21:45][info][CRDTCallbackManager] Successfully registered new data callback for pattern: '^/?/bc-963/tx/[^/]+'
[2026-09-03 14:21:45][info][CRDTCallbackManager] Successfully registered deleted data callback for pattern: '^/?/bc-963/tx/[^/]+'
[2026-09-03 14:21:45][info][CRDTCallbackManager] Successfully registered new data callback for pattern: '^/?/bc-369/tx/[^/]+'
[2026-09-03 14:21:45][info][CRDTCallbackManager] Successfully registered deleted data callback for pattern: '^/?/bc-369/tx/[^/]+'
[2026-09-03 14:21:45][info][CRDTCallbackManager] Successfully unregistered new data callback for pattern: '^/?/bc-144/tx/[^/]+'
[2026-09-03 14:21:45][info][CRDTCallbackManager] Successfully unregistered deleted data callback for pattern: '^/?/bc-144/tx/[^/]+'
[2026-09-03 14:21:45][info][CRDTCallbackManager] Successfully unregistered new data callback for pattern: '^/?/bc-963/tx/[^/]+'
[2026-09-03 14:21:45][info][CRDTCallbackManager] Successfully unregistered deleted data callback for pattern: '^/?/bc-963/tx/[^/]+'
[2026-09-03 14:21:45][info][CRDTCallbackManager] Successfully unregistered new data callback for pattern: '^/?/bc-369/tx/[^/]+'
[2026-09-03 14:21:45][info][CRDTCallbackManager] Successfully unregistered deleted data callback for pattern: '^/?/bc-369/tx/[^/]+'
[2026-09-03 14:21:45][info][TransactionManager] [bf3e27ed - full: false] ~TransactionManager: Metrics — cert_fallback(success=0 failure=0) validation(approve=1 reject=0) tracking(insert=1 confirm=1 fail=0)
[2026-09-03 14:21:45][info][Blockchain] [bf3e27ed] Stopping blockchain
[2026-09-03 14:21:45][info][CRDTCallbackManager] Successfully unregistered new data callback for pattern: '/?gnus-genesis-block'
[2026-09-03 14:21:45][info][CRDTCallbackManager] Successfully unregistered new data callback for pattern: '/?gnus-account-creation-.*'
[2026-09-03 14:21:45][info][CRDTCallbackManager] Successfully unregistered new data callback for pattern: '/?gnus-validator-registry'
[2026-09-03 14:21:45][debug][GlobalDB] ~GlobalDB CALLED with count 6 on multi_node_finality_fault/restart-certificate-passive/rocksdb 
[2026-09-03 14:21:45][info][GlobalDB] GlobalDB shutdown start
[2026-09-03 14:21:45][info][CrdtDatastore] CancelAndCloseNow: begin (pending_jobs=1, self_queue=0, root_queue=0, pending_roots=0, active_root=false)
[2026-09-03 14:21:45][debug][GraphsyncDAGSyncer] Stopping Dagsyncer
[2026-09-03 14:21:45][debug][GraphsyncDAGSyncer] Dagsyncer Stopped
[2026-09-03 14:21:46][info][CrdtDatastore] CancelAndCloseNow: CRDT workers stopped
[2026-09-03 14:21:46][warning][CrdtDatastore] CancelAndCloseNow called but shutdown has already started
[2026-09-03 14:21:46][debug][GraphsyncDAGSyncer] ~GraphsyncDAGSyncer CALLED
[2026-09-03 14:21:46][info][GlobalDB] GlobalDB shutdown finished
[2026-09-03 14:21:46.359323000][th:1237489][error] GossipPubSub Address monitoring timer error: Operation canceled
[2026-09-03 14:21:47][info][KeyPairFileStorage] Path to keypairs multi_node_finality_fault/restart-certificate-passive/keypair
[2026-09-03 14:21:47][info][KeyPairFileStorage] Peer ID from public key: 12D3KooWC2TSP4T532dH9kSTG27N1RebucpTZuX99gieHwjnFqaa
Current limits: 16384 (soft), 9223372036854775807 (hard)
New limits set successfully: 16384 (soft), 9223372036854775807 (hard)
Initialized relay addresses
[2026-09-03 14:21:47.367831000][th:1236724][info] GossipPubSub /ip4/0.0.0.0/tcp/54614/p2p/12D3KooWC2TSP4T532dH9kSTG27N1RebucpTZuX99gieHwjnFqaa: Starting PubSub service
[2026-09-03 14:21:47.367957000][th:1237977][info] GossipPubSub Starting address monitoring system for mobile network changes
[2026-09-03 14:21:47.367960000][th:1237977][info] GossipPubSub === CURRENT NETWORK STATE ===
[2026-09-03 14:21:47.367974000][th:1237977][info] GossipPubSub Primary listening address: /ip4/0.0.0.0/tcp/54614/p2p/12D3KooWC2TSP4T532dH9kSTG27N1RebucpTZuX99gieHwjnFqaa
[2026-09-03 14:21:47.367977000][th:1237977][info] GossipPubSub Host peer info addresses (0):
[2026-09-03 14:21:47.367978000][th:1237977][info] GossipPubSub Additional addresses we track (0):
[2026-09-03 14:21:47.367979000][th:1237977][info] GossipPubSub Listening addresses (1):
[2026-09-03 14:21:47.367980000][th:1237977][info] GossipPubSub   -> /ip4/0.0.0.0/tcp/54614/p2p/12D3KooWC2TSP4T532dH9kSTG27N1RebucpTZuX99gieHwjnFqaa
[2026-09-03 14:21:47.367982000][th:1237977][info] GossipPubSub Interface addresses (0):
[2026-09-03 14:21:47.367983000][th:1237977][info] GossipPubSub === RAW OBSERVED ADDRESS DEBUG ===
[2026-09-03 14:21:47.367985000][th:1237977][info] GossipPubSub Local address: /ip4/0.0.0.0/tcp/54614/p2p/12D3KooWC2TSP4T532dH9kSTG27N1RebucpTZuX99gieHwjnFqaa -> 0 raw observed, 0 activated+confirmed
[2026-09-03 14:21:47.367987000][th:1237977][info] GossipPubSub TOTAL: 0 raw observed addresses, 0 activated+confirmed addresses
[2026-09-03 14:21:47.367988000][th:1237977][info] GossipPubSub === END RAW OBSERVED ADDRESS DEBUG ===
[2026-09-03 14:21:47.367989000][th:1237977][info] GossipPubSub Observed addresses - all (0):
[2026-09-03 14:21:47.367991000][th:1237977][info] GossipPubSub Observed addresses - confirmed only (0):
[2026-09-03 14:21:47.367992000][th:1237977][info] GossipPubSub Relay addresses (0):
[2026-09-03 14:21:47.367995000][th:1237977][warning] GossipPubSub Failed to get addresses from peer repository: not found
[2026-09-03 14:21:47.368059000][th:1237977][info] GossipPubSub Found 1 valid network interfaces
[2026-09-03 14:21:47.368062000][th:1237977][info] GossipPubSub Current network interfaces (1):
[2026-09-03 14:21:47.368063000][th:1237977][info] GossipPubSub   -> 192.168.1.6
[2026-09-03 14:21:47.368065000][th:1237977][info] GossipPubSub Active connections: 0
[2026-09-03 14:21:47.368074000][th:1237977][info] GossipPubSub === PEER CONNECTION DETAILS ===
[2026-09-03 14:21:47.368075000][th:1237977][info] GossipPubSub NOTE: Observed addresses need to be seen by 4+ different peer groups to become 'activated'
[2026-09-03 14:21:47.368076000][th:1237977][info] GossipPubSub NOTE: Current connections: 0, so max possible observers: 0
[2026-09-03 14:21:47.368077000][th:1237977][info] GossipPubSub === END PEER CONNECTION DETAILS ===
[2026-09-03 14:21:47.368078000][th:1237977][info] GossipPubSub Connection manager stats:
[2026-09-03 14:21:47.368079000][th:1237977][info] GossipPubSub   -> Max connections: 1000
[2026-09-03 14:21:47.368080000][th:1237977][info] GossipPubSub   -> Current connections: 0
[2026-09-03 14:21:47.368081000][th:1237977][info] GossipPubSub === END NETWORK STATE ===
[2026-09-03 14:21:47.368304000][th:1237977][info] GossipPubSub /ip4/0.0.0.0/tcp/54614/p2p/12D3KooWC2TSP4T532dH9kSTG27N1RebucpTZuX99gieHwjnFqaa : PubSub service started
[2026-09-03 14:21:47][info][GlobalDB] Opening database /Users/henriqueklein/gnus/SuperGenius/multi_node_finality_fault/restart-certificate-passive/rocksdb
[2026-09-03 14:21:47][debug][GraphsyncDAGSyncer] GraphSyncer created 5108081192 
[2026-09-03 14:21:47][info][CrdtDatastore] crdt Datastore created. Number of heads: 2 Current max-height: 18446744073709551615
[2026-09-03 14:21:47][info][GeniusAccount] Secure storage ID path: /Users/henriqueklein/gnus/SuperGenius/multi_node_finality_fault/restart-certificate-passive/account/secure_storage_id
[2026-09-03 14:21:47][info][GeniusAccount] Loaded public key from file: bf3e27ed7ed95b5d... (length: 128)
[2026-09-03 14:21:47][info][GeniusAccount] Successfully loaded key_seed from storage
[2026-09-03 14:21:47][info][GeniusAccount] Validation successful: key_seed matches stored public key
[2026-09-03 14:21:47][warning][UTXOManager] Skipping malformed UTXO key /utxo-checkpoint/bf3e27ed7ed95b5da410b2b36d9389401bb8cef29da0c637b37c8de3b79f04fb0db5e26553e148fbc39e127f2e1bdedbe7b786322c11db46f98c2f40335cfc65/1
[2026-09-03 14:21:47][warning][UTXOManager] Skipping malformed UTXO key /utxo-checkpoint/bf3e27ed7ed95b5da410b2b36d9389401bb8cef29da0c637b37c8de3b79f04fb0db5e26553e148fbc39e127f2e1bdedbe7b786322c11db46f98c2f40335cfc65/latest
[2026-09-03 14:21:47][info][Blockchain] [bf3e27ed] Blockchain instance created with authorized full node: 8a33bdf1
[2026-09-03 14:21:47][info][ValidatorRegistry] InitializeCache: cache initialized with CID QmYALZppWEUCog3DXYCnVLfXLGjKoXBHuvAMFQdtJ8VwKA
[2026-09-03 14:21:47][info][CRDTCallbackManager] Successfully registered new data callback for pattern: '/?gnus-validator-registry'
[2026-09-03 14:21:47][info][ValidatorRegistry] RegisterFilter: result=true
[2026-09-03 14:21:47][info][ValidatorRegistry] New: instance ready
[2026-09-03 14:21:47.393397000][th:1237977][info] GossipPubSub /ip4/0.0.0.0/tcp/54614/p2p/12D3KooWC2TSP4T532dH9kSTG27N1RebucpTZuX99gieHwjnFqaa: PubSub subscribed to topic 'gnus-validator-registry.3.7.144'
[2026-09-03 14:21:47][info][CRDTCallbackManager] Successfully registered new data callback for pattern: '^/?cert/[^/]+'
[2026-09-03 14:21:47.393420000][th:1237977][info] GossipPubSub /ip4/0.0.0.0/tcp/54614/p2p/12D3KooWC2TSP4T532dH9kSTG27N1RebucpTZuX99gieHwjnFqaa: PubSub subscribed to topic 'consensus-channel-.3.7.144'
[2026-09-03 14:21:47.393440000][th:1237977][info] GossipPubSub /ip4/0.0.0.0/tcp/54614/p2p/12D3KooWC2TSP4T532dH9kSTG27N1RebucpTZuX99gieHwjnFqaa: PubSub subscribed to topic 'consensus-channel-.3.7.144#datastore.3.7.144'
[2026-09-03 14:21:47][info][CRDTCallbackManager] Successfully registered new data callback for pattern: '/?gnus-genesis-block'
[2026-09-03 14:21:47][info][CRDTCallbackManager] Successfully registered new data callback for pattern: '/?gnus-account-creation-.*'
[2026-09-03 14:21:47][info][CRDTCallbackManager] Successfully registered new data callback for pattern: '^/?/bc-144/tx/[^/]+'
[2026-09-03 14:21:47][info][CRDTCallbackManager] Successfully registered deleted data callback for pattern: '^/?/bc-144/tx/[^/]+'
[2026-09-03 14:21:47][info][CRDTCallbackManager] Successfully registered new data callback for pattern: '^/?/bc-963/tx/[^/]+'
[2026-09-03 14:21:47][info][CRDTCallbackManager] Successfully registered deleted data callback for pattern: '^/?/bc-963/tx/[^/]+'
[2026-09-03 14:21:47][info][CRDTCallbackManager] Successfully registered new data callback for pattern: '^/?/bc-369/tx/[^/]+'
[2026-09-03 14:21:47][info][CRDTCallbackManager] Successfully registered deleted data callback for pattern: '^/?/bc-369/tx/[^/]+'
[2026-09-03 14:21:47.393607000][th:1237748][info] GossipPubSub Adding new peer: 12D3KooWAwAuQWtSKMeDLq9kt4dMMA6agQhzNo2UJeqQ8DdFVMu4
[2026-09-03 14:21:47.393679000][th:1237748][info] GossipPubSub Adding new peer: 12D3KooWGfrtEDPwr58FP6MSw5i1jsepecLiYvQYdaEStcNBhsMN
[2026-09-03 14:21:47.393736000][th:1237748][info] GossipPubSub Adding new peer: 12D3KooWC2TSP4T532dH9kSTG27N1RebucpTZuX99gieHwjnFqaa
[2026-09-03 14:21:47.393776000][th:1237855][info] GossipPubSub Adding new peer: 12D3KooWRwZVq69y5ioj6NFJscYQLuRn2GfzF4b5GtiWwBcqSGVJ
[2026-09-03 14:21:47.393840000][th:1237855][info] GossipPubSub Adding new peer: 12D3KooWGfrtEDPwr58FP6MSw5i1jsepecLiYvQYdaEStcNBhsMN
[2026-09-03 14:21:47.393894000][th:1237855][info] GossipPubSub Adding new peer: 12D3KooWC2TSP4T532dH9kSTG27N1RebucpTZuX99gieHwjnFqaa
[2026-09-03 14:21:47.393924000][th:1237946][info] GossipPubSub Adding new peer: 12D3KooWRwZVq69y5ioj6NFJscYQLuRn2GfzF4b5GtiWwBcqSGVJ
[2026-09-03 14:21:47.393975000][th:1237946][info] GossipPubSub Adding new peer: 12D3KooWAwAuQWtSKMeDLq9kt4dMMA6agQhzNo2UJeqQ8DdFVMu4
[2026-09-03 14:21:47.394026000][th:1237946][info] GossipPubSub Adding new peer: 12D3KooWC2TSP4T532dH9kSTG27N1RebucpTZuX99gieHwjnFqaa
[2026-09-03 14:21:47.394077000][th:1237977][info] GossipPubSub Adding new peer: 12D3KooWRwZVq69y5ioj6NFJscYQLuRn2GfzF4b5GtiWwBcqSGVJ
[2026-09-03 14:21:47.394127000][th:1237977][info] GossipPubSub Adding new peer: 12D3KooWAwAuQWtSKMeDLq9kt4dMMA6agQhzNo2UJeqQ8DdFVMu4
[2026-09-03 14:21:47.394179000][th:1237977][info] GossipPubSub Adding new peer: 12D3KooWGfrtEDPwr58FP6MSw5i1jsepecLiYvQYdaEStcNBhsMN
[2026-09-03 14:21:47][info][CRDTCallbackManager] Successfully unregistered new data callback for pattern: '^/?/bc-144/tx/[^/]+'
[2026-09-03 14:21:47][info][CRDTCallbackManager] Successfully unregistered deleted data callback for pattern: '^/?/bc-144/tx/[^/]+'
[2026-09-03 14:21:47][info][CRDTCallbackManager] Successfully unregistered new data callback for pattern: '^/?/bc-963/tx/[^/]+'
[2026-09-03 14:21:47][info][CRDTCallbackManager] Successfully unregistered deleted data callback for pattern: '^/?/bc-963/tx/[^/]+'
[2026-09-03 14:21:47][info][CRDTCallbackManager] Successfully unregistered new data callback for pattern: '^/?/bc-369/tx/[^/]+'
[2026-09-03 14:21:47][info][CRDTCallbackManager] Successfully unregistered deleted data callback for pattern: '^/?/bc-369/tx/[^/]+'
[2026-09-03 14:21:47][info][TransactionManager] [d8851a9f - full: false] ~TransactionManager: Metrics — cert_fallback(success=0 failure=0) validation(approve=0 reject=0) tracking(insert=0 confirm=0 fail=0)
[2026-09-03 14:21:47][info][Blockchain] [d8851a9f] Stopping blockchain
[2026-09-03 14:21:47][info][CRDTCallbackManager] Successfully unregistered new data callback for pattern: '/?gnus-genesis-block'
[2026-09-03 14:21:47][info][CRDTCallbackManager] Successfully unregistered new data callback for pattern: '/?gnus-account-creation-.*'
[2026-09-03 14:21:47][info][CRDTCallbackManager] Successfully unregistered new data callback for pattern: '/?gnus-validator-registry'
[2026-09-03 14:21:47][debug][GlobalDB] ~GlobalDB CALLED with count 6 on multi_node_finality_fault/restart-certificate-validator-one/rocksdb 
[2026-09-03 14:21:47][info][GlobalDB] GlobalDB shutdown start
[2026-09-03 14:21:47][info][CrdtDatastore] CancelAndCloseNow: begin (pending_jobs=0, self_queue=0, root_queue=0, pending_roots=0, active_root=false)
[2026-09-03 14:21:47][debug][GraphsyncDAGSyncer] Stopping Dagsyncer
[2026-09-03 14:21:47][debug][GraphsyncDAGSyncer] Dagsyncer Stopped
[2026-09-03 14:21:47][info][CrdtDatastore] CancelAndCloseNow: CRDT workers stopped
[2026-09-03 14:21:47][warning][CrdtDatastore] CancelAndCloseNow called but shutdown has already started
[2026-09-03 14:21:47][debug][GraphsyncDAGSyncer] ~GraphsyncDAGSyncer CALLED
[2026-09-03 14:21:47][info][GlobalDB] GlobalDB shutdown finished
[2026-09-03 14:21:47.755798000][th:1237748][error] GossipPubSub Address monitoring timer error: Operation canceled
[2026-09-03 14:21:48][info][CRDTCallbackManager] Successfully unregistered new data callback for pattern: '^/?/bc-144/tx/[^/]+'
[2026-09-03 14:21:48][info][CRDTCallbackManager] Successfully unregistered deleted data callback for pattern: '^/?/bc-144/tx/[^/]+'
[2026-09-03 14:21:48][info][CRDTCallbackManager] Successfully unregistered new data callback for pattern: '^/?/bc-963/tx/[^/]+'
[2026-09-03 14:21:48][info][CRDTCallbackManager] Successfully unregistered deleted data callback for pattern: '^/?/bc-963/tx/[^/]+'
[2026-09-03 14:21:48][info][CRDTCallbackManager] Successfully unregistered new data callback for pattern: '^/?/bc-369/tx/[^/]+'
[2026-09-03 14:21:48][info][CRDTCallbackManager] Successfully unregistered deleted data callback for pattern: '^/?/bc-369/tx/[^/]+'
[2026-09-03 14:21:48][info][TransactionManager] [75436ba7 - full: false] ~TransactionManager: Metrics — cert_fallback(success=0 failure=0) validation(approve=0 reject=0) tracking(insert=0 confirm=0 fail=0)
[2026-09-03 14:21:48][info][Blockchain] [75436ba7] Stopping blockchain
[2026-09-03 14:21:48][info][CRDTCallbackManager] Successfully unregistered new data callback for pattern: '/?gnus-genesis-block'
[2026-09-03 14:21:48][info][CRDTCallbackManager] Successfully unregistered new data callback for pattern: '/?gnus-account-creation-.*'
[2026-09-03 14:21:48][info][CRDTCallbackManager] Successfully unregistered new data callback for pattern: '/?gnus-validator-registry'
[2026-09-03 14:21:48][debug][GlobalDB] ~GlobalDB CALLED with count 6 on multi_node_finality_fault/restart-certificate-validator-two/rocksdb 
[2026-09-03 14:21:48][info][GlobalDB] GlobalDB shutdown start
[2026-09-03 14:21:48][info][CrdtDatastore] CancelAndCloseNow: begin (pending_jobs=0, self_queue=0, root_queue=0, pending_roots=0, active_root=false)
[2026-09-03 14:21:48][debug][GraphsyncDAGSyncer] Stopping Dagsyncer
[2026-09-03 14:21:48][debug][GraphsyncDAGSyncer] Dagsyncer Stopped
[2026-09-03 14:21:48][info][CrdtDatastore] CancelAndCloseNow: CRDT workers stopped
[2026-09-03 14:21:48][warning][CrdtDatastore] CancelAndCloseNow called but shutdown has already started
[2026-09-03 14:21:48][debug][GraphsyncDAGSyncer] ~GraphsyncDAGSyncer CALLED
[2026-09-03 14:21:48][info][GlobalDB] GlobalDB shutdown finished
[2026-09-03 14:21:48.854163000][th:1237855][error] GossipPubSub Address monitoring timer error: Operation canceled
[2026-09-03 14:21:49][info][CRDTCallbackManager] Successfully unregistered new data callback for pattern: '^/?/bc-144/tx/[^/]+'
[2026-09-03 14:21:49][info][CRDTCallbackManager] Successfully unregistered deleted data callback for pattern: '^/?/bc-144/tx/[^/]+'
[2026-09-03 14:21:49][info][CRDTCallbackManager] Successfully unregistered new data callback for pattern: '^/?/bc-963/tx/[^/]+'
[2026-09-03 14:21:49][info][CRDTCallbackManager] Successfully unregistered deleted data callback for pattern: '^/?/bc-963/tx/[^/]+'
[2026-09-03 14:21:49][info][CRDTCallbackManager] Successfully unregistered new data callback for pattern: '^/?/bc-369/tx/[^/]+'
[2026-09-03 14:21:49][info][CRDTCallbackManager] Successfully unregistered deleted data callback for pattern: '^/?/bc-369/tx/[^/]+'
[2026-09-03 14:21:49][info][TransactionManager] [d6491bf3 - full: false] ~TransactionManager: Metrics — cert_fallback(success=0 failure=0) validation(approve=0 reject=0) tracking(insert=0 confirm=0 fail=0)
[2026-09-03 14:21:49][info][Blockchain] [d6491bf3] Stopping blockchain
[2026-09-03 14:21:49][info][CRDTCallbackManager] Successfully unregistered new data callback for pattern: '/?gnus-genesis-block'
[2026-09-03 14:21:49][info][CRDTCallbackManager] Successfully unregistered new data callback for pattern: '/?gnus-account-creation-.*'
[2026-09-03 14:21:49][info][CRDTCallbackManager] Successfully unregistered new data callback for pattern: '/?gnus-validator-registry'
[2026-09-03 14:21:49][debug][GlobalDB] ~GlobalDB CALLED with count 6 on multi_node_finality_fault/restart-certificate-validator-three/rocksdb 
[2026-09-03 14:21:49][info][GlobalDB] GlobalDB shutdown start
[2026-09-03 14:21:49][info][CrdtDatastore] CancelAndCloseNow: begin (pending_jobs=0, self_queue=0, root_queue=0, pending_roots=0, active_root=false)
[2026-09-03 14:21:49][debug][GraphsyncDAGSyncer] Stopping Dagsyncer
[2026-09-03 14:21:49][debug][GraphsyncDAGSyncer] Dagsyncer Stopped
[2026-09-03 14:21:49][info][CrdtDatastore] CancelAndCloseNow: CRDT workers stopped
[2026-09-03 14:21:49][warning][CrdtDatastore] CancelAndCloseNow called but shutdown has already started
[2026-09-03 14:21:49][debug][GraphsyncDAGSyncer] ~GraphsyncDAGSyncer CALLED
[2026-09-03 14:21:49][info][GlobalDB] GlobalDB shutdown finished
[2026-09-03 14:21:49.889861000][th:1237946][error] GossipPubSub Address monitoring timer error: Operation canceled
[2026-09-03 14:21:50][info][CRDTCallbackManager] Successfully unregistered new data callback for pattern: '^/?/bc-144/tx/[^/]+'
[2026-09-03 14:21:50][info][CRDTCallbackManager] Successfully unregistered deleted data callback for pattern: '^/?/bc-144/tx/[^/]+'
[2026-09-03 14:21:50][info][CRDTCallbackManager] Successfully unregistered new data callback for pattern: '^/?/bc-963/tx/[^/]+'
[2026-09-03 14:21:50][info][CRDTCallbackManager] Successfully unregistered deleted data callback for pattern: '^/?/bc-963/tx/[^/]+'
[2026-09-03 14:21:50][info][CRDTCallbackManager] Successfully unregistered new data callback for pattern: '^/?/bc-369/tx/[^/]+'
[2026-09-03 14:21:50][info][CRDTCallbackManager] Successfully unregistered deleted data callback for pattern: '^/?/bc-369/tx/[^/]+'
[2026-09-03 14:21:50][info][TransactionManager] [bf3e27ed - full: false] ~TransactionManager: Metrics — cert_fallback(success=0 failure=0) validation(approve=0 reject=0) tracking(insert=0 confirm=0 fail=0)
[2026-09-03 14:21:50][info][Blockchain] [bf3e27ed] Stopping blockchain
[2026-09-03 14:21:50][info][CRDTCallbackManager] Successfully unregistered new data callback for pattern: '/?gnus-genesis-block'
[2026-09-03 14:21:50][info][CRDTCallbackManager] Successfully unregistered new data callback for pattern: '/?gnus-account-creation-.*'
[2026-09-03 14:21:50][info][CRDTCallbackManager] Successfully unregistered new data callback for pattern: '/?gnus-validator-registry'
[2026-09-03 14:21:50][debug][GlobalDB] ~GlobalDB CALLED with count 6 on multi_node_finality_fault/restart-certificate-passive/rocksdb 
[2026-09-03 14:21:50][info][GlobalDB] GlobalDB shutdown start
[2026-09-03 14:21:50][info][CrdtDatastore] CancelAndCloseNow: begin (pending_jobs=0, self_queue=0, root_queue=0, pending_roots=0, active_root=false)
[2026-09-03 14:21:50][debug][GraphsyncDAGSyncer] Stopping Dagsyncer
[2026-09-03 14:21:50][debug][GraphsyncDAGSyncer] Dagsyncer Stopped
[2026-09-03 14:21:50][info][CrdtDatastore] CancelAndCloseNow: CRDT workers stopped
[2026-09-03 14:21:50][warning][CrdtDatastore] CancelAndCloseNow called but shutdown has already started
[2026-09-03 14:21:50][debug][GraphsyncDAGSyncer] ~GraphsyncDAGSyncer CALLED
[2026-09-03 14:21:50][info][GlobalDB] GlobalDB shutdown finished
[2026-09-03 14:21:50.915495000][th:1237977][error] GossipPubSub Address monitoring timer error: Operation canceled
[2026-09-03 14:21:51][info][KeyPairFileStorage] Path to keypairs multi_node_finality_fault/restart-mint-validator-one/keypair
[2026-09-03 14:21:51][info][KeyPairFileStorage] Peer ID from public key: 12D3KooWRw2JvS9umeSvdc9zFmKC5CzmaeXMVaURqFRorAApwKvF
Current limits: 16384 (soft), 9223372036854775807 (hard)
New limits set successfully: 16384 (soft), 9223372036854775807 (hard)
Initialized relay addresses
[2026-09-03 14:21:51.925129000][th:1236724][info] GossipPubSub /ip4/0.0.0.0/tcp/54621/p2p/12D3KooWRw2JvS9umeSvdc9zFmKC5CzmaeXMVaURqFRorAApwKvF: Starting PubSub service
[2026-09-03 14:21:51.925662000][th:1238113][info] GossipPubSub Starting address monitoring system for mobile network changes
[2026-09-03 14:21:51.925676000][th:1238113][info] GossipPubSub === CURRENT NETWORK STATE ===
[2026-09-03 14:21:51.925696000][th:1238113][info] GossipPubSub Primary listening address: /ip4/0.0.0.0/tcp/54621/p2p/12D3KooWRw2JvS9umeSvdc9zFmKC5CzmaeXMVaURqFRorAApwKvF
[2026-09-03 14:21:51.925699000][th:1238113][info] GossipPubSub Host peer info addresses (0):
[2026-09-03 14:21:51.925701000][th:1238113][info] GossipPubSub Additional addresses we track (0):
[2026-09-03 14:21:51.925702000][th:1238113][info] GossipPubSub Listening addresses (1):
[2026-09-03 14:21:51.925703000][th:1238113][info] GossipPubSub   -> /ip4/0.0.0.0/tcp/54621/p2p/12D3KooWRw2JvS9umeSvdc9zFmKC5CzmaeXMVaURqFRorAApwKvF
[2026-09-03 14:21:51.925705000][th:1238113][info] GossipPubSub Interface addresses (0):
[2026-09-03 14:21:51.925706000][th:1238113][info] GossipPubSub === RAW OBSERVED ADDRESS DEBUG ===
[2026-09-03 14:21:51.925709000][th:1238113][info] GossipPubSub Local address: /ip4/0.0.0.0/tcp/54621/p2p/12D3KooWRw2JvS9umeSvdc9zFmKC5CzmaeXMVaURqFRorAApwKvF -> 0 raw observed, 0 activated+confirmed
[2026-09-03 14:21:51.925710000][th:1238113][info] GossipPubSub TOTAL: 0 raw observed addresses, 0 activated+confirmed addresses
[2026-09-03 14:21:51.925711000][th:1238113][info] GossipPubSub === END RAW OBSERVED ADDRESS DEBUG ===
[2026-09-03 14:21:51.925712000][th:1238113][info] GossipPubSub Observed addresses - all (0):
[2026-09-03 14:21:51.925713000][th:1238113][info] GossipPubSub Observed addresses - confirmed only (0):
[2026-09-03 14:21:51.925715000][th:1238113][info] GossipPubSub Relay addresses (0):
[2026-09-03 14:21:51.925719000][th:1238113][warning] GossipPubSub Failed to get addresses from peer repository: not found
[2026-09-03 14:21:51.925817000][th:1238113][info] GossipPubSub Found 1 valid network interfaces
[2026-09-03 14:21:51.925822000][th:1238113][info] GossipPubSub Current network interfaces (1):
[2026-09-03 14:21:51.925823000][th:1238113][info] GossipPubSub   -> 192.168.1.6
[2026-09-03 14:21:51.925825000][th:1238113][info] GossipPubSub Active connections: 0
[2026-09-03 14:21:51.925826000][th:1238113][info] GossipPubSub === PEER CONNECTION DETAILS ===
[2026-09-03 14:21:51.925827000][th:1238113][info] GossipPubSub NOTE: Observed addresses need to be seen by 4+ different peer groups to become 'activated'
[2026-09-03 14:21:51.925829000][th:1238113][info] GossipPubSub NOTE: Current connections: 0, so max possible observers: 0
[2026-09-03 14:21:51.925830000][th:1238113][info] GossipPubSub === END PEER CONNECTION DETAILS ===
[2026-09-03 14:21:51.925831000][th:1238113][info] GossipPubSub Connection manager stats:
[2026-09-03 14:21:51.925832000][th:1238113][info] GossipPubSub   -> Max connections: 1000
[2026-09-03 14:21:51.925842000][th:1238113][info] GossipPubSub   -> Current connections: 0
[2026-09-03 14:21:51.925845000][th:1238113][info] GossipPubSub === END NETWORK STATE ===
[2026-09-03 14:21:51.926284000][th:1238113][info] GossipPubSub /ip4/0.0.0.0/tcp/54621/p2p/12D3KooWRw2JvS9umeSvdc9zFmKC5CzmaeXMVaURqFRorAApwKvF : PubSub service started
[2026-09-03 14:21:51][info][GlobalDB] Opening database /Users/henriqueklein/gnus/SuperGenius/multi_node_finality_fault/restart-mint-validator-one/rocksdb
[2026-09-03 14:21:51][debug][GraphsyncDAGSyncer] GraphSyncer created 4582294392 
[2026-09-03 14:21:51][info][CrdtDatastore] crdt Datastore created. Number of heads: 0 Current max-height: 0
[2026-09-03 14:21:51][info][GeniusAccount] Secure storage ID path: /Users/henriqueklein/gnus/SuperGenius/multi_node_finality_fault/restart-mint-validator-one/account/secure_storage_id
[2026-09-03 14:21:51][error][GeniusAccount] Could not find existing Genius address, generating one from a random mnemonic
[2026-09-03 14:21:51][warning][UTXOManager] Found UTXOs in storage, but there were none
[2026-09-03 14:21:51][info][Blockchain] [68a8be0c] Blockchain instance created with authorized full node: 8a33bdf1
[2026-09-03 14:21:51][error][ValidatorRegistry] InitializeCache: registry content not found during cache init
[2026-09-03 14:21:51][info][CRDTCallbackManager] Successfully registered new data callback for pattern: '/?gnus-validator-registry'
[2026-09-03 14:21:51][info][ValidatorRegistry] RegisterFilter: result=true
[2026-09-03 14:21:51][info][ValidatorRegistry] New: instance ready
[2026-09-03 14:21:51.969906000][th:1238113][info] GossipPubSub /ip4/0.0.0.0/tcp/54621/p2p/12D3KooWRw2JvS9umeSvdc9zFmKC5CzmaeXMVaURqFRorAApwKvF: PubSub subscribed to topic 'gnus-validator-registry.3.7.144'
[2026-09-03 14:21:51.969941000][th:1238113][info] GossipPubSub /ip4/0.0.0.0/tcp/54621/p2p/12D3KooWRw2JvS9umeSvdc9zFmKC5CzmaeXMVaURqFRorAApwKvF: PubSub subscribed to topic 'consensus-channel-.3.7.144'
[2026-09-03 14:21:51][info][CRDTCallbackManager] Successfully registered new data callback for pattern: '^/?cert/[^/]+'
[2026-09-03 14:21:51.969982000][th:1238113][info] GossipPubSub /ip4/0.0.0.0/tcp/54621/p2p/12D3KooWRw2JvS9umeSvdc9zFmKC5CzmaeXMVaURqFRorAApwKvF: PubSub subscribed to topic 'consensus-channel-.3.7.144#datastore.3.7.144'
[2026-09-03 14:21:51][warning][Blockchain] [68a8be0c] Failed to request validator registry during blockchain init
[2026-09-03 14:21:51][info][CRDTCallbackManager] Successfully registered new data callback for pattern: '/?gnus-genesis-block'
[2026-09-03 14:21:51][info][CRDTCallbackManager] Successfully registered new data callback for pattern: '/?gnus-account-creation-.*'
[2026-09-03 14:21:51][info][CRDTCallbackManager] Successfully registered new data callback for pattern: '^/?/bc-144/tx/[^/]+'
[2026-09-03 14:21:51][info][CRDTCallbackManager] Successfully registered deleted data callback for pattern: '^/?/bc-144/tx/[^/]+'
[2026-09-03 14:21:51][info][CRDTCallbackManager] Successfully registered new data callback for pattern: '^/?/bc-963/tx/[^/]+'
[2026-09-03 14:21:51][info][CRDTCallbackManager] Successfully registered deleted data callback for pattern: '^/?/bc-963/tx/[^/]+'
[2026-09-03 14:21:51][info][CRDTCallbackManager] Successfully registered new data callback for pattern: '^/?/bc-369/tx/[^/]+'
[2026-09-03 14:21:51][info][CRDTCallbackManager] Successfully registered deleted data callback for pattern: '^/?/bc-369/tx/[^/]+'
[2026-09-03 14:21:51][info][KeyPairFileStorage] Path to keypairs multi_node_finality_fault/restart-mint-validator-two/keypair
[2026-09-03 14:21:51][info][KeyPairFileStorage] Peer ID from public key: 12D3KooWC1hr8MNgVyVXPgnnmw7Rwxg5J7jbTG8TN5VKFWZEWgqv
Current limits: 16384 (soft), 9223372036854775807 (hard)
New limits set successfully: 16384 (soft), 9223372036854775807 (hard)
Initialized relay addresses
[2026-09-03 14:21:51.972934000][th:1236724][info] GossipPubSub /ip4/0.0.0.0/tcp/54622/p2p/12D3KooWC1hr8MNgVyVXPgnnmw7Rwxg5J7jbTG8TN5VKFWZEWgqv: Starting PubSub service
[2026-09-03 14:21:51.973068000][th:1238134][info] GossipPubSub Starting address monitoring system for mobile network changes
[2026-09-03 14:21:51.973072000][th:1238134][info] GossipPubSub === CURRENT NETWORK STATE ===
[2026-09-03 14:21:51.973085000][th:1238134][info] GossipPubSub Primary listening address: /ip4/0.0.0.0/tcp/54622/p2p/12D3KooWC1hr8MNgVyVXPgnnmw7Rwxg5J7jbTG8TN5VKFWZEWgqv
[2026-09-03 14:21:51.973087000][th:1238134][info] GossipPubSub Host peer info addresses (0):
[2026-09-03 14:21:51.973088000][th:1238134][info] GossipPubSub Additional addresses we track (0):
[2026-09-03 14:21:51.973089000][th:1238134][info] GossipPubSub Listening addresses (1):
[2026-09-03 14:21:51.973091000][th:1238134][info] GossipPubSub   -> /ip4/0.0.0.0/tcp/54622/p2p/12D3KooWC1hr8MNgVyVXPgnnmw7Rwxg5J7jbTG8TN5VKFWZEWgqv
[2026-09-03 14:21:51.973092000][th:1238134][info] GossipPubSub Interface addresses (0):
[2026-09-03 14:21:51.973093000][th:1238134][info] GossipPubSub === RAW OBSERVED ADDRESS DEBUG ===
[2026-09-03 14:21:51.973095000][th:1238134][info] GossipPubSub Local address: /ip4/0.0.0.0/tcp/54622/p2p/12D3KooWC1hr8MNgVyVXPgnnmw7Rwxg5J7jbTG8TN5VKFWZEWgqv -> 0 raw observed, 0 activated+confirmed
[2026-09-03 14:21:51.973097000][th:1238134][info] GossipPubSub TOTAL: 0 raw observed addresses, 0 activated+confirmed addresses
[2026-09-03 14:21:51.973097000][th:1238134][info] GossipPubSub === END RAW OBSERVED ADDRESS DEBUG ===
[2026-09-03 14:21:51.973105000][th:1238134][info] GossipPubSub Observed addresses - all (0):
[2026-09-03 14:21:51.973106000][th:1238134][info] GossipPubSub Observed addresses - confirmed only (0):
[2026-09-03 14:21:51.973107000][th:1238134][info] GossipPubSub Relay addresses (0):
[2026-09-03 14:21:51.973112000][th:1238134][warning] GossipPubSub Failed to get addresses from peer repository: not found
[2026-09-03 14:21:51.973189000][th:1238134][info] GossipPubSub Found 1 valid network interfaces
[2026-09-03 14:21:51.973193000][th:1238134][info] GossipPubSub Current network interfaces (1):
[2026-09-03 14:21:51.973194000][th:1238134][info] GossipPubSub   -> 192.168.1.6
[2026-09-03 14:21:51.973196000][th:1238134][info] GossipPubSub Active connections: 0
[2026-09-03 14:21:51.973197000][th:1238134][info] GossipPubSub === PEER CONNECTION DETAILS ===
[2026-09-03 14:21:51.973198000][th:1238134][info] GossipPubSub NOTE: Observed addresses need to be seen by 4+ different peer groups to become 'activated'
[2026-09-03 14:21:51.973199000][th:1238134][info] GossipPubSub NOTE: Current connections: 0, so max possible observers: 0
[2026-09-03 14:21:51.973199000][th:1238134][info] GossipPubSub === END PEER CONNECTION DETAILS ===
[2026-09-03 14:21:51.973200000][th:1238134][info] GossipPubSub Connection manager stats:
[2026-09-03 14:21:51.973202000][th:1238134][info] GossipPubSub   -> Max connections: 1000
[2026-09-03 14:21:51.973203000][th:1238134][info] GossipPubSub   -> Current connections: 0
[2026-09-03 14:21:51.973203000][th:1238134][info] GossipPubSub === END NETWORK STATE ===
[2026-09-03 14:21:51.973560000][th:1238134][info] GossipPubSub /ip4/0.0.0.0/tcp/54622/p2p/12D3KooWC1hr8MNgVyVXPgnnmw7Rwxg5J7jbTG8TN5VKFWZEWgqv : PubSub service started
[2026-09-03 14:21:51][info][GlobalDB] Opening database /Users/henriqueklein/gnus/SuperGenius/multi_node_finality_fault/restart-mint-validator-two/rocksdb
[2026-09-03 14:21:52][debug][GraphsyncDAGSyncer] GraphSyncer created 5106696696 
[2026-09-03 14:21:52][info][CrdtDatastore] crdt Datastore created. Number of heads: 0 Current max-height: 0
[2026-09-03 14:21:52][info][GeniusAccount] Secure storage ID path: /Users/henriqueklein/gnus/SuperGenius/multi_node_finality_fault/restart-mint-validator-two/account/secure_storage_id
[2026-09-03 14:21:52][error][GeniusAccount] Could not find existing Genius address, generating one from a random mnemonic
[2026-09-03 14:21:52][warning][UTXOManager] Found UTXOs in storage, but there were none
[2026-09-03 14:21:52][info][Blockchain] [0b053e8a] Blockchain instance created with authorized full node: 8a33bdf1
[2026-09-03 14:21:52][error][ValidatorRegistry] InitializeCache: registry content not found during cache init
[2026-09-03 14:21:52][info][CRDTCallbackManager] Successfully registered new data callback for pattern: '/?gnus-validator-registry'
[2026-09-03 14:21:52][info][ValidatorRegistry] RegisterFilter: result=true
[2026-09-03 14:21:52][info][ValidatorRegistry] New: instance ready
[2026-09-03 14:21:52][info][CRDTCallbackManager] Successfully registered new data callback for pattern: '^/?cert/[^/]+'
[2026-09-03 14:21:52.016212000][th:1238134][info] GossipPubSub /ip4/0.0.0.0/tcp/54622/p2p/12D3KooWC1hr8MNgVyVXPgnnmw7Rwxg5J7jbTG8TN5VKFWZEWgqv: PubSub subscribed to topic 'gnus-validator-registry.3.7.144'
[2026-09-03 14:21:52][warning][Blockchain] [0b053e8a] Failed to request validator registry during blockchain init
[2026-09-03 14:21:52.016268000][th:1238134][info] GossipPubSub /ip4/0.0.0.0/tcp/54622/p2p/12D3KooWC1hr8MNgVyVXPgnnmw7Rwxg5J7jbTG8TN5VKFWZEWgqv: PubSub subscribed to topic 'consensus-channel-.3.7.144'
[2026-09-03 14:21:52][info][CRDTCallbackManager] Successfully registered new data callback for pattern: '/?gnus-genesis-block'
[2026-09-03 14:21:52.016280000][th:1238134][info] GossipPubSub /ip4/0.0.0.0/tcp/54622/p2p/12D3KooWC1hr8MNgVyVXPgnnmw7Rwxg5J7jbTG8TN5VKFWZEWgqv: PubSub subscribed to topic 'consensus-channel-.3.7.144#datastore.3.7.144'
[2026-09-03 14:21:52][info][CRDTCallbackManager] Successfully registered new data callback for pattern: '/?gnus-account-creation-.*'
[2026-09-03 14:21:52][info][CRDTCallbackManager] Successfully registered new data callback for pattern: '^/?/bc-144/tx/[^/]+'
[2026-09-03 14:21:52][info][CRDTCallbackManager] Successfully registered deleted data callback for pattern: '^/?/bc-144/tx/[^/]+'
[2026-09-03 14:21:52][info][CRDTCallbackManager] Successfully registered new data callback for pattern: '^/?/bc-963/tx/[^/]+'
[2026-09-03 14:21:52][info][CRDTCallbackManager] Successfully registered deleted data callback for pattern: '^/?/bc-963/tx/[^/]+'
[2026-09-03 14:21:52][info][CRDTCallbackManager] Successfully registered new data callback for pattern: '^/?/bc-369/tx/[^/]+'
[2026-09-03 14:21:52][info][CRDTCallbackManager] Successfully registered deleted data callback for pattern: '^/?/bc-369/tx/[^/]+'
[2026-09-03 14:21:52][info][KeyPairFileStorage] Path to keypairs multi_node_finality_fault/restart-mint-validator-three/keypair
[2026-09-03 14:21:52][info][KeyPairFileStorage] Peer ID from public key: 12D3KooWGforBn2DmrmK3fJFrjxH9MaaD8iAEqDKbR3Syh2Lrtme
Current limits: 16384 (soft), 9223372036854775807 (hard)
New limits set successfully: 16384 (soft), 9223372036854775807 (hard)
Initialized relay addresses
[2026-09-03 14:21:52.019767000][th:1236724][info] GossipPubSub /ip4/0.0.0.0/tcp/54623/p2p/12D3KooWGforBn2DmrmK3fJFrjxH9MaaD8iAEqDKbR3Syh2Lrtme: Starting PubSub service
[2026-09-03 14:21:52.019844000][th:1238155][info] GossipPubSub Starting address monitoring system for mobile network changes
[2026-09-03 14:21:52.019848000][th:1238155][info] GossipPubSub === CURRENT NETWORK STATE ===
[2026-09-03 14:21:52.019858000][th:1238155][info] GossipPubSub Primary listening address: /ip4/0.0.0.0/tcp/54623/p2p/12D3KooWGforBn2DmrmK3fJFrjxH9MaaD8iAEqDKbR3Syh2Lrtme
[2026-09-03 14:21:52.019859000][th:1238155][info] GossipPubSub Host peer info addresses (0):
[2026-09-03 14:21:52.019869000][th:1238155][info] GossipPubSub Additional addresses we track (0):
[2026-09-03 14:21:52.019873000][th:1238155][info] GossipPubSub Listening addresses (1):
[2026-09-03 14:21:52.019874000][th:1238155][info] GossipPubSub   -> /ip4/0.0.0.0/tcp/54623/p2p/12D3KooWGforBn2DmrmK3fJFrjxH9MaaD8iAEqDKbR3Syh2Lrtme
[2026-09-03 14:21:52.019876000][th:1238155][info] GossipPubSub Interface addresses (0):
[2026-09-03 14:21:52.019877000][th:1238155][info] GossipPubSub === RAW OBSERVED ADDRESS DEBUG ===
[2026-09-03 14:21:52.019880000][th:1238155][info] GossipPubSub Local address: /ip4/0.0.0.0/tcp/54623/p2p/12D3KooWGforBn2DmrmK3fJFrjxH9MaaD8iAEqDKbR3Syh2Lrtme -> 0 raw observed, 0 activated+confirmed
[2026-09-03 14:21:52.019882000][th:1238155][info] GossipPubSub TOTAL: 0 raw observed addresses, 0 activated+confirmed addresses
[2026-09-03 14:21:52.019883000][th:1238155][info] GossipPubSub === END RAW OBSERVED ADDRESS DEBUG ===
[2026-09-03 14:21:52.019884000][th:1238155][info] GossipPubSub Observed addresses - all (0):
[2026-09-03 14:21:52.019886000][th:1238155][info] GossipPubSub Observed addresses - confirmed only (0):
[2026-09-03 14:21:52.019887000][th:1238155][info] GossipPubSub Relay addresses (0):
[2026-09-03 14:21:52.019889000][th:1238155][warning] GossipPubSub Failed to get addresses from peer repository: not found
[2026-09-03 14:21:52.019934000][th:1238155][info] GossipPubSub Found 1 valid network interfaces
[2026-09-03 14:21:52.019937000][th:1238155][info] GossipPubSub Current network interfaces (1):
[2026-09-03 14:21:52.019938000][th:1238155][info] GossipPubSub   -> 192.168.1.6
[2026-09-03 14:21:52.019940000][th:1238155][info] GossipPubSub Active connections: 0
[2026-09-03 14:21:52.019941000][th:1238155][info] GossipPubSub === PEER CONNECTION DETAILS ===
[2026-09-03 14:21:52.019941000][th:1238155][info] GossipPubSub NOTE: Observed addresses need to be seen by 4+ different peer groups to become 'activated'
[2026-09-03 14:21:52.019943000][th:1238155][info] GossipPubSub NOTE: Current connections: 0, so max possible observers: 0
[2026-09-03 14:21:52.019944000][th:1238155][info] GossipPubSub === END PEER CONNECTION DETAILS ===
[2026-09-03 14:21:52.019945000][th:1238155][info] GossipPubSub Connection manager stats:
[2026-09-03 14:21:52.019946000][th:1238155][info] GossipPubSub   -> Max connections: 1000
[2026-09-03 14:21:52.019947000][th:1238155][info] GossipPubSub   -> Current connections: 0
[2026-09-03 14:21:52.019948000][th:1238155][info] GossipPubSub === END NETWORK STATE ===
[2026-09-03 14:21:52.020119000][th:1238155][info] GossipPubSub /ip4/0.0.0.0/tcp/54623/p2p/12D3KooWGforBn2DmrmK3fJFrjxH9MaaD8iAEqDKbR3Syh2Lrtme : PubSub service started
[2026-09-03 14:21:52][info][GlobalDB] Opening database /Users/henriqueklein/gnus/SuperGenius/multi_node_finality_fault/restart-mint-validator-three/rocksdb
[2026-09-03 14:21:52][debug][GraphsyncDAGSyncer] GraphSyncer created 5108120312 
[2026-09-03 14:21:52][info][CrdtDatastore] crdt Datastore created. Number of heads: 0 Current max-height: 0
[2026-09-03 14:21:52][info][GeniusAccount] Secure storage ID path: /Users/henriqueklein/gnus/SuperGenius/multi_node_finality_fault/restart-mint-validator-three/account/secure_storage_id
[2026-09-03 14:21:52][error][GeniusAccount] Could not find existing Genius address, generating one from a random mnemonic
[2026-09-03 14:21:52][warning][UTXOManager] Found UTXOs in storage, but there were none
[2026-09-03 14:21:52][info][Blockchain] [bb2d9de6] Blockchain instance created with authorized full node: 8a33bdf1
[2026-09-03 14:21:52][error][ValidatorRegistry] InitializeCache: registry content not found during cache init
[2026-09-03 14:21:52][info][CRDTCallbackManager] Successfully registered new data callback for pattern: '/?gnus-validator-registry'
[2026-09-03 14:21:52][info][ValidatorRegistry] RegisterFilter: result=true
[2026-09-03 14:21:52][info][ValidatorRegistry] New: instance ready
[2026-09-03 14:21:52.057722000][th:1238155][info] GossipPubSub /ip4/0.0.0.0/tcp/54623/p2p/12D3KooWGforBn2DmrmK3fJFrjxH9MaaD8iAEqDKbR3Syh2Lrtme: PubSub subscribed to topic 'gnus-validator-registry.3.7.144'
[2026-09-03 14:21:52][info][CRDTCallbackManager] Successfully registered new data callback for pattern: '^/?cert/[^/]+'
[2026-09-03 14:21:52.057741000][th:1238155][info] GossipPubSub /ip4/0.0.0.0/tcp/54623/p2p/12D3KooWGforBn2DmrmK3fJFrjxH9MaaD8iAEqDKbR3Syh2Lrtme: PubSub subscribed to topic 'consensus-channel-.3.7.144'
[2026-09-03 14:21:52][warning][Blockchain] [bb2d9de6] Failed to request validator registry during blockchain init
[2026-09-03 14:21:52][info][CRDTCallbackManager] Successfully registered new data callback for pattern: '/?gnus-genesis-block'
[2026-09-03 14:21:52][info][CRDTCallbackManager] Successfully registered new data callback for pattern: '/?gnus-account-creation-.*'
[2026-09-03 14:21:52.057759000][th:1238155][info] GossipPubSub /ip4/0.0.0.0/tcp/54623/p2p/12D3KooWGforBn2DmrmK3fJFrjxH9MaaD8iAEqDKbR3Syh2Lrtme: PubSub subscribed to topic 'consensus-channel-.3.7.144#datastore.3.7.144'
[2026-09-03 14:21:52][info][CRDTCallbackManager] Successfully registered new data callback for pattern: '^/?/bc-144/tx/[^/]+'
[2026-09-03 14:21:52][info][CRDTCallbackManager] Successfully registered deleted data callback for pattern: '^/?/bc-144/tx/[^/]+'
[2026-09-03 14:21:52][info][CRDTCallbackManager] Successfully registered new data callback for pattern: '^/?/bc-963/tx/[^/]+'
[2026-09-03 14:21:52][info][CRDTCallbackManager] Successfully registered deleted data callback for pattern: '^/?/bc-963/tx/[^/]+'
[2026-09-03 14:21:52][info][CRDTCallbackManager] Successfully registered new data callback for pattern: '^/?/bc-369/tx/[^/]+'
[2026-09-03 14:21:52][info][CRDTCallbackManager] Successfully registered deleted data callback for pattern: '^/?/bc-369/tx/[^/]+'
[2026-09-03 14:21:52][info][KeyPairFileStorage] Path to keypairs multi_node_finality_fault/restart-mint-passive/keypair
[2026-09-03 14:21:52][info][KeyPairFileStorage] Peer ID from public key: 12D3KooWFasa3DyZ4XpLJ63JtpXEP14H6HAAtUpPj3QM85CCcc7C
Current limits: 16384 (soft), 9223372036854775807 (hard)
New limits set successfully: 16384 (soft), 9223372036854775807 (hard)
Initialized relay addresses
[2026-09-03 14:21:52.059629000][th:1236724][info] GossipPubSub /ip4/0.0.0.0/tcp/54624/p2p/12D3KooWFasa3DyZ4XpLJ63JtpXEP14H6HAAtUpPj3QM85CCcc7C: Starting PubSub service
[2026-09-03 14:21:52.059683000][th:1238178][info] GossipPubSub Starting address monitoring system for mobile network changes
[2026-09-03 14:21:52.059685000][th:1238178][info] GossipPubSub === CURRENT NETWORK STATE ===
[2026-09-03 14:21:52.059691000][th:1238178][info] GossipPubSub Primary listening address: /ip4/0.0.0.0/tcp/54624/p2p/12D3KooWFasa3DyZ4XpLJ63JtpXEP14H6HAAtUpPj3QM85CCcc7C
[2026-09-03 14:21:52.059693000][th:1238178][info] GossipPubSub Host peer info addresses (0):
[2026-09-03 14:21:52.059694000][th:1238178][info] GossipPubSub Additional addresses we track (0):
[2026-09-03 14:21:52.059695000][th:1238178][info] GossipPubSub Listening addresses (1):
[2026-09-03 14:21:52.059696000][th:1238178][info] GossipPubSub   -> /ip4/0.0.0.0/tcp/54624/p2p/12D3KooWFasa3DyZ4XpLJ63JtpXEP14H6HAAtUpPj3QM85CCcc7C
[2026-09-03 14:21:52.059696000][th:1238178][info] GossipPubSub Interface addresses (0):
[2026-09-03 14:21:52.059697000][th:1238178][info] GossipPubSub === RAW OBSERVED ADDRESS DEBUG ===
[2026-09-03 14:21:52.059699000][th:1238178][info] GossipPubSub Local address: /ip4/0.0.0.0/tcp/54624/p2p/12D3KooWFasa3DyZ4XpLJ63JtpXEP14H6HAAtUpPj3QM85CCcc7C -> 0 raw observed, 0 activated+confirmed
[2026-09-03 14:21:52.059700000][th:1238178][info] GossipPubSub TOTAL: 0 raw observed addresses, 0 activated+confirmed addresses
[2026-09-03 14:21:52.059701000][th:1238178][info] GossipPubSub === END RAW OBSERVED ADDRESS DEBUG ===
[2026-09-03 14:21:52.059701000][th:1238178][info] GossipPubSub Observed addresses - all (0):
[2026-09-03 14:21:52.059702000][th:1238178][info] GossipPubSub Observed addresses - confirmed only (0):
[2026-09-03 14:21:52.059703000][th:1238178][info] GossipPubSub Relay addresses (0):
[2026-09-03 14:21:52.059705000][th:1238178][warning] GossipPubSub Failed to get addresses from peer repository: not found
[2026-09-03 14:21:52.059738000][th:1238178][info] GossipPubSub Found 1 valid network interfaces
[2026-09-03 14:21:52.059740000][th:1238178][info] GossipPubSub Current network interfaces (1):
[2026-09-03 14:21:52.059740000][th:1238178][info] GossipPubSub   -> 192.168.1.6
[2026-09-03 14:21:52.059741000][th:1238178][info] GossipPubSub Active connections: 0
[2026-09-03 14:21:52.059742000][th:1238178][info] GossipPubSub === PEER CONNECTION DETAILS ===
[2026-09-03 14:21:52.059743000][th:1238178][info] GossipPubSub NOTE: Observed addresses need to be seen by 4+ different peer groups to become 'activated'
[2026-09-03 14:21:52.059744000][th:1238178][info] GossipPubSub NOTE: Current connections: 0, so max possible observers: 0
[2026-09-03 14:21:52.059744000][th:1238178][info] GossipPubSub === END PEER CONNECTION DETAILS ===
[2026-09-03 14:21:52.059745000][th:1238178][info] GossipPubSub Connection manager stats:
[2026-09-03 14:21:52.059746000][th:1238178][info] GossipPubSub   -> Max connections: 1000
[2026-09-03 14:21:52.059746000][th:1238178][info] GossipPubSub   -> Current connections: 0
[2026-09-03 14:21:52.059747000][th:1238178][info] GossipPubSub === END NETWORK STATE ===
[2026-09-03 14:21:52.059881000][th:1238178][info] GossipPubSub /ip4/0.0.0.0/tcp/54624/p2p/12D3KooWFasa3DyZ4XpLJ63JtpXEP14H6HAAtUpPj3QM85CCcc7C : PubSub service started
[2026-09-03 14:21:52][info][GlobalDB] Opening database /Users/henriqueklein/gnus/SuperGenius/multi_node_finality_fault/restart-mint-passive/rocksdb
[2026-09-03 14:21:52][debug][GraphsyncDAGSyncer] GraphSyncer created 5125486200 
[2026-09-03 14:21:52][info][CrdtDatastore] crdt Datastore created. Number of heads: 0 Current max-height: 0
[2026-09-03 14:21:52][info][GeniusAccount] Secure storage ID path: /Users/henriqueklein/gnus/SuperGenius/multi_node_finality_fault/restart-mint-passive/account/secure_storage_id
[2026-09-03 14:21:52][error][GeniusAccount] Could not find existing Genius address, generating one from a random mnemonic
[2026-09-03 14:21:52][warning][UTXOManager] Found UTXOs in storage, but there were none
[2026-09-03 14:21:52][info][Blockchain] [1e259375] Blockchain instance created with authorized full node: 8a33bdf1
[2026-09-03 14:21:52][error][ValidatorRegistry] InitializeCache: registry content not found during cache init
[2026-09-03 14:21:52][info][CRDTCallbackManager] Successfully registered new data callback for pattern: '/?gnus-validator-registry'
[2026-09-03 14:21:52][info][ValidatorRegistry] RegisterFilter: result=true
[2026-09-03 14:21:52][info][ValidatorRegistry] New: instance ready
[2026-09-03 14:21:52.099685000][th:1238178][info] GossipPubSub /ip4/0.0.0.0/tcp/54624/p2p/12D3KooWFasa3DyZ4XpLJ63JtpXEP14H6HAAtUpPj3QM85CCcc7C: PubSub subscribed to topic 'gnus-validator-registry.3.7.144'
[2026-09-03 14:21:52][info][CRDTCallbackManager] Successfully registered new data callback for pattern: '^/?cert/[^/]+'
[2026-09-03 14:21:52.099712000][th:1238178][info] GossipPubSub /ip4/0.0.0.0/tcp/54624/p2p/12D3KooWFasa3DyZ4XpLJ63JtpXEP14H6HAAtUpPj3QM85CCcc7C: PubSub subscribed to topic 'consensus-channel-.3.7.144'
[2026-09-03 14:21:52][warning][Blockchain] [1e259375] Failed to request validator registry during blockchain init
[2026-09-03 14:21:52][info][CRDTCallbackManager] Successfully registered new data callback for pattern: '/?gnus-genesis-block'
[2026-09-03 14:21:52][info][CRDTCallbackManager] Successfully registered new data callback for pattern: '/?gnus-account-creation-.*'
[2026-09-03 14:21:52.099736000][th:1238178][info] GossipPubSub /ip4/0.0.0.0/tcp/54624/p2p/12D3KooWFasa3DyZ4XpLJ63JtpXEP14H6HAAtUpPj3QM85CCcc7C: PubSub subscribed to topic 'consensus-channel-.3.7.144#datastore.3.7.144'
[2026-09-03 14:21:52][info][CRDTCallbackManager] Successfully registered new data callback for pattern: '^/?/bc-144/tx/[^/]+'
[2026-09-03 14:21:52][info][CRDTCallbackManager] Successfully registered deleted data callback for pattern: '^/?/bc-144/tx/[^/]+'
[2026-09-03 14:21:52][info][CRDTCallbackManager] Successfully registered new data callback for pattern: '^/?/bc-963/tx/[^/]+'
[2026-09-03 14:21:52][info][CRDTCallbackManager] Successfully registered deleted data callback for pattern: '^/?/bc-963/tx/[^/]+'
[2026-09-03 14:21:52][info][CRDTCallbackManager] Successfully registered new data callback for pattern: '^/?/bc-369/tx/[^/]+'
[2026-09-03 14:21:52][info][CRDTCallbackManager] Successfully registered deleted data callback for pattern: '^/?/bc-369/tx/[^/]+'
[2026-09-03 14:21:52][info][CrdtDatastore] Topics { name="gnus-validator-registry" }
[2026-09-03 14:21:52][info][CRDTCallbackManager] Executing callback for key '/gnus-validator-registry' matching pattern '/?gnus-validator-registry'
[2026-09-03 14:21:52][info][ValidatorRegistry] RegistryUpdateReceived: cache updated and initialized
[2026-09-03 14:21:52][debug][GraphsyncDAGSyncer] addNode: Added node QmZBT3fWn53hNxcJHdHsCuNJbJmPTTycUVBrWo2JZ9EnfS on dagService 
[2026-09-03 14:21:52][info][ValidatorRegistry] StoreRegistryUpdate: stored registry update CID QmZBT3fWn53hNxcJHdHsCuNJbJmPTTycUVBrWo2JZ9EnfS
[2026-09-03 14:21:52][info][ValidatorRegistry] StoreRegistryUpdate: success
[2026-09-03 14:21:52][info][CrdtDatastore] Topics { name="gnus-validator-registry" }
[2026-09-03 14:21:52][info][CRDTCallbackManager] Executing callback for key '/gnus-validator-registry' matching pattern '/?gnus-validator-registry'
[2026-09-03 14:21:52][info][ValidatorRegistry] RegistryUpdateReceived: cache updated and initialized
[2026-09-03 14:21:52][debug][GraphsyncDAGSyncer] addNode: Added node QmZBT3fWn53hNxcJHdHsCuNJbJmPTTycUVBrWo2JZ9EnfS on dagService 
[2026-09-03 14:21:52][info][ValidatorRegistry] StoreRegistryUpdate: stored registry update CID QmZBT3fWn53hNxcJHdHsCuNJbJmPTTycUVBrWo2JZ9EnfS
[2026-09-03 14:21:52][info][ValidatorRegistry] StoreRegistryUpdate: success
[2026-09-03 14:21:52][info][CrdtDatastore] Topics { name="gnus-validator-registry" }
[2026-09-03 14:21:52][info][CRDTCallbackManager] Executing callback for key '/gnus-validator-registry' matching pattern '/?gnus-validator-registry'
[2026-09-03 14:21:52][info][ValidatorRegistry] RegistryUpdateReceived: cache updated and initialized
[2026-09-03 14:21:52][debug][GraphsyncDAGSyncer] addNode: Added node QmZBT3fWn53hNxcJHdHsCuNJbJmPTTycUVBrWo2JZ9EnfS on dagService 
[2026-09-03 14:21:52][info][ValidatorRegistry] StoreRegistryUpdate: stored registry update CID QmZBT3fWn53hNxcJHdHsCuNJbJmPTTycUVBrWo2JZ9EnfS
[2026-09-03 14:21:52][info][ValidatorRegistry] StoreRegistryUpdate: success
[2026-09-03 14:21:52][info][CrdtDatastore] Topics { name="gnus-validator-registry" }
[2026-09-03 14:21:52][info][CRDTCallbackManager] Executing callback for key '/gnus-validator-registry' matching pattern '/?gnus-validator-registry'
[2026-09-03 14:21:52][info][ValidatorRegistry] RegistryUpdateReceived: cache updated and initialized
[2026-09-03 14:21:52][debug][GraphsyncDAGSyncer] addNode: Added node QmZBT3fWn53hNxcJHdHsCuNJbJmPTTycUVBrWo2JZ9EnfS on dagService 
[2026-09-03 14:21:52][info][ValidatorRegistry] StoreRegistryUpdate: stored registry update CID QmZBT3fWn53hNxcJHdHsCuNJbJmPTTycUVBrWo2JZ9EnfS
[2026-09-03 14:21:52][info][ValidatorRegistry] StoreRegistryUpdate: success
[2026-09-03 14:21:52.141465000][th:1238113][info] GossipPubSub Adding new peer: 12D3KooWC1hr8MNgVyVXPgnnmw7Rwxg5J7jbTG8TN5VKFWZEWgqv
[2026-09-03 14:21:52.141526000][th:1238113][info] GossipPubSub Adding new peer: 12D3KooWGforBn2DmrmK3fJFrjxH9MaaD8iAEqDKbR3Syh2Lrtme
[2026-09-03 14:21:52.141574000][th:1238113][info] GossipPubSub Adding new peer: 12D3KooWFasa3DyZ4XpLJ63JtpXEP14H6HAAtUpPj3QM85CCcc7C
[2026-09-03 14:21:52.141601000][th:1238134][info] GossipPubSub Adding new peer: 12D3KooWRw2JvS9umeSvdc9zFmKC5CzmaeXMVaURqFRorAApwKvF
[2026-09-03 14:21:52.141655000][th:1238134][info] GossipPubSub Adding new peer: 12D3KooWGforBn2DmrmK3fJFrjxH9MaaD8iAEqDKbR3Syh2Lrtme
[2026-09-03 14:21:52.141703000][th:1238134][info] GossipPubSub Adding new peer: 12D3KooWFasa3DyZ4XpLJ63JtpXEP14H6HAAtUpPj3QM85CCcc7C
[2026-09-03 14:21:52.141730000][th:1238155][info] GossipPubSub Adding new peer: 12D3KooWRw2JvS9umeSvdc9zFmKC5CzmaeXMVaURqFRorAApwKvF
[2026-09-03 14:21:52.141786000][th:1238155][info] GossipPubSub Adding new peer: 12D3KooWC1hr8MNgVyVXPgnnmw7Rwxg5J7jbTG8TN5VKFWZEWgqv
[2026-09-03 14:21:52.141835000][th:1238155][info] GossipPubSub Adding new peer: 12D3KooWFasa3DyZ4XpLJ63JtpXEP14H6HAAtUpPj3QM85CCcc7C
[2026-09-03 14:21:52.141856000][th:1238178][info] GossipPubSub Adding new peer: 12D3KooWRw2JvS9umeSvdc9zFmKC5CzmaeXMVaURqFRorAApwKvF
[2026-09-03 14:21:52.141900000][th:1238178][info] GossipPubSub Adding new peer: 12D3KooWC1hr8MNgVyVXPgnnmw7Rwxg5J7jbTG8TN5VKFWZEWgqv
[2026-09-03 14:21:52.141942000][th:1238178][info] GossipPubSub Adding new peer: 12D3KooWGforBn2DmrmK3fJFrjxH9MaaD8iAEqDKbR3Syh2Lrtme
[2026-09-03 14:21:52][info][TransactionManager] [68a8be0c - full: false] ChangeTransactionState: Temp tracking entry created tx=99e3f52229da07b737e36681fb8a3f5460b5e962f5546629b63b07da0581db9b
[2026-09-03 14:21:52][info][TransactionManager] [1e259375 - full: false] ChangeTransactionState: Temp tracking entry created tx=99e3f52229da07b737e36681fb8a3f5460b5e962f5546629b63b07da0581db9b
[2026-09-03 14:21:52][info][TransactionManager] [bb2d9de6 - full: false] ChangeTransactionState: Temp tracking entry created tx=99e3f52229da07b737e36681fb8a3f5460b5e962f5546629b63b07da0581db9b
[2026-09-03 14:21:52][info][TransactionManager] [0b053e8a - full: false] ChangeTransactionState: Temp tracking entry created tx=99e3f52229da07b737e36681fb8a3f5460b5e962f5546629b63b07da0581db9b
[2026-09-03 14:21:54][error][ConsensusManager] HandleVote: ignored: proposal has not won frozen slot arbitration proposal_id=82bf79c6
[2026-09-03 14:21:54][error][ConsensusManager] HandleVote: ignored: proposal has not won frozen slot arbitration proposal_id=82bf79c6
[2026-09-03 14:21:54][error][ConsensusManager] HandleVote: ignored: proposal has not won frozen slot arbitration proposal_id=82bf79c6
[2026-09-03 14:21:54][error][ConsensusManager] HandleVote: ignored: proposal has not won frozen slot arbitration proposal_id=82bf79c6
[2026-09-03 14:21:56][info][CrdtDatastore] Topics { name="consensus-channel-.3.7.144#datastore" }
[2026-09-03 14:21:56][info][CRDTCallbackManager] Executing callback for key '/cert/mint-v2:test:0000000000000000000000000000000000000000000000000000000000000000:42:68a8be0c6ecf0eeea1179ffd53091828bb59eca414766c30f36614b8a634c374100a318652da4b0195d285b09406fff9f2e3ad936aa62e76febe3bf2109623c4:cccccccccccccccccccccccccccccccccccccccccccccccccccccccccccccccc' matching pattern '^/?cert/[^/]+'
[2026-09-03 14:21:56][debug][GraphsyncDAGSyncer] addNode: Added node QmZHEYYYm3QTnZcKHxKPGRtCBBfX5yQUB45qbovweUE6Pc on dagService 
[2026-09-03 14:21:56][debug][GraphsyncDAGSyncer] Registered new peer 12D3KooWC1hr8MNgVyVXPgnnmw7Rwxg5J7jbTG8TN5VKFWZEWgqv with key 0
[2026-09-03 14:21:56][debug][GraphsyncDAGSyncer] Added route for CID QmZHEYYYm3QTnZcKHxKPGRtCBBfX5yQUB45qbovweUE6Pc to peer 12D3KooWC1hr8MNgVyVXPgnnmw7Rwxg5J7jbTG8TN5VKFWZEWgqv (key 0, route_count=1)
[2026-09-03 14:21:56][debug][GraphsyncDAGSyncer] Registered new peer 12D3KooWC1hr8MNgVyVXPgnnmw7Rwxg5J7jbTG8TN5VKFWZEWgqv with key 0
[2026-09-03 14:21:56][debug][GraphsyncDAGSyncer] Added route for CID QmZHEYYYm3QTnZcKHxKPGRtCBBfX5yQUB45qbovweUE6Pc to peer 12D3KooWC1hr8MNgVyVXPgnnmw7Rwxg5J7jbTG8TN5VKFWZEWgqv (key 0, route_count=1)
[2026-09-03 14:21:56][debug][GraphsyncDAGSyncer] Registered new peer 12D3KooWC1hr8MNgVyVXPgnnmw7Rwxg5J7jbTG8TN5VKFWZEWgqv with key 0
[2026-09-03 14:21:56][debug][GraphsyncDAGSyncer] Added route for CID QmZHEYYYm3QTnZcKHxKPGRtCBBfX5yQUB45qbovweUE6Pc to peer 12D3KooWC1hr8MNgVyVXPgnnmw7Rwxg5J7jbTG8TN5VKFWZEWgqv (key 0, route_count=1)
[2026-09-03 14:21:56][info][UTXOManager] Stored 1 UTXOs for address 68a8be0c6ecf0eeea1179ffd53091828bb59eca414766c30f36614b8a634c374100a318652da4b0195d285b09406fff9f2e3ad936aa62e76febe3bf2109623c4
[2026-09-03 14:21:56][info][UTXOManager] Stored 2 UTXOs for address 68a8be0c6ecf0eeea1179ffd53091828bb59eca414766c30f36614b8a634c374100a318652da4b0195d285b09406fff9f2e3ad936aa62e76febe3bf2109623c4
[2026-09-03 14:21:56][warning][TransactionManager] [0b053e8a - full: false] Mint-v2 99e3f52229da07b737e36681fb8a3f5460b5e962f5546629b63b07da0581db9b did not consume every burn input (already consumed or missing); burn outpoint metadata may have been rebuilt with zero amount
[2026-09-03 14:21:56][info][TransactionManager] [0b053e8a - full: false] Created tokens (mint-v2), amount 42 balance 0
[2026-09-03 14:21:56][debug][GraphsyncDAGSyncer] Block initialized without content to LRU cache: CID QmZHEYYYm3QTnZcKHxKPGRtCBBfX5yQUB45qbovweUE6Pc, cache size: 1
[2026-09-03 14:21:56][debug][GraphsyncDAGSyncer] Requesting Node QmZHEYYYm3QTnZcKHxKPGRtCBBfX5yQUB45qbovweUE6Pc on this 5125486200
[2026-09-03 14:21:56][info][TransactionManager] [0b053e8a - full: false] ChangeTransactionState: Tracking entry confirmed tx=99e3f52229da07b737e36681fb8a3f5460b5e962f5546629b63b07da0581db9b
[2026-09-03 14:21:56][debug][GraphsyncDAGSyncer] Return node for CID QmZHEYYYm3QTnZcKHxKPGRtCBBfX5yQUB45qbovweUE6Pc instance=5106696696
[2026-09-03 14:21:56.623453000][th:1238178][warning] graphsync Request 1 for CID QmZHEYYYm3QTnZcKHxKPGRtCBBfX5yQUB45qbovweUE6Pc got RS_FULL_CONTENT but no blocks received yet
[2026-09-03 14:21:56][debug][GraphsyncDAGSyncer] request progress: code=FULL_CONTENT, extensions=(graphsync/response-metadata: 0x80) (graphsync/do-not-send-cids: 0x80) 
[2026-09-03 14:21:56][debug][GraphsyncDAGSyncer] HasBlock: false, cid: QmZHEYYYm3QTnZcKHxKPGRtCBBfX5yQUB45qbovweUE6Pc
[2026-09-03 14:21:56][debug][GraphsyncDAGSyncer] Existing block updated in LRU cache: CID QmZHEYYYm3QTnZcKHxKPGRtCBBfX5yQUB45qbovweUE6Pc
[2026-09-03 14:21:56][debug][GraphsyncDAGSyncer] Node added to dagService. CID: QmZHEYYYm3QTnZcKHxKPGRtCBBfX5yQUB45qbovweUE6Pc, links: []
[2026-09-03 14:21:56][debug][GraphsyncDAGSyncer] Seeing if peer 12D3KooWC1hr8MNgVyVXPgnnmw7Rwxg5J7jbTG8TN5VKFWZEWgqv has links to AddRoute
[2026-09-03 14:21:56][info][GraphsyncDAGSyncer] TraverseCIDsLinks: Checking links on { cid="QmZHEYYYm3QTnZcKHxKPGRtCBBfX5yQUB45qbovweUE6Pc", name="" }
[2026-09-03 14:21:56][info][GraphsyncDAGSyncer] TraverseCIDsLinks: Completed traversal. Links to fetch: 0, Visited: 0
[2026-09-03 14:21:56][info][UTXOManager] Created checkpoint owner=0b053e8ab1be947e813a53d2761973ae9b148abcaf226c4ebbea2d517f8ec1bfb9354a38c4f1f8aab9be49f1f5208c32b28c96d055c016adeea549c6f3e4063b epoch=1 utxo_count=0
[2026-09-03 14:21:56][debug][GraphsyncDAGSyncer] Return node for CID QmZHEYYYm3QTnZcKHxKPGRtCBBfX5yQUB45qbovweUE6Pc instance=5125486200
[2026-09-03 14:21:56][info][CRDTCallbackManager] Executing callback for key '/cert/mint-v2:test:0000000000000000000000000000000000000000000000000000000000000000:42:68a8be0c6ecf0eeea1179ffd53091828bb59eca414766c30f36614b8a634c374100a318652da4b0195d285b09406fff9f2e3ad936aa62e76febe3bf2109623c4:cccccccccccccccccccccccccccccccccccccccccccccccccccccccccccccccc' matching pattern '^/?cert/[^/]+'
[2026-09-03 14:21:56][debug][GraphsyncDAGSyncer] addNode: Added node QmZHEYYYm3QTnZcKHxKPGRtCBBfX5yQUB45qbovweUE6Pc on dagService 
[2026-09-03 14:21:56][debug][GraphsyncDAGSyncer] Block removed from LRU cache: CID QmZHEYYYm3QTnZcKHxKPGRtCBBfX5yQUB45qbovweUE6Pc
[2026-09-03 14:21:57][debug][GraphsyncDAGSyncer] Block initialized without content to LRU cache: CID QmZHEYYYm3QTnZcKHxKPGRtCBBfX5yQUB45qbovweUE6Pc, cache size: 1
[2026-09-03 14:21:57][debug][GraphsyncDAGSyncer] Requesting Node QmZHEYYYm3QTnZcKHxKPGRtCBBfX5yQUB45qbovweUE6Pc on this 4582294392
[2026-09-03 14:21:57][debug][GraphsyncDAGSyncer] Return node for CID QmZHEYYYm3QTnZcKHxKPGRtCBBfX5yQUB45qbovweUE6Pc instance=5106696696
[2026-09-03 14:21:57.014923000][th:1238113][warning] graphsync Request 1 for CID QmZHEYYYm3QTnZcKHxKPGRtCBBfX5yQUB45qbovweUE6Pc got RS_FULL_CONTENT but no blocks received yet
[2026-09-03 14:21:57][debug][GraphsyncDAGSyncer] request progress: code=FULL_CONTENT, extensions=(graphsync/response-metadata: 0x80) (graphsync/do-not-send-cids: 0x80) 
[2026-09-03 14:21:57][debug][GraphsyncDAGSyncer] HasBlock: false, cid: QmZHEYYYm3QTnZcKHxKPGRtCBBfX5yQUB45qbovweUE6Pc
[2026-09-03 14:21:57][debug][GraphsyncDAGSyncer] Existing block updated in LRU cache: CID QmZHEYYYm3QTnZcKHxKPGRtCBBfX5yQUB45qbovweUE6Pc
[2026-09-03 14:21:57][debug][GraphsyncDAGSyncer] Node added to dagService. CID: QmZHEYYYm3QTnZcKHxKPGRtCBBfX5yQUB45qbovweUE6Pc, links: []
[2026-09-03 14:21:57][debug][GraphsyncDAGSyncer] Seeing if peer 12D3KooWC1hr8MNgVyVXPgnnmw7Rwxg5J7jbTG8TN5VKFWZEWgqv has links to AddRoute
[2026-09-03 14:21:57][info][GraphsyncDAGSyncer] TraverseCIDsLinks: Checking links on { cid="QmZHEYYYm3QTnZcKHxKPGRtCBBfX5yQUB45qbovweUE6Pc", name="" }
[2026-09-03 14:21:57][info][GraphsyncDAGSyncer] TraverseCIDsLinks: Completed traversal. Links to fetch: 0, Visited: 0
[2026-09-03 14:21:57][debug][GraphsyncDAGSyncer] Block initialized without content to LRU cache: CID QmZHEYYYm3QTnZcKHxKPGRtCBBfX5yQUB45qbovweUE6Pc, cache size: 1
[2026-09-03 14:21:57][debug][GraphsyncDAGSyncer] Requesting Node QmZHEYYYm3QTnZcKHxKPGRtCBBfX5yQUB45qbovweUE6Pc on this 5108120312
[2026-09-03 14:21:57][debug][GraphsyncDAGSyncer] Return node for CID QmZHEYYYm3QTnZcKHxKPGRtCBBfX5yQUB45qbovweUE6Pc instance=5106696696
[2026-09-03 14:21:57.096883000][th:1238155][warning] graphsync Request 1 for CID QmZHEYYYm3QTnZcKHxKPGRtCBBfX5yQUB45qbovweUE6Pc got RS_FULL_CONTENT but no blocks received yet
[2026-09-03 14:21:57][debug][GraphsyncDAGSyncer] request progress: code=FULL_CONTENT, extensions=(graphsync/do-not-send-cids: 0x80) (graphsync/response-metadata: 0x80) 
[2026-09-03 14:21:57][debug][GraphsyncDAGSyncer] HasBlock: false, cid: QmZHEYYYm3QTnZcKHxKPGRtCBBfX5yQUB45qbovweUE6Pc
[2026-09-03 14:21:57][debug][GraphsyncDAGSyncer] Existing block updated in LRU cache: CID QmZHEYYYm3QTnZcKHxKPGRtCBBfX5yQUB45qbovweUE6Pc
[2026-09-03 14:21:57][debug][GraphsyncDAGSyncer] Node added to dagService. CID: QmZHEYYYm3QTnZcKHxKPGRtCBBfX5yQUB45qbovweUE6Pc, links: []
[2026-09-03 14:21:57][debug][GraphsyncDAGSyncer] Seeing if peer 12D3KooWC1hr8MNgVyVXPgnnmw7Rwxg5J7jbTG8TN5VKFWZEWgqv has links to AddRoute
[2026-09-03 14:21:57][info][GraphsyncDAGSyncer] TraverseCIDsLinks: Checking links on { cid="QmZHEYYYm3QTnZcKHxKPGRtCBBfX5yQUB45qbovweUE6Pc", name="" }
[2026-09-03 14:21:57][info][GraphsyncDAGSyncer] TraverseCIDsLinks: Completed traversal. Links to fetch: 0, Visited: 0
[2026-09-03 14:21:57][debug][GraphsyncDAGSyncer] Return node for CID QmZHEYYYm3QTnZcKHxKPGRtCBBfX5yQUB45qbovweUE6Pc instance=4582294392
[2026-09-03 14:21:57][info][CRDTCallbackManager] Executing callback for key '/cert/mint-v2:test:0000000000000000000000000000000000000000000000000000000000000000:42:68a8be0c6ecf0eeea1179ffd53091828bb59eca414766c30f36614b8a634c374100a318652da4b0195d285b09406fff9f2e3ad936aa62e76febe3bf2109623c4:cccccccccccccccccccccccccccccccccccccccccccccccccccccccccccccccc' matching pattern '^/?cert/[^/]+'
[2026-09-03 14:21:57][debug][GraphsyncDAGSyncer] addNode: Added node QmZHEYYYm3QTnZcKHxKPGRtCBBfX5yQUB45qbovweUE6Pc on dagService 
[2026-09-03 14:21:57][debug][GraphsyncDAGSyncer] Block removed from LRU cache: CID QmZHEYYYm3QTnZcKHxKPGRtCBBfX5yQUB45qbovweUE6Pc
[2026-09-03 14:21:57][info][UTXOManager] Stored 1 UTXOs for address 68a8be0c6ecf0eeea1179ffd53091828bb59eca414766c30f36614b8a634c374100a318652da4b0195d285b09406fff9f2e3ad936aa62e76febe3bf2109623c4
[2026-09-03 14:21:57][info][UTXOManager] Stored 2 UTXOs for address 68a8be0c6ecf0eeea1179ffd53091828bb59eca414766c30f36614b8a634c374100a318652da4b0195d285b09406fff9f2e3ad936aa62e76febe3bf2109623c4
[2026-09-03 14:21:57][warning][TransactionManager] [1e259375 - full: false] Mint-v2 99e3f52229da07b737e36681fb8a3f5460b5e962f5546629b63b07da0581db9b did not consume every burn input (already consumed or missing); burn outpoint metadata may have been rebuilt with zero amount
[2026-09-03 14:21:57][info][TransactionManager] [1e259375 - full: false] Created tokens (mint-v2), amount 42 balance 0
[2026-09-03 14:21:57][info][TransactionManager] [1e259375 - full: false] ChangeTransactionState: Tracking entry confirmed tx=99e3f52229da07b737e36681fb8a3f5460b5e962f5546629b63b07da0581db9b
[2026-09-03 14:21:57][info][UTXOManager] Created checkpoint owner=1e259375f32e16bd59f3b68d0579b5f0e04ffa16362ebd049e25912d045d38a9d972378b607f903592bbf6e4099f443f32896a717722c360b6058d024a608840 epoch=1 utxo_count=0
[2026-09-03 14:21:57][debug][GraphsyncDAGSyncer] Return node for CID QmZHEYYYm3QTnZcKHxKPGRtCBBfX5yQUB45qbovweUE6Pc instance=5108120312
[2026-09-03 14:21:57][info][CRDTCallbackManager] Executing callback for key '/cert/mint-v2:test:0000000000000000000000000000000000000000000000000000000000000000:42:68a8be0c6ecf0eeea1179ffd53091828bb59eca414766c30f36614b8a634c374100a318652da4b0195d285b09406fff9f2e3ad936aa62e76febe3bf2109623c4:cccccccccccccccccccccccccccccccccccccccccccccccccccccccccccccccc' matching pattern '^/?cert/[^/]+'
[2026-09-03 14:21:57][debug][GraphsyncDAGSyncer] addNode: Added node QmZHEYYYm3QTnZcKHxKPGRtCBBfX5yQUB45qbovweUE6Pc on dagService 
[2026-09-03 14:21:57][debug][GraphsyncDAGSyncer] Block removed from LRU cache: CID QmZHEYYYm3QTnZcKHxKPGRtCBBfX5yQUB45qbovweUE6Pc
[2026-09-03 14:21:57][info][UTXOManager] Stored 1 UTXOs for address 68a8be0c6ecf0eeea1179ffd53091828bb59eca414766c30f36614b8a634c374100a318652da4b0195d285b09406fff9f2e3ad936aa62e76febe3bf2109623c4
[2026-09-03 14:21:57][info][UTXOManager] Stored 2 UTXOs for address 68a8be0c6ecf0eeea1179ffd53091828bb59eca414766c30f36614b8a634c374100a318652da4b0195d285b09406fff9f2e3ad936aa62e76febe3bf2109623c4
[2026-09-03 14:21:57][warning][TransactionManager] [68a8be0c - full: false] Mint-v2 99e3f52229da07b737e36681fb8a3f5460b5e962f5546629b63b07da0581db9b did not consume every burn input (already consumed or missing); burn outpoint metadata may have been rebuilt with zero amount
[2026-09-03 14:21:57][info][TransactionManager] [68a8be0c - full: false] Created tokens (mint-v2), amount 42 balance 42
[2026-09-03 14:21:57][info][Blockchain] [68a8be0c] Stopping blockchain
[2026-09-03 14:21:57][error][TransactionManager] [68a8be0c - full: false] OnConsensusCertificate: Failed to change transaction state to CONFIRMED for hash 99e3f52229da07b737e36681fb8a3f5460b5e962f5546629b63b07da0581db9b: Operation canceled
[2026-09-03 14:21:57][error][TransactionManager] [68a8be0c - full: false] Failed to process certificate proposal_id=82bf79c6f0d9c3624de5a59e96bbbcf1c21d961406628c61de463440cde38f1e error=Operation canceled
[2026-09-03 14:21:57][info][CRDTCallbackManager] Successfully unregistered new data callback for pattern: '^/?/bc-144/tx/[^/]+'
[2026-09-03 14:21:57][info][CRDTCallbackManager] Successfully unregistered deleted data callback for pattern: '^/?/bc-144/tx/[^/]+'
[2026-09-03 14:21:57][info][CRDTCallbackManager] Successfully unregistered new data callback for pattern: '^/?/bc-963/tx/[^/]+'
[2026-09-03 14:21:57][info][CRDTCallbackManager] Successfully unregistered deleted data callback for pattern: '^/?/bc-963/tx/[^/]+'
[2026-09-03 14:21:57][info][CRDTCallbackManager] Successfully unregistered new data callback for pattern: '^/?/bc-369/tx/[^/]+'
[2026-09-03 14:21:57][info][CRDTCallbackManager] Successfully unregistered deleted data callback for pattern: '^/?/bc-369/tx/[^/]+'
[2026-09-03 14:21:57][info][TransactionManager] [68a8be0c - full: false] ~TransactionManager: Metrics — cert_fallback(success=0 failure=0) validation(approve=1 reject=0) tracking(insert=1 confirm=0 fail=0)
[2026-09-03 14:21:57][info][CRDTCallbackManager] Successfully unregistered new data callback for pattern: '/?gnus-genesis-block'
[2026-09-03 14:21:57][info][CRDTCallbackManager] Successfully unregistered new data callback for pattern: '/?gnus-account-creation-.*'
[2026-09-03 14:21:57][info][CRDTCallbackManager] Successfully unregistered new data callback for pattern: '/?gnus-validator-registry'
[2026-09-03 14:21:57][debug][GlobalDB] ~GlobalDB CALLED with count 6 on multi_node_finality_fault/restart-mint-validator-one/rocksdb 
[2026-09-03 14:21:57][info][GlobalDB] GlobalDB shutdown start
[2026-09-03 14:21:57][info][CrdtDatastore] CancelAndCloseNow: begin (pending_jobs=1, self_queue=0, root_queue=0, pending_roots=0, active_root=false)
[2026-09-03 14:21:57][debug][GraphsyncDAGSyncer] Stopping Dagsyncer
[2026-09-03 14:21:57][debug][GraphsyncDAGSyncer] Dagsyncer Stopped
[2026-09-03 14:21:57.610934000][th:1238134][error] graphsync Varint Error msg=Stream: closed by remote peer
[2026-09-03 14:21:57.610939000][th:1238134][info] graphsync stream read error, peer=ApwKvF, msg=stream is not readable
[2026-09-03 14:21:57.611006000][th:1238113][error] graphsync Varint Error msg=Stream: closed by this host
[2026-09-03 14:21:57][info][UTXOManager] Stored 1 UTXOs for address 68a8be0c6ecf0eeea1179ffd53091828bb59eca414766c30f36614b8a634c374100a318652da4b0195d285b09406fff9f2e3ad936aa62e76febe3bf2109623c4
[2026-09-03 14:21:57][info][UTXOManager] Stored 2 UTXOs for address 68a8be0c6ecf0eeea1179ffd53091828bb59eca414766c30f36614b8a634c374100a318652da4b0195d285b09406fff9f2e3ad936aa62e76febe3bf2109623c4
[2026-09-03 14:21:57][warning][TransactionManager] [bb2d9de6 - full: false] Mint-v2 99e3f52229da07b737e36681fb8a3f5460b5e962f5546629b63b07da0581db9b did not consume every burn input (already consumed or missing); burn outpoint metadata may have been rebuilt with zero amount
[2026-09-03 14:21:57][info][TransactionManager] [bb2d9de6 - full: false] Created tokens (mint-v2), amount 42 balance 0
[2026-09-03 14:21:57][info][TransactionManager] [bb2d9de6 - full: false] ChangeTransactionState: Tracking entry confirmed tx=99e3f52229da07b737e36681fb8a3f5460b5e962f5546629b63b07da0581db9b
[2026-09-03 14:21:57][info][UTXOManager] Created checkpoint owner=bb2d9de6f5a603fa72f429a63cfbc1debec67a986a4d9f7a30e38dcbe6ef7541b1dbb591a99f4b0bcb86b62271f61b3630d4208df87556dac293def29c78c848 epoch=1 utxo_count=0
[2026-09-03 14:21:58][info][CrdtDatastore] CancelAndCloseNow: CRDT workers stopped
[2026-09-03 14:21:58][warning][CrdtDatastore] CancelAndCloseNow called but shutdown has already started
[2026-09-03 14:21:58][debug][GraphsyncDAGSyncer] ~GraphsyncDAGSyncer CALLED
[2026-09-03 14:21:58][info][GlobalDB] GlobalDB shutdown finished
[2026-09-03 14:21:58.007487000][th:1238113][error] GossipPubSub Address monitoring timer error: Operation canceled
[2026-09-03 14:21:59][info][KeyPairFileStorage] Path to keypairs multi_node_finality_fault/restart-mint-validator-one/keypair
[2026-09-03 14:21:59][info][KeyPairFileStorage] Peer ID from public key: 12D3KooWRw2JvS9umeSvdc9zFmKC5CzmaeXMVaURqFRorAApwKvF
Current limits: 16384 (soft), 9223372036854775807 (hard)
New limits set successfully: 16384 (soft), 9223372036854775807 (hard)
Initialized relay addresses
[2026-09-03 14:21:59.015724000][th:1236724][info] GossipPubSub /ip4/0.0.0.0/tcp/54621/p2p/12D3KooWRw2JvS9umeSvdc9zFmKC5CzmaeXMVaURqFRorAApwKvF: Starting PubSub service
[2026-09-03 14:21:59.015789000][th:1238443][info] GossipPubSub Starting address monitoring system for mobile network changes
[2026-09-03 14:21:59.015791000][th:1238443][info] GossipPubSub === CURRENT NETWORK STATE ===
[2026-09-03 14:21:59.015798000][th:1238443][info] GossipPubSub Primary listening address: /ip4/0.0.0.0/tcp/54621/p2p/12D3KooWRw2JvS9umeSvdc9zFmKC5CzmaeXMVaURqFRorAApwKvF
[2026-09-03 14:21:59.015800000][th:1238443][info] GossipPubSub Host peer info addresses (0):
[2026-09-03 14:21:59.015800000][th:1238443][info] GossipPubSub Additional addresses we track (0):
[2026-09-03 14:21:59.015801000][th:1238443][info] GossipPubSub Listening addresses (1):
[2026-09-03 14:21:59.015802000][th:1238443][info] GossipPubSub   -> /ip4/0.0.0.0/tcp/54621/p2p/12D3KooWRw2JvS9umeSvdc9zFmKC5CzmaeXMVaURqFRorAApwKvF
[2026-09-03 14:21:59.015803000][th:1238443][info] GossipPubSub Interface addresses (0):
[2026-09-03 14:21:59.015803000][th:1238443][info] GossipPubSub === RAW OBSERVED ADDRESS DEBUG ===
[2026-09-03 14:21:59.015805000][th:1238443][info] GossipPubSub Local address: /ip4/0.0.0.0/tcp/54621/p2p/12D3KooWRw2JvS9umeSvdc9zFmKC5CzmaeXMVaURqFRorAApwKvF -> 0 raw observed, 0 activated+confirmed
[2026-09-03 14:21:59.015807000][th:1238443][info] GossipPubSub TOTAL: 0 raw observed addresses, 0 activated+confirmed addresses
[2026-09-03 14:21:59.015826000][th:1238443][info] GossipPubSub === END RAW OBSERVED ADDRESS DEBUG ===
[2026-09-03 14:21:59.015828000][th:1238443][info] GossipPubSub Observed addresses - all (0):
[2026-09-03 14:21:59.015829000][th:1238443][info] GossipPubSub Observed addresses - confirmed only (0):
[2026-09-03 14:21:59.015830000][th:1238443][info] GossipPubSub Relay addresses (0):
[2026-09-03 14:21:59.015832000][th:1238443][warning] GossipPubSub Failed to get addresses from peer repository: not found
[2026-09-03 14:21:59.015865000][th:1238443][info] GossipPubSub Found 1 valid network interfaces
[2026-09-03 14:21:59.015866000][th:1238443][info] GossipPubSub Current network interfaces (1):
[2026-09-03 14:21:59.015867000][th:1238443][info] GossipPubSub   -> 192.168.1.6
[2026-09-03 14:21:59.015868000][th:1238443][info] GossipPubSub Active connections: 0
[2026-09-03 14:21:59.015869000][th:1238443][info] GossipPubSub === PEER CONNECTION DETAILS ===
[2026-09-03 14:21:59.015870000][th:1238443][info] GossipPubSub NOTE: Observed addresses need to be seen by 4+ different peer groups to become 'activated'
[2026-09-03 14:21:59.015870000][th:1238443][info] GossipPubSub NOTE: Current connections: 0, so max possible observers: 0
[2026-09-03 14:21:59.015871000][th:1238443][info] GossipPubSub === END PEER CONNECTION DETAILS ===
[2026-09-03 14:21:59.015872000][th:1238443][info] GossipPubSub Connection manager stats:
[2026-09-03 14:21:59.015873000][th:1238443][info] GossipPubSub   -> Max connections: 1000
[2026-09-03 14:21:59.015873000][th:1238443][info] GossipPubSub   -> Current connections: 0
[2026-09-03 14:21:59.015874000][th:1238443][info] GossipPubSub === END NETWORK STATE ===
[2026-09-03 14:21:59.016069000][th:1238443][info] GossipPubSub /ip4/0.0.0.0/tcp/54621/p2p/12D3KooWRw2JvS9umeSvdc9zFmKC5CzmaeXMVaURqFRorAApwKvF : PubSub service started
[2026-09-03 14:21:59][info][GlobalDB] Opening database /Users/henriqueklein/gnus/SuperGenius/multi_node_finality_fault/restart-mint-validator-one/rocksdb
[2026-09-03 14:21:59][debug][GraphsyncDAGSyncer] GraphSyncer created 5107953576 
[2026-09-03 14:21:59][info][CrdtDatastore] crdt Datastore created. Number of heads: 2 Current max-height: 18446744073709551615
[2026-09-03 14:21:59][info][GeniusAccount] Secure storage ID path: /Users/henriqueklein/gnus/SuperGenius/multi_node_finality_fault/restart-mint-validator-one/account/secure_storage_id
[2026-09-03 14:21:59][info][GeniusAccount] Loaded public key from file: 68a8be0c6ecf0eee... (length: 128)
[2026-09-03 14:21:59][info][GeniusAccount] Successfully loaded key_seed from storage
[2026-09-03 14:21:59][info][GeniusAccount] Validation successful: key_seed matches stored public key
[2026-09-03 14:21:59][info][Blockchain] [68a8be0c] Blockchain instance created with authorized full node: 8a33bdf1
[2026-09-03 14:21:59][info][ValidatorRegistry] InitializeCache: cache initialized with CID QmZBT3fWn53hNxcJHdHsCuNJbJmPTTycUVBrWo2JZ9EnfS
[2026-09-03 14:21:59][info][CRDTCallbackManager] Successfully registered new data callback for pattern: '/?gnus-validator-registry'
[2026-09-03 14:21:59][info][ValidatorRegistry] RegisterFilter: result=true
[2026-09-03 14:21:59][info][ValidatorRegistry] New: instance ready
[2026-09-03 14:21:59][info][CRDTCallbackManager] Successfully registered new data callback for pattern: '^/?cert/[^/]+'
[2026-09-03 14:21:59.040102000][th:1238443][info] GossipPubSub /ip4/0.0.0.0/tcp/54621/p2p/12D3KooWRw2JvS9umeSvdc9zFmKC5CzmaeXMVaURqFRorAApwKvF: PubSub subscribed to topic 'gnus-validator-registry.3.7.144'
[2026-09-03 14:21:59.040123000][th:1238443][info] GossipPubSub /ip4/0.0.0.0/tcp/54621/p2p/12D3KooWRw2JvS9umeSvdc9zFmKC5CzmaeXMVaURqFRorAApwKvF: PubSub subscribed to topic 'consensus-channel-.3.7.144'
[2026-09-03 14:21:59.040128000][th:1238443][info] GossipPubSub /ip4/0.0.0.0/tcp/54621/p2p/12D3KooWRw2JvS9umeSvdc9zFmKC5CzmaeXMVaURqFRorAApwKvF: PubSub subscribed to topic 'consensus-channel-.3.7.144#datastore.3.7.144'
[2026-09-03 14:21:59][warning][ConsensusManager] ProcessCommittedCertificate: No subject handler for certificate with key /cert/mint-v2:test:0000000000000000000000000000000000000000000000000000000000000000:42:68a8be0c6ecf0eeea1179ffd53091828bb59eca414766c30f36614b8a634c374100a318652da4b0195d285b09406fff9f2e3ad936aa62e76febe3bf2109623c4:cccccccccccccccccccccccccccccccccccccccccccccccccccccccccccccccc 
[2026-09-03 14:21:59][warning][ConsensusManager] ProcessCommittedCertificate: No subject handler for certificate with key /cert/mint-v2:test:0000000000000000000000000000000000000000000000000000000000000000:42:68a8be0c6ecf0eeea1179ffd53091828bb59eca414766c30f36614b8a634c374100a318652da4b0195d285b09406fff9f2e3ad936aa62e76febe3bf2109623c4:cccccccccccccccccccccccccccccccccccccccccccccccccccccccccccccccc 
[2026-09-03 14:21:59][info][CRDTCallbackManager] Successfully registered new data callback for pattern: '/?gnus-genesis-block'
[2026-09-03 14:21:59][info][CRDTCallbackManager] Successfully registered new data callback for pattern: '/?gnus-account-creation-.*'
[2026-09-03 14:21:59][info][UTXOManager] Stored 2 UTXOs for address 68a8be0c6ecf0eeea1179ffd53091828bb59eca414766c30f36614b8a634c374100a318652da4b0195d285b09406fff9f2e3ad936aa62e76febe3bf2109623c4
[2026-09-03 14:21:59][warning][TransactionManager] [68a8be0c - full: false] Mint-v2 99e3f52229da07b737e36681fb8a3f5460b5e962f5546629b63b07da0581db9b did not consume every burn input (already consumed or missing); burn outpoint metadata may have been rebuilt with zero amount
[2026-09-03 14:21:59][info][TransactionManager] [68a8be0c - full: false] Created tokens (mint-v2), amount 42 balance 42
[2026-09-03 14:21:59][info][TransactionManager] [68a8be0c - full: false] ChangeTransactionState: Tracking entry confirmed tx=99e3f52229da07b737e36681fb8a3f5460b5e962f5546629b63b07da0581db9b
[2026-09-03 14:21:59][info][TransactionManager] [68a8be0c - full: false] OnConsensusCertificate: Standalone validator confirmed tx 99e3f52229da07b737e36681fb8a3f5460b5e962f5546629b63b07da0581db9b from certificate proposal_id=82bf79c6f0d9c3624de5a59e96bbbcf1c21d961406628c61de463440cde38f1e
[2026-09-03 14:21:59][info][UTXOManager] Created checkpoint owner=68a8be0c6ecf0eeea1179ffd53091828bb59eca414766c30f36614b8a634c374100a318652da4b0195d285b09406fff9f2e3ad936aa62e76febe3bf2109623c4 epoch=1 utxo_count=1
[2026-09-03 14:21:59][info][CRDTCallbackManager] Successfully registered new data callback for pattern: '^/?/bc-144/tx/[^/]+'
[2026-09-03 14:21:59][info][CRDTCallbackManager] Successfully registered deleted data callback for pattern: '^/?/bc-144/tx/[^/]+'
[2026-09-03 14:21:59][info][CRDTCallbackManager] Successfully registered new data callback for pattern: '^/?/bc-963/tx/[^/]+'
[2026-09-03 14:21:59][info][CRDTCallbackManager] Successfully registered deleted data callback for pattern: '^/?/bc-963/tx/[^/]+'
[2026-09-03 14:21:59][info][CRDTCallbackManager] Successfully registered new data callback for pattern: '^/?/bc-369/tx/[^/]+'
[2026-09-03 14:21:59][info][CRDTCallbackManager] Successfully registered deleted data callback for pattern: '^/?/bc-369/tx/[^/]+'
[2026-09-03 14:21:59.070638000][th:1238443][info] GossipPubSub Adding new peer: 12D3KooWC1hr8MNgVyVXPgnnmw7Rwxg5J7jbTG8TN5VKFWZEWgqv
[2026-09-03 14:21:59.070691000][th:1238443][info] GossipPubSub Adding new peer: 12D3KooWGforBn2DmrmK3fJFrjxH9MaaD8iAEqDKbR3Syh2Lrtme
[2026-09-03 14:21:59.070733000][th:1238443][info] GossipPubSub Adding new peer: 12D3KooWFasa3DyZ4XpLJ63JtpXEP14H6HAAtUpPj3QM85CCcc7C
[2026-09-03 14:21:59.070737000][th:1238134][info] GossipPubSub Adding new peer: 12D3KooWRw2JvS9umeSvdc9zFmKC5CzmaeXMVaURqFRorAApwKvF
[2026-09-03 14:21:59.070783000][th:1238134][info] GossipPubSub Adding new peer: 12D3KooWGforBn2DmrmK3fJFrjxH9MaaD8iAEqDKbR3Syh2Lrtme
[2026-09-03 14:21:59.070821000][th:1238134][info] GossipPubSub Adding new peer: 12D3KooWFasa3DyZ4XpLJ63JtpXEP14H6HAAtUpPj3QM85CCcc7C
[2026-09-03 14:21:59.070831000][th:1238155][info] GossipPubSub Adding new peer: 12D3KooWRw2JvS9umeSvdc9zFmKC5CzmaeXMVaURqFRorAApwKvF
[2026-09-03 14:21:59.070863000][th:1238155][info] GossipPubSub Adding new peer: 12D3KooWC1hr8MNgVyVXPgnnmw7Rwxg5J7jbTG8TN5VKFWZEWgqv
[2026-09-03 14:21:59.070893000][th:1238155][info] GossipPubSub Adding new peer: 12D3KooWFasa3DyZ4XpLJ63JtpXEP14H6HAAtUpPj3QM85CCcc7C
[2026-09-03 14:21:59.070941000][th:1238178][info] GossipPubSub Adding new peer: 12D3KooWRw2JvS9umeSvdc9zFmKC5CzmaeXMVaURqFRorAApwKvF
[2026-09-03 14:21:59.070999000][th:1238178][info] GossipPubSub Adding new peer: 12D3KooWC1hr8MNgVyVXPgnnmw7Rwxg5J7jbTG8TN5VKFWZEWgqv
[2026-09-03 14:21:59.071034000][th:1238178][info] GossipPubSub Adding new peer: 12D3KooWGforBn2DmrmK3fJFrjxH9MaaD8iAEqDKbR3Syh2Lrtme
[2026-09-03 14:21:59][info][CrdtDatastore] Topics { name="consensus-channel-.3.7.144#datastore" }
[2026-09-03 14:21:59][debug][GraphsyncDAGSyncer] addNode: Added node QmaZxfK9qHNhDFtM5SbjmSoTn6w7remAzUM6QHGyBYjtSH on dagService 
[2026-09-03 14:21:59][info][GraphsyncDAGSyncer] TraverseCIDsLinks: Checking links on { cid="QmaZxfK9qHNhDFtM5SbjmSoTn6w7remAzUM6QHGyBYjtSH", name="consensus-channel-.3.7.144#datastore" }
[2026-09-03 14:21:59][debug][GraphsyncDAGSyncer] TraverseCIDsLinks: Skipping traversal of resolved child QmZHEYYYm3QTnZcKHxKPGRtCBBfX5yQUB45qbovweUE6Pc
[2026-09-03 14:21:59][info][GraphsyncDAGSyncer] TraverseCIDsLinks: Completed traversal. Links to fetch: 0, Visited: 1
[2026-09-03 14:21:59][debug][GraphsyncDAGSyncer] Registered new peer 12D3KooWRw2JvS9umeSvdc9zFmKC5CzmaeXMVaURqFRorAApwKvF with key 0
[2026-09-03 14:21:59][debug][GraphsyncDAGSyncer] Added route for CID QmaZxfK9qHNhDFtM5SbjmSoTn6w7remAzUM6QHGyBYjtSH to peer 12D3KooWRw2JvS9umeSvdc9zFmKC5CzmaeXMVaURqFRorAApwKvF (key 0, route_count=1)
[2026-09-03 14:21:59][debug][GraphsyncDAGSyncer] Registered new peer 12D3KooWRw2JvS9umeSvdc9zFmKC5CzmaeXMVaURqFRorAApwKvF with key 1
[2026-09-03 14:21:59][debug][GraphsyncDAGSyncer] Added route for CID QmaZxfK9qHNhDFtM5SbjmSoTn6w7remAzUM6QHGyBYjtSH to peer 12D3KooWRw2JvS9umeSvdc9zFmKC5CzmaeXMVaURqFRorAApwKvF (key 1, route_count=1)
[2026-09-03 14:21:59][debug][GraphsyncDAGSyncer] Registered new peer 12D3KooWRw2JvS9umeSvdc9zFmKC5CzmaeXMVaURqFRorAApwKvF with key 1
[2026-09-03 14:21:59][debug][GraphsyncDAGSyncer] Added route for CID QmaZxfK9qHNhDFtM5SbjmSoTn6w7remAzUM6QHGyBYjtSH to peer 12D3KooWRw2JvS9umeSvdc9zFmKC5CzmaeXMVaURqFRorAApwKvF (key 1, route_count=1)
[2026-09-03 14:21:59][info][CRDTCallbackManager] Successfully unregistered new data callback for pattern: '^/?/bc-144/tx/[^/]+'
[2026-09-03 14:21:59][info][CRDTCallbackManager] Successfully unregistered deleted data callback for pattern: '^/?/bc-144/tx/[^/]+'
[2026-09-03 14:21:59][info][CRDTCallbackManager] Successfully unregistered new data callback for pattern: '^/?/bc-963/tx/[^/]+'
[2026-09-03 14:21:59][info][CRDTCallbackManager] Successfully unregistered deleted data callback for pattern: '^/?/bc-963/tx/[^/]+'
[2026-09-03 14:21:59][info][CRDTCallbackManager] Successfully unregistered new data callback for pattern: '^/?/bc-369/tx/[^/]+'
[2026-09-03 14:21:59][info][CRDTCallbackManager] Successfully unregistered deleted data callback for pattern: '^/?/bc-369/tx/[^/]+'
[2026-09-03 14:21:59][info][TransactionManager] [68a8be0c - full: false] ~TransactionManager: Metrics — cert_fallback(success=1 failure=0) validation(approve=0 reject=0) tracking(insert=0 confirm=1 fail=0)
[2026-09-03 14:21:59][info][Blockchain] [68a8be0c] Stopping blockchain
[2026-09-03 14:21:59][info][CRDTCallbackManager] Successfully unregistered new data callback for pattern: '/?gnus-genesis-block'
[2026-09-03 14:21:59][info][CRDTCallbackManager] Successfully unregistered new data callback for pattern: '/?gnus-account-creation-.*'
[2026-09-03 14:21:59][info][CRDTCallbackManager] Successfully unregistered new data callback for pattern: '/?gnus-validator-registry'
[2026-09-03 14:21:59][debug][GlobalDB] ~GlobalDB CALLED with count 5 on multi_node_finality_fault/restart-mint-validator-one/rocksdb 
[2026-09-03 14:21:59][info][GlobalDB] GlobalDB shutdown start
[2026-09-03 14:21:59][info][CrdtDatastore] CancelAndCloseNow: begin (pending_jobs=0, self_queue=0, root_queue=0, pending_roots=0, active_root=false)
[2026-09-03 14:21:59][debug][GraphsyncDAGSyncer] Stopping Dagsyncer
[2026-09-03 14:21:59][debug][GraphsyncDAGSyncer] Dagsyncer Stopped
[2026-09-03 14:21:59][info][CrdtDatastore] CancelAndCloseNow: CRDT workers stopped
[2026-09-03 14:21:59][warning][CrdtDatastore] CancelAndCloseNow called but shutdown has already started
[2026-09-03 14:21:59][debug][GraphsyncDAGSyncer] ~GraphsyncDAGSyncer CALLED
[2026-09-03 14:21:59][info][GlobalDB] GlobalDB shutdown finished
[2026-09-03 14:21:59.544452000][th:1238443][error] GossipPubSub Address monitoring timer error: Operation canceled
[2026-09-03 14:21:59][debug][GraphsyncDAGSyncer] Block initialized without content to LRU cache: CID QmaZxfK9qHNhDFtM5SbjmSoTn6w7remAzUM6QHGyBYjtSH, cache size: 1
[2026-09-03 14:21:59][debug][GraphsyncDAGSyncer] Requesting Node QmaZxfK9qHNhDFtM5SbjmSoTn6w7remAzUM6QHGyBYjtSH on this 5106696696
[2026-09-03 14:21:59][debug][GraphsyncDAGSyncer] Block initialized without content to LRU cache: CID QmaZxfK9qHNhDFtM5SbjmSoTn6w7remAzUM6QHGyBYjtSH, cache size: 1
[2026-09-03 14:21:59][debug][GraphsyncDAGSyncer] Requesting Node QmaZxfK9qHNhDFtM5SbjmSoTn6w7remAzUM6QHGyBYjtSH on this 5108120312
[2026-09-03 14:21:59][debug][GraphsyncDAGSyncer] Block initialized without content to LRU cache: CID QmaZxfK9qHNhDFtM5SbjmSoTn6w7remAzUM6QHGyBYjtSH, cache size: 1
[2026-09-03 14:21:59][debug][GraphsyncDAGSyncer] Requesting Node QmaZxfK9qHNhDFtM5SbjmSoTn6w7remAzUM6QHGyBYjtSH on this 5125486200
[2026-09-03 14:22:00.547356000][th:1238155][error] graphsync cannot connect, peer=ApwKvF, msg='Connection reset by peer' state=1
[2026-09-03 14:22:00][debug][GraphsyncDAGSyncer] request progress: code=CANNOT_CONNECT, extensions=
[2026-09-03 14:22:00.547839000][th:1238134][error] graphsync cannot connect, peer=ApwKvF, msg='Connection reset by peer' state=1
[2026-09-03 14:22:00][debug][GraphsyncDAGSyncer] request progress: code=CANNOT_CONNECT, extensions=
[2026-09-03 14:22:00][info][KeyPairFileStorage] Path to keypairs multi_node_finality_fault/restart-mint-validator-one/keypair
[2026-09-03 14:22:00.548471000][th:1238178][error] graphsync cannot connect, peer=ApwKvF, msg='Connection reset by peer' state=1
[2026-09-03 14:22:00][debug][GraphsyncDAGSyncer] request progress: code=CANNOT_CONNECT, extensions=
[2026-09-03 14:22:00][warning][GraphsyncDAGSyncer] Request failed for CID QmaZxfK9qHNhDFtM5SbjmSoTn6w7remAzUM6QHGyBYjtSH from peer 12D3KooWRw2JvS9umeSvdc9zFmKC5CzmaeXMVaURqFRorAApwKvF with connection error CANNOT_CONNECT. Blacklisting peer and trying fallback.
[2026-09-03 14:22:00][debug][GraphsyncDAGSyncer] Erasing route for CID QmaZxfK9qHNhDFtM5SbjmSoTn6w7remAzUM6QHGyBYjtSH to blacklisted peer
[2026-09-03 14:22:00][error][GraphsyncDAGSyncer] No usable route candidates left for CID QmaZxfK9qHNhDFtM5SbjmSoTn6w7remAzUM6QHGyBYjtSH
[2026-09-03 14:22:00][info][KeyPairFileStorage] Peer ID from public key: 12D3KooWRw2JvS9umeSvdc9zFmKC5CzmaeXMVaURqFRorAApwKvF
Current limits: 16384 (soft), 9223372036854775807 (hard)
New limits set successfully: 16384 (soft), 9223372036854775807 (hard)
Initialized relay addresses
[2026-09-03 14:22:00.551591000][th:1236724][info] GossipPubSub /ip4/0.0.0.0/tcp/54621/p2p/12D3KooWRw2JvS9umeSvdc9zFmKC5CzmaeXMVaURqFRorAApwKvF: Starting PubSub service
[2026-09-03 14:22:00.551822000][th:1238532][info] GossipPubSub Starting address monitoring system for mobile network changes
[2026-09-03 14:22:00.551830000][th:1238532][info] GossipPubSub === CURRENT NETWORK STATE ===
[2026-09-03 14:22:00.551852000][th:1238532][info] GossipPubSub Primary listening address: /ip4/0.0.0.0/tcp/54621/p2p/12D3KooWRw2JvS9umeSvdc9zFmKC5CzmaeXMVaURqFRorAApwKvF
[2026-09-03 14:22:00.551855000][th:1238532][info] GossipPubSub Host peer info addresses (0):
[2026-09-03 14:22:00.551856000][th:1238532][info] GossipPubSub Additional addresses we track (0):
[2026-09-03 14:22:00.551858000][th:1238532][info] GossipPubSub Listening addresses (1):
[2026-09-03 14:22:00.551859000][th:1238532][info] GossipPubSub   -> /ip4/0.0.0.0/tcp/54621/p2p/12D3KooWRw2JvS9umeSvdc9zFmKC5CzmaeXMVaURqFRorAApwKvF
[2026-09-03 14:22:00.551861000][th:1238532][info] GossipPubSub Interface addresses (0):
[2026-09-03 14:22:00.551862000][th:1238532][info] GossipPubSub === RAW OBSERVED ADDRESS DEBUG ===
[2026-09-03 14:22:00.551866000][th:1238532][info] GossipPubSub Local address: /ip4/0.0.0.0/tcp/54621/p2p/12D3KooWRw2JvS9umeSvdc9zFmKC5CzmaeXMVaURqFRorAApwKvF -> 0 raw observed, 0 activated+confirmed
[2026-09-03 14:22:00.551868000][th:1238532][info] GossipPubSub TOTAL: 0 raw observed addresses, 0 activated+confirmed addresses
[2026-09-03 14:22:00.551869000][th:1238532][info] GossipPubSub === END RAW OBSERVED ADDRESS DEBUG ===
[2026-09-03 14:22:00.551870000][th:1238532][info] GossipPubSub Observed addresses - all (0):
[2026-09-03 14:22:00.551871000][th:1238532][info] GossipPubSub Observed addresses - confirmed only (0):
[2026-09-03 14:22:00.551873000][th:1238532][info] GossipPubSub Relay addresses (0):
[2026-09-03 14:22:00.551877000][th:1238532][warning] GossipPubSub Failed to get addresses from peer repository: not found
[2026-09-03 14:22:00.551972000][th:1238532][info] GossipPubSub Found 1 valid network interfaces
[2026-09-03 14:22:00.551976000][th:1238532][info] GossipPubSub Current network interfaces (1):
[2026-09-03 14:22:00.551977000][th:1238532][info] GossipPubSub   -> 192.168.1.6
[2026-09-03 14:22:00.551979000][th:1238532][info] GossipPubSub Active connections: 0
[2026-09-03 14:22:00.551981000][th:1238532][info] GossipPubSub === PEER CONNECTION DETAILS ===
[2026-09-03 14:22:00.551982000][th:1238532][info] GossipPubSub NOTE: Observed addresses need to be seen by 4+ different peer groups to become 'activated'
[2026-09-03 14:22:00.551983000][th:1238532][info] GossipPubSub NOTE: Current connections: 0, so max possible observers: 0
[2026-09-03 14:22:00.551984000][th:1238532][info] GossipPubSub === END PEER CONNECTION DETAILS ===
[2026-09-03 14:22:00.551985000][th:1238532][info] GossipPubSub Connection manager stats:
[2026-09-03 14:22:00.551989000][th:1238532][info] GossipPubSub   -> Max connections: 1000
[2026-09-03 14:22:00.551990000][th:1238532][info] GossipPubSub   -> Current connections: 0
[2026-09-03 14:22:00.551991000][th:1238532][info] GossipPubSub === END NETWORK STATE ===
[2026-09-03 14:22:00.552489000][th:1238532][info] GossipPubSub /ip4/0.0.0.0/tcp/54621/p2p/12D3KooWRw2JvS9umeSvdc9zFmKC5CzmaeXMVaURqFRorAApwKvF : PubSub service started
[2026-09-03 14:22:00][info][GlobalDB] Opening database /Users/henriqueklein/gnus/SuperGenius/multi_node_finality_fault/restart-mint-validator-one/rocksdb
[2026-09-03 14:22:00][debug][GraphsyncDAGSyncer] GraphSyncer created 4570817960 
[2026-09-03 14:22:00][info][CrdtDatastore] crdt Datastore created. Number of heads: 2 Current max-height: 18446744073709551615
[2026-09-03 14:22:00][info][GeniusAccount] Secure storage ID path: /Users/henriqueklein/gnus/SuperGenius/multi_node_finality_fault/restart-mint-validator-one/account/secure_storage_id
[2026-09-03 14:22:00][info][GeniusAccount] Loaded public key from file: 68a8be0c6ecf0eee... (length: 128)
[2026-09-03 14:22:00][info][GeniusAccount] Successfully loaded key_seed from storage
[2026-09-03 14:22:00][info][GeniusAccount] Validation successful: key_seed matches stored public key
[2026-09-03 14:22:00][warning][UTXOManager] Skipping malformed UTXO key /utxo-checkpoint/68a8be0c6ecf0eeea1179ffd53091828bb59eca414766c30f36614b8a634c374100a318652da4b0195d285b09406fff9f2e3ad936aa62e76febe3bf2109623c4/1
[2026-09-03 14:22:00][warning][UTXOManager] Skipping malformed UTXO key /utxo-checkpoint/68a8be0c6ecf0eeea1179ffd53091828bb59eca414766c30f36614b8a634c374100a318652da4b0195d285b09406fff9f2e3ad936aa62e76febe3bf2109623c4/latest
[2026-09-03 14:22:00][info][Blockchain] [68a8be0c] Blockchain instance created with authorized full node: 8a33bdf1
[2026-09-03 14:22:00][warning][GraphsyncDAGSyncer] Request failed for CID QmaZxfK9qHNhDFtM5SbjmSoTn6w7remAzUM6QHGyBYjtSH from peer 12D3KooWRw2JvS9umeSvdc9zFmKC5CzmaeXMVaURqFRorAApwKvF with connection error CANNOT_CONNECT. Blacklisting peer and trying fallback.
[2026-09-03 14:22:00][debug][GraphsyncDAGSyncer] Erasing route for CID QmaZxfK9qHNhDFtM5SbjmSoTn6w7remAzUM6QHGyBYjtSH to blacklisted peer
[2026-09-03 14:22:00][error][GraphsyncDAGSyncer] No usable route candidates left for CID QmaZxfK9qHNhDFtM5SbjmSoTn6w7remAzUM6QHGyBYjtSH
[2026-09-03 14:22:00][info][ValidatorRegistry] InitializeCache: cache initialized with CID QmZBT3fWn53hNxcJHdHsCuNJbJmPTTycUVBrWo2JZ9EnfS
[2026-09-03 14:22:00][info][CRDTCallbackManager] Successfully registered new data callback for pattern: '/?gnus-validator-registry'
[2026-09-03 14:22:00][info][ValidatorRegistry] RegisterFilter: result=true
[2026-09-03 14:22:00][info][ValidatorRegistry] New: instance ready
[2026-09-03 14:22:00.579837000][th:1238532][info] GossipPubSub /ip4/0.0.0.0/tcp/54621/p2p/12D3KooWRw2JvS9umeSvdc9zFmKC5CzmaeXMVaURqFRorAApwKvF: PubSub subscribed to topic 'gnus-validator-registry.3.7.144'
[2026-09-03 14:22:00.579865000][th:1238532][info] GossipPubSub /ip4/0.0.0.0/tcp/54621/p2p/12D3KooWRw2JvS9umeSvdc9zFmKC5CzmaeXMVaURqFRorAApwKvF: PubSub subscribed to topic 'consensus-channel-.3.7.144'
[2026-09-03 14:22:00][info][CRDTCallbackManager] Successfully registered new data callback for pattern: '^/?cert/[^/]+'
[2026-09-03 14:22:00.579899000][th:1238532][info] GossipPubSub /ip4/0.0.0.0/tcp/54621/p2p/12D3KooWRw2JvS9umeSvdc9zFmKC5CzmaeXMVaURqFRorAApwKvF: PubSub subscribed to topic 'consensus-channel-.3.7.144#datastore.3.7.144'
[2026-09-03 14:22:00][info][CRDTCallbackManager] Successfully registered new data callback for pattern: '/?gnus-genesis-block'
[2026-09-03 14:22:00][info][CRDTCallbackManager] Successfully registered new data callback for pattern: '/?gnus-account-creation-.*'
[2026-09-03 14:22:00][info][CRDTCallbackManager] Successfully registered new data callback for pattern: '^/?/bc-144/tx/[^/]+'
[2026-09-03 14:22:00][info][CRDTCallbackManager] Successfully registered deleted data callback for pattern: '^/?/bc-144/tx/[^/]+'
[2026-09-03 14:22:00][info][CRDTCallbackManager] Successfully registered new data callback for pattern: '^/?/bc-963/tx/[^/]+'
[2026-09-03 14:22:00][info][CRDTCallbackManager] Successfully registered deleted data callback for pattern: '^/?/bc-963/tx/[^/]+'
[2026-09-03 14:22:00][info][CRDTCallbackManager] Successfully registered new data callback for pattern: '^/?/bc-369/tx/[^/]+'
[2026-09-03 14:22:00][info][CRDTCallbackManager] Successfully registered deleted data callback for pattern: '^/?/bc-369/tx/[^/]+'
[2026-09-03 14:22:00][info][CRDTCallbackManager] Successfully unregistered new data callback for pattern: '^/?/bc-144/tx/[^/]+'
[2026-09-03 14:22:00][info][CRDTCallbackManager] Successfully unregistered deleted data callback for pattern: '^/?/bc-144/tx/[^/]+'
[2026-09-03 14:22:00][info][CRDTCallbackManager] Successfully unregistered new data callback for pattern: '^/?/bc-963/tx/[^/]+'
[2026-09-03 14:22:00][info][CRDTCallbackManager] Successfully unregistered deleted data callback for pattern: '^/?/bc-963/tx/[^/]+'
[2026-09-03 14:22:00][info][CRDTCallbackManager] Successfully unregistered new data callback for pattern: '^/?/bc-369/tx/[^/]+'
[2026-09-03 14:22:00][info][CRDTCallbackManager] Successfully unregistered deleted data callback for pattern: '^/?/bc-369/tx/[^/]+'
[2026-09-03 14:22:00][info][TransactionManager] [0b053e8a - full: false] ~TransactionManager: Metrics — cert_fallback(success=0 failure=0) validation(approve=1 reject=0) tracking(insert=1 confirm=1 fail=0)
[2026-09-03 14:22:00][info][Blockchain] [0b053e8a] Stopping blockchain
[2026-09-03 14:22:00][info][CRDTCallbackManager] Successfully unregistered new data callback for pattern: '/?gnus-genesis-block'
[2026-09-03 14:22:00][info][CRDTCallbackManager] Successfully unregistered new data callback for pattern: '/?gnus-account-creation-.*'
[2026-09-03 14:22:00][info][CRDTCallbackManager] Successfully unregistered new data callback for pattern: '/?gnus-validator-registry'
[2026-09-03 14:22:00][debug][GlobalDB] ~GlobalDB CALLED with count 6 on multi_node_finality_fault/restart-mint-validator-two/rocksdb 
[2026-09-03 14:22:00][info][GlobalDB] GlobalDB shutdown start
[2026-09-03 14:22:00][info][CrdtDatastore] CancelAndCloseNow: begin (pending_jobs=1, self_queue=0, root_queue=0, pending_roots=0, active_root=true)
[2026-09-03 14:22:00][debug][GraphsyncDAGSyncer] Stopping Dagsyncer
[2026-09-03 14:22:00][debug][GraphsyncDAGSyncer] Dagsyncer Stopped
[2026-09-03 14:22:00.580472000][th:1238178][error] graphsync Varint Error msg=Stream: closed by remote peer
[2026-09-03 14:22:00.580479000][th:1238178][info] graphsync stream read error, peer=ZEWgqv, msg=stream is not readable
[2026-09-03 14:22:00.580489000][th:1238155][error] graphsync Varint Error msg=Stream: closed by remote peer
[2026-09-03 14:22:00.580492000][th:1238155][info] graphsync stream read error, peer=ZEWgqv, msg=stream is not readable
[2026-09-03 14:22:00.580528000][th:1238134][error] graphsync Varint Error msg=Stream: closed by this host
[2026-09-03 14:22:00.580566000][th:1238134][error] graphsync Varint Error msg=Stream: closed by this host
[2026-09-03 14:22:00][error][GraphsyncDAGSyncer] We exited while trying to sync QmaZxfK9qHNhDFtM5SbjmSoTn6w7remAzUM6QHGyBYjtSH as it must have been still in progress.
[2026-09-03 14:22:01][info][CrdtDatastore] CancelAndCloseNow: CRDT workers stopped
[2026-09-03 14:22:01][warning][CrdtDatastore] CancelAndCloseNow called but shutdown has already started
[2026-09-03 14:22:01][debug][GraphsyncDAGSyncer] ~GraphsyncDAGSyncer CALLED
[2026-09-03 14:22:01][info][GlobalDB] GlobalDB shutdown finished
[2026-09-03 14:22:01.066263000][th:1238134][error] GossipPubSub Address monitoring timer error: Operation canceled
[2026-09-03 14:22:02][info][KeyPairFileStorage] Path to keypairs multi_node_finality_fault/restart-mint-validator-two/keypair
[2026-09-03 14:22:02][info][KeyPairFileStorage] Peer ID from public key: 12D3KooWC1hr8MNgVyVXPgnnmw7Rwxg5J7jbTG8TN5VKFWZEWgqv
Current limits: 16384 (soft), 9223372036854775807 (hard)
New limits set successfully: 16384 (soft), 9223372036854775807 (hard)
Initialized relay addresses
[2026-09-03 14:22:02.077395000][th:1236724][info] GossipPubSub /ip4/0.0.0.0/tcp/54622/p2p/12D3KooWC1hr8MNgVyVXPgnnmw7Rwxg5J7jbTG8TN5VKFWZEWgqv: Starting PubSub service
[2026-09-03 14:22:02.077624000][th:1238580][info] GossipPubSub Starting address monitoring system for mobile network changes
[2026-09-03 14:22:02.077633000][th:1238580][info] GossipPubSub === CURRENT NETWORK STATE ===
[2026-09-03 14:22:02.077653000][th:1238580][info] GossipPubSub Primary listening address: /ip4/0.0.0.0/tcp/54622/p2p/12D3KooWC1hr8MNgVyVXPgnnmw7Rwxg5J7jbTG8TN5VKFWZEWgqv
[2026-09-03 14:22:02.077656000][th:1238580][info] GossipPubSub Host peer info addresses (0):
[2026-09-03 14:22:02.077658000][th:1238580][info] GossipPubSub Additional addresses we track (0):
[2026-09-03 14:22:02.077659000][th:1238580][info] GossipPubSub Listening addresses (1):
[2026-09-03 14:22:02.077661000][th:1238580][info] GossipPubSub   -> /ip4/0.0.0.0/tcp/54622/p2p/12D3KooWC1hr8MNgVyVXPgnnmw7Rwxg5J7jbTG8TN5VKFWZEWgqv
[2026-09-03 14:22:02.077662000][th:1238580][info] GossipPubSub Interface addresses (0):
[2026-09-03 14:22:02.077663000][th:1238580][info] GossipPubSub === RAW OBSERVED ADDRESS DEBUG ===
[2026-09-03 14:22:02.077667000][th:1238580][info] GossipPubSub Local address: /ip4/0.0.0.0/tcp/54622/p2p/12D3KooWC1hr8MNgVyVXPgnnmw7Rwxg5J7jbTG8TN5VKFWZEWgqv -> 0 raw observed, 0 activated+confirmed
[2026-09-03 14:22:02.077669000][th:1238580][info] GossipPubSub TOTAL: 0 raw observed addresses, 0 activated+confirmed addresses
[2026-09-03 14:22:02.077670000][th:1238580][info] GossipPubSub === END RAW OBSERVED ADDRESS DEBUG ===
[2026-09-03 14:22:02.077671000][th:1238580][info] GossipPubSub Observed addresses - all (0):
[2026-09-03 14:22:02.077672000][th:1238580][info] GossipPubSub Observed addresses - confirmed only (0):
[2026-09-03 14:22:02.077674000][th:1238580][info] GossipPubSub Relay addresses (0):
[2026-09-03 14:22:02.077679000][th:1238580][warning] GossipPubSub Failed to get addresses from peer repository: not found
[2026-09-03 14:22:02.077777000][th:1238580][info] GossipPubSub Found 1 valid network interfaces
[2026-09-03 14:22:02.077782000][th:1238580][info] GossipPubSub Current network interfaces (1):
[2026-09-03 14:22:02.077783000][th:1238580][info] GossipPubSub   -> 192.168.1.6
[2026-09-03 14:22:02.077785000][th:1238580][info] GossipPubSub Active connections: 0
[2026-09-03 14:22:02.077786000][th:1238580][info] GossipPubSub === PEER CONNECTION DETAILS ===
[2026-09-03 14:22:02.077787000][th:1238580][info] GossipPubSub NOTE: Observed addresses need to be seen by 4+ different peer groups to become 'activated'
[2026-09-03 14:22:02.077789000][th:1238580][info] GossipPubSub NOTE: Current connections: 0, so max possible observers: 0
[2026-09-03 14:22:02.077789000][th:1238580][info] GossipPubSub === END PEER CONNECTION DETAILS ===
[2026-09-03 14:22:02.077790000][th:1238580][info] GossipPubSub Connection manager stats:
[2026-09-03 14:22:02.077792000][th:1238580][info] GossipPubSub   -> Max connections: 1000
[2026-09-03 14:22:02.077803000][th:1238580][info] GossipPubSub   -> Current connections: 0
[2026-09-03 14:22:02.077804000][th:1238580][info] GossipPubSub === END NETWORK STATE ===
[2026-09-03 14:22:02.078238000][th:1238580][info] GossipPubSub /ip4/0.0.0.0/tcp/54622/p2p/12D3KooWC1hr8MNgVyVXPgnnmw7Rwxg5J7jbTG8TN5VKFWZEWgqv : PubSub service started
[2026-09-03 14:22:02][info][GlobalDB] Opening database /Users/henriqueklein/gnus/SuperGenius/multi_node_finality_fault/restart-mint-validator-two/rocksdb
[2026-09-03 14:22:02][debug][GraphsyncDAGSyncer] GraphSyncer created 5106696696 
[2026-09-03 14:22:02][info][CrdtDatastore] crdt Datastore created. Number of heads: 2 Current max-height: 18446744073709551615
[2026-09-03 14:22:02][info][GeniusAccount] Secure storage ID path: /Users/henriqueklein/gnus/SuperGenius/multi_node_finality_fault/restart-mint-validator-two/account/secure_storage_id
[2026-09-03 14:22:02][info][GeniusAccount] Loaded public key from file: 0b053e8ab1be947e... (length: 128)
[2026-09-03 14:22:02][info][GeniusAccount] Successfully loaded key_seed from storage
[2026-09-03 14:22:02][info][GeniusAccount] Validation successful: key_seed matches stored public key
[2026-09-03 14:22:02][warning][UTXOManager] Skipping malformed UTXO key /utxo-checkpoint/0b053e8ab1be947e813a53d2761973ae9b148abcaf226c4ebbea2d517f8ec1bfb9354a38c4f1f8aab9be49f1f5208c32b28c96d055c016adeea549c6f3e4063b/1
[2026-09-03 14:22:02][warning][UTXOManager] Skipping malformed UTXO key /utxo-checkpoint/0b053e8ab1be947e813a53d2761973ae9b148abcaf226c4ebbea2d517f8ec1bfb9354a38c4f1f8aab9be49f1f5208c32b28c96d055c016adeea549c6f3e4063b/latest
[2026-09-03 14:22:02][info][Blockchain] [0b053e8a] Blockchain instance created with authorized full node: 8a33bdf1
[2026-09-03 14:22:02][info][ValidatorRegistry] InitializeCache: cache initialized with CID QmZBT3fWn53hNxcJHdHsCuNJbJmPTTycUVBrWo2JZ9EnfS
[2026-09-03 14:22:02][info][CRDTCallbackManager] Successfully registered new data callback for pattern: '/?gnus-validator-registry'
[2026-09-03 14:22:02][info][ValidatorRegistry] RegisterFilter: result=true
[2026-09-03 14:22:02][info][ValidatorRegistry] New: instance ready
[2026-09-03 14:22:02.111321000][th:1238580][info] GossipPubSub /ip4/0.0.0.0/tcp/54622/p2p/12D3KooWC1hr8MNgVyVXPgnnmw7Rwxg5J7jbTG8TN5VKFWZEWgqv: PubSub subscribed to topic 'gnus-validator-registry.3.7.144'
[2026-09-03 14:22:02][info][CRDTCallbackManager] Successfully registered new data callback for pattern: '^/?cert/[^/]+'
[2026-09-03 14:22:02.111351000][th:1238580][info] GossipPubSub /ip4/0.0.0.0/tcp/54622/p2p/12D3KooWC1hr8MNgVyVXPgnnmw7Rwxg5J7jbTG8TN5VKFWZEWgqv: PubSub subscribed to topic 'consensus-channel-.3.7.144'
[2026-09-03 14:22:02.111375000][th:1238580][info] GossipPubSub /ip4/0.0.0.0/tcp/54622/p2p/12D3KooWC1hr8MNgVyVXPgnnmw7Rwxg5J7jbTG8TN5VKFWZEWgqv: PubSub subscribed to topic 'consensus-channel-.3.7.144#datastore.3.7.144'
[2026-09-03 14:22:02][info][CRDTCallbackManager] Successfully registered new data callback for pattern: '/?gnus-genesis-block'
[2026-09-03 14:22:02][info][CRDTCallbackManager] Successfully registered new data callback for pattern: '/?gnus-account-creation-.*'
[2026-09-03 14:22:02][info][CRDTCallbackManager] Successfully registered new data callback for pattern: '^/?/bc-144/tx/[^/]+'
[2026-09-03 14:22:02][info][CRDTCallbackManager] Successfully registered deleted data callback for pattern: '^/?/bc-144/tx/[^/]+'
[2026-09-03 14:22:02][info][CRDTCallbackManager] Successfully registered new data callback for pattern: '^/?/bc-963/tx/[^/]+'
[2026-09-03 14:22:02][info][CRDTCallbackManager] Successfully registered deleted data callback for pattern: '^/?/bc-963/tx/[^/]+'
[2026-09-03 14:22:02][info][CRDTCallbackManager] Successfully registered new data callback for pattern: '^/?/bc-369/tx/[^/]+'
[2026-09-03 14:22:02][info][CRDTCallbackManager] Successfully registered deleted data callback for pattern: '^/?/bc-369/tx/[^/]+'
[2026-09-03 14:22:02][info][CRDTCallbackManager] Successfully unregistered new data callback for pattern: '^/?/bc-144/tx/[^/]+'
[2026-09-03 14:22:02][info][CRDTCallbackManager] Successfully unregistered deleted data callback for pattern: '^/?/bc-144/tx/[^/]+'
[2026-09-03 14:22:02][info][CRDTCallbackManager] Successfully unregistered new data callback for pattern: '^/?/bc-963/tx/[^/]+'
[2026-09-03 14:22:02][info][CRDTCallbackManager] Successfully unregistered deleted data callback for pattern: '^/?/bc-963/tx/[^/]+'
[2026-09-03 14:22:02][info][CRDTCallbackManager] Successfully unregistered new data callback for pattern: '^/?/bc-369/tx/[^/]+'
[2026-09-03 14:22:02][info][CRDTCallbackManager] Successfully unregistered deleted data callback for pattern: '^/?/bc-369/tx/[^/]+'
[2026-09-03 14:22:02][info][TransactionManager] [bb2d9de6 - full: false] ~TransactionManager: Metrics — cert_fallback(success=0 failure=0) validation(approve=1 reject=0) tracking(insert=1 confirm=1 fail=0)
[2026-09-03 14:22:02][info][Blockchain] [bb2d9de6] Stopping blockchain
[2026-09-03 14:22:02][info][CRDTCallbackManager] Successfully unregistered new data callback for pattern: '/?gnus-genesis-block'
[2026-09-03 14:22:02][info][CRDTCallbackManager] Successfully unregistered new data callback for pattern: '/?gnus-account-creation-.*'
[2026-09-03 14:22:02][info][CRDTCallbackManager] Successfully unregistered new data callback for pattern: '/?gnus-validator-registry'
[2026-09-03 14:22:02][debug][GlobalDB] ~GlobalDB CALLED with count 6 on multi_node_finality_fault/restart-mint-validator-three/rocksdb 
[2026-09-03 14:22:02][info][GlobalDB] GlobalDB shutdown start
[2026-09-03 14:22:02][info][CrdtDatastore] CancelAndCloseNow: begin (pending_jobs=2, self_queue=0, root_queue=0, pending_roots=0, active_root=false)
[2026-09-03 14:22:02][debug][GraphsyncDAGSyncer] Stopping Dagsyncer
[2026-09-03 14:22:02][debug][GraphsyncDAGSyncer] Dagsyncer Stopped
[2026-09-03 14:22:02][info][CrdtDatastore] CancelAndCloseNow: CRDT workers stopped
[2026-09-03 14:22:02][warning][CrdtDatastore] CancelAndCloseNow called but shutdown has already started
[2026-09-03 14:22:02][debug][GraphsyncDAGSyncer] ~GraphsyncDAGSyncer CALLED
[2026-09-03 14:22:02][info][GlobalDB] GlobalDB shutdown finished
[2026-09-03 14:22:02.131189000][th:1238155][error] GossipPubSub Address monitoring timer error: Operation canceled
[2026-09-03 14:22:03][info][KeyPairFileStorage] Path to keypairs multi_node_finality_fault/restart-mint-validator-three/keypair
[2026-09-03 14:22:03][info][KeyPairFileStorage] Peer ID from public key: 12D3KooWGforBn2DmrmK3fJFrjxH9MaaD8iAEqDKbR3Syh2Lrtme
Current limits: 16384 (soft), 9223372036854775807 (hard)
New limits set successfully: 16384 (soft), 9223372036854775807 (hard)
Initialized relay addresses
[2026-09-03 14:22:03.134867000][th:1236724][info] GossipPubSub /ip4/0.0.0.0/tcp/54623/p2p/12D3KooWGforBn2DmrmK3fJFrjxH9MaaD8iAEqDKbR3Syh2Lrtme: Starting PubSub service
[2026-09-03 14:22:03.134924000][th:1238677][info] GossipPubSub Starting address monitoring system for mobile network changes
[2026-09-03 14:22:03.134926000][th:1238677][info] GossipPubSub === CURRENT NETWORK STATE ===
[2026-09-03 14:22:03.134932000][th:1238677][info] GossipPubSub Primary listening address: /ip4/0.0.0.0/tcp/54623/p2p/12D3KooWGforBn2DmrmK3fJFrjxH9MaaD8iAEqDKbR3Syh2Lrtme
[2026-09-03 14:22:03.134933000][th:1238677][info] GossipPubSub Host peer info addresses (0):
[2026-09-03 14:22:03.134934000][th:1238677][info] GossipPubSub Additional addresses we track (0):
[2026-09-03 14:22:03.134935000][th:1238677][info] GossipPubSub Listening addresses (1):
[2026-09-03 14:22:03.134936000][th:1238677][info] GossipPubSub   -> /ip4/0.0.0.0/tcp/54623/p2p/12D3KooWGforBn2DmrmK3fJFrjxH9MaaD8iAEqDKbR3Syh2Lrtme
[2026-09-03 14:22:03.134936000][th:1238677][info] GossipPubSub Interface addresses (0):
[2026-09-03 14:22:03.134937000][th:1238677][info] GossipPubSub === RAW OBSERVED ADDRESS DEBUG ===
[2026-09-03 14:22:03.134939000][th:1238677][info] GossipPubSub Local address: /ip4/0.0.0.0/tcp/54623/p2p/12D3KooWGforBn2DmrmK3fJFrjxH9MaaD8iAEqDKbR3Syh2Lrtme -> 0 raw observed, 0 activated+confirmed
[2026-09-03 14:22:03.134940000][th:1238677][info] GossipPubSub TOTAL: 0 raw observed addresses, 0 activated+confirmed addresses
[2026-09-03 14:22:03.134940000][th:1238677][info] GossipPubSub === END RAW OBSERVED ADDRESS DEBUG ===
[2026-09-03 14:22:03.134941000][th:1238677][info] GossipPubSub Observed addresses - all (0):
[2026-09-03 14:22:03.134941000][th:1238677][info] GossipPubSub Observed addresses - confirmed only (0):
[2026-09-03 14:22:03.134942000][th:1238677][info] GossipPubSub Relay addresses (0):
[2026-09-03 14:22:03.134944000][th:1238677][warning] GossipPubSub Failed to get addresses from peer repository: not found
[2026-09-03 14:22:03.134973000][th:1238677][info] GossipPubSub Found 1 valid network interfaces
[2026-09-03 14:22:03.134974000][th:1238677][info] GossipPubSub Current network interfaces (1):
[2026-09-03 14:22:03.134975000][th:1238677][info] GossipPubSub   -> 192.168.1.6
[2026-09-03 14:22:03.134976000][th:1238677][info] GossipPubSub Active connections: 0
[2026-09-03 14:22:03.134976000][th:1238677][info] GossipPubSub === PEER CONNECTION DETAILS ===
[2026-09-03 14:22:03.134977000][th:1238677][info] GossipPubSub NOTE: Observed addresses need to be seen by 4+ different peer groups to become 'activated'
[2026-09-03 14:22:03.134978000][th:1238677][info] GossipPubSub NOTE: Current connections: 0, so max possible observers: 0
[2026-09-03 14:22:03.134978000][th:1238677][info] GossipPubSub === END PEER CONNECTION DETAILS ===
[2026-09-03 14:22:03.134979000][th:1238677][info] GossipPubSub Connection manager stats:
[2026-09-03 14:22:03.134980000][th:1238677][info] GossipPubSub   -> Max connections: 1000
[2026-09-03 14:22:03.134980000][th:1238677][info] GossipPubSub   -> Current connections: 0
[2026-09-03 14:22:03.134981000][th:1238677][info] GossipPubSub === END NETWORK STATE ===
[2026-09-03 14:22:03.135069000][th:1238677][info] GossipPubSub /ip4/0.0.0.0/tcp/54623/p2p/12D3KooWGforBn2DmrmK3fJFrjxH9MaaD8iAEqDKbR3Syh2Lrtme : PubSub service started
[2026-09-03 14:22:03][info][GlobalDB] Opening database /Users/henriqueklein/gnus/SuperGenius/multi_node_finality_fault/restart-mint-validator-three/rocksdb
[2026-09-03 14:22:03][debug][GraphsyncDAGSyncer] GraphSyncer created 5108133096 
[2026-09-03 14:22:03][info][CrdtDatastore] crdt Datastore created. Number of heads: 2 Current max-height: 18446744073709551615
[2026-09-03 14:22:03][info][GeniusAccount] Secure storage ID path: /Users/henriqueklein/gnus/SuperGenius/multi_node_finality_fault/restart-mint-validator-three/account/secure_storage_id
[2026-09-03 14:22:03][info][GeniusAccount] Loaded public key from file: bb2d9de6f5a603fa... (length: 128)
[2026-09-03 14:22:03][info][GeniusAccount] Successfully loaded key_seed from storage
[2026-09-03 14:22:03][info][GeniusAccount] Validation successful: key_seed matches stored public key
[2026-09-03 14:22:03][warning][UTXOManager] Skipping malformed UTXO key /utxo-checkpoint/bb2d9de6f5a603fa72f429a63cfbc1debec67a986a4d9f7a30e38dcbe6ef7541b1dbb591a99f4b0bcb86b62271f61b3630d4208df87556dac293def29c78c848/1
[2026-09-03 14:22:03][warning][UTXOManager] Skipping malformed UTXO key /utxo-checkpoint/bb2d9de6f5a603fa72f429a63cfbc1debec67a986a4d9f7a30e38dcbe6ef7541b1dbb591a99f4b0bcb86b62271f61b3630d4208df87556dac293def29c78c848/latest
[2026-09-03 14:22:03][info][Blockchain] [bb2d9de6] Blockchain instance created with authorized full node: 8a33bdf1
[2026-09-03 14:22:03][info][ValidatorRegistry] InitializeCache: cache initialized with CID QmZBT3fWn53hNxcJHdHsCuNJbJmPTTycUVBrWo2JZ9EnfS
[2026-09-03 14:22:03][info][CRDTCallbackManager] Successfully registered new data callback for pattern: '/?gnus-validator-registry'
[2026-09-03 14:22:03][info][ValidatorRegistry] RegisterFilter: result=true
[2026-09-03 14:22:03][info][ValidatorRegistry] New: instance ready
[2026-09-03 14:22:03.160513000][th:1238677][info] GossipPubSub /ip4/0.0.0.0/tcp/54623/p2p/12D3KooWGforBn2DmrmK3fJFrjxH9MaaD8iAEqDKbR3Syh2Lrtme: PubSub subscribed to topic 'gnus-validator-registry.3.7.144'
[2026-09-03 14:22:03][info][CRDTCallbackManager] Successfully registered new data callback for pattern: '^/?cert/[^/]+'
[2026-09-03 14:22:03.160531000][th:1238677][info] GossipPubSub /ip4/0.0.0.0/tcp/54623/p2p/12D3KooWGforBn2DmrmK3fJFrjxH9MaaD8iAEqDKbR3Syh2Lrtme: PubSub subscribed to topic 'consensus-channel-.3.7.144'
[2026-09-03 14:22:03.160547000][th:1238677][info] GossipPubSub /ip4/0.0.0.0/tcp/54623/p2p/12D3KooWGforBn2DmrmK3fJFrjxH9MaaD8iAEqDKbR3Syh2Lrtme: PubSub subscribed to topic 'consensus-channel-.3.7.144#datastore.3.7.144'
[2026-09-03 14:22:03][info][CRDTCallbackManager] Successfully registered new data callback for pattern: '/?gnus-genesis-block'
[2026-09-03 14:22:03][info][CRDTCallbackManager] Successfully registered new data callback for pattern: '/?gnus-account-creation-.*'
[2026-09-03 14:22:03][info][CRDTCallbackManager] Successfully registered new data callback for pattern: '^/?/bc-144/tx/[^/]+'
[2026-09-03 14:22:03][info][CRDTCallbackManager] Successfully registered deleted data callback for pattern: '^/?/bc-144/tx/[^/]+'
[2026-09-03 14:22:03][info][CRDTCallbackManager] Successfully registered new data callback for pattern: '^/?/bc-963/tx/[^/]+'
[2026-09-03 14:22:03][info][CRDTCallbackManager] Successfully registered deleted data callback for pattern: '^/?/bc-963/tx/[^/]+'
[2026-09-03 14:22:03][info][CRDTCallbackManager] Successfully registered new data callback for pattern: '^/?/bc-369/tx/[^/]+'
[2026-09-03 14:22:03][info][CRDTCallbackManager] Successfully registered deleted data callback for pattern: '^/?/bc-369/tx/[^/]+'
[2026-09-03 14:22:03][info][CRDTCallbackManager] Successfully unregistered new data callback for pattern: '^/?/bc-144/tx/[^/]+'
[2026-09-03 14:22:03][info][CRDTCallbackManager] Successfully unregistered deleted data callback for pattern: '^/?/bc-144/tx/[^/]+'
[2026-09-03 14:22:03][info][CRDTCallbackManager] Successfully unregistered new data callback for pattern: '^/?/bc-963/tx/[^/]+'
[2026-09-03 14:22:03][info][CRDTCallbackManager] Successfully unregistered deleted data callback for pattern: '^/?/bc-963/tx/[^/]+'
[2026-09-03 14:22:03][info][CRDTCallbackManager] Successfully unregistered new data callback for pattern: '^/?/bc-369/tx/[^/]+'
[2026-09-03 14:22:03][info][CRDTCallbackManager] Successfully unregistered deleted data callback for pattern: '^/?/bc-369/tx/[^/]+'
[2026-09-03 14:22:03][info][TransactionManager] [1e259375 - full: false] ~TransactionManager: Metrics — cert_fallback(success=0 failure=0) validation(approve=1 reject=0) tracking(insert=1 confirm=1 fail=0)
[2026-09-03 14:22:03][info][Blockchain] [1e259375] Stopping blockchain
[2026-09-03 14:22:03][info][CRDTCallbackManager] Successfully unregistered new data callback for pattern: '/?gnus-genesis-block'
[2026-09-03 14:22:03][info][CRDTCallbackManager] Successfully unregistered new data callback for pattern: '/?gnus-account-creation-.*'
[2026-09-03 14:22:03][info][CRDTCallbackManager] Successfully unregistered new data callback for pattern: '/?gnus-validator-registry'
[2026-09-03 14:22:03][debug][GlobalDB] ~GlobalDB CALLED with count 6 on multi_node_finality_fault/restart-mint-passive/rocksdb 
[2026-09-03 14:22:03][info][GlobalDB] GlobalDB shutdown start
[2026-09-03 14:22:03][info][CrdtDatastore] CancelAndCloseNow: begin (pending_jobs=2, self_queue=0, root_queue=0, pending_roots=0, active_root=false)
[2026-09-03 14:22:03][debug][GraphsyncDAGSyncer] Stopping Dagsyncer
[2026-09-03 14:22:03][debug][GraphsyncDAGSyncer] Dagsyncer Stopped
[2026-09-03 14:22:03][info][CrdtDatastore] CancelAndCloseNow: CRDT workers stopped
[2026-09-03 14:22:03][warning][CrdtDatastore] CancelAndCloseNow called but shutdown has already started
[2026-09-03 14:22:03][debug][GraphsyncDAGSyncer] ~GraphsyncDAGSyncer CALLED
[2026-09-03 14:22:03][info][GlobalDB] GlobalDB shutdown finished
[2026-09-03 14:22:03.196474000][th:1238178][error] GossipPubSub Address monitoring timer error: Operation canceled
[2026-09-03 14:22:04][info][KeyPairFileStorage] Path to keypairs multi_node_finality_fault/restart-mint-passive/keypair
[2026-09-03 14:22:04][info][KeyPairFileStorage] Peer ID from public key: 12D3KooWFasa3DyZ4XpLJ63JtpXEP14H6HAAtUpPj3QM85CCcc7C
Current limits: 16384 (soft), 9223372036854775807 (hard)
New limits set successfully: 16384 (soft), 9223372036854775807 (hard)
Initialized relay addresses
[2026-09-03 14:22:04.203954000][th:1236724][info] GossipPubSub /ip4/0.0.0.0/tcp/54624/p2p/12D3KooWFasa3DyZ4XpLJ63JtpXEP14H6HAAtUpPj3QM85CCcc7C: Starting PubSub service
[2026-09-03 14:22:04.204025000][th:1238709][info] GossipPubSub Starting address monitoring system for mobile network changes
[2026-09-03 14:22:04.204027000][th:1238709][info] GossipPubSub === CURRENT NETWORK STATE ===
[2026-09-03 14:22:04.204034000][th:1238709][info] GossipPubSub Primary listening address: /ip4/0.0.0.0/tcp/54624/p2p/12D3KooWFasa3DyZ4XpLJ63JtpXEP14H6HAAtUpPj3QM85CCcc7C
[2026-09-03 14:22:04.204036000][th:1238709][info] GossipPubSub Host peer info addresses (0):
[2026-09-03 14:22:04.204037000][th:1238709][info] GossipPubSub Additional addresses we track (0):
[2026-09-03 14:22:04.204038000][th:1238709][info] GossipPubSub Listening addresses (1):
[2026-09-03 14:22:04.204039000][th:1238709][info] GossipPubSub   -> /ip4/0.0.0.0/tcp/54624/p2p/12D3KooWFasa3DyZ4XpLJ63JtpXEP14H6HAAtUpPj3QM85CCcc7C
[2026-09-03 14:22:04.204040000][th:1238709][info] GossipPubSub Interface addresses (0):
[2026-09-03 14:22:04.204041000][th:1238709][info] GossipPubSub === RAW OBSERVED ADDRESS DEBUG ===
[2026-09-03 14:22:04.204043000][th:1238709][info] GossipPubSub Local address: /ip4/0.0.0.0/tcp/54624/p2p/12D3KooWFasa3DyZ4XpLJ63JtpXEP14H6HAAtUpPj3QM85CCcc7C -> 0 raw observed, 0 activated+confirmed
[2026-09-03 14:22:04.204045000][th:1238709][info] GossipPubSub TOTAL: 0 raw observed addresses, 0 activated+confirmed addresses
[2026-09-03 14:22:04.204045000][th:1238709][info] GossipPubSub === END RAW OBSERVED ADDRESS DEBUG ===
[2026-09-03 14:22:04.204046000][th:1238709][info] GossipPubSub Observed addresses - all (0):
[2026-09-03 14:22:04.204047000][th:1238709][info] GossipPubSub Observed addresses - confirmed only (0):
[2026-09-03 14:22:04.204048000][th:1238709][info] GossipPubSub Relay addresses (0):
[2026-09-03 14:22:04.204050000][th:1238709][warning] GossipPubSub Failed to get addresses from peer repository: not found
[2026-09-03 14:22:04.204088000][th:1238709][info] GossipPubSub Found 1 valid network interfaces
[2026-09-03 14:22:04.204090000][th:1238709][info] GossipPubSub Current network interfaces (1):
[2026-09-03 14:22:04.204091000][th:1238709][info] GossipPubSub   -> 192.168.1.6
[2026-09-03 14:22:04.204092000][th:1238709][info] GossipPubSub Active connections: 0
[2026-09-03 14:22:04.204093000][th:1238709][info] GossipPubSub === PEER CONNECTION DETAILS ===
[2026-09-03 14:22:04.204093000][th:1238709][info] GossipPubSub NOTE: Observed addresses need to be seen by 4+ different peer groups to become 'activated'
[2026-09-03 14:22:04.204094000][th:1238709][info] GossipPubSub NOTE: Current connections: 0, so max possible observers: 0
[2026-09-03 14:22:04.204096000][th:1238709][info] GossipPubSub === END PEER CONNECTION DETAILS ===
[2026-09-03 14:22:04.204096000][th:1238709][info] GossipPubSub Connection manager stats:
[2026-09-03 14:22:04.204097000][th:1238709][info] GossipPubSub   -> Max connections: 1000
[2026-09-03 14:22:04.204098000][th:1238709][info] GossipPubSub   -> Current connections: 0
[2026-09-03 14:22:04.204099000][th:1238709][info] GossipPubSub === END NETWORK STATE ===
[2026-09-03 14:22:04.204240000][th:1238709][info] GossipPubSub /ip4/0.0.0.0/tcp/54624/p2p/12D3KooWFasa3DyZ4XpLJ63JtpXEP14H6HAAtUpPj3QM85CCcc7C : PubSub service started
[2026-09-03 14:22:04][info][GlobalDB] Opening database /Users/henriqueklein/gnus/SuperGenius/multi_node_finality_fault/restart-mint-passive/rocksdb
[2026-09-03 14:22:04][debug][GraphsyncDAGSyncer] GraphSyncer created 4569987704 
[2026-09-03 14:22:04][info][CrdtDatastore] crdt Datastore created. Number of heads: 2 Current max-height: 18446744073709551615
[2026-09-03 14:22:04][info][GeniusAccount] Secure storage ID path: /Users/henriqueklein/gnus/SuperGenius/multi_node_finality_fault/restart-mint-passive/account/secure_storage_id
[2026-09-03 14:22:04][info][GeniusAccount] Loaded public key from file: 1e259375f32e16bd... (length: 128)
[2026-09-03 14:22:04][info][GeniusAccount] Successfully loaded key_seed from storage
[2026-09-03 14:22:04][info][GeniusAccount] Validation successful: key_seed matches stored public key
[2026-09-03 14:22:04][warning][UTXOManager] Skipping malformed UTXO key /utxo-checkpoint/1e259375f32e16bd59f3b68d0579b5f0e04ffa16362ebd049e25912d045d38a9d972378b607f903592bbf6e4099f443f32896a717722c360b6058d024a608840/1
[2026-09-03 14:22:04][warning][UTXOManager] Skipping malformed UTXO key /utxo-checkpoint/1e259375f32e16bd59f3b68d0579b5f0e04ffa16362ebd049e25912d045d38a9d972378b607f903592bbf6e4099f443f32896a717722c360b6058d024a608840/latest
[2026-09-03 14:22:04][info][Blockchain] [1e259375] Blockchain instance created with authorized full node: 8a33bdf1
[2026-09-03 14:22:04][info][ValidatorRegistry] InitializeCache: cache initialized with CID QmZBT3fWn53hNxcJHdHsCuNJbJmPTTycUVBrWo2JZ9EnfS
[2026-09-03 14:22:04][info][CRDTCallbackManager] Successfully registered new data callback for pattern: '/?gnus-validator-registry'
[2026-09-03 14:22:04][info][ValidatorRegistry] RegisterFilter: result=true
[2026-09-03 14:22:04][info][ValidatorRegistry] New: instance ready
[2026-09-03 14:22:04.230465000][th:1238709][info] GossipPubSub /ip4/0.0.0.0/tcp/54624/p2p/12D3KooWFasa3DyZ4XpLJ63JtpXEP14H6HAAtUpPj3QM85CCcc7C: PubSub subscribed to topic 'gnus-validator-registry.3.7.144'
[2026-09-03 14:22:04][info][CRDTCallbackManager] Successfully registered new data callback for pattern: '^/?cert/[^/]+'
[2026-09-03 14:22:04.230487000][th:1238709][info] GossipPubSub /ip4/0.0.0.0/tcp/54624/p2p/12D3KooWFasa3DyZ4XpLJ63JtpXEP14H6HAAtUpPj3QM85CCcc7C: PubSub subscribed to topic 'consensus-channel-.3.7.144'
[2026-09-03 14:22:04.230506000][th:1238709][info] GossipPubSub /ip4/0.0.0.0/tcp/54624/p2p/12D3KooWFasa3DyZ4XpLJ63JtpXEP14H6HAAtUpPj3QM85CCcc7C: PubSub subscribed to topic 'consensus-channel-.3.7.144#datastore.3.7.144'
[2026-09-03 14:22:04][info][CRDTCallbackManager] Successfully registered new data callback for pattern: '/?gnus-genesis-block'
[2026-09-03 14:22:04][info][CRDTCallbackManager] Successfully registered new data callback for pattern: '/?gnus-account-creation-.*'
[2026-09-03 14:22:04][info][CRDTCallbackManager] Successfully registered new data callback for pattern: '^/?/bc-144/tx/[^/]+'
[2026-09-03 14:22:04][info][CRDTCallbackManager] Successfully registered deleted data callback for pattern: '^/?/bc-144/tx/[^/]+'
[2026-09-03 14:22:04][info][CRDTCallbackManager] Successfully registered new data callback for pattern: '^/?/bc-963/tx/[^/]+'
[2026-09-03 14:22:04][info][CRDTCallbackManager] Successfully registered deleted data callback for pattern: '^/?/bc-963/tx/[^/]+'
[2026-09-03 14:22:04][info][CRDTCallbackManager] Successfully registered new data callback for pattern: '^/?/bc-369/tx/[^/]+'
[2026-09-03 14:22:04][info][CRDTCallbackManager] Successfully registered deleted data callback for pattern: '^/?/bc-369/tx/[^/]+'
[2026-09-03 14:22:04.230646000][th:1238532][info] GossipPubSub Adding new peer: 12D3KooWC1hr8MNgVyVXPgnnmw7Rwxg5J7jbTG8TN5VKFWZEWgqv
[2026-09-03 14:22:04.230714000][th:1238532][info] GossipPubSub Adding new peer: 12D3KooWGforBn2DmrmK3fJFrjxH9MaaD8iAEqDKbR3Syh2Lrtme
[2026-09-03 14:22:04.230767000][th:1238532][info] GossipPubSub Adding new peer: 12D3KooWFasa3DyZ4XpLJ63JtpXEP14H6HAAtUpPj3QM85CCcc7C
[2026-09-03 14:22:04.230785000][th:1238580][info] GossipPubSub Adding new peer: 12D3KooWRw2JvS9umeSvdc9zFmKC5CzmaeXMVaURqFRorAApwKvF
[2026-09-03 14:22:04.230851000][th:1238580][info] GossipPubSub Adding new peer: 12D3KooWGforBn2DmrmK3fJFrjxH9MaaD8iAEqDKbR3Syh2Lrtme
[2026-09-03 14:22:04.230917000][th:1238580][info] GossipPubSub Adding new peer: 12D3KooWFasa3DyZ4XpLJ63JtpXEP14H6HAAtUpPj3QM85CCcc7C
[2026-09-03 14:22:04.230924000][th:1238677][info] GossipPubSub Adding new peer: 12D3KooWRw2JvS9umeSvdc9zFmKC5CzmaeXMVaURqFRorAApwKvF
[2026-09-03 14:22:04.230970000][th:1238677][info] GossipPubSub Adding new peer: 12D3KooWC1hr8MNgVyVXPgnnmw7Rwxg5J7jbTG8TN5VKFWZEWgqv
[2026-09-03 14:22:04.231016000][th:1238677][info] GossipPubSub Adding new peer: 12D3KooWFasa3DyZ4XpLJ63JtpXEP14H6HAAtUpPj3QM85CCcc7C
[2026-09-03 14:22:04.231072000][th:1238709][info] GossipPubSub Adding new peer: 12D3KooWRw2JvS9umeSvdc9zFmKC5CzmaeXMVaURqFRorAApwKvF
[2026-09-03 14:22:04.231136000][th:1238709][info] GossipPubSub Adding new peer: 12D3KooWC1hr8MNgVyVXPgnnmw7Rwxg5J7jbTG8TN5VKFWZEWgqv
[2026-09-03 14:22:04.231186000][th:1238709][info] GossipPubSub Adding new peer: 12D3KooWGforBn2DmrmK3fJFrjxH9MaaD8iAEqDKbR3Syh2Lrtme
[2026-09-03 14:22:04][info][CRDTCallbackManager] Successfully unregistered new data callback for pattern: '^/?/bc-144/tx/[^/]+'
[2026-09-03 14:22:04][info][CRDTCallbackManager] Successfully unregistered deleted data callback for pattern: '^/?/bc-144/tx/[^/]+'
[2026-09-03 14:22:04][info][CRDTCallbackManager] Successfully unregistered new data callback for pattern: '^/?/bc-963/tx/[^/]+'
[2026-09-03 14:22:04][info][CRDTCallbackManager] Successfully unregistered deleted data callback for pattern: '^/?/bc-963/tx/[^/]+'
[2026-09-03 14:22:04][info][CRDTCallbackManager] Successfully unregistered new data callback for pattern: '^/?/bc-369/tx/[^/]+'
[2026-09-03 14:22:04][info][CRDTCallbackManager] Successfully unregistered deleted data callback for pattern: '^/?/bc-369/tx/[^/]+'
[2026-09-03 14:22:04][info][TransactionManager] [68a8be0c - full: false] ~TransactionManager: Metrics — cert_fallback(success=0 failure=0) validation(approve=0 reject=0) tracking(insert=0 confirm=0 fail=0)
[2026-09-03 14:22:04][info][Blockchain] [68a8be0c] Stopping blockchain
[2026-09-03 14:22:04][info][CRDTCallbackManager] Successfully unregistered new data callback for pattern: '/?gnus-genesis-block'
[2026-09-03 14:22:04][info][CRDTCallbackManager] Successfully unregistered new data callback for pattern: '/?gnus-account-creation-.*'
[2026-09-03 14:22:04][info][CRDTCallbackManager] Successfully unregistered new data callback for pattern: '/?gnus-validator-registry'
[2026-09-03 14:22:04][debug][GlobalDB] ~GlobalDB CALLED with count 6 on multi_node_finality_fault/restart-mint-validator-one/rocksdb 
[2026-09-03 14:22:04][info][GlobalDB] GlobalDB shutdown start
[2026-09-03 14:22:04][info][CrdtDatastore] CancelAndCloseNow: begin (pending_jobs=0, self_queue=0, root_queue=0, pending_roots=0, active_root=false)
[2026-09-03 14:22:04][debug][GraphsyncDAGSyncer] Stopping Dagsyncer
[2026-09-03 14:22:04][debug][GraphsyncDAGSyncer] Dagsyncer Stopped
[2026-09-03 14:22:04][info][CrdtDatastore] CancelAndCloseNow: CRDT workers stopped
[2026-09-03 14:22:04][warning][CrdtDatastore] CancelAndCloseNow called but shutdown has already started
[2026-09-03 14:22:04][debug][GraphsyncDAGSyncer] ~GraphsyncDAGSyncer CALLED
[2026-09-03 14:22:04][info][GlobalDB] GlobalDB shutdown finished
[2026-09-03 14:22:04.597044000][th:1238532][error] GossipPubSub Address monitoring timer error: Operation canceled
[2026-09-03 14:22:05][info][CRDTCallbackManager] Successfully unregistered new data callback for pattern: '^/?/bc-144/tx/[^/]+'
[2026-09-03 14:22:05][info][CRDTCallbackManager] Successfully unregistered deleted data callback for pattern: '^/?/bc-144/tx/[^/]+'
[2026-09-03 14:22:05][info][CRDTCallbackManager] Successfully unregistered new data callback for pattern: '^/?/bc-963/tx/[^/]+'
[2026-09-03 14:22:05][info][CRDTCallbackManager] Successfully unregistered deleted data callback for pattern: '^/?/bc-963/tx/[^/]+'
[2026-09-03 14:22:05][info][CRDTCallbackManager] Successfully unregistered new data callback for pattern: '^/?/bc-369/tx/[^/]+'
[2026-09-03 14:22:05][info][CRDTCallbackManager] Successfully unregistered deleted data callback for pattern: '^/?/bc-369/tx/[^/]+'
[2026-09-03 14:22:05][info][TransactionManager] [0b053e8a - full: false] ~TransactionManager: Metrics — cert_fallback(success=0 failure=0) validation(approve=0 reject=0) tracking(insert=0 confirm=0 fail=0)
[2026-09-03 14:22:05][info][Blockchain] [0b053e8a] Stopping blockchain
[2026-09-03 14:22:05][info][CRDTCallbackManager] Successfully unregistered new data callback for pattern: '/?gnus-genesis-block'
[2026-09-03 14:22:05][info][CRDTCallbackManager] Successfully unregistered new data callback for pattern: '/?gnus-account-creation-.*'
[2026-09-03 14:22:05][info][CRDTCallbackManager] Successfully unregistered new data callback for pattern: '/?gnus-validator-registry'
[2026-09-03 14:22:05][debug][GlobalDB] ~GlobalDB CALLED with count 6 on multi_node_finality_fault/restart-mint-validator-two/rocksdb 
[2026-09-03 14:22:05][info][GlobalDB] GlobalDB shutdown start
[2026-09-03 14:22:05][info][CrdtDatastore] CancelAndCloseNow: begin (pending_jobs=0, self_queue=0, root_queue=0, pending_roots=0, active_root=false)
[2026-09-03 14:22:05][debug][GraphsyncDAGSyncer] Stopping Dagsyncer
[2026-09-03 14:22:05][debug][GraphsyncDAGSyncer] Dagsyncer Stopped
[2026-09-03 14:22:05][info][CrdtDatastore] CancelAndCloseNow: CRDT workers stopped
[2026-09-03 14:22:05][warning][CrdtDatastore] CancelAndCloseNow called but shutdown has already started
[2026-09-03 14:22:05][debug][GraphsyncDAGSyncer] ~GraphsyncDAGSyncer CALLED
[2026-09-03 14:22:05][info][GlobalDB] GlobalDB shutdown finished
[2026-09-03 14:22:05.636227000][th:1238580][error] GossipPubSub Address monitoring timer error: Operation canceled
[2026-09-03 14:22:06][info][CRDTCallbackManager] Successfully unregistered new data callback for pattern: '^/?/bc-144/tx/[^/]+'
[2026-09-03 14:22:06][info][CRDTCallbackManager] Successfully unregistered deleted data callback for pattern: '^/?/bc-144/tx/[^/]+'
[2026-09-03 14:22:06][info][CRDTCallbackManager] Successfully unregistered new data callback for pattern: '^/?/bc-963/tx/[^/]+'
[2026-09-03 14:22:06][info][CRDTCallbackManager] Successfully unregistered deleted data callback for pattern: '^/?/bc-963/tx/[^/]+'
[2026-09-03 14:22:06][info][CRDTCallbackManager] Successfully unregistered new data callback for pattern: '^/?/bc-369/tx/[^/]+'
[2026-09-03 14:22:06][info][CRDTCallbackManager] Successfully unregistered deleted data callback for pattern: '^/?/bc-369/tx/[^/]+'
[2026-09-03 14:22:06][info][TransactionManager] [bb2d9de6 - full: false] ~TransactionManager: Metrics — cert_fallback(success=0 failure=0) validation(approve=0 reject=0) tracking(insert=0 confirm=0 fail=0)
[2026-09-03 14:22:06][info][Blockchain] [bb2d9de6] Stopping blockchain
[2026-09-03 14:22:06][info][CRDTCallbackManager] Successfully unregistered new data callback for pattern: '/?gnus-genesis-block'
[2026-09-03 14:22:06][info][CRDTCallbackManager] Successfully unregistered new data callback for pattern: '/?gnus-account-creation-.*'
[2026-09-03 14:22:06][info][CRDTCallbackManager] Successfully unregistered new data callback for pattern: '/?gnus-validator-registry'
[2026-09-03 14:22:06][debug][GlobalDB] ~GlobalDB CALLED with count 6 on multi_node_finality_fault/restart-mint-validator-three/rocksdb 
[2026-09-03 14:22:06][info][GlobalDB] GlobalDB shutdown start
[2026-09-03 14:22:06][info][CrdtDatastore] CancelAndCloseNow: begin (pending_jobs=0, self_queue=0, root_queue=0, pending_roots=0, active_root=false)
[2026-09-03 14:22:06][debug][GraphsyncDAGSyncer] Stopping Dagsyncer
[2026-09-03 14:22:06][debug][GraphsyncDAGSyncer] Dagsyncer Stopped
[2026-09-03 14:22:06][info][CrdtDatastore] CancelAndCloseNow: CRDT workers stopped
[2026-09-03 14:22:06][warning][CrdtDatastore] CancelAndCloseNow called but shutdown has already started
[2026-09-03 14:22:06][debug][GraphsyncDAGSyncer] ~GraphsyncDAGSyncer CALLED
[2026-09-03 14:22:06][info][GlobalDB] GlobalDB shutdown finished
[2026-09-03 14:22:06.691553000][th:1238677][error] GossipPubSub Address monitoring timer error: Operation canceled
[2026-09-03 14:22:07][info][CRDTCallbackManager] Successfully unregistered new data callback for pattern: '^/?/bc-144/tx/[^/]+'
[2026-09-03 14:22:07][info][CRDTCallbackManager] Successfully unregistered deleted data callback for pattern: '^/?/bc-144/tx/[^/]+'
[2026-09-03 14:22:07][info][CRDTCallbackManager] Successfully unregistered new data callback for pattern: '^/?/bc-963/tx/[^/]+'
[2026-09-03 14:22:07][info][CRDTCallbackManager] Successfully unregistered deleted data callback for pattern: '^/?/bc-963/tx/[^/]+'
[2026-09-03 14:22:07][info][CRDTCallbackManager] Successfully unregistered new data callback for pattern: '^/?/bc-369/tx/[^/]+'
[2026-09-03 14:22:07][info][CRDTCallbackManager] Successfully unregistered deleted data callback for pattern: '^/?/bc-369/tx/[^/]+'
[2026-09-03 14:22:07][info][TransactionManager] [1e259375 - full: false] ~TransactionManager: Metrics — cert_fallback(success=0 failure=0) validation(approve=0 reject=0) tracking(insert=0 confirm=0 fail=0)
[2026-09-03 14:22:07][info][Blockchain] [1e259375] Stopping blockchain
[2026-09-03 14:22:07][info][CRDTCallbackManager] Successfully unregistered new data callback for pattern: '/?gnus-genesis-block'
[2026-09-03 14:22:07][info][CRDTCallbackManager] Successfully unregistered new data callback for pattern: '/?gnus-account-creation-.*'
[2026-09-03 14:22:07][info][CRDTCallbackManager] Successfully unregistered new data callback for pattern: '/?gnus-validator-registry'
[2026-09-03 14:22:07][debug][GlobalDB] ~GlobalDB CALLED with count 6 on multi_node_finality_fault/restart-mint-passive/rocksdb 
[2026-09-03 14:22:07][info][GlobalDB] GlobalDB shutdown start
[2026-09-03 14:22:07][info][CrdtDatastore] CancelAndCloseNow: begin (pending_jobs=0, self_queue=0, root_queue=0, pending_roots=0, active_root=false)
[2026-09-03 14:22:07][debug][GraphsyncDAGSyncer] Stopping Dagsyncer
[2026-09-03 14:22:07][debug][GraphsyncDAGSyncer] Dagsyncer Stopped
[2026-09-03 14:22:07][info][CrdtDatastore] CancelAndCloseNow: CRDT workers stopped
[2026-09-03 14:22:07][warning][CrdtDatastore] CancelAndCloseNow called but shutdown has already started
[2026-09-03 14:22:07][debug][GraphsyncDAGSyncer] ~GraphsyncDAGSyncer CALLED
[2026-09-03 14:22:07][info][GlobalDB] GlobalDB shutdown finished
[2026-09-03 14:22:07.753949000][th:1238709][error] GossipPubSub Address monitoring timer error: Operation canceled
[2026-09-03 14:22:08][debug][GlobalDB] ~GlobalDB CALLED with count 5 on CRDT.Datastore.TEST.unit_73614_1 
[2026-09-03 14:22:08][info][GlobalDB] GlobalDB shutdown start
[2026-09-03 14:22:08][info][CrdtDatastore] CancelAndCloseNow: begin (pending_jobs=0, self_queue=0, root_queue=0, pending_roots=0, active_root=false)
[2026-09-03 14:22:08][debug][GraphsyncDAGSyncer] Stopping Dagsyncer
[2026-09-03 14:22:08][debug][GraphsyncDAGSyncer] Dagsyncer Stopped
[2026-09-03 14:22:09][info][CrdtDatastore] CancelAndCloseNow: CRDT workers stopped
[2026-09-03 14:22:09][warning][CrdtDatastore] CancelAndCloseNow called but shutdown has already started
[2026-09-03 14:22:09][debug][GraphsyncDAGSyncer] ~GraphsyncDAGSyncer CALLED
[2026-09-03 14:22:09][info][GlobalDB] GlobalDB shutdown finished
[2026-09-03 14:22:09.244955000][th:1236757][error] GossipPubSub Address monitoring timer error: Operation canceled
[       OK ] FinalityFaultNetwork.RestartAtVoteCertificateAndMintDurableBoundariesRecoversExactlyOnce (55660 ms)
[----------] 1 test from FinalityFaultNetwork (55660 ms total)

[----------] Global test environment tear-down
[==========] 1 test from 1 test suite ran. (55660 ms total)
[  PASSED  ] 1 test.
