# pre-run 1-min load: 10:57  up  3:05, 7 users, load averages: 2.78 3.41 3.49
Running main() from /Users/henriqueklein/gnus/thirdparty/GTest/googletest/src/gtest_main.cc
Note: Google Test filter = FinalityFaultNetwork.RestartAtVoteCertificateAndMintDurableBoundariesRecoversExactlyOnce
[==========] Running 1 test from 1 test suite.
[----------] Global test environment set-up.
[----------] 1 test from FinalityFaultNetwork
[ RUN      ] FinalityFaultNetwork.RestartAtVoteCertificateAndMintDurableBoundariesRecoversExactlyOnce
[2026-09-03 10:57:57][info][KeyPairFileStorage] Path to keypairs CRDT.Datastore.TEST/unit_test_44568_1
[2026-09-03 10:57:57][info][KeyPairFileStorage] Peer ID from public key: 12D3KooWHiGCPupvKLreakjWG1bMmK7rAP7Y8MYSbd885cSZyNEe
Current limits: 1048576 (soft), 9223372036854775807 (hard)
New limits set successfully: 16384 (soft), 9223372036854775807 (hard)
Initialized relay addresses
[2026-09-03 10:57:57][info][GlobalDB] Opening database /Users/henriqueklein/gnus/SuperGenius/CRDT.Datastore.TEST.unit_44568_1
[2026-09-03 10:57:57][debug][GraphsyncDAGSyncer] GraphSyncer created 5250269448 
[2026-09-03 10:57:57][info][CrdtDatastore] crdt Datastore created. Number of heads: 0 Current max-height: 0
[2026-09-03 10:57:57.297563000][th:637526][info] GossipPubSub /ip4/0.0.0.0/tcp/40001/p2p/12D3KooWHiGCPupvKLreakjWG1bMmK7rAP7Y8MYSbd885cSZyNEe: Starting PubSub service
[2026-09-03 10:57:57.297687000][th:637723][info] GossipPubSub /ip4/0.0.0.0/tcp/40001/p2p/12D3KooWHiGCPupvKLreakjWG1bMmK7rAP7Y8MYSbd885cSZyNEe: PubSub subscribed to topic 'CRDT.Datastore.TEST.Channel.3.7.144'
[2026-09-03 10:57:57.297709000][th:637723][info] GossipPubSub Starting address monitoring system for mobile network changes
[2026-09-03 10:57:57.297710000][th:637723][info] GossipPubSub === CURRENT NETWORK STATE ===
[2026-09-03 10:57:57.297725000][th:637723][info] GossipPubSub Primary listening address: /ip4/0.0.0.0/tcp/40001/p2p/12D3KooWHiGCPupvKLreakjWG1bMmK7rAP7Y8MYSbd885cSZyNEe
[2026-09-03 10:57:57.297726000][th:637723][info] GossipPubSub Host peer info addresses (0):
[2026-09-03 10:57:57.297727000][th:637723][info] GossipPubSub Additional addresses we track (0):
[2026-09-03 10:57:57.297728000][th:637723][info] GossipPubSub Listening addresses (1):
[2026-09-03 10:57:57.297728000][th:637723][info] GossipPubSub   -> /ip4/0.0.0.0/tcp/40001/p2p/12D3KooWHiGCPupvKLreakjWG1bMmK7rAP7Y8MYSbd885cSZyNEe
[2026-09-03 10:57:57.297729000][th:637723][info] GossipPubSub Interface addresses (0):
[2026-09-03 10:57:57.297729000][th:637723][info] GossipPubSub === RAW OBSERVED ADDRESS DEBUG ===
[2026-09-03 10:57:57.297731000][th:637723][info] GossipPubSub Local address: /ip4/0.0.0.0/tcp/40001/p2p/12D3KooWHiGCPupvKLreakjWG1bMmK7rAP7Y8MYSbd885cSZyNEe -> 0 raw observed, 0 activated+confirmed
[2026-09-03 10:57:57.297750000][th:637723][info] GossipPubSub TOTAL: 0 raw observed addresses, 0 activated+confirmed addresses
[2026-09-03 10:57:57.297753000][th:637723][info] GossipPubSub === END RAW OBSERVED ADDRESS DEBUG ===
[2026-09-03 10:57:57.297754000][th:637723][info] GossipPubSub Observed addresses - all (0):
[2026-09-03 10:57:57.297754000][th:637723][info] GossipPubSub Observed addresses - confirmed only (0):
[2026-09-03 10:57:57.297755000][th:637723][info] GossipPubSub Relay addresses (0):
[2026-09-03 10:57:57.297765000][th:637723][warning] GossipPubSub Failed to get addresses from peer repository: not found
[2026-09-03 10:57:57.297978000][th:637723][info] GossipPubSub Found 1 valid network interfaces
[2026-09-03 10:57:57.297980000][th:637723][info] GossipPubSub Current network interfaces (1):
[2026-09-03 10:57:57.297981000][th:637723][info] GossipPubSub   -> 192.168.1.6
[2026-09-03 10:57:57.297982000][th:637723][info] GossipPubSub Active connections: 0
[2026-09-03 10:57:57.297982000][th:637723][info] GossipPubSub === PEER CONNECTION DETAILS ===
[2026-09-03 10:57:57.297983000][th:637723][info] GossipPubSub NOTE: Observed addresses need to be seen by 4+ different peer groups to become 'activated'
[2026-09-03 10:57:57.297984000][th:637723][info] GossipPubSub NOTE: Current connections: 0, so max possible observers: 0
[2026-09-03 10:57:57.297984000][th:637723][info] GossipPubSub === END PEER CONNECTION DETAILS ===
[2026-09-03 10:57:57.297985000][th:637723][info] GossipPubSub Connection manager stats:
[2026-09-03 10:57:57.297985000][th:637723][info] GossipPubSub   -> Max connections: 1000
[2026-09-03 10:57:57.297986000][th:637723][info] GossipPubSub   -> Current connections: 0
[2026-09-03 10:57:57.297986000][th:637723][info] GossipPubSub === END NETWORK STATE ===
[2026-09-03 10:57:57.298006000][th:637723][info] GossipPubSub /ip4/0.0.0.0/tcp/40001/p2p/12D3KooWHiGCPupvKLreakjWG1bMmK7rAP7Y8MYSbd885cSZyNEe : PubSub service started
[2026-09-03 10:57:57][info][KeyPairFileStorage] Path to keypairs multi_node_finality_fault/restart-vote-validator-one/keypair
[2026-09-03 10:57:57][info][KeyPairFileStorage] Peer ID from public key: 12D3KooWSJzCc7DfwqXgvRgqQuQ9JtNaUMmDt9V5a8pfd4zhS9Hc
Current limits: 16384 (soft), 9223372036854775807 (hard)
New limits set successfully: 16384 (soft), 9223372036854775807 (hard)
Initialized relay addresses
[2026-09-03 10:57:57.299536000][th:637526][info] GossipPubSub /ip4/0.0.0.0/tcp/54601/p2p/12D3KooWSJzCc7DfwqXgvRgqQuQ9JtNaUMmDt9V5a8pfd4zhS9Hc: Starting PubSub service
[2026-09-03 10:57:57.299570000][th:637724][info] GossipPubSub Starting address monitoring system for mobile network changes
[2026-09-03 10:57:57.299571000][th:637724][info] GossipPubSub === CURRENT NETWORK STATE ===
[2026-09-03 10:57:57.299574000][th:637724][info] GossipPubSub Primary listening address: /ip4/0.0.0.0/tcp/54601/p2p/12D3KooWSJzCc7DfwqXgvRgqQuQ9JtNaUMmDt9V5a8pfd4zhS9Hc
[2026-09-03 10:57:57.299575000][th:637724][info] GossipPubSub Host peer info addresses (0):
[2026-09-03 10:57:57.299575000][th:637724][info] GossipPubSub Additional addresses we track (0):
[2026-09-03 10:57:57.299576000][th:637724][info] GossipPubSub Listening addresses (1):
[2026-09-03 10:57:57.299577000][th:637724][info] GossipPubSub   -> /ip4/0.0.0.0/tcp/54601/p2p/12D3KooWSJzCc7DfwqXgvRgqQuQ9JtNaUMmDt9V5a8pfd4zhS9Hc
[2026-09-03 10:57:57.299577000][th:637724][info] GossipPubSub Interface addresses (0):
[2026-09-03 10:57:57.299578000][th:637724][info] GossipPubSub === RAW OBSERVED ADDRESS DEBUG ===
[2026-09-03 10:57:57.299579000][th:637724][info] GossipPubSub Local address: /ip4/0.0.0.0/tcp/54601/p2p/12D3KooWSJzCc7DfwqXgvRgqQuQ9JtNaUMmDt9V5a8pfd4zhS9Hc -> 0 raw observed, 0 activated+confirmed
[2026-09-03 10:57:57.299580000][th:637724][info] GossipPubSub TOTAL: 0 raw observed addresses, 0 activated+confirmed addresses
[2026-09-03 10:57:57.299580000][th:637724][info] GossipPubSub === END RAW OBSERVED ADDRESS DEBUG ===
[2026-09-03 10:57:57.299581000][th:637724][info] GossipPubSub Observed addresses - all (0):
[2026-09-03 10:57:57.299582000][th:637724][info] GossipPubSub Observed addresses - confirmed only (0):
[2026-09-03 10:57:57.299582000][th:637724][info] GossipPubSub Relay addresses (0):
[2026-09-03 10:57:57.299583000][th:637724][warning] GossipPubSub Failed to get addresses from peer repository: not found
[2026-09-03 10:57:57.299604000][th:637724][info] GossipPubSub Found 1 valid network interfaces
[2026-09-03 10:57:57.299606000][th:637724][info] GossipPubSub Current network interfaces (1):
[2026-09-03 10:57:57.299606000][th:637724][info] GossipPubSub   -> 192.168.1.6
[2026-09-03 10:57:57.299607000][th:637724][info] GossipPubSub Active connections: 0
[2026-09-03 10:57:57.299607000][th:637724][info] GossipPubSub === PEER CONNECTION DETAILS ===
[2026-09-03 10:57:57.299608000][th:637724][info] GossipPubSub NOTE: Observed addresses need to be seen by 4+ different peer groups to become 'activated'
[2026-09-03 10:57:57.299608000][th:637724][info] GossipPubSub NOTE: Current connections: 0, so max possible observers: 0
[2026-09-03 10:57:57.299609000][th:637724][info] GossipPubSub === END PEER CONNECTION DETAILS ===
[2026-09-03 10:57:57.299609000][th:637724][info] GossipPubSub Connection manager stats:
[2026-09-03 10:57:57.299610000][th:637724][info] GossipPubSub   -> Max connections: 1000
[2026-09-03 10:57:57.299614000][th:637724][info] GossipPubSub   -> Current connections: 0
[2026-09-03 10:57:57.299614000][th:637724][info] GossipPubSub === END NETWORK STATE ===
[2026-09-03 10:57:57.299744000][th:637724][info] GossipPubSub /ip4/0.0.0.0/tcp/54601/p2p/12D3KooWSJzCc7DfwqXgvRgqQuQ9JtNaUMmDt9V5a8pfd4zhS9Hc : PubSub service started
[2026-09-03 10:57:57][info][GlobalDB] Opening database /Users/henriqueklein/gnus/SuperGenius/multi_node_finality_fault/restart-vote-validator-one/rocksdb
[2026-09-03 10:57:57][debug][GraphsyncDAGSyncer] GraphSyncer created 5518675704 
[2026-09-03 10:57:57][info][CrdtDatastore] crdt Datastore created. Number of heads: 0 Current max-height: 0
[2026-09-03 10:57:57][info][GeniusAccount] Secure storage ID path: /Users/henriqueklein/gnus/SuperGenius/multi_node_finality_fault/restart-vote-validator-one/account/secure_storage_id
[2026-09-03 10:57:57][error][GeniusAccount] Could not find existing Genius address, generating one from a random mnemonic
[2026-09-03 10:57:57][warning][UTXOManager] Found UTXOs in storage, but there were none
[2026-09-03 10:57:57][info][Blockchain] [32318999] Blockchain instance created with authorized full node: 8a33bdf1
[2026-09-03 10:57:57][error][ValidatorRegistry] InitializeCache: registry content not found during cache init
[2026-09-03 10:57:57][info][CRDTCallbackManager] Successfully registered new data callback for pattern: '/?gnus-validator-registry'
[2026-09-03 10:57:57][info][ValidatorRegistry] RegisterFilter: result=true
[2026-09-03 10:57:57][info][ValidatorRegistry] New: instance ready
[2026-09-03 10:57:57.332453000][th:637724][info] GossipPubSub /ip4/0.0.0.0/tcp/54601/p2p/12D3KooWSJzCc7DfwqXgvRgqQuQ9JtNaUMmDt9V5a8pfd4zhS9Hc: PubSub subscribed to topic 'gnus-validator-registry.3.7.144'
[2026-09-03 10:57:57.332469000][th:637724][info] GossipPubSub /ip4/0.0.0.0/tcp/54601/p2p/12D3KooWSJzCc7DfwqXgvRgqQuQ9JtNaUMmDt9V5a8pfd4zhS9Hc: PubSub subscribed to topic 'consensus-channel-.3.7.144'
[2026-09-03 10:57:57][info][CRDTCallbackManager] Successfully registered new data callback for pattern: '^/?cert/[^/]+'
[2026-09-03 10:57:57.332491000][th:637724][info] GossipPubSub /ip4/0.0.0.0/tcp/54601/p2p/12D3KooWSJzCc7DfwqXgvRgqQuQ9JtNaUMmDt9V5a8pfd4zhS9Hc: PubSub subscribed to topic 'consensus-channel-.3.7.144#datastore.3.7.144'
[2026-09-03 10:57:57][warning][Blockchain] [32318999] Failed to request validator registry during blockchain init
[2026-09-03 10:57:57][info][CRDTCallbackManager] Successfully registered new data callback for pattern: '/?gnus-genesis-block'
[2026-09-03 10:57:57][info][CRDTCallbackManager] Successfully registered new data callback for pattern: '/?gnus-account-creation-.*'
[2026-09-03 10:57:57][info][CRDTCallbackManager] Successfully registered new data callback for pattern: '^/?/bc-144/tx/[^/]+'
[2026-09-03 10:57:57][info][CRDTCallbackManager] Successfully registered deleted data callback for pattern: '^/?/bc-144/tx/[^/]+'
[2026-09-03 10:57:57][info][CRDTCallbackManager] Successfully registered new data callback for pattern: '^/?/bc-963/tx/[^/]+'
[2026-09-03 10:57:57][info][CRDTCallbackManager] Successfully registered deleted data callback for pattern: '^/?/bc-963/tx/[^/]+'
[2026-09-03 10:57:57][info][CRDTCallbackManager] Successfully registered new data callback for pattern: '^/?/bc-369/tx/[^/]+'
[2026-09-03 10:57:57][info][CRDTCallbackManager] Successfully registered deleted data callback for pattern: '^/?/bc-369/tx/[^/]+'
[2026-09-03 10:57:57][info][KeyPairFileStorage] Path to keypairs multi_node_finality_fault/restart-vote-validator-two/keypair
[2026-09-03 10:57:57][info][KeyPairFileStorage] Peer ID from public key: 12D3KooWFWhitdN6vJJepLt4Ns2wCtvQJBZDTdq7LzfAf4BkDdfZ
Current limits: 16384 (soft), 9223372036854775807 (hard)
New limits set successfully: 16384 (soft), 9223372036854775807 (hard)
Initialized relay addresses
[2026-09-03 10:57:57.334024000][th:637526][info] GossipPubSub /ip4/0.0.0.0/tcp/54602/p2p/12D3KooWFWhitdN6vJJepLt4Ns2wCtvQJBZDTdq7LzfAf4BkDdfZ: Starting PubSub service
[2026-09-03 10:57:57.334069000][th:637747][info] GossipPubSub Starting address monitoring system for mobile network changes
[2026-09-03 10:57:57.334070000][th:637747][info] GossipPubSub === CURRENT NETWORK STATE ===
[2026-09-03 10:57:57.334075000][th:637747][info] GossipPubSub Primary listening address: /ip4/0.0.0.0/tcp/54602/p2p/12D3KooWFWhitdN6vJJepLt4Ns2wCtvQJBZDTdq7LzfAf4BkDdfZ
[2026-09-03 10:57:57.334076000][th:637747][info] GossipPubSub Host peer info addresses (0):
[2026-09-03 10:57:57.334077000][th:637747][info] GossipPubSub Additional addresses we track (0):
[2026-09-03 10:57:57.334077000][th:637747][info] GossipPubSub Listening addresses (1):
[2026-09-03 10:57:57.334078000][th:637747][info] GossipPubSub   -> /ip4/0.0.0.0/tcp/54602/p2p/12D3KooWFWhitdN6vJJepLt4Ns2wCtvQJBZDTdq7LzfAf4BkDdfZ
[2026-09-03 10:57:57.334078000][th:637747][info] GossipPubSub Interface addresses (0):
[2026-09-03 10:57:57.334079000][th:637747][info] GossipPubSub === RAW OBSERVED ADDRESS DEBUG ===
[2026-09-03 10:57:57.334080000][th:637747][info] GossipPubSub Local address: /ip4/0.0.0.0/tcp/54602/p2p/12D3KooWFWhitdN6vJJepLt4Ns2wCtvQJBZDTdq7LzfAf4BkDdfZ -> 0 raw observed, 0 activated+confirmed
[2026-09-03 10:57:57.334081000][th:637747][info] GossipPubSub TOTAL: 0 raw observed addresses, 0 activated+confirmed addresses
[2026-09-03 10:57:57.334084000][th:637747][info] GossipPubSub === END RAW OBSERVED ADDRESS DEBUG ===
[2026-09-03 10:57:57.334085000][th:637747][info] GossipPubSub Observed addresses - all (0):
[2026-09-03 10:57:57.334085000][th:637747][info] GossipPubSub Observed addresses - confirmed only (0):
[2026-09-03 10:57:57.334086000][th:637747][info] GossipPubSub Relay addresses (0):
[2026-09-03 10:57:57.334087000][th:637747][warning] GossipPubSub Failed to get addresses from peer repository: not found
[2026-09-03 10:57:57.334134000][th:637747][info] GossipPubSub Found 1 valid network interfaces
[2026-09-03 10:57:57.334136000][th:637747][info] GossipPubSub Current network interfaces (1):
[2026-09-03 10:57:57.334136000][th:637747][info] GossipPubSub   -> 192.168.1.6
[2026-09-03 10:57:57.334137000][th:637747][info] GossipPubSub Active connections: 0
[2026-09-03 10:57:57.334138000][th:637747][info] GossipPubSub === PEER CONNECTION DETAILS ===
[2026-09-03 10:57:57.334138000][th:637747][info] GossipPubSub NOTE: Observed addresses need to be seen by 4+ different peer groups to become 'activated'
[2026-09-03 10:57:57.334139000][th:637747][info] GossipPubSub NOTE: Current connections: 0, so max possible observers: 0
[2026-09-03 10:57:57.334140000][th:637747][info] GossipPubSub === END PEER CONNECTION DETAILS ===
[2026-09-03 10:57:57.334140000][th:637747][info] GossipPubSub Connection manager stats:
[2026-09-03 10:57:57.334141000][th:637747][info] GossipPubSub   -> Max connections: 1000
[2026-09-03 10:57:57.334141000][th:637747][info] GossipPubSub   -> Current connections: 0
[2026-09-03 10:57:57.334142000][th:637747][info] GossipPubSub === END NETWORK STATE ===
[2026-09-03 10:57:57.334259000][th:637747][info] GossipPubSub /ip4/0.0.0.0/tcp/54602/p2p/12D3KooWFWhitdN6vJJepLt4Ns2wCtvQJBZDTdq7LzfAf4BkDdfZ : PubSub service started
[2026-09-03 10:57:57][info][GlobalDB] Opening database /Users/henriqueklein/gnus/SuperGenius/multi_node_finality_fault/restart-vote-validator-two/rocksdb
[2026-09-03 10:57:57][debug][GraphsyncDAGSyncer] GraphSyncer created 5249200536 
[2026-09-03 10:57:57][info][CrdtDatastore] crdt Datastore created. Number of heads: 0 Current max-height: 0
[2026-09-03 10:57:57][info][GeniusAccount] Secure storage ID path: /Users/henriqueklein/gnus/SuperGenius/multi_node_finality_fault/restart-vote-validator-two/account/secure_storage_id
[2026-09-03 10:57:57][error][GeniusAccount] Could not find existing Genius address, generating one from a random mnemonic
[2026-09-03 10:57:57][warning][UTXOManager] Found UTXOs in storage, but there were none
[2026-09-03 10:57:57][info][Blockchain] [adba6704] Blockchain instance created with authorized full node: 8a33bdf1
[2026-09-03 10:57:57][error][ValidatorRegistry] InitializeCache: registry content not found during cache init
[2026-09-03 10:57:57][info][CRDTCallbackManager] Successfully registered new data callback for pattern: '/?gnus-validator-registry'
[2026-09-03 10:57:57][info][ValidatorRegistry] RegisterFilter: result=true
[2026-09-03 10:57:57][info][ValidatorRegistry] New: instance ready
[2026-09-03 10:57:57.368360000][th:637747][info] GossipPubSub /ip4/0.0.0.0/tcp/54602/p2p/12D3KooWFWhitdN6vJJepLt4Ns2wCtvQJBZDTdq7LzfAf4BkDdfZ: PubSub subscribed to topic 'gnus-validator-registry.3.7.144'
[2026-09-03 10:57:57][info][CRDTCallbackManager] Successfully registered new data callback for pattern: '^/?cert/[^/]+'
[2026-09-03 10:57:57.368380000][th:637747][info] GossipPubSub /ip4/0.0.0.0/tcp/54602/p2p/12D3KooWFWhitdN6vJJepLt4Ns2wCtvQJBZDTdq7LzfAf4BkDdfZ: PubSub subscribed to topic 'consensus-channel-.3.7.144'
[2026-09-03 10:57:57][warning][Blockchain] [adba6704] Failed to request validator registry during blockchain init
[2026-09-03 10:57:57][info][CRDTCallbackManager] Successfully registered new data callback for pattern: '/?gnus-genesis-block'
[2026-09-03 10:57:57][info][CRDTCallbackManager] Successfully registered new data callback for pattern: '/?gnus-account-creation-.*'
[2026-09-03 10:57:57.368397000][th:637747][info] GossipPubSub /ip4/0.0.0.0/tcp/54602/p2p/12D3KooWFWhitdN6vJJepLt4Ns2wCtvQJBZDTdq7LzfAf4BkDdfZ: PubSub subscribed to topic 'consensus-channel-.3.7.144#datastore.3.7.144'
[2026-09-03 10:57:57][info][CRDTCallbackManager] Successfully registered new data callback for pattern: '^/?/bc-144/tx/[^/]+'
[2026-09-03 10:57:57][info][CRDTCallbackManager] Successfully registered deleted data callback for pattern: '^/?/bc-144/tx/[^/]+'
[2026-09-03 10:57:57][info][CRDTCallbackManager] Successfully registered new data callback for pattern: '^/?/bc-963/tx/[^/]+'
[2026-09-03 10:57:57][info][CRDTCallbackManager] Successfully registered deleted data callback for pattern: '^/?/bc-963/tx/[^/]+'
[2026-09-03 10:57:57][info][CRDTCallbackManager] Successfully registered new data callback for pattern: '^/?/bc-369/tx/[^/]+'
[2026-09-03 10:57:57][info][CRDTCallbackManager] Successfully registered deleted data callback for pattern: '^/?/bc-369/tx/[^/]+'
[2026-09-03 10:57:57][info][KeyPairFileStorage] Path to keypairs multi_node_finality_fault/restart-vote-validator-three/keypair
[2026-09-03 10:57:57][info][KeyPairFileStorage] Peer ID from public key: 12D3KooWENizw3K84nf3ycyMWDdDrgTzBB9iW5DAV77JU7yGDwmM
Current limits: 16384 (soft), 9223372036854775807 (hard)
New limits set successfully: 16384 (soft), 9223372036854775807 (hard)
Initialized relay addresses
[2026-09-03 10:57:57.369872000][th:637526][info] GossipPubSub /ip4/0.0.0.0/tcp/54603/p2p/12D3KooWENizw3K84nf3ycyMWDdDrgTzBB9iW5DAV77JU7yGDwmM: Starting PubSub service
[2026-09-03 10:57:57.369915000][th:637769][info] GossipPubSub Starting address monitoring system for mobile network changes
[2026-09-03 10:57:57.369918000][th:637769][info] GossipPubSub === CURRENT NETWORK STATE ===
[2026-09-03 10:57:57.369924000][th:637769][info] GossipPubSub Primary listening address: /ip4/0.0.0.0/tcp/54603/p2p/12D3KooWENizw3K84nf3ycyMWDdDrgTzBB9iW5DAV77JU7yGDwmM
[2026-09-03 10:57:57.369924000][th:637769][info] GossipPubSub Host peer info addresses (0):
[2026-09-03 10:57:57.369925000][th:637769][info] GossipPubSub Additional addresses we track (0):
[2026-09-03 10:57:57.369926000][th:637769][info] GossipPubSub Listening addresses (1):
[2026-09-03 10:57:57.369927000][th:637769][info] GossipPubSub   -> /ip4/0.0.0.0/tcp/54603/p2p/12D3KooWENizw3K84nf3ycyMWDdDrgTzBB9iW5DAV77JU7yGDwmM
[2026-09-03 10:57:57.369928000][th:637769][info] GossipPubSub Interface addresses (0):
[2026-09-03 10:57:57.369928000][th:637769][info] GossipPubSub === RAW OBSERVED ADDRESS DEBUG ===
[2026-09-03 10:57:57.369929000][th:637769][info] GossipPubSub Local address: /ip4/0.0.0.0/tcp/54603/p2p/12D3KooWENizw3K84nf3ycyMWDdDrgTzBB9iW5DAV77JU7yGDwmM -> 0 raw observed, 0 activated+confirmed
[2026-09-03 10:57:57.369930000][th:637769][info] GossipPubSub TOTAL: 0 raw observed addresses, 0 activated+confirmed addresses
[2026-09-03 10:57:57.369931000][th:637769][info] GossipPubSub === END RAW OBSERVED ADDRESS DEBUG ===
[2026-09-03 10:57:57.369932000][th:637769][info] GossipPubSub Observed addresses - all (0):
[2026-09-03 10:57:57.369932000][th:637769][info] GossipPubSub Observed addresses - confirmed only (0):
[2026-09-03 10:57:57.369933000][th:637769][info] GossipPubSub Relay addresses (0):
[2026-09-03 10:57:57.369934000][th:637769][warning] GossipPubSub Failed to get addresses from peer repository: not found
[2026-09-03 10:57:57.369967000][th:637769][info] GossipPubSub Found 1 valid network interfaces
[2026-09-03 10:57:57.369969000][th:637769][info] GossipPubSub Current network interfaces (1):
[2026-09-03 10:57:57.369969000][th:637769][info] GossipPubSub   -> 192.168.1.6
[2026-09-03 10:57:57.369970000][th:637769][info] GossipPubSub Active connections: 0
[2026-09-03 10:57:57.369970000][th:637769][info] GossipPubSub === PEER CONNECTION DETAILS ===
[2026-09-03 10:57:57.369971000][th:637769][info] GossipPubSub NOTE: Observed addresses need to be seen by 4+ different peer groups to become 'activated'
[2026-09-03 10:57:57.369972000][th:637769][info] GossipPubSub NOTE: Current connections: 0, so max possible observers: 0
[2026-09-03 10:57:57.369972000][th:637769][info] GossipPubSub === END PEER CONNECTION DETAILS ===
[2026-09-03 10:57:57.369973000][th:637769][info] GossipPubSub Connection manager stats:
[2026-09-03 10:57:57.369973000][th:637769][info] GossipPubSub   -> Max connections: 1000
[2026-09-03 10:57:57.369974000][th:637769][info] GossipPubSub   -> Current connections: 0
[2026-09-03 10:57:57.369975000][th:637769][info] GossipPubSub === END NETWORK STATE ===
[2026-09-03 10:57:57.370094000][th:637769][info] GossipPubSub /ip4/0.0.0.0/tcp/54603/p2p/12D3KooWENizw3K84nf3ycyMWDdDrgTzBB9iW5DAV77JU7yGDwmM : PubSub service started
[2026-09-03 10:57:57][info][GlobalDB] Opening database /Users/henriqueklein/gnus/SuperGenius/multi_node_finality_fault/restart-vote-validator-three/rocksdb
[2026-09-03 10:57:57][debug][GraphsyncDAGSyncer] GraphSyncer created 5249248904 
[2026-09-03 10:57:57][info][CrdtDatastore] crdt Datastore created. Number of heads: 0 Current max-height: 0
[2026-09-03 10:57:57][info][GeniusAccount] Secure storage ID path: /Users/henriqueklein/gnus/SuperGenius/multi_node_finality_fault/restart-vote-validator-three/account/secure_storage_id
[2026-09-03 10:57:57][error][GeniusAccount] Could not find existing Genius address, generating one from a random mnemonic
[2026-09-03 10:57:57][warning][UTXOManager] Found UTXOs in storage, but there were none
[2026-09-03 10:57:57][info][Blockchain] [b212102c] Blockchain instance created with authorized full node: 8a33bdf1
[2026-09-03 10:57:57][error][ValidatorRegistry] InitializeCache: registry content not found during cache init
[2026-09-03 10:57:57][info][CRDTCallbackManager] Successfully registered new data callback for pattern: '/?gnus-validator-registry'
[2026-09-03 10:57:57][info][ValidatorRegistry] RegisterFilter: result=true
[2026-09-03 10:57:57][info][ValidatorRegistry] New: instance ready
[2026-09-03 10:57:57][info][CRDTCallbackManager] Successfully registered new data callback for pattern: '^/?cert/[^/]+'
[2026-09-03 10:57:57.403795000][th:637769][info] GossipPubSub /ip4/0.0.0.0/tcp/54603/p2p/12D3KooWENizw3K84nf3ycyMWDdDrgTzBB9iW5DAV77JU7yGDwmM: PubSub subscribed to topic 'gnus-validator-registry.3.7.144'
[2026-09-03 10:57:57][warning][Blockchain] [b212102c] Failed to request validator registry during blockchain init
[2026-09-03 10:57:57][info][CRDTCallbackManager] Successfully registered new data callback for pattern: '/?gnus-genesis-block'
[2026-09-03 10:57:57][info][CRDTCallbackManager] Successfully registered new data callback for pattern: '/?gnus-account-creation-.*'
[2026-09-03 10:57:57.403833000][th:637769][info] GossipPubSub /ip4/0.0.0.0/tcp/54603/p2p/12D3KooWENizw3K84nf3ycyMWDdDrgTzBB9iW5DAV77JU7yGDwmM: PubSub subscribed to topic 'consensus-channel-.3.7.144'
[2026-09-03 10:57:57][info][CRDTCallbackManager] Successfully registered new data callback for pattern: '^/?/bc-144/tx/[^/]+'
[2026-09-03 10:57:57.403849000][th:637769][info] GossipPubSub /ip4/0.0.0.0/tcp/54603/p2p/12D3KooWENizw3K84nf3ycyMWDdDrgTzBB9iW5DAV77JU7yGDwmM: PubSub subscribed to topic 'consensus-channel-.3.7.144#datastore.3.7.144'
[2026-09-03 10:57:57][info][CRDTCallbackManager] Successfully registered deleted data callback for pattern: '^/?/bc-144/tx/[^/]+'
[2026-09-03 10:57:57][info][CRDTCallbackManager] Successfully registered new data callback for pattern: '^/?/bc-963/tx/[^/]+'
[2026-09-03 10:57:57][info][CRDTCallbackManager] Successfully registered deleted data callback for pattern: '^/?/bc-963/tx/[^/]+'
[2026-09-03 10:57:57][info][CRDTCallbackManager] Successfully registered new data callback for pattern: '^/?/bc-369/tx/[^/]+'
[2026-09-03 10:57:57][info][CRDTCallbackManager] Successfully registered deleted data callback for pattern: '^/?/bc-369/tx/[^/]+'
[2026-09-03 10:57:57][info][KeyPairFileStorage] Path to keypairs multi_node_finality_fault/restart-vote-passive/keypair
[2026-09-03 10:57:57][info][KeyPairFileStorage] Peer ID from public key: 12D3KooWGBUPpdYhSptmhXAcSymPtfwijsf4UqNQrDU8deXKFUFS
Current limits: 16384 (soft), 9223372036854775807 (hard)
New limits set successfully: 16384 (soft), 9223372036854775807 (hard)
Initialized relay addresses
[2026-09-03 10:57:57.405301000][th:637526][info] GossipPubSub /ip4/0.0.0.0/tcp/54604/p2p/12D3KooWGBUPpdYhSptmhXAcSymPtfwijsf4UqNQrDU8deXKFUFS: Starting PubSub service
[2026-09-03 10:57:57.405343000][th:637790][info] GossipPubSub Starting address monitoring system for mobile network changes
[2026-09-03 10:57:57.405346000][th:637790][info] GossipPubSub === CURRENT NETWORK STATE ===
[2026-09-03 10:57:57.405351000][th:637790][info] GossipPubSub Primary listening address: /ip4/0.0.0.0/tcp/54604/p2p/12D3KooWGBUPpdYhSptmhXAcSymPtfwijsf4UqNQrDU8deXKFUFS
[2026-09-03 10:57:57.405353000][th:637790][info] GossipPubSub Host peer info addresses (0):
[2026-09-03 10:57:57.405353000][th:637790][info] GossipPubSub Additional addresses we track (0):
[2026-09-03 10:57:57.405354000][th:637790][info] GossipPubSub Listening addresses (1):
[2026-09-03 10:57:57.405355000][th:637790][info] GossipPubSub   -> /ip4/0.0.0.0/tcp/54604/p2p/12D3KooWGBUPpdYhSptmhXAcSymPtfwijsf4UqNQrDU8deXKFUFS
[2026-09-03 10:57:57.405355000][th:637790][info] GossipPubSub Interface addresses (0):
[2026-09-03 10:57:57.405356000][th:637790][info] GossipPubSub === RAW OBSERVED ADDRESS DEBUG ===
[2026-09-03 10:57:57.405357000][th:637790][info] GossipPubSub Local address: /ip4/0.0.0.0/tcp/54604/p2p/12D3KooWGBUPpdYhSptmhXAcSymPtfwijsf4UqNQrDU8deXKFUFS -> 0 raw observed, 0 activated+confirmed
[2026-09-03 10:57:57.405358000][th:637790][info] GossipPubSub TOTAL: 0 raw observed addresses, 0 activated+confirmed addresses
[2026-09-03 10:57:57.405359000][th:637790][info] GossipPubSub === END RAW OBSERVED ADDRESS DEBUG ===
[2026-09-03 10:57:57.405359000][th:637790][info] GossipPubSub Observed addresses - all (0):
[2026-09-03 10:57:57.405360000][th:637790][info] GossipPubSub Observed addresses - confirmed only (0):
[2026-09-03 10:57:57.405361000][th:637790][info] GossipPubSub Relay addresses (0):
[2026-09-03 10:57:57.405362000][th:637790][warning] GossipPubSub Failed to get addresses from peer repository: not found
[2026-09-03 10:57:57.405391000][th:637790][info] GossipPubSub Found 1 valid network interfaces
[2026-09-03 10:57:57.405392000][th:637790][info] GossipPubSub Current network interfaces (1):
[2026-09-03 10:57:57.405393000][th:637790][info] GossipPubSub   -> 192.168.1.6
[2026-09-03 10:57:57.405394000][th:637790][info] GossipPubSub Active connections: 0
[2026-09-03 10:57:57.405394000][th:637790][info] GossipPubSub === PEER CONNECTION DETAILS ===
[2026-09-03 10:57:57.405395000][th:637790][info] GossipPubSub NOTE: Observed addresses need to be seen by 4+ different peer groups to become 'activated'
[2026-09-03 10:57:57.405395000][th:637790][info] GossipPubSub NOTE: Current connections: 0, so max possible observers: 0
[2026-09-03 10:57:57.405396000][th:637790][info] GossipPubSub === END PEER CONNECTION DETAILS ===
[2026-09-03 10:57:57.405396000][th:637790][info] GossipPubSub Connection manager stats:
[2026-09-03 10:57:57.405397000][th:637790][info] GossipPubSub   -> Max connections: 1000
[2026-09-03 10:57:57.405402000][th:637790][info] GossipPubSub   -> Current connections: 0
[2026-09-03 10:57:57.405402000][th:637790][info] GossipPubSub === END NETWORK STATE ===
[2026-09-03 10:57:57.405512000][th:637790][info] GossipPubSub /ip4/0.0.0.0/tcp/54604/p2p/12D3KooWGBUPpdYhSptmhXAcSymPtfwijsf4UqNQrDU8deXKFUFS : PubSub service started
[2026-09-03 10:57:57][info][GlobalDB] Opening database /Users/henriqueklein/gnus/SuperGenius/multi_node_finality_fault/restart-vote-passive/rocksdb
[2026-09-03 10:57:57][debug][GraphsyncDAGSyncer] GraphSyncer created 5518784856 
[2026-09-03 10:57:57][info][CrdtDatastore] crdt Datastore created. Number of heads: 0 Current max-height: 0
[2026-09-03 10:57:57][info][GeniusAccount] Secure storage ID path: /Users/henriqueklein/gnus/SuperGenius/multi_node_finality_fault/restart-vote-passive/account/secure_storage_id
[2026-09-03 10:57:57][error][GeniusAccount] Could not find existing Genius address, generating one from a random mnemonic
[2026-09-03 10:57:57][warning][UTXOManager] Found UTXOs in storage, but there were none
[2026-09-03 10:57:57][info][Blockchain] [1f61ed40] Blockchain instance created with authorized full node: 8a33bdf1
[2026-09-03 10:57:57][error][ValidatorRegistry] InitializeCache: registry content not found during cache init
[2026-09-03 10:57:57][info][CRDTCallbackManager] Successfully registered new data callback for pattern: '/?gnus-validator-registry'
[2026-09-03 10:57:57][info][ValidatorRegistry] RegisterFilter: result=true
[2026-09-03 10:57:57][info][ValidatorRegistry] New: instance ready
[2026-09-03 10:57:57][info][CRDTCallbackManager] Successfully registered new data callback for pattern: '^/?cert/[^/]+'
[2026-09-03 10:57:57.439824000][th:637790][info] GossipPubSub /ip4/0.0.0.0/tcp/54604/p2p/12D3KooWGBUPpdYhSptmhXAcSymPtfwijsf4UqNQrDU8deXKFUFS: PubSub subscribed to topic 'gnus-validator-registry.3.7.144'
[2026-09-03 10:57:57][warning][Blockchain] [1f61ed40] Failed to request validator registry during blockchain init
[2026-09-03 10:57:57][info][CRDTCallbackManager] Successfully registered new data callback for pattern: '/?gnus-genesis-block'
[2026-09-03 10:57:57][info][CRDTCallbackManager] Successfully registered new data callback for pattern: '/?gnus-account-creation-.*'
[2026-09-03 10:57:57][info][CRDTCallbackManager] Successfully registered new data callback for pattern: '^/?/bc-144/tx/[^/]+'
[2026-09-03 10:57:57][info][CRDTCallbackManager] Successfully registered deleted data callback for pattern: '^/?/bc-144/tx/[^/]+'
[2026-09-03 10:57:57][info][CRDTCallbackManager] Successfully registered new data callback for pattern: '^/?/bc-963/tx/[^/]+'
[2026-09-03 10:57:57.439862000][th:637790][info] GossipPubSub /ip4/0.0.0.0/tcp/54604/p2p/12D3KooWGBUPpdYhSptmhXAcSymPtfwijsf4UqNQrDU8deXKFUFS: PubSub subscribed to topic 'consensus-channel-.3.7.144'
[2026-09-03 10:57:57][info][CRDTCallbackManager] Successfully registered deleted data callback for pattern: '^/?/bc-963/tx/[^/]+'
[2026-09-03 10:57:57][info][CRDTCallbackManager] Successfully registered new data callback for pattern: '^/?/bc-369/tx/[^/]+'
[2026-09-03 10:57:57][info][CRDTCallbackManager] Successfully registered deleted data callback for pattern: '^/?/bc-369/tx/[^/]+'
[2026-09-03 10:57:57.439903000][th:637790][info] GossipPubSub /ip4/0.0.0.0/tcp/54604/p2p/12D3KooWGBUPpdYhSptmhXAcSymPtfwijsf4UqNQrDU8deXKFUFS: PubSub subscribed to topic 'consensus-channel-.3.7.144#datastore.3.7.144'
[2026-09-03 10:57:57][info][CrdtDatastore] Topics { name="gnus-validator-registry" }
[2026-09-03 10:57:57][info][CRDTCallbackManager] Executing callback for key '/gnus-validator-registry' matching pattern '/?gnus-validator-registry'
[2026-09-03 10:57:57][info][ValidatorRegistry] RegistryUpdateReceived: cache updated and initialized
[2026-09-03 10:57:57][debug][GraphsyncDAGSyncer] addNode: Added node QmPZqQVd9PjZMxbxUb9bYCZERNWLyADiiNE74xwnrYygiF on dagService 
[2026-09-03 10:57:57][info][ValidatorRegistry] StoreRegistryUpdate: stored registry update CID QmPZqQVd9PjZMxbxUb9bYCZERNWLyADiiNE74xwnrYygiF
[2026-09-03 10:57:57][info][ValidatorRegistry] StoreRegistryUpdate: success
[2026-09-03 10:57:57][info][CrdtDatastore] Topics { name="gnus-validator-registry" }
[2026-09-03 10:57:57][info][CRDTCallbackManager] Executing callback for key '/gnus-validator-registry' matching pattern '/?gnus-validator-registry'
[2026-09-03 10:57:57][info][ValidatorRegistry] RegistryUpdateReceived: cache updated and initialized
[2026-09-03 10:57:57][debug][GraphsyncDAGSyncer] addNode: Added node QmPZqQVd9PjZMxbxUb9bYCZERNWLyADiiNE74xwnrYygiF on dagService 
[2026-09-03 10:57:57][info][ValidatorRegistry] StoreRegistryUpdate: stored registry update CID QmPZqQVd9PjZMxbxUb9bYCZERNWLyADiiNE74xwnrYygiF
[2026-09-03 10:57:57][info][ValidatorRegistry] StoreRegistryUpdate: success
[2026-09-03 10:57:57][info][CrdtDatastore] Topics { name="gnus-validator-registry" }
[2026-09-03 10:57:57][info][CRDTCallbackManager] Executing callback for key '/gnus-validator-registry' matching pattern '/?gnus-validator-registry'
[2026-09-03 10:57:57][info][ValidatorRegistry] RegistryUpdateReceived: cache updated and initialized
[2026-09-03 10:57:57][debug][GraphsyncDAGSyncer] addNode: Added node QmPZqQVd9PjZMxbxUb9bYCZERNWLyADiiNE74xwnrYygiF on dagService 
[2026-09-03 10:57:57][info][ValidatorRegistry] StoreRegistryUpdate: stored registry update CID QmPZqQVd9PjZMxbxUb9bYCZERNWLyADiiNE74xwnrYygiF
[2026-09-03 10:57:57][info][ValidatorRegistry] StoreRegistryUpdate: success
[2026-09-03 10:57:57][info][CrdtDatastore] Topics { name="gnus-validator-registry" }
[2026-09-03 10:57:57][info][CRDTCallbackManager] Executing callback for key '/gnus-validator-registry' matching pattern '/?gnus-validator-registry'
[2026-09-03 10:57:57][info][ValidatorRegistry] RegistryUpdateReceived: cache updated and initialized
[2026-09-03 10:57:57][debug][GraphsyncDAGSyncer] addNode: Added node QmPZqQVd9PjZMxbxUb9bYCZERNWLyADiiNE74xwnrYygiF on dagService 
[2026-09-03 10:57:57][info][ValidatorRegistry] StoreRegistryUpdate: stored registry update CID QmPZqQVd9PjZMxbxUb9bYCZERNWLyADiiNE74xwnrYygiF
[2026-09-03 10:57:57][info][ValidatorRegistry] StoreRegistryUpdate: success
[2026-09-03 10:57:57][info][TransactionManager] [32318999 - full: false] ChangeTransactionState: Temp tracking entry created tx=33df821602e31f49a94b27df2ef44ebe0208a104c061f9ca88c5ccc1d5084051
[2026-09-03 10:57:59][info][CRDTCallbackManager] Successfully unregistered new data callback for pattern: '^/?/bc-144/tx/[^/]+'
[2026-09-03 10:57:59][info][CRDTCallbackManager] Successfully unregistered deleted data callback for pattern: '^/?/bc-144/tx/[^/]+'
[2026-09-03 10:57:59][info][CRDTCallbackManager] Successfully unregistered new data callback for pattern: '^/?/bc-963/tx/[^/]+'
[2026-09-03 10:57:59][info][CRDTCallbackManager] Successfully unregistered deleted data callback for pattern: '^/?/bc-963/tx/[^/]+'
[2026-09-03 10:57:59][info][CRDTCallbackManager] Successfully unregistered new data callback for pattern: '^/?/bc-369/tx/[^/]+'
[2026-09-03 10:57:59][info][CRDTCallbackManager] Successfully unregistered deleted data callback for pattern: '^/?/bc-369/tx/[^/]+'
[2026-09-03 10:57:59][info][TransactionManager] [32318999 - full: false] ~TransactionManager: Metrics — cert_fallback(success=0 failure=0) validation(approve=1 reject=0) tracking(insert=1 confirm=0 fail=0)
[2026-09-03 10:57:59][info][Blockchain] [32318999] Stopping blockchain
[2026-09-03 10:57:59][info][CRDTCallbackManager] Successfully unregistered new data callback for pattern: '/?gnus-genesis-block'
[2026-09-03 10:57:59][info][CRDTCallbackManager] Successfully unregistered new data callback for pattern: '/?gnus-account-creation-.*'
[2026-09-03 10:57:59][info][CRDTCallbackManager] Successfully unregistered new data callback for pattern: '/?gnus-validator-registry'
[2026-09-03 10:57:59][debug][GlobalDB] ~GlobalDB CALLED with count 6 on multi_node_finality_fault/restart-vote-validator-one/rocksdb 
[2026-09-03 10:57:59][info][GlobalDB] GlobalDB shutdown start
[2026-09-03 10:57:59][info][CrdtDatastore] CancelAndCloseNow: begin (pending_jobs=0, self_queue=0, root_queue=0, pending_roots=0, active_root=false)
[2026-09-03 10:57:59][debug][GraphsyncDAGSyncer] Stopping Dagsyncer
[2026-09-03 10:57:59][debug][GraphsyncDAGSyncer] Dagsyncer Stopped
[2026-09-03 10:58:00][info][CrdtDatastore] CancelAndCloseNow: CRDT workers stopped
[2026-09-03 10:58:00][warning][CrdtDatastore] CancelAndCloseNow called but shutdown has already started
[2026-09-03 10:58:00][debug][GraphsyncDAGSyncer] ~GraphsyncDAGSyncer CALLED
[2026-09-03 10:58:00][info][GlobalDB] GlobalDB shutdown finished
[2026-09-03 10:58:00.362528000][th:637724][error] GossipPubSub Address monitoring timer error: Operation canceled
[2026-09-03 10:58:01][info][KeyPairFileStorage] Path to keypairs multi_node_finality_fault/restart-vote-validator-one/keypair
[2026-09-03 10:58:01][info][KeyPairFileStorage] Peer ID from public key: 12D3KooWSJzCc7DfwqXgvRgqQuQ9JtNaUMmDt9V5a8pfd4zhS9Hc
Current limits: 16384 (soft), 9223372036854775807 (hard)
New limits set successfully: 16384 (soft), 9223372036854775807 (hard)
Initialized relay addresses
[2026-09-03 10:58:01.369973000][th:637526][info] GossipPubSub /ip4/0.0.0.0/tcp/54601/p2p/12D3KooWSJzCc7DfwqXgvRgqQuQ9JtNaUMmDt9V5a8pfd4zhS9Hc: Starting PubSub service
[2026-09-03 10:58:01.370037000][th:638193][info] GossipPubSub Starting address monitoring system for mobile network changes
[2026-09-03 10:58:01.370038000][th:638193][info] GossipPubSub === CURRENT NETWORK STATE ===
[2026-09-03 10:58:01.370044000][th:638193][info] GossipPubSub Primary listening address: /ip4/0.0.0.0/tcp/54601/p2p/12D3KooWSJzCc7DfwqXgvRgqQuQ9JtNaUMmDt9V5a8pfd4zhS9Hc
[2026-09-03 10:58:01.370045000][th:638193][info] GossipPubSub Host peer info addresses (0):
[2026-09-03 10:58:01.370046000][th:638193][info] GossipPubSub Additional addresses we track (0):
[2026-09-03 10:58:01.370047000][th:638193][info] GossipPubSub Listening addresses (1):
[2026-09-03 10:58:01.370047000][th:638193][info] GossipPubSub   -> /ip4/0.0.0.0/tcp/54601/p2p/12D3KooWSJzCc7DfwqXgvRgqQuQ9JtNaUMmDt9V5a8pfd4zhS9Hc
[2026-09-03 10:58:01.370048000][th:638193][info] GossipPubSub Interface addresses (0):
[2026-09-03 10:58:01.370049000][th:638193][info] GossipPubSub === RAW OBSERVED ADDRESS DEBUG ===
[2026-09-03 10:58:01.370050000][th:638193][info] GossipPubSub Local address: /ip4/0.0.0.0/tcp/54601/p2p/12D3KooWSJzCc7DfwqXgvRgqQuQ9JtNaUMmDt9V5a8pfd4zhS9Hc -> 0 raw observed, 0 activated+confirmed
[2026-09-03 10:58:01.370051000][th:638193][info] GossipPubSub TOTAL: 0 raw observed addresses, 0 activated+confirmed addresses
[2026-09-03 10:58:01.370052000][th:638193][info] GossipPubSub === END RAW OBSERVED ADDRESS DEBUG ===
[2026-09-03 10:58:01.370052000][th:638193][info] GossipPubSub Observed addresses - all (0):
[2026-09-03 10:58:01.370053000][th:638193][info] GossipPubSub Observed addresses - confirmed only (0):
[2026-09-03 10:58:01.370054000][th:638193][info] GossipPubSub Relay addresses (0):
[2026-09-03 10:58:01.370055000][th:638193][warning] GossipPubSub Failed to get addresses from peer repository: not found
[2026-09-03 10:58:01.370083000][th:638193][info] GossipPubSub Found 1 valid network interfaces
[2026-09-03 10:58:01.370084000][th:638193][info] GossipPubSub Current network interfaces (1):
[2026-09-03 10:58:01.370084000][th:638193][info] GossipPubSub   -> 192.168.1.6
[2026-09-03 10:58:01.370085000][th:638193][info] GossipPubSub Active connections: 0
[2026-09-03 10:58:01.370086000][th:638193][info] GossipPubSub === PEER CONNECTION DETAILS ===
[2026-09-03 10:58:01.370086000][th:638193][info] GossipPubSub NOTE: Observed addresses need to be seen by 4+ different peer groups to become 'activated'
[2026-09-03 10:58:01.370087000][th:638193][info] GossipPubSub NOTE: Current connections: 0, so max possible observers: 0
[2026-09-03 10:58:01.370087000][th:638193][info] GossipPubSub === END PEER CONNECTION DETAILS ===
[2026-09-03 10:58:01.370088000][th:638193][info] GossipPubSub Connection manager stats:
[2026-09-03 10:58:01.370088000][th:638193][info] GossipPubSub   -> Max connections: 1000
[2026-09-03 10:58:01.370089000][th:638193][info] GossipPubSub   -> Current connections: 0
[2026-09-03 10:58:01.370090000][th:638193][info] GossipPubSub === END NETWORK STATE ===
[2026-09-03 10:58:01.370197000][th:638193][info] GossipPubSub /ip4/0.0.0.0/tcp/54601/p2p/12D3KooWSJzCc7DfwqXgvRgqQuQ9JtNaUMmDt9V5a8pfd4zhS9Hc : PubSub service started
[2026-09-03 10:58:01][info][GlobalDB] Opening database /Users/henriqueklein/gnus/SuperGenius/multi_node_finality_fault/restart-vote-validator-one/rocksdb
[2026-09-03 10:58:01][debug][GraphsyncDAGSyncer] GraphSyncer created 5518682120 
[2026-09-03 10:58:01][info][CrdtDatastore] crdt Datastore created. Number of heads: 1 Current max-height: 1
[2026-09-03 10:58:01][info][GeniusAccount] Secure storage ID path: /Users/henriqueklein/gnus/SuperGenius/multi_node_finality_fault/restart-vote-validator-one/account/secure_storage_id
[2026-09-03 10:58:01][info][GeniusAccount] Loaded public key from file: 323189995e148305... (length: 128)
[2026-09-03 10:58:01][info][GeniusAccount] Successfully loaded key_seed from storage
[2026-09-03 10:58:01][info][GeniusAccount] Validation successful: key_seed matches stored public key
[2026-09-03 10:58:01][warning][UTXOManager] Found UTXOs in storage, but there were none
[2026-09-03 10:58:01][info][Blockchain] [32318999] Blockchain instance created with authorized full node: 8a33bdf1
[2026-09-03 10:58:01][info][ValidatorRegistry] InitializeCache: cache initialized with CID QmPZqQVd9PjZMxbxUb9bYCZERNWLyADiiNE74xwnrYygiF
[2026-09-03 10:58:01][info][CRDTCallbackManager] Successfully registered new data callback for pattern: '/?gnus-validator-registry'
[2026-09-03 10:58:01][info][ValidatorRegistry] RegisterFilter: result=true
[2026-09-03 10:58:01][info][ValidatorRegistry] New: instance ready
[2026-09-03 10:58:01.393051000][th:638193][info] GossipPubSub /ip4/0.0.0.0/tcp/54601/p2p/12D3KooWSJzCc7DfwqXgvRgqQuQ9JtNaUMmDt9V5a8pfd4zhS9Hc: PubSub subscribed to topic 'gnus-validator-registry.3.7.144'
[2026-09-03 10:58:01.393070000][th:638193][info] GossipPubSub /ip4/0.0.0.0/tcp/54601/p2p/12D3KooWSJzCc7DfwqXgvRgqQuQ9JtNaUMmDt9V5a8pfd4zhS9Hc: PubSub subscribed to topic 'consensus-channel-.3.7.144'
[2026-09-03 10:58:01][info][CRDTCallbackManager] Successfully registered new data callback for pattern: '^/?cert/[^/]+'
[2026-09-03 10:58:01.393775000][th:638193][info] GossipPubSub /ip4/0.0.0.0/tcp/54601/p2p/12D3KooWSJzCc7DfwqXgvRgqQuQ9JtNaUMmDt9V5a8pfd4zhS9Hc: PubSub subscribed to topic 'consensus-channel-.3.7.144#datastore.3.7.144'
[2026-09-03 10:58:01][info][CRDTCallbackManager] Successfully registered new data callback for pattern: '/?gnus-genesis-block'
[2026-09-03 10:58:01][info][CRDTCallbackManager] Successfully registered new data callback for pattern: '/?gnus-account-creation-.*'
[2026-09-03 10:58:01][info][CRDTCallbackManager] Successfully registered new data callback for pattern: '^/?/bc-144/tx/[^/]+'
[2026-09-03 10:58:01][info][CRDTCallbackManager] Successfully registered deleted data callback for pattern: '^/?/bc-144/tx/[^/]+'
[2026-09-03 10:58:01][info][CRDTCallbackManager] Successfully registered new data callback for pattern: '^/?/bc-963/tx/[^/]+'
[2026-09-03 10:58:01][info][CRDTCallbackManager] Successfully registered deleted data callback for pattern: '^/?/bc-963/tx/[^/]+'
[2026-09-03 10:58:01][info][CRDTCallbackManager] Successfully registered new data callback for pattern: '^/?/bc-369/tx/[^/]+'
[2026-09-03 10:58:01][info][CRDTCallbackManager] Successfully registered deleted data callback for pattern: '^/?/bc-369/tx/[^/]+'
[2026-09-03 10:58:01.394563000][th:638193][info] GossipPubSub Adding new peer: 12D3KooWFWhitdN6vJJepLt4Ns2wCtvQJBZDTdq7LzfAf4BkDdfZ
[2026-09-03 10:58:01.394629000][th:638193][info] GossipPubSub Adding new peer: 12D3KooWENizw3K84nf3ycyMWDdDrgTzBB9iW5DAV77JU7yGDwmM
[2026-09-03 10:58:01.394659000][th:637747][info] GossipPubSub Adding new peer: 12D3KooWSJzCc7DfwqXgvRgqQuQ9JtNaUMmDt9V5a8pfd4zhS9Hc
[2026-09-03 10:58:01.394672000][th:638193][info] GossipPubSub Adding new peer: 12D3KooWGBUPpdYhSptmhXAcSymPtfwijsf4UqNQrDU8deXKFUFS
[2026-09-03 10:58:01.394691000][th:637747][info] GossipPubSub Adding new peer: 12D3KooWENizw3K84nf3ycyMWDdDrgTzBB9iW5DAV77JU7yGDwmM
[2026-09-03 10:58:01.394721000][th:637747][info] GossipPubSub Adding new peer: 12D3KooWGBUPpdYhSptmhXAcSymPtfwijsf4UqNQrDU8deXKFUFS
[2026-09-03 10:58:01.394755000][th:637769][info] GossipPubSub Adding new peer: 12D3KooWSJzCc7DfwqXgvRgqQuQ9JtNaUMmDt9V5a8pfd4zhS9Hc
[2026-09-03 10:58:01.394789000][th:637769][info] GossipPubSub Adding new peer: 12D3KooWFWhitdN6vJJepLt4Ns2wCtvQJBZDTdq7LzfAf4BkDdfZ
[2026-09-03 10:58:01.394844000][th:637769][info] GossipPubSub Adding new peer: 12D3KooWGBUPpdYhSptmhXAcSymPtfwijsf4UqNQrDU8deXKFUFS
[2026-09-03 10:58:01.394867000][th:637790][info] GossipPubSub Adding new peer: 12D3KooWSJzCc7DfwqXgvRgqQuQ9JtNaUMmDt9V5a8pfd4zhS9Hc
[2026-09-03 10:58:01.394906000][th:637790][info] GossipPubSub Adding new peer: 12D3KooWFWhitdN6vJJepLt4Ns2wCtvQJBZDTdq7LzfAf4BkDdfZ
[2026-09-03 10:58:01.394943000][th:637790][info] GossipPubSub Adding new peer: 12D3KooWENizw3K84nf3ycyMWDdDrgTzBB9iW5DAV77JU7yGDwmM
[2026-09-03 10:58:01][info][TransactionManager] [32318999 - full: false] ChangeTransactionState: Temp tracking entry created tx=33df821602e31f49a94b27df2ef44ebe0208a104c061f9ca88c5ccc1d5084051
[2026-09-03 10:58:01][info][TransactionManager] [adba6704 - full: false] ChangeTransactionState: Temp tracking entry created tx=33df821602e31f49a94b27df2ef44ebe0208a104c061f9ca88c5ccc1d5084051
[2026-09-03 10:58:01][info][TransactionManager] [b212102c - full: false] ChangeTransactionState: Temp tracking entry created tx=33df821602e31f49a94b27df2ef44ebe0208a104c061f9ca88c5ccc1d5084051
[2026-09-03 10:58:01][info][TransactionManager] [1f61ed40 - full: false] ChangeTransactionState: Temp tracking entry created tx=33df821602e31f49a94b27df2ef44ebe0208a104c061f9ca88c5ccc1d5084051
[2026-09-03 10:58:06][info][CrdtDatastore] Topics { name="consensus-channel-.3.7.144#datastore" }
[2026-09-03 10:58:06][info][CRDTCallbackManager] Executing callback for key '/cert/mint-v2:test:0000000000000000000000000000000000000000000000000000000000000000:42:323189995e14830520ad5820276a4f87694a129bccf96951abe42d622f284b0ac0ac5dab97539c4ad38328dfbaf84a24f2b9b6cdc64a350244bd296e210c2917:cccccccccccccccccccccccccccccccccccccccccccccccccccccccccccccccc' matching pattern '^/?cert/[^/]+'
[2026-09-03 10:58:06][debug][GraphsyncDAGSyncer] addNode: Added node QmTNm5gNw5pvw4UDSt5F6tvka2cxV6Lrf7NRDgtGU5rg3d on dagService 
[2026-09-03 10:58:06][info][UTXOManager] Stored 1 UTXOs for address 323189995e14830520ad5820276a4f87694a129bccf96951abe42d622f284b0ac0ac5dab97539c4ad38328dfbaf84a24f2b9b6cdc64a350244bd296e210c2917
[2026-09-03 10:58:06][info][UTXOManager] Stored 2 UTXOs for address 323189995e14830520ad5820276a4f87694a129bccf96951abe42d622f284b0ac0ac5dab97539c4ad38328dfbaf84a24f2b9b6cdc64a350244bd296e210c2917
[2026-09-03 10:58:06][warning][TransactionManager] [32318999 - full: false] Mint-v2 33df821602e31f49a94b27df2ef44ebe0208a104c061f9ca88c5ccc1d5084051 did not consume every burn input (already consumed or missing); burn outpoint metadata may have been rebuilt with zero amount
[2026-09-03 10:58:06][info][TransactionManager] [32318999 - full: false] Created tokens (mint-v2), amount 42 balance 42
[2026-09-03 10:58:06][info][TransactionManager] [32318999 - full: false] ChangeTransactionState: Tracking entry confirmed tx=33df821602e31f49a94b27df2ef44ebe0208a104c061f9ca88c5ccc1d5084051
[2026-09-03 10:58:06][info][UTXOManager] Created checkpoint owner=323189995e14830520ad5820276a4f87694a129bccf96951abe42d622f284b0ac0ac5dab97539c4ad38328dfbaf84a24f2b9b6cdc64a350244bd296e210c2917 epoch=1 utxo_count=1
[2026-09-03 10:58:06][debug][GraphsyncDAGSyncer] Registered new peer 12D3KooWSJzCc7DfwqXgvRgqQuQ9JtNaUMmDt9V5a8pfd4zhS9Hc with key 0
[2026-09-03 10:58:06][debug][GraphsyncDAGSyncer] Added route for CID QmTNm5gNw5pvw4UDSt5F6tvka2cxV6Lrf7NRDgtGU5rg3d to peer 12D3KooWSJzCc7DfwqXgvRgqQuQ9JtNaUMmDt9V5a8pfd4zhS9Hc (key 0, route_count=1)
[2026-09-03 10:58:06][debug][GraphsyncDAGSyncer] Registered new peer 12D3KooWSJzCc7DfwqXgvRgqQuQ9JtNaUMmDt9V5a8pfd4zhS9Hc with key 0
[2026-09-03 10:58:06][debug][GraphsyncDAGSyncer] Added route for CID QmTNm5gNw5pvw4UDSt5F6tvka2cxV6Lrf7NRDgtGU5rg3d to peer 12D3KooWSJzCc7DfwqXgvRgqQuQ9JtNaUMmDt9V5a8pfd4zhS9Hc (key 0, route_count=1)
[2026-09-03 10:58:06][debug][GraphsyncDAGSyncer] Registered new peer 12D3KooWSJzCc7DfwqXgvRgqQuQ9JtNaUMmDt9V5a8pfd4zhS9Hc with key 0
[2026-09-03 10:58:06][debug][GraphsyncDAGSyncer] Added route for CID QmTNm5gNw5pvw4UDSt5F6tvka2cxV6Lrf7NRDgtGU5rg3d to peer 12D3KooWSJzCc7DfwqXgvRgqQuQ9JtNaUMmDt9V5a8pfd4zhS9Hc (key 0, route_count=1)
[2026-09-03 10:58:06][debug][GraphsyncDAGSyncer] Block initialized without content to LRU cache: CID QmTNm5gNw5pvw4UDSt5F6tvka2cxV6Lrf7NRDgtGU5rg3d, cache size: 1
[2026-09-03 10:58:06][debug][GraphsyncDAGSyncer] Requesting Node QmTNm5gNw5pvw4UDSt5F6tvka2cxV6Lrf7NRDgtGU5rg3d on this 5249200536
[2026-09-03 10:58:06][debug][GraphsyncDAGSyncer] Return node for CID QmTNm5gNw5pvw4UDSt5F6tvka2cxV6Lrf7NRDgtGU5rg3d instance=5518682120
[2026-09-03 10:58:06.481405000][th:637747][warning] graphsync Request 1 for CID QmTNm5gNw5pvw4UDSt5F6tvka2cxV6Lrf7NRDgtGU5rg3d got RS_FULL_CONTENT but no blocks received yet
[2026-09-03 10:58:06][debug][GraphsyncDAGSyncer] request progress: code=FULL_CONTENT, extensions=(graphsync/response-metadata: 0x80) (graphsync/do-not-send-cids: 0x80) 
[2026-09-03 10:58:06][debug][GraphsyncDAGSyncer] HasBlock: false, cid: QmTNm5gNw5pvw4UDSt5F6tvka2cxV6Lrf7NRDgtGU5rg3d
[2026-09-03 10:58:06][debug][GraphsyncDAGSyncer] Existing block updated in LRU cache: CID QmTNm5gNw5pvw4UDSt5F6tvka2cxV6Lrf7NRDgtGU5rg3d
[2026-09-03 10:58:06][debug][GraphsyncDAGSyncer] Node added to dagService. CID: QmTNm5gNw5pvw4UDSt5F6tvka2cxV6Lrf7NRDgtGU5rg3d, links: []
[2026-09-03 10:58:06][debug][GraphsyncDAGSyncer] Seeing if peer 12D3KooWSJzCc7DfwqXgvRgqQuQ9JtNaUMmDt9V5a8pfd4zhS9Hc has links to AddRoute
[2026-09-03 10:58:06][info][GraphsyncDAGSyncer] TraverseCIDsLinks: Checking links on { cid="QmTNm5gNw5pvw4UDSt5F6tvka2cxV6Lrf7NRDgtGU5rg3d", name="" }
[2026-09-03 10:58:06][info][GraphsyncDAGSyncer] TraverseCIDsLinks: Completed traversal. Links to fetch: 0, Visited: 0
[2026-09-03 10:58:06][debug][GraphsyncDAGSyncer] Block initialized without content to LRU cache: CID QmTNm5gNw5pvw4UDSt5F6tvka2cxV6Lrf7NRDgtGU5rg3d, cache size: 1
[2026-09-03 10:58:06][debug][GraphsyncDAGSyncer] Requesting Node QmTNm5gNw5pvw4UDSt5F6tvka2cxV6Lrf7NRDgtGU5rg3d on this 5249248904
[2026-09-03 10:58:06][debug][GraphsyncDAGSyncer] Return node for CID QmTNm5gNw5pvw4UDSt5F6tvka2cxV6Lrf7NRDgtGU5rg3d instance=5518682120
[2026-09-03 10:58:06.528380000][th:637769][warning] graphsync Request 1 for CID QmTNm5gNw5pvw4UDSt5F6tvka2cxV6Lrf7NRDgtGU5rg3d got RS_FULL_CONTENT but no blocks received yet
[2026-09-03 10:58:06][debug][GraphsyncDAGSyncer] request progress: code=FULL_CONTENT, extensions=(graphsync/response-metadata: 0x80) (graphsync/do-not-send-cids: 0x80) 
[2026-09-03 10:58:06][debug][GraphsyncDAGSyncer] HasBlock: false, cid: QmTNm5gNw5pvw4UDSt5F6tvka2cxV6Lrf7NRDgtGU5rg3d
[2026-09-03 10:58:06][debug][GraphsyncDAGSyncer] Existing block updated in LRU cache: CID QmTNm5gNw5pvw4UDSt5F6tvka2cxV6Lrf7NRDgtGU5rg3d
[2026-09-03 10:58:06][debug][GraphsyncDAGSyncer] Node added to dagService. CID: QmTNm5gNw5pvw4UDSt5F6tvka2cxV6Lrf7NRDgtGU5rg3d, links: []
[2026-09-03 10:58:06][debug][GraphsyncDAGSyncer] Seeing if peer 12D3KooWSJzCc7DfwqXgvRgqQuQ9JtNaUMmDt9V5a8pfd4zhS9Hc has links to AddRoute
[2026-09-03 10:58:06][info][GraphsyncDAGSyncer] TraverseCIDsLinks: Checking links on { cid="QmTNm5gNw5pvw4UDSt5F6tvka2cxV6Lrf7NRDgtGU5rg3d", name="" }
[2026-09-03 10:58:06][info][GraphsyncDAGSyncer] TraverseCIDsLinks: Completed traversal. Links to fetch: 0, Visited: 0
[2026-09-03 10:58:06][debug][GraphsyncDAGSyncer] Block initialized without content to LRU cache: CID QmTNm5gNw5pvw4UDSt5F6tvka2cxV6Lrf7NRDgtGU5rg3d, cache size: 1
[2026-09-03 10:58:06][debug][GraphsyncDAGSyncer] Requesting Node QmTNm5gNw5pvw4UDSt5F6tvka2cxV6Lrf7NRDgtGU5rg3d on this 5518784856
[2026-09-03 10:58:06][debug][GraphsyncDAGSyncer] Return node for CID QmTNm5gNw5pvw4UDSt5F6tvka2cxV6Lrf7NRDgtGU5rg3d instance=5518682120
[2026-09-03 10:58:06.561001000][th:637790][warning] graphsync Request 1 for CID QmTNm5gNw5pvw4UDSt5F6tvka2cxV6Lrf7NRDgtGU5rg3d got RS_FULL_CONTENT but no blocks received yet
[2026-09-03 10:58:06][debug][GraphsyncDAGSyncer] request progress: code=FULL_CONTENT, extensions=(graphsync/response-metadata: 0x80) (graphsync/do-not-send-cids: 0x80) 
[2026-09-03 10:58:06][debug][GraphsyncDAGSyncer] HasBlock: false, cid: QmTNm5gNw5pvw4UDSt5F6tvka2cxV6Lrf7NRDgtGU5rg3d
[2026-09-03 10:58:06][debug][GraphsyncDAGSyncer] Existing block updated in LRU cache: CID QmTNm5gNw5pvw4UDSt5F6tvka2cxV6Lrf7NRDgtGU5rg3d
[2026-09-03 10:58:06][debug][GraphsyncDAGSyncer] Node added to dagService. CID: QmTNm5gNw5pvw4UDSt5F6tvka2cxV6Lrf7NRDgtGU5rg3d, links: []
[2026-09-03 10:58:06][debug][GraphsyncDAGSyncer] Seeing if peer 12D3KooWSJzCc7DfwqXgvRgqQuQ9JtNaUMmDt9V5a8pfd4zhS9Hc has links to AddRoute
[2026-09-03 10:58:06][info][GraphsyncDAGSyncer] TraverseCIDsLinks: Checking links on { cid="QmTNm5gNw5pvw4UDSt5F6tvka2cxV6Lrf7NRDgtGU5rg3d", name="" }
[2026-09-03 10:58:06][info][GraphsyncDAGSyncer] TraverseCIDsLinks: Completed traversal. Links to fetch: 0, Visited: 0
[2026-09-03 10:58:06][debug][GraphsyncDAGSyncer] Return node for CID QmTNm5gNw5pvw4UDSt5F6tvka2cxV6Lrf7NRDgtGU5rg3d instance=5249200536
[2026-09-03 10:58:06][info][CRDTCallbackManager] Executing callback for key '/cert/mint-v2:test:0000000000000000000000000000000000000000000000000000000000000000:42:323189995e14830520ad5820276a4f87694a129bccf96951abe42d622f284b0ac0ac5dab97539c4ad38328dfbaf84a24f2b9b6cdc64a350244bd296e210c2917:cccccccccccccccccccccccccccccccccccccccccccccccccccccccccccccccc' matching pattern '^/?cert/[^/]+'
[2026-09-03 10:58:06][debug][GraphsyncDAGSyncer] addNode: Added node QmTNm5gNw5pvw4UDSt5F6tvka2cxV6Lrf7NRDgtGU5rg3d on dagService 
[2026-09-03 10:58:06][debug][GraphsyncDAGSyncer] Block removed from LRU cache: CID QmTNm5gNw5pvw4UDSt5F6tvka2cxV6Lrf7NRDgtGU5rg3d
[2026-09-03 10:58:06][debug][GraphsyncDAGSyncer] Return node for CID QmTNm5gNw5pvw4UDSt5F6tvka2cxV6Lrf7NRDgtGU5rg3d instance=5249248904
[2026-09-03 10:58:06][info][CRDTCallbackManager] Executing callback for key '/cert/mint-v2:test:0000000000000000000000000000000000000000000000000000000000000000:42:323189995e14830520ad5820276a4f87694a129bccf96951abe42d622f284b0ac0ac5dab97539c4ad38328dfbaf84a24f2b9b6cdc64a350244bd296e210c2917:cccccccccccccccccccccccccccccccccccccccccccccccccccccccccccccccc' matching pattern '^/?cert/[^/]+'
[2026-09-03 10:58:06][debug][GraphsyncDAGSyncer] addNode: Added node QmTNm5gNw5pvw4UDSt5F6tvka2cxV6Lrf7NRDgtGU5rg3d on dagService 
[2026-09-03 10:58:06][debug][GraphsyncDAGSyncer] Block removed from LRU cache: CID QmTNm5gNw5pvw4UDSt5F6tvka2cxV6Lrf7NRDgtGU5rg3d
[2026-09-03 10:58:06][debug][GraphsyncDAGSyncer] Return node for CID QmTNm5gNw5pvw4UDSt5F6tvka2cxV6Lrf7NRDgtGU5rg3d instance=5518784856
[2026-09-03 10:58:06][info][CRDTCallbackManager] Executing callback for key '/cert/mint-v2:test:0000000000000000000000000000000000000000000000000000000000000000:42:323189995e14830520ad5820276a4f87694a129bccf96951abe42d622f284b0ac0ac5dab97539c4ad38328dfbaf84a24f2b9b6cdc64a350244bd296e210c2917:cccccccccccccccccccccccccccccccccccccccccccccccccccccccccccccccc' matching pattern '^/?cert/[^/]+'
[2026-09-03 10:58:06][debug][GraphsyncDAGSyncer] addNode: Added node QmTNm5gNw5pvw4UDSt5F6tvka2cxV6Lrf7NRDgtGU5rg3d on dagService 
[2026-09-03 10:58:06][debug][GraphsyncDAGSyncer] Block removed from LRU cache: CID QmTNm5gNw5pvw4UDSt5F6tvka2cxV6Lrf7NRDgtGU5rg3d
[2026-09-03 10:58:07][info][UTXOManager] Stored 1 UTXOs for address 323189995e14830520ad5820276a4f87694a129bccf96951abe42d622f284b0ac0ac5dab97539c4ad38328dfbaf84a24f2b9b6cdc64a350244bd296e210c2917
[2026-09-03 10:58:07][info][UTXOManager] Stored 2 UTXOs for address 323189995e14830520ad5820276a4f87694a129bccf96951abe42d622f284b0ac0ac5dab97539c4ad38328dfbaf84a24f2b9b6cdc64a350244bd296e210c2917
[2026-09-03 10:58:07][warning][TransactionManager] [adba6704 - full: false] Mint-v2 33df821602e31f49a94b27df2ef44ebe0208a104c061f9ca88c5ccc1d5084051 did not consume every burn input (already consumed or missing); burn outpoint metadata may have been rebuilt with zero amount
[2026-09-03 10:58:07][info][TransactionManager] [adba6704 - full: false] Created tokens (mint-v2), amount 42 balance 0
[2026-09-03 10:58:07][info][TransactionManager] [adba6704 - full: false] ChangeTransactionState: Tracking entry confirmed tx=33df821602e31f49a94b27df2ef44ebe0208a104c061f9ca88c5ccc1d5084051
[2026-09-03 10:58:07][info][UTXOManager] Stored 1 UTXOs for address 323189995e14830520ad5820276a4f87694a129bccf96951abe42d622f284b0ac0ac5dab97539c4ad38328dfbaf84a24f2b9b6cdc64a350244bd296e210c2917
[2026-09-03 10:58:07][info][UTXOManager] Created checkpoint owner=adba670466e93589bd08b5d460d7e09d8be60f00590c830558040f7df142556fb8b5e3c758389960eead7ffd047494e54c8a7a3567e16437392ce101861a2f41 epoch=1 utxo_count=0
[2026-09-03 10:58:07][info][UTXOManager] Stored 2 UTXOs for address 323189995e14830520ad5820276a4f87694a129bccf96951abe42d622f284b0ac0ac5dab97539c4ad38328dfbaf84a24f2b9b6cdc64a350244bd296e210c2917
[2026-09-03 10:58:07][warning][TransactionManager] [b212102c - full: false] Mint-v2 33df821602e31f49a94b27df2ef44ebe0208a104c061f9ca88c5ccc1d5084051 did not consume every burn input (already consumed or missing); burn outpoint metadata may have been rebuilt with zero amount
[2026-09-03 10:58:07][info][TransactionManager] [b212102c - full: false] Created tokens (mint-v2), amount 42 balance 0
[2026-09-03 10:58:07][info][TransactionManager] [b212102c - full: false] ChangeTransactionState: Tracking entry confirmed tx=33df821602e31f49a94b27df2ef44ebe0208a104c061f9ca88c5ccc1d5084051
[2026-09-03 10:58:07][info][UTXOManager] Stored 1 UTXOs for address 323189995e14830520ad5820276a4f87694a129bccf96951abe42d622f284b0ac0ac5dab97539c4ad38328dfbaf84a24f2b9b6cdc64a350244bd296e210c2917
[2026-09-03 10:58:07][info][UTXOManager] Stored 2 UTXOs for address 323189995e14830520ad5820276a4f87694a129bccf96951abe42d622f284b0ac0ac5dab97539c4ad38328dfbaf84a24f2b9b6cdc64a350244bd296e210c2917
[2026-09-03 10:58:07][warning][TransactionManager] [1f61ed40 - full: false] Mint-v2 33df821602e31f49a94b27df2ef44ebe0208a104c061f9ca88c5ccc1d5084051 did not consume every burn input (already consumed or missing); burn outpoint metadata may have been rebuilt with zero amount
[2026-09-03 10:58:07][info][TransactionManager] [1f61ed40 - full: false] Created tokens (mint-v2), amount 42 balance 0
[2026-09-03 10:58:07][info][UTXOManager] Created checkpoint owner=b212102c3c13e8f18d04a11470e49175fa4020ca403b2ee65c4168221cb674ee4749f1964a6c7407e1af867bb05b6be63f665f4e1dcdd3e994a630ddbf4211b7 epoch=1 utxo_count=0
[2026-09-03 10:58:07][info][TransactionManager] [1f61ed40 - full: false] ChangeTransactionState: Tracking entry confirmed tx=33df821602e31f49a94b27df2ef44ebe0208a104c061f9ca88c5ccc1d5084051
[2026-09-03 10:58:07][info][UTXOManager] Created checkpoint owner=1f61ed40fc3f18e151661af51c3b222ea2fdbe5cded68d5ace248945228425d7d0567305d65225959966887d52d7ce5c230645c282878317a5bf88d9e2d0eeeb epoch=1 utxo_count=0
[2026-09-03 10:58:07][info][CRDTCallbackManager] Successfully unregistered new data callback for pattern: '^/?/bc-144/tx/[^/]+'
[2026-09-03 10:58:07][info][CRDTCallbackManager] Successfully unregistered deleted data callback for pattern: '^/?/bc-144/tx/[^/]+'
[2026-09-03 10:58:07][info][CRDTCallbackManager] Successfully unregistered new data callback for pattern: '^/?/bc-963/tx/[^/]+'
[2026-09-03 10:58:07][info][CRDTCallbackManager] Successfully unregistered deleted data callback for pattern: '^/?/bc-963/tx/[^/]+'
[2026-09-03 10:58:07][info][CRDTCallbackManager] Successfully unregistered new data callback for pattern: '^/?/bc-369/tx/[^/]+'
[2026-09-03 10:58:07][info][CRDTCallbackManager] Successfully unregistered deleted data callback for pattern: '^/?/bc-369/tx/[^/]+'
[2026-09-03 10:58:07][info][TransactionManager] [32318999 - full: false] ~TransactionManager: Metrics — cert_fallback(success=0 failure=0) validation(approve=1 reject=0) tracking(insert=1 confirm=1 fail=0)
[2026-09-03 10:58:07][info][Blockchain] [32318999] Stopping blockchain
[2026-09-03 10:58:07][info][CRDTCallbackManager] Successfully unregistered new data callback for pattern: '/?gnus-genesis-block'
[2026-09-03 10:58:07][info][CRDTCallbackManager] Successfully unregistered new data callback for pattern: '/?gnus-account-creation-.*'
[2026-09-03 10:58:07][info][CRDTCallbackManager] Successfully unregistered new data callback for pattern: '/?gnus-validator-registry'
[2026-09-03 10:58:07][debug][GlobalDB] ~GlobalDB CALLED with count 6 on multi_node_finality_fault/restart-vote-validator-one/rocksdb 
[2026-09-03 10:58:07][info][GlobalDB] GlobalDB shutdown start
[2026-09-03 10:58:07][info][CrdtDatastore] CancelAndCloseNow: begin (pending_jobs=0, self_queue=0, root_queue=0, pending_roots=0, active_root=false)
[2026-09-03 10:58:07][debug][GraphsyncDAGSyncer] Stopping Dagsyncer
[2026-09-03 10:58:07][debug][GraphsyncDAGSyncer] Dagsyncer Stopped
[2026-09-03 10:58:07.153045000][th:637769][error] graphsync Varint Error msg=Stream: closed by remote peer
[2026-09-03 10:58:07.153049000][th:637769][info] graphsync stream read error, peer=zhS9Hc, msg=stream is not readable
[2026-09-03 10:58:07.153052000][th:637790][error] graphsync Varint Error msg=Stream: closed by remote peer
[2026-09-03 10:58:07.153054000][th:637790][info] graphsync stream read error, peer=zhS9Hc, msg=stream is not readable
[2026-09-03 10:58:07.153062000][th:637747][error] graphsync Varint Error msg=Stream: closed by remote peer
[2026-09-03 10:58:07.153065000][th:637747][info] graphsync stream read error, peer=zhS9Hc, msg=stream is not readable
[2026-09-03 10:58:07.153114000][th:638193][error] graphsync Varint Error msg=Stream: closed by this host
[2026-09-03 10:58:07.153121000][th:638193][error] graphsync Varint Error msg=Stream: closed by this host
[2026-09-03 10:58:07.153140000][th:638193][error] graphsync Varint Error msg=Stream: closed by this host
[2026-09-03 10:58:07][info][CrdtDatastore] CancelAndCloseNow: CRDT workers stopped
[2026-09-03 10:58:07][warning][CrdtDatastore] CancelAndCloseNow called but shutdown has already started
[2026-09-03 10:58:07][debug][GraphsyncDAGSyncer] ~GraphsyncDAGSyncer CALLED
[2026-09-03 10:58:07][info][GlobalDB] GlobalDB shutdown finished
[2026-09-03 10:58:07.471902000][th:638193][error] GossipPubSub Address monitoring timer error: Operation canceled
[2026-09-03 10:58:08][info][KeyPairFileStorage] Path to keypairs multi_node_finality_fault/restart-vote-validator-one/keypair
[2026-09-03 10:58:08][info][KeyPairFileStorage] Peer ID from public key: 12D3KooWSJzCc7DfwqXgvRgqQuQ9JtNaUMmDt9V5a8pfd4zhS9Hc
Current limits: 16384 (soft), 9223372036854775807 (hard)
New limits set successfully: 16384 (soft), 9223372036854775807 (hard)
Initialized relay addresses
[2026-09-03 10:58:08.483913000][th:637526][info] GossipPubSub /ip4/0.0.0.0/tcp/54601/p2p/12D3KooWSJzCc7DfwqXgvRgqQuQ9JtNaUMmDt9V5a8pfd4zhS9Hc: Starting PubSub service
[2026-09-03 10:58:08.484092000][th:638819][info] GossipPubSub Starting address monitoring system for mobile network changes
[2026-09-03 10:58:08.484096000][th:638819][info] GossipPubSub === CURRENT NETWORK STATE ===
[2026-09-03 10:58:08.484111000][th:638819][info] GossipPubSub Primary listening address: /ip4/0.0.0.0/tcp/54601/p2p/12D3KooWSJzCc7DfwqXgvRgqQuQ9JtNaUMmDt9V5a8pfd4zhS9Hc
[2026-09-03 10:58:08.484114000][th:638819][info] GossipPubSub Host peer info addresses (0):
[2026-09-03 10:58:08.484115000][th:638819][info] GossipPubSub Additional addresses we track (0):
[2026-09-03 10:58:08.484116000][th:638819][info] GossipPubSub Listening addresses (1):
[2026-09-03 10:58:08.484117000][th:638819][info] GossipPubSub   -> /ip4/0.0.0.0/tcp/54601/p2p/12D3KooWSJzCc7DfwqXgvRgqQuQ9JtNaUMmDt9V5a8pfd4zhS9Hc
[2026-09-03 10:58:08.484119000][th:638819][info] GossipPubSub Interface addresses (0):
[2026-09-03 10:58:08.484124000][th:638819][info] GossipPubSub === RAW OBSERVED ADDRESS DEBUG ===
[2026-09-03 10:58:08.484127000][th:638819][info] GossipPubSub Local address: /ip4/0.0.0.0/tcp/54601/p2p/12D3KooWSJzCc7DfwqXgvRgqQuQ9JtNaUMmDt9V5a8pfd4zhS9Hc -> 0 raw observed, 0 activated+confirmed
[2026-09-03 10:58:08.484129000][th:638819][info] GossipPubSub TOTAL: 0 raw observed addresses, 0 activated+confirmed addresses
[2026-09-03 10:58:08.484129000][th:638819][info] GossipPubSub === END RAW OBSERVED ADDRESS DEBUG ===
[2026-09-03 10:58:08.484130000][th:638819][info] GossipPubSub Observed addresses - all (0):
[2026-09-03 10:58:08.484131000][th:638819][info] GossipPubSub Observed addresses - confirmed only (0):
[2026-09-03 10:58:08.484132000][th:638819][info] GossipPubSub Relay addresses (0):
[2026-09-03 10:58:08.484136000][th:638819][warning] GossipPubSub Failed to get addresses from peer repository: not found
[2026-09-03 10:58:08.484230000][th:638819][info] GossipPubSub Found 1 valid network interfaces
[2026-09-03 10:58:08.484232000][th:638819][info] GossipPubSub Current network interfaces (1):
[2026-09-03 10:58:08.484233000][th:638819][info] GossipPubSub   -> 192.168.1.6
[2026-09-03 10:58:08.484235000][th:638819][info] GossipPubSub Active connections: 0
[2026-09-03 10:58:08.484236000][th:638819][info] GossipPubSub === PEER CONNECTION DETAILS ===
[2026-09-03 10:58:08.484238000][th:638819][info] GossipPubSub NOTE: Observed addresses need to be seen by 4+ different peer groups to become 'activated'
[2026-09-03 10:58:08.484239000][th:638819][info] GossipPubSub NOTE: Current connections: 0, so max possible observers: 0
[2026-09-03 10:58:08.484240000][th:638819][info] GossipPubSub === END PEER CONNECTION DETAILS ===
[2026-09-03 10:58:08.484241000][th:638819][info] GossipPubSub Connection manager stats:
[2026-09-03 10:58:08.484242000][th:638819][info] GossipPubSub   -> Max connections: 1000
[2026-09-03 10:58:08.484243000][th:638819][info] GossipPubSub   -> Current connections: 0
[2026-09-03 10:58:08.484249000][th:638819][info] GossipPubSub === END NETWORK STATE ===
[2026-09-03 10:58:08.484581000][th:638819][info] GossipPubSub /ip4/0.0.0.0/tcp/54601/p2p/12D3KooWSJzCc7DfwqXgvRgqQuQ9JtNaUMmDt9V5a8pfd4zhS9Hc : PubSub service started
[2026-09-03 10:58:08][info][GlobalDB] Opening database /Users/henriqueklein/gnus/SuperGenius/multi_node_finality_fault/restart-vote-validator-one/rocksdb
[2026-09-03 10:58:08][debug][GraphsyncDAGSyncer] GraphSyncer created 4980781928 
[2026-09-03 10:58:08][info][CrdtDatastore] crdt Datastore created. Number of heads: 2 Current max-height: 18446744073709551615
[2026-09-03 10:58:08][info][GeniusAccount] Secure storage ID path: /Users/henriqueklein/gnus/SuperGenius/multi_node_finality_fault/restart-vote-validator-one/account/secure_storage_id
[2026-09-03 10:58:08][info][GeniusAccount] Loaded public key from file: 323189995e148305... (length: 128)
[2026-09-03 10:58:08][info][GeniusAccount] Successfully loaded key_seed from storage
[2026-09-03 10:58:08][info][GeniusAccount] Validation successful: key_seed matches stored public key
[2026-09-03 10:58:08][warning][UTXOManager] Skipping malformed UTXO key /utxo-checkpoint/323189995e14830520ad5820276a4f87694a129bccf96951abe42d622f284b0ac0ac5dab97539c4ad38328dfbaf84a24f2b9b6cdc64a350244bd296e210c2917/1
[2026-09-03 10:58:08][warning][UTXOManager] Skipping malformed UTXO key /utxo-checkpoint/323189995e14830520ad5820276a4f87694a129bccf96951abe42d622f284b0ac0ac5dab97539c4ad38328dfbaf84a24f2b9b6cdc64a350244bd296e210c2917/latest
[2026-09-03 10:58:08][info][Blockchain] [32318999] Blockchain instance created with authorized full node: 8a33bdf1
[2026-09-03 10:58:08][info][ValidatorRegistry] InitializeCache: cache initialized with CID QmPZqQVd9PjZMxbxUb9bYCZERNWLyADiiNE74xwnrYygiF
[2026-09-03 10:58:08][info][CRDTCallbackManager] Successfully registered new data callback for pattern: '/?gnus-validator-registry'
[2026-09-03 10:58:08][info][ValidatorRegistry] RegisterFilter: result=true
[2026-09-03 10:58:08][info][ValidatorRegistry] New: instance ready
[2026-09-03 10:58:08.508887000][th:638819][info] GossipPubSub /ip4/0.0.0.0/tcp/54601/p2p/12D3KooWSJzCc7DfwqXgvRgqQuQ9JtNaUMmDt9V5a8pfd4zhS9Hc: PubSub subscribed to topic 'gnus-validator-registry.3.7.144'
[2026-09-03 10:58:08.508923000][th:638819][info] GossipPubSub /ip4/0.0.0.0/tcp/54601/p2p/12D3KooWSJzCc7DfwqXgvRgqQuQ9JtNaUMmDt9V5a8pfd4zhS9Hc: PubSub subscribed to topic 'consensus-channel-.3.7.144'
[2026-09-03 10:58:08][info][CRDTCallbackManager] Successfully registered new data callback for pattern: '^/?cert/[^/]+'
[2026-09-03 10:58:08.508982000][th:638819][info] GossipPubSub /ip4/0.0.0.0/tcp/54601/p2p/12D3KooWSJzCc7DfwqXgvRgqQuQ9JtNaUMmDt9V5a8pfd4zhS9Hc: PubSub subscribed to topic 'consensus-channel-.3.7.144#datastore.3.7.144'
[2026-09-03 10:58:08][info][CRDTCallbackManager] Successfully registered new data callback for pattern: '/?gnus-genesis-block'
[2026-09-03 10:58:08][info][CRDTCallbackManager] Successfully registered new data callback for pattern: '/?gnus-account-creation-.*'
[2026-09-03 10:58:08][info][CRDTCallbackManager] Successfully registered new data callback for pattern: '^/?/bc-144/tx/[^/]+'
[2026-09-03 10:58:08][info][CRDTCallbackManager] Successfully registered deleted data callback for pattern: '^/?/bc-144/tx/[^/]+'
[2026-09-03 10:58:08][info][CRDTCallbackManager] Successfully registered new data callback for pattern: '^/?/bc-963/tx/[^/]+'
[2026-09-03 10:58:08][info][CRDTCallbackManager] Successfully registered deleted data callback for pattern: '^/?/bc-963/tx/[^/]+'
[2026-09-03 10:58:08][info][CRDTCallbackManager] Successfully registered new data callback for pattern: '^/?/bc-369/tx/[^/]+'
[2026-09-03 10:58:08][info][CRDTCallbackManager] Successfully registered deleted data callback for pattern: '^/?/bc-369/tx/[^/]+'
[2026-09-03 10:58:08][info][CRDTCallbackManager] Successfully unregistered new data callback for pattern: '^/?/bc-144/tx/[^/]+'
[2026-09-03 10:58:08][info][CRDTCallbackManager] Successfully unregistered deleted data callback for pattern: '^/?/bc-144/tx/[^/]+'
[2026-09-03 10:58:08][info][CRDTCallbackManager] Successfully unregistered new data callback for pattern: '^/?/bc-963/tx/[^/]+'
[2026-09-03 10:58:08][info][CRDTCallbackManager] Successfully unregistered deleted data callback for pattern: '^/?/bc-963/tx/[^/]+'
[2026-09-03 10:58:08][info][CRDTCallbackManager] Successfully unregistered new data callback for pattern: '^/?/bc-369/tx/[^/]+'
[2026-09-03 10:58:08][info][CRDTCallbackManager] Successfully unregistered deleted data callback for pattern: '^/?/bc-369/tx/[^/]+'
[2026-09-03 10:58:08][info][TransactionManager] [adba6704 - full: false] ~TransactionManager: Metrics — cert_fallback(success=0 failure=0) validation(approve=1 reject=0) tracking(insert=1 confirm=1 fail=0)
[2026-09-03 10:58:08][info][Blockchain] [adba6704] Stopping blockchain
[2026-09-03 10:58:08][info][CRDTCallbackManager] Successfully unregistered new data callback for pattern: '/?gnus-genesis-block'
[2026-09-03 10:58:08][info][CRDTCallbackManager] Successfully unregistered new data callback for pattern: '/?gnus-account-creation-.*'
[2026-09-03 10:58:08][info][CRDTCallbackManager] Successfully unregistered new data callback for pattern: '/?gnus-validator-registry'
[2026-09-03 10:58:08][debug][GlobalDB] ~GlobalDB CALLED with count 6 on multi_node_finality_fault/restart-vote-validator-two/rocksdb 
[2026-09-03 10:58:08][info][GlobalDB] GlobalDB shutdown start
[2026-09-03 10:58:08][info][CrdtDatastore] CancelAndCloseNow: begin (pending_jobs=1, self_queue=0, root_queue=0, pending_roots=0, active_root=false)
[2026-09-03 10:58:08][debug][GraphsyncDAGSyncer] Stopping Dagsyncer
[2026-09-03 10:58:08][debug][GraphsyncDAGSyncer] Dagsyncer Stopped
[2026-09-03 10:58:09][info][CrdtDatastore] CancelAndCloseNow: CRDT workers stopped
[2026-09-03 10:58:09][warning][CrdtDatastore] CancelAndCloseNow called but shutdown has already started
[2026-09-03 10:58:09][debug][GraphsyncDAGSyncer] ~GraphsyncDAGSyncer CALLED
[2026-09-03 10:58:09][info][GlobalDB] GlobalDB shutdown finished
[2026-09-03 10:58:09.017374000][th:637747][error] GossipPubSub Address monitoring timer error: Operation canceled
[2026-09-03 10:58:10][info][KeyPairFileStorage] Path to keypairs multi_node_finality_fault/restart-vote-validator-two/keypair
[2026-09-03 10:58:10][info][KeyPairFileStorage] Peer ID from public key: 12D3KooWFWhitdN6vJJepLt4Ns2wCtvQJBZDTdq7LzfAf4BkDdfZ
Current limits: 16384 (soft), 9223372036854775807 (hard)
New limits set successfully: 16384 (soft), 9223372036854775807 (hard)
Initialized relay addresses
[2026-09-03 10:58:10.019755000][th:637526][info] GossipPubSub /ip4/0.0.0.0/tcp/54602/p2p/12D3KooWFWhitdN6vJJepLt4Ns2wCtvQJBZDTdq7LzfAf4BkDdfZ: Starting PubSub service
[2026-09-03 10:58:10.019812000][th:639005][info] GossipPubSub Starting address monitoring system for mobile network changes
[2026-09-03 10:58:10.019814000][th:639005][info] GossipPubSub === CURRENT NETWORK STATE ===
[2026-09-03 10:58:10.019820000][th:639005][info] GossipPubSub Primary listening address: /ip4/0.0.0.0/tcp/54602/p2p/12D3KooWFWhitdN6vJJepLt4Ns2wCtvQJBZDTdq7LzfAf4BkDdfZ
[2026-09-03 10:58:10.019821000][th:639005][info] GossipPubSub Host peer info addresses (0):
[2026-09-03 10:58:10.019821000][th:639005][info] GossipPubSub Additional addresses we track (0):
[2026-09-03 10:58:10.019822000][th:639005][info] GossipPubSub Listening addresses (1):
[2026-09-03 10:58:10.019823000][th:639005][info] GossipPubSub   -> /ip4/0.0.0.0/tcp/54602/p2p/12D3KooWFWhitdN6vJJepLt4Ns2wCtvQJBZDTdq7LzfAf4BkDdfZ
[2026-09-03 10:58:10.019823000][th:639005][info] GossipPubSub Interface addresses (0):
[2026-09-03 10:58:10.019824000][th:639005][info] GossipPubSub === RAW OBSERVED ADDRESS DEBUG ===
[2026-09-03 10:58:10.019825000][th:639005][info] GossipPubSub Local address: /ip4/0.0.0.0/tcp/54602/p2p/12D3KooWFWhitdN6vJJepLt4Ns2wCtvQJBZDTdq7LzfAf4BkDdfZ -> 0 raw observed, 0 activated+confirmed
[2026-09-03 10:58:10.019826000][th:639005][info] GossipPubSub TOTAL: 0 raw observed addresses, 0 activated+confirmed addresses
[2026-09-03 10:58:10.019827000][th:639005][info] GossipPubSub === END RAW OBSERVED ADDRESS DEBUG ===
[2026-09-03 10:58:10.019827000][th:639005][info] GossipPubSub Observed addresses - all (0):
[2026-09-03 10:58:10.019828000][th:639005][info] GossipPubSub Observed addresses - confirmed only (0):
[2026-09-03 10:58:10.019829000][th:639005][info] GossipPubSub Relay addresses (0):
[2026-09-03 10:58:10.019830000][th:639005][warning] GossipPubSub Failed to get addresses from peer repository: not found
[2026-09-03 10:58:10.019859000][th:639005][info] GossipPubSub Found 1 valid network interfaces
[2026-09-03 10:58:10.019860000][th:639005][info] GossipPubSub Current network interfaces (1):
[2026-09-03 10:58:10.019861000][th:639005][info] GossipPubSub   -> 192.168.1.6
[2026-09-03 10:58:10.019862000][th:639005][info] GossipPubSub Active connections: 0
[2026-09-03 10:58:10.019862000][th:639005][info] GossipPubSub === PEER CONNECTION DETAILS ===
[2026-09-03 10:58:10.019863000][th:639005][info] GossipPubSub NOTE: Observed addresses need to be seen by 4+ different peer groups to become 'activated'
[2026-09-03 10:58:10.019863000][th:639005][info] GossipPubSub NOTE: Current connections: 0, so max possible observers: 0
[2026-09-03 10:58:10.019864000][th:639005][info] GossipPubSub === END PEER CONNECTION DETAILS ===
[2026-09-03 10:58:10.019864000][th:639005][info] GossipPubSub Connection manager stats:
[2026-09-03 10:58:10.019865000][th:639005][info] GossipPubSub   -> Max connections: 1000
[2026-09-03 10:58:10.019866000][th:639005][info] GossipPubSub   -> Current connections: 0
[2026-09-03 10:58:10.019866000][th:639005][info] GossipPubSub === END NETWORK STATE ===
[2026-09-03 10:58:10.019957000][th:639005][info] GossipPubSub /ip4/0.0.0.0/tcp/54602/p2p/12D3KooWFWhitdN6vJJepLt4Ns2wCtvQJBZDTdq7LzfAf4BkDdfZ : PubSub service started
[2026-09-03 10:58:10][info][GlobalDB] Opening database /Users/henriqueklein/gnus/SuperGenius/multi_node_finality_fault/restart-vote-validator-two/rocksdb
[2026-09-03 10:58:10][debug][GraphsyncDAGSyncer] GraphSyncer created 5250276808 
[2026-09-03 10:58:10][info][CrdtDatastore] crdt Datastore created. Number of heads: 2 Current max-height: 18446744073709551615
[2026-09-03 10:58:10][info][GeniusAccount] Secure storage ID path: /Users/henriqueklein/gnus/SuperGenius/multi_node_finality_fault/restart-vote-validator-two/account/secure_storage_id
[2026-09-03 10:58:10][info][GeniusAccount] Loaded public key from file: adba670466e93589... (length: 128)
[2026-09-03 10:58:10][info][GeniusAccount] Successfully loaded key_seed from storage
[2026-09-03 10:58:10][info][GeniusAccount] Validation successful: key_seed matches stored public key
[2026-09-03 10:58:10][warning][UTXOManager] Skipping malformed UTXO key /utxo-checkpoint/adba670466e93589bd08b5d460d7e09d8be60f00590c830558040f7df142556fb8b5e3c758389960eead7ffd047494e54c8a7a3567e16437392ce101861a2f41/1
[2026-09-03 10:58:10][warning][UTXOManager] Skipping malformed UTXO key /utxo-checkpoint/adba670466e93589bd08b5d460d7e09d8be60f00590c830558040f7df142556fb8b5e3c758389960eead7ffd047494e54c8a7a3567e16437392ce101861a2f41/latest
[2026-09-03 10:58:10][info][Blockchain] [adba6704] Blockchain instance created with authorized full node: 8a33bdf1
[2026-09-03 10:58:10][info][ValidatorRegistry] InitializeCache: cache initialized with CID QmPZqQVd9PjZMxbxUb9bYCZERNWLyADiiNE74xwnrYygiF
[2026-09-03 10:58:10][info][CRDTCallbackManager] Successfully registered new data callback for pattern: '/?gnus-validator-registry'
[2026-09-03 10:58:10][info][ValidatorRegistry] RegisterFilter: result=true
[2026-09-03 10:58:10][info][ValidatorRegistry] New: instance ready
[2026-09-03 10:58:10.041945000][th:639005][info] GossipPubSub /ip4/0.0.0.0/tcp/54602/p2p/12D3KooWFWhitdN6vJJepLt4Ns2wCtvQJBZDTdq7LzfAf4BkDdfZ: PubSub subscribed to topic 'gnus-validator-registry.3.7.144'
[2026-09-03 10:58:10][info][CRDTCallbackManager] Successfully registered new data callback for pattern: '^/?cert/[^/]+'
[2026-09-03 10:58:10.041969000][th:639005][info] GossipPubSub /ip4/0.0.0.0/tcp/54602/p2p/12D3KooWFWhitdN6vJJepLt4Ns2wCtvQJBZDTdq7LzfAf4BkDdfZ: PubSub subscribed to topic 'consensus-channel-.3.7.144'
[2026-09-03 10:58:10][info][CRDTCallbackManager] Successfully registered new data callback for pattern: '/?gnus-genesis-block'
[2026-09-03 10:58:10][info][CRDTCallbackManager] Successfully registered new data callback for pattern: '/?gnus-account-creation-.*'
[2026-09-03 10:58:10.041987000][th:639005][info] GossipPubSub /ip4/0.0.0.0/tcp/54602/p2p/12D3KooWFWhitdN6vJJepLt4Ns2wCtvQJBZDTdq7LzfAf4BkDdfZ: PubSub subscribed to topic 'consensus-channel-.3.7.144#datastore.3.7.144'
[2026-09-03 10:58:10][info][CRDTCallbackManager] Successfully registered new data callback for pattern: '^/?/bc-144/tx/[^/]+'
[2026-09-03 10:58:10][info][CRDTCallbackManager] Successfully registered deleted data callback for pattern: '^/?/bc-144/tx/[^/]+'
[2026-09-03 10:58:10][info][CRDTCallbackManager] Successfully registered new data callback for pattern: '^/?/bc-963/tx/[^/]+'
[2026-09-03 10:58:10][info][CRDTCallbackManager] Successfully registered deleted data callback for pattern: '^/?/bc-963/tx/[^/]+'
[2026-09-03 10:58:10][info][CRDTCallbackManager] Successfully registered new data callback for pattern: '^/?/bc-369/tx/[^/]+'
[2026-09-03 10:58:10][info][CRDTCallbackManager] Successfully registered deleted data callback for pattern: '^/?/bc-369/tx/[^/]+'
[2026-09-03 10:58:10][info][CRDTCallbackManager] Successfully unregistered new data callback for pattern: '^/?/bc-144/tx/[^/]+'
[2026-09-03 10:58:10][info][CRDTCallbackManager] Successfully unregistered deleted data callback for pattern: '^/?/bc-144/tx/[^/]+'
[2026-09-03 10:58:10][info][CRDTCallbackManager] Successfully unregistered new data callback for pattern: '^/?/bc-963/tx/[^/]+'
[2026-09-03 10:58:10][info][CRDTCallbackManager] Successfully unregistered deleted data callback for pattern: '^/?/bc-963/tx/[^/]+'
[2026-09-03 10:58:10][info][CRDTCallbackManager] Successfully unregistered new data callback for pattern: '^/?/bc-369/tx/[^/]+'
[2026-09-03 10:58:10][info][CRDTCallbackManager] Successfully unregistered deleted data callback for pattern: '^/?/bc-369/tx/[^/]+'
[2026-09-03 10:58:10][info][TransactionManager] [b212102c - full: false] ~TransactionManager: Metrics — cert_fallback(success=0 failure=0) validation(approve=1 reject=0) tracking(insert=1 confirm=1 fail=0)
[2026-09-03 10:58:10][info][Blockchain] [b212102c] Stopping blockchain
[2026-09-03 10:58:10][info][CRDTCallbackManager] Successfully unregistered new data callback for pattern: '/?gnus-genesis-block'
[2026-09-03 10:58:10][info][CRDTCallbackManager] Successfully unregistered new data callback for pattern: '/?gnus-account-creation-.*'
[2026-09-03 10:58:10][info][CRDTCallbackManager] Successfully unregistered new data callback for pattern: '/?gnus-validator-registry'
[2026-09-03 10:58:10][debug][GlobalDB] ~GlobalDB CALLED with count 6 on multi_node_finality_fault/restart-vote-validator-three/rocksdb 
[2026-09-03 10:58:10][info][GlobalDB] GlobalDB shutdown start
[2026-09-03 10:58:10][info][CrdtDatastore] CancelAndCloseNow: begin (pending_jobs=1, self_queue=0, root_queue=0, pending_roots=0, active_root=false)
[2026-09-03 10:58:10][debug][GraphsyncDAGSyncer] Stopping Dagsyncer
[2026-09-03 10:58:10][debug][GraphsyncDAGSyncer] Dagsyncer Stopped
[2026-09-03 10:58:10][info][CrdtDatastore] CancelAndCloseNow: CRDT workers stopped
[2026-09-03 10:58:10][warning][CrdtDatastore] CancelAndCloseNow called but shutdown has already started
[2026-09-03 10:58:10][debug][GraphsyncDAGSyncer] ~GraphsyncDAGSyncer CALLED
[2026-09-03 10:58:10][info][GlobalDB] GlobalDB shutdown finished
[2026-09-03 10:58:10.083955000][th:637769][error] GossipPubSub Address monitoring timer error: Operation canceled
[2026-09-03 10:58:11][info][KeyPairFileStorage] Path to keypairs multi_node_finality_fault/restart-vote-validator-three/keypair
[2026-09-03 10:58:11][info][KeyPairFileStorage] Peer ID from public key: 12D3KooWENizw3K84nf3ycyMWDdDrgTzBB9iW5DAV77JU7yGDwmM
Current limits: 16384 (soft), 9223372036854775807 (hard)
New limits set successfully: 16384 (soft), 9223372036854775807 (hard)
Initialized relay addresses
[2026-09-03 10:58:11.097913000][th:637526][info] GossipPubSub /ip4/0.0.0.0/tcp/54603/p2p/12D3KooWENizw3K84nf3ycyMWDdDrgTzBB9iW5DAV77JU7yGDwmM: Starting PubSub service
[2026-09-03 10:58:11.098093000][th:639096][info] GossipPubSub Starting address monitoring system for mobile network changes
[2026-09-03 10:58:11.098098000][th:639096][info] GossipPubSub === CURRENT NETWORK STATE ===
[2026-09-03 10:58:11.098115000][th:639096][info] GossipPubSub Primary listening address: /ip4/0.0.0.0/tcp/54603/p2p/12D3KooWENizw3K84nf3ycyMWDdDrgTzBB9iW5DAV77JU7yGDwmM
[2026-09-03 10:58:11.098118000][th:639096][info] GossipPubSub Host peer info addresses (0):
[2026-09-03 10:58:11.098120000][th:639096][info] GossipPubSub Additional addresses we track (0):
[2026-09-03 10:58:11.098121000][th:639096][info] GossipPubSub Listening addresses (1):
[2026-09-03 10:58:11.098123000][th:639096][info] GossipPubSub   -> /ip4/0.0.0.0/tcp/54603/p2p/12D3KooWENizw3K84nf3ycyMWDdDrgTzBB9iW5DAV77JU7yGDwmM
[2026-09-03 10:58:11.098124000][th:639096][info] GossipPubSub Interface addresses (0):
[2026-09-03 10:58:11.098135000][th:639096][info] GossipPubSub === RAW OBSERVED ADDRESS DEBUG ===
[2026-09-03 10:58:11.098143000][th:639096][info] GossipPubSub Local address: /ip4/0.0.0.0/tcp/54603/p2p/12D3KooWENizw3K84nf3ycyMWDdDrgTzBB9iW5DAV77JU7yGDwmM -> 0 raw observed, 0 activated+confirmed
[2026-09-03 10:58:11.098146000][th:639096][info] GossipPubSub TOTAL: 0 raw observed addresses, 0 activated+confirmed addresses
[2026-09-03 10:58:11.098147000][th:639096][info] GossipPubSub === END RAW OBSERVED ADDRESS DEBUG ===
[2026-09-03 10:58:11.098149000][th:639096][info] GossipPubSub Observed addresses - all (0):
[2026-09-03 10:58:11.098150000][th:639096][info] GossipPubSub Observed addresses - confirmed only (0):
[2026-09-03 10:58:11.098152000][th:639096][info] GossipPubSub Relay addresses (0):
[2026-09-03 10:58:11.098156000][th:639096][warning] GossipPubSub Failed to get addresses from peer repository: not found
[2026-09-03 10:58:11.098240000][th:639096][info] GossipPubSub Found 1 valid network interfaces
[2026-09-03 10:58:11.098243000][th:639096][info] GossipPubSub Current network interfaces (1):
[2026-09-03 10:58:11.098244000][th:639096][info] GossipPubSub   -> 192.168.1.6
[2026-09-03 10:58:11.098246000][th:639096][info] GossipPubSub Active connections: 0
[2026-09-03 10:58:11.098247000][th:639096][info] GossipPubSub === PEER CONNECTION DETAILS ===
[2026-09-03 10:58:11.098248000][th:639096][info] GossipPubSub NOTE: Observed addresses need to be seen by 4+ different peer groups to become 'activated'
[2026-09-03 10:58:11.098250000][th:639096][info] GossipPubSub NOTE: Current connections: 0, so max possible observers: 0
[2026-09-03 10:58:11.098251000][th:639096][info] GossipPubSub === END PEER CONNECTION DETAILS ===
[2026-09-03 10:58:11.098252000][th:639096][info] GossipPubSub Connection manager stats:
[2026-09-03 10:58:11.098253000][th:639096][info] GossipPubSub   -> Max connections: 1000
[2026-09-03 10:58:11.098254000][th:639096][info] GossipPubSub   -> Current connections: 0
[2026-09-03 10:58:11.098255000][th:639096][info] GossipPubSub === END NETWORK STATE ===
[2026-09-03 10:58:11.098624000][th:639096][info] GossipPubSub /ip4/0.0.0.0/tcp/54603/p2p/12D3KooWENizw3K84nf3ycyMWDdDrgTzBB9iW5DAV77JU7yGDwmM : PubSub service started
[2026-09-03 10:58:11][info][GlobalDB] Opening database /Users/henriqueklein/gnus/SuperGenius/multi_node_finality_fault/restart-vote-validator-three/rocksdb
[2026-09-03 10:58:11][debug][GraphsyncDAGSyncer] GraphSyncer created 4713395944 
[2026-09-03 10:58:11][info][CrdtDatastore] crdt Datastore created. Number of heads: 2 Current max-height: 18446744073709551615
[2026-09-03 10:58:11][info][GeniusAccount] Secure storage ID path: /Users/henriqueklein/gnus/SuperGenius/multi_node_finality_fault/restart-vote-validator-three/account/secure_storage_id
[2026-09-03 10:58:11][info][GeniusAccount] Loaded public key from file: b212102c3c13e8f1... (length: 128)
[2026-09-03 10:58:11][info][GeniusAccount] Successfully loaded key_seed from storage
[2026-09-03 10:58:11][info][GeniusAccount] Validation successful: key_seed matches stored public key
[2026-09-03 10:58:11][warning][UTXOManager] Skipping malformed UTXO key /utxo-checkpoint/b212102c3c13e8f18d04a11470e49175fa4020ca403b2ee65c4168221cb674ee4749f1964a6c7407e1af867bb05b6be63f665f4e1dcdd3e994a630ddbf4211b7/1
[2026-09-03 10:58:11][warning][UTXOManager] Skipping malformed UTXO key /utxo-checkpoint/b212102c3c13e8f18d04a11470e49175fa4020ca403b2ee65c4168221cb674ee4749f1964a6c7407e1af867bb05b6be63f665f4e1dcdd3e994a630ddbf4211b7/latest
[2026-09-03 10:58:11][info][Blockchain] [b212102c] Blockchain instance created with authorized full node: 8a33bdf1
[2026-09-03 10:58:11][info][ValidatorRegistry] InitializeCache: cache initialized with CID QmPZqQVd9PjZMxbxUb9bYCZERNWLyADiiNE74xwnrYygiF
[2026-09-03 10:58:11][info][CRDTCallbackManager] Successfully registered new data callback for pattern: '/?gnus-validator-registry'
[2026-09-03 10:58:11][info][ValidatorRegistry] RegisterFilter: result=true
[2026-09-03 10:58:11][info][ValidatorRegistry] New: instance ready
[2026-09-03 10:58:11.128452000][th:639096][info] GossipPubSub /ip4/0.0.0.0/tcp/54603/p2p/12D3KooWENizw3K84nf3ycyMWDdDrgTzBB9iW5DAV77JU7yGDwmM: PubSub subscribed to topic 'gnus-validator-registry.3.7.144'
[2026-09-03 10:58:11.128521000][th:639096][info] GossipPubSub /ip4/0.0.0.0/tcp/54603/p2p/12D3KooWENizw3K84nf3ycyMWDdDrgTzBB9iW5DAV77JU7yGDwmM: PubSub subscribed to topic 'consensus-channel-.3.7.144'
[2026-09-03 10:58:11][info][CRDTCallbackManager] Successfully registered new data callback for pattern: '^/?cert/[^/]+'
[2026-09-03 10:58:11.128570000][th:639096][info] GossipPubSub /ip4/0.0.0.0/tcp/54603/p2p/12D3KooWENizw3K84nf3ycyMWDdDrgTzBB9iW5DAV77JU7yGDwmM: PubSub subscribed to topic 'consensus-channel-.3.7.144#datastore.3.7.144'
[2026-09-03 10:58:11][info][CRDTCallbackManager] Successfully registered new data callback for pattern: '/?gnus-genesis-block'
[2026-09-03 10:58:11][info][CRDTCallbackManager] Successfully registered new data callback for pattern: '/?gnus-account-creation-.*'
[2026-09-03 10:58:11][info][CRDTCallbackManager] Successfully registered new data callback for pattern: '^/?/bc-144/tx/[^/]+'
[2026-09-03 10:58:11][info][CRDTCallbackManager] Successfully registered deleted data callback for pattern: '^/?/bc-144/tx/[^/]+'
[2026-09-03 10:58:11][info][CRDTCallbackManager] Successfully registered new data callback for pattern: '^/?/bc-963/tx/[^/]+'
[2026-09-03 10:58:11][info][CRDTCallbackManager] Successfully registered deleted data callback for pattern: '^/?/bc-963/tx/[^/]+'
[2026-09-03 10:58:11][info][CRDTCallbackManager] Successfully registered new data callback for pattern: '^/?/bc-369/tx/[^/]+'
[2026-09-03 10:58:11][info][CRDTCallbackManager] Successfully registered deleted data callback for pattern: '^/?/bc-369/tx/[^/]+'
[2026-09-03 10:58:11][info][CRDTCallbackManager] Successfully unregistered new data callback for pattern: '^/?/bc-144/tx/[^/]+'
[2026-09-03 10:58:11][info][CRDTCallbackManager] Successfully unregistered deleted data callback for pattern: '^/?/bc-144/tx/[^/]+'
[2026-09-03 10:58:11][info][CRDTCallbackManager] Successfully unregistered new data callback for pattern: '^/?/bc-963/tx/[^/]+'
[2026-09-03 10:58:11][info][CRDTCallbackManager] Successfully unregistered deleted data callback for pattern: '^/?/bc-963/tx/[^/]+'
[2026-09-03 10:58:11][info][CRDTCallbackManager] Successfully unregistered new data callback for pattern: '^/?/bc-369/tx/[^/]+'
[2026-09-03 10:58:11][info][CRDTCallbackManager] Successfully unregistered deleted data callback for pattern: '^/?/bc-369/tx/[^/]+'
[2026-09-03 10:58:11][info][TransactionManager] [1f61ed40 - full: false] ~TransactionManager: Metrics — cert_fallback(success=0 failure=0) validation(approve=1 reject=0) tracking(insert=1 confirm=1 fail=0)
[2026-09-03 10:58:11][info][Blockchain] [1f61ed40] Stopping blockchain
[2026-09-03 10:58:11][info][CRDTCallbackManager] Successfully unregistered new data callback for pattern: '/?gnus-genesis-block'
[2026-09-03 10:58:11][info][CRDTCallbackManager] Successfully unregistered new data callback for pattern: '/?gnus-account-creation-.*'
[2026-09-03 10:58:11][info][CRDTCallbackManager] Successfully unregistered new data callback for pattern: '/?gnus-validator-registry'
[2026-09-03 10:58:11][debug][GlobalDB] ~GlobalDB CALLED with count 6 on multi_node_finality_fault/restart-vote-passive/rocksdb 
[2026-09-03 10:58:11][info][GlobalDB] GlobalDB shutdown start
[2026-09-03 10:58:11][info][CrdtDatastore] CancelAndCloseNow: begin (pending_jobs=1, self_queue=0, root_queue=0, pending_roots=0, active_root=false)
[2026-09-03 10:58:11][debug][GraphsyncDAGSyncer] Stopping Dagsyncer
[2026-09-03 10:58:11][debug][GraphsyncDAGSyncer] Dagsyncer Stopped
[2026-09-03 10:58:11][info][CrdtDatastore] CancelAndCloseNow: CRDT workers stopped
[2026-09-03 10:58:11][warning][CrdtDatastore] CancelAndCloseNow called but shutdown has already started
[2026-09-03 10:58:11][debug][GraphsyncDAGSyncer] ~GraphsyncDAGSyncer CALLED
[2026-09-03 10:58:11][info][GlobalDB] GlobalDB shutdown finished
[2026-09-03 10:58:11.636764000][th:637790][error] GossipPubSub Address monitoring timer error: Operation canceled
[2026-09-03 10:58:12][info][KeyPairFileStorage] Path to keypairs multi_node_finality_fault/restart-vote-passive/keypair
[2026-09-03 10:58:12][info][KeyPairFileStorage] Peer ID from public key: 12D3KooWGBUPpdYhSptmhXAcSymPtfwijsf4UqNQrDU8deXKFUFS
Current limits: 16384 (soft), 9223372036854775807 (hard)
New limits set successfully: 16384 (soft), 9223372036854775807 (hard)
Initialized relay addresses
[2026-09-03 10:58:12.648394000][th:637526][info] GossipPubSub /ip4/0.0.0.0/tcp/54604/p2p/12D3KooWGBUPpdYhSptmhXAcSymPtfwijsf4UqNQrDU8deXKFUFS: Starting PubSub service
[2026-09-03 10:58:12.648462000][th:639296][info] GossipPubSub Starting address monitoring system for mobile network changes
[2026-09-03 10:58:12.648464000][th:639296][info] GossipPubSub === CURRENT NETWORK STATE ===
[2026-09-03 10:58:12.648470000][th:639296][info] GossipPubSub Primary listening address: /ip4/0.0.0.0/tcp/54604/p2p/12D3KooWGBUPpdYhSptmhXAcSymPtfwijsf4UqNQrDU8deXKFUFS
[2026-09-03 10:58:12.648471000][th:639296][info] GossipPubSub Host peer info addresses (0):
[2026-09-03 10:58:12.648472000][th:639296][info] GossipPubSub Additional addresses we track (0):
[2026-09-03 10:58:12.648473000][th:639296][info] GossipPubSub Listening addresses (1):
[2026-09-03 10:58:12.648474000][th:639296][info] GossipPubSub   -> /ip4/0.0.0.0/tcp/54604/p2p/12D3KooWGBUPpdYhSptmhXAcSymPtfwijsf4UqNQrDU8deXKFUFS
[2026-09-03 10:58:12.648475000][th:639296][info] GossipPubSub Interface addresses (0):
[2026-09-03 10:58:12.648475000][th:639296][info] GossipPubSub === RAW OBSERVED ADDRESS DEBUG ===
[2026-09-03 10:58:12.648477000][th:639296][info] GossipPubSub Local address: /ip4/0.0.0.0/tcp/54604/p2p/12D3KooWGBUPpdYhSptmhXAcSymPtfwijsf4UqNQrDU8deXKFUFS -> 0 raw observed, 0 activated+confirmed
[2026-09-03 10:58:12.648478000][th:639296][info] GossipPubSub TOTAL: 0 raw observed addresses, 0 activated+confirmed addresses
[2026-09-03 10:58:12.648479000][th:639296][info] GossipPubSub === END RAW OBSERVED ADDRESS DEBUG ===
[2026-09-03 10:58:12.648479000][th:639296][info] GossipPubSub Observed addresses - all (0):
[2026-09-03 10:58:12.648480000][th:639296][info] GossipPubSub Observed addresses - confirmed only (0):
[2026-09-03 10:58:12.648481000][th:639296][info] GossipPubSub Relay addresses (0):
[2026-09-03 10:58:12.648482000][th:639296][warning] GossipPubSub Failed to get addresses from peer repository: not found
[2026-09-03 10:58:12.648515000][th:639296][info] GossipPubSub Found 1 valid network interfaces
[2026-09-03 10:58:12.648516000][th:639296][info] GossipPubSub Current network interfaces (1):
[2026-09-03 10:58:12.648516000][th:639296][info] GossipPubSub   -> 192.168.1.6
[2026-09-03 10:58:12.648518000][th:639296][info] GossipPubSub Active connections: 0
[2026-09-03 10:58:12.648518000][th:639296][info] GossipPubSub === PEER CONNECTION DETAILS ===
[2026-09-03 10:58:12.648519000][th:639296][info] GossipPubSub NOTE: Observed addresses need to be seen by 4+ different peer groups to become 'activated'
[2026-09-03 10:58:12.648519000][th:639296][info] GossipPubSub NOTE: Current connections: 0, so max possible observers: 0
[2026-09-03 10:58:12.648520000][th:639296][info] GossipPubSub === END PEER CONNECTION DETAILS ===
[2026-09-03 10:58:12.648520000][th:639296][info] GossipPubSub Connection manager stats:
[2026-09-03 10:58:12.648521000][th:639296][info] GossipPubSub   -> Max connections: 1000
[2026-09-03 10:58:12.648522000][th:639296][info] GossipPubSub   -> Current connections: 0
[2026-09-03 10:58:12.648522000][th:639296][info] GossipPubSub === END NETWORK STATE ===
[2026-09-03 10:58:12.648644000][th:639296][info] GossipPubSub /ip4/0.0.0.0/tcp/54604/p2p/12D3KooWGBUPpdYhSptmhXAcSymPtfwijsf4UqNQrDU8deXKFUFS : PubSub service started
[2026-09-03 10:58:12][info][GlobalDB] Opening database /Users/henriqueklein/gnus/SuperGenius/multi_node_finality_fault/restart-vote-passive/rocksdb
[2026-09-03 10:58:12][debug][GraphsyncDAGSyncer] GraphSyncer created 5518828792 
[2026-09-03 10:58:12][info][CrdtDatastore] crdt Datastore created. Number of heads: 2 Current max-height: 18446744073709551615
[2026-09-03 10:58:12][info][GeniusAccount] Secure storage ID path: /Users/henriqueklein/gnus/SuperGenius/multi_node_finality_fault/restart-vote-passive/account/secure_storage_id
[2026-09-03 10:58:12][info][GeniusAccount] Loaded public key from file: 1f61ed40fc3f18e1... (length: 128)
[2026-09-03 10:58:12][info][GeniusAccount] Successfully loaded key_seed from storage
[2026-09-03 10:58:12][info][GeniusAccount] Validation successful: key_seed matches stored public key
[2026-09-03 10:58:12][warning][UTXOManager] Skipping malformed UTXO key /utxo-checkpoint/1f61ed40fc3f18e151661af51c3b222ea2fdbe5cded68d5ace248945228425d7d0567305d65225959966887d52d7ce5c230645c282878317a5bf88d9e2d0eeeb/1
[2026-09-03 10:58:12][warning][UTXOManager] Skipping malformed UTXO key /utxo-checkpoint/1f61ed40fc3f18e151661af51c3b222ea2fdbe5cded68d5ace248945228425d7d0567305d65225959966887d52d7ce5c230645c282878317a5bf88d9e2d0eeeb/latest
[2026-09-03 10:58:12][info][Blockchain] [1f61ed40] Blockchain instance created with authorized full node: 8a33bdf1
[2026-09-03 10:58:12][info][ValidatorRegistry] InitializeCache: cache initialized with CID QmPZqQVd9PjZMxbxUb9bYCZERNWLyADiiNE74xwnrYygiF
[2026-09-03 10:58:12][info][CRDTCallbackManager] Successfully registered new data callback for pattern: '/?gnus-validator-registry'
[2026-09-03 10:58:12][info][ValidatorRegistry] RegisterFilter: result=true
[2026-09-03 10:58:12][info][ValidatorRegistry] New: instance ready
[2026-09-03 10:58:12.671946000][th:639296][info] GossipPubSub /ip4/0.0.0.0/tcp/54604/p2p/12D3KooWGBUPpdYhSptmhXAcSymPtfwijsf4UqNQrDU8deXKFUFS: PubSub subscribed to topic 'gnus-validator-registry.3.7.144'
[2026-09-03 10:58:12][info][CRDTCallbackManager] Successfully registered new data callback for pattern: '^/?cert/[^/]+'
[2026-09-03 10:58:12.671964000][th:639296][info] GossipPubSub /ip4/0.0.0.0/tcp/54604/p2p/12D3KooWGBUPpdYhSptmhXAcSymPtfwijsf4UqNQrDU8deXKFUFS: PubSub subscribed to topic 'consensus-channel-.3.7.144'
[2026-09-03 10:58:12.671980000][th:639296][info] GossipPubSub /ip4/0.0.0.0/tcp/54604/p2p/12D3KooWGBUPpdYhSptmhXAcSymPtfwijsf4UqNQrDU8deXKFUFS: PubSub subscribed to topic 'consensus-channel-.3.7.144#datastore.3.7.144'
[2026-09-03 10:58:12][info][CRDTCallbackManager] Successfully registered new data callback for pattern: '/?gnus-genesis-block'
[2026-09-03 10:58:12][info][CRDTCallbackManager] Successfully registered new data callback for pattern: '/?gnus-account-creation-.*'
[2026-09-03 10:58:12][info][CRDTCallbackManager] Successfully registered new data callback for pattern: '^/?/bc-144/tx/[^/]+'
[2026-09-03 10:58:12][info][CRDTCallbackManager] Successfully registered deleted data callback for pattern: '^/?/bc-144/tx/[^/]+'
[2026-09-03 10:58:12][info][CRDTCallbackManager] Successfully registered new data callback for pattern: '^/?/bc-963/tx/[^/]+'
[2026-09-03 10:58:12][info][CRDTCallbackManager] Successfully registered deleted data callback for pattern: '^/?/bc-963/tx/[^/]+'
[2026-09-03 10:58:12][info][CRDTCallbackManager] Successfully registered new data callback for pattern: '^/?/bc-369/tx/[^/]+'
[2026-09-03 10:58:12][info][CRDTCallbackManager] Successfully registered deleted data callback for pattern: '^/?/bc-369/tx/[^/]+'
[2026-09-03 10:58:12.672074000][th:638819][info] GossipPubSub Adding new peer: 12D3KooWFWhitdN6vJJepLt4Ns2wCtvQJBZDTdq7LzfAf4BkDdfZ
[2026-09-03 10:58:12.672125000][th:638819][info] GossipPubSub Adding new peer: 12D3KooWENizw3K84nf3ycyMWDdDrgTzBB9iW5DAV77JU7yGDwmM
[2026-09-03 10:58:12.672164000][th:638819][info] GossipPubSub Adding new peer: 12D3KooWGBUPpdYhSptmhXAcSymPtfwijsf4UqNQrDU8deXKFUFS
[2026-09-03 10:58:12.672172000][th:639005][info] GossipPubSub Adding new peer: 12D3KooWSJzCc7DfwqXgvRgqQuQ9JtNaUMmDt9V5a8pfd4zhS9Hc
[2026-09-03 10:58:12.672216000][th:639005][info] GossipPubSub Adding new peer: 12D3KooWENizw3K84nf3ycyMWDdDrgTzBB9iW5DAV77JU7yGDwmM
[2026-09-03 10:58:12.672254000][th:639005][info] GossipPubSub Adding new peer: 12D3KooWGBUPpdYhSptmhXAcSymPtfwijsf4UqNQrDU8deXKFUFS
[2026-09-03 10:58:12.672264000][th:639096][info] GossipPubSub Adding new peer: 12D3KooWSJzCc7DfwqXgvRgqQuQ9JtNaUMmDt9V5a8pfd4zhS9Hc
[2026-09-03 10:58:12.672294000][th:639096][info] GossipPubSub Adding new peer: 12D3KooWFWhitdN6vJJepLt4Ns2wCtvQJBZDTdq7LzfAf4BkDdfZ
[2026-09-03 10:58:12.672325000][th:639096][info] GossipPubSub Adding new peer: 12D3KooWGBUPpdYhSptmhXAcSymPtfwijsf4UqNQrDU8deXKFUFS
[2026-09-03 10:58:12.672361000][th:639296][info] GossipPubSub Adding new peer: 12D3KooWSJzCc7DfwqXgvRgqQuQ9JtNaUMmDt9V5a8pfd4zhS9Hc
[2026-09-03 10:58:12.672401000][th:639296][info] GossipPubSub Adding new peer: 12D3KooWFWhitdN6vJJepLt4Ns2wCtvQJBZDTdq7LzfAf4BkDdfZ
[2026-09-03 10:58:12.672437000][th:639296][info] GossipPubSub Adding new peer: 12D3KooWENizw3K84nf3ycyMWDdDrgTzBB9iW5DAV77JU7yGDwmM
[2026-09-03 10:58:12][info][CRDTCallbackManager] Successfully unregistered new data callback for pattern: '^/?/bc-144/tx/[^/]+'
[2026-09-03 10:58:12][info][CRDTCallbackManager] Successfully unregistered deleted data callback for pattern: '^/?/bc-144/tx/[^/]+'
[2026-09-03 10:58:12][info][CRDTCallbackManager] Successfully unregistered new data callback for pattern: '^/?/bc-963/tx/[^/]+'
[2026-09-03 10:58:12][info][CRDTCallbackManager] Successfully unregistered deleted data callback for pattern: '^/?/bc-963/tx/[^/]+'
[2026-09-03 10:58:12][info][CRDTCallbackManager] Successfully unregistered new data callback for pattern: '^/?/bc-369/tx/[^/]+'
[2026-09-03 10:58:12][info][CRDTCallbackManager] Successfully unregistered deleted data callback for pattern: '^/?/bc-369/tx/[^/]+'
[2026-09-03 10:58:12][info][TransactionManager] [32318999 - full: false] ~TransactionManager: Metrics — cert_fallback(success=0 failure=0) validation(approve=0 reject=0) tracking(insert=0 confirm=0 fail=0)
[2026-09-03 10:58:12][info][Blockchain] [32318999] Stopping blockchain
[2026-09-03 10:58:12][info][CRDTCallbackManager] Successfully unregistered new data callback for pattern: '/?gnus-genesis-block'
[2026-09-03 10:58:12][info][CRDTCallbackManager] Successfully unregistered new data callback for pattern: '/?gnus-account-creation-.*'
[2026-09-03 10:58:12][info][CRDTCallbackManager] Successfully unregistered new data callback for pattern: '/?gnus-validator-registry'
[2026-09-03 10:58:12][debug][GlobalDB] ~GlobalDB CALLED with count 6 on multi_node_finality_fault/restart-vote-validator-one/rocksdb 
[2026-09-03 10:58:12][info][GlobalDB] GlobalDB shutdown start
[2026-09-03 10:58:12][info][CrdtDatastore] CancelAndCloseNow: begin (pending_jobs=0, self_queue=0, root_queue=0, pending_roots=0, active_root=false)
[2026-09-03 10:58:12][debug][GraphsyncDAGSyncer] Stopping Dagsyncer
[2026-09-03 10:58:12][debug][GraphsyncDAGSyncer] Dagsyncer Stopped
[2026-09-03 10:58:13][info][CrdtDatastore] CancelAndCloseNow: CRDT workers stopped
[2026-09-03 10:58:13][warning][CrdtDatastore] CancelAndCloseNow called but shutdown has already started
[2026-09-03 10:58:13][debug][GraphsyncDAGSyncer] ~GraphsyncDAGSyncer CALLED
[2026-09-03 10:58:13][info][GlobalDB] GlobalDB shutdown finished
[2026-09-03 10:58:13.061847000][th:638819][error] GossipPubSub Address monitoring timer error: Operation canceled
[2026-09-03 10:58:14][info][CRDTCallbackManager] Successfully unregistered new data callback for pattern: '^/?/bc-144/tx/[^/]+'
[2026-09-03 10:58:14][info][CRDTCallbackManager] Successfully unregistered deleted data callback for pattern: '^/?/bc-144/tx/[^/]+'
[2026-09-03 10:58:14][info][CRDTCallbackManager] Successfully unregistered new data callback for pattern: '^/?/bc-963/tx/[^/]+'
[2026-09-03 10:58:14][info][CRDTCallbackManager] Successfully unregistered deleted data callback for pattern: '^/?/bc-963/tx/[^/]+'
[2026-09-03 10:58:14][info][CRDTCallbackManager] Successfully unregistered new data callback for pattern: '^/?/bc-369/tx/[^/]+'
[2026-09-03 10:58:14][info][CRDTCallbackManager] Successfully unregistered deleted data callback for pattern: '^/?/bc-369/tx/[^/]+'
[2026-09-03 10:58:14][info][TransactionManager] [adba6704 - full: false] ~TransactionManager: Metrics — cert_fallback(success=0 failure=0) validation(approve=0 reject=0) tracking(insert=0 confirm=0 fail=0)
[2026-09-03 10:58:14][info][Blockchain] [adba6704] Stopping blockchain
[2026-09-03 10:58:14][info][CRDTCallbackManager] Successfully unregistered new data callback for pattern: '/?gnus-genesis-block'
[2026-09-03 10:58:14][info][CRDTCallbackManager] Successfully unregistered new data callback for pattern: '/?gnus-account-creation-.*'
[2026-09-03 10:58:14][info][CRDTCallbackManager] Successfully unregistered new data callback for pattern: '/?gnus-validator-registry'
[2026-09-03 10:58:14][debug][GlobalDB] ~GlobalDB CALLED with count 6 on multi_node_finality_fault/restart-vote-validator-two/rocksdb 
[2026-09-03 10:58:14][info][GlobalDB] GlobalDB shutdown start
[2026-09-03 10:58:14][info][CrdtDatastore] CancelAndCloseNow: begin (pending_jobs=0, self_queue=0, root_queue=0, pending_roots=0, active_root=false)
[2026-09-03 10:58:14][debug][GraphsyncDAGSyncer] Stopping Dagsyncer
[2026-09-03 10:58:14][debug][GraphsyncDAGSyncer] Dagsyncer Stopped
[2026-09-03 10:58:14][info][CrdtDatastore] CancelAndCloseNow: CRDT workers stopped
[2026-09-03 10:58:14][warning][CrdtDatastore] CancelAndCloseNow called but shutdown has already started
[2026-09-03 10:58:14][debug][GraphsyncDAGSyncer] ~GraphsyncDAGSyncer CALLED
[2026-09-03 10:58:14][info][GlobalDB] GlobalDB shutdown finished
[2026-09-03 10:58:14.108068000][th:639005][error] GossipPubSub Address monitoring timer error: Operation canceled
[2026-09-03 10:58:15][info][CRDTCallbackManager] Successfully unregistered new data callback for pattern: '^/?/bc-144/tx/[^/]+'
[2026-09-03 10:58:15][info][CRDTCallbackManager] Successfully unregistered deleted data callback for pattern: '^/?/bc-144/tx/[^/]+'
[2026-09-03 10:58:15][info][CRDTCallbackManager] Successfully unregistered new data callback for pattern: '^/?/bc-963/tx/[^/]+'
[2026-09-03 10:58:15][info][CRDTCallbackManager] Successfully unregistered deleted data callback for pattern: '^/?/bc-963/tx/[^/]+'
[2026-09-03 10:58:15][info][CRDTCallbackManager] Successfully unregistered new data callback for pattern: '^/?/bc-369/tx/[^/]+'
[2026-09-03 10:58:15][info][CRDTCallbackManager] Successfully unregistered deleted data callback for pattern: '^/?/bc-369/tx/[^/]+'
[2026-09-03 10:58:15][info][TransactionManager] [b212102c - full: false] ~TransactionManager: Metrics — cert_fallback(success=0 failure=0) validation(approve=0 reject=0) tracking(insert=0 confirm=0 fail=0)
[2026-09-03 10:58:15][info][Blockchain] [b212102c] Stopping blockchain
[2026-09-03 10:58:15][info][CRDTCallbackManager] Successfully unregistered new data callback for pattern: '/?gnus-genesis-block'
[2026-09-03 10:58:15][info][CRDTCallbackManager] Successfully unregistered new data callback for pattern: '/?gnus-account-creation-.*'
[2026-09-03 10:58:15][info][CRDTCallbackManager] Successfully unregistered new data callback for pattern: '/?gnus-validator-registry'
[2026-09-03 10:58:15][debug][GlobalDB] ~GlobalDB CALLED with count 6 on multi_node_finality_fault/restart-vote-validator-three/rocksdb 
[2026-09-03 10:58:15][info][GlobalDB] GlobalDB shutdown start
[2026-09-03 10:58:15][info][CrdtDatastore] CancelAndCloseNow: begin (pending_jobs=0, self_queue=0, root_queue=0, pending_roots=0, active_root=false)
[2026-09-03 10:58:15][debug][GraphsyncDAGSyncer] Stopping Dagsyncer
[2026-09-03 10:58:15][debug][GraphsyncDAGSyncer] Dagsyncer Stopped
[2026-09-03 10:58:15][info][CrdtDatastore] CancelAndCloseNow: CRDT workers stopped
[2026-09-03 10:58:15][warning][CrdtDatastore] CancelAndCloseNow called but shutdown has already started
[2026-09-03 10:58:15][debug][GraphsyncDAGSyncer] ~GraphsyncDAGSyncer CALLED
[2026-09-03 10:58:15][info][GlobalDB] GlobalDB shutdown finished
[2026-09-03 10:58:15.179397000][th:639096][error] GossipPubSub Address monitoring timer error: Operation canceled
[2026-09-03 10:58:16][info][CRDTCallbackManager] Successfully unregistered new data callback for pattern: '^/?/bc-144/tx/[^/]+'
[2026-09-03 10:58:16][info][CRDTCallbackManager] Successfully unregistered deleted data callback for pattern: '^/?/bc-144/tx/[^/]+'
[2026-09-03 10:58:16][info][CRDTCallbackManager] Successfully unregistered new data callback for pattern: '^/?/bc-963/tx/[^/]+'
[2026-09-03 10:58:16][info][CRDTCallbackManager] Successfully unregistered deleted data callback for pattern: '^/?/bc-963/tx/[^/]+'
[2026-09-03 10:58:16][info][CRDTCallbackManager] Successfully unregistered new data callback for pattern: '^/?/bc-369/tx/[^/]+'
[2026-09-03 10:58:16][info][CRDTCallbackManager] Successfully unregistered deleted data callback for pattern: '^/?/bc-369/tx/[^/]+'
[2026-09-03 10:58:16][info][TransactionManager] [1f61ed40 - full: false] ~TransactionManager: Metrics — cert_fallback(success=0 failure=0) validation(approve=0 reject=0) tracking(insert=0 confirm=0 fail=0)
[2026-09-03 10:58:16][info][Blockchain] [1f61ed40] Stopping blockchain
[2026-09-03 10:58:16][info][CRDTCallbackManager] Successfully unregistered new data callback for pattern: '/?gnus-genesis-block'
[2026-09-03 10:58:16][info][CRDTCallbackManager] Successfully unregistered new data callback for pattern: '/?gnus-account-creation-.*'
[2026-09-03 10:58:16][info][CRDTCallbackManager] Successfully unregistered new data callback for pattern: '/?gnus-validator-registry'
[2026-09-03 10:58:16][debug][GlobalDB] ~GlobalDB CALLED with count 6 on multi_node_finality_fault/restart-vote-passive/rocksdb 
[2026-09-03 10:58:16][info][GlobalDB] GlobalDB shutdown start
[2026-09-03 10:58:16][info][CrdtDatastore] CancelAndCloseNow: begin (pending_jobs=0, self_queue=0, root_queue=0, pending_roots=0, active_root=false)
[2026-09-03 10:58:16][debug][GraphsyncDAGSyncer] Stopping Dagsyncer
[2026-09-03 10:58:16][debug][GraphsyncDAGSyncer] Dagsyncer Stopped
[2026-09-03 10:58:16][info][CrdtDatastore] CancelAndCloseNow: CRDT workers stopped
[2026-09-03 10:58:16][warning][CrdtDatastore] CancelAndCloseNow called but shutdown has already started
[2026-09-03 10:58:16][debug][GraphsyncDAGSyncer] ~GraphsyncDAGSyncer CALLED
[2026-09-03 10:58:16][info][GlobalDB] GlobalDB shutdown finished
[2026-09-03 10:58:16.195427000][th:639296][error] GossipPubSub Address monitoring timer error: Operation canceled
[2026-09-03 10:58:17][info][KeyPairFileStorage] Path to keypairs multi_node_finality_fault/restart-certificate-validator-one/keypair
[2026-09-03 10:58:17][info][KeyPairFileStorage] Peer ID from public key: 12D3KooWAq7fuP8vpMriH6eNZK7sHXafSwNBQqGWLZ8jyd6rb297
Current limits: 16384 (soft), 9223372036854775807 (hard)
New limits set successfully: 16384 (soft), 9223372036854775807 (hard)
Initialized relay addresses
[2026-09-03 10:58:17.201342000][th:637526][info] GossipPubSub /ip4/0.0.0.0/tcp/54611/p2p/12D3KooWAq7fuP8vpMriH6eNZK7sHXafSwNBQqGWLZ8jyd6rb297: Starting PubSub service
[2026-09-03 10:58:17.201446000][th:639741][info] GossipPubSub Starting address monitoring system for mobile network changes
[2026-09-03 10:58:17.201449000][th:639741][info] GossipPubSub === CURRENT NETWORK STATE ===
[2026-09-03 10:58:17.201460000][th:639741][info] GossipPubSub Primary listening address: /ip4/0.0.0.0/tcp/54611/p2p/12D3KooWAq7fuP8vpMriH6eNZK7sHXafSwNBQqGWLZ8jyd6rb297
[2026-09-03 10:58:17.201462000][th:639741][info] GossipPubSub Host peer info addresses (0):
[2026-09-03 10:58:17.201463000][th:639741][info] GossipPubSub Additional addresses we track (0):
[2026-09-03 10:58:17.201471000][th:639741][info] GossipPubSub Listening addresses (1):
[2026-09-03 10:58:17.201474000][th:639741][info] GossipPubSub   -> /ip4/0.0.0.0/tcp/54611/p2p/12D3KooWAq7fuP8vpMriH6eNZK7sHXafSwNBQqGWLZ8jyd6rb297
[2026-09-03 10:58:17.201476000][th:639741][info] GossipPubSub Interface addresses (0):
[2026-09-03 10:58:17.201477000][th:639741][info] GossipPubSub === RAW OBSERVED ADDRESS DEBUG ===
[2026-09-03 10:58:17.201479000][th:639741][info] GossipPubSub Local address: /ip4/0.0.0.0/tcp/54611/p2p/12D3KooWAq7fuP8vpMriH6eNZK7sHXafSwNBQqGWLZ8jyd6rb297 -> 0 raw observed, 0 activated+confirmed
[2026-09-03 10:58:17.201481000][th:639741][info] GossipPubSub TOTAL: 0 raw observed addresses, 0 activated+confirmed addresses
[2026-09-03 10:58:17.201482000][th:639741][info] GossipPubSub === END RAW OBSERVED ADDRESS DEBUG ===
[2026-09-03 10:58:17.201483000][th:639741][info] GossipPubSub Observed addresses - all (0):
[2026-09-03 10:58:17.201484000][th:639741][info] GossipPubSub Observed addresses - confirmed only (0):
[2026-09-03 10:58:17.201485000][th:639741][info] GossipPubSub Relay addresses (0):
[2026-09-03 10:58:17.201488000][th:639741][warning] GossipPubSub Failed to get addresses from peer repository: not found
[2026-09-03 10:58:17.201536000][th:639741][info] GossipPubSub Found 1 valid network interfaces
[2026-09-03 10:58:17.201538000][th:639741][info] GossipPubSub Current network interfaces (1):
[2026-09-03 10:58:17.201539000][th:639741][info] GossipPubSub   -> 192.168.1.6
[2026-09-03 10:58:17.201540000][th:639741][info] GossipPubSub Active connections: 0
[2026-09-03 10:58:17.201541000][th:639741][info] GossipPubSub === PEER CONNECTION DETAILS ===
[2026-09-03 10:58:17.201542000][th:639741][info] GossipPubSub NOTE: Observed addresses need to be seen by 4+ different peer groups to become 'activated'
[2026-09-03 10:58:17.201543000][th:639741][info] GossipPubSub NOTE: Current connections: 0, so max possible observers: 0
[2026-09-03 10:58:17.201544000][th:639741][info] GossipPubSub === END PEER CONNECTION DETAILS ===
[2026-09-03 10:58:17.201545000][th:639741][info] GossipPubSub Connection manager stats:
[2026-09-03 10:58:17.201546000][th:639741][info] GossipPubSub   -> Max connections: 1000
[2026-09-03 10:58:17.201547000][th:639741][info] GossipPubSub   -> Current connections: 0
[2026-09-03 10:58:17.201548000][th:639741][info] GossipPubSub === END NETWORK STATE ===
[2026-09-03 10:58:17.201775000][th:639741][info] GossipPubSub /ip4/0.0.0.0/tcp/54611/p2p/12D3KooWAq7fuP8vpMriH6eNZK7sHXafSwNBQqGWLZ8jyd6rb297 : PubSub service started
[2026-09-03 10:58:17][info][GlobalDB] Opening database /Users/henriqueklein/gnus/SuperGenius/multi_node_finality_fault/restart-certificate-validator-one/rocksdb
[2026-09-03 10:58:17][debug][GraphsyncDAGSyncer] GraphSyncer created 4712320024 
[2026-09-03 10:58:17][info][CrdtDatastore] crdt Datastore created. Number of heads: 0 Current max-height: 0
[2026-09-03 10:58:17][info][GeniusAccount] Secure storage ID path: /Users/henriqueklein/gnus/SuperGenius/multi_node_finality_fault/restart-certificate-validator-one/account/secure_storage_id
[2026-09-03 10:58:17][error][GeniusAccount] Could not find existing Genius address, generating one from a random mnemonic
[2026-09-03 10:58:17][warning][UTXOManager] Found UTXOs in storage, but there were none
[2026-09-03 10:58:17][info][Blockchain] [6b416df6] Blockchain instance created with authorized full node: 8a33bdf1
[2026-09-03 10:58:17][error][ValidatorRegistry] InitializeCache: registry content not found during cache init
[2026-09-03 10:58:17][info][CRDTCallbackManager] Successfully registered new data callback for pattern: '/?gnus-validator-registry'
[2026-09-03 10:58:17][info][ValidatorRegistry] RegisterFilter: result=true
[2026-09-03 10:58:17][info][ValidatorRegistry] New: instance ready
[2026-09-03 10:58:17.236553000][th:639741][info] GossipPubSub /ip4/0.0.0.0/tcp/54611/p2p/12D3KooWAq7fuP8vpMriH6eNZK7sHXafSwNBQqGWLZ8jyd6rb297: PubSub subscribed to topic 'gnus-validator-registry.3.7.144'
[2026-09-03 10:58:17.236584000][th:639741][info] GossipPubSub /ip4/0.0.0.0/tcp/54611/p2p/12D3KooWAq7fuP8vpMriH6eNZK7sHXafSwNBQqGWLZ8jyd6rb297: PubSub subscribed to topic 'consensus-channel-.3.7.144'
[2026-09-03 10:58:17][info][CRDTCallbackManager] Successfully registered new data callback for pattern: '^/?cert/[^/]+'
[2026-09-03 10:58:17.236627000][th:639741][info] GossipPubSub /ip4/0.0.0.0/tcp/54611/p2p/12D3KooWAq7fuP8vpMriH6eNZK7sHXafSwNBQqGWLZ8jyd6rb297: PubSub subscribed to topic 'consensus-channel-.3.7.144#datastore.3.7.144'
[2026-09-03 10:58:17][warning][Blockchain] [6b416df6] Failed to request validator registry during blockchain init
[2026-09-03 10:58:17][info][CRDTCallbackManager] Successfully registered new data callback for pattern: '/?gnus-genesis-block'
[2026-09-03 10:58:17][info][CRDTCallbackManager] Successfully registered new data callback for pattern: '/?gnus-account-creation-.*'
[2026-09-03 10:58:17][info][CRDTCallbackManager] Successfully registered new data callback for pattern: '^/?/bc-144/tx/[^/]+'
[2026-09-03 10:58:17][info][CRDTCallbackManager] Successfully registered deleted data callback for pattern: '^/?/bc-144/tx/[^/]+'
[2026-09-03 10:58:17][info][CRDTCallbackManager] Successfully registered new data callback for pattern: '^/?/bc-963/tx/[^/]+'
[2026-09-03 10:58:17][info][CRDTCallbackManager] Successfully registered deleted data callback for pattern: '^/?/bc-963/tx/[^/]+'
[2026-09-03 10:58:17][info][CRDTCallbackManager] Successfully registered new data callback for pattern: '^/?/bc-369/tx/[^/]+'
[2026-09-03 10:58:17][info][CRDTCallbackManager] Successfully registered deleted data callback for pattern: '^/?/bc-369/tx/[^/]+'
[2026-09-03 10:58:17][info][KeyPairFileStorage] Path to keypairs multi_node_finality_fault/restart-certificate-validator-two/keypair
[2026-09-03 10:58:17][info][KeyPairFileStorage] Peer ID from public key: 12D3KooWJ7ybxG76HnkgfuaENf6wB3oQdhtWLaLaTRbgR3YKdjhU
Current limits: 16384 (soft), 9223372036854775807 (hard)
New limits set successfully: 16384 (soft), 9223372036854775807 (hard)
Initialized relay addresses
[2026-09-03 10:58:17.239158000][th:637526][info] GossipPubSub /ip4/0.0.0.0/tcp/54612/p2p/12D3KooWJ7ybxG76HnkgfuaENf6wB3oQdhtWLaLaTRbgR3YKdjhU: Starting PubSub service
[2026-09-03 10:58:17.239276000][th:639762][info] GossipPubSub Starting address monitoring system for mobile network changes
[2026-09-03 10:58:17.239279000][th:639762][info] GossipPubSub === CURRENT NETWORK STATE ===
[2026-09-03 10:58:17.239291000][th:639762][info] GossipPubSub Primary listening address: /ip4/0.0.0.0/tcp/54612/p2p/12D3KooWJ7ybxG76HnkgfuaENf6wB3oQdhtWLaLaTRbgR3YKdjhU
[2026-09-03 10:58:17.239293000][th:639762][info] GossipPubSub Host peer info addresses (0):
[2026-09-03 10:58:17.239294000][th:639762][info] GossipPubSub Additional addresses we track (0):
[2026-09-03 10:58:17.239296000][th:639762][info] GossipPubSub Listening addresses (1):
[2026-09-03 10:58:17.239297000][th:639762][info] GossipPubSub   -> /ip4/0.0.0.0/tcp/54612/p2p/12D3KooWJ7ybxG76HnkgfuaENf6wB3oQdhtWLaLaTRbgR3YKdjhU
[2026-09-03 10:58:17.239298000][th:639762][info] GossipPubSub Interface addresses (0):
[2026-09-03 10:58:17.239299000][th:639762][info] GossipPubSub === RAW OBSERVED ADDRESS DEBUG ===
[2026-09-03 10:58:17.239301000][th:639762][info] GossipPubSub Local address: /ip4/0.0.0.0/tcp/54612/p2p/12D3KooWJ7ybxG76HnkgfuaENf6wB3oQdhtWLaLaTRbgR3YKdjhU -> 0 raw observed, 0 activated+confirmed
[2026-09-03 10:58:17.239303000][th:639762][info] GossipPubSub TOTAL: 0 raw observed addresses, 0 activated+confirmed addresses
[2026-09-03 10:58:17.239304000][th:639762][info] GossipPubSub === END RAW OBSERVED ADDRESS DEBUG ===
[2026-09-03 10:58:17.239305000][th:639762][info] GossipPubSub Observed addresses - all (0):
[2026-09-03 10:58:17.239306000][th:639762][info] GossipPubSub Observed addresses - confirmed only (0):
[2026-09-03 10:58:17.239307000][th:639762][info] GossipPubSub Relay addresses (0):
[2026-09-03 10:58:17.239310000][th:639762][warning] GossipPubSub Failed to get addresses from peer repository: not found
[2026-09-03 10:58:17.239387000][th:639762][info] GossipPubSub Found 1 valid network interfaces
[2026-09-03 10:58:17.239389000][th:639762][info] GossipPubSub Current network interfaces (1):
[2026-09-03 10:58:17.239390000][th:639762][info] GossipPubSub   -> 192.168.1.6
[2026-09-03 10:58:17.239393000][th:639762][info] GossipPubSub Active connections: 0
[2026-09-03 10:58:17.239394000][th:639762][info] GossipPubSub === PEER CONNECTION DETAILS ===
[2026-09-03 10:58:17.239395000][th:639762][info] GossipPubSub NOTE: Observed addresses need to be seen by 4+ different peer groups to become 'activated'
[2026-09-03 10:58:17.239396000][th:639762][info] GossipPubSub NOTE: Current connections: 0, so max possible observers: 0
[2026-09-03 10:58:17.239397000][th:639762][info] GossipPubSub === END PEER CONNECTION DETAILS ===
[2026-09-03 10:58:17.239397000][th:639762][info] GossipPubSub Connection manager stats:
[2026-09-03 10:58:17.239399000][th:639762][info] GossipPubSub   -> Max connections: 1000
[2026-09-03 10:58:17.239400000][th:639762][info] GossipPubSub   -> Current connections: 0
[2026-09-03 10:58:17.239401000][th:639762][info] GossipPubSub === END NETWORK STATE ===
[2026-09-03 10:58:17.239730000][th:639762][info] GossipPubSub /ip4/0.0.0.0/tcp/54612/p2p/12D3KooWJ7ybxG76HnkgfuaENf6wB3oQdhtWLaLaTRbgR3YKdjhU : PubSub service started
[2026-09-03 10:58:17][info][GlobalDB] Opening database /Users/henriqueklein/gnus/SuperGenius/multi_node_finality_fault/restart-certificate-validator-two/rocksdb
[2026-09-03 10:58:17][debug][GraphsyncDAGSyncer] GraphSyncer created 4712367960 
[2026-09-03 10:58:17][info][CrdtDatastore] crdt Datastore created. Number of heads: 0 Current max-height: 0
[2026-09-03 10:58:17][info][GeniusAccount] Secure storage ID path: /Users/henriqueklein/gnus/SuperGenius/multi_node_finality_fault/restart-certificate-validator-two/account/secure_storage_id
[2026-09-03 10:58:17][error][GeniusAccount] Could not find existing Genius address, generating one from a random mnemonic
[2026-09-03 10:58:17][warning][UTXOManager] Found UTXOs in storage, but there were none
[2026-09-03 10:58:17][info][Blockchain] [4d5b44e4] Blockchain instance created with authorized full node: 8a33bdf1
[2026-09-03 10:58:17][error][ValidatorRegistry] InitializeCache: registry content not found during cache init
[2026-09-03 10:58:17][info][CRDTCallbackManager] Successfully registered new data callback for pattern: '/?gnus-validator-registry'
[2026-09-03 10:58:17][info][ValidatorRegistry] RegisterFilter: result=true
[2026-09-03 10:58:17][info][ValidatorRegistry] New: instance ready
[2026-09-03 10:58:17.278453000][th:639762][info] GossipPubSub /ip4/0.0.0.0/tcp/54612/p2p/12D3KooWJ7ybxG76HnkgfuaENf6wB3oQdhtWLaLaTRbgR3YKdjhU: PubSub subscribed to topic 'gnus-validator-registry.3.7.144'
[2026-09-03 10:58:17.278489000][th:639762][info] GossipPubSub /ip4/0.0.0.0/tcp/54612/p2p/12D3KooWJ7ybxG76HnkgfuaENf6wB3oQdhtWLaLaTRbgR3YKdjhU: PubSub subscribed to topic 'consensus-channel-.3.7.144'
[2026-09-03 10:58:17][info][CRDTCallbackManager] Successfully registered new data callback for pattern: '^/?cert/[^/]+'
[2026-09-03 10:58:17.278528000][th:639762][info] GossipPubSub /ip4/0.0.0.0/tcp/54612/p2p/12D3KooWJ7ybxG76HnkgfuaENf6wB3oQdhtWLaLaTRbgR3YKdjhU: PubSub subscribed to topic 'consensus-channel-.3.7.144#datastore.3.7.144'
[2026-09-03 10:58:17][warning][Blockchain] [4d5b44e4] Failed to request validator registry during blockchain init
[2026-09-03 10:58:17][info][CRDTCallbackManager] Successfully registered new data callback for pattern: '/?gnus-genesis-block'
[2026-09-03 10:58:17][info][CRDTCallbackManager] Successfully registered new data callback for pattern: '/?gnus-account-creation-.*'
[2026-09-03 10:58:17][info][CRDTCallbackManager] Successfully registered new data callback for pattern: '^/?/bc-144/tx/[^/]+'
[2026-09-03 10:58:17][info][CRDTCallbackManager] Successfully registered deleted data callback for pattern: '^/?/bc-144/tx/[^/]+'
[2026-09-03 10:58:17][info][CRDTCallbackManager] Successfully registered new data callback for pattern: '^/?/bc-963/tx/[^/]+'
[2026-09-03 10:58:17][info][CRDTCallbackManager] Successfully registered deleted data callback for pattern: '^/?/bc-963/tx/[^/]+'
[2026-09-03 10:58:17][info][CRDTCallbackManager] Successfully registered new data callback for pattern: '^/?/bc-369/tx/[^/]+'
[2026-09-03 10:58:17][info][CRDTCallbackManager] Successfully registered deleted data callback for pattern: '^/?/bc-369/tx/[^/]+'
[2026-09-03 10:58:17][info][KeyPairFileStorage] Path to keypairs multi_node_finality_fault/restart-certificate-validator-three/keypair
[2026-09-03 10:58:17][info][KeyPairFileStorage] Peer ID from public key: 12D3KooWJT11Z2RXbLqrXjhwN4CrFWaEoUqSLcyptL86bZzskCra
Current limits: 16384 (soft), 9223372036854775807 (hard)
New limits set successfully: 16384 (soft), 9223372036854775807 (hard)
Initialized relay addresses
[2026-09-03 10:58:17.281364000][th:637526][info] GossipPubSub /ip4/0.0.0.0/tcp/54613/p2p/12D3KooWJT11Z2RXbLqrXjhwN4CrFWaEoUqSLcyptL86bZzskCra: Starting PubSub service
[2026-09-03 10:58:17.281522000][th:639783][info] GossipPubSub Starting address monitoring system for mobile network changes
[2026-09-03 10:58:17.281526000][th:639783][info] GossipPubSub === CURRENT NETWORK STATE ===
[2026-09-03 10:58:17.281541000][th:639783][info] GossipPubSub Primary listening address: /ip4/0.0.0.0/tcp/54613/p2p/12D3KooWJT11Z2RXbLqrXjhwN4CrFWaEoUqSLcyptL86bZzskCra
[2026-09-03 10:58:17.281544000][th:639783][info] GossipPubSub Host peer info addresses (0):
[2026-09-03 10:58:17.281545000][th:639783][info] GossipPubSub Additional addresses we track (0):
[2026-09-03 10:58:17.281547000][th:639783][info] GossipPubSub Listening addresses (1):
[2026-09-03 10:58:17.281549000][th:639783][info] GossipPubSub   -> /ip4/0.0.0.0/tcp/54613/p2p/12D3KooWJT11Z2RXbLqrXjhwN4CrFWaEoUqSLcyptL86bZzskCra
[2026-09-03 10:58:17.281550000][th:639783][info] GossipPubSub Interface addresses (0):
[2026-09-03 10:58:17.281550000][th:639783][info] GossipPubSub === RAW OBSERVED ADDRESS DEBUG ===
[2026-09-03 10:58:17.281553000][th:639783][info] GossipPubSub Local address: /ip4/0.0.0.0/tcp/54613/p2p/12D3KooWJT11Z2RXbLqrXjhwN4CrFWaEoUqSLcyptL86bZzskCra -> 0 raw observed, 0 activated+confirmed
[2026-09-03 10:58:17.281555000][th:639783][info] GossipPubSub TOTAL: 0 raw observed addresses, 0 activated+confirmed addresses
[2026-09-03 10:58:17.281556000][th:639783][info] GossipPubSub === END RAW OBSERVED ADDRESS DEBUG ===
[2026-09-03 10:58:17.281557000][th:639783][info] GossipPubSub Observed addresses - all (0):
[2026-09-03 10:58:17.281558000][th:639783][info] GossipPubSub Observed addresses - confirmed only (0):
[2026-09-03 10:58:17.281559000][th:639783][info] GossipPubSub Relay addresses (0):
[2026-09-03 10:58:17.281562000][th:639783][warning] GossipPubSub Failed to get addresses from peer repository: not found
[2026-09-03 10:58:17.281644000][th:639783][info] GossipPubSub Found 1 valid network interfaces
[2026-09-03 10:58:17.281646000][th:639783][info] GossipPubSub Current network interfaces (1):
[2026-09-03 10:58:17.281647000][th:639783][info] GossipPubSub   -> 192.168.1.6
[2026-09-03 10:58:17.281649000][th:639783][info] GossipPubSub Active connections: 0
[2026-09-03 10:58:17.281650000][th:639783][info] GossipPubSub === PEER CONNECTION DETAILS ===
[2026-09-03 10:58:17.281651000][th:639783][info] GossipPubSub NOTE: Observed addresses need to be seen by 4+ different peer groups to become 'activated'
[2026-09-03 10:58:17.281652000][th:639783][info] GossipPubSub NOTE: Current connections: 0, so max possible observers: 0
[2026-09-03 10:58:17.281653000][th:639783][info] GossipPubSub === END PEER CONNECTION DETAILS ===
[2026-09-03 10:58:17.281654000][th:639783][info] GossipPubSub Connection manager stats:
[2026-09-03 10:58:17.281655000][th:639783][info] GossipPubSub   -> Max connections: 1000
[2026-09-03 10:58:17.281656000][th:639783][info] GossipPubSub   -> Current connections: 0
[2026-09-03 10:58:17.281657000][th:639783][info] GossipPubSub === END NETWORK STATE ===
[2026-09-03 10:58:17.282035000][th:639783][info] GossipPubSub /ip4/0.0.0.0/tcp/54613/p2p/12D3KooWJT11Z2RXbLqrXjhwN4CrFWaEoUqSLcyptL86bZzskCra : PubSub service started
[2026-09-03 10:58:17][info][GlobalDB] Opening database /Users/henriqueklein/gnus/SuperGenius/multi_node_finality_fault/restart-certificate-validator-three/rocksdb
[2026-09-03 10:58:17][debug][GraphsyncDAGSyncer] GraphSyncer created 5249394888 
[2026-09-03 10:58:17][info][CrdtDatastore] crdt Datastore created. Number of heads: 0 Current max-height: 0
[2026-09-03 10:58:17][info][GeniusAccount] Secure storage ID path: /Users/henriqueklein/gnus/SuperGenius/multi_node_finality_fault/restart-certificate-validator-three/account/secure_storage_id
[2026-09-03 10:58:17][error][GeniusAccount] Could not find existing Genius address, generating one from a random mnemonic
[2026-09-03 10:58:17][warning][UTXOManager] Found UTXOs in storage, but there were none
[2026-09-03 10:58:17][info][Blockchain] [c5ebf028] Blockchain instance created with authorized full node: 8a33bdf1
[2026-09-03 10:58:17][error][ValidatorRegistry] InitializeCache: registry content not found during cache init
[2026-09-03 10:58:17][info][CRDTCallbackManager] Successfully registered new data callback for pattern: '/?gnus-validator-registry'
[2026-09-03 10:58:17][info][ValidatorRegistry] RegisterFilter: result=true
[2026-09-03 10:58:17][info][ValidatorRegistry] New: instance ready
[2026-09-03 10:58:17][info][CRDTCallbackManager] Successfully registered new data callback for pattern: '^/?cert/[^/]+'
[2026-09-03 10:58:17.324300000][th:639783][info] GossipPubSub /ip4/0.0.0.0/tcp/54613/p2p/12D3KooWJT11Z2RXbLqrXjhwN4CrFWaEoUqSLcyptL86bZzskCra: PubSub subscribed to topic 'gnus-validator-registry.3.7.144'
[2026-09-03 10:58:17.324332000][th:639783][info] GossipPubSub /ip4/0.0.0.0/tcp/54613/p2p/12D3KooWJT11Z2RXbLqrXjhwN4CrFWaEoUqSLcyptL86bZzskCra: PubSub subscribed to topic 'consensus-channel-.3.7.144'
[2026-09-03 10:58:17][warning][Blockchain] [c5ebf028] Failed to request validator registry during blockchain init
[2026-09-03 10:58:17][info][CRDTCallbackManager] Successfully registered new data callback for pattern: '/?gnus-genesis-block'
[2026-09-03 10:58:17][info][CRDTCallbackManager] Successfully registered new data callback for pattern: '/?gnus-account-creation-.*'
[2026-09-03 10:58:17.324342000][th:639783][info] GossipPubSub /ip4/0.0.0.0/tcp/54613/p2p/12D3KooWJT11Z2RXbLqrXjhwN4CrFWaEoUqSLcyptL86bZzskCra: PubSub subscribed to topic 'consensus-channel-.3.7.144#datastore.3.7.144'
[2026-09-03 10:58:17][info][CRDTCallbackManager] Successfully registered new data callback for pattern: '^/?/bc-144/tx/[^/]+'
[2026-09-03 10:58:17][info][CRDTCallbackManager] Successfully registered deleted data callback for pattern: '^/?/bc-144/tx/[^/]+'
[2026-09-03 10:58:17][info][CRDTCallbackManager] Successfully registered new data callback for pattern: '^/?/bc-963/tx/[^/]+'
[2026-09-03 10:58:17][info][CRDTCallbackManager] Successfully registered deleted data callback for pattern: '^/?/bc-963/tx/[^/]+'
[2026-09-03 10:58:17][info][CRDTCallbackManager] Successfully registered new data callback for pattern: '^/?/bc-369/tx/[^/]+'
[2026-09-03 10:58:17][info][CRDTCallbackManager] Successfully registered deleted data callback for pattern: '^/?/bc-369/tx/[^/]+'
[2026-09-03 10:58:17][info][KeyPairFileStorage] Path to keypairs multi_node_finality_fault/restart-certificate-passive/keypair
[2026-09-03 10:58:17][info][KeyPairFileStorage] Peer ID from public key: 12D3KooWNTU5GikZYzJnYHH59eHQxTU2LQA7xg2V3syP2A71oYQs
Current limits: 16384 (soft), 9223372036854775807 (hard)
New limits set successfully: 16384 (soft), 9223372036854775807 (hard)
Initialized relay addresses
[2026-09-03 10:58:17.326546000][th:637526][info] GossipPubSub /ip4/0.0.0.0/tcp/54614/p2p/12D3KooWNTU5GikZYzJnYHH59eHQxTU2LQA7xg2V3syP2A71oYQs: Starting PubSub service
[2026-09-03 10:58:17.326623000][th:639804][info] GossipPubSub Starting address monitoring system for mobile network changes
[2026-09-03 10:58:17.326625000][th:639804][info] GossipPubSub === CURRENT NETWORK STATE ===
[2026-09-03 10:58:17.326635000][th:639804][info] GossipPubSub Primary listening address: /ip4/0.0.0.0/tcp/54614/p2p/12D3KooWNTU5GikZYzJnYHH59eHQxTU2LQA7xg2V3syP2A71oYQs
[2026-09-03 10:58:17.326636000][th:639804][info] GossipPubSub Host peer info addresses (0):
[2026-09-03 10:58:17.326638000][th:639804][info] GossipPubSub Additional addresses we track (0):
[2026-09-03 10:58:17.326639000][th:639804][info] GossipPubSub Listening addresses (1):
[2026-09-03 10:58:17.326640000][th:639804][info] GossipPubSub   -> /ip4/0.0.0.0/tcp/54614/p2p/12D3KooWNTU5GikZYzJnYHH59eHQxTU2LQA7xg2V3syP2A71oYQs
[2026-09-03 10:58:17.326641000][th:639804][info] GossipPubSub Interface addresses (0):
[2026-09-03 10:58:17.326642000][th:639804][info] GossipPubSub === RAW OBSERVED ADDRESS DEBUG ===
[2026-09-03 10:58:17.326644000][th:639804][info] GossipPubSub Local address: /ip4/0.0.0.0/tcp/54614/p2p/12D3KooWNTU5GikZYzJnYHH59eHQxTU2LQA7xg2V3syP2A71oYQs -> 0 raw observed, 0 activated+confirmed
[2026-09-03 10:58:17.326645000][th:639804][info] GossipPubSub TOTAL: 0 raw observed addresses, 0 activated+confirmed addresses
[2026-09-03 10:58:17.326646000][th:639804][info] GossipPubSub === END RAW OBSERVED ADDRESS DEBUG ===
[2026-09-03 10:58:17.326647000][th:639804][info] GossipPubSub Observed addresses - all (0):
[2026-09-03 10:58:17.326648000][th:639804][info] GossipPubSub Observed addresses - confirmed only (0):
[2026-09-03 10:58:17.326649000][th:639804][info] GossipPubSub Relay addresses (0):
[2026-09-03 10:58:17.326652000][th:639804][warning] GossipPubSub Failed to get addresses from peer repository: not found
[2026-09-03 10:58:17.326698000][th:639804][info] GossipPubSub Found 1 valid network interfaces
[2026-09-03 10:58:17.326700000][th:639804][info] GossipPubSub Current network interfaces (1):
[2026-09-03 10:58:17.326701000][th:639804][info] GossipPubSub   -> 192.168.1.6
[2026-09-03 10:58:17.326703000][th:639804][info] GossipPubSub Active connections: 0
[2026-09-03 10:58:17.326704000][th:639804][info] GossipPubSub === PEER CONNECTION DETAILS ===
[2026-09-03 10:58:17.326705000][th:639804][info] GossipPubSub NOTE: Observed addresses need to be seen by 4+ different peer groups to become 'activated'
[2026-09-03 10:58:17.326706000][th:639804][info] GossipPubSub NOTE: Current connections: 0, so max possible observers: 0
[2026-09-03 10:58:17.326706000][th:639804][info] GossipPubSub === END PEER CONNECTION DETAILS ===
[2026-09-03 10:58:17.326707000][th:639804][info] GossipPubSub Connection manager stats:
[2026-09-03 10:58:17.326708000][th:639804][info] GossipPubSub   -> Max connections: 1000
[2026-09-03 10:58:17.326709000][th:639804][info] GossipPubSub   -> Current connections: 0
[2026-09-03 10:58:17.326710000][th:639804][info] GossipPubSub === END NETWORK STATE ===
[2026-09-03 10:58:17.326940000][th:639804][info] GossipPubSub /ip4/0.0.0.0/tcp/54614/p2p/12D3KooWNTU5GikZYzJnYHH59eHQxTU2LQA7xg2V3syP2A71oYQs : PubSub service started
[2026-09-03 10:58:17][info][GlobalDB] Opening database /Users/henriqueklein/gnus/SuperGenius/multi_node_finality_fault/restart-certificate-passive/rocksdb
[2026-09-03 10:58:17][debug][GraphsyncDAGSyncer] GraphSyncer created 5250277784 
[2026-09-03 10:58:17][info][CrdtDatastore] crdt Datastore created. Number of heads: 0 Current max-height: 0
[2026-09-03 10:58:17][info][GeniusAccount] Secure storage ID path: /Users/henriqueklein/gnus/SuperGenius/multi_node_finality_fault/restart-certificate-passive/account/secure_storage_id
[2026-09-03 10:58:17][error][GeniusAccount] Could not find existing Genius address, generating one from a random mnemonic
[2026-09-03 10:58:17][warning][UTXOManager] Found UTXOs in storage, but there were none
[2026-09-03 10:58:17][info][Blockchain] [8da7d6e0] Blockchain instance created with authorized full node: 8a33bdf1
[2026-09-03 10:58:17][error][ValidatorRegistry] InitializeCache: registry content not found during cache init
[2026-09-03 10:58:17][info][CRDTCallbackManager] Successfully registered new data callback for pattern: '/?gnus-validator-registry'
[2026-09-03 10:58:17][info][ValidatorRegistry] RegisterFilter: result=true
[2026-09-03 10:58:17][info][ValidatorRegistry] New: instance ready
[2026-09-03 10:58:17.360898000][th:639804][info] GossipPubSub /ip4/0.0.0.0/tcp/54614/p2p/12D3KooWNTU5GikZYzJnYHH59eHQxTU2LQA7xg2V3syP2A71oYQs: PubSub subscribed to topic 'gnus-validator-registry.3.7.144'
[2026-09-03 10:58:17][info][CRDTCallbackManager] Successfully registered new data callback for pattern: '^/?cert/[^/]+'
[2026-09-03 10:58:17.360919000][th:639804][info] GossipPubSub /ip4/0.0.0.0/tcp/54614/p2p/12D3KooWNTU5GikZYzJnYHH59eHQxTU2LQA7xg2V3syP2A71oYQs: PubSub subscribed to topic 'consensus-channel-.3.7.144'
[2026-09-03 10:58:17][warning][Blockchain] [8da7d6e0] Failed to request validator registry during blockchain init
[2026-09-03 10:58:17][info][CRDTCallbackManager] Successfully registered new data callback for pattern: '/?gnus-genesis-block'
[2026-09-03 10:58:17.360937000][th:639804][info] GossipPubSub /ip4/0.0.0.0/tcp/54614/p2p/12D3KooWNTU5GikZYzJnYHH59eHQxTU2LQA7xg2V3syP2A71oYQs: PubSub subscribed to topic 'consensus-channel-.3.7.144#datastore.3.7.144'
[2026-09-03 10:58:17][info][CRDTCallbackManager] Successfully registered new data callback for pattern: '/?gnus-account-creation-.*'
[2026-09-03 10:58:17][info][CRDTCallbackManager] Successfully registered new data callback for pattern: '^/?/bc-144/tx/[^/]+'
[2026-09-03 10:58:17][info][CRDTCallbackManager] Successfully registered deleted data callback for pattern: '^/?/bc-144/tx/[^/]+'
[2026-09-03 10:58:17][info][CRDTCallbackManager] Successfully registered new data callback for pattern: '^/?/bc-963/tx/[^/]+'
[2026-09-03 10:58:17][info][CRDTCallbackManager] Successfully registered deleted data callback for pattern: '^/?/bc-963/tx/[^/]+'
[2026-09-03 10:58:17][info][CRDTCallbackManager] Successfully registered new data callback for pattern: '^/?/bc-369/tx/[^/]+'
[2026-09-03 10:58:17][info][CRDTCallbackManager] Successfully registered deleted data callback for pattern: '^/?/bc-369/tx/[^/]+'
[2026-09-03 10:58:17][info][CrdtDatastore] Topics { name="gnus-validator-registry" }
[2026-09-03 10:58:17][info][CRDTCallbackManager] Executing callback for key '/gnus-validator-registry' matching pattern '/?gnus-validator-registry'
[2026-09-03 10:58:17][info][ValidatorRegistry] RegistryUpdateReceived: cache updated and initialized
[2026-09-03 10:58:17][debug][GraphsyncDAGSyncer] addNode: Added node QmSc6jcPNqnufnGubzpD1QChHA1AzFCrkPXjrQsqLDJpVV on dagService 
[2026-09-03 10:58:17][info][ValidatorRegistry] StoreRegistryUpdate: stored registry update CID QmSc6jcPNqnufnGubzpD1QChHA1AzFCrkPXjrQsqLDJpVV
[2026-09-03 10:58:17][info][ValidatorRegistry] StoreRegistryUpdate: success
[2026-09-03 10:58:17][info][CrdtDatastore] Topics { name="gnus-validator-registry" }
[2026-09-03 10:58:17][info][CRDTCallbackManager] Executing callback for key '/gnus-validator-registry' matching pattern '/?gnus-validator-registry'
[2026-09-03 10:58:17][info][ValidatorRegistry] RegistryUpdateReceived: cache updated and initialized
[2026-09-03 10:58:17][debug][GraphsyncDAGSyncer] addNode: Added node QmSc6jcPNqnufnGubzpD1QChHA1AzFCrkPXjrQsqLDJpVV on dagService 
[2026-09-03 10:58:17][info][ValidatorRegistry] StoreRegistryUpdate: stored registry update CID QmSc6jcPNqnufnGubzpD1QChHA1AzFCrkPXjrQsqLDJpVV
[2026-09-03 10:58:17][info][ValidatorRegistry] StoreRegistryUpdate: success
[2026-09-03 10:58:17][info][CrdtDatastore] Topics { name="gnus-validator-registry" }
[2026-09-03 10:58:17][info][CRDTCallbackManager] Executing callback for key '/gnus-validator-registry' matching pattern '/?gnus-validator-registry'
[2026-09-03 10:58:17][info][ValidatorRegistry] RegistryUpdateReceived: cache updated and initialized
[2026-09-03 10:58:17][debug][GraphsyncDAGSyncer] addNode: Added node QmSc6jcPNqnufnGubzpD1QChHA1AzFCrkPXjrQsqLDJpVV on dagService 
[2026-09-03 10:58:17][info][ValidatorRegistry] StoreRegistryUpdate: stored registry update CID QmSc6jcPNqnufnGubzpD1QChHA1AzFCrkPXjrQsqLDJpVV
[2026-09-03 10:58:17][info][ValidatorRegistry] StoreRegistryUpdate: success
[2026-09-03 10:58:17][info][CrdtDatastore] Topics { name="gnus-validator-registry" }
[2026-09-03 10:58:17][info][CRDTCallbackManager] Executing callback for key '/gnus-validator-registry' matching pattern '/?gnus-validator-registry'
[2026-09-03 10:58:17][info][ValidatorRegistry] RegistryUpdateReceived: cache updated and initialized
[2026-09-03 10:58:17][debug][GraphsyncDAGSyncer] addNode: Added node QmSc6jcPNqnufnGubzpD1QChHA1AzFCrkPXjrQsqLDJpVV on dagService 
[2026-09-03 10:58:17][info][ValidatorRegistry] StoreRegistryUpdate: stored registry update CID QmSc6jcPNqnufnGubzpD1QChHA1AzFCrkPXjrQsqLDJpVV
[2026-09-03 10:58:17][info][ValidatorRegistry] StoreRegistryUpdate: success
[2026-09-03 10:58:17.400179000][th:639741][info] GossipPubSub Adding new peer: 12D3KooWJ7ybxG76HnkgfuaENf6wB3oQdhtWLaLaTRbgR3YKdjhU
[2026-09-03 10:58:17.400238000][th:639741][info] GossipPubSub Adding new peer: 12D3KooWJT11Z2RXbLqrXjhwN4CrFWaEoUqSLcyptL86bZzskCra
[2026-09-03 10:58:17.400286000][th:639741][info] GossipPubSub Adding new peer: 12D3KooWNTU5GikZYzJnYHH59eHQxTU2LQA7xg2V3syP2A71oYQs
[2026-09-03 10:58:17.400311000][th:639762][info] GossipPubSub Adding new peer: 12D3KooWAq7fuP8vpMriH6eNZK7sHXafSwNBQqGWLZ8jyd6rb297
[2026-09-03 10:58:17.400356000][th:639762][info] GossipPubSub Adding new peer: 12D3KooWJT11Z2RXbLqrXjhwN4CrFWaEoUqSLcyptL86bZzskCra
[2026-09-03 10:58:17.400399000][th:639762][info] GossipPubSub Adding new peer: 12D3KooWNTU5GikZYzJnYHH59eHQxTU2LQA7xg2V3syP2A71oYQs
[2026-09-03 10:58:17.400442000][th:639783][info] GossipPubSub Adding new peer: 12D3KooWAq7fuP8vpMriH6eNZK7sHXafSwNBQqGWLZ8jyd6rb297
[2026-09-03 10:58:17.400484000][th:639783][info] GossipPubSub Adding new peer: 12D3KooWJ7ybxG76HnkgfuaENf6wB3oQdhtWLaLaTRbgR3YKdjhU
[2026-09-03 10:58:17.400526000][th:639783][info] GossipPubSub Adding new peer: 12D3KooWNTU5GikZYzJnYHH59eHQxTU2LQA7xg2V3syP2A71oYQs
[2026-09-03 10:58:17.400569000][th:639804][info] GossipPubSub Adding new peer: 12D3KooWAq7fuP8vpMriH6eNZK7sHXafSwNBQqGWLZ8jyd6rb297
[2026-09-03 10:58:17.400611000][th:639804][info] GossipPubSub Adding new peer: 12D3KooWJ7ybxG76HnkgfuaENf6wB3oQdhtWLaLaTRbgR3YKdjhU
[2026-09-03 10:58:17.400653000][th:639804][info] GossipPubSub Adding new peer: 12D3KooWJT11Z2RXbLqrXjhwN4CrFWaEoUqSLcyptL86bZzskCra
[2026-09-03 10:58:17][info][TransactionManager] [6b416df6 - full: false] ChangeTransactionState: Temp tracking entry created tx=4424260a288db5531fbbd2c10c6da2950668f8217578ef5e9fffcf457250312a
[2026-09-03 10:58:17][info][TransactionManager] [c5ebf028 - full: false] ChangeTransactionState: Temp tracking entry created tx=4424260a288db5531fbbd2c10c6da2950668f8217578ef5e9fffcf457250312a
[2026-09-03 10:58:17][info][TransactionManager] [4d5b44e4 - full: false] ChangeTransactionState: Temp tracking entry created tx=4424260a288db5531fbbd2c10c6da2950668f8217578ef5e9fffcf457250312a
[2026-09-03 10:58:17][info][TransactionManager] [8da7d6e0 - full: false] ChangeTransactionState: Temp tracking entry created tx=4424260a288db5531fbbd2c10c6da2950668f8217578ef5e9fffcf457250312a
[2026-09-03 10:58:19][error][ConsensusManager] HandleVote: ignored: proposal has not won frozen slot arbitration proposal_id=84080caf
[2026-09-03 10:58:19][error][ConsensusManager] HandleVote: ignored: proposal has not won frozen slot arbitration proposal_id=84080caf
[2026-09-03 10:58:19][error][ConsensusManager] HandleVote: ignored: proposal has not won frozen slot arbitration proposal_id=84080caf
[2026-09-03 10:58:19][error][ConsensusManager] HandleVote: ignored: proposal has not won frozen slot arbitration proposal_id=84080caf
[2026-09-03 10:58:22][info][CrdtDatastore] Topics { name="consensus-channel-.3.7.144#datastore" }
[2026-09-03 10:58:22][info][CRDTCallbackManager] Executing callback for key '/cert/mint-v2:test:0000000000000000000000000000000000000000000000000000000000000000:42:6b416df6b251930077e6e7a7e3371892611599daec55a14cfbb237b673143a3a72e1a37ed1fe2fc5068aa4447c3012a8974d98cdcb2da126c804dec4b4d4dce1:cccccccccccccccccccccccccccccccccccccccccccccccccccccccccccccccc' matching pattern '^/?cert/[^/]+'
[2026-09-03 10:58:22][debug][GraphsyncDAGSyncer] addNode: Added node QmTYsXGPVPSH3AykuYWcxbMfjNiTkHmy5eakKcYAZTgBPv on dagService 
[2026-09-03 10:58:22][debug][GraphsyncDAGSyncer] Registered new peer 12D3KooWJ7ybxG76HnkgfuaENf6wB3oQdhtWLaLaTRbgR3YKdjhU with key 0
[2026-09-03 10:58:22][debug][GraphsyncDAGSyncer] Added route for CID QmTYsXGPVPSH3AykuYWcxbMfjNiTkHmy5eakKcYAZTgBPv to peer 12D3KooWJ7ybxG76HnkgfuaENf6wB3oQdhtWLaLaTRbgR3YKdjhU (key 0, route_count=1)
[2026-09-03 10:58:22][debug][GraphsyncDAGSyncer] Registered new peer 12D3KooWJ7ybxG76HnkgfuaENf6wB3oQdhtWLaLaTRbgR3YKdjhU with key 0
[2026-09-03 10:58:22][debug][GraphsyncDAGSyncer] Added route for CID QmTYsXGPVPSH3AykuYWcxbMfjNiTkHmy5eakKcYAZTgBPv to peer 12D3KooWJ7ybxG76HnkgfuaENf6wB3oQdhtWLaLaTRbgR3YKdjhU (key 0, route_count=1)
[2026-09-03 10:58:22][debug][GraphsyncDAGSyncer] Registered new peer 12D3KooWJ7ybxG76HnkgfuaENf6wB3oQdhtWLaLaTRbgR3YKdjhU with key 0
[2026-09-03 10:58:22][debug][GraphsyncDAGSyncer] Added route for CID QmTYsXGPVPSH3AykuYWcxbMfjNiTkHmy5eakKcYAZTgBPv to peer 12D3KooWJ7ybxG76HnkgfuaENf6wB3oQdhtWLaLaTRbgR3YKdjhU (key 0, route_count=1)
[2026-09-03 10:58:22][debug][GraphsyncDAGSyncer] Block initialized without content to LRU cache: CID QmTYsXGPVPSH3AykuYWcxbMfjNiTkHmy5eakKcYAZTgBPv, cache size: 1
[2026-09-03 10:58:22][debug][GraphsyncDAGSyncer] Requesting Node QmTYsXGPVPSH3AykuYWcxbMfjNiTkHmy5eakKcYAZTgBPv on this 4712320024
[2026-09-03 10:58:22][debug][GraphsyncDAGSyncer] Return node for CID QmTYsXGPVPSH3AykuYWcxbMfjNiTkHmy5eakKcYAZTgBPv instance=4712367960
[2026-09-03 10:58:22.805594000][th:639741][warning] graphsync Request 1 for CID QmTYsXGPVPSH3AykuYWcxbMfjNiTkHmy5eakKcYAZTgBPv got RS_FULL_CONTENT but no blocks received yet
[2026-09-03 10:58:22][debug][GraphsyncDAGSyncer] request progress: code=FULL_CONTENT, extensions=(graphsync/response-metadata: 0x80) (graphsync/do-not-send-cids: 0x80) 
[2026-09-03 10:58:22][debug][GraphsyncDAGSyncer] HasBlock: false, cid: QmTYsXGPVPSH3AykuYWcxbMfjNiTkHmy5eakKcYAZTgBPv
[2026-09-03 10:58:22][debug][GraphsyncDAGSyncer] Existing block updated in LRU cache: CID QmTYsXGPVPSH3AykuYWcxbMfjNiTkHmy5eakKcYAZTgBPv
[2026-09-03 10:58:22][debug][GraphsyncDAGSyncer] Node added to dagService. CID: QmTYsXGPVPSH3AykuYWcxbMfjNiTkHmy5eakKcYAZTgBPv, links: []
[2026-09-03 10:58:22][debug][GraphsyncDAGSyncer] Seeing if peer 12D3KooWJ7ybxG76HnkgfuaENf6wB3oQdhtWLaLaTRbgR3YKdjhU has links to AddRoute
[2026-09-03 10:58:22][info][GraphsyncDAGSyncer] TraverseCIDsLinks: Checking links on { cid="QmTYsXGPVPSH3AykuYWcxbMfjNiTkHmy5eakKcYAZTgBPv", name="" }
[2026-09-03 10:58:22][info][GraphsyncDAGSyncer] TraverseCIDsLinks: Completed traversal. Links to fetch: 0, Visited: 0
[2026-09-03 10:58:22][debug][GraphsyncDAGSyncer] Block initialized without content to LRU cache: CID QmTYsXGPVPSH3AykuYWcxbMfjNiTkHmy5eakKcYAZTgBPv, cache size: 1
[2026-09-03 10:58:22][debug][GraphsyncDAGSyncer] Requesting Node QmTYsXGPVPSH3AykuYWcxbMfjNiTkHmy5eakKcYAZTgBPv on this 5249394888
[2026-09-03 10:58:22][debug][GraphsyncDAGSyncer] Return node for CID QmTYsXGPVPSH3AykuYWcxbMfjNiTkHmy5eakKcYAZTgBPv instance=4712367960
[2026-09-03 10:58:22.898850000][th:639783][warning] graphsync Request 1 for CID QmTYsXGPVPSH3AykuYWcxbMfjNiTkHmy5eakKcYAZTgBPv got RS_FULL_CONTENT but no blocks received yet
[2026-09-03 10:58:22][debug][GraphsyncDAGSyncer] request progress: code=FULL_CONTENT, extensions=(graphsync/response-metadata: 0x80) (graphsync/do-not-send-cids: 0x80) 
[2026-09-03 10:58:22][debug][GraphsyncDAGSyncer] HasBlock: false, cid: QmTYsXGPVPSH3AykuYWcxbMfjNiTkHmy5eakKcYAZTgBPv
[2026-09-03 10:58:22][debug][GraphsyncDAGSyncer] Existing block updated in LRU cache: CID QmTYsXGPVPSH3AykuYWcxbMfjNiTkHmy5eakKcYAZTgBPv
[2026-09-03 10:58:22][debug][GraphsyncDAGSyncer] Node added to dagService. CID: QmTYsXGPVPSH3AykuYWcxbMfjNiTkHmy5eakKcYAZTgBPv, links: []
[2026-09-03 10:58:22][debug][GraphsyncDAGSyncer] Seeing if peer 12D3KooWJ7ybxG76HnkgfuaENf6wB3oQdhtWLaLaTRbgR3YKdjhU has links to AddRoute
[2026-09-03 10:58:22][info][GraphsyncDAGSyncer] TraverseCIDsLinks: Checking links on { cid="QmTYsXGPVPSH3AykuYWcxbMfjNiTkHmy5eakKcYAZTgBPv", name="" }
[2026-09-03 10:58:22][info][GraphsyncDAGSyncer] TraverseCIDsLinks: Completed traversal. Links to fetch: 0, Visited: 0
[2026-09-03 10:58:22][debug][GraphsyncDAGSyncer] Return node for CID QmTYsXGPVPSH3AykuYWcxbMfjNiTkHmy5eakKcYAZTgBPv instance=4712320024
[2026-09-03 10:58:22][info][CRDTCallbackManager] Executing callback for key '/cert/mint-v2:test:0000000000000000000000000000000000000000000000000000000000000000:42:6b416df6b251930077e6e7a7e3371892611599daec55a14cfbb237b673143a3a72e1a37ed1fe2fc5068aa4447c3012a8974d98cdcb2da126c804dec4b4d4dce1:cccccccccccccccccccccccccccccccccccccccccccccccccccccccccccccccc' matching pattern '^/?cert/[^/]+'
[2026-09-03 10:58:22][debug][GraphsyncDAGSyncer] Block initialized without content to LRU cache: CID QmTYsXGPVPSH3AykuYWcxbMfjNiTkHmy5eakKcYAZTgBPv, cache size: 1
[2026-09-03 10:58:22][debug][GraphsyncDAGSyncer] Requesting Node QmTYsXGPVPSH3AykuYWcxbMfjNiTkHmy5eakKcYAZTgBPv on this 5250277784
[2026-09-03 10:58:22][debug][GraphsyncDAGSyncer] Return node for CID QmTYsXGPVPSH3AykuYWcxbMfjNiTkHmy5eakKcYAZTgBPv instance=4712367960
[2026-09-03 10:58:22.929256000][th:639804][warning] graphsync Request 1 for CID QmTYsXGPVPSH3AykuYWcxbMfjNiTkHmy5eakKcYAZTgBPv got RS_FULL_CONTENT but no blocks received yet
[2026-09-03 10:58:22][debug][GraphsyncDAGSyncer] request progress: code=FULL_CONTENT, extensions=(graphsync/response-metadata: 0x80) (graphsync/do-not-send-cids: 0x80) 
[2026-09-03 10:58:22][debug][GraphsyncDAGSyncer] HasBlock: false, cid: QmTYsXGPVPSH3AykuYWcxbMfjNiTkHmy5eakKcYAZTgBPv
[2026-09-03 10:58:22][debug][GraphsyncDAGSyncer] Existing block updated in LRU cache: CID QmTYsXGPVPSH3AykuYWcxbMfjNiTkHmy5eakKcYAZTgBPv
[2026-09-03 10:58:22][debug][GraphsyncDAGSyncer] Node added to dagService. CID: QmTYsXGPVPSH3AykuYWcxbMfjNiTkHmy5eakKcYAZTgBPv, links: []
[2026-09-03 10:58:22][debug][GraphsyncDAGSyncer] Seeing if peer 12D3KooWJ7ybxG76HnkgfuaENf6wB3oQdhtWLaLaTRbgR3YKdjhU has links to AddRoute
[2026-09-03 10:58:22][info][GraphsyncDAGSyncer] TraverseCIDsLinks: Checking links on { cid="QmTYsXGPVPSH3AykuYWcxbMfjNiTkHmy5eakKcYAZTgBPv", name="" }
[2026-09-03 10:58:22][info][GraphsyncDAGSyncer] TraverseCIDsLinks: Completed traversal. Links to fetch: 0, Visited: 0
[2026-09-03 10:58:22][debug][GraphsyncDAGSyncer] addNode: Added node QmTYsXGPVPSH3AykuYWcxbMfjNiTkHmy5eakKcYAZTgBPv on dagService 
[2026-09-03 10:58:22][debug][GraphsyncDAGSyncer] Block removed from LRU cache: CID QmTYsXGPVPSH3AykuYWcxbMfjNiTkHmy5eakKcYAZTgBPv
[2026-09-03 10:58:22][debug][GraphsyncDAGSyncer] Return node for CID QmTYsXGPVPSH3AykuYWcxbMfjNiTkHmy5eakKcYAZTgBPv instance=5249394888
[2026-09-03 10:58:23][info][CRDTCallbackManager] Executing callback for key '/cert/mint-v2:test:0000000000000000000000000000000000000000000000000000000000000000:42:6b416df6b251930077e6e7a7e3371892611599daec55a14cfbb237b673143a3a72e1a37ed1fe2fc5068aa4447c3012a8974d98cdcb2da126c804dec4b4d4dce1:cccccccccccccccccccccccccccccccccccccccccccccccccccccccccccccccc' matching pattern '^/?cert/[^/]+'
[2026-09-03 10:58:23][debug][GraphsyncDAGSyncer] addNode: Added node QmTYsXGPVPSH3AykuYWcxbMfjNiTkHmy5eakKcYAZTgBPv on dagService 
[2026-09-03 10:58:23][debug][GraphsyncDAGSyncer] Block removed from LRU cache: CID QmTYsXGPVPSH3AykuYWcxbMfjNiTkHmy5eakKcYAZTgBPv
[2026-09-03 10:58:23][debug][GraphsyncDAGSyncer] Return node for CID QmTYsXGPVPSH3AykuYWcxbMfjNiTkHmy5eakKcYAZTgBPv instance=5250277784
[2026-09-03 10:58:23][info][CRDTCallbackManager] Executing callback for key '/cert/mint-v2:test:0000000000000000000000000000000000000000000000000000000000000000:42:6b416df6b251930077e6e7a7e3371892611599daec55a14cfbb237b673143a3a72e1a37ed1fe2fc5068aa4447c3012a8974d98cdcb2da126c804dec4b4d4dce1:cccccccccccccccccccccccccccccccccccccccccccccccccccccccccccccccc' matching pattern '^/?cert/[^/]+'
[2026-09-03 10:58:23][debug][GraphsyncDAGSyncer] addNode: Added node QmTYsXGPVPSH3AykuYWcxbMfjNiTkHmy5eakKcYAZTgBPv on dagService 
[2026-09-03 10:58:23][debug][GraphsyncDAGSyncer] Block removed from LRU cache: CID QmTYsXGPVPSH3AykuYWcxbMfjNiTkHmy5eakKcYAZTgBPv
[2026-09-03 10:58:23][info][CRDTCallbackManager] Successfully unregistered new data callback for pattern: '^/?/bc-144/tx/[^/]+'
[2026-09-03 10:58:23][info][CRDTCallbackManager] Successfully unregistered deleted data callback for pattern: '^/?/bc-144/tx/[^/]+'
[2026-09-03 10:58:23][info][CRDTCallbackManager] Successfully unregistered new data callback for pattern: '^/?/bc-963/tx/[^/]+'
[2026-09-03 10:58:23][info][CRDTCallbackManager] Successfully unregistered deleted data callback for pattern: '^/?/bc-963/tx/[^/]+'
[2026-09-03 10:58:23][info][CRDTCallbackManager] Successfully unregistered new data callback for pattern: '^/?/bc-369/tx/[^/]+'
[2026-09-03 10:58:23][info][CRDTCallbackManager] Successfully unregistered deleted data callback for pattern: '^/?/bc-369/tx/[^/]+'
[2026-09-03 10:58:23][info][TransactionManager] [4d5b44e4 - full: false] ~TransactionManager: Metrics — cert_fallback(success=0 failure=0) validation(approve=1 reject=0) tracking(insert=1 confirm=0 fail=0)
[2026-09-03 10:58:23][info][Blockchain] [4d5b44e4] Stopping blockchain
[2026-09-03 10:58:23][info][CRDTCallbackManager] Successfully unregistered new data callback for pattern: '/?gnus-genesis-block'
[2026-09-03 10:58:23][info][CRDTCallbackManager] Successfully unregistered new data callback for pattern: '/?gnus-account-creation-.*'
[2026-09-03 10:58:23][info][CRDTCallbackManager] Successfully unregistered new data callback for pattern: '/?gnus-validator-registry'
[2026-09-03 10:58:23][debug][GlobalDB] ~GlobalDB CALLED with count 6 on multi_node_finality_fault/restart-certificate-validator-two/rocksdb 
[2026-09-03 10:58:23][info][GlobalDB] GlobalDB shutdown start
[2026-09-03 10:58:23][info][CrdtDatastore] CancelAndCloseNow: begin (pending_jobs=0, self_queue=0, root_queue=0, pending_roots=0, active_root=false)
[2026-09-03 10:58:23][debug][GraphsyncDAGSyncer] Stopping Dagsyncer
[2026-09-03 10:58:23][debug][GraphsyncDAGSyncer] Dagsyncer Stopped
[2026-09-03 10:58:23.074186000][th:639783][error] graphsync Varint Error msg=Stream: closed by remote peer
[2026-09-03 10:58:23.074191000][th:639741][error] graphsync Varint Error msg=Stream: closed by remote peer
[2026-09-03 10:58:23.074196000][th:639741][info] graphsync stream read error, peer=YKdjhU, msg=stream is not readable
[2026-09-03 10:58:23.074192000][th:639783][info] graphsync stream read error, peer=YKdjhU, msg=stream is not readable
[2026-09-03 10:58:23.074233000][th:639804][error] graphsync Varint Error msg=Stream: closed by remote peer
[2026-09-03 10:58:23.074247000][th:639804][info] graphsync stream read error, peer=YKdjhU, msg=stream is not readable
[2026-09-03 10:58:23.074287000][th:639762][error] graphsync Varint Error msg=Stream: closed by this host
[2026-09-03 10:58:23.074295000][th:639762][error] graphsync Varint Error msg=Stream: closed by this host
[2026-09-03 10:58:23.074323000][th:639762][error] graphsync Varint Error msg=Stream: closed by this host
[2026-09-03 10:58:23][info][CrdtDatastore] CancelAndCloseNow: CRDT workers stopped
[2026-09-03 10:58:23][warning][CrdtDatastore] CancelAndCloseNow called but shutdown has already started
[2026-09-03 10:58:23][debug][GraphsyncDAGSyncer] ~GraphsyncDAGSyncer CALLED
[2026-09-03 10:58:23][info][GlobalDB] GlobalDB shutdown finished
[2026-09-03 10:58:23.344596000][th:639762][error] GossipPubSub Address monitoring timer error: Operation canceled
[2026-09-03 10:58:23][info][UTXOManager] Stored 1 UTXOs for address 6b416df6b251930077e6e7a7e3371892611599daec55a14cfbb237b673143a3a72e1a37ed1fe2fc5068aa4447c3012a8974d98cdcb2da126c804dec4b4d4dce1
[2026-09-03 10:58:23][info][UTXOManager] Stored 2 UTXOs for address 6b416df6b251930077e6e7a7e3371892611599daec55a14cfbb237b673143a3a72e1a37ed1fe2fc5068aa4447c3012a8974d98cdcb2da126c804dec4b4d4dce1
[2026-09-03 10:58:23][warning][TransactionManager] [6b416df6 - full: false] Mint-v2 4424260a288db5531fbbd2c10c6da2950668f8217578ef5e9fffcf457250312a did not consume every burn input (already consumed or missing); burn outpoint metadata may have been rebuilt with zero amount
[2026-09-03 10:58:23][info][TransactionManager] [6b416df6 - full: false] Created tokens (mint-v2), amount 42 balance 42
[2026-09-03 10:58:23][info][TransactionManager] [6b416df6 - full: false] ChangeTransactionState: Tracking entry confirmed tx=4424260a288db5531fbbd2c10c6da2950668f8217578ef5e9fffcf457250312a
[2026-09-03 10:58:23][info][UTXOManager] Created checkpoint owner=6b416df6b251930077e6e7a7e3371892611599daec55a14cfbb237b673143a3a72e1a37ed1fe2fc5068aa4447c3012a8974d98cdcb2da126c804dec4b4d4dce1 epoch=1 utxo_count=1
[2026-09-03 10:58:23][info][UTXOManager] Stored 1 UTXOs for address 6b416df6b251930077e6e7a7e3371892611599daec55a14cfbb237b673143a3a72e1a37ed1fe2fc5068aa4447c3012a8974d98cdcb2da126c804dec4b4d4dce1
[2026-09-03 10:58:23][info][UTXOManager] Stored 2 UTXOs for address 6b416df6b251930077e6e7a7e3371892611599daec55a14cfbb237b673143a3a72e1a37ed1fe2fc5068aa4447c3012a8974d98cdcb2da126c804dec4b4d4dce1
[2026-09-03 10:58:23][warning][TransactionManager] [c5ebf028 - full: false] Mint-v2 4424260a288db5531fbbd2c10c6da2950668f8217578ef5e9fffcf457250312a did not consume every burn input (already consumed or missing); burn outpoint metadata may have been rebuilt with zero amount
[2026-09-03 10:58:23][info][TransactionManager] [c5ebf028 - full: false] Created tokens (mint-v2), amount 42 balance 0
[2026-09-03 10:58:23][info][TransactionManager] [c5ebf028 - full: false] ChangeTransactionState: Tracking entry confirmed tx=4424260a288db5531fbbd2c10c6da2950668f8217578ef5e9fffcf457250312a
[2026-09-03 10:58:23][info][UTXOManager] Created checkpoint owner=c5ebf02874701fbdb60c85328b8e25580f8c61476ce924a23f8ff53341da40cae1d4e384887c6a44ec8853dd36ec6dc1217d6c3a0d0a1477e95571dab2635997 epoch=1 utxo_count=0
[2026-09-03 10:58:23][info][UTXOManager] Stored 1 UTXOs for address 6b416df6b251930077e6e7a7e3371892611599daec55a14cfbb237b673143a3a72e1a37ed1fe2fc5068aa4447c3012a8974d98cdcb2da126c804dec4b4d4dce1
[2026-09-03 10:58:23][info][UTXOManager] Stored 2 UTXOs for address 6b416df6b251930077e6e7a7e3371892611599daec55a14cfbb237b673143a3a72e1a37ed1fe2fc5068aa4447c3012a8974d98cdcb2da126c804dec4b4d4dce1
[2026-09-03 10:58:23][warning][TransactionManager] [8da7d6e0 - full: false] Mint-v2 4424260a288db5531fbbd2c10c6da2950668f8217578ef5e9fffcf457250312a did not consume every burn input (already consumed or missing); burn outpoint metadata may have been rebuilt with zero amount
[2026-09-03 10:58:23][info][TransactionManager] [8da7d6e0 - full: false] Created tokens (mint-v2), amount 42 balance 0
[2026-09-03 10:58:23][info][TransactionManager] [8da7d6e0 - full: false] ChangeTransactionState: Tracking entry confirmed tx=4424260a288db5531fbbd2c10c6da2950668f8217578ef5e9fffcf457250312a
[2026-09-03 10:58:23][info][UTXOManager] Created checkpoint owner=8da7d6e07caf09ad20c2646c4100ca77ec2152adc8f4705cf98cf694383144252697d07db1af10ab83c2b40be9d53addf16e5aba9122b60bf6b09fbf2de9ba2b epoch=1 utxo_count=0
[2026-09-03 10:58:24][info][KeyPairFileStorage] Path to keypairs multi_node_finality_fault/restart-certificate-validator-two/keypair
[2026-09-03 10:58:24][info][KeyPairFileStorage] Peer ID from public key: 12D3KooWJ7ybxG76HnkgfuaENf6wB3oQdhtWLaLaTRbgR3YKdjhU
Current limits: 16384 (soft), 9223372036854775807 (hard)
New limits set successfully: 16384 (soft), 9223372036854775807 (hard)
Initialized relay addresses
[2026-09-03 10:58:24.353349000][th:637526][info] GossipPubSub /ip4/0.0.0.0/tcp/54612/p2p/12D3KooWJ7ybxG76HnkgfuaENf6wB3oQdhtWLaLaTRbgR3YKdjhU: Starting PubSub service
[2026-09-03 10:58:24.353481000][th:640549][info] GossipPubSub Starting address monitoring system for mobile network changes
[2026-09-03 10:58:24.353487000][th:640549][info] GossipPubSub === CURRENT NETWORK STATE ===
[2026-09-03 10:58:24.353497000][th:640549][info] GossipPubSub Primary listening address: /ip4/0.0.0.0/tcp/54612/p2p/12D3KooWJ7ybxG76HnkgfuaENf6wB3oQdhtWLaLaTRbgR3YKdjhU
[2026-09-03 10:58:24.353499000][th:640549][info] GossipPubSub Host peer info addresses (0):
[2026-09-03 10:58:24.353500000][th:640549][info] GossipPubSub Additional addresses we track (0):
[2026-09-03 10:58:24.353501000][th:640549][info] GossipPubSub Listening addresses (1):
[2026-09-03 10:58:24.353502000][th:640549][info] GossipPubSub   -> /ip4/0.0.0.0/tcp/54612/p2p/12D3KooWJ7ybxG76HnkgfuaENf6wB3oQdhtWLaLaTRbgR3YKdjhU
[2026-09-03 10:58:24.353503000][th:640549][info] GossipPubSub Interface addresses (0):
[2026-09-03 10:58:24.353504000][th:640549][info] GossipPubSub === RAW OBSERVED ADDRESS DEBUG ===
[2026-09-03 10:58:24.353506000][th:640549][info] GossipPubSub Local address: /ip4/0.0.0.0/tcp/54612/p2p/12D3KooWJ7ybxG76HnkgfuaENf6wB3oQdhtWLaLaTRbgR3YKdjhU -> 0 raw observed, 0 activated+confirmed
[2026-09-03 10:58:24.353507000][th:640549][info] GossipPubSub TOTAL: 0 raw observed addresses, 0 activated+confirmed addresses
[2026-09-03 10:58:24.353508000][th:640549][info] GossipPubSub === END RAW OBSERVED ADDRESS DEBUG ===
[2026-09-03 10:58:24.353509000][th:640549][info] GossipPubSub Observed addresses - all (0):
[2026-09-03 10:58:24.353510000][th:640549][info] GossipPubSub Observed addresses - confirmed only (0):
[2026-09-03 10:58:24.353511000][th:640549][info] GossipPubSub Relay addresses (0):
[2026-09-03 10:58:24.353513000][th:640549][warning] GossipPubSub Failed to get addresses from peer repository: not found
[2026-09-03 10:58:24.353560000][th:640549][info] GossipPubSub Found 1 valid network interfaces
[2026-09-03 10:58:24.353563000][th:640549][info] GossipPubSub Current network interfaces (1):
[2026-09-03 10:58:24.353563000][th:640549][info] GossipPubSub   -> 192.168.1.6
[2026-09-03 10:58:24.353565000][th:640549][info] GossipPubSub Active connections: 0
[2026-09-03 10:58:24.353565000][th:640549][info] GossipPubSub === PEER CONNECTION DETAILS ===
[2026-09-03 10:58:24.353566000][th:640549][info] GossipPubSub NOTE: Observed addresses need to be seen by 4+ different peer groups to become 'activated'
[2026-09-03 10:58:24.353567000][th:640549][info] GossipPubSub NOTE: Current connections: 0, so max possible observers: 0
[2026-09-03 10:58:24.353568000][th:640549][info] GossipPubSub === END PEER CONNECTION DETAILS ===
[2026-09-03 10:58:24.353569000][th:640549][info] GossipPubSub Connection manager stats:
[2026-09-03 10:58:24.353570000][th:640549][info] GossipPubSub   -> Max connections: 1000
[2026-09-03 10:58:24.353571000][th:640549][info] GossipPubSub   -> Current connections: 0
[2026-09-03 10:58:24.353572000][th:640549][info] GossipPubSub === END NETWORK STATE ===
[2026-09-03 10:58:24.353821000][th:640549][info] GossipPubSub /ip4/0.0.0.0/tcp/54612/p2p/12D3KooWJ7ybxG76HnkgfuaENf6wB3oQdhtWLaLaTRbgR3YKdjhU : PubSub service started
[2026-09-03 10:58:24][info][GlobalDB] Opening database /Users/henriqueklein/gnus/SuperGenius/multi_node_finality_fault/restart-certificate-validator-two/rocksdb
[2026-09-03 10:58:24][debug][GraphsyncDAGSyncer] GraphSyncer created 5518724104 
[2026-09-03 10:58:24][info][CrdtDatastore] crdt Datastore created. Number of heads: 2 Current max-height: 18446744073709551615
[2026-09-03 10:58:24][info][GeniusAccount] Secure storage ID path: /Users/henriqueklein/gnus/SuperGenius/multi_node_finality_fault/restart-certificate-validator-two/account/secure_storage_id
[2026-09-03 10:58:24][info][GeniusAccount] Loaded public key from file: 4d5b44e490ccbbe2... (length: 128)
[2026-09-03 10:58:24][info][GeniusAccount] Successfully loaded key_seed from storage
[2026-09-03 10:58:24][info][GeniusAccount] Validation successful: key_seed matches stored public key
[2026-09-03 10:58:24][warning][UTXOManager] Found UTXOs in storage, but there were none
[2026-09-03 10:58:24][info][Blockchain] [4d5b44e4] Blockchain instance created with authorized full node: 8a33bdf1
[2026-09-03 10:58:24][info][ValidatorRegistry] InitializeCache: cache initialized with CID QmSc6jcPNqnufnGubzpD1QChHA1AzFCrkPXjrQsqLDJpVV
[2026-09-03 10:58:24][info][CRDTCallbackManager] Successfully registered new data callback for pattern: '/?gnus-validator-registry'
[2026-09-03 10:58:24][info][ValidatorRegistry] RegisterFilter: result=true
[2026-09-03 10:58:24][info][ValidatorRegistry] New: instance ready
[2026-09-03 10:58:24][info][CRDTCallbackManager] Successfully registered new data callback for pattern: '^/?cert/[^/]+'
[2026-09-03 10:58:24.391947000][th:640549][info] GossipPubSub /ip4/0.0.0.0/tcp/54612/p2p/12D3KooWJ7ybxG76HnkgfuaENf6wB3oQdhtWLaLaTRbgR3YKdjhU: PubSub subscribed to topic 'gnus-validator-registry.3.7.144'
[2026-09-03 10:58:24.392000000][th:640549][info] GossipPubSub /ip4/0.0.0.0/tcp/54612/p2p/12D3KooWJ7ybxG76HnkgfuaENf6wB3oQdhtWLaLaTRbgR3YKdjhU: PubSub subscribed to topic 'consensus-channel-.3.7.144'
[2026-09-03 10:58:24.392010000][th:640549][info] GossipPubSub /ip4/0.0.0.0/tcp/54612/p2p/12D3KooWJ7ybxG76HnkgfuaENf6wB3oQdhtWLaLaTRbgR3YKdjhU: PubSub subscribed to topic 'consensus-channel-.3.7.144#datastore.3.7.144'
[2026-09-03 10:58:24][warning][ConsensusManager] ProcessCommittedCertificate: No subject handler for certificate with key /cert/mint-v2:test:0000000000000000000000000000000000000000000000000000000000000000:42:6b416df6b251930077e6e7a7e3371892611599daec55a14cfbb237b673143a3a72e1a37ed1fe2fc5068aa4447c3012a8974d98cdcb2da126c804dec4b4d4dce1:cccccccccccccccccccccccccccccccccccccccccccccccccccccccccccccccc 
[2026-09-03 10:58:24][warning][ConsensusManager] ProcessCommittedCertificate: No subject handler for certificate with key /cert/mint-v2:test:0000000000000000000000000000000000000000000000000000000000000000:42:6b416df6b251930077e6e7a7e3371892611599daec55a14cfbb237b673143a3a72e1a37ed1fe2fc5068aa4447c3012a8974d98cdcb2da126c804dec4b4d4dce1:cccccccccccccccccccccccccccccccccccccccccccccccccccccccccccccccc 
[2026-09-03 10:58:24][info][CRDTCallbackManager] Successfully registered new data callback for pattern: '/?gnus-genesis-block'
[2026-09-03 10:58:24][info][CRDTCallbackManager] Successfully registered new data callback for pattern: '/?gnus-account-creation-.*'
[2026-09-03 10:58:24][info][UTXOManager] Stored 1 UTXOs for address 6b416df6b251930077e6e7a7e3371892611599daec55a14cfbb237b673143a3a72e1a37ed1fe2fc5068aa4447c3012a8974d98cdcb2da126c804dec4b4d4dce1
[2026-09-03 10:58:24][info][UTXOManager] Stored 2 UTXOs for address 6b416df6b251930077e6e7a7e3371892611599daec55a14cfbb237b673143a3a72e1a37ed1fe2fc5068aa4447c3012a8974d98cdcb2da126c804dec4b4d4dce1
[2026-09-03 10:58:24][warning][TransactionManager] [4d5b44e4 - full: false] Mint-v2 4424260a288db5531fbbd2c10c6da2950668f8217578ef5e9fffcf457250312a did not consume every burn input (already consumed or missing); burn outpoint metadata may have been rebuilt with zero amount
[2026-09-03 10:58:24][info][TransactionManager] [4d5b44e4 - full: false] Created tokens (mint-v2), amount 42 balance 0
[2026-09-03 10:58:24][info][TransactionManager] [4d5b44e4 - full: false] ChangeTransactionState: Tracking entry confirmed tx=4424260a288db5531fbbd2c10c6da2950668f8217578ef5e9fffcf457250312a
[2026-09-03 10:58:24][info][TransactionManager] [4d5b44e4 - full: false] OnConsensusCertificate: Standalone validator confirmed tx 4424260a288db5531fbbd2c10c6da2950668f8217578ef5e9fffcf457250312a from certificate proposal_id=84080caffa65f120fead8a9182e1c48daeda1600e74914607fbd5d019897ea1e
[2026-09-03 10:58:24][info][UTXOManager] Created checkpoint owner=4d5b44e490ccbbe2a6a600d0af304b7062efcae5c5dd66ca7b9ac2d4b54a39d2eaf5af30f52fc6a106aecffbf36f2c97b87c7611182d05112456bb6dccc1a54b epoch=1 utxo_count=0
[2026-09-03 10:58:24][info][CRDTCallbackManager] Successfully registered new data callback for pattern: '^/?/bc-144/tx/[^/]+'
[2026-09-03 10:58:24][info][CRDTCallbackManager] Successfully registered deleted data callback for pattern: '^/?/bc-144/tx/[^/]+'
[2026-09-03 10:58:24][info][CRDTCallbackManager] Successfully registered new data callback for pattern: '^/?/bc-963/tx/[^/]+'
[2026-09-03 10:58:24][info][CRDTCallbackManager] Successfully registered deleted data callback for pattern: '^/?/bc-963/tx/[^/]+'
[2026-09-03 10:58:24][info][CRDTCallbackManager] Successfully registered new data callback for pattern: '^/?/bc-369/tx/[^/]+'
[2026-09-03 10:58:24][info][CRDTCallbackManager] Successfully registered deleted data callback for pattern: '^/?/bc-369/tx/[^/]+'
[2026-09-03 10:58:24.428750000][th:639741][info] GossipPubSub Adding new peer: 12D3KooWJ7ybxG76HnkgfuaENf6wB3oQdhtWLaLaTRbgR3YKdjhU
[2026-09-03 10:58:24.428839000][th:639741][info] GossipPubSub Adding new peer: 12D3KooWJT11Z2RXbLqrXjhwN4CrFWaEoUqSLcyptL86bZzskCra
[2026-09-03 10:58:24.428920000][th:639741][info] GossipPubSub Adding new peer: 12D3KooWNTU5GikZYzJnYHH59eHQxTU2LQA7xg2V3syP2A71oYQs
[2026-09-03 10:58:24.428976000][th:640549][info] GossipPubSub Adding new peer: 12D3KooWAq7fuP8vpMriH6eNZK7sHXafSwNBQqGWLZ8jyd6rb297
[2026-09-03 10:58:24.429053000][th:640549][info] GossipPubSub Adding new peer: 12D3KooWJT11Z2RXbLqrXjhwN4CrFWaEoUqSLcyptL86bZzskCra
[2026-09-03 10:58:24.429099000][th:640549][info] GossipPubSub Adding new peer: 12D3KooWNTU5GikZYzJnYHH59eHQxTU2LQA7xg2V3syP2A71oYQs
[2026-09-03 10:58:24.429124000][th:639783][info] GossipPubSub Adding new peer: 12D3KooWAq7fuP8vpMriH6eNZK7sHXafSwNBQqGWLZ8jyd6rb297
[2026-09-03 10:58:24.429189000][th:639783][info] GossipPubSub Adding new peer: 12D3KooWJ7ybxG76HnkgfuaENf6wB3oQdhtWLaLaTRbgR3YKdjhU
[2026-09-03 10:58:24.429230000][th:639783][info] GossipPubSub Adding new peer: 12D3KooWNTU5GikZYzJnYHH59eHQxTU2LQA7xg2V3syP2A71oYQs
[2026-09-03 10:58:24.429231000][th:639804][info] GossipPubSub Adding new peer: 12D3KooWAq7fuP8vpMriH6eNZK7sHXafSwNBQqGWLZ8jyd6rb297
[2026-09-03 10:58:24.429305000][th:639804][info] GossipPubSub Adding new peer: 12D3KooWJ7ybxG76HnkgfuaENf6wB3oQdhtWLaLaTRbgR3YKdjhU
[2026-09-03 10:58:24.429328000][th:639804][info] GossipPubSub Adding new peer: 12D3KooWJT11Z2RXbLqrXjhwN4CrFWaEoUqSLcyptL86bZzskCra
[2026-09-03 10:58:24][info][CRDTCallbackManager] Successfully unregistered new data callback for pattern: '^/?/bc-144/tx/[^/]+'
[2026-09-03 10:58:24][info][CRDTCallbackManager] Successfully unregistered deleted data callback for pattern: '^/?/bc-144/tx/[^/]+'
[2026-09-03 10:58:24][info][CRDTCallbackManager] Successfully unregistered new data callback for pattern: '^/?/bc-963/tx/[^/]+'
[2026-09-03 10:58:24][info][CRDTCallbackManager] Successfully unregistered deleted data callback for pattern: '^/?/bc-963/tx/[^/]+'
[2026-09-03 10:58:24][info][CRDTCallbackManager] Successfully unregistered new data callback for pattern: '^/?/bc-369/tx/[^/]+'
[2026-09-03 10:58:24][info][CRDTCallbackManager] Successfully unregistered deleted data callback for pattern: '^/?/bc-369/tx/[^/]+'
[2026-09-03 10:58:24][info][TransactionManager] [6b416df6 - full: false] ~TransactionManager: Metrics — cert_fallback(success=0 failure=0) validation(approve=1 reject=0) tracking(insert=1 confirm=1 fail=0)
[2026-09-03 10:58:24][info][Blockchain] [6b416df6] Stopping blockchain
[2026-09-03 10:58:24][info][CRDTCallbackManager] Successfully unregistered new data callback for pattern: '/?gnus-genesis-block'
[2026-09-03 10:58:24][info][CRDTCallbackManager] Successfully unregistered new data callback for pattern: '/?gnus-account-creation-.*'
[2026-09-03 10:58:24][info][CRDTCallbackManager] Successfully unregistered new data callback for pattern: '/?gnus-validator-registry'
[2026-09-03 10:58:24][debug][GlobalDB] ~GlobalDB CALLED with count 6 on multi_node_finality_fault/restart-certificate-validator-one/rocksdb 
[2026-09-03 10:58:24][info][GlobalDB] GlobalDB shutdown start
[2026-09-03 10:58:24][info][CrdtDatastore] CancelAndCloseNow: begin (pending_jobs=1, self_queue=0, root_queue=0, pending_roots=0, active_root=false)
[2026-09-03 10:58:24][debug][GraphsyncDAGSyncer] Stopping Dagsyncer
[2026-09-03 10:58:24][debug][GraphsyncDAGSyncer] Dagsyncer Stopped
[2026-09-03 10:58:24][info][CrdtDatastore] CancelAndCloseNow: CRDT workers stopped
[2026-09-03 10:58:24][warning][CrdtDatastore] CancelAndCloseNow called but shutdown has already started
[2026-09-03 10:58:24][debug][GraphsyncDAGSyncer] ~GraphsyncDAGSyncer CALLED
[2026-09-03 10:58:24][info][GlobalDB] GlobalDB shutdown finished
[2026-09-03 10:58:24.823845000][th:639741][error] GossipPubSub Address monitoring timer error: Operation canceled
[2026-09-03 10:58:25][info][KeyPairFileStorage] Path to keypairs multi_node_finality_fault/restart-certificate-validator-one/keypair
[2026-09-03 10:58:25][info][KeyPairFileStorage] Peer ID from public key: 12D3KooWAq7fuP8vpMriH6eNZK7sHXafSwNBQqGWLZ8jyd6rb297
Current limits: 16384 (soft), 9223372036854775807 (hard)
New limits set successfully: 16384 (soft), 9223372036854775807 (hard)
Initialized relay addresses
[2026-09-03 10:58:25.835654000][th:637526][info] GossipPubSub /ip4/0.0.0.0/tcp/54611/p2p/12D3KooWAq7fuP8vpMriH6eNZK7sHXafSwNBQqGWLZ8jyd6rb297: Starting PubSub service
[2026-09-03 10:58:25.835713000][th:640806][info] GossipPubSub Starting address monitoring system for mobile network changes
[2026-09-03 10:58:25.835716000][th:640806][info] GossipPubSub === CURRENT NETWORK STATE ===
[2026-09-03 10:58:25.835722000][th:640806][info] GossipPubSub Primary listening address: /ip4/0.0.0.0/tcp/54611/p2p/12D3KooWAq7fuP8vpMriH6eNZK7sHXafSwNBQqGWLZ8jyd6rb297
[2026-09-03 10:58:25.835723000][th:640806][info] GossipPubSub Host peer info addresses (0):
[2026-09-03 10:58:25.835724000][th:640806][info] GossipPubSub Additional addresses we track (0):
[2026-09-03 10:58:25.835725000][th:640806][info] GossipPubSub Listening addresses (1):
[2026-09-03 10:58:25.835725000][th:640806][info] GossipPubSub   -> /ip4/0.0.0.0/tcp/54611/p2p/12D3KooWAq7fuP8vpMriH6eNZK7sHXafSwNBQqGWLZ8jyd6rb297
[2026-09-03 10:58:25.835726000][th:640806][info] GossipPubSub Interface addresses (0):
[2026-09-03 10:58:25.835726000][th:640806][info] GossipPubSub === RAW OBSERVED ADDRESS DEBUG ===
[2026-09-03 10:58:25.835728000][th:640806][info] GossipPubSub Local address: /ip4/0.0.0.0/tcp/54611/p2p/12D3KooWAq7fuP8vpMriH6eNZK7sHXafSwNBQqGWLZ8jyd6rb297 -> 0 raw observed, 0 activated+confirmed
[2026-09-03 10:58:25.835728000][th:640806][info] GossipPubSub TOTAL: 0 raw observed addresses, 0 activated+confirmed addresses
[2026-09-03 10:58:25.835729000][th:640806][info] GossipPubSub === END RAW OBSERVED ADDRESS DEBUG ===
[2026-09-03 10:58:25.835729000][th:640806][info] GossipPubSub Observed addresses - all (0):
[2026-09-03 10:58:25.835730000][th:640806][info] GossipPubSub Observed addresses - confirmed only (0):
[2026-09-03 10:58:25.835731000][th:640806][info] GossipPubSub Relay addresses (0):
[2026-09-03 10:58:25.835732000][th:640806][warning] GossipPubSub Failed to get addresses from peer repository: not found
[2026-09-03 10:58:25.835760000][th:640806][info] GossipPubSub Found 1 valid network interfaces
[2026-09-03 10:58:25.835761000][th:640806][info] GossipPubSub Current network interfaces (1):
[2026-09-03 10:58:25.835762000][th:640806][info] GossipPubSub   -> 192.168.1.6
[2026-09-03 10:58:25.835763000][th:640806][info] GossipPubSub Active connections: 0
[2026-09-03 10:58:25.835763000][th:640806][info] GossipPubSub === PEER CONNECTION DETAILS ===
[2026-09-03 10:58:25.835764000][th:640806][info] GossipPubSub NOTE: Observed addresses need to be seen by 4+ different peer groups to become 'activated'
[2026-09-03 10:58:25.835764000][th:640806][info] GossipPubSub NOTE: Current connections: 0, so max possible observers: 0
[2026-09-03 10:58:25.835765000][th:640806][info] GossipPubSub === END PEER CONNECTION DETAILS ===
[2026-09-03 10:58:25.835765000][th:640806][info] GossipPubSub Connection manager stats:
[2026-09-03 10:58:25.835766000][th:640806][info] GossipPubSub   -> Max connections: 1000
[2026-09-03 10:58:25.835766000][th:640806][info] GossipPubSub   -> Current connections: 0
[2026-09-03 10:58:25.835767000][th:640806][info] GossipPubSub === END NETWORK STATE ===
[2026-09-03 10:58:25.835869000][th:640806][info] GossipPubSub /ip4/0.0.0.0/tcp/54611/p2p/12D3KooWAq7fuP8vpMriH6eNZK7sHXafSwNBQqGWLZ8jyd6rb297 : PubSub service started
[2026-09-03 10:58:25][info][GlobalDB] Opening database /Users/henriqueklein/gnus/SuperGenius/multi_node_finality_fault/restart-certificate-validator-one/rocksdb
[2026-09-03 10:58:25][debug][GraphsyncDAGSyncer] GraphSyncer created 5518717288 
[2026-09-03 10:58:25][info][CrdtDatastore] crdt Datastore created. Number of heads: 2 Current max-height: 18446744073709551615
[2026-09-03 10:58:25][info][GeniusAccount] Secure storage ID path: /Users/henriqueklein/gnus/SuperGenius/multi_node_finality_fault/restart-certificate-validator-one/account/secure_storage_id
[2026-09-03 10:58:25][info][GeniusAccount] Loaded public key from file: 6b416df6b2519300... (length: 128)
[2026-09-03 10:58:25][info][GeniusAccount] Successfully loaded key_seed from storage
[2026-09-03 10:58:25][info][GeniusAccount] Validation successful: key_seed matches stored public key
[2026-09-03 10:58:25][warning][UTXOManager] Skipping malformed UTXO key /utxo-checkpoint/6b416df6b251930077e6e7a7e3371892611599daec55a14cfbb237b673143a3a72e1a37ed1fe2fc5068aa4447c3012a8974d98cdcb2da126c804dec4b4d4dce1/1
[2026-09-03 10:58:25][warning][UTXOManager] Skipping malformed UTXO key /utxo-checkpoint/6b416df6b251930077e6e7a7e3371892611599daec55a14cfbb237b673143a3a72e1a37ed1fe2fc5068aa4447c3012a8974d98cdcb2da126c804dec4b4d4dce1/latest
[2026-09-03 10:58:25][info][Blockchain] [6b416df6] Blockchain instance created with authorized full node: 8a33bdf1
[2026-09-03 10:58:25][info][ValidatorRegistry] InitializeCache: cache initialized with CID QmSc6jcPNqnufnGubzpD1QChHA1AzFCrkPXjrQsqLDJpVV
[2026-09-03 10:58:25][info][CRDTCallbackManager] Successfully registered new data callback for pattern: '/?gnus-validator-registry'
[2026-09-03 10:58:25][info][ValidatorRegistry] RegisterFilter: result=true
[2026-09-03 10:58:25][info][ValidatorRegistry] New: instance ready
[2026-09-03 10:58:25.858615000][th:640806][info] GossipPubSub /ip4/0.0.0.0/tcp/54611/p2p/12D3KooWAq7fuP8vpMriH6eNZK7sHXafSwNBQqGWLZ8jyd6rb297: PubSub subscribed to topic 'gnus-validator-registry.3.7.144'
[2026-09-03 10:58:25][info][CRDTCallbackManager] Successfully registered new data callback for pattern: '^/?cert/[^/]+'
[2026-09-03 10:58:25][info][CRDTCallbackManager] Successfully registered new data callback for pattern: '/?gnus-genesis-block'
[2026-09-03 10:58:25][info][CRDTCallbackManager] Successfully registered new data callback for pattern: '/?gnus-account-creation-.*'
[2026-09-03 10:58:25][info][CRDTCallbackManager] Successfully registered new data callback for pattern: '^/?/bc-144/tx/[^/]+'
[2026-09-03 10:58:25][info][CRDTCallbackManager] Successfully registered deleted data callback for pattern: '^/?/bc-144/tx/[^/]+'
[2026-09-03 10:58:25][info][CRDTCallbackManager] Successfully registered new data callback for pattern: '^/?/bc-963/tx/[^/]+'
[2026-09-03 10:58:25.858674000][th:640806][info] GossipPubSub /ip4/0.0.0.0/tcp/54611/p2p/12D3KooWAq7fuP8vpMriH6eNZK7sHXafSwNBQqGWLZ8jyd6rb297: PubSub subscribed to topic 'consensus-channel-.3.7.144'
[2026-09-03 10:58:25][info][CRDTCallbackManager] Successfully registered deleted data callback for pattern: '^/?/bc-963/tx/[^/]+'
[2026-09-03 10:58:25.858680000][th:640806][info] GossipPubSub /ip4/0.0.0.0/tcp/54611/p2p/12D3KooWAq7fuP8vpMriH6eNZK7sHXafSwNBQqGWLZ8jyd6rb297: PubSub subscribed to topic 'consensus-channel-.3.7.144#datastore.3.7.144'
[2026-09-03 10:58:25][info][CRDTCallbackManager] Successfully registered new data callback for pattern: '^/?/bc-369/tx/[^/]+'
[2026-09-03 10:58:25][info][CRDTCallbackManager] Successfully registered deleted data callback for pattern: '^/?/bc-369/tx/[^/]+'
[2026-09-03 10:58:25][info][CRDTCallbackManager] Successfully unregistered new data callback for pattern: '^/?/bc-144/tx/[^/]+'
[2026-09-03 10:58:25][info][CRDTCallbackManager] Successfully unregistered deleted data callback for pattern: '^/?/bc-144/tx/[^/]+'
[2026-09-03 10:58:25][info][CRDTCallbackManager] Successfully unregistered new data callback for pattern: '^/?/bc-963/tx/[^/]+'
[2026-09-03 10:58:25][info][CRDTCallbackManager] Successfully unregistered deleted data callback for pattern: '^/?/bc-963/tx/[^/]+'
[2026-09-03 10:58:25][info][CRDTCallbackManager] Successfully unregistered new data callback for pattern: '^/?/bc-369/tx/[^/]+'
[2026-09-03 10:58:25][info][CRDTCallbackManager] Successfully unregistered deleted data callback for pattern: '^/?/bc-369/tx/[^/]+'
[2026-09-03 10:58:25][info][TransactionManager] [4d5b44e4 - full: false] ~TransactionManager: Metrics — cert_fallback(success=1 failure=0) validation(approve=0 reject=0) tracking(insert=0 confirm=1 fail=0)
[2026-09-03 10:58:25][info][Blockchain] [4d5b44e4] Stopping blockchain
[2026-09-03 10:58:25][info][CRDTCallbackManager] Successfully unregistered new data callback for pattern: '/?gnus-genesis-block'
[2026-09-03 10:58:25][info][CRDTCallbackManager] Successfully unregistered new data callback for pattern: '/?gnus-account-creation-.*'
[2026-09-03 10:58:25][info][CRDTCallbackManager] Successfully unregistered new data callback for pattern: '/?gnus-validator-registry'
[2026-09-03 10:58:25][debug][GlobalDB] ~GlobalDB CALLED with count 6 on multi_node_finality_fault/restart-certificate-validator-two/rocksdb 
[2026-09-03 10:58:25][info][GlobalDB] GlobalDB shutdown start
[2026-09-03 10:58:25][info][CrdtDatastore] CancelAndCloseNow: begin (pending_jobs=0, self_queue=0, root_queue=0, pending_roots=0, active_root=false)
[2026-09-03 10:58:25][debug][GraphsyncDAGSyncer] Stopping Dagsyncer
[2026-09-03 10:58:25][debug][GraphsyncDAGSyncer] Dagsyncer Stopped
[2026-09-03 10:58:25][info][CrdtDatastore] CancelAndCloseNow: CRDT workers stopped
[2026-09-03 10:58:25][warning][CrdtDatastore] CancelAndCloseNow called but shutdown has already started
[2026-09-03 10:58:25][debug][GraphsyncDAGSyncer] ~GraphsyncDAGSyncer CALLED
[2026-09-03 10:58:25][info][GlobalDB] GlobalDB shutdown finished
[2026-09-03 10:58:25.897237000][th:640549][error] GossipPubSub Address monitoring timer error: Operation canceled
[2026-09-03 10:58:26][info][KeyPairFileStorage] Path to keypairs multi_node_finality_fault/restart-certificate-validator-two/keypair
[2026-09-03 10:58:26][info][KeyPairFileStorage] Peer ID from public key: 12D3KooWJ7ybxG76HnkgfuaENf6wB3oQdhtWLaLaTRbgR3YKdjhU
Current limits: 16384 (soft), 9223372036854775807 (hard)
New limits set successfully: 16384 (soft), 9223372036854775807 (hard)
Initialized relay addresses
[2026-09-03 10:58:26.909056000][th:637526][info] GossipPubSub /ip4/0.0.0.0/tcp/54612/p2p/12D3KooWJ7ybxG76HnkgfuaENf6wB3oQdhtWLaLaTRbgR3YKdjhU: Starting PubSub service
[2026-09-03 10:58:26.909116000][th:640925][info] GossipPubSub Starting address monitoring system for mobile network changes
[2026-09-03 10:58:26.909118000][th:640925][info] GossipPubSub === CURRENT NETWORK STATE ===
[2026-09-03 10:58:26.909124000][th:640925][info] GossipPubSub Primary listening address: /ip4/0.0.0.0/tcp/54612/p2p/12D3KooWJ7ybxG76HnkgfuaENf6wB3oQdhtWLaLaTRbgR3YKdjhU
[2026-09-03 10:58:26.909125000][th:640925][info] GossipPubSub Host peer info addresses (0):
[2026-09-03 10:58:26.909126000][th:640925][info] GossipPubSub Additional addresses we track (0):
[2026-09-03 10:58:26.909126000][th:640925][info] GossipPubSub Listening addresses (1):
[2026-09-03 10:58:26.909127000][th:640925][info] GossipPubSub   -> /ip4/0.0.0.0/tcp/54612/p2p/12D3KooWJ7ybxG76HnkgfuaENf6wB3oQdhtWLaLaTRbgR3YKdjhU
[2026-09-03 10:58:26.909128000][th:640925][info] GossipPubSub Interface addresses (0):
[2026-09-03 10:58:26.909128000][th:640925][info] GossipPubSub === RAW OBSERVED ADDRESS DEBUG ===
[2026-09-03 10:58:26.909130000][th:640925][info] GossipPubSub Local address: /ip4/0.0.0.0/tcp/54612/p2p/12D3KooWJ7ybxG76HnkgfuaENf6wB3oQdhtWLaLaTRbgR3YKdjhU -> 0 raw observed, 0 activated+confirmed
[2026-09-03 10:58:26.909131000][th:640925][info] GossipPubSub TOTAL: 0 raw observed addresses, 0 activated+confirmed addresses
[2026-09-03 10:58:26.909131000][th:640925][info] GossipPubSub === END RAW OBSERVED ADDRESS DEBUG ===
[2026-09-03 10:58:26.909132000][th:640925][info] GossipPubSub Observed addresses - all (0):
[2026-09-03 10:58:26.909132000][th:640925][info] GossipPubSub Observed addresses - confirmed only (0):
[2026-09-03 10:58:26.909133000][th:640925][info] GossipPubSub Relay addresses (0):
[2026-09-03 10:58:26.909134000][th:640925][warning] GossipPubSub Failed to get addresses from peer repository: not found
[2026-09-03 10:58:26.909171000][th:640925][info] GossipPubSub Found 1 valid network interfaces
[2026-09-03 10:58:26.909175000][th:640925][info] GossipPubSub Current network interfaces (1):
[2026-09-03 10:58:26.909176000][th:640925][info] GossipPubSub   -> 192.168.1.6
[2026-09-03 10:58:26.909177000][th:640925][info] GossipPubSub Active connections: 0
[2026-09-03 10:58:26.909178000][th:640925][info] GossipPubSub === PEER CONNECTION DETAILS ===
[2026-09-03 10:58:26.909188000][th:640925][info] GossipPubSub NOTE: Observed addresses need to be seen by 4+ different peer groups to become 'activated'
[2026-09-03 10:58:26.909189000][th:640925][info] GossipPubSub NOTE: Current connections: 0, so max possible observers: 0
[2026-09-03 10:58:26.909189000][th:640925][info] GossipPubSub === END PEER CONNECTION DETAILS ===
[2026-09-03 10:58:26.909190000][th:640925][info] GossipPubSub Connection manager stats:
[2026-09-03 10:58:26.909190000][th:640925][info] GossipPubSub   -> Max connections: 1000
[2026-09-03 10:58:26.909191000][th:640925][info] GossipPubSub   -> Current connections: 0
[2026-09-03 10:58:26.909192000][th:640925][info] GossipPubSub === END NETWORK STATE ===
[2026-09-03 10:58:26.909302000][th:640925][info] GossipPubSub /ip4/0.0.0.0/tcp/54612/p2p/12D3KooWJ7ybxG76HnkgfuaENf6wB3oQdhtWLaLaTRbgR3YKdjhU : PubSub service started
[2026-09-03 10:58:26][info][GlobalDB] Opening database /Users/henriqueklein/gnus/SuperGenius/multi_node_finality_fault/restart-certificate-validator-two/rocksdb
[2026-09-03 10:58:26][debug][GraphsyncDAGSyncer] GraphSyncer created 5249398248 
[2026-09-03 10:58:26][info][CrdtDatastore] crdt Datastore created. Number of heads: 2 Current max-height: 18446744073709551615
[2026-09-03 10:58:26][info][GeniusAccount] Secure storage ID path: /Users/henriqueklein/gnus/SuperGenius/multi_node_finality_fault/restart-certificate-validator-two/account/secure_storage_id
[2026-09-03 10:58:26][info][GeniusAccount] Loaded public key from file: 4d5b44e490ccbbe2... (length: 128)
[2026-09-03 10:58:26][info][GeniusAccount] Successfully loaded key_seed from storage
[2026-09-03 10:58:26][info][GeniusAccount] Validation successful: key_seed matches stored public key
[2026-09-03 10:58:26][warning][UTXOManager] Skipping malformed UTXO key /utxo-checkpoint/4d5b44e490ccbbe2a6a600d0af304b7062efcae5c5dd66ca7b9ac2d4b54a39d2eaf5af30f52fc6a106aecffbf36f2c97b87c7611182d05112456bb6dccc1a54b/1
[2026-09-03 10:58:26][warning][UTXOManager] Skipping malformed UTXO key /utxo-checkpoint/4d5b44e490ccbbe2a6a600d0af304b7062efcae5c5dd66ca7b9ac2d4b54a39d2eaf5af30f52fc6a106aecffbf36f2c97b87c7611182d05112456bb6dccc1a54b/latest
[2026-09-03 10:58:26][info][Blockchain] [4d5b44e4] Blockchain instance created with authorized full node: 8a33bdf1
[2026-09-03 10:58:26][info][ValidatorRegistry] InitializeCache: cache initialized with CID QmSc6jcPNqnufnGubzpD1QChHA1AzFCrkPXjrQsqLDJpVV
[2026-09-03 10:58:26][info][CRDTCallbackManager] Successfully registered new data callback for pattern: '/?gnus-validator-registry'
[2026-09-03 10:58:26][info][ValidatorRegistry] RegisterFilter: result=true
[2026-09-03 10:58:26][info][ValidatorRegistry] New: instance ready
[2026-09-03 10:58:26.935271000][th:640925][info] GossipPubSub /ip4/0.0.0.0/tcp/54612/p2p/12D3KooWJ7ybxG76HnkgfuaENf6wB3oQdhtWLaLaTRbgR3YKdjhU: PubSub subscribed to topic 'gnus-validator-registry.3.7.144'
[2026-09-03 10:58:26][info][CRDTCallbackManager] Successfully registered new data callback for pattern: '^/?cert/[^/]+'
[2026-09-03 10:58:26.935314000][th:640925][info] GossipPubSub /ip4/0.0.0.0/tcp/54612/p2p/12D3KooWJ7ybxG76HnkgfuaENf6wB3oQdhtWLaLaTRbgR3YKdjhU: PubSub subscribed to topic 'consensus-channel-.3.7.144'
[2026-09-03 10:58:26][info][CRDTCallbackManager] Successfully registered new data callback for pattern: '/?gnus-genesis-block'
[2026-09-03 10:58:26][info][CRDTCallbackManager] Successfully registered new data callback for pattern: '/?gnus-account-creation-.*'
[2026-09-03 10:58:26][info][CRDTCallbackManager] Successfully registered new data callback for pattern: '^/?/bc-144/tx/[^/]+'
[2026-09-03 10:58:26][info][CRDTCallbackManager] Successfully registered deleted data callback for pattern: '^/?/bc-144/tx/[^/]+'
[2026-09-03 10:58:26.935347000][th:640925][info] GossipPubSub /ip4/0.0.0.0/tcp/54612/p2p/12D3KooWJ7ybxG76HnkgfuaENf6wB3oQdhtWLaLaTRbgR3YKdjhU: PubSub subscribed to topic 'consensus-channel-.3.7.144#datastore.3.7.144'
[2026-09-03 10:58:26][info][CRDTCallbackManager] Successfully registered new data callback for pattern: '^/?/bc-963/tx/[^/]+'
[2026-09-03 10:58:26][info][CRDTCallbackManager] Successfully registered deleted data callback for pattern: '^/?/bc-963/tx/[^/]+'
[2026-09-03 10:58:26][info][CRDTCallbackManager] Successfully registered new data callback for pattern: '^/?/bc-369/tx/[^/]+'
[2026-09-03 10:58:26][info][CRDTCallbackManager] Successfully registered deleted data callback for pattern: '^/?/bc-369/tx/[^/]+'
[2026-09-03 10:58:26][info][CRDTCallbackManager] Successfully unregistered new data callback for pattern: '^/?/bc-144/tx/[^/]+'
[2026-09-03 10:58:26][info][CRDTCallbackManager] Successfully unregistered deleted data callback for pattern: '^/?/bc-144/tx/[^/]+'
[2026-09-03 10:58:26][info][CRDTCallbackManager] Successfully unregistered new data callback for pattern: '^/?/bc-963/tx/[^/]+'
[2026-09-03 10:58:26][info][CRDTCallbackManager] Successfully unregistered deleted data callback for pattern: '^/?/bc-963/tx/[^/]+'
[2026-09-03 10:58:26][info][CRDTCallbackManager] Successfully unregistered new data callback for pattern: '^/?/bc-369/tx/[^/]+'
[2026-09-03 10:58:26][info][CRDTCallbackManager] Successfully unregistered deleted data callback for pattern: '^/?/bc-369/tx/[^/]+'
[2026-09-03 10:58:26][info][TransactionManager] [c5ebf028 - full: false] ~TransactionManager: Metrics — cert_fallback(success=0 failure=0) validation(approve=1 reject=0) tracking(insert=1 confirm=1 fail=0)
[2026-09-03 10:58:26][info][Blockchain] [c5ebf028] Stopping blockchain
[2026-09-03 10:58:26][info][CRDTCallbackManager] Successfully unregistered new data callback for pattern: '/?gnus-genesis-block'
[2026-09-03 10:58:26][info][CRDTCallbackManager] Successfully unregistered new data callback for pattern: '/?gnus-account-creation-.*'
[2026-09-03 10:58:26][info][CRDTCallbackManager] Successfully unregistered new data callback for pattern: '/?gnus-validator-registry'
[2026-09-03 10:58:26][debug][GlobalDB] ~GlobalDB CALLED with count 6 on multi_node_finality_fault/restart-certificate-validator-three/rocksdb 
[2026-09-03 10:58:26][info][GlobalDB] GlobalDB shutdown start
[2026-09-03 10:58:26][info][CrdtDatastore] CancelAndCloseNow: begin (pending_jobs=1, self_queue=0, root_queue=0, pending_roots=0, active_root=false)
[2026-09-03 10:58:26][debug][GraphsyncDAGSyncer] Stopping Dagsyncer
[2026-09-03 10:58:26][debug][GraphsyncDAGSyncer] Dagsyncer Stopped
[2026-09-03 10:58:26][info][CrdtDatastore] CancelAndCloseNow: CRDT workers stopped
[2026-09-03 10:58:26][warning][CrdtDatastore] CancelAndCloseNow called but shutdown has already started
[2026-09-03 10:58:26][debug][GraphsyncDAGSyncer] ~GraphsyncDAGSyncer CALLED
[2026-09-03 10:58:26][info][GlobalDB] GlobalDB shutdown finished
[2026-09-03 10:58:26.947928000][th:639783][error] GossipPubSub Address monitoring timer error: Operation canceled
[2026-09-03 10:58:27.297333000][th:637723][info] GossipPubSub === Address Refresh Cycle Started ===
[2026-09-03 10:58:27.297420000][th:637723][info] GossipPubSub Found 1 valid network interfaces
[2026-09-03 10:58:27.297510000][th:637723][info] GossipPubSub   -> New interface address: /ip4/192.168.1.6/tcp/40001/p2p/12D3KooWHiGCPupvKLreakjWG1bMmK7rAP7Y8MYSbd885cSZyNEe
[2026-09-03 10:58:27.297541000][th:637723][info] GossipPubSub Successfully refreshed 1 addresses with 10-minute TTL
[2026-09-03 10:58:27.297543000][th:637723][info] GossipPubSub === Address Refresh Cycle Completed ===
[2026-09-03 10:58:27.297544000][th:637723][info] GossipPubSub === CURRENT NETWORK STATE ===
[2026-09-03 10:58:27.297552000][th:637723][info] GossipPubSub Primary listening address: /ip4/0.0.0.0/tcp/40001/p2p/12D3KooWHiGCPupvKLreakjWG1bMmK7rAP7Y8MYSbd885cSZyNEe
[2026-09-03 10:58:27.297554000][th:637723][info] GossipPubSub Host peer info addresses (0):
[2026-09-03 10:58:27.297555000][th:637723][info] GossipPubSub Additional addresses we track (1):
[2026-09-03 10:58:27.297556000][th:637723][info] GossipPubSub   -> /ip4/192.168.1.6/tcp/40001/p2p/12D3KooWHiGCPupvKLreakjWG1bMmK7rAP7Y8MYSbd885cSZyNEe
[2026-09-03 10:58:27.297558000][th:637723][info] GossipPubSub Listening addresses (1):
[2026-09-03 10:58:27.297559000][th:637723][info] GossipPubSub   -> /ip4/0.0.0.0/tcp/40001/p2p/12D3KooWHiGCPupvKLreakjWG1bMmK7rAP7Y8MYSbd885cSZyNEe
[2026-09-03 10:58:27.297560000][th:637723][info] GossipPubSub Interface addresses (0):
[2026-09-03 10:58:27.297560000][th:637723][info] GossipPubSub === RAW OBSERVED ADDRESS DEBUG ===
[2026-09-03 10:58:27.297563000][th:637723][info] GossipPubSub Local address: /ip4/0.0.0.0/tcp/40001/p2p/12D3KooWHiGCPupvKLreakjWG1bMmK7rAP7Y8MYSbd885cSZyNEe -> 0 raw observed, 0 activated+confirmed
[2026-09-03 10:58:27.297565000][th:637723][info] GossipPubSub TOTAL: 0 raw observed addresses, 0 activated+confirmed addresses
[2026-09-03 10:58:27.297566000][th:637723][info] GossipPubSub === END RAW OBSERVED ADDRESS DEBUG ===
[2026-09-03 10:58:27.297567000][th:637723][info] GossipPubSub Observed addresses - all (0):
[2026-09-03 10:58:27.297568000][th:637723][info] GossipPubSub Observed addresses - confirmed only (0):
[2026-09-03 10:58:27.297569000][th:637723][info] GossipPubSub Relay addresses (0):
[2026-09-03 10:58:27.297592000][th:637723][info] GossipPubSub Peer repository addresses (1):
[2026-09-03 10:58:27.297595000][th:637723][info] GossipPubSub   -> /ip4/192.168.1.6/tcp/40001/p2p/12D3KooWHiGCPupvKLreakjWG1bMmK7rAP7Y8MYSbd885cSZyNEe
[2026-09-03 10:58:27.297624000][th:637723][info] GossipPubSub Found 1 valid network interfaces
[2026-09-03 10:58:27.297627000][th:637723][info] GossipPubSub Current network interfaces (1):
[2026-09-03 10:58:27.297628000][th:637723][info] GossipPubSub   -> 192.168.1.6
[2026-09-03 10:58:27.297629000][th:637723][info] GossipPubSub Active connections: 0
[2026-09-03 10:58:27.297630000][th:637723][info] GossipPubSub === PEER CONNECTION DETAILS ===
[2026-09-03 10:58:27.297631000][th:637723][info] GossipPubSub NOTE: Observed addresses need to be seen by 4+ different peer groups to become 'activated'
[2026-09-03 10:58:27.297632000][th:637723][info] GossipPubSub NOTE: Current connections: 0, so max possible observers: 0
[2026-09-03 10:58:27.297632000][th:637723][info] GossipPubSub === END PEER CONNECTION DETAILS ===
[2026-09-03 10:58:27.297633000][th:637723][info] GossipPubSub Connection manager stats:
[2026-09-03 10:58:27.297641000][th:637723][info] GossipPubSub   -> Max connections: 1000
[2026-09-03 10:58:27.297643000][th:637723][info] GossipPubSub   -> Current connections: 0
[2026-09-03 10:58:27.297644000][th:637723][info] GossipPubSub === END NETWORK STATE ===
[2026-09-03 10:58:27][info][KeyPairFileStorage] Path to keypairs multi_node_finality_fault/restart-certificate-validator-three/keypair
[2026-09-03 10:58:27][info][KeyPairFileStorage] Peer ID from public key: 12D3KooWJT11Z2RXbLqrXjhwN4CrFWaEoUqSLcyptL86bZzskCra
Current limits: 16384 (soft), 9223372036854775807 (hard)
New limits set successfully: 16384 (soft), 9223372036854775807 (hard)
Initialized relay addresses
[2026-09-03 10:58:27.953214000][th:637526][info] GossipPubSub /ip4/0.0.0.0/tcp/54613/p2p/12D3KooWJT11Z2RXbLqrXjhwN4CrFWaEoUqSLcyptL86bZzskCra: Starting PubSub service
[2026-09-03 10:58:27.953281000][th:641082][info] GossipPubSub Starting address monitoring system for mobile network changes
[2026-09-03 10:58:27.953283000][th:641082][info] GossipPubSub === CURRENT NETWORK STATE ===
[2026-09-03 10:58:27.953289000][th:641082][info] GossipPubSub Primary listening address: /ip4/0.0.0.0/tcp/54613/p2p/12D3KooWJT11Z2RXbLqrXjhwN4CrFWaEoUqSLcyptL86bZzskCra
[2026-09-03 10:58:27.953290000][th:641082][info] GossipPubSub Host peer info addresses (0):
[2026-09-03 10:58:27.953291000][th:641082][info] GossipPubSub Additional addresses we track (0):
[2026-09-03 10:58:27.953292000][th:641082][info] GossipPubSub Listening addresses (1):
[2026-09-03 10:58:27.953292000][th:641082][info] GossipPubSub   -> /ip4/0.0.0.0/tcp/54613/p2p/12D3KooWJT11Z2RXbLqrXjhwN4CrFWaEoUqSLcyptL86bZzskCra
[2026-09-03 10:58:27.953293000][th:641082][info] GossipPubSub Interface addresses (0):
[2026-09-03 10:58:27.953293000][th:641082][info] GossipPubSub === RAW OBSERVED ADDRESS DEBUG ===
[2026-09-03 10:58:27.953295000][th:641082][info] GossipPubSub Local address: /ip4/0.0.0.0/tcp/54613/p2p/12D3KooWJT11Z2RXbLqrXjhwN4CrFWaEoUqSLcyptL86bZzskCra -> 0 raw observed, 0 activated+confirmed
[2026-09-03 10:58:27.953296000][th:641082][info] GossipPubSub TOTAL: 0 raw observed addresses, 0 activated+confirmed addresses
[2026-09-03 10:58:27.953296000][th:641082][info] GossipPubSub === END RAW OBSERVED ADDRESS DEBUG ===
[2026-09-03 10:58:27.953297000][th:641082][info] GossipPubSub Observed addresses - all (0):
[2026-09-03 10:58:27.953297000][th:641082][info] GossipPubSub Observed addresses - confirmed only (0):
[2026-09-03 10:58:27.953298000][th:641082][info] GossipPubSub Relay addresses (0):
[2026-09-03 10:58:27.953299000][th:641082][warning] GossipPubSub Failed to get addresses from peer repository: not found
[2026-09-03 10:58:27.953328000][th:641082][info] GossipPubSub Found 1 valid network interfaces
[2026-09-03 10:58:27.953330000][th:641082][info] GossipPubSub Current network interfaces (1):
[2026-09-03 10:58:27.953330000][th:641082][info] GossipPubSub   -> 192.168.1.6
[2026-09-03 10:58:27.953331000][th:641082][info] GossipPubSub Active connections: 0
[2026-09-03 10:58:27.953332000][th:641082][info] GossipPubSub === PEER CONNECTION DETAILS ===
[2026-09-03 10:58:27.953332000][th:641082][info] GossipPubSub NOTE: Observed addresses need to be seen by 4+ different peer groups to become 'activated'
[2026-09-03 10:58:27.953333000][th:641082][info] GossipPubSub NOTE: Current connections: 0, so max possible observers: 0
[2026-09-03 10:58:27.953333000][th:641082][info] GossipPubSub === END PEER CONNECTION DETAILS ===
[2026-09-03 10:58:27.953334000][th:641082][info] GossipPubSub Connection manager stats:
[2026-09-03 10:58:27.953334000][th:641082][info] GossipPubSub   -> Max connections: 1000
[2026-09-03 10:58:27.953335000][th:641082][info] GossipPubSub   -> Current connections: 0
[2026-09-03 10:58:27.953335000][th:641082][info] GossipPubSub === END NETWORK STATE ===
[2026-09-03 10:58:27.953444000][th:641082][info] GossipPubSub /ip4/0.0.0.0/tcp/54613/p2p/12D3KooWJT11Z2RXbLqrXjhwN4CrFWaEoUqSLcyptL86bZzskCra : PubSub service started
[2026-09-03 10:58:27][info][GlobalDB] Opening database /Users/henriqueklein/gnus/SuperGenius/multi_node_finality_fault/restart-certificate-validator-three/rocksdb
[2026-09-03 10:58:27][debug][GraphsyncDAGSyncer] GraphSyncer created 5518245432 
[2026-09-03 10:58:27][info][CrdtDatastore] crdt Datastore created. Number of heads: 2 Current max-height: 18446744073709551615
[2026-09-03 10:58:27][info][GeniusAccount] Secure storage ID path: /Users/henriqueklein/gnus/SuperGenius/multi_node_finality_fault/restart-certificate-validator-three/account/secure_storage_id
[2026-09-03 10:58:27][info][GeniusAccount] Loaded public key from file: c5ebf02874701fbd... (length: 128)
[2026-09-03 10:58:27][info][GeniusAccount] Successfully loaded key_seed from storage
[2026-09-03 10:58:27][info][GeniusAccount] Validation successful: key_seed matches stored public key
[2026-09-03 10:58:27][warning][UTXOManager] Skipping malformed UTXO key /utxo-checkpoint/c5ebf02874701fbdb60c85328b8e25580f8c61476ce924a23f8ff53341da40cae1d4e384887c6a44ec8853dd36ec6dc1217d6c3a0d0a1477e95571dab2635997/1
[2026-09-03 10:58:27][warning][UTXOManager] Skipping malformed UTXO key /utxo-checkpoint/c5ebf02874701fbdb60c85328b8e25580f8c61476ce924a23f8ff53341da40cae1d4e384887c6a44ec8853dd36ec6dc1217d6c3a0d0a1477e95571dab2635997/latest
[2026-09-03 10:58:27][info][Blockchain] [c5ebf028] Blockchain instance created with authorized full node: 8a33bdf1
[2026-09-03 10:58:27][info][ValidatorRegistry] InitializeCache: cache initialized with CID QmSc6jcPNqnufnGubzpD1QChHA1AzFCrkPXjrQsqLDJpVV
[2026-09-03 10:58:27][info][CRDTCallbackManager] Successfully registered new data callback for pattern: '/?gnus-validator-registry'
[2026-09-03 10:58:27][info][ValidatorRegistry] RegisterFilter: result=true
[2026-09-03 10:58:27][info][ValidatorRegistry] New: instance ready
[2026-09-03 10:58:27.976927000][th:641082][info] GossipPubSub /ip4/0.0.0.0/tcp/54613/p2p/12D3KooWJT11Z2RXbLqrXjhwN4CrFWaEoUqSLcyptL86bZzskCra: PubSub subscribed to topic 'gnus-validator-registry.3.7.144'
[2026-09-03 10:58:27][info][CRDTCallbackManager] Successfully registered new data callback for pattern: '^/?cert/[^/]+'
[2026-09-03 10:58:27.976948000][th:641082][info] GossipPubSub /ip4/0.0.0.0/tcp/54613/p2p/12D3KooWJT11Z2RXbLqrXjhwN4CrFWaEoUqSLcyptL86bZzskCra: PubSub subscribed to topic 'consensus-channel-.3.7.144'
[2026-09-03 10:58:27][info][CRDTCallbackManager] Successfully registered new data callback for pattern: '/?gnus-genesis-block'
[2026-09-03 10:58:27][info][CRDTCallbackManager] Successfully registered new data callback for pattern: '/?gnus-account-creation-.*'
[2026-09-03 10:58:27.976969000][th:641082][info] GossipPubSub /ip4/0.0.0.0/tcp/54613/p2p/12D3KooWJT11Z2RXbLqrXjhwN4CrFWaEoUqSLcyptL86bZzskCra: PubSub subscribed to topic 'consensus-channel-.3.7.144#datastore.3.7.144'
[2026-09-03 10:58:27][info][CRDTCallbackManager] Successfully registered new data callback for pattern: '^/?/bc-144/tx/[^/]+'
[2026-09-03 10:58:27][info][CRDTCallbackManager] Successfully registered deleted data callback for pattern: '^/?/bc-144/tx/[^/]+'
[2026-09-03 10:58:27][info][CRDTCallbackManager] Successfully registered new data callback for pattern: '^/?/bc-963/tx/[^/]+'
[2026-09-03 10:58:27][info][CRDTCallbackManager] Successfully registered deleted data callback for pattern: '^/?/bc-963/tx/[^/]+'
[2026-09-03 10:58:27][info][CRDTCallbackManager] Successfully registered new data callback for pattern: '^/?/bc-369/tx/[^/]+'
[2026-09-03 10:58:27][info][CRDTCallbackManager] Successfully registered deleted data callback for pattern: '^/?/bc-369/tx/[^/]+'
[2026-09-03 10:58:27][info][CRDTCallbackManager] Successfully unregistered new data callback for pattern: '^/?/bc-144/tx/[^/]+'
[2026-09-03 10:58:27][info][CRDTCallbackManager] Successfully unregistered deleted data callback for pattern: '^/?/bc-144/tx/[^/]+'
[2026-09-03 10:58:27][info][CRDTCallbackManager] Successfully unregistered new data callback for pattern: '^/?/bc-963/tx/[^/]+'
[2026-09-03 10:58:27][info][CRDTCallbackManager] Successfully unregistered deleted data callback for pattern: '^/?/bc-963/tx/[^/]+'
[2026-09-03 10:58:27][info][CRDTCallbackManager] Successfully unregistered new data callback for pattern: '^/?/bc-369/tx/[^/]+'
[2026-09-03 10:58:27][info][CRDTCallbackManager] Successfully unregistered deleted data callback for pattern: '^/?/bc-369/tx/[^/]+'
[2026-09-03 10:58:27][info][TransactionManager] [8da7d6e0 - full: false] ~TransactionManager: Metrics — cert_fallback(success=0 failure=0) validation(approve=1 reject=0) tracking(insert=1 confirm=1 fail=0)
[2026-09-03 10:58:27][info][Blockchain] [8da7d6e0] Stopping blockchain
[2026-09-03 10:58:27][info][CRDTCallbackManager] Successfully unregistered new data callback for pattern: '/?gnus-genesis-block'
[2026-09-03 10:58:27][info][CRDTCallbackManager] Successfully unregistered new data callback for pattern: '/?gnus-account-creation-.*'
[2026-09-03 10:58:27][info][CRDTCallbackManager] Successfully unregistered new data callback for pattern: '/?gnus-validator-registry'
[2026-09-03 10:58:27][debug][GlobalDB] ~GlobalDB CALLED with count 6 on multi_node_finality_fault/restart-certificate-passive/rocksdb 
[2026-09-03 10:58:27][info][GlobalDB] GlobalDB shutdown start
[2026-09-03 10:58:27][info][CrdtDatastore] CancelAndCloseNow: begin (pending_jobs=1, self_queue=0, root_queue=0, pending_roots=0, active_root=false)
[2026-09-03 10:58:27][debug][GraphsyncDAGSyncer] Stopping Dagsyncer
[2026-09-03 10:58:27][debug][GraphsyncDAGSyncer] Dagsyncer Stopped
[2026-09-03 10:58:27][info][CrdtDatastore] CancelAndCloseNow: CRDT workers stopped
[2026-09-03 10:58:27][warning][CrdtDatastore] CancelAndCloseNow called but shutdown has already started
[2026-09-03 10:58:27][debug][GraphsyncDAGSyncer] ~GraphsyncDAGSyncer CALLED
[2026-09-03 10:58:27][info][GlobalDB] GlobalDB shutdown finished
[2026-09-03 10:58:27.998954000][th:639804][error] GossipPubSub Address monitoring timer error: Operation canceled
[2026-09-03 10:58:29][info][KeyPairFileStorage] Path to keypairs multi_node_finality_fault/restart-certificate-passive/keypair
[2026-09-03 10:58:29][info][KeyPairFileStorage] Peer ID from public key: 12D3KooWNTU5GikZYzJnYHH59eHQxTU2LQA7xg2V3syP2A71oYQs
Current limits: 16384 (soft), 9223372036854775807 (hard)
New limits set successfully: 16384 (soft), 9223372036854775807 (hard)
Initialized relay addresses
[2026-09-03 10:58:29.010849000][th:637526][info] GossipPubSub /ip4/0.0.0.0/tcp/54614/p2p/12D3KooWNTU5GikZYzJnYHH59eHQxTU2LQA7xg2V3syP2A71oYQs: Starting PubSub service
[2026-09-03 10:58:29.010914000][th:641271][info] GossipPubSub Starting address monitoring system for mobile network changes
[2026-09-03 10:58:29.010916000][th:641271][info] GossipPubSub === CURRENT NETWORK STATE ===
[2026-09-03 10:58:29.010922000][th:641271][info] GossipPubSub Primary listening address: /ip4/0.0.0.0/tcp/54614/p2p/12D3KooWNTU5GikZYzJnYHH59eHQxTU2LQA7xg2V3syP2A71oYQs
[2026-09-03 10:58:29.010923000][th:641271][info] GossipPubSub Host peer info addresses (0):
[2026-09-03 10:58:29.010927000][th:641271][info] GossipPubSub Additional addresses we track (0):
[2026-09-03 10:58:29.010928000][th:641271][info] GossipPubSub Listening addresses (1):
[2026-09-03 10:58:29.010929000][th:641271][info] GossipPubSub   -> /ip4/0.0.0.0/tcp/54614/p2p/12D3KooWNTU5GikZYzJnYHH59eHQxTU2LQA7xg2V3syP2A71oYQs
[2026-09-03 10:58:29.010929000][th:641271][info] GossipPubSub Interface addresses (0):
[2026-09-03 10:58:29.010930000][th:641271][info] GossipPubSub === RAW OBSERVED ADDRESS DEBUG ===
[2026-09-03 10:58:29.010931000][th:641271][info] GossipPubSub Local address: /ip4/0.0.0.0/tcp/54614/p2p/12D3KooWNTU5GikZYzJnYHH59eHQxTU2LQA7xg2V3syP2A71oYQs -> 0 raw observed, 0 activated+confirmed
[2026-09-03 10:58:29.010932000][th:641271][info] GossipPubSub TOTAL: 0 raw observed addresses, 0 activated+confirmed addresses
[2026-09-03 10:58:29.010933000][th:641271][info] GossipPubSub === END RAW OBSERVED ADDRESS DEBUG ===
[2026-09-03 10:58:29.010934000][th:641271][info] GossipPubSub Observed addresses - all (0):
[2026-09-03 10:58:29.010934000][th:641271][info] GossipPubSub Observed addresses - confirmed only (0):
[2026-09-03 10:58:29.010935000][th:641271][info] GossipPubSub Relay addresses (0):
[2026-09-03 10:58:29.010937000][th:641271][warning] GossipPubSub Failed to get addresses from peer repository: not found
[2026-09-03 10:58:29.010969000][th:641271][info] GossipPubSub Found 1 valid network interfaces
[2026-09-03 10:58:29.010970000][th:641271][info] GossipPubSub Current network interfaces (1):
[2026-09-03 10:58:29.010971000][th:641271][info] GossipPubSub   -> 192.168.1.6
[2026-09-03 10:58:29.010972000][th:641271][info] GossipPubSub Active connections: 0
[2026-09-03 10:58:29.010972000][th:641271][info] GossipPubSub === PEER CONNECTION DETAILS ===
[2026-09-03 10:58:29.010972000][th:641271][info] GossipPubSub NOTE: Observed addresses need to be seen by 4+ different peer groups to become 'activated'
[2026-09-03 10:58:29.010973000][th:641271][info] GossipPubSub NOTE: Current connections: 0, so max possible observers: 0
[2026-09-03 10:58:29.010973000][th:641271][info] GossipPubSub === END PEER CONNECTION DETAILS ===
[2026-09-03 10:58:29.010974000][th:641271][info] GossipPubSub Connection manager stats:
[2026-09-03 10:58:29.010975000][th:641271][info] GossipPubSub   -> Max connections: 1000
[2026-09-03 10:58:29.010975000][th:641271][info] GossipPubSub   -> Current connections: 0
[2026-09-03 10:58:29.010976000][th:641271][info] GossipPubSub === END NETWORK STATE ===
[2026-09-03 10:58:29.011094000][th:641271][info] GossipPubSub /ip4/0.0.0.0/tcp/54614/p2p/12D3KooWNTU5GikZYzJnYHH59eHQxTU2LQA7xg2V3syP2A71oYQs : PubSub service started
[2026-09-03 10:58:29][info][GlobalDB] Opening database /Users/henriqueklein/gnus/SuperGenius/multi_node_finality_fault/restart-certificate-passive/rocksdb
[2026-09-03 10:58:29][debug][GraphsyncDAGSyncer] GraphSyncer created 5250359160 
[2026-09-03 10:58:29][info][CrdtDatastore] crdt Datastore created. Number of heads: 2 Current max-height: 18446744073709551615
[2026-09-03 10:58:29][info][GeniusAccount] Secure storage ID path: /Users/henriqueklein/gnus/SuperGenius/multi_node_finality_fault/restart-certificate-passive/account/secure_storage_id
[2026-09-03 10:58:29][info][GeniusAccount] Loaded public key from file: 8da7d6e07caf09ad... (length: 128)
[2026-09-03 10:58:29][info][GeniusAccount] Successfully loaded key_seed from storage
[2026-09-03 10:58:29][info][GeniusAccount] Validation successful: key_seed matches stored public key
[2026-09-03 10:58:29][warning][UTXOManager] Skipping malformed UTXO key /utxo-checkpoint/8da7d6e07caf09ad20c2646c4100ca77ec2152adc8f4705cf98cf694383144252697d07db1af10ab83c2b40be9d53addf16e5aba9122b60bf6b09fbf2de9ba2b/1
[2026-09-03 10:58:29][warning][UTXOManager] Skipping malformed UTXO key /utxo-checkpoint/8da7d6e07caf09ad20c2646c4100ca77ec2152adc8f4705cf98cf694383144252697d07db1af10ab83c2b40be9d53addf16e5aba9122b60bf6b09fbf2de9ba2b/latest
[2026-09-03 10:58:29][info][Blockchain] [8da7d6e0] Blockchain instance created with authorized full node: 8a33bdf1
[2026-09-03 10:58:29][info][ValidatorRegistry] InitializeCache: cache initialized with CID QmSc6jcPNqnufnGubzpD1QChHA1AzFCrkPXjrQsqLDJpVV
[2026-09-03 10:58:29][info][CRDTCallbackManager] Successfully registered new data callback for pattern: '/?gnus-validator-registry'
[2026-09-03 10:58:29][info][ValidatorRegistry] RegisterFilter: result=true
[2026-09-03 10:58:29][info][ValidatorRegistry] New: instance ready
[2026-09-03 10:58:29][info][CRDTCallbackManager] Successfully registered new data callback for pattern: '^/?cert/[^/]+'
[2026-09-03 10:58:29.038795000][th:641271][info] GossipPubSub /ip4/0.0.0.0/tcp/54614/p2p/12D3KooWNTU5GikZYzJnYHH59eHQxTU2LQA7xg2V3syP2A71oYQs: PubSub subscribed to topic 'gnus-validator-registry.3.7.144'
[2026-09-03 10:58:29][info][CRDTCallbackManager] Successfully registered new data callback for pattern: '/?gnus-genesis-block'
[2026-09-03 10:58:29][info][CRDTCallbackManager] Successfully registered new data callback for pattern: '/?gnus-account-creation-.*'
[2026-09-03 10:58:29.038833000][th:641271][info] GossipPubSub /ip4/0.0.0.0/tcp/54614/p2p/12D3KooWNTU5GikZYzJnYHH59eHQxTU2LQA7xg2V3syP2A71oYQs: PubSub subscribed to topic 'consensus-channel-.3.7.144'
[2026-09-03 10:58:29][info][CRDTCallbackManager] Successfully registered new data callback for pattern: '^/?/bc-144/tx/[^/]+'
[2026-09-03 10:58:29][info][CRDTCallbackManager] Successfully registered deleted data callback for pattern: '^/?/bc-144/tx/[^/]+'
[2026-09-03 10:58:29.038848000][th:641271][info] GossipPubSub /ip4/0.0.0.0/tcp/54614/p2p/12D3KooWNTU5GikZYzJnYHH59eHQxTU2LQA7xg2V3syP2A71oYQs: PubSub subscribed to topic 'consensus-channel-.3.7.144#datastore.3.7.144'
[2026-09-03 10:58:29][info][CRDTCallbackManager] Successfully registered new data callback for pattern: '^/?/bc-963/tx/[^/]+'
[2026-09-03 10:58:29][info][CRDTCallbackManager] Successfully registered deleted data callback for pattern: '^/?/bc-963/tx/[^/]+'
[2026-09-03 10:58:29][info][CRDTCallbackManager] Successfully registered new data callback for pattern: '^/?/bc-369/tx/[^/]+'
[2026-09-03 10:58:29][info][CRDTCallbackManager] Successfully registered deleted data callback for pattern: '^/?/bc-369/tx/[^/]+'
[2026-09-03 10:58:29.038957000][th:640806][info] GossipPubSub Adding new peer: 12D3KooWJ7ybxG76HnkgfuaENf6wB3oQdhtWLaLaTRbgR3YKdjhU
[2026-09-03 10:58:29.039025000][th:640806][info] GossipPubSub Adding new peer: 12D3KooWJT11Z2RXbLqrXjhwN4CrFWaEoUqSLcyptL86bZzskCra
[2026-09-03 10:58:29.039064000][th:640925][info] GossipPubSub Adding new peer: 12D3KooWAq7fuP8vpMriH6eNZK7sHXafSwNBQqGWLZ8jyd6rb297
[2026-09-03 10:58:29.039106000][th:640806][info] GossipPubSub Adding new peer: 12D3KooWNTU5GikZYzJnYHH59eHQxTU2LQA7xg2V3syP2A71oYQs
[2026-09-03 10:58:29.039131000][th:640925][info] GossipPubSub Adding new peer: 12D3KooWJT11Z2RXbLqrXjhwN4CrFWaEoUqSLcyptL86bZzskCra
[2026-09-03 10:58:29.039160000][th:641082][info] GossipPubSub Adding new peer: 12D3KooWAq7fuP8vpMriH6eNZK7sHXafSwNBQqGWLZ8jyd6rb297
[2026-09-03 10:58:29.039181000][th:640925][info] GossipPubSub Adding new peer: 12D3KooWNTU5GikZYzJnYHH59eHQxTU2LQA7xg2V3syP2A71oYQs
[2026-09-03 10:58:29.039229000][th:641082][info] GossipPubSub Adding new peer: 12D3KooWJ7ybxG76HnkgfuaENf6wB3oQdhtWLaLaTRbgR3YKdjhU
[2026-09-03 10:58:29.039257000][th:641271][info] GossipPubSub Adding new peer: 12D3KooWAq7fuP8vpMriH6eNZK7sHXafSwNBQqGWLZ8jyd6rb297
[2026-09-03 10:58:29.039290000][th:641082][info] GossipPubSub Adding new peer: 12D3KooWNTU5GikZYzJnYHH59eHQxTU2LQA7xg2V3syP2A71oYQs
[2026-09-03 10:58:29.039323000][th:641271][info] GossipPubSub Adding new peer: 12D3KooWJ7ybxG76HnkgfuaENf6wB3oQdhtWLaLaTRbgR3YKdjhU
[2026-09-03 10:58:29.039397000][th:641271][info] GossipPubSub Adding new peer: 12D3KooWJT11Z2RXbLqrXjhwN4CrFWaEoUqSLcyptL86bZzskCra
[2026-09-03 10:58:29][info][CRDTCallbackManager] Successfully unregistered new data callback for pattern: '^/?/bc-144/tx/[^/]+'
[2026-09-03 10:58:29][info][CRDTCallbackManager] Successfully unregistered deleted data callback for pattern: '^/?/bc-144/tx/[^/]+'
[2026-09-03 10:58:29][info][CRDTCallbackManager] Successfully unregistered new data callback for pattern: '^/?/bc-963/tx/[^/]+'
[2026-09-03 10:58:29][info][CRDTCallbackManager] Successfully unregistered deleted data callback for pattern: '^/?/bc-963/tx/[^/]+'
[2026-09-03 10:58:29][info][CRDTCallbackManager] Successfully unregistered new data callback for pattern: '^/?/bc-369/tx/[^/]+'
[2026-09-03 10:58:29][info][CRDTCallbackManager] Successfully unregistered deleted data callback for pattern: '^/?/bc-369/tx/[^/]+'
[2026-09-03 10:58:29][info][TransactionManager] [6b416df6 - full: false] ~TransactionManager: Metrics — cert_fallback(success=0 failure=0) validation(approve=0 reject=0) tracking(insert=0 confirm=0 fail=0)
[2026-09-03 10:58:29][info][Blockchain] [6b416df6] Stopping blockchain
[2026-09-03 10:58:29][info][CRDTCallbackManager] Successfully unregistered new data callback for pattern: '/?gnus-genesis-block'
[2026-09-03 10:58:29][info][CRDTCallbackManager] Successfully unregistered new data callback for pattern: '/?gnus-account-creation-.*'
[2026-09-03 10:58:29][info][CRDTCallbackManager] Successfully unregistered new data callback for pattern: '/?gnus-validator-registry'
[2026-09-03 10:58:29][debug][GlobalDB] ~GlobalDB CALLED with count 6 on multi_node_finality_fault/restart-certificate-validator-one/rocksdb 
[2026-09-03 10:58:29][info][GlobalDB] GlobalDB shutdown start
[2026-09-03 10:58:29][info][CrdtDatastore] CancelAndCloseNow: begin (pending_jobs=0, self_queue=0, root_queue=0, pending_roots=0, active_root=false)
[2026-09-03 10:58:29][debug][GraphsyncDAGSyncer] Stopping Dagsyncer
[2026-09-03 10:58:29][debug][GraphsyncDAGSyncer] Dagsyncer Stopped
[2026-09-03 10:58:29][info][CrdtDatastore] CancelAndCloseNow: CRDT workers stopped
[2026-09-03 10:58:29][warning][CrdtDatastore] CancelAndCloseNow called but shutdown has already started
[2026-09-03 10:58:29][debug][GraphsyncDAGSyncer] ~GraphsyncDAGSyncer CALLED
[2026-09-03 10:58:29][info][GlobalDB] GlobalDB shutdown finished
[2026-09-03 10:58:29.383664000][th:640806][error] GossipPubSub Address monitoring timer error: Operation canceled
[2026-09-03 10:58:30][info][CRDTCallbackManager] Successfully unregistered new data callback for pattern: '^/?/bc-144/tx/[^/]+'
[2026-09-03 10:58:30][info][CRDTCallbackManager] Successfully unregistered deleted data callback for pattern: '^/?/bc-144/tx/[^/]+'
[2026-09-03 10:58:30][info][CRDTCallbackManager] Successfully unregistered new data callback for pattern: '^/?/bc-963/tx/[^/]+'
[2026-09-03 10:58:30][info][CRDTCallbackManager] Successfully unregistered deleted data callback for pattern: '^/?/bc-963/tx/[^/]+'
[2026-09-03 10:58:30][info][CRDTCallbackManager] Successfully unregistered new data callback for pattern: '^/?/bc-369/tx/[^/]+'
[2026-09-03 10:58:30][info][CRDTCallbackManager] Successfully unregistered deleted data callback for pattern: '^/?/bc-369/tx/[^/]+'
[2026-09-03 10:58:30][info][TransactionManager] [4d5b44e4 - full: false] ~TransactionManager: Metrics — cert_fallback(success=0 failure=0) validation(approve=0 reject=0) tracking(insert=0 confirm=0 fail=0)
[2026-09-03 10:58:30][info][Blockchain] [4d5b44e4] Stopping blockchain
[2026-09-03 10:58:30][info][CRDTCallbackManager] Successfully unregistered new data callback for pattern: '/?gnus-genesis-block'
[2026-09-03 10:58:30][info][CRDTCallbackManager] Successfully unregistered new data callback for pattern: '/?gnus-account-creation-.*'
[2026-09-03 10:58:30][info][CRDTCallbackManager] Successfully unregistered new data callback for pattern: '/?gnus-validator-registry'
[2026-09-03 10:58:30][debug][GlobalDB] ~GlobalDB CALLED with count 6 on multi_node_finality_fault/restart-certificate-validator-two/rocksdb 
[2026-09-03 10:58:30][info][GlobalDB] GlobalDB shutdown start
[2026-09-03 10:58:30][info][CrdtDatastore] CancelAndCloseNow: begin (pending_jobs=0, self_queue=0, root_queue=0, pending_roots=0, active_root=false)
[2026-09-03 10:58:30][debug][GraphsyncDAGSyncer] Stopping Dagsyncer
[2026-09-03 10:58:30][debug][GraphsyncDAGSyncer] Dagsyncer Stopped
[2026-09-03 10:58:30][info][CrdtDatastore] CancelAndCloseNow: CRDT workers stopped
[2026-09-03 10:58:30][warning][CrdtDatastore] CancelAndCloseNow called but shutdown has already started
[2026-09-03 10:58:30][debug][GraphsyncDAGSyncer] ~GraphsyncDAGSyncer CALLED
[2026-09-03 10:58:30][info][GlobalDB] GlobalDB shutdown finished
[2026-09-03 10:58:30.484926000][th:640925][error] GossipPubSub Address monitoring timer error: Operation canceled
[2026-09-03 10:58:31][info][CRDTCallbackManager] Successfully unregistered new data callback for pattern: '^/?/bc-144/tx/[^/]+'
[2026-09-03 10:58:31][info][CRDTCallbackManager] Successfully unregistered deleted data callback for pattern: '^/?/bc-144/tx/[^/]+'
[2026-09-03 10:58:31][info][CRDTCallbackManager] Successfully unregistered new data callback for pattern: '^/?/bc-963/tx/[^/]+'
[2026-09-03 10:58:31][info][CRDTCallbackManager] Successfully unregistered deleted data callback for pattern: '^/?/bc-963/tx/[^/]+'
[2026-09-03 10:58:31][info][CRDTCallbackManager] Successfully unregistered new data callback for pattern: '^/?/bc-369/tx/[^/]+'
[2026-09-03 10:58:31][info][CRDTCallbackManager] Successfully unregistered deleted data callback for pattern: '^/?/bc-369/tx/[^/]+'
[2026-09-03 10:58:31][info][TransactionManager] [c5ebf028 - full: false] ~TransactionManager: Metrics — cert_fallback(success=0 failure=0) validation(approve=0 reject=0) tracking(insert=0 confirm=0 fail=0)
[2026-09-03 10:58:31][info][Blockchain] [c5ebf028] Stopping blockchain
[2026-09-03 10:58:31][info][CRDTCallbackManager] Successfully unregistered new data callback for pattern: '/?gnus-genesis-block'
[2026-09-03 10:58:31][info][CRDTCallbackManager] Successfully unregistered new data callback for pattern: '/?gnus-account-creation-.*'
[2026-09-03 10:58:31][info][CRDTCallbackManager] Successfully unregistered new data callback for pattern: '/?gnus-validator-registry'
[2026-09-03 10:58:31][debug][GlobalDB] ~GlobalDB CALLED with count 6 on multi_node_finality_fault/restart-certificate-validator-three/rocksdb 
[2026-09-03 10:58:31][info][GlobalDB] GlobalDB shutdown start
[2026-09-03 10:58:31][info][CrdtDatastore] CancelAndCloseNow: begin (pending_jobs=0, self_queue=0, root_queue=0, pending_roots=0, active_root=false)
[2026-09-03 10:58:31][debug][GraphsyncDAGSyncer] Stopping Dagsyncer
[2026-09-03 10:58:31][debug][GraphsyncDAGSyncer] Dagsyncer Stopped
[2026-09-03 10:58:31][info][CrdtDatastore] CancelAndCloseNow: CRDT workers stopped
[2026-09-03 10:58:31][warning][CrdtDatastore] CancelAndCloseNow called but shutdown has already started
[2026-09-03 10:58:31][debug][GraphsyncDAGSyncer] ~GraphsyncDAGSyncer CALLED
[2026-09-03 10:58:31][info][GlobalDB] GlobalDB shutdown finished
[2026-09-03 10:58:31.527519000][th:641082][error] GossipPubSub Address monitoring timer error: Operation canceled
[2026-09-03 10:58:32][info][CRDTCallbackManager] Successfully unregistered new data callback for pattern: '^/?/bc-144/tx/[^/]+'
[2026-09-03 10:58:32][info][CRDTCallbackManager] Successfully unregistered deleted data callback for pattern: '^/?/bc-144/tx/[^/]+'
[2026-09-03 10:58:32][info][CRDTCallbackManager] Successfully unregistered new data callback for pattern: '^/?/bc-963/tx/[^/]+'
[2026-09-03 10:58:32][info][CRDTCallbackManager] Successfully unregistered deleted data callback for pattern: '^/?/bc-963/tx/[^/]+'
[2026-09-03 10:58:32][info][CRDTCallbackManager] Successfully unregistered new data callback for pattern: '^/?/bc-369/tx/[^/]+'
[2026-09-03 10:58:32][info][CRDTCallbackManager] Successfully unregistered deleted data callback for pattern: '^/?/bc-369/tx/[^/]+'
[2026-09-03 10:58:32][info][TransactionManager] [8da7d6e0 - full: false] ~TransactionManager: Metrics — cert_fallback(success=0 failure=0) validation(approve=0 reject=0) tracking(insert=0 confirm=0 fail=0)
[2026-09-03 10:58:32][info][Blockchain] [8da7d6e0] Stopping blockchain
[2026-09-03 10:58:32][info][CRDTCallbackManager] Successfully unregistered new data callback for pattern: '/?gnus-genesis-block'
[2026-09-03 10:58:32][info][CRDTCallbackManager] Successfully unregistered new data callback for pattern: '/?gnus-account-creation-.*'
[2026-09-03 10:58:32][info][CRDTCallbackManager] Successfully unregistered new data callback for pattern: '/?gnus-validator-registry'
[2026-09-03 10:58:32][debug][GlobalDB] ~GlobalDB CALLED with count 6 on multi_node_finality_fault/restart-certificate-passive/rocksdb 
[2026-09-03 10:58:32][info][GlobalDB] GlobalDB shutdown start
[2026-09-03 10:58:32][info][CrdtDatastore] CancelAndCloseNow: begin (pending_jobs=0, self_queue=0, root_queue=0, pending_roots=0, active_root=false)
[2026-09-03 10:58:32][debug][GraphsyncDAGSyncer] Stopping Dagsyncer
[2026-09-03 10:58:32][debug][GraphsyncDAGSyncer] Dagsyncer Stopped
[2026-09-03 10:58:32][info][CrdtDatastore] CancelAndCloseNow: CRDT workers stopped
[2026-09-03 10:58:32][warning][CrdtDatastore] CancelAndCloseNow called but shutdown has already started
[2026-09-03 10:58:32][debug][GraphsyncDAGSyncer] ~GraphsyncDAGSyncer CALLED
[2026-09-03 10:58:32][info][GlobalDB] GlobalDB shutdown finished
[2026-09-03 10:58:32.586891000][th:641271][error] GossipPubSub Address monitoring timer error: Operation canceled
[2026-09-03 10:58:33][info][KeyPairFileStorage] Path to keypairs multi_node_finality_fault/restart-mint-validator-one/keypair
[2026-09-03 10:58:33][info][KeyPairFileStorage] Peer ID from public key: 12D3KooWGUPLtqtYtT9DQ8sVAEr5KBe4WH5hL95mC1uKVYuGcr64
Current limits: 16384 (soft), 9223372036854775807 (hard)
New limits set successfully: 16384 (soft), 9223372036854775807 (hard)
Initialized relay addresses
[2026-09-03 10:58:33.591619000][th:637526][info] GossipPubSub /ip4/0.0.0.0/tcp/54621/p2p/12D3KooWGUPLtqtYtT9DQ8sVAEr5KBe4WH5hL95mC1uKVYuGcr64: Starting PubSub service
[2026-09-03 10:58:33.591692000][th:641820][info] GossipPubSub Starting address monitoring system for mobile network changes
[2026-09-03 10:58:33.591694000][th:641820][info] GossipPubSub === CURRENT NETWORK STATE ===
[2026-09-03 10:58:33.591701000][th:641820][info] GossipPubSub Primary listening address: /ip4/0.0.0.0/tcp/54621/p2p/12D3KooWGUPLtqtYtT9DQ8sVAEr5KBe4WH5hL95mC1uKVYuGcr64
[2026-09-03 10:58:33.591703000][th:641820][info] GossipPubSub Host peer info addresses (0):
[2026-09-03 10:58:33.591704000][th:641820][info] GossipPubSub Additional addresses we track (0):
[2026-09-03 10:58:33.591704000][th:641820][info] GossipPubSub Listening addresses (1):
[2026-09-03 10:58:33.591705000][th:641820][info] GossipPubSub   -> /ip4/0.0.0.0/tcp/54621/p2p/12D3KooWGUPLtqtYtT9DQ8sVAEr5KBe4WH5hL95mC1uKVYuGcr64
[2026-09-03 10:58:33.591706000][th:641820][info] GossipPubSub Interface addresses (0):
[2026-09-03 10:58:33.591707000][th:641820][info] GossipPubSub === RAW OBSERVED ADDRESS DEBUG ===
[2026-09-03 10:58:33.591709000][th:641820][info] GossipPubSub Local address: /ip4/0.0.0.0/tcp/54621/p2p/12D3KooWGUPLtqtYtT9DQ8sVAEr5KBe4WH5hL95mC1uKVYuGcr64 -> 0 raw observed, 0 activated+confirmed
[2026-09-03 10:58:33.591710000][th:641820][info] GossipPubSub TOTAL: 0 raw observed addresses, 0 activated+confirmed addresses
[2026-09-03 10:58:33.591711000][th:641820][info] GossipPubSub === END RAW OBSERVED ADDRESS DEBUG ===
[2026-09-03 10:58:33.591712000][th:641820][info] GossipPubSub Observed addresses - all (0):
[2026-09-03 10:58:33.591713000][th:641820][info] GossipPubSub Observed addresses - confirmed only (0):
[2026-09-03 10:58:33.591713000][th:641820][info] GossipPubSub Relay addresses (0):
[2026-09-03 10:58:33.591715000][th:641820][warning] GossipPubSub Failed to get addresses from peer repository: not found
[2026-09-03 10:58:33.591750000][th:641820][info] GossipPubSub Found 1 valid network interfaces
[2026-09-03 10:58:33.591752000][th:641820][info] GossipPubSub Current network interfaces (1):
[2026-09-03 10:58:33.591753000][th:641820][info] GossipPubSub   -> 192.168.1.6
[2026-09-03 10:58:33.591754000][th:641820][info] GossipPubSub Active connections: 0
[2026-09-03 10:58:33.591755000][th:641820][info] GossipPubSub === PEER CONNECTION DETAILS ===
[2026-09-03 10:58:33.591755000][th:641820][info] GossipPubSub NOTE: Observed addresses need to be seen by 4+ different peer groups to become 'activated'
[2026-09-03 10:58:33.591756000][th:641820][info] GossipPubSub NOTE: Current connections: 0, so max possible observers: 0
[2026-09-03 10:58:33.591757000][th:641820][info] GossipPubSub === END PEER CONNECTION DETAILS ===
[2026-09-03 10:58:33.591757000][th:641820][info] GossipPubSub Connection manager stats:
[2026-09-03 10:58:33.591758000][th:641820][info] GossipPubSub   -> Max connections: 1000
[2026-09-03 10:58:33.591759000][th:641820][info] GossipPubSub   -> Current connections: 0
[2026-09-03 10:58:33.591760000][th:641820][info] GossipPubSub === END NETWORK STATE ===
[2026-09-03 10:58:33.591890000][th:641820][info] GossipPubSub /ip4/0.0.0.0/tcp/54621/p2p/12D3KooWGUPLtqtYtT9DQ8sVAEr5KBe4WH5hL95mC1uKVYuGcr64 : PubSub service started
[2026-09-03 10:58:33][info][GlobalDB] Opening database /Users/henriqueklein/gnus/SuperGenius/multi_node_finality_fault/restart-mint-validator-one/rocksdb
[2026-09-03 10:58:33][debug][GraphsyncDAGSyncer] GraphSyncer created 5249394888 
[2026-09-03 10:58:33][info][CrdtDatastore] crdt Datastore created. Number of heads: 0 Current max-height: 0
[2026-09-03 10:58:33][info][GeniusAccount] Secure storage ID path: /Users/henriqueklein/gnus/SuperGenius/multi_node_finality_fault/restart-mint-validator-one/account/secure_storage_id
[2026-09-03 10:58:33][error][GeniusAccount] Could not find existing Genius address, generating one from a random mnemonic
[2026-09-03 10:58:33][warning][UTXOManager] Found UTXOs in storage, but there were none
[2026-09-03 10:58:33][info][Blockchain] [0792b0b3] Blockchain instance created with authorized full node: 8a33bdf1
[2026-09-03 10:58:33][error][ValidatorRegistry] InitializeCache: registry content not found during cache init
[2026-09-03 10:58:33][info][CRDTCallbackManager] Successfully registered new data callback for pattern: '/?gnus-validator-registry'
[2026-09-03 10:58:33][info][ValidatorRegistry] RegisterFilter: result=true
[2026-09-03 10:58:33][info][ValidatorRegistry] New: instance ready
[2026-09-03 10:58:33.629314000][th:641820][info] GossipPubSub /ip4/0.0.0.0/tcp/54621/p2p/12D3KooWGUPLtqtYtT9DQ8sVAEr5KBe4WH5hL95mC1uKVYuGcr64: PubSub subscribed to topic 'gnus-validator-registry.3.7.144'
[2026-09-03 10:58:33][info][CRDTCallbackManager] Successfully registered new data callback for pattern: '^/?cert/[^/]+'
[2026-09-03 10:58:33.629344000][th:641820][info] GossipPubSub /ip4/0.0.0.0/tcp/54621/p2p/12D3KooWGUPLtqtYtT9DQ8sVAEr5KBe4WH5hL95mC1uKVYuGcr64: PubSub subscribed to topic 'consensus-channel-.3.7.144'
[2026-09-03 10:58:33][warning][Blockchain] [0792b0b3] Failed to request validator registry during blockchain init
[2026-09-03 10:58:33][info][CRDTCallbackManager] Successfully registered new data callback for pattern: '/?gnus-genesis-block'
[2026-09-03 10:58:33][info][CRDTCallbackManager] Successfully registered new data callback for pattern: '/?gnus-account-creation-.*'
[2026-09-03 10:58:33.629376000][th:641820][info] GossipPubSub /ip4/0.0.0.0/tcp/54621/p2p/12D3KooWGUPLtqtYtT9DQ8sVAEr5KBe4WH5hL95mC1uKVYuGcr64: PubSub subscribed to topic 'consensus-channel-.3.7.144#datastore.3.7.144'
[2026-09-03 10:58:33][info][CRDTCallbackManager] Successfully registered new data callback for pattern: '^/?/bc-144/tx/[^/]+'
[2026-09-03 10:58:33][info][CRDTCallbackManager] Successfully registered deleted data callback for pattern: '^/?/bc-144/tx/[^/]+'
[2026-09-03 10:58:33][info][CRDTCallbackManager] Successfully registered new data callback for pattern: '^/?/bc-963/tx/[^/]+'
[2026-09-03 10:58:33][info][CRDTCallbackManager] Successfully registered deleted data callback for pattern: '^/?/bc-963/tx/[^/]+'
[2026-09-03 10:58:33][info][CRDTCallbackManager] Successfully registered new data callback for pattern: '^/?/bc-369/tx/[^/]+'
[2026-09-03 10:58:33][info][CRDTCallbackManager] Successfully registered deleted data callback for pattern: '^/?/bc-369/tx/[^/]+'
[2026-09-03 10:58:33][info][KeyPairFileStorage] Path to keypairs multi_node_finality_fault/restart-mint-validator-two/keypair
[2026-09-03 10:58:33][info][KeyPairFileStorage] Peer ID from public key: 12D3KooWJUR5KrP9pJD5LiZevma4Cdm1HBNwR6fcy6XawAj6GwbP
Current limits: 16384 (soft), 9223372036854775807 (hard)
New limits set successfully: 16384 (soft), 9223372036854775807 (hard)
Initialized relay addresses
[2026-09-03 10:58:33.631607000][th:637526][info] GossipPubSub /ip4/0.0.0.0/tcp/54622/p2p/12D3KooWJUR5KrP9pJD5LiZevma4Cdm1HBNwR6fcy6XawAj6GwbP: Starting PubSub service
[2026-09-03 10:58:33.631666000][th:641841][info] GossipPubSub Starting address monitoring system for mobile network changes
[2026-09-03 10:58:33.631668000][th:641841][info] GossipPubSub === CURRENT NETWORK STATE ===
[2026-09-03 10:58:33.631675000][th:641841][info] GossipPubSub Primary listening address: /ip4/0.0.0.0/tcp/54622/p2p/12D3KooWJUR5KrP9pJD5LiZevma4Cdm1HBNwR6fcy6XawAj6GwbP
[2026-09-03 10:58:33.631677000][th:641841][info] GossipPubSub Host peer info addresses (0):
[2026-09-03 10:58:33.631677000][th:641841][info] GossipPubSub Additional addresses we track (0):
[2026-09-03 10:58:33.631679000][th:641841][info] GossipPubSub Listening addresses (1):
[2026-09-03 10:58:33.631680000][th:641841][info] GossipPubSub   -> /ip4/0.0.0.0/tcp/54622/p2p/12D3KooWJUR5KrP9pJD5LiZevma4Cdm1HBNwR6fcy6XawAj6GwbP
[2026-09-03 10:58:33.631681000][th:641841][info] GossipPubSub Interface addresses (0):
[2026-09-03 10:58:33.631681000][th:641841][info] GossipPubSub === RAW OBSERVED ADDRESS DEBUG ===
[2026-09-03 10:58:33.631683000][th:641841][info] GossipPubSub Local address: /ip4/0.0.0.0/tcp/54622/p2p/12D3KooWJUR5KrP9pJD5LiZevma4Cdm1HBNwR6fcy6XawAj6GwbP -> 0 raw observed, 0 activated+confirmed
[2026-09-03 10:58:33.631684000][th:641841][info] GossipPubSub TOTAL: 0 raw observed addresses, 0 activated+confirmed addresses
[2026-09-03 10:58:33.631685000][th:641841][info] GossipPubSub === END RAW OBSERVED ADDRESS DEBUG ===
[2026-09-03 10:58:33.631686000][th:641841][info] GossipPubSub Observed addresses - all (0):
[2026-09-03 10:58:33.631687000][th:641841][info] GossipPubSub Observed addresses - confirmed only (0):
[2026-09-03 10:58:33.631688000][th:641841][info] GossipPubSub Relay addresses (0):
[2026-09-03 10:58:33.631690000][th:641841][warning] GossipPubSub Failed to get addresses from peer repository: not found
[2026-09-03 10:58:33.631725000][th:641841][info] GossipPubSub Found 1 valid network interfaces
[2026-09-03 10:58:33.631727000][th:641841][info] GossipPubSub Current network interfaces (1):
[2026-09-03 10:58:33.631727000][th:641841][info] GossipPubSub   -> 192.168.1.6
[2026-09-03 10:58:33.631729000][th:641841][info] GossipPubSub Active connections: 0
[2026-09-03 10:58:33.631730000][th:641841][info] GossipPubSub === PEER CONNECTION DETAILS ===
[2026-09-03 10:58:33.631731000][th:641841][info] GossipPubSub NOTE: Observed addresses need to be seen by 4+ different peer groups to become 'activated'
[2026-09-03 10:58:33.631732000][th:641841][info] GossipPubSub NOTE: Current connections: 0, so max possible observers: 0
[2026-09-03 10:58:33.631732000][th:641841][info] GossipPubSub === END PEER CONNECTION DETAILS ===
[2026-09-03 10:58:33.631733000][th:641841][info] GossipPubSub Connection manager stats:
[2026-09-03 10:58:33.631734000][th:641841][info] GossipPubSub   -> Max connections: 1000
[2026-09-03 10:58:33.631735000][th:641841][info] GossipPubSub   -> Current connections: 0
[2026-09-03 10:58:33.631736000][th:641841][info] GossipPubSub === END NETWORK STATE ===
[2026-09-03 10:58:33.631866000][th:641841][info] GossipPubSub /ip4/0.0.0.0/tcp/54622/p2p/12D3KooWJUR5KrP9pJD5LiZevma4Cdm1HBNwR6fcy6XawAj6GwbP : PubSub service started
[2026-09-03 10:58:33][info][GlobalDB] Opening database /Users/henriqueklein/gnus/SuperGenius/multi_node_finality_fault/restart-mint-validator-two/rocksdb
[2026-09-03 10:58:33][debug][GraphsyncDAGSyncer] GraphSyncer created 5518322584 
[2026-09-03 10:58:33][info][CrdtDatastore] crdt Datastore created. Number of heads: 0 Current max-height: 0
[2026-09-03 10:58:33][info][GeniusAccount] Secure storage ID path: /Users/henriqueklein/gnus/SuperGenius/multi_node_finality_fault/restart-mint-validator-two/account/secure_storage_id
[2026-09-03 10:58:33][error][GeniusAccount] Could not find existing Genius address, generating one from a random mnemonic
[2026-09-03 10:58:33][warning][UTXOManager] Found UTXOs in storage, but there were none
[2026-09-03 10:58:33][info][Blockchain] [074c8c1d] Blockchain instance created with authorized full node: 8a33bdf1
[2026-09-03 10:58:33][error][ValidatorRegistry] InitializeCache: registry content not found during cache init
[2026-09-03 10:58:33][info][CRDTCallbackManager] Successfully registered new data callback for pattern: '/?gnus-validator-registry'
[2026-09-03 10:58:33][info][ValidatorRegistry] RegisterFilter: result=true
[2026-09-03 10:58:33][info][ValidatorRegistry] New: instance ready
[2026-09-03 10:58:33.675892000][th:641841][info] GossipPubSub /ip4/0.0.0.0/tcp/54622/p2p/12D3KooWJUR5KrP9pJD5LiZevma4Cdm1HBNwR6fcy6XawAj6GwbP: PubSub subscribed to topic 'gnus-validator-registry.3.7.144'
[2026-09-03 10:58:33][info][CRDTCallbackManager] Successfully registered new data callback for pattern: '^/?cert/[^/]+'
[2026-09-03 10:58:33.675923000][th:641841][info] GossipPubSub /ip4/0.0.0.0/tcp/54622/p2p/12D3KooWJUR5KrP9pJD5LiZevma4Cdm1HBNwR6fcy6XawAj6GwbP: PubSub subscribed to topic 'consensus-channel-.3.7.144'
[2026-09-03 10:58:33][warning][Blockchain] [074c8c1d] Failed to request validator registry during blockchain init
[2026-09-03 10:58:33][info][CRDTCallbackManager] Successfully registered new data callback for pattern: '/?gnus-genesis-block'
[2026-09-03 10:58:33][info][CRDTCallbackManager] Successfully registered new data callback for pattern: '/?gnus-account-creation-.*'
[2026-09-03 10:58:33.675960000][th:641841][info] GossipPubSub /ip4/0.0.0.0/tcp/54622/p2p/12D3KooWJUR5KrP9pJD5LiZevma4Cdm1HBNwR6fcy6XawAj6GwbP: PubSub subscribed to topic 'consensus-channel-.3.7.144#datastore.3.7.144'
[2026-09-03 10:58:33][info][CRDTCallbackManager] Successfully registered new data callback for pattern: '^/?/bc-144/tx/[^/]+'
[2026-09-03 10:58:33][info][CRDTCallbackManager] Successfully registered deleted data callback for pattern: '^/?/bc-144/tx/[^/]+'
[2026-09-03 10:58:33][info][CRDTCallbackManager] Successfully registered new data callback for pattern: '^/?/bc-963/tx/[^/]+'
[2026-09-03 10:58:33][info][CRDTCallbackManager] Successfully registered deleted data callback for pattern: '^/?/bc-963/tx/[^/]+'
[2026-09-03 10:58:33][info][CRDTCallbackManager] Successfully registered new data callback for pattern: '^/?/bc-369/tx/[^/]+'
[2026-09-03 10:58:33][info][CRDTCallbackManager] Successfully registered deleted data callback for pattern: '^/?/bc-369/tx/[^/]+'
[2026-09-03 10:58:33][info][KeyPairFileStorage] Path to keypairs multi_node_finality_fault/restart-mint-validator-three/keypair
[2026-09-03 10:58:33][info][KeyPairFileStorage] Peer ID from public key: 12D3KooWQz22u2jLYULaKNcxfAWqaTRvjM4zojvWyxyh8ww7x6iP
Current limits: 16384 (soft), 9223372036854775807 (hard)
New limits set successfully: 16384 (soft), 9223372036854775807 (hard)
Initialized relay addresses
[2026-09-03 10:58:33.677518000][th:637526][info] GossipPubSub /ip4/0.0.0.0/tcp/54623/p2p/12D3KooWQz22u2jLYULaKNcxfAWqaTRvjM4zojvWyxyh8ww7x6iP: Starting PubSub service
[2026-09-03 10:58:33.677563000][th:641864][info] GossipPubSub Starting address monitoring system for mobile network changes
[2026-09-03 10:58:33.677565000][th:641864][info] GossipPubSub === CURRENT NETWORK STATE ===
[2026-09-03 10:58:33.677569000][th:641864][info] GossipPubSub Primary listening address: /ip4/0.0.0.0/tcp/54623/p2p/12D3KooWQz22u2jLYULaKNcxfAWqaTRvjM4zojvWyxyh8ww7x6iP
[2026-09-03 10:58:33.677570000][th:641864][info] GossipPubSub Host peer info addresses (0):
[2026-09-03 10:58:33.677570000][th:641864][info] GossipPubSub Additional addresses we track (0):
[2026-09-03 10:58:33.677571000][th:641864][info] GossipPubSub Listening addresses (1):
[2026-09-03 10:58:33.677572000][th:641864][info] GossipPubSub   -> /ip4/0.0.0.0/tcp/54623/p2p/12D3KooWQz22u2jLYULaKNcxfAWqaTRvjM4zojvWyxyh8ww7x6iP
[2026-09-03 10:58:33.677573000][th:641864][info] GossipPubSub Interface addresses (0):
[2026-09-03 10:58:33.677573000][th:641864][info] GossipPubSub === RAW OBSERVED ADDRESS DEBUG ===
[2026-09-03 10:58:33.677574000][th:641864][info] GossipPubSub Local address: /ip4/0.0.0.0/tcp/54623/p2p/12D3KooWQz22u2jLYULaKNcxfAWqaTRvjM4zojvWyxyh8ww7x6iP -> 0 raw observed, 0 activated+confirmed
[2026-09-03 10:58:33.677576000][th:641864][info] GossipPubSub TOTAL: 0 raw observed addresses, 0 activated+confirmed addresses
[2026-09-03 10:58:33.677576000][th:641864][info] GossipPubSub === END RAW OBSERVED ADDRESS DEBUG ===
[2026-09-03 10:58:33.677577000][th:641864][info] GossipPubSub Observed addresses - all (0):
[2026-09-03 10:58:33.677577000][th:641864][info] GossipPubSub Observed addresses - confirmed only (0):
[2026-09-03 10:58:33.677578000][th:641864][info] GossipPubSub Relay addresses (0):
[2026-09-03 10:58:33.677579000][th:641864][warning] GossipPubSub Failed to get addresses from peer repository: not found
[2026-09-03 10:58:33.677606000][th:641864][info] GossipPubSub Found 1 valid network interfaces
[2026-09-03 10:58:33.677607000][th:641864][info] GossipPubSub Current network interfaces (1):
[2026-09-03 10:58:33.677607000][th:641864][info] GossipPubSub   -> 192.168.1.6
[2026-09-03 10:58:33.677608000][th:641864][info] GossipPubSub Active connections: 0
[2026-09-03 10:58:33.677609000][th:641864][info] GossipPubSub === PEER CONNECTION DETAILS ===
[2026-09-03 10:58:33.677609000][th:641864][info] GossipPubSub NOTE: Observed addresses need to be seen by 4+ different peer groups to become 'activated'
[2026-09-03 10:58:33.677610000][th:641864][info] GossipPubSub NOTE: Current connections: 0, so max possible observers: 0
[2026-09-03 10:58:33.677610000][th:641864][info] GossipPubSub === END PEER CONNECTION DETAILS ===
[2026-09-03 10:58:33.677611000][th:641864][info] GossipPubSub Connection manager stats:
[2026-09-03 10:58:33.677611000][th:641864][info] GossipPubSub   -> Max connections: 1000
[2026-09-03 10:58:33.677612000][th:641864][info] GossipPubSub   -> Current connections: 0
[2026-09-03 10:58:33.677612000][th:641864][info] GossipPubSub === END NETWORK STATE ===
[2026-09-03 10:58:33.677715000][th:641864][info] GossipPubSub /ip4/0.0.0.0/tcp/54623/p2p/12D3KooWQz22u2jLYULaKNcxfAWqaTRvjM4zojvWyxyh8ww7x6iP : PubSub service started
[2026-09-03 10:58:33][info][GlobalDB] Opening database /Users/henriqueklein/gnus/SuperGenius/multi_node_finality_fault/restart-mint-validator-three/rocksdb
[2026-09-03 10:58:33][debug][GraphsyncDAGSyncer] GraphSyncer created 5250373032 
[2026-09-03 10:58:33][info][CrdtDatastore] crdt Datastore created. Number of heads: 0 Current max-height: 0
[2026-09-03 10:58:33][info][GeniusAccount] Secure storage ID path: /Users/henriqueklein/gnus/SuperGenius/multi_node_finality_fault/restart-mint-validator-three/account/secure_storage_id
[2026-09-03 10:58:33][error][GeniusAccount] Could not find existing Genius address, generating one from a random mnemonic
[2026-09-03 10:58:33][warning][UTXOManager] Found UTXOs in storage, but there were none
[2026-09-03 10:58:33][info][Blockchain] [e4001804] Blockchain instance created with authorized full node: 8a33bdf1
[2026-09-03 10:58:33][error][ValidatorRegistry] InitializeCache: registry content not found during cache init
[2026-09-03 10:58:33][info][CRDTCallbackManager] Successfully registered new data callback for pattern: '/?gnus-validator-registry'
[2026-09-03 10:58:33][info][ValidatorRegistry] RegisterFilter: result=true
[2026-09-03 10:58:33][info][ValidatorRegistry] New: instance ready
[2026-09-03 10:58:33.716446000][th:641864][info] GossipPubSub /ip4/0.0.0.0/tcp/54623/p2p/12D3KooWQz22u2jLYULaKNcxfAWqaTRvjM4zojvWyxyh8ww7x6iP: PubSub subscribed to topic 'gnus-validator-registry.3.7.144'
[2026-09-03 10:58:33][info][CRDTCallbackManager] Successfully registered new data callback for pattern: '^/?cert/[^/]+'
[2026-09-03 10:58:33.716469000][th:641864][info] GossipPubSub /ip4/0.0.0.0/tcp/54623/p2p/12D3KooWQz22u2jLYULaKNcxfAWqaTRvjM4zojvWyxyh8ww7x6iP: PubSub subscribed to topic 'consensus-channel-.3.7.144'
[2026-09-03 10:58:33][warning][Blockchain] [e4001804] Failed to request validator registry during blockchain init
[2026-09-03 10:58:33][info][CRDTCallbackManager] Successfully registered new data callback for pattern: '/?gnus-genesis-block'
[2026-09-03 10:58:33][info][CRDTCallbackManager] Successfully registered new data callback for pattern: '/?gnus-account-creation-.*'
[2026-09-03 10:58:33.716490000][th:641864][info] GossipPubSub /ip4/0.0.0.0/tcp/54623/p2p/12D3KooWQz22u2jLYULaKNcxfAWqaTRvjM4zojvWyxyh8ww7x6iP: PubSub subscribed to topic 'consensus-channel-.3.7.144#datastore.3.7.144'
[2026-09-03 10:58:33][info][CRDTCallbackManager] Successfully registered new data callback for pattern: '^/?/bc-144/tx/[^/]+'
[2026-09-03 10:58:33][info][CRDTCallbackManager] Successfully registered deleted data callback for pattern: '^/?/bc-144/tx/[^/]+'
[2026-09-03 10:58:33][info][CRDTCallbackManager] Successfully registered new data callback for pattern: '^/?/bc-963/tx/[^/]+'
[2026-09-03 10:58:33][info][CRDTCallbackManager] Successfully registered deleted data callback for pattern: '^/?/bc-963/tx/[^/]+'
[2026-09-03 10:58:33][info][CRDTCallbackManager] Successfully registered new data callback for pattern: '^/?/bc-369/tx/[^/]+'
[2026-09-03 10:58:33][info][CRDTCallbackManager] Successfully registered deleted data callback for pattern: '^/?/bc-369/tx/[^/]+'
[2026-09-03 10:58:33][info][KeyPairFileStorage] Path to keypairs multi_node_finality_fault/restart-mint-passive/keypair
[2026-09-03 10:58:33][info][KeyPairFileStorage] Peer ID from public key: 12D3KooWA45nCa9TAnUHxGKxCYE2aMxE5dvoB6cq3d7vjNqvfyYM
Current limits: 16384 (soft), 9223372036854775807 (hard)
New limits set successfully: 16384 (soft), 9223372036854775807 (hard)
Initialized relay addresses
[2026-09-03 10:58:33.719849000][th:637526][info] GossipPubSub /ip4/0.0.0.0/tcp/54624/p2p/12D3KooWA45nCa9TAnUHxGKxCYE2aMxE5dvoB6cq3d7vjNqvfyYM: Starting PubSub service
[2026-09-03 10:58:33.719909000][th:641886][info] GossipPubSub Starting address monitoring system for mobile network changes
[2026-09-03 10:58:33.719911000][th:641886][info] GossipPubSub === CURRENT NETWORK STATE ===
[2026-09-03 10:58:33.719916000][th:641886][info] GossipPubSub Primary listening address: /ip4/0.0.0.0/tcp/54624/p2p/12D3KooWA45nCa9TAnUHxGKxCYE2aMxE5dvoB6cq3d7vjNqvfyYM
[2026-09-03 10:58:33.719917000][th:641886][info] GossipPubSub Host peer info addresses (0):
[2026-09-03 10:58:33.719918000][th:641886][info] GossipPubSub Additional addresses we track (0):
[2026-09-03 10:58:33.719919000][th:641886][info] GossipPubSub Listening addresses (1):
[2026-09-03 10:58:33.719919000][th:641886][info] GossipPubSub   -> /ip4/0.0.0.0/tcp/54624/p2p/12D3KooWA45nCa9TAnUHxGKxCYE2aMxE5dvoB6cq3d7vjNqvfyYM
[2026-09-03 10:58:33.719920000][th:641886][info] GossipPubSub Interface addresses (0):
[2026-09-03 10:58:33.719921000][th:641886][info] GossipPubSub === RAW OBSERVED ADDRESS DEBUG ===
[2026-09-03 10:58:33.719922000][th:641886][info] GossipPubSub Local address: /ip4/0.0.0.0/tcp/54624/p2p/12D3KooWA45nCa9TAnUHxGKxCYE2aMxE5dvoB6cq3d7vjNqvfyYM -> 0 raw observed, 0 activated+confirmed
[2026-09-03 10:58:33.719923000][th:641886][info] GossipPubSub TOTAL: 0 raw observed addresses, 0 activated+confirmed addresses
[2026-09-03 10:58:33.719923000][th:641886][info] GossipPubSub === END RAW OBSERVED ADDRESS DEBUG ===
[2026-09-03 10:58:33.719924000][th:641886][info] GossipPubSub Observed addresses - all (0):
[2026-09-03 10:58:33.719925000][th:641886][info] GossipPubSub Observed addresses - confirmed only (0):
[2026-09-03 10:58:33.719925000][th:641886][info] GossipPubSub Relay addresses (0):
[2026-09-03 10:58:33.719957000][th:641886][warning] GossipPubSub Failed to get addresses from peer repository: not found
[2026-09-03 10:58:33.719989000][th:641886][info] GossipPubSub Found 1 valid network interfaces
[2026-09-03 10:58:33.719990000][th:641886][info] GossipPubSub Current network interfaces (1):
[2026-09-03 10:58:33.719991000][th:641886][info] GossipPubSub   -> 192.168.1.6
[2026-09-03 10:58:33.719991000][th:641886][info] GossipPubSub Active connections: 0
[2026-09-03 10:58:33.719992000][th:641886][info] GossipPubSub === PEER CONNECTION DETAILS ===
[2026-09-03 10:58:33.719992000][th:641886][info] GossipPubSub NOTE: Observed addresses need to be seen by 4+ different peer groups to become 'activated'
[2026-09-03 10:58:33.719993000][th:641886][info] GossipPubSub NOTE: Current connections: 0, so max possible observers: 0
[2026-09-03 10:58:33.719993000][th:641886][info] GossipPubSub === END PEER CONNECTION DETAILS ===
[2026-09-03 10:58:33.719994000][th:641886][info] GossipPubSub Connection manager stats:
[2026-09-03 10:58:33.719994000][th:641886][info] GossipPubSub   -> Max connections: 1000
[2026-09-03 10:58:33.719995000][th:641886][info] GossipPubSub   -> Current connections: 0
[2026-09-03 10:58:33.719995000][th:641886][info] GossipPubSub === END NETWORK STATE ===
[2026-09-03 10:58:33.720105000][th:641886][info] GossipPubSub /ip4/0.0.0.0/tcp/54624/p2p/12D3KooWA45nCa9TAnUHxGKxCYE2aMxE5dvoB6cq3d7vjNqvfyYM : PubSub service started
[2026-09-03 10:58:33][info][GlobalDB] Opening database /Users/henriqueklein/gnus/SuperGenius/multi_node_finality_fault/restart-mint-passive/rocksdb
[2026-09-03 10:58:33][debug][GraphsyncDAGSyncer] GraphSyncer created 5517752840 
[2026-09-03 10:58:33][info][CrdtDatastore] crdt Datastore created. Number of heads: 0 Current max-height: 0
[2026-09-03 10:58:33][info][GeniusAccount] Secure storage ID path: /Users/henriqueklein/gnus/SuperGenius/multi_node_finality_fault/restart-mint-passive/account/secure_storage_id
[2026-09-03 10:58:33][error][GeniusAccount] Could not find existing Genius address, generating one from a random mnemonic
[2026-09-03 10:58:33][warning][UTXOManager] Found UTXOs in storage, but there were none
[2026-09-03 10:58:33][info][Blockchain] [8479aa9e] Blockchain instance created with authorized full node: 8a33bdf1
[2026-09-03 10:58:33][error][ValidatorRegistry] InitializeCache: registry content not found during cache init
[2026-09-03 10:58:33][info][CRDTCallbackManager] Successfully registered new data callback for pattern: '/?gnus-validator-registry'
[2026-09-03 10:58:33][info][ValidatorRegistry] RegisterFilter: result=true
[2026-09-03 10:58:33][info][ValidatorRegistry] New: instance ready
[2026-09-03 10:58:33.761869000][th:641886][info] GossipPubSub /ip4/0.0.0.0/tcp/54624/p2p/12D3KooWA45nCa9TAnUHxGKxCYE2aMxE5dvoB6cq3d7vjNqvfyYM: PubSub subscribed to topic 'gnus-validator-registry.3.7.144'
[2026-09-03 10:58:33][info][CRDTCallbackManager] Successfully registered new data callback for pattern: '^/?cert/[^/]+'
[2026-09-03 10:58:33.761891000][th:641886][info] GossipPubSub /ip4/0.0.0.0/tcp/54624/p2p/12D3KooWA45nCa9TAnUHxGKxCYE2aMxE5dvoB6cq3d7vjNqvfyYM: PubSub subscribed to topic 'consensus-channel-.3.7.144'
[2026-09-03 10:58:33][warning][Blockchain] [8479aa9e] Failed to request validator registry during blockchain init
[2026-09-03 10:58:33][info][CRDTCallbackManager] Successfully registered new data callback for pattern: '/?gnus-genesis-block'
[2026-09-03 10:58:33][info][CRDTCallbackManager] Successfully registered new data callback for pattern: '/?gnus-account-creation-.*'
[2026-09-03 10:58:33.761912000][th:641886][info] GossipPubSub /ip4/0.0.0.0/tcp/54624/p2p/12D3KooWA45nCa9TAnUHxGKxCYE2aMxE5dvoB6cq3d7vjNqvfyYM: PubSub subscribed to topic 'consensus-channel-.3.7.144#datastore.3.7.144'
[2026-09-03 10:58:33][info][CRDTCallbackManager] Successfully registered new data callback for pattern: '^/?/bc-144/tx/[^/]+'
[2026-09-03 10:58:33][info][CRDTCallbackManager] Successfully registered deleted data callback for pattern: '^/?/bc-144/tx/[^/]+'
[2026-09-03 10:58:33][info][CRDTCallbackManager] Successfully registered new data callback for pattern: '^/?/bc-963/tx/[^/]+'
[2026-09-03 10:58:33][info][CRDTCallbackManager] Successfully registered deleted data callback for pattern: '^/?/bc-963/tx/[^/]+'
[2026-09-03 10:58:33][info][CRDTCallbackManager] Successfully registered new data callback for pattern: '^/?/bc-369/tx/[^/]+'
[2026-09-03 10:58:33][info][CRDTCallbackManager] Successfully registered deleted data callback for pattern: '^/?/bc-369/tx/[^/]+'
[2026-09-03 10:58:33][info][CrdtDatastore] Topics { name="gnus-validator-registry" }
[2026-09-03 10:58:33][info][CRDTCallbackManager] Executing callback for key '/gnus-validator-registry' matching pattern '/?gnus-validator-registry'
[2026-09-03 10:58:33][info][ValidatorRegistry] RegistryUpdateReceived: cache updated and initialized
[2026-09-03 10:58:33][debug][GraphsyncDAGSyncer] addNode: Added node QmZjzX6Psz3wuBPFCaB2K5AKx3WvmcBgMb5wSzo6UPiWrM on dagService 
[2026-09-03 10:58:33][info][ValidatorRegistry] StoreRegistryUpdate: stored registry update CID QmZjzX6Psz3wuBPFCaB2K5AKx3WvmcBgMb5wSzo6UPiWrM
[2026-09-03 10:58:33][info][ValidatorRegistry] StoreRegistryUpdate: success
[2026-09-03 10:58:33][info][CrdtDatastore] Topics { name="gnus-validator-registry" }
[2026-09-03 10:58:33][info][CRDTCallbackManager] Executing callback for key '/gnus-validator-registry' matching pattern '/?gnus-validator-registry'
[2026-09-03 10:58:33][info][ValidatorRegistry] RegistryUpdateReceived: cache updated and initialized
[2026-09-03 10:58:33][debug][GraphsyncDAGSyncer] addNode: Added node QmZjzX6Psz3wuBPFCaB2K5AKx3WvmcBgMb5wSzo6UPiWrM on dagService 
[2026-09-03 10:58:33][info][ValidatorRegistry] StoreRegistryUpdate: stored registry update CID QmZjzX6Psz3wuBPFCaB2K5AKx3WvmcBgMb5wSzo6UPiWrM
[2026-09-03 10:58:33][info][ValidatorRegistry] StoreRegistryUpdate: success
[2026-09-03 10:58:33][info][CrdtDatastore] Topics { name="gnus-validator-registry" }
[2026-09-03 10:58:33][info][CRDTCallbackManager] Executing callback for key '/gnus-validator-registry' matching pattern '/?gnus-validator-registry'
[2026-09-03 10:58:33][info][ValidatorRegistry] RegistryUpdateReceived: cache updated and initialized
[2026-09-03 10:58:33][debug][GraphsyncDAGSyncer] addNode: Added node QmZjzX6Psz3wuBPFCaB2K5AKx3WvmcBgMb5wSzo6UPiWrM on dagService 
[2026-09-03 10:58:33][info][ValidatorRegistry] StoreRegistryUpdate: stored registry update CID QmZjzX6Psz3wuBPFCaB2K5AKx3WvmcBgMb5wSzo6UPiWrM
[2026-09-03 10:58:33][info][ValidatorRegistry] StoreRegistryUpdate: success
[2026-09-03 10:58:33][info][CrdtDatastore] Topics { name="gnus-validator-registry" }
[2026-09-03 10:58:33][info][CRDTCallbackManager] Executing callback for key '/gnus-validator-registry' matching pattern '/?gnus-validator-registry'
[2026-09-03 10:58:33][info][ValidatorRegistry] RegistryUpdateReceived: cache updated and initialized
[2026-09-03 10:58:33][debug][GraphsyncDAGSyncer] addNode: Added node QmZjzX6Psz3wuBPFCaB2K5AKx3WvmcBgMb5wSzo6UPiWrM on dagService 
[2026-09-03 10:58:33][info][ValidatorRegistry] StoreRegistryUpdate: stored registry update CID QmZjzX6Psz3wuBPFCaB2K5AKx3WvmcBgMb5wSzo6UPiWrM
[2026-09-03 10:58:33][info][ValidatorRegistry] StoreRegistryUpdate: success
[2026-09-03 10:58:33.808908000][th:641820][info] GossipPubSub Adding new peer: 12D3KooWJUR5KrP9pJD5LiZevma4Cdm1HBNwR6fcy6XawAj6GwbP
[2026-09-03 10:58:33.808975000][th:641820][info] GossipPubSub Adding new peer: 12D3KooWQz22u2jLYULaKNcxfAWqaTRvjM4zojvWyxyh8ww7x6iP
[2026-09-03 10:58:33.809006000][th:641841][info] GossipPubSub Adding new peer: 12D3KooWGUPLtqtYtT9DQ8sVAEr5KBe4WH5hL95mC1uKVYuGcr64
[2026-09-03 10:58:33.809042000][th:641820][info] GossipPubSub Adding new peer: 12D3KooWA45nCa9TAnUHxGKxCYE2aMxE5dvoB6cq3d7vjNqvfyYM
[2026-09-03 10:58:33.809056000][th:641841][info] GossipPubSub Adding new peer: 12D3KooWQz22u2jLYULaKNcxfAWqaTRvjM4zojvWyxyh8ww7x6iP
[2026-09-03 10:58:33.809100000][th:641841][info] GossipPubSub Adding new peer: 12D3KooWA45nCa9TAnUHxGKxCYE2aMxE5dvoB6cq3d7vjNqvfyYM
[2026-09-03 10:58:33.809116000][th:641864][info] GossipPubSub Adding new peer: 12D3KooWGUPLtqtYtT9DQ8sVAEr5KBe4WH5hL95mC1uKVYuGcr64
[2026-09-03 10:58:33.809190000][th:641886][info] GossipPubSub Adding new peer: 12D3KooWGUPLtqtYtT9DQ8sVAEr5KBe4WH5hL95mC1uKVYuGcr64
[2026-09-03 10:58:33.809203000][th:641864][info] GossipPubSub Adding new peer: 12D3KooWJUR5KrP9pJD5LiZevma4Cdm1HBNwR6fcy6XawAj6GwbP
[2026-09-03 10:58:33.809225000][th:641886][info] GossipPubSub Adding new peer: 12D3KooWJUR5KrP9pJD5LiZevma4Cdm1HBNwR6fcy6XawAj6GwbP
[2026-09-03 10:58:33.809227000][th:641864][info] GossipPubSub Adding new peer: 12D3KooWA45nCa9TAnUHxGKxCYE2aMxE5dvoB6cq3d7vjNqvfyYM
[2026-09-03 10:58:33.809266000][th:641886][info] GossipPubSub Adding new peer: 12D3KooWQz22u2jLYULaKNcxfAWqaTRvjM4zojvWyxyh8ww7x6iP
[2026-09-03 10:58:33][info][TransactionManager] [0792b0b3 - full: false] ChangeTransactionState: Temp tracking entry created tx=bd0c894cfffd8915ac6031a8182a00a64e892b7709aafff5ce140a66b2870c79
[2026-09-03 10:58:33][info][TransactionManager] [8479aa9e - full: false] ChangeTransactionState: Temp tracking entry created tx=bd0c894cfffd8915ac6031a8182a00a64e892b7709aafff5ce140a66b2870c79
[2026-09-03 10:58:33][info][TransactionManager] [074c8c1d - full: false] ChangeTransactionState: Temp tracking entry created tx=bd0c894cfffd8915ac6031a8182a00a64e892b7709aafff5ce140a66b2870c79
[2026-09-03 10:58:33][info][TransactionManager] [e4001804 - full: false] ChangeTransactionState: Temp tracking entry created tx=bd0c894cfffd8915ac6031a8182a00a64e892b7709aafff5ce140a66b2870c79
[2026-09-03 10:58:36][error][ConsensusManager] HandleVote: ignored: proposal has not won frozen slot arbitration proposal_id=61c985de
[2026-09-03 10:58:36][error][ConsensusManager] HandleVote: ignored: proposal has not won frozen slot arbitration proposal_id=61c985de
[2026-09-03 10:58:36][error][ConsensusManager] HandleVote: ignored: proposal has not won frozen slot arbitration proposal_id=61c985de
[2026-09-03 10:58:36][error][ConsensusManager] HandleVote: ignored: proposal has not won frozen slot arbitration proposal_id=61c985de
[2026-09-03 10:58:38][info][CrdtDatastore] Topics { name="consensus-channel-.3.7.144#datastore" }
[2026-09-03 10:58:38][info][CRDTCallbackManager] Executing callback for key '/cert/mint-v2:test:0000000000000000000000000000000000000000000000000000000000000000:42:0792b0b3d6fb0cf5d7511d8a3d72aad57629733a0276f1bd160a524ec22d745705c6f5d40c7134470ea657df7c63c7cc85c5e5bb9498f0dde9d922a3d917d6b1:cccccccccccccccccccccccccccccccccccccccccccccccccccccccccccccccc' matching pattern '^/?cert/[^/]+'
[2026-09-03 10:58:38][debug][GraphsyncDAGSyncer] addNode: Added node QmQMJC7oZtjJMziz2X2pRn1SCEReMF11MVJ9CTvXTBXzir on dagService 
[2026-09-03 10:58:38][debug][GraphsyncDAGSyncer] Registered new peer 12D3KooWJUR5KrP9pJD5LiZevma4Cdm1HBNwR6fcy6XawAj6GwbP with key 0
[2026-09-03 10:58:38][debug][GraphsyncDAGSyncer] Added route for CID QmQMJC7oZtjJMziz2X2pRn1SCEReMF11MVJ9CTvXTBXzir to peer 12D3KooWJUR5KrP9pJD5LiZevma4Cdm1HBNwR6fcy6XawAj6GwbP (key 0, route_count=1)
[2026-09-03 10:58:38][debug][GraphsyncDAGSyncer] Registered new peer 12D3KooWJUR5KrP9pJD5LiZevma4Cdm1HBNwR6fcy6XawAj6GwbP with key 0
[2026-09-03 10:58:38][debug][GraphsyncDAGSyncer] Added route for CID QmQMJC7oZtjJMziz2X2pRn1SCEReMF11MVJ9CTvXTBXzir to peer 12D3KooWJUR5KrP9pJD5LiZevma4Cdm1HBNwR6fcy6XawAj6GwbP (key 0, route_count=1)
[2026-09-03 10:58:38][debug][GraphsyncDAGSyncer] Registered new peer 12D3KooWJUR5KrP9pJD5LiZevma4Cdm1HBNwR6fcy6XawAj6GwbP with key 0
[2026-09-03 10:58:38][debug][GraphsyncDAGSyncer] Added route for CID QmQMJC7oZtjJMziz2X2pRn1SCEReMF11MVJ9CTvXTBXzir to peer 12D3KooWJUR5KrP9pJD5LiZevma4Cdm1HBNwR6fcy6XawAj6GwbP (key 0, route_count=1)
[2026-09-03 10:58:38][info][UTXOManager] Stored 1 UTXOs for address 0792b0b3d6fb0cf5d7511d8a3d72aad57629733a0276f1bd160a524ec22d745705c6f5d40c7134470ea657df7c63c7cc85c5e5bb9498f0dde9d922a3d917d6b1
[2026-09-03 10:58:38][info][UTXOManager] Stored 2 UTXOs for address 0792b0b3d6fb0cf5d7511d8a3d72aad57629733a0276f1bd160a524ec22d745705c6f5d40c7134470ea657df7c63c7cc85c5e5bb9498f0dde9d922a3d917d6b1
[2026-09-03 10:58:38][warning][TransactionManager] [074c8c1d - full: false] Mint-v2 bd0c894cfffd8915ac6031a8182a00a64e892b7709aafff5ce140a66b2870c79 did not consume every burn input (already consumed or missing); burn outpoint metadata may have been rebuilt with zero amount
[2026-09-03 10:58:38][info][TransactionManager] [074c8c1d - full: false] Created tokens (mint-v2), amount 42 balance 0
[2026-09-03 10:58:38][info][TransactionManager] [074c8c1d - full: false] ChangeTransactionState: Tracking entry confirmed tx=bd0c894cfffd8915ac6031a8182a00a64e892b7709aafff5ce140a66b2870c79
[2026-09-03 10:58:38][debug][GraphsyncDAGSyncer] Block initialized without content to LRU cache: CID QmQMJC7oZtjJMziz2X2pRn1SCEReMF11MVJ9CTvXTBXzir, cache size: 1
[2026-09-03 10:58:38][debug][GraphsyncDAGSyncer] Requesting Node QmQMJC7oZtjJMziz2X2pRn1SCEReMF11MVJ9CTvXTBXzir on this 5517752840
[2026-09-03 10:58:38][debug][GraphsyncDAGSyncer] Return node for CID QmQMJC7oZtjJMziz2X2pRn1SCEReMF11MVJ9CTvXTBXzir instance=5518322584
[2026-09-03 10:58:38.321234000][th:641886][warning] graphsync Request 1 for CID QmQMJC7oZtjJMziz2X2pRn1SCEReMF11MVJ9CTvXTBXzir got RS_FULL_CONTENT but no blocks received yet
[2026-09-03 10:58:38][debug][GraphsyncDAGSyncer] request progress: code=FULL_CONTENT, extensions=(graphsync/do-not-send-cids: 0x80) (graphsync/response-metadata: 0x80) 
[2026-09-03 10:58:38][debug][GraphsyncDAGSyncer] HasBlock: false, cid: QmQMJC7oZtjJMziz2X2pRn1SCEReMF11MVJ9CTvXTBXzir
[2026-09-03 10:58:38][debug][GraphsyncDAGSyncer] Existing block updated in LRU cache: CID QmQMJC7oZtjJMziz2X2pRn1SCEReMF11MVJ9CTvXTBXzir
[2026-09-03 10:58:38][debug][GraphsyncDAGSyncer] Node added to dagService. CID: QmQMJC7oZtjJMziz2X2pRn1SCEReMF11MVJ9CTvXTBXzir, links: []
[2026-09-03 10:58:38][debug][GraphsyncDAGSyncer] Seeing if peer 12D3KooWJUR5KrP9pJD5LiZevma4Cdm1HBNwR6fcy6XawAj6GwbP has links to AddRoute
[2026-09-03 10:58:38][info][GraphsyncDAGSyncer] TraverseCIDsLinks: Checking links on { cid="QmQMJC7oZtjJMziz2X2pRn1SCEReMF11MVJ9CTvXTBXzir", name="" }
[2026-09-03 10:58:38][info][GraphsyncDAGSyncer] TraverseCIDsLinks: Completed traversal. Links to fetch: 0, Visited: 0
[2026-09-03 10:58:38][info][UTXOManager] Created checkpoint owner=074c8c1dd3c8ee8aee711fc834ee8c0af2ea6f849d4020390e41c8ad7b202ac88fbf258fd3afe9ce5a9b7d54a31d0c20a674897b1c0852b188a7547d87cbac35 epoch=1 utxo_count=0
[2026-09-03 10:58:38][debug][GraphsyncDAGSyncer] Return node for CID QmQMJC7oZtjJMziz2X2pRn1SCEReMF11MVJ9CTvXTBXzir instance=5517752840
[2026-09-03 10:58:38][info][CRDTCallbackManager] Executing callback for key '/cert/mint-v2:test:0000000000000000000000000000000000000000000000000000000000000000:42:0792b0b3d6fb0cf5d7511d8a3d72aad57629733a0276f1bd160a524ec22d745705c6f5d40c7134470ea657df7c63c7cc85c5e5bb9498f0dde9d922a3d917d6b1:cccccccccccccccccccccccccccccccccccccccccccccccccccccccccccccccc' matching pattern '^/?cert/[^/]+'
[2026-09-03 10:58:38][debug][GraphsyncDAGSyncer] addNode: Added node QmQMJC7oZtjJMziz2X2pRn1SCEReMF11MVJ9CTvXTBXzir on dagService 
[2026-09-03 10:58:38][debug][GraphsyncDAGSyncer] Block removed from LRU cache: CID QmQMJC7oZtjJMziz2X2pRn1SCEReMF11MVJ9CTvXTBXzir
[2026-09-03 10:58:38][debug][GraphsyncDAGSyncer] Registered new peer 12D3KooWA45nCa9TAnUHxGKxCYE2aMxE5dvoB6cq3d7vjNqvfyYM with key 1
[2026-09-03 10:58:38][debug][GraphsyncDAGSyncer] Added route for CID QmQMJC7oZtjJMziz2X2pRn1SCEReMF11MVJ9CTvXTBXzir to peer 12D3KooWA45nCa9TAnUHxGKxCYE2aMxE5dvoB6cq3d7vjNqvfyYM (key 1, route_count=2)
[2026-09-03 10:58:38][debug][GraphsyncDAGSyncer] Registered new peer 12D3KooWA45nCa9TAnUHxGKxCYE2aMxE5dvoB6cq3d7vjNqvfyYM with key 1
[2026-09-03 10:58:38][debug][GraphsyncDAGSyncer] Added route for CID QmQMJC7oZtjJMziz2X2pRn1SCEReMF11MVJ9CTvXTBXzir to peer 12D3KooWA45nCa9TAnUHxGKxCYE2aMxE5dvoB6cq3d7vjNqvfyYM (key 1, route_count=2)
[2026-09-03 10:58:38][debug][GraphsyncDAGSyncer] Block initialized without content to LRU cache: CID QmQMJC7oZtjJMziz2X2pRn1SCEReMF11MVJ9CTvXTBXzir, cache size: 1
[2026-09-03 10:58:38][debug][GraphsyncDAGSyncer] Requesting Node QmQMJC7oZtjJMziz2X2pRn1SCEReMF11MVJ9CTvXTBXzir on this 5249394888
[2026-09-03 10:58:38][debug][GraphsyncDAGSyncer] Return node for CID QmQMJC7oZtjJMziz2X2pRn1SCEReMF11MVJ9CTvXTBXzir instance=5518322584
[2026-09-03 10:58:38.681118000][th:641820][warning] graphsync Request 1 for CID QmQMJC7oZtjJMziz2X2pRn1SCEReMF11MVJ9CTvXTBXzir got RS_FULL_CONTENT but no blocks received yet
[2026-09-03 10:58:38][debug][GraphsyncDAGSyncer] request progress: code=FULL_CONTENT, extensions=(graphsync/response-metadata: 0x80) (graphsync/do-not-send-cids: 0x80) 
[2026-09-03 10:58:38][debug][GraphsyncDAGSyncer] HasBlock: false, cid: QmQMJC7oZtjJMziz2X2pRn1SCEReMF11MVJ9CTvXTBXzir
[2026-09-03 10:58:38][debug][GraphsyncDAGSyncer] Existing block updated in LRU cache: CID QmQMJC7oZtjJMziz2X2pRn1SCEReMF11MVJ9CTvXTBXzir
[2026-09-03 10:58:38][debug][GraphsyncDAGSyncer] Node added to dagService. CID: QmQMJC7oZtjJMziz2X2pRn1SCEReMF11MVJ9CTvXTBXzir, links: []
[2026-09-03 10:58:38][debug][GraphsyncDAGSyncer] Seeing if peer 12D3KooWJUR5KrP9pJD5LiZevma4Cdm1HBNwR6fcy6XawAj6GwbP has links to AddRoute
[2026-09-03 10:58:38][info][GraphsyncDAGSyncer] TraverseCIDsLinks: Checking links on { cid="QmQMJC7oZtjJMziz2X2pRn1SCEReMF11MVJ9CTvXTBXzir", name="" }
[2026-09-03 10:58:38][info][GraphsyncDAGSyncer] TraverseCIDsLinks: Completed traversal. Links to fetch: 0, Visited: 0
[2026-09-03 10:58:38][debug][GraphsyncDAGSyncer] Block initialized without content to LRU cache: CID QmQMJC7oZtjJMziz2X2pRn1SCEReMF11MVJ9CTvXTBXzir, cache size: 1
[2026-09-03 10:58:38][debug][GraphsyncDAGSyncer] Requesting Node QmQMJC7oZtjJMziz2X2pRn1SCEReMF11MVJ9CTvXTBXzir on this 5250373032
[2026-09-03 10:58:38][debug][GraphsyncDAGSyncer] Return node for CID QmQMJC7oZtjJMziz2X2pRn1SCEReMF11MVJ9CTvXTBXzir instance=5249394888
[2026-09-03 10:58:38][debug][GraphsyncDAGSyncer] Return node for CID QmQMJC7oZtjJMziz2X2pRn1SCEReMF11MVJ9CTvXTBXzir instance=5518322584
[2026-09-03 10:58:38.782318000][th:641864][warning] graphsync Request 1 for CID QmQMJC7oZtjJMziz2X2pRn1SCEReMF11MVJ9CTvXTBXzir got RS_FULL_CONTENT but no blocks received yet
[2026-09-03 10:58:38][debug][GraphsyncDAGSyncer] request progress: code=FULL_CONTENT, extensions=(graphsync/response-metadata: 0x80) (graphsync/do-not-send-cids: 0x80) 
[2026-09-03 10:58:38][debug][GraphsyncDAGSyncer] HasBlock: false, cid: QmQMJC7oZtjJMziz2X2pRn1SCEReMF11MVJ9CTvXTBXzir
[2026-09-03 10:58:38][debug][GraphsyncDAGSyncer] Existing block updated in LRU cache: CID QmQMJC7oZtjJMziz2X2pRn1SCEReMF11MVJ9CTvXTBXzir
[2026-09-03 10:58:38][debug][GraphsyncDAGSyncer] Node added to dagService. CID: QmQMJC7oZtjJMziz2X2pRn1SCEReMF11MVJ9CTvXTBXzir, links: []
[2026-09-03 10:58:38][debug][GraphsyncDAGSyncer] Seeing if peer 12D3KooWJUR5KrP9pJD5LiZevma4Cdm1HBNwR6fcy6XawAj6GwbP has links to AddRoute
[2026-09-03 10:58:38][info][GraphsyncDAGSyncer] TraverseCIDsLinks: Checking links on { cid="QmQMJC7oZtjJMziz2X2pRn1SCEReMF11MVJ9CTvXTBXzir", name="" }
[2026-09-03 10:58:38][info][GraphsyncDAGSyncer] TraverseCIDsLinks: Completed traversal. Links to fetch: 0, Visited: 0
[2026-09-03 10:58:38][info][CRDTCallbackManager] Executing callback for key '/cert/mint-v2:test:0000000000000000000000000000000000000000000000000000000000000000:42:0792b0b3d6fb0cf5d7511d8a3d72aad57629733a0276f1bd160a524ec22d745705c6f5d40c7134470ea657df7c63c7cc85c5e5bb9498f0dde9d922a3d917d6b1:cccccccccccccccccccccccccccccccccccccccccccccccccccccccccccccccc' matching pattern '^/?cert/[^/]+'
[2026-09-03 10:58:38][debug][GraphsyncDAGSyncer] addNode: Added node QmQMJC7oZtjJMziz2X2pRn1SCEReMF11MVJ9CTvXTBXzir on dagService 
[2026-09-03 10:58:38][debug][GraphsyncDAGSyncer] Block removed from LRU cache: CID QmQMJC7oZtjJMziz2X2pRn1SCEReMF11MVJ9CTvXTBXzir
[2026-09-03 10:58:38][info][UTXOManager] Stored 1 UTXOs for address 0792b0b3d6fb0cf5d7511d8a3d72aad57629733a0276f1bd160a524ec22d745705c6f5d40c7134470ea657df7c63c7cc85c5e5bb9498f0dde9d922a3d917d6b1
[2026-09-03 10:58:38][info][UTXOManager] Stored 2 UTXOs for address 0792b0b3d6fb0cf5d7511d8a3d72aad57629733a0276f1bd160a524ec22d745705c6f5d40c7134470ea657df7c63c7cc85c5e5bb9498f0dde9d922a3d917d6b1
[2026-09-03 10:58:38][warning][TransactionManager] [8479aa9e - full: false] Mint-v2 bd0c894cfffd8915ac6031a8182a00a64e892b7709aafff5ce140a66b2870c79 did not consume every burn input (already consumed or missing); burn outpoint metadata may have been rebuilt with zero amount
[2026-09-03 10:58:38][info][TransactionManager] [8479aa9e - full: false] Created tokens (mint-v2), amount 42 balance 0
[2026-09-03 10:58:38][info][TransactionManager] [8479aa9e - full: false] ChangeTransactionState: Tracking entry confirmed tx=bd0c894cfffd8915ac6031a8182a00a64e892b7709aafff5ce140a66b2870c79
[2026-09-03 10:58:38][info][UTXOManager] Created checkpoint owner=8479aa9efc306953316f9be00f4ad476ed1e2e0fb41c69f9cb8b736d884576780eff7dece9abe0f0a3ca95be4f84df01972ac6aa05b13ba400bcad04811413ee epoch=1 utxo_count=0
[2026-09-03 10:58:38][debug][GraphsyncDAGSyncer] Return node for CID QmQMJC7oZtjJMziz2X2pRn1SCEReMF11MVJ9CTvXTBXzir instance=5250373032
[2026-09-03 10:58:38][info][CRDTCallbackManager] Executing callback for key '/cert/mint-v2:test:0000000000000000000000000000000000000000000000000000000000000000:42:0792b0b3d6fb0cf5d7511d8a3d72aad57629733a0276f1bd160a524ec22d745705c6f5d40c7134470ea657df7c63c7cc85c5e5bb9498f0dde9d922a3d917d6b1:cccccccccccccccccccccccccccccccccccccccccccccccccccccccccccccccc' matching pattern '^/?cert/[^/]+'
[2026-09-03 10:58:38][debug][GraphsyncDAGSyncer] addNode: Added node QmQMJC7oZtjJMziz2X2pRn1SCEReMF11MVJ9CTvXTBXzir on dagService 
[2026-09-03 10:58:38][debug][GraphsyncDAGSyncer] Block removed from LRU cache: CID QmQMJC7oZtjJMziz2X2pRn1SCEReMF11MVJ9CTvXTBXzir
[2026-09-03 10:58:39][info][UTXOManager] Stored 1 UTXOs for address 0792b0b3d6fb0cf5d7511d8a3d72aad57629733a0276f1bd160a524ec22d745705c6f5d40c7134470ea657df7c63c7cc85c5e5bb9498f0dde9d922a3d917d6b1
[2026-09-03 10:58:39][info][UTXOManager] Stored 2 UTXOs for address 0792b0b3d6fb0cf5d7511d8a3d72aad57629733a0276f1bd160a524ec22d745705c6f5d40c7134470ea657df7c63c7cc85c5e5bb9498f0dde9d922a3d917d6b1
[2026-09-03 10:58:39][warning][TransactionManager] [0792b0b3 - full: false] Mint-v2 bd0c894cfffd8915ac6031a8182a00a64e892b7709aafff5ce140a66b2870c79 did not consume every burn input (already consumed or missing); burn outpoint metadata may have been rebuilt with zero amount
[2026-09-03 10:58:39][info][TransactionManager] [0792b0b3 - full: false] Created tokens (mint-v2), amount 42 balance 42
[2026-09-03 10:58:39][info][Blockchain] [0792b0b3] Stopping blockchain
[2026-09-03 10:58:39][error][TransactionManager] [0792b0b3 - full: false] OnConsensusCertificate: Failed to change transaction state to CONFIRMED for hash bd0c894cfffd8915ac6031a8182a00a64e892b7709aafff5ce140a66b2870c79: Operation canceled
[2026-09-03 10:58:39][error][TransactionManager] [0792b0b3 - full: false] Failed to process certificate proposal_id=61c985de200435e75095bcb75f5615bedfe1a50199e9ce41c4f14799669cbcb3 error=Operation canceled
[2026-09-03 10:58:39][info][CRDTCallbackManager] Successfully unregistered new data callback for pattern: '^/?/bc-144/tx/[^/]+'
[2026-09-03 10:58:39][info][CRDTCallbackManager] Successfully unregistered deleted data callback for pattern: '^/?/bc-144/tx/[^/]+'
[2026-09-03 10:58:39][info][CRDTCallbackManager] Successfully unregistered new data callback for pattern: '^/?/bc-963/tx/[^/]+'
[2026-09-03 10:58:39][info][CRDTCallbackManager] Successfully unregistered deleted data callback for pattern: '^/?/bc-963/tx/[^/]+'
[2026-09-03 10:58:39][info][CRDTCallbackManager] Successfully unregistered new data callback for pattern: '^/?/bc-369/tx/[^/]+'
[2026-09-03 10:58:39][info][CRDTCallbackManager] Successfully unregistered deleted data callback for pattern: '^/?/bc-369/tx/[^/]+'
[2026-09-03 10:58:39][info][TransactionManager] [0792b0b3 - full: false] ~TransactionManager: Metrics — cert_fallback(success=0 failure=0) validation(approve=1 reject=0) tracking(insert=1 confirm=0 fail=0)
[2026-09-03 10:58:39][info][CRDTCallbackManager] Successfully unregistered new data callback for pattern: '/?gnus-genesis-block'
[2026-09-03 10:58:39][info][CRDTCallbackManager] Successfully unregistered new data callback for pattern: '/?gnus-account-creation-.*'
[2026-09-03 10:58:39][info][CRDTCallbackManager] Successfully unregistered new data callback for pattern: '/?gnus-validator-registry'
[2026-09-03 10:58:39][debug][GlobalDB] ~GlobalDB CALLED with count 6 on multi_node_finality_fault/restart-mint-validator-one/rocksdb 
[2026-09-03 10:58:39][info][GlobalDB] GlobalDB shutdown start
[2026-09-03 10:58:39][info][CrdtDatastore] CancelAndCloseNow: begin (pending_jobs=1, self_queue=0, root_queue=0, pending_roots=0, active_root=false)
[2026-09-03 10:58:39][debug][GraphsyncDAGSyncer] Stopping Dagsyncer
[2026-09-03 10:58:39][debug][GraphsyncDAGSyncer] Dagsyncer Stopped
[2026-09-03 10:58:39.312562000][th:641841][error] graphsync Varint Error msg=Stream: closed by remote peer
[2026-09-03 10:58:39.312570000][th:641841][info] graphsync stream read error, peer=uGcr64, msg=stream is not readable
[2026-09-03 10:58:39.312665000][th:641820][error] graphsync Varint Error msg=Stream: closed by this host
[2026-09-03 10:58:39][info][UTXOManager] Stored 1 UTXOs for address 0792b0b3d6fb0cf5d7511d8a3d72aad57629733a0276f1bd160a524ec22d745705c6f5d40c7134470ea657df7c63c7cc85c5e5bb9498f0dde9d922a3d917d6b1
[2026-09-03 10:58:39][info][UTXOManager] Stored 2 UTXOs for address 0792b0b3d6fb0cf5d7511d8a3d72aad57629733a0276f1bd160a524ec22d745705c6f5d40c7134470ea657df7c63c7cc85c5e5bb9498f0dde9d922a3d917d6b1
[2026-09-03 10:58:39][warning][TransactionManager] [e4001804 - full: false] Mint-v2 bd0c894cfffd8915ac6031a8182a00a64e892b7709aafff5ce140a66b2870c79 did not consume every burn input (already consumed or missing); burn outpoint metadata may have been rebuilt with zero amount
[2026-09-03 10:58:39][info][TransactionManager] [e4001804 - full: false] Created tokens (mint-v2), amount 42 balance 0
[2026-09-03 10:58:39][info][TransactionManager] [e4001804 - full: false] ChangeTransactionState: Tracking entry confirmed tx=bd0c894cfffd8915ac6031a8182a00a64e892b7709aafff5ce140a66b2870c79
[2026-09-03 10:58:39][info][UTXOManager] Created checkpoint owner=e400180488611f5c67a726993045d5193858e21783710fcfe8f406cf14123e04367e114ac838f68df9f7b54183d73b390b483b84db3bc9ad4e95f6d33b2f255a epoch=1 utxo_count=0
[2026-09-03 10:58:39][info][CrdtDatastore] CancelAndCloseNow: CRDT workers stopped
[2026-09-03 10:58:39][warning][CrdtDatastore] CancelAndCloseNow called but shutdown has already started
[2026-09-03 10:58:39][debug][GraphsyncDAGSyncer] ~GraphsyncDAGSyncer CALLED
[2026-09-03 10:58:39][info][GlobalDB] GlobalDB shutdown finished
[2026-09-03 10:58:39.692193000][th:641820][error] GossipPubSub Address monitoring timer error: Operation canceled
[2026-09-03 10:58:40][info][KeyPairFileStorage] Path to keypairs multi_node_finality_fault/restart-mint-validator-one/keypair
[2026-09-03 10:58:40][info][KeyPairFileStorage] Peer ID from public key: 12D3KooWGUPLtqtYtT9DQ8sVAEr5KBe4WH5hL95mC1uKVYuGcr64
Current limits: 16384 (soft), 9223372036854775807 (hard)
New limits set successfully: 16384 (soft), 9223372036854775807 (hard)
Initialized relay addresses
[2026-09-03 10:58:40.695938000][th:637526][info] GossipPubSub /ip4/0.0.0.0/tcp/54621/p2p/12D3KooWGUPLtqtYtT9DQ8sVAEr5KBe4WH5hL95mC1uKVYuGcr64: Starting PubSub service
[2026-09-03 10:58:40.696036000][th:642722][info] GossipPubSub Starting address monitoring system for mobile network changes
[2026-09-03 10:58:40.696040000][th:642722][info] GossipPubSub === CURRENT NETWORK STATE ===
[2026-09-03 10:58:40.696049000][th:642722][info] GossipPubSub Primary listening address: /ip4/0.0.0.0/tcp/54621/p2p/12D3KooWGUPLtqtYtT9DQ8sVAEr5KBe4WH5hL95mC1uKVYuGcr64
[2026-09-03 10:58:40.696051000][th:642722][info] GossipPubSub Host peer info addresses (0):
[2026-09-03 10:58:40.696052000][th:642722][info] GossipPubSub Additional addresses we track (0):
[2026-09-03 10:58:40.696053000][th:642722][info] GossipPubSub Listening addresses (1):
[2026-09-03 10:58:40.696054000][th:642722][info] GossipPubSub   -> /ip4/0.0.0.0/tcp/54621/p2p/12D3KooWGUPLtqtYtT9DQ8sVAEr5KBe4WH5hL95mC1uKVYuGcr64
[2026-09-03 10:58:40.696055000][th:642722][info] GossipPubSub Interface addresses (0):
[2026-09-03 10:58:40.696056000][th:642722][info] GossipPubSub === RAW OBSERVED ADDRESS DEBUG ===
[2026-09-03 10:58:40.696058000][th:642722][info] GossipPubSub Local address: /ip4/0.0.0.0/tcp/54621/p2p/12D3KooWGUPLtqtYtT9DQ8sVAEr5KBe4WH5hL95mC1uKVYuGcr64 -> 0 raw observed, 0 activated+confirmed
[2026-09-03 10:58:40.696060000][th:642722][info] GossipPubSub TOTAL: 0 raw observed addresses, 0 activated+confirmed addresses
[2026-09-03 10:58:40.696061000][th:642722][info] GossipPubSub === END RAW OBSERVED ADDRESS DEBUG ===
[2026-09-03 10:58:40.696062000][th:642722][info] GossipPubSub Observed addresses - all (0):
[2026-09-03 10:58:40.696063000][th:642722][info] GossipPubSub Observed addresses - confirmed only (0):
[2026-09-03 10:58:40.696064000][th:642722][info] GossipPubSub Relay addresses (0):
[2026-09-03 10:58:40.696066000][th:642722][warning] GossipPubSub Failed to get addresses from peer repository: not found
[2026-09-03 10:58:40.696115000][th:642722][info] GossipPubSub Found 1 valid network interfaces
[2026-09-03 10:58:40.696117000][th:642722][info] GossipPubSub Current network interfaces (1):
[2026-09-03 10:58:40.696118000][th:642722][info] GossipPubSub   -> 192.168.1.6
[2026-09-03 10:58:40.696120000][th:642722][info] GossipPubSub Active connections: 0
[2026-09-03 10:58:40.696120000][th:642722][info] GossipPubSub === PEER CONNECTION DETAILS ===
[2026-09-03 10:58:40.696121000][th:642722][info] GossipPubSub NOTE: Observed addresses need to be seen by 4+ different peer groups to become 'activated'
[2026-09-03 10:58:40.696122000][th:642722][info] GossipPubSub NOTE: Current connections: 0, so max possible observers: 0
[2026-09-03 10:58:40.696123000][th:642722][info] GossipPubSub === END PEER CONNECTION DETAILS ===
[2026-09-03 10:58:40.696124000][th:642722][info] GossipPubSub Connection manager stats:
[2026-09-03 10:58:40.696125000][th:642722][info] GossipPubSub   -> Max connections: 1000
[2026-09-03 10:58:40.696126000][th:642722][info] GossipPubSub   -> Current connections: 0
[2026-09-03 10:58:40.696126000][th:642722][info] GossipPubSub === END NETWORK STATE ===
[2026-09-03 10:58:40.696309000][th:642722][info] GossipPubSub /ip4/0.0.0.0/tcp/54621/p2p/12D3KooWGUPLtqtYtT9DQ8sVAEr5KBe4WH5hL95mC1uKVYuGcr64 : PubSub service started
[2026-09-03 10:58:40][info][GlobalDB] Opening database /Users/henriqueklein/gnus/SuperGenius/multi_node_finality_fault/restart-mint-validator-one/rocksdb
[2026-09-03 10:58:40][debug][GraphsyncDAGSyncer] GraphSyncer created 4980811880 
[2026-09-03 10:58:40][info][CrdtDatastore] crdt Datastore created. Number of heads: 2 Current max-height: 18446744073709551615
[2026-09-03 10:58:40][info][GeniusAccount] Secure storage ID path: /Users/henriqueklein/gnus/SuperGenius/multi_node_finality_fault/restart-mint-validator-one/account/secure_storage_id
[2026-09-03 10:58:40][info][GeniusAccount] Loaded public key from file: 0792b0b3d6fb0cf5... (length: 128)
[2026-09-03 10:58:40][info][GeniusAccount] Successfully loaded key_seed from storage
[2026-09-03 10:58:40][info][GeniusAccount] Validation successful: key_seed matches stored public key
[2026-09-03 10:58:40][info][Blockchain] [0792b0b3] Blockchain instance created with authorized full node: 8a33bdf1
[2026-09-03 10:58:40][info][ValidatorRegistry] InitializeCache: cache initialized with CID QmZjzX6Psz3wuBPFCaB2K5AKx3WvmcBgMb5wSzo6UPiWrM
[2026-09-03 10:58:40][info][CRDTCallbackManager] Successfully registered new data callback for pattern: '/?gnus-validator-registry'
[2026-09-03 10:58:40][info][ValidatorRegistry] RegisterFilter: result=true
[2026-09-03 10:58:40][info][ValidatorRegistry] New: instance ready
[2026-09-03 10:58:40.727507000][th:642722][info] GossipPubSub /ip4/0.0.0.0/tcp/54621/p2p/12D3KooWGUPLtqtYtT9DQ8sVAEr5KBe4WH5hL95mC1uKVYuGcr64: PubSub subscribed to topic 'gnus-validator-registry.3.7.144'
[2026-09-03 10:58:40][info][CRDTCallbackManager] Successfully registered new data callback for pattern: '^/?cert/[^/]+'
[2026-09-03 10:58:40.727541000][th:642722][info] GossipPubSub /ip4/0.0.0.0/tcp/54621/p2p/12D3KooWGUPLtqtYtT9DQ8sVAEr5KBe4WH5hL95mC1uKVYuGcr64: PubSub subscribed to topic 'consensus-channel-.3.7.144'
[2026-09-03 10:58:40.727589000][th:642722][info] GossipPubSub /ip4/0.0.0.0/tcp/54621/p2p/12D3KooWGUPLtqtYtT9DQ8sVAEr5KBe4WH5hL95mC1uKVYuGcr64: PubSub subscribed to topic 'consensus-channel-.3.7.144#datastore.3.7.144'
[2026-09-03 10:58:40][warning][ConsensusManager] ProcessCommittedCertificate: No subject handler for certificate with key /cert/mint-v2:test:0000000000000000000000000000000000000000000000000000000000000000:42:0792b0b3d6fb0cf5d7511d8a3d72aad57629733a0276f1bd160a524ec22d745705c6f5d40c7134470ea657df7c63c7cc85c5e5bb9498f0dde9d922a3d917d6b1:cccccccccccccccccccccccccccccccccccccccccccccccccccccccccccccccc 
[2026-09-03 10:58:40][warning][ConsensusManager] ProcessCommittedCertificate: No subject handler for certificate with key /cert/mint-v2:test:0000000000000000000000000000000000000000000000000000000000000000:42:0792b0b3d6fb0cf5d7511d8a3d72aad57629733a0276f1bd160a524ec22d745705c6f5d40c7134470ea657df7c63c7cc85c5e5bb9498f0dde9d922a3d917d6b1:cccccccccccccccccccccccccccccccccccccccccccccccccccccccccccccccc 
[2026-09-03 10:58:40][info][CRDTCallbackManager] Successfully registered new data callback for pattern: '/?gnus-genesis-block'
[2026-09-03 10:58:40][info][CRDTCallbackManager] Successfully registered new data callback for pattern: '/?gnus-account-creation-.*'
[2026-09-03 10:58:40][info][UTXOManager] Stored 2 UTXOs for address 0792b0b3d6fb0cf5d7511d8a3d72aad57629733a0276f1bd160a524ec22d745705c6f5d40c7134470ea657df7c63c7cc85c5e5bb9498f0dde9d922a3d917d6b1
[2026-09-03 10:58:40][warning][TransactionManager] [0792b0b3 - full: false] Mint-v2 bd0c894cfffd8915ac6031a8182a00a64e892b7709aafff5ce140a66b2870c79 did not consume every burn input (already consumed or missing); burn outpoint metadata may have been rebuilt with zero amount
[2026-09-03 10:58:40][info][TransactionManager] [0792b0b3 - full: false] Created tokens (mint-v2), amount 42 balance 42
[2026-09-03 10:58:40][info][TransactionManager] [0792b0b3 - full: false] ChangeTransactionState: Tracking entry confirmed tx=bd0c894cfffd8915ac6031a8182a00a64e892b7709aafff5ce140a66b2870c79
[2026-09-03 10:58:40][info][TransactionManager] [0792b0b3 - full: false] OnConsensusCertificate: Standalone validator confirmed tx bd0c894cfffd8915ac6031a8182a00a64e892b7709aafff5ce140a66b2870c79 from certificate proposal_id=61c985de200435e75095bcb75f5615bedfe1a50199e9ce41c4f14799669cbcb3
[2026-09-03 10:58:40][info][UTXOManager] Created checkpoint owner=0792b0b3d6fb0cf5d7511d8a3d72aad57629733a0276f1bd160a524ec22d745705c6f5d40c7134470ea657df7c63c7cc85c5e5bb9498f0dde9d922a3d917d6b1 epoch=1 utxo_count=1
[2026-09-03 10:58:40][info][CRDTCallbackManager] Successfully registered new data callback for pattern: '^/?/bc-144/tx/[^/]+'
[2026-09-03 10:58:40][info][CRDTCallbackManager] Successfully registered deleted data callback for pattern: '^/?/bc-144/tx/[^/]+'
[2026-09-03 10:58:40][info][CRDTCallbackManager] Successfully registered new data callback for pattern: '^/?/bc-963/tx/[^/]+'
[2026-09-03 10:58:40][info][CRDTCallbackManager] Successfully registered deleted data callback for pattern: '^/?/bc-963/tx/[^/]+'
[2026-09-03 10:58:40][info][CRDTCallbackManager] Successfully registered new data callback for pattern: '^/?/bc-369/tx/[^/]+'
[2026-09-03 10:58:40][info][CRDTCallbackManager] Successfully registered deleted data callback for pattern: '^/?/bc-369/tx/[^/]+'
[2026-09-03 10:58:40.762005000][th:642722][info] GossipPubSub Adding new peer: 12D3KooWJUR5KrP9pJD5LiZevma4Cdm1HBNwR6fcy6XawAj6GwbP
[2026-09-03 10:58:40.762073000][th:642722][info] GossipPubSub Adding new peer: 12D3KooWQz22u2jLYULaKNcxfAWqaTRvjM4zojvWyxyh8ww7x6iP
[2026-09-03 10:58:40.762141000][th:642722][info] GossipPubSub Adding new peer: 12D3KooWA45nCa9TAnUHxGKxCYE2aMxE5dvoB6cq3d7vjNqvfyYM
[2026-09-03 10:58:40.762218000][th:641841][info] GossipPubSub Adding new peer: 12D3KooWGUPLtqtYtT9DQ8sVAEr5KBe4WH5hL95mC1uKVYuGcr64
[2026-09-03 10:58:40.762291000][th:641841][info] GossipPubSub Adding new peer: 12D3KooWQz22u2jLYULaKNcxfAWqaTRvjM4zojvWyxyh8ww7x6iP
[2026-09-03 10:58:40.762356000][th:641841][info] GossipPubSub Adding new peer: 12D3KooWA45nCa9TAnUHxGKxCYE2aMxE5dvoB6cq3d7vjNqvfyYM
[2026-09-03 10:58:40.762412000][th:641864][info] GossipPubSub Adding new peer: 12D3KooWGUPLtqtYtT9DQ8sVAEr5KBe4WH5hL95mC1uKVYuGcr64
[2026-09-03 10:58:40.762476000][th:641864][info] GossipPubSub Adding new peer: 12D3KooWJUR5KrP9pJD5LiZevma4Cdm1HBNwR6fcy6XawAj6GwbP
[2026-09-03 10:58:40.762541000][th:641864][info] GossipPubSub Adding new peer: 12D3KooWA45nCa9TAnUHxGKxCYE2aMxE5dvoB6cq3d7vjNqvfyYM
[2026-09-03 10:58:40.762609000][th:641886][info] GossipPubSub Adding new peer: 12D3KooWGUPLtqtYtT9DQ8sVAEr5KBe4WH5hL95mC1uKVYuGcr64
[2026-09-03 10:58:40.762674000][th:641886][info] GossipPubSub Adding new peer: 12D3KooWJUR5KrP9pJD5LiZevma4Cdm1HBNwR6fcy6XawAj6GwbP
[2026-09-03 10:58:40.762738000][th:641886][info] GossipPubSub Adding new peer: 12D3KooWQz22u2jLYULaKNcxfAWqaTRvjM4zojvWyxyh8ww7x6iP
[2026-09-03 10:58:40][info][CrdtDatastore] Topics { name="consensus-channel-.3.7.144#datastore" }
[2026-09-03 10:58:40][debug][GraphsyncDAGSyncer] addNode: Added node QmV6joEfKEzuEBgiFbT77ZBPGL5HctevA58DpLWM37RqE8 on dagService 
[2026-09-03 10:58:40][info][GraphsyncDAGSyncer] TraverseCIDsLinks: Checking links on { cid="QmV6joEfKEzuEBgiFbT77ZBPGL5HctevA58DpLWM37RqE8", name="consensus-channel-.3.7.144#datastore" }
[2026-09-03 10:58:40][debug][GraphsyncDAGSyncer] TraverseCIDsLinks: Skipping traversal of resolved child QmQMJC7oZtjJMziz2X2pRn1SCEReMF11MVJ9CTvXTBXzir
[2026-09-03 10:58:40][info][GraphsyncDAGSyncer] TraverseCIDsLinks: Completed traversal. Links to fetch: 0, Visited: 1
[2026-09-03 10:58:40][debug][GraphsyncDAGSyncer] Registered new peer 12D3KooWGUPLtqtYtT9DQ8sVAEr5KBe4WH5hL95mC1uKVYuGcr64 with key 1
[2026-09-03 10:58:40][debug][GraphsyncDAGSyncer] Added route for CID QmV6joEfKEzuEBgiFbT77ZBPGL5HctevA58DpLWM37RqE8 to peer 12D3KooWGUPLtqtYtT9DQ8sVAEr5KBe4WH5hL95mC1uKVYuGcr64 (key 1, route_count=1)
[2026-09-03 10:58:40][debug][GraphsyncDAGSyncer] Registered new peer 12D3KooWGUPLtqtYtT9DQ8sVAEr5KBe4WH5hL95mC1uKVYuGcr64 with key 0
[2026-09-03 10:58:40][debug][GraphsyncDAGSyncer] Added route for CID QmV6joEfKEzuEBgiFbT77ZBPGL5HctevA58DpLWM37RqE8 to peer 12D3KooWGUPLtqtYtT9DQ8sVAEr5KBe4WH5hL95mC1uKVYuGcr64 (key 0, route_count=1)
[2026-09-03 10:58:40][debug][GraphsyncDAGSyncer] Registered new peer 12D3KooWGUPLtqtYtT9DQ8sVAEr5KBe4WH5hL95mC1uKVYuGcr64 with key 2
[2026-09-03 10:58:40][debug][GraphsyncDAGSyncer] Added route for CID QmV6joEfKEzuEBgiFbT77ZBPGL5HctevA58DpLWM37RqE8 to peer 12D3KooWGUPLtqtYtT9DQ8sVAEr5KBe4WH5hL95mC1uKVYuGcr64 (key 2, route_count=1)
[2026-09-03 10:58:40][debug][GraphsyncDAGSyncer] Block initialized without content to LRU cache: CID QmV6joEfKEzuEBgiFbT77ZBPGL5HctevA58DpLWM37RqE8, cache size: 1
[2026-09-03 10:58:40][debug][GraphsyncDAGSyncer] Requesting Node QmV6joEfKEzuEBgiFbT77ZBPGL5HctevA58DpLWM37RqE8 on this 5517752840
[2026-09-03 10:58:40][debug][GraphsyncDAGSyncer] Return node for CID QmV6joEfKEzuEBgiFbT77ZBPGL5HctevA58DpLWM37RqE8 instance=4980811880
[2026-09-03 10:58:40.858353000][th:641886][warning] graphsync Request 2 for CID QmV6joEfKEzuEBgiFbT77ZBPGL5HctevA58DpLWM37RqE8 got RS_FULL_CONTENT but no blocks received yet
[2026-09-03 10:58:40][debug][GraphsyncDAGSyncer] request progress: code=FULL_CONTENT, extensions=(graphsync/response-metadata: 0x80) (graphsync/do-not-send-cids: 0x80) 
[2026-09-03 10:58:40][debug][GraphsyncDAGSyncer] HasBlock: false, cid: QmV6joEfKEzuEBgiFbT77ZBPGL5HctevA58DpLWM37RqE8
[2026-09-03 10:58:40][debug][GraphsyncDAGSyncer] Existing block updated in LRU cache: CID QmV6joEfKEzuEBgiFbT77ZBPGL5HctevA58DpLWM37RqE8
[2026-09-03 10:58:40][debug][GraphsyncDAGSyncer] Node added to dagService. CID: QmV6joEfKEzuEBgiFbT77ZBPGL5HctevA58DpLWM37RqE8, links: [[QmQMJC7oZtjJMziz2X2pRn1SCEReMF11MVJ9CTvXTBXzirconsensus-channel-.3.7.144#datastore], ]
[2026-09-03 10:58:40][debug][GraphsyncDAGSyncer] Seeing if peer 12D3KooWGUPLtqtYtT9DQ8sVAEr5KBe4WH5hL95mC1uKVYuGcr64 has links to AddRoute
[2026-09-03 10:58:40][info][GraphsyncDAGSyncer] TraverseCIDsLinks: Checking links on { cid="QmV6joEfKEzuEBgiFbT77ZBPGL5HctevA58DpLWM37RqE8", name="" }
[2026-09-03 10:58:40][debug][GraphsyncDAGSyncer] TraverseCIDsLinks: Skipping traversal of resolved child QmQMJC7oZtjJMziz2X2pRn1SCEReMF11MVJ9CTvXTBXzir
[2026-09-03 10:58:40][info][GraphsyncDAGSyncer] TraverseCIDsLinks: Completed traversal. Links to fetch: 0, Visited: 1
[2026-09-03 10:58:40][info][CRDTCallbackManager] Successfully unregistered new data callback for pattern: '^/?/bc-144/tx/[^/]+'
[2026-09-03 10:58:40][info][CRDTCallbackManager] Successfully unregistered deleted data callback for pattern: '^/?/bc-144/tx/[^/]+'
[2026-09-03 10:58:40][info][CRDTCallbackManager] Successfully unregistered new data callback for pattern: '^/?/bc-963/tx/[^/]+'
[2026-09-03 10:58:40][info][CRDTCallbackManager] Successfully unregistered deleted data callback for pattern: '^/?/bc-963/tx/[^/]+'
[2026-09-03 10:58:40][info][CRDTCallbackManager] Successfully unregistered new data callback for pattern: '^/?/bc-369/tx/[^/]+'
[2026-09-03 10:58:40][info][CRDTCallbackManager] Successfully unregistered deleted data callback for pattern: '^/?/bc-369/tx/[^/]+'
[2026-09-03 10:58:40][info][TransactionManager] [0792b0b3 - full: false] ~TransactionManager: Metrics — cert_fallback(success=1 failure=0) validation(approve=0 reject=0) tracking(insert=0 confirm=1 fail=0)
[2026-09-03 10:58:40][info][Blockchain] [0792b0b3] Stopping blockchain
[2026-09-03 10:58:40][info][CRDTCallbackManager] Successfully unregistered new data callback for pattern: '/?gnus-genesis-block'
[2026-09-03 10:58:40][info][CRDTCallbackManager] Successfully unregistered new data callback for pattern: '/?gnus-account-creation-.*'
[2026-09-03 10:58:40][info][CRDTCallbackManager] Successfully unregistered new data callback for pattern: '/?gnus-validator-registry'
[2026-09-03 10:58:40][debug][GlobalDB] ~GlobalDB CALLED with count 6 on multi_node_finality_fault/restart-mint-validator-one/rocksdb 
[2026-09-03 10:58:40][info][GlobalDB] GlobalDB shutdown start
[2026-09-03 10:58:40][info][CrdtDatastore] CancelAndCloseNow: begin (pending_jobs=0, self_queue=0, root_queue=0, pending_roots=0, active_root=false)
[2026-09-03 10:58:40][debug][GraphsyncDAGSyncer] Stopping Dagsyncer
[2026-09-03 10:58:40][debug][GraphsyncDAGSyncer] Dagsyncer Stopped
[2026-09-03 10:58:40.875873000][th:641886][error] graphsync Varint Error msg=Stream: closed by remote peer
[2026-09-03 10:58:40.875876000][th:641886][info] graphsync stream read error, peer=uGcr64, msg=stream is not readable
[2026-09-03 10:58:40.875918000][th:642722][error] graphsync Varint Error msg=Stream: closed by this host
[2026-09-03 10:58:40][debug][GraphsyncDAGSyncer] Return node for CID QmV6joEfKEzuEBgiFbT77ZBPGL5HctevA58DpLWM37RqE8 instance=5517752840
[2026-09-03 10:58:40][info][GraphsyncDAGSyncer] TraverseCIDsLinks: Checking links on { cid="QmV6joEfKEzuEBgiFbT77ZBPGL5HctevA58DpLWM37RqE8", name="consensus-channel-.3.7.144#datastore" }
[2026-09-03 10:58:40][debug][GraphsyncDAGSyncer] TraverseCIDsLinks: Skipping traversal of resolved child QmQMJC7oZtjJMziz2X2pRn1SCEReMF11MVJ9CTvXTBXzir
[2026-09-03 10:58:40][info][GraphsyncDAGSyncer] TraverseCIDsLinks: Completed traversal. Links to fetch: 0, Visited: 1
[2026-09-03 10:58:40][debug][GraphsyncDAGSyncer] addNode: Added node QmV6joEfKEzuEBgiFbT77ZBPGL5HctevA58DpLWM37RqE8 on dagService 
[2026-09-03 10:58:40][debug][GraphsyncDAGSyncer] Block removed from LRU cache: CID QmV6joEfKEzuEBgiFbT77ZBPGL5HctevA58DpLWM37RqE8
[2026-09-03 10:58:40][info][GraphsyncDAGSyncer] TraverseCIDsLinks: Checking links on { cid="QmV6joEfKEzuEBgiFbT77ZBPGL5HctevA58DpLWM37RqE8", name="consensus-channel-.3.7.144#datastore" }
[2026-09-03 10:58:40][debug][GraphsyncDAGSyncer] TraverseCIDsLinks: Skipping traversal of resolved child QmQMJC7oZtjJMziz2X2pRn1SCEReMF11MVJ9CTvXTBXzir
[2026-09-03 10:58:40][info][GraphsyncDAGSyncer] TraverseCIDsLinks: Completed traversal. Links to fetch: 0, Visited: 1
[2026-09-03 10:58:41][debug][GraphsyncDAGSyncer] Registered new peer 12D3KooWA45nCa9TAnUHxGKxCYE2aMxE5dvoB6cq3d7vjNqvfyYM with key 1
[2026-09-03 10:58:41][debug][GraphsyncDAGSyncer] Added route for CID QmV6joEfKEzuEBgiFbT77ZBPGL5HctevA58DpLWM37RqE8 to peer 12D3KooWA45nCa9TAnUHxGKxCYE2aMxE5dvoB6cq3d7vjNqvfyYM (key 1, route_count=2)
[2026-09-03 10:58:41][debug][GraphsyncDAGSyncer] Added route for CID QmV6joEfKEzuEBgiFbT77ZBPGL5HctevA58DpLWM37RqE8 to peer 12D3KooWA45nCa9TAnUHxGKxCYE2aMxE5dvoB6cq3d7vjNqvfyYM (key 1, route_count=2)
[2026-09-03 10:58:41][info][CrdtDatastore] CancelAndCloseNow: CRDT workers stopped
[2026-09-03 10:58:41][warning][CrdtDatastore] CancelAndCloseNow called but shutdown has already started
[2026-09-03 10:58:41][debug][GraphsyncDAGSyncer] ~GraphsyncDAGSyncer CALLED
[2026-09-03 10:58:41][info][GlobalDB] GlobalDB shutdown finished
[2026-09-03 10:58:41.229017000][th:642722][error] GossipPubSub Address monitoring timer error: Operation canceled
[2026-09-03 10:58:41][debug][GraphsyncDAGSyncer] Block initialized without content to LRU cache: CID QmV6joEfKEzuEBgiFbT77ZBPGL5HctevA58DpLWM37RqE8, cache size: 1
[2026-09-03 10:58:41][debug][GraphsyncDAGSyncer] Requesting Node QmV6joEfKEzuEBgiFbT77ZBPGL5HctevA58DpLWM37RqE8 on this 5518322584
[2026-09-03 10:58:41][debug][GraphsyncDAGSyncer] Block initialized without content to LRU cache: CID QmV6joEfKEzuEBgiFbT77ZBPGL5HctevA58DpLWM37RqE8, cache size: 1
[2026-09-03 10:58:41][debug][GraphsyncDAGSyncer] Requesting Node QmV6joEfKEzuEBgiFbT77ZBPGL5HctevA58DpLWM37RqE8 on this 5250373032
[2026-09-03 10:58:42.239850000][th:641864][error] graphsync cannot connect, peer=uGcr64, msg='Connection reset by peer' state=1
[2026-09-03 10:58:42][debug][GraphsyncDAGSyncer] request progress: code=CANNOT_CONNECT, extensions=
[2026-09-03 10:58:42.239917000][th:641841][error] graphsync cannot connect, peer=uGcr64, msg='Connection reset by peer' state=1
[2026-09-03 10:58:42][debug][GraphsyncDAGSyncer] request progress: code=CANNOT_CONNECT, extensions=
[2026-09-03 10:58:42][info][KeyPairFileStorage] Path to keypairs multi_node_finality_fault/restart-mint-validator-one/keypair
[2026-09-03 10:58:42][info][KeyPairFileStorage] Peer ID from public key: 12D3KooWGUPLtqtYtT9DQ8sVAEr5KBe4WH5hL95mC1uKVYuGcr64
Current limits: 16384 (soft), 9223372036854775807 (hard)
New limits set successfully: 16384 (soft), 9223372036854775807 (hard)
Initialized relay addresses
[2026-09-03 10:58:42.245035000][th:637526][info] GossipPubSub /ip4/0.0.0.0/tcp/54621/p2p/12D3KooWGUPLtqtYtT9DQ8sVAEr5KBe4WH5hL95mC1uKVYuGcr64: Starting PubSub service
[2026-09-03 10:58:42.245148000][th:642948][info] GossipPubSub Starting address monitoring system for mobile network changes
[2026-09-03 10:58:42.245152000][th:642948][info] GossipPubSub === CURRENT NETWORK STATE ===
[2026-09-03 10:58:42.245163000][th:642948][info] GossipPubSub Primary listening address: /ip4/0.0.0.0/tcp/54621/p2p/12D3KooWGUPLtqtYtT9DQ8sVAEr5KBe4WH5hL95mC1uKVYuGcr64
[2026-09-03 10:58:42.245165000][th:642948][info] GossipPubSub Host peer info addresses (0):
[2026-09-03 10:58:42.245167000][th:642948][info] GossipPubSub Additional addresses we track (0):
[2026-09-03 10:58:42.245168000][th:642948][info] GossipPubSub Listening addresses (1):
[2026-09-03 10:58:42.245170000][th:642948][info] GossipPubSub   -> /ip4/0.0.0.0/tcp/54621/p2p/12D3KooWGUPLtqtYtT9DQ8sVAEr5KBe4WH5hL95mC1uKVYuGcr64
[2026-09-03 10:58:42.245171000][th:642948][info] GossipPubSub Interface addresses (0):
[2026-09-03 10:58:42.245172000][th:642948][info] GossipPubSub === RAW OBSERVED ADDRESS DEBUG ===
[2026-09-03 10:58:42.245175000][th:642948][info] GossipPubSub Local address: /ip4/0.0.0.0/tcp/54621/p2p/12D3KooWGUPLtqtYtT9DQ8sVAEr5KBe4WH5hL95mC1uKVYuGcr64 -> 0 raw observed, 0 activated+confirmed
[2026-09-03 10:58:42.245177000][th:642948][info] GossipPubSub TOTAL: 0 raw observed addresses, 0 activated+confirmed addresses
[2026-09-03 10:58:42.245178000][th:642948][info] GossipPubSub === END RAW OBSERVED ADDRESS DEBUG ===
[2026-09-03 10:58:42.245180000][th:642948][info] GossipPubSub Observed addresses - all (0):
[2026-09-03 10:58:42.245181000][th:642948][info] GossipPubSub Observed addresses - confirmed only (0):
[2026-09-03 10:58:42.245182000][th:642948][info] GossipPubSub Relay addresses (0):
[2026-09-03 10:58:42.245185000][th:642948][warning] GossipPubSub Failed to get addresses from peer repository: not found
[2026-09-03 10:58:42.245243000][th:642948][info] GossipPubSub Found 1 valid network interfaces
[2026-09-03 10:58:42.245246000][th:642948][info] GossipPubSub Current network interfaces (1):
[2026-09-03 10:58:42.245247000][th:642948][info] GossipPubSub   -> 192.168.1.6
[2026-09-03 10:58:42.245255000][th:642948][info] GossipPubSub Active connections: 0
[2026-09-03 10:58:42.245256000][th:642948][info] GossipPubSub === PEER CONNECTION DETAILS ===
[2026-09-03 10:58:42.245257000][th:642948][info] GossipPubSub NOTE: Observed addresses need to be seen by 4+ different peer groups to become 'activated'
[2026-09-03 10:58:42.245259000][th:642948][info] GossipPubSub NOTE: Current connections: 0, so max possible observers: 0
[2026-09-03 10:58:42.245260000][th:642948][info] GossipPubSub === END PEER CONNECTION DETAILS ===
[2026-09-03 10:58:42.245261000][th:642948][info] GossipPubSub Connection manager stats:
[2026-09-03 10:58:42.245262000][th:642948][info] GossipPubSub   -> Max connections: 1000
[2026-09-03 10:58:42.245263000][th:642948][info] GossipPubSub   -> Current connections: 0
[2026-09-03 10:58:42.245265000][th:642948][info] GossipPubSub === END NETWORK STATE ===
[2026-09-03 10:58:42.245477000][th:642948][info] GossipPubSub /ip4/0.0.0.0/tcp/54621/p2p/12D3KooWGUPLtqtYtT9DQ8sVAEr5KBe4WH5hL95mC1uKVYuGcr64 : PubSub service started
[2026-09-03 10:58:42][info][GlobalDB] Opening database /Users/henriqueklein/gnus/SuperGenius/multi_node_finality_fault/restart-mint-validator-one/rocksdb
[2026-09-03 10:58:42][warning][GraphsyncDAGSyncer] Request failed for CID QmV6joEfKEzuEBgiFbT77ZBPGL5HctevA58DpLWM37RqE8 from peer 12D3KooWGUPLtqtYtT9DQ8sVAEr5KBe4WH5hL95mC1uKVYuGcr64 with connection error CANNOT_CONNECT. Blacklisting peer and trying fallback.
[2026-09-03 10:58:42][debug][GraphsyncDAGSyncer] Requesting Node QmV6joEfKEzuEBgiFbT77ZBPGL5HctevA58DpLWM37RqE8 on this 5250373032
[2026-09-03 10:58:42][debug][GraphsyncDAGSyncer] Return node for CID QmV6joEfKEzuEBgiFbT77ZBPGL5HctevA58DpLWM37RqE8 instance=5517752840
[2026-09-03 10:58:42.261342000][th:641864][warning] graphsync Request 3 for CID QmV6joEfKEzuEBgiFbT77ZBPGL5HctevA58DpLWM37RqE8 got RS_FULL_CONTENT but no blocks received yet
[2026-09-03 10:58:42][debug][GraphsyncDAGSyncer] request progress: code=FULL_CONTENT, extensions=(graphsync/response-metadata: 0x80) (graphsync/do-not-send-cids: 0x80) 
[2026-09-03 10:58:42][debug][GraphsyncDAGSyncer] HasBlock: false, cid: QmV6joEfKEzuEBgiFbT77ZBPGL5HctevA58DpLWM37RqE8
[2026-09-03 10:58:42][debug][GraphsyncDAGSyncer] Existing block updated in LRU cache: CID QmV6joEfKEzuEBgiFbT77ZBPGL5HctevA58DpLWM37RqE8
[2026-09-03 10:58:42][debug][GraphsyncDAGSyncer] Node added to dagService. CID: QmV6joEfKEzuEBgiFbT77ZBPGL5HctevA58DpLWM37RqE8, links: [[QmQMJC7oZtjJMziz2X2pRn1SCEReMF11MVJ9CTvXTBXzirconsensus-channel-.3.7.144#datastore], ]
[2026-09-03 10:58:42][debug][GraphsyncDAGSyncer] Seeing if peer 12D3KooWA45nCa9TAnUHxGKxCYE2aMxE5dvoB6cq3d7vjNqvfyYM has links to AddRoute
[2026-09-03 10:58:42][info][GraphsyncDAGSyncer] TraverseCIDsLinks: Checking links on { cid="QmV6joEfKEzuEBgiFbT77ZBPGL5HctevA58DpLWM37RqE8", name="" }
[2026-09-03 10:58:42][debug][GraphsyncDAGSyncer] TraverseCIDsLinks: Skipping traversal of resolved child QmQMJC7oZtjJMziz2X2pRn1SCEReMF11MVJ9CTvXTBXzir
[2026-09-03 10:58:42][info][GraphsyncDAGSyncer] TraverseCIDsLinks: Completed traversal. Links to fetch: 0, Visited: 1
[2026-09-03 10:58:42][debug][GraphsyncDAGSyncer] GraphSyncer created 4712361816 
[2026-09-03 10:58:42][info][CrdtDatastore] crdt Datastore created. Number of heads: 2 Current max-height: 18446744073709551615
[2026-09-03 10:58:42][info][GeniusAccount] Secure storage ID path: /Users/henriqueklein/gnus/SuperGenius/multi_node_finality_fault/restart-mint-validator-one/account/secure_storage_id
[2026-09-03 10:58:42][info][GeniusAccount] Loaded public key from file: 0792b0b3d6fb0cf5... (length: 128)
[2026-09-03 10:58:42][info][GeniusAccount] Successfully loaded key_seed from storage
[2026-09-03 10:58:42][info][GeniusAccount] Validation successful: key_seed matches stored public key
[2026-09-03 10:58:42][warning][UTXOManager] Skipping malformed UTXO key /utxo-checkpoint/0792b0b3d6fb0cf5d7511d8a3d72aad57629733a0276f1bd160a524ec22d745705c6f5d40c7134470ea657df7c63c7cc85c5e5bb9498f0dde9d922a3d917d6b1/1
[2026-09-03 10:58:42][warning][UTXOManager] Skipping malformed UTXO key /utxo-checkpoint/0792b0b3d6fb0cf5d7511d8a3d72aad57629733a0276f1bd160a524ec22d745705c6f5d40c7134470ea657df7c63c7cc85c5e5bb9498f0dde9d922a3d917d6b1/latest
[2026-09-03 10:58:42][info][Blockchain] [0792b0b3] Blockchain instance created with authorized full node: 8a33bdf1
[2026-09-03 10:58:42][info][ValidatorRegistry] InitializeCache: cache initialized with CID QmZjzX6Psz3wuBPFCaB2K5AKx3WvmcBgMb5wSzo6UPiWrM
[2026-09-03 10:58:42][info][CRDTCallbackManager] Successfully registered new data callback for pattern: '/?gnus-validator-registry'
[2026-09-03 10:58:42][info][ValidatorRegistry] RegisterFilter: result=true
[2026-09-03 10:58:42][info][ValidatorRegistry] New: instance ready
[2026-09-03 10:58:42.297532000][th:642948][info] GossipPubSub /ip4/0.0.0.0/tcp/54621/p2p/12D3KooWGUPLtqtYtT9DQ8sVAEr5KBe4WH5hL95mC1uKVYuGcr64: PubSub subscribed to topic 'gnus-validator-registry.3.7.144'
[2026-09-03 10:58:42.297566000][th:642948][info] GossipPubSub /ip4/0.0.0.0/tcp/54621/p2p/12D3KooWGUPLtqtYtT9DQ8sVAEr5KBe4WH5hL95mC1uKVYuGcr64: PubSub subscribed to topic 'consensus-channel-.3.7.144'
[2026-09-03 10:58:42][info][CRDTCallbackManager] Successfully registered new data callback for pattern: '^/?cert/[^/]+'
[2026-09-03 10:58:42.297594000][th:642948][info] GossipPubSub /ip4/0.0.0.0/tcp/54621/p2p/12D3KooWGUPLtqtYtT9DQ8sVAEr5KBe4WH5hL95mC1uKVYuGcr64: PubSub subscribed to topic 'consensus-channel-.3.7.144#datastore.3.7.144'
[2026-09-03 10:58:42][info][CRDTCallbackManager] Successfully registered new data callback for pattern: '/?gnus-genesis-block'
[2026-09-03 10:58:42][info][CRDTCallbackManager] Successfully registered new data callback for pattern: '/?gnus-account-creation-.*'
[2026-09-03 10:58:42][info][CRDTCallbackManager] Successfully registered new data callback for pattern: '^/?/bc-144/tx/[^/]+'
[2026-09-03 10:58:42][info][CRDTCallbackManager] Successfully registered deleted data callback for pattern: '^/?/bc-144/tx/[^/]+'
[2026-09-03 10:58:42][info][CRDTCallbackManager] Successfully registered new data callback for pattern: '^/?/bc-963/tx/[^/]+'
[2026-09-03 10:58:42][info][CRDTCallbackManager] Successfully registered deleted data callback for pattern: '^/?/bc-963/tx/[^/]+'
[2026-09-03 10:58:42][info][CRDTCallbackManager] Successfully registered new data callback for pattern: '^/?/bc-369/tx/[^/]+'
[2026-09-03 10:58:42][info][CRDTCallbackManager] Successfully registered deleted data callback for pattern: '^/?/bc-369/tx/[^/]+'
[2026-09-03 10:58:42][info][CRDTCallbackManager] Successfully unregistered new data callback for pattern: '^/?/bc-144/tx/[^/]+'
[2026-09-03 10:58:42][info][CRDTCallbackManager] Successfully unregistered deleted data callback for pattern: '^/?/bc-144/tx/[^/]+'
[2026-09-03 10:58:42][info][CRDTCallbackManager] Successfully unregistered new data callback for pattern: '^/?/bc-963/tx/[^/]+'
[2026-09-03 10:58:42][info][CRDTCallbackManager] Successfully unregistered deleted data callback for pattern: '^/?/bc-963/tx/[^/]+'
[2026-09-03 10:58:42][info][CRDTCallbackManager] Successfully unregistered new data callback for pattern: '^/?/bc-369/tx/[^/]+'
[2026-09-03 10:58:42][info][CRDTCallbackManager] Successfully unregistered deleted data callback for pattern: '^/?/bc-369/tx/[^/]+'
[2026-09-03 10:58:42][info][TransactionManager] [074c8c1d - full: false] ~TransactionManager: Metrics — cert_fallback(success=0 failure=0) validation(approve=1 reject=0) tracking(insert=1 confirm=1 fail=0)
[2026-09-03 10:58:42][info][Blockchain] [074c8c1d] Stopping blockchain
[2026-09-03 10:58:42][info][CRDTCallbackManager] Successfully unregistered new data callback for pattern: '/?gnus-genesis-block'
[2026-09-03 10:58:42][info][CRDTCallbackManager] Successfully unregistered new data callback for pattern: '/?gnus-account-creation-.*'
[2026-09-03 10:58:42][info][CRDTCallbackManager] Successfully unregistered new data callback for pattern: '/?gnus-validator-registry'
[2026-09-03 10:58:42][debug][GlobalDB] ~GlobalDB CALLED with count 6 on multi_node_finality_fault/restart-mint-validator-two/rocksdb 
[2026-09-03 10:58:42][info][GlobalDB] GlobalDB shutdown start
[2026-09-03 10:58:42][info][CrdtDatastore] CancelAndCloseNow: begin (pending_jobs=2, self_queue=0, root_queue=0, pending_roots=0, active_root=true)
[2026-09-03 10:58:42][debug][GraphsyncDAGSyncer] Stopping Dagsyncer
[2026-09-03 10:58:42][debug][GraphsyncDAGSyncer] Dagsyncer Stopped
[2026-09-03 10:58:42.298057000][th:641886][error] graphsync Varint Error msg=Stream: closed by remote peer
[2026-09-03 10:58:42.298062000][th:641886][info] graphsync stream read error, peer=j6GwbP, msg=stream is not readable
[2026-09-03 10:58:42.298073000][th:641864][error] graphsync Varint Error msg=Stream: closed by remote peer
[2026-09-03 10:58:42.298077000][th:641864][info] graphsync stream read error, peer=j6GwbP, msg=stream is not readable
[2026-09-03 10:58:42.298120000][th:641841][error] graphsync Varint Error msg=Stream: closed by this host
[2026-09-03 10:58:42.298157000][th:641841][error] graphsync Varint Error msg=Stream: closed by this host
[2026-09-03 10:58:42][error][GraphsyncDAGSyncer] We exited while trying to sync QmV6joEfKEzuEBgiFbT77ZBPGL5HctevA58DpLWM37RqE8 as it must have been still in progress.
[2026-09-03 10:58:42][debug][GraphsyncDAGSyncer] Return node for CID QmV6joEfKEzuEBgiFbT77ZBPGL5HctevA58DpLWM37RqE8 instance=5250373032
[2026-09-03 10:58:42][info][GraphsyncDAGSyncer] TraverseCIDsLinks: Checking links on { cid="QmV6joEfKEzuEBgiFbT77ZBPGL5HctevA58DpLWM37RqE8", name="consensus-channel-.3.7.144#datastore" }
[2026-09-03 10:58:42][debug][GraphsyncDAGSyncer] TraverseCIDsLinks: Skipping traversal of resolved child QmQMJC7oZtjJMziz2X2pRn1SCEReMF11MVJ9CTvXTBXzir
[2026-09-03 10:58:42][info][GraphsyncDAGSyncer] TraverseCIDsLinks: Completed traversal. Links to fetch: 0, Visited: 1
[2026-09-03 10:58:42][debug][GraphsyncDAGSyncer] addNode: Added node QmV6joEfKEzuEBgiFbT77ZBPGL5HctevA58DpLWM37RqE8 on dagService 
[2026-09-03 10:58:42][debug][GraphsyncDAGSyncer] Block removed from LRU cache: CID QmV6joEfKEzuEBgiFbT77ZBPGL5HctevA58DpLWM37RqE8
[2026-09-03 10:58:42][info][GraphsyncDAGSyncer] TraverseCIDsLinks: Checking links on { cid="QmV6joEfKEzuEBgiFbT77ZBPGL5HctevA58DpLWM37RqE8", name="consensus-channel-.3.7.144#datastore" }
[2026-09-03 10:58:42][debug][GraphsyncDAGSyncer] TraverseCIDsLinks: Skipping traversal of resolved child QmQMJC7oZtjJMziz2X2pRn1SCEReMF11MVJ9CTvXTBXzir
[2026-09-03 10:58:42][info][GraphsyncDAGSyncer] TraverseCIDsLinks: Completed traversal. Links to fetch: 0, Visited: 1
[2026-09-03 10:58:42][info][CrdtDatastore] CancelAndCloseNow: CRDT workers stopped
[2026-09-03 10:58:42][warning][CrdtDatastore] CancelAndCloseNow called but shutdown has already started
[2026-09-03 10:58:42][debug][GraphsyncDAGSyncer] ~GraphsyncDAGSyncer CALLED
[2026-09-03 10:58:42][info][GlobalDB] GlobalDB shutdown finished
[2026-09-03 10:58:42.772215000][th:641841][error] GossipPubSub Address monitoring timer error: Operation canceled
[2026-09-03 10:58:43][info][KeyPairFileStorage] Path to keypairs multi_node_finality_fault/restart-mint-validator-two/keypair
[2026-09-03 10:58:43][info][KeyPairFileStorage] Peer ID from public key: 12D3KooWJUR5KrP9pJD5LiZevma4Cdm1HBNwR6fcy6XawAj6GwbP
Current limits: 16384 (soft), 9223372036854775807 (hard)
New limits set successfully: 16384 (soft), 9223372036854775807 (hard)
Initialized relay addresses
[2026-09-03 10:58:43.787910000][th:637526][info] GossipPubSub /ip4/0.0.0.0/tcp/54622/p2p/12D3KooWJUR5KrP9pJD5LiZevma4Cdm1HBNwR6fcy6XawAj6GwbP: Starting PubSub service
[2026-09-03 10:58:43.788028000][th:643124][info] GossipPubSub Starting address monitoring system for mobile network changes
[2026-09-03 10:58:43.788032000][th:643124][info] GossipPubSub === CURRENT NETWORK STATE ===
[2026-09-03 10:58:43.788045000][th:643124][info] GossipPubSub Primary listening address: /ip4/0.0.0.0/tcp/54622/p2p/12D3KooWJUR5KrP9pJD5LiZevma4Cdm1HBNwR6fcy6XawAj6GwbP
[2026-09-03 10:58:43.788047000][th:643124][info] GossipPubSub Host peer info addresses (0):
[2026-09-03 10:58:43.788048000][th:643124][info] GossipPubSub Additional addresses we track (0):
[2026-09-03 10:58:43.788050000][th:643124][info] GossipPubSub Listening addresses (1):
[2026-09-03 10:58:43.788051000][th:643124][info] GossipPubSub   -> /ip4/0.0.0.0/tcp/54622/p2p/12D3KooWJUR5KrP9pJD5LiZevma4Cdm1HBNwR6fcy6XawAj6GwbP
[2026-09-03 10:58:43.788053000][th:643124][info] GossipPubSub Interface addresses (0):
[2026-09-03 10:58:43.788054000][th:643124][info] GossipPubSub === RAW OBSERVED ADDRESS DEBUG ===
[2026-09-03 10:58:43.788057000][th:643124][info] GossipPubSub Local address: /ip4/0.0.0.0/tcp/54622/p2p/12D3KooWJUR5KrP9pJD5LiZevma4Cdm1HBNwR6fcy6XawAj6GwbP -> 0 raw observed, 0 activated+confirmed
[2026-09-03 10:58:43.788059000][th:643124][info] GossipPubSub TOTAL: 0 raw observed addresses, 0 activated+confirmed addresses
[2026-09-03 10:58:43.788060000][th:643124][info] GossipPubSub === END RAW OBSERVED ADDRESS DEBUG ===
[2026-09-03 10:58:43.788061000][th:643124][info] GossipPubSub Observed addresses - all (0):
[2026-09-03 10:58:43.788062000][th:643124][info] GossipPubSub Observed addresses - confirmed only (0):
[2026-09-03 10:58:43.788064000][th:643124][info] GossipPubSub Relay addresses (0):
[2026-09-03 10:58:43.788070000][th:643124][warning] GossipPubSub Failed to get addresses from peer repository: not found
[2026-09-03 10:58:43.788139000][th:643124][info] GossipPubSub Found 1 valid network interfaces
[2026-09-03 10:58:43.788142000][th:643124][info] GossipPubSub Current network interfaces (1):
[2026-09-03 10:58:43.788143000][th:643124][info] GossipPubSub   -> 192.168.1.6
[2026-09-03 10:58:43.788145000][th:643124][info] GossipPubSub Active connections: 0
[2026-09-03 10:58:43.788146000][th:643124][info] GossipPubSub === PEER CONNECTION DETAILS ===
[2026-09-03 10:58:43.788148000][th:643124][info] GossipPubSub NOTE: Observed addresses need to be seen by 4+ different peer groups to become 'activated'
[2026-09-03 10:58:43.788149000][th:643124][info] GossipPubSub NOTE: Current connections: 0, so max possible observers: 0
[2026-09-03 10:58:43.788150000][th:643124][info] GossipPubSub === END PEER CONNECTION DETAILS ===
[2026-09-03 10:58:43.788151000][th:643124][info] GossipPubSub Connection manager stats:
[2026-09-03 10:58:43.788152000][th:643124][info] GossipPubSub   -> Max connections: 1000
[2026-09-03 10:58:43.788154000][th:643124][info] GossipPubSub   -> Current connections: 0
[2026-09-03 10:58:43.788154000][th:643124][info] GossipPubSub === END NETWORK STATE ===
[2026-09-03 10:58:43.788400000][th:643124][info] GossipPubSub /ip4/0.0.0.0/tcp/54622/p2p/12D3KooWJUR5KrP9pJD5LiZevma4Cdm1HBNwR6fcy6XawAj6GwbP : PubSub service started
[2026-09-03 10:58:43][info][GlobalDB] Opening database /Users/henriqueklein/gnus/SuperGenius/multi_node_finality_fault/restart-mint-validator-two/rocksdb
[2026-09-03 10:58:43][debug][GraphsyncDAGSyncer] GraphSyncer created 5553327528 
[2026-09-03 10:58:43][info][CrdtDatastore] crdt Datastore created. Number of heads: 2 Current max-height: 18446744073709551615
[2026-09-03 10:58:43][info][GeniusAccount] Secure storage ID path: /Users/henriqueklein/gnus/SuperGenius/multi_node_finality_fault/restart-mint-validator-two/account/secure_storage_id
[2026-09-03 10:58:43][info][GeniusAccount] Loaded public key from file: 074c8c1dd3c8ee8a... (length: 128)
[2026-09-03 10:58:43][info][GeniusAccount] Successfully loaded key_seed from storage
[2026-09-03 10:58:43][info][GeniusAccount] Validation successful: key_seed matches stored public key
[2026-09-03 10:58:43][warning][UTXOManager] Skipping malformed UTXO key /utxo-checkpoint/074c8c1dd3c8ee8aee711fc834ee8c0af2ea6f849d4020390e41c8ad7b202ac88fbf258fd3afe9ce5a9b7d54a31d0c20a674897b1c0852b188a7547d87cbac35/1
[2026-09-03 10:58:43][warning][UTXOManager] Skipping malformed UTXO key /utxo-checkpoint/074c8c1dd3c8ee8aee711fc834ee8c0af2ea6f849d4020390e41c8ad7b202ac88fbf258fd3afe9ce5a9b7d54a31d0c20a674897b1c0852b188a7547d87cbac35/latest
[2026-09-03 10:58:43][info][Blockchain] [074c8c1d] Blockchain instance created with authorized full node: 8a33bdf1
[2026-09-03 10:58:43][info][ValidatorRegistry] InitializeCache: cache initialized with CID QmZjzX6Psz3wuBPFCaB2K5AKx3WvmcBgMb5wSzo6UPiWrM
[2026-09-03 10:58:43][info][CRDTCallbackManager] Successfully registered new data callback for pattern: '/?gnus-validator-registry'
[2026-09-03 10:58:43][info][ValidatorRegistry] RegisterFilter: result=true
[2026-09-03 10:58:43][info][ValidatorRegistry] New: instance ready
[2026-09-03 10:58:43.814796000][th:643124][info] GossipPubSub /ip4/0.0.0.0/tcp/54622/p2p/12D3KooWJUR5KrP9pJD5LiZevma4Cdm1HBNwR6fcy6XawAj6GwbP: PubSub subscribed to topic 'gnus-validator-registry.3.7.144'
[2026-09-03 10:58:43.814822000][th:643124][info] GossipPubSub /ip4/0.0.0.0/tcp/54622/p2p/12D3KooWJUR5KrP9pJD5LiZevma4Cdm1HBNwR6fcy6XawAj6GwbP: PubSub subscribed to topic 'consensus-channel-.3.7.144'
[2026-09-03 10:58:43][info][CRDTCallbackManager] Successfully registered new data callback for pattern: '^/?cert/[^/]+'
[2026-09-03 10:58:43.814845000][th:643124][info] GossipPubSub /ip4/0.0.0.0/tcp/54622/p2p/12D3KooWJUR5KrP9pJD5LiZevma4Cdm1HBNwR6fcy6XawAj6GwbP: PubSub subscribed to topic 'consensus-channel-.3.7.144#datastore.3.7.144'
[2026-09-03 10:58:43][info][CRDTCallbackManager] Successfully registered new data callback for pattern: '/?gnus-genesis-block'
[2026-09-03 10:58:43][info][CRDTCallbackManager] Successfully registered new data callback for pattern: '/?gnus-account-creation-.*'
[2026-09-03 10:58:43][info][CRDTCallbackManager] Successfully registered new data callback for pattern: '^/?/bc-144/tx/[^/]+'
[2026-09-03 10:58:43][info][CRDTCallbackManager] Successfully registered deleted data callback for pattern: '^/?/bc-144/tx/[^/]+'
[2026-09-03 10:58:43][info][CRDTCallbackManager] Successfully registered new data callback for pattern: '^/?/bc-963/tx/[^/]+'
[2026-09-03 10:58:43][info][CRDTCallbackManager] Successfully registered deleted data callback for pattern: '^/?/bc-963/tx/[^/]+'
[2026-09-03 10:58:43][info][CRDTCallbackManager] Successfully registered new data callback for pattern: '^/?/bc-369/tx/[^/]+'
[2026-09-03 10:58:43][info][CRDTCallbackManager] Successfully registered deleted data callback for pattern: '^/?/bc-369/tx/[^/]+'
[2026-09-03 10:58:43][info][CRDTCallbackManager] Successfully unregistered new data callback for pattern: '^/?/bc-144/tx/[^/]+'
[2026-09-03 10:58:43][info][CRDTCallbackManager] Successfully unregistered deleted data callback for pattern: '^/?/bc-144/tx/[^/]+'
[2026-09-03 10:58:43][info][CRDTCallbackManager] Successfully unregistered new data callback for pattern: '^/?/bc-963/tx/[^/]+'
[2026-09-03 10:58:43][info][CRDTCallbackManager] Successfully unregistered deleted data callback for pattern: '^/?/bc-963/tx/[^/]+'
[2026-09-03 10:58:43][info][CRDTCallbackManager] Successfully unregistered new data callback for pattern: '^/?/bc-369/tx/[^/]+'
[2026-09-03 10:58:43][info][CRDTCallbackManager] Successfully unregistered deleted data callback for pattern: '^/?/bc-369/tx/[^/]+'
[2026-09-03 10:58:43][info][TransactionManager] [e4001804 - full: false] ~TransactionManager: Metrics — cert_fallback(success=0 failure=0) validation(approve=1 reject=0) tracking(insert=1 confirm=1 fail=0)
[2026-09-03 10:58:43][info][Blockchain] [e4001804] Stopping blockchain
[2026-09-03 10:58:43][info][CRDTCallbackManager] Successfully unregistered new data callback for pattern: '/?gnus-genesis-block'
[2026-09-03 10:58:43][info][CRDTCallbackManager] Successfully unregistered new data callback for pattern: '/?gnus-account-creation-.*'
[2026-09-03 10:58:43][info][CRDTCallbackManager] Successfully unregistered new data callback for pattern: '/?gnus-validator-registry'
[2026-09-03 10:58:43][debug][GlobalDB] ~GlobalDB CALLED with count 6 on multi_node_finality_fault/restart-mint-validator-three/rocksdb 
[2026-09-03 10:58:43][info][GlobalDB] GlobalDB shutdown start
[2026-09-03 10:58:43][info][CrdtDatastore] CancelAndCloseNow: begin (pending_jobs=2, self_queue=0, root_queue=0, pending_roots=0, active_root=false)
[2026-09-03 10:58:43][debug][GraphsyncDAGSyncer] Stopping Dagsyncer
[2026-09-03 10:58:43][debug][GraphsyncDAGSyncer] Dagsyncer Stopped
[2026-09-03 10:58:43.815267000][th:641886][error] graphsync Varint Error msg=Stream: closed by remote peer
[2026-09-03 10:58:43.815273000][th:641886][info] graphsync stream read error, peer=w7x6iP, msg=stream is not readable
[2026-09-03 10:58:43.815361000][th:641864][error] graphsync Varint Error msg=Stream: closed by this host
[2026-09-03 10:58:43][info][CrdtDatastore] CancelAndCloseNow: CRDT workers stopped
[2026-09-03 10:58:43][warning][CrdtDatastore] CancelAndCloseNow called but shutdown has already started
[2026-09-03 10:58:43][debug][GraphsyncDAGSyncer] ~GraphsyncDAGSyncer CALLED
[2026-09-03 10:58:43][info][GlobalDB] GlobalDB shutdown finished
[2026-09-03 10:58:43.854135000][th:641864][error] GossipPubSub Address monitoring timer error: Operation canceled
[2026-09-03 10:58:44][info][KeyPairFileStorage] Path to keypairs multi_node_finality_fault/restart-mint-validator-three/keypair
[2026-09-03 10:58:44][info][KeyPairFileStorage] Peer ID from public key: 12D3KooWQz22u2jLYULaKNcxfAWqaTRvjM4zojvWyxyh8ww7x6iP
Current limits: 16384 (soft), 9223372036854775807 (hard)
New limits set successfully: 16384 (soft), 9223372036854775807 (hard)
Initialized relay addresses
[2026-09-03 10:58:44.856397000][th:637526][info] GossipPubSub /ip4/0.0.0.0/tcp/54623/p2p/12D3KooWQz22u2jLYULaKNcxfAWqaTRvjM4zojvWyxyh8ww7x6iP: Starting PubSub service
[2026-09-03 10:58:44.856478000][th:643300][info] GossipPubSub Starting address monitoring system for mobile network changes
[2026-09-03 10:58:44.856479000][th:643300][info] GossipPubSub === CURRENT NETWORK STATE ===
[2026-09-03 10:58:44.856485000][th:643300][info] GossipPubSub Primary listening address: /ip4/0.0.0.0/tcp/54623/p2p/12D3KooWQz22u2jLYULaKNcxfAWqaTRvjM4zojvWyxyh8ww7x6iP
[2026-09-03 10:58:44.856486000][th:643300][info] GossipPubSub Host peer info addresses (0):
[2026-09-03 10:58:44.856487000][th:643300][info] GossipPubSub Additional addresses we track (0):
[2026-09-03 10:58:44.856487000][th:643300][info] GossipPubSub Listening addresses (1):
[2026-09-03 10:58:44.856488000][th:643300][info] GossipPubSub   -> /ip4/0.0.0.0/tcp/54623/p2p/12D3KooWQz22u2jLYULaKNcxfAWqaTRvjM4zojvWyxyh8ww7x6iP
[2026-09-03 10:58:44.856489000][th:643300][info] GossipPubSub Interface addresses (0):
[2026-09-03 10:58:44.856489000][th:643300][info] GossipPubSub === RAW OBSERVED ADDRESS DEBUG ===
[2026-09-03 10:58:44.856490000][th:643300][info] GossipPubSub Local address: /ip4/0.0.0.0/tcp/54623/p2p/12D3KooWQz22u2jLYULaKNcxfAWqaTRvjM4zojvWyxyh8ww7x6iP -> 0 raw observed, 0 activated+confirmed
[2026-09-03 10:58:44.856491000][th:643300][info] GossipPubSub TOTAL: 0 raw observed addresses, 0 activated+confirmed addresses
[2026-09-03 10:58:44.856492000][th:643300][info] GossipPubSub === END RAW OBSERVED ADDRESS DEBUG ===
[2026-09-03 10:58:44.856492000][th:643300][info] GossipPubSub Observed addresses - all (0):
[2026-09-03 10:58:44.856493000][th:643300][info] GossipPubSub Observed addresses - confirmed only (0):
[2026-09-03 10:58:44.856493000][th:643300][info] GossipPubSub Relay addresses (0):
[2026-09-03 10:58:44.856495000][th:643300][warning] GossipPubSub Failed to get addresses from peer repository: not found
[2026-09-03 10:58:44.856523000][th:643300][info] GossipPubSub Found 1 valid network interfaces
[2026-09-03 10:58:44.856524000][th:643300][info] GossipPubSub Current network interfaces (1):
[2026-09-03 10:58:44.856524000][th:643300][info] GossipPubSub   -> 192.168.1.6
[2026-09-03 10:58:44.856525000][th:643300][info] GossipPubSub Active connections: 0
[2026-09-03 10:58:44.856525000][th:643300][info] GossipPubSub === PEER CONNECTION DETAILS ===
[2026-09-03 10:58:44.856526000][th:643300][info] GossipPubSub NOTE: Observed addresses need to be seen by 4+ different peer groups to become 'activated'
[2026-09-03 10:58:44.856527000][th:643300][info] GossipPubSub NOTE: Current connections: 0, so max possible observers: 0
[2026-09-03 10:58:44.856527000][th:643300][info] GossipPubSub === END PEER CONNECTION DETAILS ===
[2026-09-03 10:58:44.856527000][th:643300][info] GossipPubSub Connection manager stats:
[2026-09-03 10:58:44.856528000][th:643300][info] GossipPubSub   -> Max connections: 1000
[2026-09-03 10:58:44.856528000][th:643300][info] GossipPubSub   -> Current connections: 0
[2026-09-03 10:58:44.856529000][th:643300][info] GossipPubSub === END NETWORK STATE ===
[2026-09-03 10:58:44.856632000][th:643300][info] GossipPubSub /ip4/0.0.0.0/tcp/54623/p2p/12D3KooWQz22u2jLYULaKNcxfAWqaTRvjM4zojvWyxyh8ww7x6iP : PubSub service started
[2026-09-03 10:58:44][info][GlobalDB] Opening database /Users/henriqueklein/gnus/SuperGenius/multi_node_finality_fault/restart-mint-validator-three/rocksdb
[2026-09-03 10:58:44][debug][GraphsyncDAGSyncer] GraphSyncer created 5518273352 
[2026-09-03 10:58:44][info][CrdtDatastore] crdt Datastore created. Number of heads: 2 Current max-height: 18446744073709551615
[2026-09-03 10:58:44][info][GeniusAccount] Secure storage ID path: /Users/henriqueklein/gnus/SuperGenius/multi_node_finality_fault/restart-mint-validator-three/account/secure_storage_id
[2026-09-03 10:58:44][info][GeniusAccount] Loaded public key from file: e400180488611f5c... (length: 128)
[2026-09-03 10:58:44][info][GeniusAccount] Successfully loaded key_seed from storage
[2026-09-03 10:58:44][info][GeniusAccount] Validation successful: key_seed matches stored public key
[2026-09-03 10:58:44][warning][UTXOManager] Skipping malformed UTXO key /utxo-checkpoint/e400180488611f5c67a726993045d5193858e21783710fcfe8f406cf14123e04367e114ac838f68df9f7b54183d73b390b483b84db3bc9ad4e95f6d33b2f255a/1
[2026-09-03 10:58:44][warning][UTXOManager] Skipping malformed UTXO key /utxo-checkpoint/e400180488611f5c67a726993045d5193858e21783710fcfe8f406cf14123e04367e114ac838f68df9f7b54183d73b390b483b84db3bc9ad4e95f6d33b2f255a/latest
[2026-09-03 10:58:44][info][Blockchain] [e4001804] Blockchain instance created with authorized full node: 8a33bdf1
[2026-09-03 10:58:44][info][ValidatorRegistry] InitializeCache: cache initialized with CID QmZjzX6Psz3wuBPFCaB2K5AKx3WvmcBgMb5wSzo6UPiWrM
[2026-09-03 10:58:44][info][CRDTCallbackManager] Successfully registered new data callback for pattern: '/?gnus-validator-registry'
[2026-09-03 10:58:44][info][ValidatorRegistry] RegisterFilter: result=true
[2026-09-03 10:58:44][info][ValidatorRegistry] New: instance ready
[2026-09-03 10:58:44.882178000][th:643300][info] GossipPubSub /ip4/0.0.0.0/tcp/54623/p2p/12D3KooWQz22u2jLYULaKNcxfAWqaTRvjM4zojvWyxyh8ww7x6iP: PubSub subscribed to topic 'gnus-validator-registry.3.7.144'
[2026-09-03 10:58:44][info][CRDTCallbackManager] Successfully registered new data callback for pattern: '^/?cert/[^/]+'
[2026-09-03 10:58:44.882197000][th:643300][info] GossipPubSub /ip4/0.0.0.0/tcp/54623/p2p/12D3KooWQz22u2jLYULaKNcxfAWqaTRvjM4zojvWyxyh8ww7x6iP: PubSub subscribed to topic 'consensus-channel-.3.7.144'
[2026-09-03 10:58:44.882214000][th:643300][info] GossipPubSub /ip4/0.0.0.0/tcp/54623/p2p/12D3KooWQz22u2jLYULaKNcxfAWqaTRvjM4zojvWyxyh8ww7x6iP: PubSub subscribed to topic 'consensus-channel-.3.7.144#datastore.3.7.144'
[2026-09-03 10:58:44][info][CRDTCallbackManager] Successfully registered new data callback for pattern: '/?gnus-genesis-block'
[2026-09-03 10:58:44][info][CRDTCallbackManager] Successfully registered new data callback for pattern: '/?gnus-account-creation-.*'
[2026-09-03 10:58:44][info][CRDTCallbackManager] Successfully registered new data callback for pattern: '^/?/bc-144/tx/[^/]+'
[2026-09-03 10:58:44][info][CRDTCallbackManager] Successfully registered deleted data callback for pattern: '^/?/bc-144/tx/[^/]+'
[2026-09-03 10:58:44][info][CRDTCallbackManager] Successfully registered new data callback for pattern: '^/?/bc-963/tx/[^/]+'
[2026-09-03 10:58:44][info][CRDTCallbackManager] Successfully registered deleted data callback for pattern: '^/?/bc-963/tx/[^/]+'
[2026-09-03 10:58:44][info][CRDTCallbackManager] Successfully registered new data callback for pattern: '^/?/bc-369/tx/[^/]+'
[2026-09-03 10:58:44][info][CRDTCallbackManager] Successfully registered deleted data callback for pattern: '^/?/bc-369/tx/[^/]+'
[2026-09-03 10:58:44][info][CRDTCallbackManager] Successfully unregistered new data callback for pattern: '^/?/bc-144/tx/[^/]+'
[2026-09-03 10:58:44][info][CRDTCallbackManager] Successfully unregistered deleted data callback for pattern: '^/?/bc-144/tx/[^/]+'
[2026-09-03 10:58:44][info][CRDTCallbackManager] Successfully unregistered new data callback for pattern: '^/?/bc-963/tx/[^/]+'
[2026-09-03 10:58:44][info][CRDTCallbackManager] Successfully unregistered deleted data callback for pattern: '^/?/bc-963/tx/[^/]+'
[2026-09-03 10:58:44][info][CRDTCallbackManager] Successfully unregistered new data callback for pattern: '^/?/bc-369/tx/[^/]+'
[2026-09-03 10:58:44][info][CRDTCallbackManager] Successfully unregistered deleted data callback for pattern: '^/?/bc-369/tx/[^/]+'
[2026-09-03 10:58:44][info][TransactionManager] [8479aa9e - full: false] ~TransactionManager: Metrics — cert_fallback(success=0 failure=0) validation(approve=1 reject=0) tracking(insert=1 confirm=1 fail=0)
[2026-09-03 10:58:44][info][Blockchain] [8479aa9e] Stopping blockchain
[2026-09-03 10:58:44][info][CRDTCallbackManager] Successfully unregistered new data callback for pattern: '/?gnus-genesis-block'
[2026-09-03 10:58:44][info][CRDTCallbackManager] Successfully unregistered new data callback for pattern: '/?gnus-account-creation-.*'
[2026-09-03 10:58:44][info][CRDTCallbackManager] Successfully unregistered new data callback for pattern: '/?gnus-validator-registry'
[2026-09-03 10:58:44][debug][GlobalDB] ~GlobalDB CALLED with count 6 on multi_node_finality_fault/restart-mint-passive/rocksdb 
[2026-09-03 10:58:44][info][GlobalDB] GlobalDB shutdown start
[2026-09-03 10:58:44][info][CrdtDatastore] CancelAndCloseNow: begin (pending_jobs=2, self_queue=0, root_queue=0, pending_roots=0, active_root=false)
[2026-09-03 10:58:44][debug][GraphsyncDAGSyncer] Stopping Dagsyncer
[2026-09-03 10:58:44][debug][GraphsyncDAGSyncer] Dagsyncer Stopped
[2026-09-03 10:58:44][info][CrdtDatastore] CancelAndCloseNow: CRDT workers stopped
[2026-09-03 10:58:44][warning][CrdtDatastore] CancelAndCloseNow called but shutdown has already started
[2026-09-03 10:58:44][debug][GraphsyncDAGSyncer] ~GraphsyncDAGSyncer CALLED
[2026-09-03 10:58:44][info][GlobalDB] GlobalDB shutdown finished
[2026-09-03 10:58:44.909508000][th:641886][error] GossipPubSub Address monitoring timer error: Operation canceled
[2026-09-03 10:58:45][info][KeyPairFileStorage] Path to keypairs multi_node_finality_fault/restart-mint-passive/keypair
[2026-09-03 10:58:45][info][KeyPairFileStorage] Peer ID from public key: 12D3KooWA45nCa9TAnUHxGKxCYE2aMxE5dvoB6cq3d7vjNqvfyYM
Current limits: 16384 (soft), 9223372036854775807 (hard)
New limits set successfully: 16384 (soft), 9223372036854775807 (hard)
Initialized relay addresses
[2026-09-03 10:58:45.921307000][th:637526][info] GossipPubSub /ip4/0.0.0.0/tcp/54624/p2p/12D3KooWA45nCa9TAnUHxGKxCYE2aMxE5dvoB6cq3d7vjNqvfyYM: Starting PubSub service
[2026-09-03 10:58:45.921375000][th:643439][info] GossipPubSub Starting address monitoring system for mobile network changes
[2026-09-03 10:58:45.921377000][th:643439][info] GossipPubSub === CURRENT NETWORK STATE ===
[2026-09-03 10:58:45.921384000][th:643439][info] GossipPubSub Primary listening address: /ip4/0.0.0.0/tcp/54624/p2p/12D3KooWA45nCa9TAnUHxGKxCYE2aMxE5dvoB6cq3d7vjNqvfyYM
[2026-09-03 10:58:45.921385000][th:643439][info] GossipPubSub Host peer info addresses (0):
[2026-09-03 10:58:45.921385000][th:643439][info] GossipPubSub Additional addresses we track (0):
[2026-09-03 10:58:45.921386000][th:643439][info] GossipPubSub Listening addresses (1):
[2026-09-03 10:58:45.921387000][th:643439][info] GossipPubSub   -> /ip4/0.0.0.0/tcp/54624/p2p/12D3KooWA45nCa9TAnUHxGKxCYE2aMxE5dvoB6cq3d7vjNqvfyYM
[2026-09-03 10:58:45.921387000][th:643439][info] GossipPubSub Interface addresses (0):
[2026-09-03 10:58:45.921388000][th:643439][info] GossipPubSub === RAW OBSERVED ADDRESS DEBUG ===
[2026-09-03 10:58:45.921390000][th:643439][info] GossipPubSub Local address: /ip4/0.0.0.0/tcp/54624/p2p/12D3KooWA45nCa9TAnUHxGKxCYE2aMxE5dvoB6cq3d7vjNqvfyYM -> 0 raw observed, 0 activated+confirmed
[2026-09-03 10:58:45.921391000][th:643439][info] GossipPubSub TOTAL: 0 raw observed addresses, 0 activated+confirmed addresses
[2026-09-03 10:58:45.921391000][th:643439][info] GossipPubSub === END RAW OBSERVED ADDRESS DEBUG ===
[2026-09-03 10:58:45.921392000][th:643439][info] GossipPubSub Observed addresses - all (0):
[2026-09-03 10:58:45.921392000][th:643439][info] GossipPubSub Observed addresses - confirmed only (0):
[2026-09-03 10:58:45.921393000][th:643439][info] GossipPubSub Relay addresses (0):
[2026-09-03 10:58:45.921395000][th:643439][warning] GossipPubSub Failed to get addresses from peer repository: not found
[2026-09-03 10:58:45.921429000][th:643439][info] GossipPubSub Found 1 valid network interfaces
[2026-09-03 10:58:45.921430000][th:643439][info] GossipPubSub Current network interfaces (1):
[2026-09-03 10:58:45.921431000][th:643439][info] GossipPubSub   -> 192.168.1.6
[2026-09-03 10:58:45.921431000][th:643439][info] GossipPubSub Active connections: 0
[2026-09-03 10:58:45.921432000][th:643439][info] GossipPubSub === PEER CONNECTION DETAILS ===
[2026-09-03 10:58:45.921432000][th:643439][info] GossipPubSub NOTE: Observed addresses need to be seen by 4+ different peer groups to become 'activated'
[2026-09-03 10:58:45.921433000][th:643439][info] GossipPubSub NOTE: Current connections: 0, so max possible observers: 0
[2026-09-03 10:58:45.921433000][th:643439][info] GossipPubSub === END PEER CONNECTION DETAILS ===
[2026-09-03 10:58:45.921434000][th:643439][info] GossipPubSub Connection manager stats:
[2026-09-03 10:58:45.921434000][th:643439][info] GossipPubSub   -> Max connections: 1000
[2026-09-03 10:58:45.921435000][th:643439][info] GossipPubSub   -> Current connections: 0
[2026-09-03 10:58:45.921435000][th:643439][info] GossipPubSub === END NETWORK STATE ===
[2026-09-03 10:58:45.921568000][th:643439][info] GossipPubSub /ip4/0.0.0.0/tcp/54624/p2p/12D3KooWA45nCa9TAnUHxGKxCYE2aMxE5dvoB6cq3d7vjNqvfyYM : PubSub service started
[2026-09-03 10:58:45][info][GlobalDB] Opening database /Users/henriqueklein/gnus/SuperGenius/multi_node_finality_fault/restart-mint-passive/rocksdb
[2026-09-03 10:58:45][debug][GraphsyncDAGSyncer] GraphSyncer created 5518260328 
[2026-09-03 10:58:45][info][CrdtDatastore] crdt Datastore created. Number of heads: 2 Current max-height: 18446744073709551615
[2026-09-03 10:58:45][info][GeniusAccount] Secure storage ID path: /Users/henriqueklein/gnus/SuperGenius/multi_node_finality_fault/restart-mint-passive/account/secure_storage_id
[2026-09-03 10:58:45][info][GeniusAccount] Loaded public key from file: 8479aa9efc306953... (length: 128)
[2026-09-03 10:58:45][info][GeniusAccount] Successfully loaded key_seed from storage
[2026-09-03 10:58:45][info][GeniusAccount] Validation successful: key_seed matches stored public key
[2026-09-03 10:58:45][warning][UTXOManager] Skipping malformed UTXO key /utxo-checkpoint/8479aa9efc306953316f9be00f4ad476ed1e2e0fb41c69f9cb8b736d884576780eff7dece9abe0f0a3ca95be4f84df01972ac6aa05b13ba400bcad04811413ee/1
[2026-09-03 10:58:45][warning][UTXOManager] Skipping malformed UTXO key /utxo-checkpoint/8479aa9efc306953316f9be00f4ad476ed1e2e0fb41c69f9cb8b736d884576780eff7dece9abe0f0a3ca95be4f84df01972ac6aa05b13ba400bcad04811413ee/latest
[2026-09-03 10:58:45][info][Blockchain] [8479aa9e] Blockchain instance created with authorized full node: 8a33bdf1
[2026-09-03 10:58:45][info][ValidatorRegistry] InitializeCache: cache initialized with CID QmZjzX6Psz3wuBPFCaB2K5AKx3WvmcBgMb5wSzo6UPiWrM
[2026-09-03 10:58:45][info][CRDTCallbackManager] Successfully registered new data callback for pattern: '/?gnus-validator-registry'
[2026-09-03 10:58:45][info][ValidatorRegistry] RegisterFilter: result=true
[2026-09-03 10:58:45][info][ValidatorRegistry] New: instance ready
[2026-09-03 10:58:45.944347000][th:643439][info] GossipPubSub /ip4/0.0.0.0/tcp/54624/p2p/12D3KooWA45nCa9TAnUHxGKxCYE2aMxE5dvoB6cq3d7vjNqvfyYM: PubSub subscribed to topic 'gnus-validator-registry.3.7.144'
[2026-09-03 10:58:45][info][CRDTCallbackManager] Successfully registered new data callback for pattern: '^/?cert/[^/]+'
[2026-09-03 10:58:45.944368000][th:643439][info] GossipPubSub /ip4/0.0.0.0/tcp/54624/p2p/12D3KooWA45nCa9TAnUHxGKxCYE2aMxE5dvoB6cq3d7vjNqvfyYM: PubSub subscribed to topic 'consensus-channel-.3.7.144'
[2026-09-03 10:58:45.944389000][th:643439][info] GossipPubSub /ip4/0.0.0.0/tcp/54624/p2p/12D3KooWA45nCa9TAnUHxGKxCYE2aMxE5dvoB6cq3d7vjNqvfyYM: PubSub subscribed to topic 'consensus-channel-.3.7.144#datastore.3.7.144'
[2026-09-03 10:58:45][info][CRDTCallbackManager] Successfully registered new data callback for pattern: '/?gnus-genesis-block'
[2026-09-03 10:58:45][info][CRDTCallbackManager] Successfully registered new data callback for pattern: '/?gnus-account-creation-.*'
[2026-09-03 10:58:45][info][CRDTCallbackManager] Successfully registered new data callback for pattern: '^/?/bc-144/tx/[^/]+'
[2026-09-03 10:58:45][info][CRDTCallbackManager] Successfully registered deleted data callback for pattern: '^/?/bc-144/tx/[^/]+'
[2026-09-03 10:58:45][info][CRDTCallbackManager] Successfully registered new data callback for pattern: '^/?/bc-963/tx/[^/]+'
[2026-09-03 10:58:45][info][CRDTCallbackManager] Successfully registered deleted data callback for pattern: '^/?/bc-963/tx/[^/]+'
[2026-09-03 10:58:45][info][CRDTCallbackManager] Successfully registered new data callback for pattern: '^/?/bc-369/tx/[^/]+'
[2026-09-03 10:58:45][info][CRDTCallbackManager] Successfully registered deleted data callback for pattern: '^/?/bc-369/tx/[^/]+'
[2026-09-03 10:58:45.944621000][th:642948][info] GossipPubSub Adding new peer: 12D3KooWJUR5KrP9pJD5LiZevma4Cdm1HBNwR6fcy6XawAj6GwbP
[2026-09-03 10:58:45.944676000][th:642948][info] GossipPubSub Adding new peer: 12D3KooWQz22u2jLYULaKNcxfAWqaTRvjM4zojvWyxyh8ww7x6iP
[2026-09-03 10:58:45.944728000][th:643124][info] GossipPubSub Adding new peer: 12D3KooWGUPLtqtYtT9DQ8sVAEr5KBe4WH5hL95mC1uKVYuGcr64
[2026-09-03 10:58:45.944740000][th:642948][info] GossipPubSub Adding new peer: 12D3KooWA45nCa9TAnUHxGKxCYE2aMxE5dvoB6cq3d7vjNqvfyYM
[2026-09-03 10:58:45.944764000][th:643124][info] GossipPubSub Adding new peer: 12D3KooWQz22u2jLYULaKNcxfAWqaTRvjM4zojvWyxyh8ww7x6iP
[2026-09-03 10:58:45.944831000][th:643124][info] GossipPubSub Adding new peer: 12D3KooWA45nCa9TAnUHxGKxCYE2aMxE5dvoB6cq3d7vjNqvfyYM
[2026-09-03 10:58:45.944835000][th:643300][info] GossipPubSub Adding new peer: 12D3KooWGUPLtqtYtT9DQ8sVAEr5KBe4WH5hL95mC1uKVYuGcr64
[2026-09-03 10:58:45.944874000][th:643300][info] GossipPubSub Adding new peer: 12D3KooWJUR5KrP9pJD5LiZevma4Cdm1HBNwR6fcy6XawAj6GwbP
[2026-09-03 10:58:45.944923000][th:643300][info] GossipPubSub Adding new peer: 12D3KooWA45nCa9TAnUHxGKxCYE2aMxE5dvoB6cq3d7vjNqvfyYM
[2026-09-03 10:58:45.944941000][th:643439][info] GossipPubSub Adding new peer: 12D3KooWGUPLtqtYtT9DQ8sVAEr5KBe4WH5hL95mC1uKVYuGcr64
[2026-09-03 10:58:45.944979000][th:643439][info] GossipPubSub Adding new peer: 12D3KooWJUR5KrP9pJD5LiZevma4Cdm1HBNwR6fcy6XawAj6GwbP
[2026-09-03 10:58:45.945015000][th:643439][info] GossipPubSub Adding new peer: 12D3KooWQz22u2jLYULaKNcxfAWqaTRvjM4zojvWyxyh8ww7x6iP
[2026-09-03 10:58:46][info][CRDTCallbackManager] Successfully unregistered new data callback for pattern: '^/?/bc-144/tx/[^/]+'
[2026-09-03 10:58:46][info][CRDTCallbackManager] Successfully unregistered deleted data callback for pattern: '^/?/bc-144/tx/[^/]+'
[2026-09-03 10:58:46][info][CRDTCallbackManager] Successfully unregistered new data callback for pattern: '^/?/bc-963/tx/[^/]+'
[2026-09-03 10:58:46][info][CRDTCallbackManager] Successfully unregistered deleted data callback for pattern: '^/?/bc-963/tx/[^/]+'
[2026-09-03 10:58:46][info][CRDTCallbackManager] Successfully unregistered new data callback for pattern: '^/?/bc-369/tx/[^/]+'
[2026-09-03 10:58:46][info][CRDTCallbackManager] Successfully unregistered deleted data callback for pattern: '^/?/bc-369/tx/[^/]+'
[2026-09-03 10:58:46][info][TransactionManager] [0792b0b3 - full: false] ~TransactionManager: Metrics — cert_fallback(success=0 failure=0) validation(approve=0 reject=0) tracking(insert=0 confirm=0 fail=0)
[2026-09-03 10:58:46][info][Blockchain] [0792b0b3] Stopping blockchain
[2026-09-03 10:58:46][info][CRDTCallbackManager] Successfully unregistered new data callback for pattern: '/?gnus-genesis-block'
[2026-09-03 10:58:46][info][CRDTCallbackManager] Successfully unregistered new data callback for pattern: '/?gnus-account-creation-.*'
[2026-09-03 10:58:46][info][CRDTCallbackManager] Successfully unregistered new data callback for pattern: '/?gnus-validator-registry'
[2026-09-03 10:58:46][debug][GlobalDB] ~GlobalDB CALLED with count 6 on multi_node_finality_fault/restart-mint-validator-one/rocksdb 
[2026-09-03 10:58:46][info][GlobalDB] GlobalDB shutdown start
[2026-09-03 10:58:46][info][CrdtDatastore] CancelAndCloseNow: begin (pending_jobs=0, self_queue=0, root_queue=0, pending_roots=0, active_root=false)
[2026-09-03 10:58:46][debug][GraphsyncDAGSyncer] Stopping Dagsyncer
[2026-09-03 10:58:46][debug][GraphsyncDAGSyncer] Dagsyncer Stopped
[2026-09-03 10:58:46][info][CrdtDatastore] CancelAndCloseNow: CRDT workers stopped
[2026-09-03 10:58:46][warning][CrdtDatastore] CancelAndCloseNow called but shutdown has already started
[2026-09-03 10:58:46][debug][GraphsyncDAGSyncer] ~GraphsyncDAGSyncer CALLED
[2026-09-03 10:58:46][info][GlobalDB] GlobalDB shutdown finished
[2026-09-03 10:58:46.342300000][th:642948][error] GossipPubSub Address monitoring timer error: Operation canceled
[2026-09-03 10:58:47][info][CRDTCallbackManager] Successfully unregistered new data callback for pattern: '^/?/bc-144/tx/[^/]+'
[2026-09-03 10:58:47][info][CRDTCallbackManager] Successfully unregistered deleted data callback for pattern: '^/?/bc-144/tx/[^/]+'
[2026-09-03 10:58:47][info][CRDTCallbackManager] Successfully unregistered new data callback for pattern: '^/?/bc-963/tx/[^/]+'
[2026-09-03 10:58:47][info][CRDTCallbackManager] Successfully unregistered deleted data callback for pattern: '^/?/bc-963/tx/[^/]+'
[2026-09-03 10:58:47][info][CRDTCallbackManager] Successfully unregistered new data callback for pattern: '^/?/bc-369/tx/[^/]+'
[2026-09-03 10:58:47][info][CRDTCallbackManager] Successfully unregistered deleted data callback for pattern: '^/?/bc-369/tx/[^/]+'
[2026-09-03 10:58:47][info][TransactionManager] [074c8c1d - full: false] ~TransactionManager: Metrics — cert_fallback(success=0 failure=0) validation(approve=0 reject=0) tracking(insert=0 confirm=0 fail=0)
[2026-09-03 10:58:47][info][Blockchain] [074c8c1d] Stopping blockchain
[2026-09-03 10:58:47][info][CRDTCallbackManager] Successfully unregistered new data callback for pattern: '/?gnus-genesis-block'
[2026-09-03 10:58:47][info][CRDTCallbackManager] Successfully unregistered new data callback for pattern: '/?gnus-account-creation-.*'
[2026-09-03 10:58:47][info][CRDTCallbackManager] Successfully unregistered new data callback for pattern: '/?gnus-validator-registry'
[2026-09-03 10:58:47][debug][GlobalDB] ~GlobalDB CALLED with count 6 on multi_node_finality_fault/restart-mint-validator-two/rocksdb 
[2026-09-03 10:58:47][info][GlobalDB] GlobalDB shutdown start
[2026-09-03 10:58:47][info][CrdtDatastore] CancelAndCloseNow: begin (pending_jobs=0, self_queue=0, root_queue=0, pending_roots=0, active_root=false)
[2026-09-03 10:58:47][debug][GraphsyncDAGSyncer] Stopping Dagsyncer
[2026-09-03 10:58:47][debug][GraphsyncDAGSyncer] Dagsyncer Stopped
[2026-09-03 10:58:47][info][CrdtDatastore] CancelAndCloseNow: CRDT workers stopped
[2026-09-03 10:58:47][warning][CrdtDatastore] CancelAndCloseNow called but shutdown has already started
[2026-09-03 10:58:47][debug][GraphsyncDAGSyncer] ~GraphsyncDAGSyncer CALLED
[2026-09-03 10:58:47][info][GlobalDB] GlobalDB shutdown finished
[2026-09-03 10:58:47.369093000][th:643124][error] GossipPubSub Address monitoring timer error: Operation canceled
[2026-09-03 10:58:48][info][CRDTCallbackManager] Successfully unregistered new data callback for pattern: '^/?/bc-144/tx/[^/]+'
[2026-09-03 10:58:48][info][CRDTCallbackManager] Successfully unregistered deleted data callback for pattern: '^/?/bc-144/tx/[^/]+'
[2026-09-03 10:58:48][info][CRDTCallbackManager] Successfully unregistered new data callback for pattern: '^/?/bc-963/tx/[^/]+'
[2026-09-03 10:58:48][info][CRDTCallbackManager] Successfully unregistered deleted data callback for pattern: '^/?/bc-963/tx/[^/]+'
[2026-09-03 10:58:48][info][CRDTCallbackManager] Successfully unregistered new data callback for pattern: '^/?/bc-369/tx/[^/]+'
[2026-09-03 10:58:48][info][CRDTCallbackManager] Successfully unregistered deleted data callback for pattern: '^/?/bc-369/tx/[^/]+'
[2026-09-03 10:58:48][info][TransactionManager] [e4001804 - full: false] ~TransactionManager: Metrics — cert_fallback(success=0 failure=0) validation(approve=0 reject=0) tracking(insert=0 confirm=0 fail=0)
[2026-09-03 10:58:48][info][Blockchain] [e4001804] Stopping blockchain
[2026-09-03 10:58:48][info][CRDTCallbackManager] Successfully unregistered new data callback for pattern: '/?gnus-genesis-block'
[2026-09-03 10:58:48][info][CRDTCallbackManager] Successfully unregistered new data callback for pattern: '/?gnus-account-creation-.*'
[2026-09-03 10:58:48][info][CRDTCallbackManager] Successfully unregistered new data callback for pattern: '/?gnus-validator-registry'
[2026-09-03 10:58:48][debug][GlobalDB] ~GlobalDB CALLED with count 6 on multi_node_finality_fault/restart-mint-validator-three/rocksdb 
[2026-09-03 10:58:48][info][GlobalDB] GlobalDB shutdown start
[2026-09-03 10:58:48][info][CrdtDatastore] CancelAndCloseNow: begin (pending_jobs=0, self_queue=0, root_queue=0, pending_roots=0, active_root=false)
[2026-09-03 10:58:48][debug][GraphsyncDAGSyncer] Stopping Dagsyncer
[2026-09-03 10:58:48][debug][GraphsyncDAGSyncer] Dagsyncer Stopped
[2026-09-03 10:58:48][info][CrdtDatastore] CancelAndCloseNow: CRDT workers stopped
[2026-09-03 10:58:48][warning][CrdtDatastore] CancelAndCloseNow called but shutdown has already started
[2026-09-03 10:58:48][debug][GraphsyncDAGSyncer] ~GraphsyncDAGSyncer CALLED
[2026-09-03 10:58:48][info][GlobalDB] GlobalDB shutdown finished
[2026-09-03 10:58:48.415203000][th:643300][error] GossipPubSub Address monitoring timer error: Operation canceled
[2026-09-03 10:58:49][info][CRDTCallbackManager] Successfully unregistered new data callback for pattern: '^/?/bc-144/tx/[^/]+'
[2026-09-03 10:58:49][info][CRDTCallbackManager] Successfully unregistered deleted data callback for pattern: '^/?/bc-144/tx/[^/]+'
[2026-09-03 10:58:49][info][CRDTCallbackManager] Successfully unregistered new data callback for pattern: '^/?/bc-963/tx/[^/]+'
[2026-09-03 10:58:49][info][CRDTCallbackManager] Successfully unregistered deleted data callback for pattern: '^/?/bc-963/tx/[^/]+'
[2026-09-03 10:58:49][info][CRDTCallbackManager] Successfully unregistered new data callback for pattern: '^/?/bc-369/tx/[^/]+'
[2026-09-03 10:58:49][info][CRDTCallbackManager] Successfully unregistered deleted data callback for pattern: '^/?/bc-369/tx/[^/]+'
[2026-09-03 10:58:49][info][TransactionManager] [8479aa9e - full: false] ~TransactionManager: Metrics — cert_fallback(success=0 failure=0) validation(approve=0 reject=0) tracking(insert=0 confirm=0 fail=0)
[2026-09-03 10:58:49][info][Blockchain] [8479aa9e] Stopping blockchain
[2026-09-03 10:58:49][info][CRDTCallbackManager] Successfully unregistered new data callback for pattern: '/?gnus-genesis-block'
[2026-09-03 10:58:49][info][CRDTCallbackManager] Successfully unregistered new data callback for pattern: '/?gnus-account-creation-.*'
[2026-09-03 10:58:49][info][CRDTCallbackManager] Successfully unregistered new data callback for pattern: '/?gnus-validator-registry'
[2026-09-03 10:58:49][debug][GlobalDB] ~GlobalDB CALLED with count 6 on multi_node_finality_fault/restart-mint-passive/rocksdb 
[2026-09-03 10:58:49][info][GlobalDB] GlobalDB shutdown start
[2026-09-03 10:58:49][info][CrdtDatastore] CancelAndCloseNow: begin (pending_jobs=0, self_queue=0, root_queue=0, pending_roots=0, active_root=false)
[2026-09-03 10:58:49][debug][GraphsyncDAGSyncer] Stopping Dagsyncer
[2026-09-03 10:58:49][debug][GraphsyncDAGSyncer] Dagsyncer Stopped
[2026-09-03 10:58:49][info][CrdtDatastore] CancelAndCloseNow: CRDT workers stopped
[2026-09-03 10:58:49][warning][CrdtDatastore] CancelAndCloseNow called but shutdown has already started
[2026-09-03 10:58:49][debug][GraphsyncDAGSyncer] ~GraphsyncDAGSyncer CALLED
[2026-09-03 10:58:49][info][GlobalDB] GlobalDB shutdown finished
[2026-09-03 10:58:49.482773000][th:643439][error] GossipPubSub Address monitoring timer error: Operation canceled
[2026-09-03 10:58:50][debug][GlobalDB] ~GlobalDB CALLED with count 5 on CRDT.Datastore.TEST.unit_44568_1 
[2026-09-03 10:58:50][info][GlobalDB] GlobalDB shutdown start
[2026-09-03 10:58:50][info][CrdtDatastore] CancelAndCloseNow: begin (pending_jobs=0, self_queue=0, root_queue=0, pending_roots=0, active_root=false)
[2026-09-03 10:58:50][debug][GraphsyncDAGSyncer] Stopping Dagsyncer
[2026-09-03 10:58:50][debug][GraphsyncDAGSyncer] Dagsyncer Stopped
[2026-09-03 10:58:50][info][CrdtDatastore] CancelAndCloseNow: CRDT workers stopped
[2026-09-03 10:58:50][warning][CrdtDatastore] CancelAndCloseNow called but shutdown has already started
[2026-09-03 10:58:50][debug][GraphsyncDAGSyncer] ~GraphsyncDAGSyncer CALLED
[2026-09-03 10:58:50][info][GlobalDB] GlobalDB shutdown finished
[2026-09-03 10:58:50.963875000][th:637723][error] GossipPubSub Address monitoring timer error: Operation canceled
[       OK ] FinalityFaultNetwork.RestartAtVoteCertificateAndMintDurableBoundariesRecoversExactlyOnce (54748 ms)
[----------] 1 test from FinalityFaultNetwork (54749 ms total)

[----------] Global test environment tear-down
[==========] 1 test from 1 test suite ran. (54749 ms total)
[  PASSED  ] 1 test.
