# pre-run 1-min load: 10:41  up  2:49, 7 users, load averages: 3.90 3.64 3.33
Running main() from /Users/henriqueklein/gnus/thirdparty/GTest/googletest/src/gtest_main.cc
Note: Google Test filter = FinalityFaultNetwork.RestartAtVoteCertificateAndMintDurableBoundariesRecoversExactlyOnce
[==========] Running 1 test from 1 test suite.
[----------] Global test environment set-up.
[----------] 1 test from FinalityFaultNetwork
[ RUN      ] FinalityFaultNetwork.RestartAtVoteCertificateAndMintDurableBoundariesRecoversExactlyOnce
[2026-09-03 10:41:06][info][KeyPairFileStorage] Path to keypairs CRDT.Datastore.TEST/unit_test_40442_1
[2026-09-03 10:41:06][info][KeyPairFileStorage] Peer ID from public key: 12D3KooWHic7a241Z4tCVT8vcRgC1Ei5kTgfCtcAQLHdcgPBnkZr
Current limits: 1048576 (soft), 9223372036854775807 (hard)
New limits set successfully: 16384 (soft), 9223372036854775807 (hard)
Initialized relay addresses
[2026-09-03 10:41:06][info][GlobalDB] Opening database /Users/henriqueklein/gnus/SuperGenius/CRDT.Datastore.TEST.unit_40442_1
[2026-09-03 10:41:06][debug][GraphsyncDAGSyncer] GraphSyncer created 5267034376 
[2026-09-03 10:41:06][info][CrdtDatastore] crdt Datastore created. Number of heads: 0 Current max-height: 0
[2026-09-03 10:41:06.493237000][th:578917][info] GossipPubSub /ip4/0.0.0.0/tcp/40001/p2p/12D3KooWHic7a241Z4tCVT8vcRgC1Ei5kTgfCtcAQLHdcgPBnkZr: Starting PubSub service
[2026-09-03 10:41:06.493344000][th:579064][info] GossipPubSub /ip4/0.0.0.0/tcp/40001/p2p/12D3KooWHic7a241Z4tCVT8vcRgC1Ei5kTgfCtcAQLHdcgPBnkZr: PubSub subscribed to topic 'CRDT.Datastore.TEST.Channel.3.7.144'
[2026-09-03 10:41:06.493364000][th:579064][info] GossipPubSub Starting address monitoring system for mobile network changes
[2026-09-03 10:41:06.493365000][th:579064][info] GossipPubSub === CURRENT NETWORK STATE ===
[2026-09-03 10:41:06.493379000][th:579064][info] GossipPubSub Primary listening address: /ip4/0.0.0.0/tcp/40001/p2p/12D3KooWHic7a241Z4tCVT8vcRgC1Ei5kTgfCtcAQLHdcgPBnkZr
[2026-09-03 10:41:06.493380000][th:579064][info] GossipPubSub Host peer info addresses (0):
[2026-09-03 10:41:06.493381000][th:579064][info] GossipPubSub Additional addresses we track (0):
[2026-09-03 10:41:06.493382000][th:579064][info] GossipPubSub Listening addresses (1):
[2026-09-03 10:41:06.493382000][th:579064][info] GossipPubSub   -> /ip4/0.0.0.0/tcp/40001/p2p/12D3KooWHic7a241Z4tCVT8vcRgC1Ei5kTgfCtcAQLHdcgPBnkZr
[2026-09-03 10:41:06.493383000][th:579064][info] GossipPubSub Interface addresses (0):
[2026-09-03 10:41:06.493383000][th:579064][info] GossipPubSub === RAW OBSERVED ADDRESS DEBUG ===
[2026-09-03 10:41:06.493386000][th:579064][info] GossipPubSub Local address: /ip4/0.0.0.0/tcp/40001/p2p/12D3KooWHic7a241Z4tCVT8vcRgC1Ei5kTgfCtcAQLHdcgPBnkZr -> 0 raw observed, 0 activated+confirmed
[2026-09-03 10:41:06.493387000][th:579064][info] GossipPubSub TOTAL: 0 raw observed addresses, 0 activated+confirmed addresses
[2026-09-03 10:41:06.493387000][th:579064][info] GossipPubSub === END RAW OBSERVED ADDRESS DEBUG ===
[2026-09-03 10:41:06.493388000][th:579064][info] GossipPubSub Observed addresses - all (0):
[2026-09-03 10:41:06.493388000][th:579064][info] GossipPubSub Observed addresses - confirmed only (0):
[2026-09-03 10:41:06.493389000][th:579064][info] GossipPubSub Relay addresses (0):
[2026-09-03 10:41:06.493399000][th:579064][warning] GossipPubSub Failed to get addresses from peer repository: not found
[2026-09-03 10:41:06.493533000][th:579064][info] GossipPubSub Found 1 valid network interfaces
[2026-09-03 10:41:06.493536000][th:579064][info] GossipPubSub Current network interfaces (1):
[2026-09-03 10:41:06.493537000][th:579064][info] GossipPubSub   -> 192.168.1.6
[2026-09-03 10:41:06.493538000][th:579064][info] GossipPubSub Active connections: 0
[2026-09-03 10:41:06.493539000][th:579064][info] GossipPubSub === PEER CONNECTION DETAILS ===
[2026-09-03 10:41:06.493539000][th:579064][info] GossipPubSub NOTE: Observed addresses need to be seen by 4+ different peer groups to become 'activated'
[2026-09-03 10:41:06.493540000][th:579064][info] GossipPubSub NOTE: Current connections: 0, so max possible observers: 0
[2026-09-03 10:41:06.493540000][th:579064][info] GossipPubSub === END PEER CONNECTION DETAILS ===
[2026-09-03 10:41:06.493541000][th:579064][info] GossipPubSub Connection manager stats:
[2026-09-03 10:41:06.493542000][th:579064][info] GossipPubSub   -> Max connections: 1000
[2026-09-03 10:41:06.493542000][th:579064][info] GossipPubSub   -> Current connections: 0
[2026-09-03 10:41:06.493543000][th:579064][info] GossipPubSub === END NETWORK STATE ===
[2026-09-03 10:41:06.493561000][th:579064][info] GossipPubSub /ip4/0.0.0.0/tcp/40001/p2p/12D3KooWHic7a241Z4tCVT8vcRgC1Ei5kTgfCtcAQLHdcgPBnkZr : PubSub service started
[2026-09-03 10:41:06][info][KeyPairFileStorage] Path to keypairs multi_node_finality_fault/restart-vote-validator-one/keypair
[2026-09-03 10:41:06][info][KeyPairFileStorage] Peer ID from public key: 12D3KooWSdFDMWiPZWftYroEuqecstorbJuqQawePC8HoZh5YAm6
Current limits: 16384 (soft), 9223372036854775807 (hard)
New limits set successfully: 16384 (soft), 9223372036854775807 (hard)
Initialized relay addresses
[2026-09-03 10:41:06.495027000][th:578917][info] GossipPubSub /ip4/0.0.0.0/tcp/54601/p2p/12D3KooWSdFDMWiPZWftYroEuqecstorbJuqQawePC8HoZh5YAm6: Starting PubSub service
[2026-09-03 10:41:06.495062000][th:579065][info] GossipPubSub Starting address monitoring system for mobile network changes
[2026-09-03 10:41:06.495064000][th:579065][info] GossipPubSub === CURRENT NETWORK STATE ===
[2026-09-03 10:41:06.495068000][th:579065][info] GossipPubSub Primary listening address: /ip4/0.0.0.0/tcp/54601/p2p/12D3KooWSdFDMWiPZWftYroEuqecstorbJuqQawePC8HoZh5YAm6
[2026-09-03 10:41:06.495069000][th:579065][info] GossipPubSub Host peer info addresses (0):
[2026-09-03 10:41:06.495069000][th:579065][info] GossipPubSub Additional addresses we track (0):
[2026-09-03 10:41:06.495070000][th:579065][info] GossipPubSub Listening addresses (1):
[2026-09-03 10:41:06.495071000][th:579065][info] GossipPubSub   -> /ip4/0.0.0.0/tcp/54601/p2p/12D3KooWSdFDMWiPZWftYroEuqecstorbJuqQawePC8HoZh5YAm6
[2026-09-03 10:41:06.495072000][th:579065][info] GossipPubSub Interface addresses (0):
[2026-09-03 10:41:06.495072000][th:579065][info] GossipPubSub === RAW OBSERVED ADDRESS DEBUG ===
[2026-09-03 10:41:06.495073000][th:579065][info] GossipPubSub Local address: /ip4/0.0.0.0/tcp/54601/p2p/12D3KooWSdFDMWiPZWftYroEuqecstorbJuqQawePC8HoZh5YAm6 -> 0 raw observed, 0 activated+confirmed
[2026-09-03 10:41:06.495074000][th:579065][info] GossipPubSub TOTAL: 0 raw observed addresses, 0 activated+confirmed addresses
[2026-09-03 10:41:06.495075000][th:579065][info] GossipPubSub === END RAW OBSERVED ADDRESS DEBUG ===
[2026-09-03 10:41:06.495075000][th:579065][info] GossipPubSub Observed addresses - all (0):
[2026-09-03 10:41:06.495076000][th:579065][info] GossipPubSub Observed addresses - confirmed only (0):
[2026-09-03 10:41:06.495076000][th:579065][info] GossipPubSub Relay addresses (0):
[2026-09-03 10:41:06.495077000][th:579065][warning] GossipPubSub Failed to get addresses from peer repository: not found
[2026-09-03 10:41:06.495097000][th:579065][info] GossipPubSub Found 1 valid network interfaces
[2026-09-03 10:41:06.495098000][th:579065][info] GossipPubSub Current network interfaces (1):
[2026-09-03 10:41:06.495099000][th:579065][info] GossipPubSub   -> 192.168.1.6
[2026-09-03 10:41:06.495100000][th:579065][info] GossipPubSub Active connections: 0
[2026-09-03 10:41:06.495100000][th:579065][info] GossipPubSub === PEER CONNECTION DETAILS ===
[2026-09-03 10:41:06.495100000][th:579065][info] GossipPubSub NOTE: Observed addresses need to be seen by 4+ different peer groups to become 'activated'
[2026-09-03 10:41:06.495101000][th:579065][info] GossipPubSub NOTE: Current connections: 0, so max possible observers: 0
[2026-09-03 10:41:06.495102000][th:579065][info] GossipPubSub === END PEER CONNECTION DETAILS ===
[2026-09-03 10:41:06.495102000][th:579065][info] GossipPubSub Connection manager stats:
[2026-09-03 10:41:06.495103000][th:579065][info] GossipPubSub   -> Max connections: 1000
[2026-09-03 10:41:06.495103000][th:579065][info] GossipPubSub   -> Current connections: 0
[2026-09-03 10:41:06.495103000][th:579065][info] GossipPubSub === END NETWORK STATE ===
[2026-09-03 10:41:06.495220000][th:579065][info] GossipPubSub /ip4/0.0.0.0/tcp/54601/p2p/12D3KooWSdFDMWiPZWftYroEuqecstorbJuqQawePC8HoZh5YAm6 : PubSub service started
[2026-09-03 10:41:06][info][GlobalDB] Opening database /Users/henriqueklein/gnus/SuperGenius/multi_node_finality_fault/restart-vote-validator-one/rocksdb
[2026-09-03 10:41:06][debug][GraphsyncDAGSyncer] GraphSyncer created 5266623128 
[2026-09-03 10:41:06][info][CrdtDatastore] crdt Datastore created. Number of heads: 0 Current max-height: 0
[2026-09-03 10:41:06][info][GeniusAccount] Secure storage ID path: /Users/henriqueklein/gnus/SuperGenius/multi_node_finality_fault/restart-vote-validator-one/account/secure_storage_id
[2026-09-03 10:41:06][error][GeniusAccount] Could not find existing Genius address, generating one from a random mnemonic
[2026-09-03 10:41:06][warning][UTXOManager] Found UTXOs in storage, but there were none
[2026-09-03 10:41:06][info][Blockchain] [e21e55db] Blockchain instance created with authorized full node: 8a33bdf1
[2026-09-03 10:41:06][error][ValidatorRegistry] InitializeCache: registry content not found during cache init
[2026-09-03 10:41:06][info][CRDTCallbackManager] Successfully registered new data callback for pattern: '/?gnus-validator-registry'
[2026-09-03 10:41:06][info][ValidatorRegistry] RegisterFilter: result=true
[2026-09-03 10:41:06][info][ValidatorRegistry] New: instance ready
[2026-09-03 10:41:06.524005000][th:579065][info] GossipPubSub /ip4/0.0.0.0/tcp/54601/p2p/12D3KooWSdFDMWiPZWftYroEuqecstorbJuqQawePC8HoZh5YAm6: PubSub subscribed to topic 'gnus-validator-registry.3.7.144'
[2026-09-03 10:41:06.524019000][th:579065][info] GossipPubSub /ip4/0.0.0.0/tcp/54601/p2p/12D3KooWSdFDMWiPZWftYroEuqecstorbJuqQawePC8HoZh5YAm6: PubSub subscribed to topic 'consensus-channel-.3.7.144'
[2026-09-03 10:41:06][info][CRDTCallbackManager] Successfully registered new data callback for pattern: '^/?cert/[^/]+'
[2026-09-03 10:41:06.524036000][th:579065][info] GossipPubSub /ip4/0.0.0.0/tcp/54601/p2p/12D3KooWSdFDMWiPZWftYroEuqecstorbJuqQawePC8HoZh5YAm6: PubSub subscribed to topic 'consensus-channel-.3.7.144#datastore.3.7.144'
[2026-09-03 10:41:06][warning][Blockchain] [e21e55db] Failed to request validator registry during blockchain init
[2026-09-03 10:41:06][info][CRDTCallbackManager] Successfully registered new data callback for pattern: '/?gnus-genesis-block'
[2026-09-03 10:41:06][info][CRDTCallbackManager] Successfully registered new data callback for pattern: '/?gnus-account-creation-.*'
[2026-09-03 10:41:06][info][CRDTCallbackManager] Successfully registered new data callback for pattern: '^/?/bc-144/tx/[^/]+'
[2026-09-03 10:41:06][info][CRDTCallbackManager] Successfully registered deleted data callback for pattern: '^/?/bc-144/tx/[^/]+'
[2026-09-03 10:41:06][info][CRDTCallbackManager] Successfully registered new data callback for pattern: '^/?/bc-963/tx/[^/]+'
[2026-09-03 10:41:06][info][CRDTCallbackManager] Successfully registered deleted data callback for pattern: '^/?/bc-963/tx/[^/]+'
[2026-09-03 10:41:06][info][CRDTCallbackManager] Successfully registered new data callback for pattern: '^/?/bc-369/tx/[^/]+'
[2026-09-03 10:41:06][info][CRDTCallbackManager] Successfully registered deleted data callback for pattern: '^/?/bc-369/tx/[^/]+'
[2026-09-03 10:41:06][info][KeyPairFileStorage] Path to keypairs multi_node_finality_fault/restart-vote-validator-two/keypair
[2026-09-03 10:41:06][info][KeyPairFileStorage] Peer ID from public key: 12D3KooWNsLrm9h5ThkQSHeuRVWS7oaqiyqwD8NJydK2Rb2U1KnR
Current limits: 16384 (soft), 9223372036854775807 (hard)
New limits set successfully: 16384 (soft), 9223372036854775807 (hard)
Initialized relay addresses
[2026-09-03 10:41:06.525512000][th:578917][info] GossipPubSub /ip4/0.0.0.0/tcp/54602/p2p/12D3KooWNsLrm9h5ThkQSHeuRVWS7oaqiyqwD8NJydK2Rb2U1KnR: Starting PubSub service
[2026-09-03 10:41:06.525546000][th:579091][info] GossipPubSub Starting address monitoring system for mobile network changes
[2026-09-03 10:41:06.525548000][th:579091][info] GossipPubSub === CURRENT NETWORK STATE ===
[2026-09-03 10:41:06.525551000][th:579091][info] GossipPubSub Primary listening address: /ip4/0.0.0.0/tcp/54602/p2p/12D3KooWNsLrm9h5ThkQSHeuRVWS7oaqiyqwD8NJydK2Rb2U1KnR
[2026-09-03 10:41:06.525552000][th:579091][info] GossipPubSub Host peer info addresses (0):
[2026-09-03 10:41:06.525552000][th:579091][info] GossipPubSub Additional addresses we track (0):
[2026-09-03 10:41:06.525553000][th:579091][info] GossipPubSub Listening addresses (1):
[2026-09-03 10:41:06.525554000][th:579091][info] GossipPubSub   -> /ip4/0.0.0.0/tcp/54602/p2p/12D3KooWNsLrm9h5ThkQSHeuRVWS7oaqiyqwD8NJydK2Rb2U1KnR
[2026-09-03 10:41:06.525554000][th:579091][info] GossipPubSub Interface addresses (0):
[2026-09-03 10:41:06.525555000][th:579091][info] GossipPubSub === RAW OBSERVED ADDRESS DEBUG ===
[2026-09-03 10:41:06.525556000][th:579091][info] GossipPubSub Local address: /ip4/0.0.0.0/tcp/54602/p2p/12D3KooWNsLrm9h5ThkQSHeuRVWS7oaqiyqwD8NJydK2Rb2U1KnR -> 0 raw observed, 0 activated+confirmed
[2026-09-03 10:41:06.525557000][th:579091][info] GossipPubSub TOTAL: 0 raw observed addresses, 0 activated+confirmed addresses
[2026-09-03 10:41:06.525557000][th:579091][info] GossipPubSub === END RAW OBSERVED ADDRESS DEBUG ===
[2026-09-03 10:41:06.525558000][th:579091][info] GossipPubSub Observed addresses - all (0):
[2026-09-03 10:41:06.525558000][th:579091][info] GossipPubSub Observed addresses - confirmed only (0):
[2026-09-03 10:41:06.525559000][th:579091][info] GossipPubSub Relay addresses (0):
[2026-09-03 10:41:06.525560000][th:579091][warning] GossipPubSub Failed to get addresses from peer repository: not found
[2026-09-03 10:41:06.525579000][th:579091][info] GossipPubSub Found 1 valid network interfaces
[2026-09-03 10:41:06.525580000][th:579091][info] GossipPubSub Current network interfaces (1):
[2026-09-03 10:41:06.525581000][th:579091][info] GossipPubSub   -> 192.168.1.6
[2026-09-03 10:41:06.525581000][th:579091][info] GossipPubSub Active connections: 0
[2026-09-03 10:41:06.525582000][th:579091][info] GossipPubSub === PEER CONNECTION DETAILS ===
[2026-09-03 10:41:06.525582000][th:579091][info] GossipPubSub NOTE: Observed addresses need to be seen by 4+ different peer groups to become 'activated'
[2026-09-03 10:41:06.525583000][th:579091][info] GossipPubSub NOTE: Current connections: 0, so max possible observers: 0
[2026-09-03 10:41:06.525584000][th:579091][info] GossipPubSub === END PEER CONNECTION DETAILS ===
[2026-09-03 10:41:06.525584000][th:579091][info] GossipPubSub Connection manager stats:
[2026-09-03 10:41:06.525585000][th:579091][info] GossipPubSub   -> Max connections: 1000
[2026-09-03 10:41:06.525585000][th:579091][info] GossipPubSub   -> Current connections: 0
[2026-09-03 10:41:06.525586000][th:579091][info] GossipPubSub === END NETWORK STATE ===
[2026-09-03 10:41:06.525661000][th:579091][info] GossipPubSub /ip4/0.0.0.0/tcp/54602/p2p/12D3KooWNsLrm9h5ThkQSHeuRVWS7oaqiyqwD8NJydK2Rb2U1KnR : PubSub service started
[2026-09-03 10:41:06][info][GlobalDB] Opening database /Users/henriqueklein/gnus/SuperGenius/multi_node_finality_fault/restart-vote-validator-two/rocksdb
[2026-09-03 10:41:06][debug][GraphsyncDAGSyncer] GraphSyncer created 5267058328 
[2026-09-03 10:41:06][info][CrdtDatastore] crdt Datastore created. Number of heads: 0 Current max-height: 0
[2026-09-03 10:41:06][info][GeniusAccount] Secure storage ID path: /Users/henriqueklein/gnus/SuperGenius/multi_node_finality_fault/restart-vote-validator-two/account/secure_storage_id
[2026-09-03 10:41:06][error][GeniusAccount] Could not find existing Genius address, generating one from a random mnemonic
[2026-09-03 10:41:06][warning][UTXOManager] Found UTXOs in storage, but there were none
[2026-09-03 10:41:06][info][Blockchain] [d013fc03] Blockchain instance created with authorized full node: 8a33bdf1
[2026-09-03 10:41:06][error][ValidatorRegistry] InitializeCache: registry content not found during cache init
[2026-09-03 10:41:06][info][CRDTCallbackManager] Successfully registered new data callback for pattern: '/?gnus-validator-registry'
[2026-09-03 10:41:06][info][ValidatorRegistry] RegisterFilter: result=true
[2026-09-03 10:41:06][info][ValidatorRegistry] New: instance ready
[2026-09-03 10:41:06.559583000][th:579091][info] GossipPubSub /ip4/0.0.0.0/tcp/54602/p2p/12D3KooWNsLrm9h5ThkQSHeuRVWS7oaqiyqwD8NJydK2Rb2U1KnR: PubSub subscribed to topic 'gnus-validator-registry.3.7.144'
[2026-09-03 10:41:06][info][CRDTCallbackManager] Successfully registered new data callback for pattern: '^/?cert/[^/]+'
[2026-09-03 10:41:06.559601000][th:579091][info] GossipPubSub /ip4/0.0.0.0/tcp/54602/p2p/12D3KooWNsLrm9h5ThkQSHeuRVWS7oaqiyqwD8NJydK2Rb2U1KnR: PubSub subscribed to topic 'consensus-channel-.3.7.144'
[2026-09-03 10:41:06][warning][Blockchain] [d013fc03] Failed to request validator registry during blockchain init
[2026-09-03 10:41:06][info][CRDTCallbackManager] Successfully registered new data callback for pattern: '/?gnus-genesis-block'
[2026-09-03 10:41:06][info][CRDTCallbackManager] Successfully registered new data callback for pattern: '/?gnus-account-creation-.*'
[2026-09-03 10:41:06.559619000][th:579091][info] GossipPubSub /ip4/0.0.0.0/tcp/54602/p2p/12D3KooWNsLrm9h5ThkQSHeuRVWS7oaqiyqwD8NJydK2Rb2U1KnR: PubSub subscribed to topic 'consensus-channel-.3.7.144#datastore.3.7.144'
[2026-09-03 10:41:06][info][CRDTCallbackManager] Successfully registered new data callback for pattern: '^/?/bc-144/tx/[^/]+'
[2026-09-03 10:41:06][info][CRDTCallbackManager] Successfully registered deleted data callback for pattern: '^/?/bc-144/tx/[^/]+'
[2026-09-03 10:41:06][info][CRDTCallbackManager] Successfully registered new data callback for pattern: '^/?/bc-963/tx/[^/]+'
[2026-09-03 10:41:06][info][CRDTCallbackManager] Successfully registered deleted data callback for pattern: '^/?/bc-963/tx/[^/]+'
[2026-09-03 10:41:06][info][CRDTCallbackManager] Successfully registered new data callback for pattern: '^/?/bc-369/tx/[^/]+'
[2026-09-03 10:41:06][info][CRDTCallbackManager] Successfully registered deleted data callback for pattern: '^/?/bc-369/tx/[^/]+'
[2026-09-03 10:41:06][info][KeyPairFileStorage] Path to keypairs multi_node_finality_fault/restart-vote-validator-three/keypair
[2026-09-03 10:41:06][info][KeyPairFileStorage] Peer ID from public key: 12D3KooWAwuviEer3fNH9zD4PL1f56fbfeAu48zDuRooSdvkMBLj
Current limits: 16384 (soft), 9223372036854775807 (hard)
New limits set successfully: 16384 (soft), 9223372036854775807 (hard)
Initialized relay addresses
[2026-09-03 10:41:06.561230000][th:578917][info] GossipPubSub /ip4/0.0.0.0/tcp/54603/p2p/12D3KooWAwuviEer3fNH9zD4PL1f56fbfeAu48zDuRooSdvkMBLj: Starting PubSub service
[2026-09-03 10:41:06.561269000][th:579122][info] GossipPubSub Starting address monitoring system for mobile network changes
[2026-09-03 10:41:06.561271000][th:579122][info] GossipPubSub === CURRENT NETWORK STATE ===
[2026-09-03 10:41:06.561276000][th:579122][info] GossipPubSub Primary listening address: /ip4/0.0.0.0/tcp/54603/p2p/12D3KooWAwuviEer3fNH9zD4PL1f56fbfeAu48zDuRooSdvkMBLj
[2026-09-03 10:41:06.561277000][th:579122][info] GossipPubSub Host peer info addresses (0):
[2026-09-03 10:41:06.561277000][th:579122][info] GossipPubSub Additional addresses we track (0):
[2026-09-03 10:41:06.561278000][th:579122][info] GossipPubSub Listening addresses (1):
[2026-09-03 10:41:06.561279000][th:579122][info] GossipPubSub   -> /ip4/0.0.0.0/tcp/54603/p2p/12D3KooWAwuviEer3fNH9zD4PL1f56fbfeAu48zDuRooSdvkMBLj
[2026-09-03 10:41:06.561280000][th:579122][info] GossipPubSub Interface addresses (0):
[2026-09-03 10:41:06.561280000][th:579122][info] GossipPubSub === RAW OBSERVED ADDRESS DEBUG ===
[2026-09-03 10:41:06.561282000][th:579122][info] GossipPubSub Local address: /ip4/0.0.0.0/tcp/54603/p2p/12D3KooWAwuviEer3fNH9zD4PL1f56fbfeAu48zDuRooSdvkMBLj -> 0 raw observed, 0 activated+confirmed
[2026-09-03 10:41:06.561283000][th:579122][info] GossipPubSub TOTAL: 0 raw observed addresses, 0 activated+confirmed addresses
[2026-09-03 10:41:06.561283000][th:579122][info] GossipPubSub === END RAW OBSERVED ADDRESS DEBUG ===
[2026-09-03 10:41:06.561284000][th:579122][info] GossipPubSub Observed addresses - all (0):
[2026-09-03 10:41:06.561285000][th:579122][info] GossipPubSub Observed addresses - confirmed only (0):
[2026-09-03 10:41:06.561285000][th:579122][info] GossipPubSub Relay addresses (0):
[2026-09-03 10:41:06.561286000][th:579122][warning] GossipPubSub Failed to get addresses from peer repository: not found
[2026-09-03 10:41:06.561307000][th:579122][info] GossipPubSub Found 1 valid network interfaces
[2026-09-03 10:41:06.561308000][th:579122][info] GossipPubSub Current network interfaces (1):
[2026-09-03 10:41:06.561309000][th:579122][info] GossipPubSub   -> 192.168.1.6
[2026-09-03 10:41:06.561310000][th:579122][info] GossipPubSub Active connections: 0
[2026-09-03 10:41:06.561310000][th:579122][info] GossipPubSub === PEER CONNECTION DETAILS ===
[2026-09-03 10:41:06.561311000][th:579122][info] GossipPubSub NOTE: Observed addresses need to be seen by 4+ different peer groups to become 'activated'
[2026-09-03 10:41:06.561312000][th:579122][info] GossipPubSub NOTE: Current connections: 0, so max possible observers: 0
[2026-09-03 10:41:06.561312000][th:579122][info] GossipPubSub === END PEER CONNECTION DETAILS ===
[2026-09-03 10:41:06.561313000][th:579122][info] GossipPubSub Connection manager stats:
[2026-09-03 10:41:06.561314000][th:579122][info] GossipPubSub   -> Max connections: 1000
[2026-09-03 10:41:06.561314000][th:579122][info] GossipPubSub   -> Current connections: 0
[2026-09-03 10:41:06.561315000][th:579122][info] GossipPubSub === END NETWORK STATE ===
[2026-09-03 10:41:06.561406000][th:579122][info] GossipPubSub /ip4/0.0.0.0/tcp/54603/p2p/12D3KooWAwuviEer3fNH9zD4PL1f56fbfeAu48zDuRooSdvkMBLj : PubSub service started
[2026-09-03 10:41:06][info][GlobalDB] Opening database /Users/henriqueklein/gnus/SuperGenius/multi_node_finality_fault/restart-vote-validator-three/rocksdb
[2026-09-03 10:41:06][debug][GraphsyncDAGSyncer] GraphSyncer created 5267095416 
[2026-09-03 10:41:06][info][CrdtDatastore] crdt Datastore created. Number of heads: 0 Current max-height: 0
[2026-09-03 10:41:06][info][GeniusAccount] Secure storage ID path: /Users/henriqueklein/gnus/SuperGenius/multi_node_finality_fault/restart-vote-validator-three/account/secure_storage_id
[2026-09-03 10:41:06][error][GeniusAccount] Could not find existing Genius address, generating one from a random mnemonic
[2026-09-03 10:41:06][warning][UTXOManager] Found UTXOs in storage, but there were none
[2026-09-03 10:41:06][info][Blockchain] [6007440d] Blockchain instance created with authorized full node: 8a33bdf1
[2026-09-03 10:41:06][error][ValidatorRegistry] InitializeCache: registry content not found during cache init
[2026-09-03 10:41:06][info][CRDTCallbackManager] Successfully registered new data callback for pattern: '/?gnus-validator-registry'
[2026-09-03 10:41:06][info][ValidatorRegistry] RegisterFilter: result=true
[2026-09-03 10:41:06][info][ValidatorRegistry] New: instance ready
[2026-09-03 10:41:06.592808000][th:579122][info] GossipPubSub /ip4/0.0.0.0/tcp/54603/p2p/12D3KooWAwuviEer3fNH9zD4PL1f56fbfeAu48zDuRooSdvkMBLj: PubSub subscribed to topic 'gnus-validator-registry.3.7.144'
[2026-09-03 10:41:06][info][CRDTCallbackManager] Successfully registered new data callback for pattern: '^/?cert/[^/]+'
[2026-09-03 10:41:06.592830000][th:579122][info] GossipPubSub /ip4/0.0.0.0/tcp/54603/p2p/12D3KooWAwuviEer3fNH9zD4PL1f56fbfeAu48zDuRooSdvkMBLj: PubSub subscribed to topic 'consensus-channel-.3.7.144'
[2026-09-03 10:41:06][warning][Blockchain] [6007440d] Failed to request validator registry during blockchain init
[2026-09-03 10:41:06][info][CRDTCallbackManager] Successfully registered new data callback for pattern: '/?gnus-genesis-block'
[2026-09-03 10:41:06][info][CRDTCallbackManager] Successfully registered new data callback for pattern: '/?gnus-account-creation-.*'
[2026-09-03 10:41:06.592852000][th:579122][info] GossipPubSub /ip4/0.0.0.0/tcp/54603/p2p/12D3KooWAwuviEer3fNH9zD4PL1f56fbfeAu48zDuRooSdvkMBLj: PubSub subscribed to topic 'consensus-channel-.3.7.144#datastore.3.7.144'
[2026-09-03 10:41:06][info][CRDTCallbackManager] Successfully registered new data callback for pattern: '^/?/bc-144/tx/[^/]+'
[2026-09-03 10:41:06][info][CRDTCallbackManager] Successfully registered deleted data callback for pattern: '^/?/bc-144/tx/[^/]+'
[2026-09-03 10:41:06][info][CRDTCallbackManager] Successfully registered new data callback for pattern: '^/?/bc-963/tx/[^/]+'
[2026-09-03 10:41:06][info][CRDTCallbackManager] Successfully registered deleted data callback for pattern: '^/?/bc-963/tx/[^/]+'
[2026-09-03 10:41:06][info][CRDTCallbackManager] Successfully registered new data callback for pattern: '^/?/bc-369/tx/[^/]+'
[2026-09-03 10:41:06][info][CRDTCallbackManager] Successfully registered deleted data callback for pattern: '^/?/bc-369/tx/[^/]+'
[2026-09-03 10:41:06][info][KeyPairFileStorage] Path to keypairs multi_node_finality_fault/restart-vote-passive/keypair
[2026-09-03 10:41:06][info][KeyPairFileStorage] Peer ID from public key: 12D3KooWL4RydDv3w8awPqc7kS1R1TS3MhF3UYu52vcQTFoEzpvb
Current limits: 16384 (soft), 9223372036854775807 (hard)
New limits set successfully: 16384 (soft), 9223372036854775807 (hard)
Initialized relay addresses
[2026-09-03 10:41:06.594608000][th:578917][info] GossipPubSub /ip4/0.0.0.0/tcp/54604/p2p/12D3KooWL4RydDv3w8awPqc7kS1R1TS3MhF3UYu52vcQTFoEzpvb: Starting PubSub service
[2026-09-03 10:41:06.594651000][th:579151][info] GossipPubSub Starting address monitoring system for mobile network changes
[2026-09-03 10:41:06.594653000][th:579151][info] GossipPubSub === CURRENT NETWORK STATE ===
[2026-09-03 10:41:06.594656000][th:579151][info] GossipPubSub Primary listening address: /ip4/0.0.0.0/tcp/54604/p2p/12D3KooWL4RydDv3w8awPqc7kS1R1TS3MhF3UYu52vcQTFoEzpvb
[2026-09-03 10:41:06.594657000][th:579151][info] GossipPubSub Host peer info addresses (0):
[2026-09-03 10:41:06.594657000][th:579151][info] GossipPubSub Additional addresses we track (0):
[2026-09-03 10:41:06.594658000][th:579151][info] GossipPubSub Listening addresses (1):
[2026-09-03 10:41:06.594659000][th:579151][info] GossipPubSub   -> /ip4/0.0.0.0/tcp/54604/p2p/12D3KooWL4RydDv3w8awPqc7kS1R1TS3MhF3UYu52vcQTFoEzpvb
[2026-09-03 10:41:06.594660000][th:579151][info] GossipPubSub Interface addresses (0):
[2026-09-03 10:41:06.594660000][th:579151][info] GossipPubSub === RAW OBSERVED ADDRESS DEBUG ===
[2026-09-03 10:41:06.594662000][th:579151][info] GossipPubSub Local address: /ip4/0.0.0.0/tcp/54604/p2p/12D3KooWL4RydDv3w8awPqc7kS1R1TS3MhF3UYu52vcQTFoEzpvb -> 0 raw observed, 0 activated+confirmed
[2026-09-03 10:41:06.594663000][th:579151][info] GossipPubSub TOTAL: 0 raw observed addresses, 0 activated+confirmed addresses
[2026-09-03 10:41:06.594663000][th:579151][info] GossipPubSub === END RAW OBSERVED ADDRESS DEBUG ===
[2026-09-03 10:41:06.594664000][th:579151][info] GossipPubSub Observed addresses - all (0):
[2026-09-03 10:41:06.594665000][th:579151][info] GossipPubSub Observed addresses - confirmed only (0):
[2026-09-03 10:41:06.594665000][th:579151][info] GossipPubSub Relay addresses (0):
[2026-09-03 10:41:06.594666000][th:579151][warning] GossipPubSub Failed to get addresses from peer repository: not found
[2026-09-03 10:41:06.594686000][th:579151][info] GossipPubSub Found 1 valid network interfaces
[2026-09-03 10:41:06.594687000][th:579151][info] GossipPubSub Current network interfaces (1):
[2026-09-03 10:41:06.594688000][th:579151][info] GossipPubSub   -> 192.168.1.6
[2026-09-03 10:41:06.594688000][th:579151][info] GossipPubSub Active connections: 0
[2026-09-03 10:41:06.594689000][th:579151][info] GossipPubSub === PEER CONNECTION DETAILS ===
[2026-09-03 10:41:06.594689000][th:579151][info] GossipPubSub NOTE: Observed addresses need to be seen by 4+ different peer groups to become 'activated'
[2026-09-03 10:41:06.594690000][th:579151][info] GossipPubSub NOTE: Current connections: 0, so max possible observers: 0
[2026-09-03 10:41:06.594691000][th:579151][info] GossipPubSub === END PEER CONNECTION DETAILS ===
[2026-09-03 10:41:06.594691000][th:579151][info] GossipPubSub Connection manager stats:
[2026-09-03 10:41:06.594692000][th:579151][info] GossipPubSub   -> Max connections: 1000
[2026-09-03 10:41:06.594693000][th:579151][info] GossipPubSub   -> Current connections: 0
[2026-09-03 10:41:06.594693000][th:579151][info] GossipPubSub === END NETWORK STATE ===
[2026-09-03 10:41:06.594767000][th:579151][info] GossipPubSub /ip4/0.0.0.0/tcp/54604/p2p/12D3KooWL4RydDv3w8awPqc7kS1R1TS3MhF3UYu52vcQTFoEzpvb : PubSub service started
[2026-09-03 10:41:06][info][GlobalDB] Opening database /Users/henriqueklein/gnus/SuperGenius/multi_node_finality_fault/restart-vote-passive/rocksdb
[2026-09-03 10:41:06][debug][GraphsyncDAGSyncer] GraphSyncer created 5284847864 
[2026-09-03 10:41:06][info][CrdtDatastore] crdt Datastore created. Number of heads: 0 Current max-height: 0
[2026-09-03 10:41:06][info][GeniusAccount] Secure storage ID path: /Users/henriqueklein/gnus/SuperGenius/multi_node_finality_fault/restart-vote-passive/account/secure_storage_id
[2026-09-03 10:41:06][error][GeniusAccount] Could not find existing Genius address, generating one from a random mnemonic
[2026-09-03 10:41:06][warning][UTXOManager] Found UTXOs in storage, but there were none
[2026-09-03 10:41:06][info][Blockchain] [c194ce44] Blockchain instance created with authorized full node: 8a33bdf1
[2026-09-03 10:41:06][error][ValidatorRegistry] InitializeCache: registry content not found during cache init
[2026-09-03 10:41:06][info][CRDTCallbackManager] Successfully registered new data callback for pattern: '/?gnus-validator-registry'
[2026-09-03 10:41:06][info][ValidatorRegistry] RegisterFilter: result=true
[2026-09-03 10:41:06][info][ValidatorRegistry] New: instance ready
[2026-09-03 10:41:06.628312000][th:579151][info] GossipPubSub /ip4/0.0.0.0/tcp/54604/p2p/12D3KooWL4RydDv3w8awPqc7kS1R1TS3MhF3UYu52vcQTFoEzpvb: PubSub subscribed to topic 'gnus-validator-registry.3.7.144'
[2026-09-03 10:41:06][info][CRDTCallbackManager] Successfully registered new data callback for pattern: '^/?cert/[^/]+'
[2026-09-03 10:41:06.628330000][th:579151][info] GossipPubSub /ip4/0.0.0.0/tcp/54604/p2p/12D3KooWL4RydDv3w8awPqc7kS1R1TS3MhF3UYu52vcQTFoEzpvb: PubSub subscribed to topic 'consensus-channel-.3.7.144'
[2026-09-03 10:41:06][warning][Blockchain] [c194ce44] Failed to request validator registry during blockchain init
[2026-09-03 10:41:06.628347000][th:579151][info] GossipPubSub /ip4/0.0.0.0/tcp/54604/p2p/12D3KooWL4RydDv3w8awPqc7kS1R1TS3MhF3UYu52vcQTFoEzpvb: PubSub subscribed to topic 'consensus-channel-.3.7.144#datastore.3.7.144'
[2026-09-03 10:41:06][info][CRDTCallbackManager] Successfully registered new data callback for pattern: '/?gnus-genesis-block'
[2026-09-03 10:41:06][info][CRDTCallbackManager] Successfully registered new data callback for pattern: '/?gnus-account-creation-.*'
[2026-09-03 10:41:06][info][CRDTCallbackManager] Successfully registered new data callback for pattern: '^/?/bc-144/tx/[^/]+'
[2026-09-03 10:41:06][info][CRDTCallbackManager] Successfully registered deleted data callback for pattern: '^/?/bc-144/tx/[^/]+'
[2026-09-03 10:41:06][info][CRDTCallbackManager] Successfully registered new data callback for pattern: '^/?/bc-963/tx/[^/]+'
[2026-09-03 10:41:06][info][CRDTCallbackManager] Successfully registered deleted data callback for pattern: '^/?/bc-963/tx/[^/]+'
[2026-09-03 10:41:06][info][CRDTCallbackManager] Successfully registered new data callback for pattern: '^/?/bc-369/tx/[^/]+'
[2026-09-03 10:41:06][info][CRDTCallbackManager] Successfully registered deleted data callback for pattern: '^/?/bc-369/tx/[^/]+'
[2026-09-03 10:41:06][info][CrdtDatastore] Topics { name="gnus-validator-registry" }
[2026-09-03 10:41:06][info][CRDTCallbackManager] Executing callback for key '/gnus-validator-registry' matching pattern '/?gnus-validator-registry'
[2026-09-03 10:41:06][info][ValidatorRegistry] RegistryUpdateReceived: cache updated and initialized
[2026-09-03 10:41:06][debug][GraphsyncDAGSyncer] addNode: Added node QmVXuWEBDmHkPVgxBamcCx896JseZuiDM4nqU5HKziYtMe on dagService 
[2026-09-03 10:41:06][info][ValidatorRegistry] StoreRegistryUpdate: stored registry update CID QmVXuWEBDmHkPVgxBamcCx896JseZuiDM4nqU5HKziYtMe
[2026-09-03 10:41:06][info][ValidatorRegistry] StoreRegistryUpdate: success
[2026-09-03 10:41:06][info][CrdtDatastore] Topics { name="gnus-validator-registry" }
[2026-09-03 10:41:06][info][CRDTCallbackManager] Executing callback for key '/gnus-validator-registry' matching pattern '/?gnus-validator-registry'
[2026-09-03 10:41:06][info][ValidatorRegistry] RegistryUpdateReceived: cache updated and initialized
[2026-09-03 10:41:06][debug][GraphsyncDAGSyncer] addNode: Added node QmVXuWEBDmHkPVgxBamcCx896JseZuiDM4nqU5HKziYtMe on dagService 
[2026-09-03 10:41:06][info][ValidatorRegistry] StoreRegistryUpdate: stored registry update CID QmVXuWEBDmHkPVgxBamcCx896JseZuiDM4nqU5HKziYtMe
[2026-09-03 10:41:06][info][ValidatorRegistry] StoreRegistryUpdate: success
[2026-09-03 10:41:06][info][CrdtDatastore] Topics { name="gnus-validator-registry" }
[2026-09-03 10:41:06][info][CRDTCallbackManager] Executing callback for key '/gnus-validator-registry' matching pattern '/?gnus-validator-registry'
[2026-09-03 10:41:06][info][ValidatorRegistry] RegistryUpdateReceived: cache updated and initialized
[2026-09-03 10:41:06][debug][GraphsyncDAGSyncer] addNode: Added node QmVXuWEBDmHkPVgxBamcCx896JseZuiDM4nqU5HKziYtMe on dagService 
[2026-09-03 10:41:06][info][ValidatorRegistry] StoreRegistryUpdate: stored registry update CID QmVXuWEBDmHkPVgxBamcCx896JseZuiDM4nqU5HKziYtMe
[2026-09-03 10:41:06][info][ValidatorRegistry] StoreRegistryUpdate: success
[2026-09-03 10:41:06][info][CrdtDatastore] Topics { name="gnus-validator-registry" }
[2026-09-03 10:41:06][info][CRDTCallbackManager] Executing callback for key '/gnus-validator-registry' matching pattern '/?gnus-validator-registry'
[2026-09-03 10:41:06][info][ValidatorRegistry] RegistryUpdateReceived: cache updated and initialized
[2026-09-03 10:41:06][debug][GraphsyncDAGSyncer] addNode: Added node QmVXuWEBDmHkPVgxBamcCx896JseZuiDM4nqU5HKziYtMe on dagService 
[2026-09-03 10:41:06][info][ValidatorRegistry] StoreRegistryUpdate: stored registry update CID QmVXuWEBDmHkPVgxBamcCx896JseZuiDM4nqU5HKziYtMe
[2026-09-03 10:41:06][info][ValidatorRegistry] StoreRegistryUpdate: success
[2026-09-03 10:41:06][info][TransactionManager] [e21e55db - full: false] ChangeTransactionState: Temp tracking entry created tx=e9b8cad7e5513c2e906a07231100e31105e25aba3aa0318dceb8c1f62806760b
[2026-09-03 10:41:09][info][CRDTCallbackManager] Successfully unregistered new data callback for pattern: '^/?/bc-144/tx/[^/]+'
[2026-09-03 10:41:09][info][CRDTCallbackManager] Successfully unregistered deleted data callback for pattern: '^/?/bc-144/tx/[^/]+'
[2026-09-03 10:41:09][info][CRDTCallbackManager] Successfully unregistered new data callback for pattern: '^/?/bc-963/tx/[^/]+'
[2026-09-03 10:41:09][info][CRDTCallbackManager] Successfully unregistered deleted data callback for pattern: '^/?/bc-963/tx/[^/]+'
[2026-09-03 10:41:09][info][CRDTCallbackManager] Successfully unregistered new data callback for pattern: '^/?/bc-369/tx/[^/]+'
[2026-09-03 10:41:09][info][CRDTCallbackManager] Successfully unregistered deleted data callback for pattern: '^/?/bc-369/tx/[^/]+'
[2026-09-03 10:41:09][info][TransactionManager] [e21e55db - full: false] ~TransactionManager: Metrics — cert_fallback(success=0 failure=0) validation(approve=1 reject=0) tracking(insert=1 confirm=0 fail=0)
[2026-09-03 10:41:09][info][Blockchain] [e21e55db] Stopping blockchain
[2026-09-03 10:41:09][info][CRDTCallbackManager] Successfully unregistered new data callback for pattern: '/?gnus-genesis-block'
[2026-09-03 10:41:09][info][CRDTCallbackManager] Successfully unregistered new data callback for pattern: '/?gnus-account-creation-.*'
[2026-09-03 10:41:09][info][CRDTCallbackManager] Successfully unregistered new data callback for pattern: '/?gnus-validator-registry'
[2026-09-03 10:41:09][debug][GlobalDB] ~GlobalDB CALLED with count 6 on multi_node_finality_fault/restart-vote-validator-one/rocksdb 
[2026-09-03 10:41:09][info][GlobalDB] GlobalDB shutdown start
[2026-09-03 10:41:09][info][CrdtDatastore] CancelAndCloseNow: begin (pending_jobs=0, self_queue=0, root_queue=0, pending_roots=0, active_root=false)
[2026-09-03 10:41:09][debug][GraphsyncDAGSyncer] Stopping Dagsyncer
[2026-09-03 10:41:09][debug][GraphsyncDAGSyncer] Dagsyncer Stopped
[2026-09-03 10:41:09][info][CrdtDatastore] CancelAndCloseNow: CRDT workers stopped
[2026-09-03 10:41:09][warning][CrdtDatastore] CancelAndCloseNow called but shutdown has already started
[2026-09-03 10:41:09][debug][GraphsyncDAGSyncer] ~GraphsyncDAGSyncer CALLED
[2026-09-03 10:41:09][info][GlobalDB] GlobalDB shutdown finished
[2026-09-03 10:41:09.566505000][th:579065][error] GossipPubSub Address monitoring timer error: Operation canceled
[2026-09-03 10:41:10][info][KeyPairFileStorage] Path to keypairs multi_node_finality_fault/restart-vote-validator-one/keypair
[2026-09-03 10:41:10][info][KeyPairFileStorage] Peer ID from public key: 12D3KooWSdFDMWiPZWftYroEuqecstorbJuqQawePC8HoZh5YAm6
Current limits: 16384 (soft), 9223372036854775807 (hard)
New limits set successfully: 16384 (soft), 9223372036854775807 (hard)
Initialized relay addresses
[2026-09-03 10:41:10.578072000][th:578917][info] GossipPubSub /ip4/0.0.0.0/tcp/54601/p2p/12D3KooWSdFDMWiPZWftYroEuqecstorbJuqQawePC8HoZh5YAm6: Starting PubSub service
[2026-09-03 10:41:10.578132000][th:579642][info] GossipPubSub Starting address monitoring system for mobile network changes
[2026-09-03 10:41:10.578133000][th:579642][info] GossipPubSub === CURRENT NETWORK STATE ===
[2026-09-03 10:41:10.578140000][th:579642][info] GossipPubSub Primary listening address: /ip4/0.0.0.0/tcp/54601/p2p/12D3KooWSdFDMWiPZWftYroEuqecstorbJuqQawePC8HoZh5YAm6
[2026-09-03 10:41:10.578141000][th:579642][info] GossipPubSub Host peer info addresses (0):
[2026-09-03 10:41:10.578142000][th:579642][info] GossipPubSub Additional addresses we track (0):
[2026-09-03 10:41:10.578142000][th:579642][info] GossipPubSub Listening addresses (1):
[2026-09-03 10:41:10.578143000][th:579642][info] GossipPubSub   -> /ip4/0.0.0.0/tcp/54601/p2p/12D3KooWSdFDMWiPZWftYroEuqecstorbJuqQawePC8HoZh5YAm6
[2026-09-03 10:41:10.578144000][th:579642][info] GossipPubSub Interface addresses (0):
[2026-09-03 10:41:10.578145000][th:579642][info] GossipPubSub === RAW OBSERVED ADDRESS DEBUG ===
[2026-09-03 10:41:10.578146000][th:579642][info] GossipPubSub Local address: /ip4/0.0.0.0/tcp/54601/p2p/12D3KooWSdFDMWiPZWftYroEuqecstorbJuqQawePC8HoZh5YAm6 -> 0 raw observed, 0 activated+confirmed
[2026-09-03 10:41:10.578147000][th:579642][info] GossipPubSub TOTAL: 0 raw observed addresses, 0 activated+confirmed addresses
[2026-09-03 10:41:10.578148000][th:579642][info] GossipPubSub === END RAW OBSERVED ADDRESS DEBUG ===
[2026-09-03 10:41:10.578149000][th:579642][info] GossipPubSub Observed addresses - all (0):
[2026-09-03 10:41:10.578149000][th:579642][info] GossipPubSub Observed addresses - confirmed only (0):
[2026-09-03 10:41:10.578150000][th:579642][info] GossipPubSub Relay addresses (0):
[2026-09-03 10:41:10.578154000][th:579642][warning] GossipPubSub Failed to get addresses from peer repository: not found
[2026-09-03 10:41:10.578186000][th:579642][info] GossipPubSub Found 1 valid network interfaces
[2026-09-03 10:41:10.578187000][th:579642][info] GossipPubSub Current network interfaces (1):
[2026-09-03 10:41:10.578188000][th:579642][info] GossipPubSub   -> 192.168.1.6
[2026-09-03 10:41:10.578188000][th:579642][info] GossipPubSub Active connections: 0
[2026-09-03 10:41:10.578189000][th:579642][info] GossipPubSub === PEER CONNECTION DETAILS ===
[2026-09-03 10:41:10.578189000][th:579642][info] GossipPubSub NOTE: Observed addresses need to be seen by 4+ different peer groups to become 'activated'
[2026-09-03 10:41:10.578190000][th:579642][info] GossipPubSub NOTE: Current connections: 0, so max possible observers: 0
[2026-09-03 10:41:10.578191000][th:579642][info] GossipPubSub === END PEER CONNECTION DETAILS ===
[2026-09-03 10:41:10.578191000][th:579642][info] GossipPubSub Connection manager stats:
[2026-09-03 10:41:10.578192000][th:579642][info] GossipPubSub   -> Max connections: 1000
[2026-09-03 10:41:10.578192000][th:579642][info] GossipPubSub   -> Current connections: 0
[2026-09-03 10:41:10.578193000][th:579642][info] GossipPubSub === END NETWORK STATE ===
[2026-09-03 10:41:10.578319000][th:579642][info] GossipPubSub /ip4/0.0.0.0/tcp/54601/p2p/12D3KooWSdFDMWiPZWftYroEuqecstorbJuqQawePC8HoZh5YAm6 : PubSub service started
[2026-09-03 10:41:10][info][GlobalDB] Opening database /Users/henriqueklein/gnus/SuperGenius/multi_node_finality_fault/restart-vote-validator-one/rocksdb
[2026-09-03 10:41:10][debug][GraphsyncDAGSyncer] GraphSyncer created 5266661512 
[2026-09-03 10:41:10][info][CrdtDatastore] crdt Datastore created. Number of heads: 1 Current max-height: 1
[2026-09-03 10:41:10][info][GeniusAccount] Secure storage ID path: /Users/henriqueklein/gnus/SuperGenius/multi_node_finality_fault/restart-vote-validator-one/account/secure_storage_id
[2026-09-03 10:41:10][info][GeniusAccount] Loaded public key from file: e21e55db97cb921d... (length: 128)
[2026-09-03 10:41:10][info][GeniusAccount] Successfully loaded key_seed from storage
[2026-09-03 10:41:10][info][GeniusAccount] Validation successful: key_seed matches stored public key
[2026-09-03 10:41:10][warning][UTXOManager] Found UTXOs in storage, but there were none
[2026-09-03 10:41:10][info][Blockchain] [e21e55db] Blockchain instance created with authorized full node: 8a33bdf1
[2026-09-03 10:41:10][info][ValidatorRegistry] InitializeCache: cache initialized with CID QmVXuWEBDmHkPVgxBamcCx896JseZuiDM4nqU5HKziYtMe
[2026-09-03 10:41:10][info][CRDTCallbackManager] Successfully registered new data callback for pattern: '/?gnus-validator-registry'
[2026-09-03 10:41:10][info][ValidatorRegistry] RegisterFilter: result=true
[2026-09-03 10:41:10][info][ValidatorRegistry] New: instance ready
[2026-09-03 10:41:10.601588000][th:579642][info] GossipPubSub /ip4/0.0.0.0/tcp/54601/p2p/12D3KooWSdFDMWiPZWftYroEuqecstorbJuqQawePC8HoZh5YAm6: PubSub subscribed to topic 'gnus-validator-registry.3.7.144'
[2026-09-03 10:41:10.601606000][th:579642][info] GossipPubSub /ip4/0.0.0.0/tcp/54601/p2p/12D3KooWSdFDMWiPZWftYroEuqecstorbJuqQawePC8HoZh5YAm6: PubSub subscribed to topic 'consensus-channel-.3.7.144'
[2026-09-03 10:41:10][info][CRDTCallbackManager] Successfully registered new data callback for pattern: '^/?cert/[^/]+'
[2026-09-03 10:41:10.602289000][th:579642][info] GossipPubSub /ip4/0.0.0.0/tcp/54601/p2p/12D3KooWSdFDMWiPZWftYroEuqecstorbJuqQawePC8HoZh5YAm6: PubSub subscribed to topic 'consensus-channel-.3.7.144#datastore.3.7.144'
[2026-09-03 10:41:10][info][CRDTCallbackManager] Successfully registered new data callback for pattern: '/?gnus-genesis-block'
[2026-09-03 10:41:10][info][CRDTCallbackManager] Successfully registered new data callback for pattern: '/?gnus-account-creation-.*'
[2026-09-03 10:41:10][info][CRDTCallbackManager] Successfully registered new data callback for pattern: '^/?/bc-144/tx/[^/]+'
[2026-09-03 10:41:10][info][CRDTCallbackManager] Successfully registered deleted data callback for pattern: '^/?/bc-144/tx/[^/]+'
[2026-09-03 10:41:10][info][CRDTCallbackManager] Successfully registered new data callback for pattern: '^/?/bc-963/tx/[^/]+'
[2026-09-03 10:41:10][info][CRDTCallbackManager] Successfully registered deleted data callback for pattern: '^/?/bc-963/tx/[^/]+'
[2026-09-03 10:41:10][info][CRDTCallbackManager] Successfully registered new data callback for pattern: '^/?/bc-369/tx/[^/]+'
[2026-09-03 10:41:10][info][CRDTCallbackManager] Successfully registered deleted data callback for pattern: '^/?/bc-369/tx/[^/]+'
[2026-09-03 10:41:10.603037000][th:579642][info] GossipPubSub Adding new peer: 12D3KooWNsLrm9h5ThkQSHeuRVWS7oaqiyqwD8NJydK2Rb2U1KnR
[2026-09-03 10:41:10.603109000][th:579642][info] GossipPubSub Adding new peer: 12D3KooWAwuviEer3fNH9zD4PL1f56fbfeAu48zDuRooSdvkMBLj
[2026-09-03 10:41:10.603138000][th:579091][info] GossipPubSub Adding new peer: 12D3KooWSdFDMWiPZWftYroEuqecstorbJuqQawePC8HoZh5YAm6
[2026-09-03 10:41:10.603151000][th:579642][info] GossipPubSub Adding new peer: 12D3KooWL4RydDv3w8awPqc7kS1R1TS3MhF3UYu52vcQTFoEzpvb
[2026-09-03 10:41:10.603171000][th:579091][info] GossipPubSub Adding new peer: 12D3KooWAwuviEer3fNH9zD4PL1f56fbfeAu48zDuRooSdvkMBLj
[2026-09-03 10:41:10.603205000][th:579091][info] GossipPubSub Adding new peer: 12D3KooWL4RydDv3w8awPqc7kS1R1TS3MhF3UYu52vcQTFoEzpvb
[2026-09-03 10:41:10.603237000][th:579122][info] GossipPubSub Adding new peer: 12D3KooWSdFDMWiPZWftYroEuqecstorbJuqQawePC8HoZh5YAm6
[2026-09-03 10:41:10.603269000][th:579122][info] GossipPubSub Adding new peer: 12D3KooWNsLrm9h5ThkQSHeuRVWS7oaqiyqwD8NJydK2Rb2U1KnR
[2026-09-03 10:41:10.603301000][th:579122][info] GossipPubSub Adding new peer: 12D3KooWL4RydDv3w8awPqc7kS1R1TS3MhF3UYu52vcQTFoEzpvb
[2026-09-03 10:41:10.603359000][th:579151][info] GossipPubSub Adding new peer: 12D3KooWSdFDMWiPZWftYroEuqecstorbJuqQawePC8HoZh5YAm6
[2026-09-03 10:41:10.603398000][th:579151][info] GossipPubSub Adding new peer: 12D3KooWNsLrm9h5ThkQSHeuRVWS7oaqiyqwD8NJydK2Rb2U1KnR
[2026-09-03 10:41:10.603433000][th:579151][info] GossipPubSub Adding new peer: 12D3KooWAwuviEer3fNH9zD4PL1f56fbfeAu48zDuRooSdvkMBLj
[2026-09-03 10:41:10][info][TransactionManager] [e21e55db - full: false] ChangeTransactionState: Temp tracking entry created tx=e9b8cad7e5513c2e906a07231100e31105e25aba3aa0318dceb8c1f62806760b
[2026-09-03 10:41:10][info][TransactionManager] [6007440d - full: false] ChangeTransactionState: Temp tracking entry created tx=e9b8cad7e5513c2e906a07231100e31105e25aba3aa0318dceb8c1f62806760b
[2026-09-03 10:41:10][info][TransactionManager] [c194ce44 - full: false] ChangeTransactionState: Temp tracking entry created tx=e9b8cad7e5513c2e906a07231100e31105e25aba3aa0318dceb8c1f62806760b
[2026-09-03 10:41:10][info][TransactionManager] [d013fc03 - full: false] ChangeTransactionState: Temp tracking entry created tx=e9b8cad7e5513c2e906a07231100e31105e25aba3aa0318dceb8c1f62806760b
[2026-09-03 10:41:15][info][CrdtDatastore] Topics { name="consensus-channel-.3.7.144#datastore" }
[2026-09-03 10:41:15][info][CRDTCallbackManager] Executing callback for key '/cert/mint-v2:test:0000000000000000000000000000000000000000000000000000000000000000:42:e21e55db97cb921d60cf7881f98e199d911ed34dba957064020574a22606d2bab4f999116e84e137e68a1a885dfba07dd7b2f8db2750bc724b238b9e4b358b5a:cccccccccccccccccccccccccccccccccccccccccccccccccccccccccccccccc' matching pattern '^/?cert/[^/]+'
[2026-09-03 10:41:15][debug][GraphsyncDAGSyncer] addNode: Added node Qme6gPjTYQtviUD8TRtDkqNuW6JqDCmjoTVeoiuKx2AQLG on dagService 
[2026-09-03 10:41:15][info][UTXOManager] Stored 1 UTXOs for address e21e55db97cb921d60cf7881f98e199d911ed34dba957064020574a22606d2bab4f999116e84e137e68a1a885dfba07dd7b2f8db2750bc724b238b9e4b358b5a
[2026-09-03 10:41:15][info][UTXOManager] Stored 2 UTXOs for address e21e55db97cb921d60cf7881f98e199d911ed34dba957064020574a22606d2bab4f999116e84e137e68a1a885dfba07dd7b2f8db2750bc724b238b9e4b358b5a
[2026-09-03 10:41:15][warning][TransactionManager] [e21e55db - full: false] Mint-v2 e9b8cad7e5513c2e906a07231100e31105e25aba3aa0318dceb8c1f62806760b did not consume every burn input (already consumed or missing); burn outpoint metadata may have been rebuilt with zero amount
[2026-09-03 10:41:15][info][TransactionManager] [e21e55db - full: false] Created tokens (mint-v2), amount 42 balance 42
[2026-09-03 10:41:15][info][TransactionManager] [e21e55db - full: false] ChangeTransactionState: Tracking entry confirmed tx=e9b8cad7e5513c2e906a07231100e31105e25aba3aa0318dceb8c1f62806760b
[2026-09-03 10:41:15][info][UTXOManager] Created checkpoint owner=e21e55db97cb921d60cf7881f98e199d911ed34dba957064020574a22606d2bab4f999116e84e137e68a1a885dfba07dd7b2f8db2750bc724b238b9e4b358b5a epoch=1 utxo_count=1
[2026-09-03 10:41:15][debug][GraphsyncDAGSyncer] Registered new peer 12D3KooWSdFDMWiPZWftYroEuqecstorbJuqQawePC8HoZh5YAm6 with key 0
[2026-09-03 10:41:15][debug][GraphsyncDAGSyncer] Added route for CID Qme6gPjTYQtviUD8TRtDkqNuW6JqDCmjoTVeoiuKx2AQLG to peer 12D3KooWSdFDMWiPZWftYroEuqecstorbJuqQawePC8HoZh5YAm6 (key 0, route_count=1)
[2026-09-03 10:41:15][debug][GraphsyncDAGSyncer] Registered new peer 12D3KooWSdFDMWiPZWftYroEuqecstorbJuqQawePC8HoZh5YAm6 with key 0
[2026-09-03 10:41:15][debug][GraphsyncDAGSyncer] Registered new peer 12D3KooWSdFDMWiPZWftYroEuqecstorbJuqQawePC8HoZh5YAm6 with key 0
[2026-09-03 10:41:15][debug][GraphsyncDAGSyncer] Added route for CID Qme6gPjTYQtviUD8TRtDkqNuW6JqDCmjoTVeoiuKx2AQLG to peer 12D3KooWSdFDMWiPZWftYroEuqecstorbJuqQawePC8HoZh5YAm6 (key 0, route_count=1)
[2026-09-03 10:41:15][debug][GraphsyncDAGSyncer] Added route for CID Qme6gPjTYQtviUD8TRtDkqNuW6JqDCmjoTVeoiuKx2AQLG to peer 12D3KooWSdFDMWiPZWftYroEuqecstorbJuqQawePC8HoZh5YAm6 (key 0, route_count=1)
[2026-09-03 10:41:15][debug][GraphsyncDAGSyncer] Block initialized without content to LRU cache: CID Qme6gPjTYQtviUD8TRtDkqNuW6JqDCmjoTVeoiuKx2AQLG, cache size: 1
[2026-09-03 10:41:15][debug][GraphsyncDAGSyncer] Requesting Node Qme6gPjTYQtviUD8TRtDkqNuW6JqDCmjoTVeoiuKx2AQLG on this 5267058328
[2026-09-03 10:41:15][debug][GraphsyncDAGSyncer] Return node for CID Qme6gPjTYQtviUD8TRtDkqNuW6JqDCmjoTVeoiuKx2AQLG instance=5266661512
[2026-09-03 10:41:15.690733000][th:579091][warning] graphsync Request 1 for CID Qme6gPjTYQtviUD8TRtDkqNuW6JqDCmjoTVeoiuKx2AQLG got RS_FULL_CONTENT but no blocks received yet
[2026-09-03 10:41:15][debug][GraphsyncDAGSyncer] request progress: code=FULL_CONTENT, extensions=(graphsync/do-not-send-cids: 0x80) (graphsync/response-metadata: 0x80) 
[2026-09-03 10:41:15][debug][GraphsyncDAGSyncer] HasBlock: false, cid: Qme6gPjTYQtviUD8TRtDkqNuW6JqDCmjoTVeoiuKx2AQLG
[2026-09-03 10:41:15][debug][GraphsyncDAGSyncer] Existing block updated in LRU cache: CID Qme6gPjTYQtviUD8TRtDkqNuW6JqDCmjoTVeoiuKx2AQLG
[2026-09-03 10:41:15][debug][GraphsyncDAGSyncer] Node added to dagService. CID: Qme6gPjTYQtviUD8TRtDkqNuW6JqDCmjoTVeoiuKx2AQLG, links: []
[2026-09-03 10:41:15][debug][GraphsyncDAGSyncer] Seeing if peer 12D3KooWSdFDMWiPZWftYroEuqecstorbJuqQawePC8HoZh5YAm6 has links to AddRoute
[2026-09-03 10:41:15][info][GraphsyncDAGSyncer] TraverseCIDsLinks: Checking links on { cid="Qme6gPjTYQtviUD8TRtDkqNuW6JqDCmjoTVeoiuKx2AQLG", name="" }
[2026-09-03 10:41:15][info][GraphsyncDAGSyncer] TraverseCIDsLinks: Completed traversal. Links to fetch: 0, Visited: 0
[2026-09-03 10:41:15][debug][GraphsyncDAGSyncer] Block initialized without content to LRU cache: CID Qme6gPjTYQtviUD8TRtDkqNuW6JqDCmjoTVeoiuKx2AQLG, cache size: 1
[2026-09-03 10:41:15][debug][GraphsyncDAGSyncer] Requesting Node Qme6gPjTYQtviUD8TRtDkqNuW6JqDCmjoTVeoiuKx2AQLG on this 5267095416
[2026-09-03 10:41:15][debug][GraphsyncDAGSyncer] Return node for CID Qme6gPjTYQtviUD8TRtDkqNuW6JqDCmjoTVeoiuKx2AQLG instance=5266661512
[2026-09-03 10:41:15.723002000][th:579122][warning] graphsync Request 1 for CID Qme6gPjTYQtviUD8TRtDkqNuW6JqDCmjoTVeoiuKx2AQLG got RS_FULL_CONTENT but no blocks received yet
[2026-09-03 10:41:15][debug][GraphsyncDAGSyncer] request progress: code=FULL_CONTENT, extensions=(graphsync/do-not-send-cids: 0x80) (graphsync/response-metadata: 0x80) 
[2026-09-03 10:41:15][debug][GraphsyncDAGSyncer] HasBlock: false, cid: Qme6gPjTYQtviUD8TRtDkqNuW6JqDCmjoTVeoiuKx2AQLG
[2026-09-03 10:41:15][debug][GraphsyncDAGSyncer] Existing block updated in LRU cache: CID Qme6gPjTYQtviUD8TRtDkqNuW6JqDCmjoTVeoiuKx2AQLG
[2026-09-03 10:41:15][debug][GraphsyncDAGSyncer] Node added to dagService. CID: Qme6gPjTYQtviUD8TRtDkqNuW6JqDCmjoTVeoiuKx2AQLG, links: []
[2026-09-03 10:41:15][debug][GraphsyncDAGSyncer] Seeing if peer 12D3KooWSdFDMWiPZWftYroEuqecstorbJuqQawePC8HoZh5YAm6 has links to AddRoute
[2026-09-03 10:41:15][info][GraphsyncDAGSyncer] TraverseCIDsLinks: Checking links on { cid="Qme6gPjTYQtviUD8TRtDkqNuW6JqDCmjoTVeoiuKx2AQLG", name="" }
[2026-09-03 10:41:15][info][GraphsyncDAGSyncer] TraverseCIDsLinks: Completed traversal. Links to fetch: 0, Visited: 0
[2026-09-03 10:41:15][debug][GraphsyncDAGSyncer] Block initialized without content to LRU cache: CID Qme6gPjTYQtviUD8TRtDkqNuW6JqDCmjoTVeoiuKx2AQLG, cache size: 1
[2026-09-03 10:41:15][debug][GraphsyncDAGSyncer] Requesting Node Qme6gPjTYQtviUD8TRtDkqNuW6JqDCmjoTVeoiuKx2AQLG on this 5284847864
[2026-09-03 10:41:15][debug][GraphsyncDAGSyncer] Return node for CID Qme6gPjTYQtviUD8TRtDkqNuW6JqDCmjoTVeoiuKx2AQLG instance=5266661512
[2026-09-03 10:41:15.755019000][th:579151][warning] graphsync Request 1 for CID Qme6gPjTYQtviUD8TRtDkqNuW6JqDCmjoTVeoiuKx2AQLG got RS_FULL_CONTENT but no blocks received yet
[2026-09-03 10:41:15][debug][GraphsyncDAGSyncer] request progress: code=FULL_CONTENT, extensions=(graphsync/do-not-send-cids: 0x80) (graphsync/response-metadata: 0x80) 
[2026-09-03 10:41:15][debug][GraphsyncDAGSyncer] HasBlock: false, cid: Qme6gPjTYQtviUD8TRtDkqNuW6JqDCmjoTVeoiuKx2AQLG
[2026-09-03 10:41:15][debug][GraphsyncDAGSyncer] Existing block updated in LRU cache: CID Qme6gPjTYQtviUD8TRtDkqNuW6JqDCmjoTVeoiuKx2AQLG
[2026-09-03 10:41:15][debug][GraphsyncDAGSyncer] Node added to dagService. CID: Qme6gPjTYQtviUD8TRtDkqNuW6JqDCmjoTVeoiuKx2AQLG, links: []
[2026-09-03 10:41:15][debug][GraphsyncDAGSyncer] Seeing if peer 12D3KooWSdFDMWiPZWftYroEuqecstorbJuqQawePC8HoZh5YAm6 has links to AddRoute
[2026-09-03 10:41:15][info][GraphsyncDAGSyncer] TraverseCIDsLinks: Checking links on { cid="Qme6gPjTYQtviUD8TRtDkqNuW6JqDCmjoTVeoiuKx2AQLG", name="" }
[2026-09-03 10:41:15][info][GraphsyncDAGSyncer] TraverseCIDsLinks: Completed traversal. Links to fetch: 0, Visited: 0
[2026-09-03 10:41:15][debug][GraphsyncDAGSyncer] Return node for CID Qme6gPjTYQtviUD8TRtDkqNuW6JqDCmjoTVeoiuKx2AQLG instance=5267058328
[2026-09-03 10:41:15][info][CRDTCallbackManager] Executing callback for key '/cert/mint-v2:test:0000000000000000000000000000000000000000000000000000000000000000:42:e21e55db97cb921d60cf7881f98e199d911ed34dba957064020574a22606d2bab4f999116e84e137e68a1a885dfba07dd7b2f8db2750bc724b238b9e4b358b5a:cccccccccccccccccccccccccccccccccccccccccccccccccccccccccccccccc' matching pattern '^/?cert/[^/]+'
[2026-09-03 10:41:15][debug][GraphsyncDAGSyncer] addNode: Added node Qme6gPjTYQtviUD8TRtDkqNuW6JqDCmjoTVeoiuKx2AQLG on dagService 
[2026-09-03 10:41:15][debug][GraphsyncDAGSyncer] Block removed from LRU cache: CID Qme6gPjTYQtviUD8TRtDkqNuW6JqDCmjoTVeoiuKx2AQLG
[2026-09-03 10:41:15][debug][GraphsyncDAGSyncer] Return node for CID Qme6gPjTYQtviUD8TRtDkqNuW6JqDCmjoTVeoiuKx2AQLG instance=5267095416
[2026-09-03 10:41:15][info][CRDTCallbackManager] Executing callback for key '/cert/mint-v2:test:0000000000000000000000000000000000000000000000000000000000000000:42:e21e55db97cb921d60cf7881f98e199d911ed34dba957064020574a22606d2bab4f999116e84e137e68a1a885dfba07dd7b2f8db2750bc724b238b9e4b358b5a:cccccccccccccccccccccccccccccccccccccccccccccccccccccccccccccccc' matching pattern '^/?cert/[^/]+'
[2026-09-03 10:41:15][debug][GraphsyncDAGSyncer] addNode: Added node Qme6gPjTYQtviUD8TRtDkqNuW6JqDCmjoTVeoiuKx2AQLG on dagService 
[2026-09-03 10:41:15][debug][GraphsyncDAGSyncer] Block removed from LRU cache: CID Qme6gPjTYQtviUD8TRtDkqNuW6JqDCmjoTVeoiuKx2AQLG
[2026-09-03 10:41:15][debug][GraphsyncDAGSyncer] Return node for CID Qme6gPjTYQtviUD8TRtDkqNuW6JqDCmjoTVeoiuKx2AQLG instance=5284847864
[2026-09-03 10:41:15][info][CRDTCallbackManager] Executing callback for key '/cert/mint-v2:test:0000000000000000000000000000000000000000000000000000000000000000:42:e21e55db97cb921d60cf7881f98e199d911ed34dba957064020574a22606d2bab4f999116e84e137e68a1a885dfba07dd7b2f8db2750bc724b238b9e4b358b5a:cccccccccccccccccccccccccccccccccccccccccccccccccccccccccccccccc' matching pattern '^/?cert/[^/]+'
[2026-09-03 10:41:15][debug][GraphsyncDAGSyncer] addNode: Added node Qme6gPjTYQtviUD8TRtDkqNuW6JqDCmjoTVeoiuKx2AQLG on dagService 
[2026-09-03 10:41:15][debug][GraphsyncDAGSyncer] Block removed from LRU cache: CID Qme6gPjTYQtviUD8TRtDkqNuW6JqDCmjoTVeoiuKx2AQLG
[2026-09-03 10:41:16][info][UTXOManager] Stored 1 UTXOs for address e21e55db97cb921d60cf7881f98e199d911ed34dba957064020574a22606d2bab4f999116e84e137e68a1a885dfba07dd7b2f8db2750bc724b238b9e4b358b5a
[2026-09-03 10:41:16][info][UTXOManager] Stored 1 UTXOs for address e21e55db97cb921d60cf7881f98e199d911ed34dba957064020574a22606d2bab4f999116e84e137e68a1a885dfba07dd7b2f8db2750bc724b238b9e4b358b5a
[2026-09-03 10:41:16][info][UTXOManager] Stored 1 UTXOs for address e21e55db97cb921d60cf7881f98e199d911ed34dba957064020574a22606d2bab4f999116e84e137e68a1a885dfba07dd7b2f8db2750bc724b238b9e4b358b5a
[2026-09-03 10:41:16][info][UTXOManager] Stored 2 UTXOs for address e21e55db97cb921d60cf7881f98e199d911ed34dba957064020574a22606d2bab4f999116e84e137e68a1a885dfba07dd7b2f8db2750bc724b238b9e4b358b5a
[2026-09-03 10:41:16][warning][TransactionManager] [c194ce44 - full: false] Mint-v2 e9b8cad7e5513c2e906a07231100e31105e25aba3aa0318dceb8c1f62806760b did not consume every burn input (already consumed or missing); burn outpoint metadata may have been rebuilt with zero amount
[2026-09-03 10:41:16][info][TransactionManager] [c194ce44 - full: false] Created tokens (mint-v2), amount 42 balance 0
[2026-09-03 10:41:16][info][UTXOManager] Stored 2 UTXOs for address e21e55db97cb921d60cf7881f98e199d911ed34dba957064020574a22606d2bab4f999116e84e137e68a1a885dfba07dd7b2f8db2750bc724b238b9e4b358b5a
[2026-09-03 10:41:16][warning][TransactionManager] [d013fc03 - full: false] Mint-v2 e9b8cad7e5513c2e906a07231100e31105e25aba3aa0318dceb8c1f62806760b did not consume every burn input (already consumed or missing); burn outpoint metadata may have been rebuilt with zero amount
[2026-09-03 10:41:16][info][TransactionManager] [d013fc03 - full: false] Created tokens (mint-v2), amount 42 balance 0
[2026-09-03 10:41:16][info][UTXOManager] Stored 2 UTXOs for address e21e55db97cb921d60cf7881f98e199d911ed34dba957064020574a22606d2bab4f999116e84e137e68a1a885dfba07dd7b2f8db2750bc724b238b9e4b358b5a
[2026-09-03 10:41:16][warning][TransactionManager] [6007440d - full: false] Mint-v2 e9b8cad7e5513c2e906a07231100e31105e25aba3aa0318dceb8c1f62806760b did not consume every burn input (already consumed or missing); burn outpoint metadata may have been rebuilt with zero amount
[2026-09-03 10:41:16][info][TransactionManager] [6007440d - full: false] Created tokens (mint-v2), amount 42 balance 0
[2026-09-03 10:41:16][info][TransactionManager] [d013fc03 - full: false] ChangeTransactionState: Tracking entry confirmed tx=e9b8cad7e5513c2e906a07231100e31105e25aba3aa0318dceb8c1f62806760b
[2026-09-03 10:41:16][info][TransactionManager] [c194ce44 - full: false] ChangeTransactionState: Tracking entry confirmed tx=e9b8cad7e5513c2e906a07231100e31105e25aba3aa0318dceb8c1f62806760b
[2026-09-03 10:41:16][info][TransactionManager] [6007440d - full: false] ChangeTransactionState: Tracking entry confirmed tx=e9b8cad7e5513c2e906a07231100e31105e25aba3aa0318dceb8c1f62806760b
[2026-09-03 10:41:16][info][UTXOManager] Created checkpoint owner=d013fc0301e218305d9774d2bf1602e4c7b11dde51ee8e1bb6d13ab878a14cb08d9be59fd95dd43558d409e7e24a781b49931deaddf9dbd9e9499e32136d586e epoch=1 utxo_count=0
[2026-09-03 10:41:16][info][UTXOManager] Created checkpoint owner=c194ce445da1e6f2453163e417ee637ae4e1eea2e1b81e42dd3ae0f049d9b978f2e8e4a2fc4b049fec6d663a2745b9581045f0eaef3831b9935c8af9703a5050 epoch=1 utxo_count=0
[2026-09-03 10:41:16][info][UTXOManager] Created checkpoint owner=6007440d8cd1df0944bf558c0c9f40ecae4b91d5ffe303796c41cc9e43102fabbf5973a1b12a47fc3de9643b8805ca9e150c1832c574294d0bc577972a8a0839 epoch=1 utxo_count=0
[2026-09-03 10:41:16][info][CRDTCallbackManager] Successfully unregistered new data callback for pattern: '^/?/bc-144/tx/[^/]+'
[2026-09-03 10:41:16][info][CRDTCallbackManager] Successfully unregistered deleted data callback for pattern: '^/?/bc-144/tx/[^/]+'
[2026-09-03 10:41:16][info][CRDTCallbackManager] Successfully unregistered new data callback for pattern: '^/?/bc-963/tx/[^/]+'
[2026-09-03 10:41:16][info][CRDTCallbackManager] Successfully unregistered deleted data callback for pattern: '^/?/bc-963/tx/[^/]+'
[2026-09-03 10:41:16][info][CRDTCallbackManager] Successfully unregistered new data callback for pattern: '^/?/bc-369/tx/[^/]+'
[2026-09-03 10:41:16][info][CRDTCallbackManager] Successfully unregistered deleted data callback for pattern: '^/?/bc-369/tx/[^/]+'
[2026-09-03 10:41:16][info][TransactionManager] [e21e55db - full: false] ~TransactionManager: Metrics — cert_fallback(success=0 failure=0) validation(approve=1 reject=0) tracking(insert=1 confirm=1 fail=0)
[2026-09-03 10:41:16][info][Blockchain] [e21e55db] Stopping blockchain
[2026-09-03 10:41:16][info][CRDTCallbackManager] Successfully unregistered new data callback for pattern: '/?gnus-genesis-block'
[2026-09-03 10:41:16][info][CRDTCallbackManager] Successfully unregistered new data callback for pattern: '/?gnus-account-creation-.*'
[2026-09-03 10:41:16][info][CRDTCallbackManager] Successfully unregistered new data callback for pattern: '/?gnus-validator-registry'
[2026-09-03 10:41:16][debug][GlobalDB] ~GlobalDB CALLED with count 6 on multi_node_finality_fault/restart-vote-validator-one/rocksdb 
[2026-09-03 10:41:16][info][GlobalDB] GlobalDB shutdown start
[2026-09-03 10:41:16][info][CrdtDatastore] CancelAndCloseNow: begin (pending_jobs=0, self_queue=0, root_queue=0, pending_roots=0, active_root=false)
[2026-09-03 10:41:16][debug][GraphsyncDAGSyncer] Stopping Dagsyncer
[2026-09-03 10:41:16][debug][GraphsyncDAGSyncer] Dagsyncer Stopped
[2026-09-03 10:41:16.331888000][th:579122][error] graphsync Varint Error msg=Stream: closed by remote peer
[2026-09-03 10:41:16.331891000][th:579122][info] graphsync stream read error, peer=h5YAm6, msg=stream is not readable
[2026-09-03 10:41:16.331899000][th:579151][error] graphsync Varint Error msg=Stream: closed by remote peer
[2026-09-03 10:41:16.331900000][th:579151][info] graphsync stream read error, peer=h5YAm6, msg=stream is not readable
[2026-09-03 10:41:16.331906000][th:579091][error] graphsync Varint Error msg=Stream: closed by remote peer
[2026-09-03 10:41:16.331908000][th:579091][info] graphsync stream read error, peer=h5YAm6, msg=stream is not readable
[2026-09-03 10:41:16.331941000][th:579642][error] graphsync Varint Error msg=Stream: closed by this host
[2026-09-03 10:41:16.331952000][th:579642][error] graphsync Varint Error msg=Stream: closed by this host
[2026-09-03 10:41:16.331971000][th:579642][error] graphsync Varint Error msg=Stream: closed by this host
[2026-09-03 10:41:16][info][CrdtDatastore] CancelAndCloseNow: CRDT workers stopped
[2026-09-03 10:41:16][warning][CrdtDatastore] CancelAndCloseNow called but shutdown has already started
[2026-09-03 10:41:16][debug][GraphsyncDAGSyncer] ~GraphsyncDAGSyncer CALLED
[2026-09-03 10:41:16][info][GlobalDB] GlobalDB shutdown finished
[2026-09-03 10:41:16.693583000][th:579642][error] GossipPubSub Address monitoring timer error: Operation canceled
[2026-09-03 10:41:17][info][KeyPairFileStorage] Path to keypairs multi_node_finality_fault/restart-vote-validator-one/keypair
[2026-09-03 10:41:17][info][KeyPairFileStorage] Peer ID from public key: 12D3KooWSdFDMWiPZWftYroEuqecstorbJuqQawePC8HoZh5YAm6
Current limits: 16384 (soft), 9223372036854775807 (hard)
New limits set successfully: 16384 (soft), 9223372036854775807 (hard)
Initialized relay addresses
[2026-09-03 10:41:17.702852000][th:578917][info] GossipPubSub /ip4/0.0.0.0/tcp/54601/p2p/12D3KooWSdFDMWiPZWftYroEuqecstorbJuqQawePC8HoZh5YAm6: Starting PubSub service
[2026-09-03 10:41:17.703046000][th:580292][info] GossipPubSub Starting address monitoring system for mobile network changes
[2026-09-03 10:41:17.703056000][th:580292][info] GossipPubSub === CURRENT NETWORK STATE ===
[2026-09-03 10:41:17.703093000][th:580292][info] GossipPubSub Primary listening address: /ip4/0.0.0.0/tcp/54601/p2p/12D3KooWSdFDMWiPZWftYroEuqecstorbJuqQawePC8HoZh5YAm6
[2026-09-03 10:41:17.703097000][th:580292][info] GossipPubSub Host peer info addresses (0):
[2026-09-03 10:41:17.703098000][th:580292][info] GossipPubSub Additional addresses we track (0):
[2026-09-03 10:41:17.703100000][th:580292][info] GossipPubSub Listening addresses (1):
[2026-09-03 10:41:17.703101000][th:580292][info] GossipPubSub   -> /ip4/0.0.0.0/tcp/54601/p2p/12D3KooWSdFDMWiPZWftYroEuqecstorbJuqQawePC8HoZh5YAm6
[2026-09-03 10:41:17.703101000][th:580292][info] GossipPubSub Interface addresses (0):
[2026-09-03 10:41:17.703102000][th:580292][info] GossipPubSub === RAW OBSERVED ADDRESS DEBUG ===
[2026-09-03 10:41:17.703105000][th:580292][info] GossipPubSub Local address: /ip4/0.0.0.0/tcp/54601/p2p/12D3KooWSdFDMWiPZWftYroEuqecstorbJuqQawePC8HoZh5YAm6 -> 0 raw observed, 0 activated+confirmed
[2026-09-03 10:41:17.703107000][th:580292][info] GossipPubSub TOTAL: 0 raw observed addresses, 0 activated+confirmed addresses
[2026-09-03 10:41:17.703109000][th:580292][info] GossipPubSub === END RAW OBSERVED ADDRESS DEBUG ===
[2026-09-03 10:41:17.703110000][th:580292][info] GossipPubSub Observed addresses - all (0):
[2026-09-03 10:41:17.703111000][th:580292][info] GossipPubSub Observed addresses - confirmed only (0):
[2026-09-03 10:41:17.703112000][th:580292][info] GossipPubSub Relay addresses (0):
[2026-09-03 10:41:17.703115000][th:580292][warning] GossipPubSub Failed to get addresses from peer repository: not found
[2026-09-03 10:41:17.703213000][th:580292][info] GossipPubSub Found 1 valid network interfaces
[2026-09-03 10:41:17.703220000][th:580292][info] GossipPubSub Current network interfaces (1):
[2026-09-03 10:41:17.703221000][th:580292][info] GossipPubSub   -> 192.168.1.6
[2026-09-03 10:41:17.703223000][th:580292][info] GossipPubSub Active connections: 0
[2026-09-03 10:41:17.703224000][th:580292][info] GossipPubSub === PEER CONNECTION DETAILS ===
[2026-09-03 10:41:17.703224000][th:580292][info] GossipPubSub NOTE: Observed addresses need to be seen by 4+ different peer groups to become 'activated'
[2026-09-03 10:41:17.703228000][th:580292][info] GossipPubSub NOTE: Current connections: 0, so max possible observers: 0
[2026-09-03 10:41:17.703228000][th:580292][info] GossipPubSub === END PEER CONNECTION DETAILS ===
[2026-09-03 10:41:17.703229000][th:580292][info] GossipPubSub Connection manager stats:
[2026-09-03 10:41:17.703230000][th:580292][info] GossipPubSub   -> Max connections: 1000
[2026-09-03 10:41:17.703231000][th:580292][info] GossipPubSub   -> Current connections: 0
[2026-09-03 10:41:17.703231000][th:580292][info] GossipPubSub === END NETWORK STATE ===
[2026-09-03 10:41:17.703867000][th:580292][info] GossipPubSub /ip4/0.0.0.0/tcp/54601/p2p/12D3KooWSdFDMWiPZWftYroEuqecstorbJuqQawePC8HoZh5YAm6 : PubSub service started
[2026-09-03 10:41:17][info][GlobalDB] Opening database /Users/henriqueklein/gnus/SuperGenius/multi_node_finality_fault/restart-vote-validator-one/rocksdb
[2026-09-03 10:41:17][debug][GraphsyncDAGSyncer] GraphSyncer created 4732269592 
[2026-09-03 10:41:17][info][CrdtDatastore] crdt Datastore created. Number of heads: 2 Current max-height: 18446744073709551615
[2026-09-03 10:41:17][info][GeniusAccount] Secure storage ID path: /Users/henriqueklein/gnus/SuperGenius/multi_node_finality_fault/restart-vote-validator-one/account/secure_storage_id
[2026-09-03 10:41:17][info][GeniusAccount] Loaded public key from file: e21e55db97cb921d... (length: 128)
[2026-09-03 10:41:17][info][GeniusAccount] Successfully loaded key_seed from storage
[2026-09-03 10:41:17][info][GeniusAccount] Validation successful: key_seed matches stored public key
[2026-09-03 10:41:17][warning][UTXOManager] Skipping malformed UTXO key /utxo-checkpoint/e21e55db97cb921d60cf7881f98e199d911ed34dba957064020574a22606d2bab4f999116e84e137e68a1a885dfba07dd7b2f8db2750bc724b238b9e4b358b5a/1
[2026-09-03 10:41:17][warning][UTXOManager] Skipping malformed UTXO key /utxo-checkpoint/e21e55db97cb921d60cf7881f98e199d911ed34dba957064020574a22606d2bab4f999116e84e137e68a1a885dfba07dd7b2f8db2750bc724b238b9e4b358b5a/latest
[2026-09-03 10:41:17][info][Blockchain] [e21e55db] Blockchain instance created with authorized full node: 8a33bdf1
[2026-09-03 10:41:17][info][ValidatorRegistry] InitializeCache: cache initialized with CID QmVXuWEBDmHkPVgxBamcCx896JseZuiDM4nqU5HKziYtMe
[2026-09-03 10:41:17][info][CRDTCallbackManager] Successfully registered new data callback for pattern: '/?gnus-validator-registry'
[2026-09-03 10:41:17][info][ValidatorRegistry] RegisterFilter: result=true
[2026-09-03 10:41:17][info][ValidatorRegistry] New: instance ready
[2026-09-03 10:41:17.732458000][th:580292][info] GossipPubSub /ip4/0.0.0.0/tcp/54601/p2p/12D3KooWSdFDMWiPZWftYroEuqecstorbJuqQawePC8HoZh5YAm6: PubSub subscribed to topic 'gnus-validator-registry.3.7.144'
[2026-09-03 10:41:17.732495000][th:580292][info] GossipPubSub /ip4/0.0.0.0/tcp/54601/p2p/12D3KooWSdFDMWiPZWftYroEuqecstorbJuqQawePC8HoZh5YAm6: PubSub subscribed to topic 'consensus-channel-.3.7.144'
[2026-09-03 10:41:17][info][CRDTCallbackManager] Successfully registered new data callback for pattern: '^/?cert/[^/]+'
[2026-09-03 10:41:17.732540000][th:580292][info] GossipPubSub /ip4/0.0.0.0/tcp/54601/p2p/12D3KooWSdFDMWiPZWftYroEuqecstorbJuqQawePC8HoZh5YAm6: PubSub subscribed to topic 'consensus-channel-.3.7.144#datastore.3.7.144'
[2026-09-03 10:41:17][info][CRDTCallbackManager] Successfully registered new data callback for pattern: '/?gnus-genesis-block'
[2026-09-03 10:41:17][info][CRDTCallbackManager] Successfully registered new data callback for pattern: '/?gnus-account-creation-.*'
[2026-09-03 10:41:17][info][CRDTCallbackManager] Successfully registered new data callback for pattern: '^/?/bc-144/tx/[^/]+'
[2026-09-03 10:41:17][info][CRDTCallbackManager] Successfully registered deleted data callback for pattern: '^/?/bc-144/tx/[^/]+'
[2026-09-03 10:41:17][info][CRDTCallbackManager] Successfully registered new data callback for pattern: '^/?/bc-963/tx/[^/]+'
[2026-09-03 10:41:17][info][CRDTCallbackManager] Successfully registered deleted data callback for pattern: '^/?/bc-963/tx/[^/]+'
[2026-09-03 10:41:17][info][CRDTCallbackManager] Successfully registered new data callback for pattern: '^/?/bc-369/tx/[^/]+'
[2026-09-03 10:41:17][info][CRDTCallbackManager] Successfully registered deleted data callback for pattern: '^/?/bc-369/tx/[^/]+'
[2026-09-03 10:41:17][info][CRDTCallbackManager] Successfully unregistered new data callback for pattern: '^/?/bc-144/tx/[^/]+'
[2026-09-03 10:41:17][info][CRDTCallbackManager] Successfully unregistered deleted data callback for pattern: '^/?/bc-144/tx/[^/]+'
[2026-09-03 10:41:17][info][CRDTCallbackManager] Successfully unregistered new data callback for pattern: '^/?/bc-963/tx/[^/]+'
[2026-09-03 10:41:17][info][CRDTCallbackManager] Successfully unregistered deleted data callback for pattern: '^/?/bc-963/tx/[^/]+'
[2026-09-03 10:41:17][info][CRDTCallbackManager] Successfully unregistered new data callback for pattern: '^/?/bc-369/tx/[^/]+'
[2026-09-03 10:41:17][info][CRDTCallbackManager] Successfully unregistered deleted data callback for pattern: '^/?/bc-369/tx/[^/]+'
[2026-09-03 10:41:17][info][TransactionManager] [d013fc03 - full: false] ~TransactionManager: Metrics — cert_fallback(success=0 failure=0) validation(approve=1 reject=0) tracking(insert=1 confirm=1 fail=0)
[2026-09-03 10:41:17][info][Blockchain] [d013fc03] Stopping blockchain
[2026-09-03 10:41:17][info][CRDTCallbackManager] Successfully unregistered new data callback for pattern: '/?gnus-genesis-block'
[2026-09-03 10:41:17][info][CRDTCallbackManager] Successfully unregistered new data callback for pattern: '/?gnus-account-creation-.*'
[2026-09-03 10:41:17][info][CRDTCallbackManager] Successfully unregistered new data callback for pattern: '/?gnus-validator-registry'
[2026-09-03 10:41:17][debug][GlobalDB] ~GlobalDB CALLED with count 6 on multi_node_finality_fault/restart-vote-validator-two/rocksdb 
[2026-09-03 10:41:17][info][GlobalDB] GlobalDB shutdown start
[2026-09-03 10:41:17][info][CrdtDatastore] CancelAndCloseNow: begin (pending_jobs=1, self_queue=0, root_queue=0, pending_roots=0, active_root=false)
[2026-09-03 10:41:17][debug][GraphsyncDAGSyncer] Stopping Dagsyncer
[2026-09-03 10:41:17][debug][GraphsyncDAGSyncer] Dagsyncer Stopped
[2026-09-03 10:41:18][info][CrdtDatastore] CancelAndCloseNow: CRDT workers stopped
[2026-09-03 10:41:18][warning][CrdtDatastore] CancelAndCloseNow called but shutdown has already started
[2026-09-03 10:41:18][debug][GraphsyncDAGSyncer] ~GraphsyncDAGSyncer CALLED
[2026-09-03 10:41:18][info][GlobalDB] GlobalDB shutdown finished
[2026-09-03 10:41:18.217938000][th:579091][error] GossipPubSub Address monitoring timer error: Operation canceled
[2026-09-03 10:41:19][info][KeyPairFileStorage] Path to keypairs multi_node_finality_fault/restart-vote-validator-two/keypair
[2026-09-03 10:41:19][info][KeyPairFileStorage] Peer ID from public key: 12D3KooWNsLrm9h5ThkQSHeuRVWS7oaqiyqwD8NJydK2Rb2U1KnR
Current limits: 16384 (soft), 9223372036854775807 (hard)
New limits set successfully: 16384 (soft), 9223372036854775807 (hard)
Initialized relay addresses
[2026-09-03 10:41:19.224126000][th:578917][info] GossipPubSub /ip4/0.0.0.0/tcp/54602/p2p/12D3KooWNsLrm9h5ThkQSHeuRVWS7oaqiyqwD8NJydK2Rb2U1KnR: Starting PubSub service
[2026-09-03 10:41:19.224377000][th:580459][info] GossipPubSub Starting address monitoring system for mobile network changes
[2026-09-03 10:41:19.224389000][th:580459][info] GossipPubSub === CURRENT NETWORK STATE ===
[2026-09-03 10:41:19.224532000][th:580459][info] GossipPubSub Primary listening address: /ip4/0.0.0.0/tcp/54602/p2p/12D3KooWNsLrm9h5ThkQSHeuRVWS7oaqiyqwD8NJydK2Rb2U1KnR
[2026-09-03 10:41:19.224541000][th:580459][info] GossipPubSub Host peer info addresses (0):
[2026-09-03 10:41:19.224543000][th:580459][info] GossipPubSub Additional addresses we track (0):
[2026-09-03 10:41:19.224545000][th:580459][info] GossipPubSub Listening addresses (1):
[2026-09-03 10:41:19.224547000][th:580459][info] GossipPubSub   -> /ip4/0.0.0.0/tcp/54602/p2p/12D3KooWNsLrm9h5ThkQSHeuRVWS7oaqiyqwD8NJydK2Rb2U1KnR
[2026-09-03 10:41:19.224549000][th:580459][info] GossipPubSub Interface addresses (0):
[2026-09-03 10:41:19.224550000][th:580459][info] GossipPubSub === RAW OBSERVED ADDRESS DEBUG ===
[2026-09-03 10:41:19.224555000][th:580459][info] GossipPubSub Local address: /ip4/0.0.0.0/tcp/54602/p2p/12D3KooWNsLrm9h5ThkQSHeuRVWS7oaqiyqwD8NJydK2Rb2U1KnR -> 0 raw observed, 0 activated+confirmed
[2026-09-03 10:41:19.224557000][th:580459][info] GossipPubSub TOTAL: 0 raw observed addresses, 0 activated+confirmed addresses
[2026-09-03 10:41:19.224559000][th:580459][info] GossipPubSub === END RAW OBSERVED ADDRESS DEBUG ===
[2026-09-03 10:41:19.224560000][th:580459][info] GossipPubSub Observed addresses - all (0):
[2026-09-03 10:41:19.224561000][th:580459][info] GossipPubSub Observed addresses - confirmed only (0):
[2026-09-03 10:41:19.224562000][th:580459][info] GossipPubSub Relay addresses (0):
[2026-09-03 10:41:19.224567000][th:580459][warning] GossipPubSub Failed to get addresses from peer repository: not found
[2026-09-03 10:41:19.224726000][th:580459][info] GossipPubSub Found 1 valid network interfaces
[2026-09-03 10:41:19.224744000][th:580459][info] GossipPubSub Current network interfaces (1):
[2026-09-03 10:41:19.224745000][th:580459][info] GossipPubSub   -> 192.168.1.6
[2026-09-03 10:41:19.224750000][th:580459][info] GossipPubSub Active connections: 0
[2026-09-03 10:41:19.224751000][th:580459][info] GossipPubSub === PEER CONNECTION DETAILS ===
[2026-09-03 10:41:19.224753000][th:580459][info] GossipPubSub NOTE: Observed addresses need to be seen by 4+ different peer groups to become 'activated'
[2026-09-03 10:41:19.224754000][th:580459][info] GossipPubSub NOTE: Current connections: 0, so max possible observers: 0
[2026-09-03 10:41:19.224755000][th:580459][info] GossipPubSub === END PEER CONNECTION DETAILS ===
[2026-09-03 10:41:19.224757000][th:580459][info] GossipPubSub Connection manager stats:
[2026-09-03 10:41:19.224758000][th:580459][info] GossipPubSub   -> Max connections: 1000
[2026-09-03 10:41:19.224759000][th:580459][info] GossipPubSub   -> Current connections: 0
[2026-09-03 10:41:19.224760000][th:580459][info] GossipPubSub === END NETWORK STATE ===
[2026-09-03 10:41:19.225483000][th:580459][info] GossipPubSub /ip4/0.0.0.0/tcp/54602/p2p/12D3KooWNsLrm9h5ThkQSHeuRVWS7oaqiyqwD8NJydK2Rb2U1KnR : PubSub service started
[2026-09-03 10:41:19][info][GlobalDB] Opening database /Users/henriqueklein/gnus/SuperGenius/multi_node_finality_fault/restart-vote-validator-two/rocksdb
[2026-09-03 10:41:19][debug][GraphsyncDAGSyncer] GraphSyncer created 4730160792 
[2026-09-03 10:41:19][info][CrdtDatastore] crdt Datastore created. Number of heads: 2 Current max-height: 18446744073709551615
[2026-09-03 10:41:19][info][GeniusAccount] Secure storage ID path: /Users/henriqueklein/gnus/SuperGenius/multi_node_finality_fault/restart-vote-validator-two/account/secure_storage_id
[2026-09-03 10:41:19][info][GeniusAccount] Loaded public key from file: d013fc0301e21830... (length: 128)
[2026-09-03 10:41:19][info][GeniusAccount] Successfully loaded key_seed from storage
[2026-09-03 10:41:19][info][GeniusAccount] Validation successful: key_seed matches stored public key
[2026-09-03 10:41:19][warning][UTXOManager] Skipping malformed UTXO key /utxo-checkpoint/d013fc0301e218305d9774d2bf1602e4c7b11dde51ee8e1bb6d13ab878a14cb08d9be59fd95dd43558d409e7e24a781b49931deaddf9dbd9e9499e32136d586e/1
[2026-09-03 10:41:19][warning][UTXOManager] Skipping malformed UTXO key /utxo-checkpoint/d013fc0301e218305d9774d2bf1602e4c7b11dde51ee8e1bb6d13ab878a14cb08d9be59fd95dd43558d409e7e24a781b49931deaddf9dbd9e9499e32136d586e/latest
[2026-09-03 10:41:19][info][Blockchain] [d013fc03] Blockchain instance created with authorized full node: 8a33bdf1
[2026-09-03 10:41:19][info][ValidatorRegistry] InitializeCache: cache initialized with CID QmVXuWEBDmHkPVgxBamcCx896JseZuiDM4nqU5HKziYtMe
[2026-09-03 10:41:19][info][CRDTCallbackManager] Successfully registered new data callback for pattern: '/?gnus-validator-registry'
[2026-09-03 10:41:19][info][ValidatorRegistry] RegisterFilter: result=true
[2026-09-03 10:41:19][info][ValidatorRegistry] New: instance ready
[2026-09-03 10:41:19.258695000][th:580459][info] GossipPubSub /ip4/0.0.0.0/tcp/54602/p2p/12D3KooWNsLrm9h5ThkQSHeuRVWS7oaqiyqwD8NJydK2Rb2U1KnR: PubSub subscribed to topic 'gnus-validator-registry.3.7.144'
[2026-09-03 10:41:19.258776000][th:580459][info] GossipPubSub /ip4/0.0.0.0/tcp/54602/p2p/12D3KooWNsLrm9h5ThkQSHeuRVWS7oaqiyqwD8NJydK2Rb2U1KnR: PubSub subscribed to topic 'consensus-channel-.3.7.144'
[2026-09-03 10:41:19][info][CRDTCallbackManager] Successfully registered new data callback for pattern: '^/?cert/[^/]+'
[2026-09-03 10:41:19.259028000][th:580459][info] GossipPubSub /ip4/0.0.0.0/tcp/54602/p2p/12D3KooWNsLrm9h5ThkQSHeuRVWS7oaqiyqwD8NJydK2Rb2U1KnR: PubSub subscribed to topic 'consensus-channel-.3.7.144#datastore.3.7.144'
[2026-09-03 10:41:19][info][CRDTCallbackManager] Successfully registered new data callback for pattern: '/?gnus-genesis-block'
[2026-09-03 10:41:19][info][CRDTCallbackManager] Successfully registered new data callback for pattern: '/?gnus-account-creation-.*'
[2026-09-03 10:41:19][info][CRDTCallbackManager] Successfully registered new data callback for pattern: '^/?/bc-144/tx/[^/]+'
[2026-09-03 10:41:19][info][CRDTCallbackManager] Successfully registered deleted data callback for pattern: '^/?/bc-144/tx/[^/]+'
[2026-09-03 10:41:19][info][CRDTCallbackManager] Successfully registered new data callback for pattern: '^/?/bc-963/tx/[^/]+'
[2026-09-03 10:41:19][info][CRDTCallbackManager] Successfully registered deleted data callback for pattern: '^/?/bc-963/tx/[^/]+'
[2026-09-03 10:41:19][info][CRDTCallbackManager] Successfully registered new data callback for pattern: '^/?/bc-369/tx/[^/]+'
[2026-09-03 10:41:19][info][CRDTCallbackManager] Successfully registered deleted data callback for pattern: '^/?/bc-369/tx/[^/]+'
[2026-09-03 10:41:19][info][CRDTCallbackManager] Successfully unregistered new data callback for pattern: '^/?/bc-144/tx/[^/]+'
[2026-09-03 10:41:19][info][CRDTCallbackManager] Successfully unregistered deleted data callback for pattern: '^/?/bc-144/tx/[^/]+'
[2026-09-03 10:41:19][info][CRDTCallbackManager] Successfully unregistered new data callback for pattern: '^/?/bc-963/tx/[^/]+'
[2026-09-03 10:41:19][info][CRDTCallbackManager] Successfully unregistered deleted data callback for pattern: '^/?/bc-963/tx/[^/]+'
[2026-09-03 10:41:19][info][CRDTCallbackManager] Successfully unregistered new data callback for pattern: '^/?/bc-369/tx/[^/]+'
[2026-09-03 10:41:19][info][CRDTCallbackManager] Successfully unregistered deleted data callback for pattern: '^/?/bc-369/tx/[^/]+'
[2026-09-03 10:41:19][info][TransactionManager] [6007440d - full: false] ~TransactionManager: Metrics — cert_fallback(success=0 failure=0) validation(approve=1 reject=0) tracking(insert=1 confirm=1 fail=0)
[2026-09-03 10:41:19][info][Blockchain] [6007440d] Stopping blockchain
[2026-09-03 10:41:19][info][CRDTCallbackManager] Successfully unregistered new data callback for pattern: '/?gnus-genesis-block'
[2026-09-03 10:41:19][info][CRDTCallbackManager] Successfully unregistered new data callback for pattern: '/?gnus-account-creation-.*'
[2026-09-03 10:41:19][info][CRDTCallbackManager] Successfully unregistered new data callback for pattern: '/?gnus-validator-registry'
[2026-09-03 10:41:19][debug][GlobalDB] ~GlobalDB CALLED with count 6 on multi_node_finality_fault/restart-vote-validator-three/rocksdb 
[2026-09-03 10:41:19][info][GlobalDB] GlobalDB shutdown start
[2026-09-03 10:41:19][info][CrdtDatastore] CancelAndCloseNow: begin (pending_jobs=1, self_queue=0, root_queue=0, pending_roots=0, active_root=false)
[2026-09-03 10:41:19][debug][GraphsyncDAGSyncer] Stopping Dagsyncer
[2026-09-03 10:41:19][debug][GraphsyncDAGSyncer] Dagsyncer Stopped
[2026-09-03 10:41:19][info][CrdtDatastore] CancelAndCloseNow: CRDT workers stopped
[2026-09-03 10:41:19][warning][CrdtDatastore] CancelAndCloseNow called but shutdown has already started
[2026-09-03 10:41:19][debug][GraphsyncDAGSyncer] ~GraphsyncDAGSyncer CALLED
[2026-09-03 10:41:19][info][GlobalDB] GlobalDB shutdown finished
[2026-09-03 10:41:19.266890000][th:579122][error] GossipPubSub Address monitoring timer error: Operation canceled
[2026-09-03 10:41:20][info][KeyPairFileStorage] Path to keypairs multi_node_finality_fault/restart-vote-validator-three/keypair
[2026-09-03 10:41:20][info][KeyPairFileStorage] Peer ID from public key: 12D3KooWAwuviEer3fNH9zD4PL1f56fbfeAu48zDuRooSdvkMBLj
Current limits: 16384 (soft), 9223372036854775807 (hard)
New limits set successfully: 16384 (soft), 9223372036854775807 (hard)
Initialized relay addresses
[2026-09-03 10:41:20.280230000][th:578917][info] GossipPubSub /ip4/0.0.0.0/tcp/54603/p2p/12D3KooWAwuviEer3fNH9zD4PL1f56fbfeAu48zDuRooSdvkMBLj: Starting PubSub service
[2026-09-03 10:41:20.280481000][th:580550][info] GossipPubSub Starting address monitoring system for mobile network changes
[2026-09-03 10:41:20.280492000][th:580550][info] GossipPubSub === CURRENT NETWORK STATE ===
[2026-09-03 10:41:20.280512000][th:580550][info] GossipPubSub Primary listening address: /ip4/0.0.0.0/tcp/54603/p2p/12D3KooWAwuviEer3fNH9zD4PL1f56fbfeAu48zDuRooSdvkMBLj
[2026-09-03 10:41:20.280515000][th:580550][info] GossipPubSub Host peer info addresses (0):
[2026-09-03 10:41:20.280516000][th:580550][info] GossipPubSub Additional addresses we track (0):
[2026-09-03 10:41:20.280518000][th:580550][info] GossipPubSub Listening addresses (1):
[2026-09-03 10:41:20.280519000][th:580550][info] GossipPubSub   -> /ip4/0.0.0.0/tcp/54603/p2p/12D3KooWAwuviEer3fNH9zD4PL1f56fbfeAu48zDuRooSdvkMBLj
[2026-09-03 10:41:20.280521000][th:580550][info] GossipPubSub Interface addresses (0):
[2026-09-03 10:41:20.280522000][th:580550][info] GossipPubSub === RAW OBSERVED ADDRESS DEBUG ===
[2026-09-03 10:41:20.280525000][th:580550][info] GossipPubSub Local address: /ip4/0.0.0.0/tcp/54603/p2p/12D3KooWAwuviEer3fNH9zD4PL1f56fbfeAu48zDuRooSdvkMBLj -> 0 raw observed, 0 activated+confirmed
[2026-09-03 10:41:20.280528000][th:580550][info] GossipPubSub TOTAL: 0 raw observed addresses, 0 activated+confirmed addresses
[2026-09-03 10:41:20.280529000][th:580550][info] GossipPubSub === END RAW OBSERVED ADDRESS DEBUG ===
[2026-09-03 10:41:20.280530000][th:580550][info] GossipPubSub Observed addresses - all (0):
[2026-09-03 10:41:20.280531000][th:580550][info] GossipPubSub Observed addresses - confirmed only (0):
[2026-09-03 10:41:20.280532000][th:580550][info] GossipPubSub Relay addresses (0):
[2026-09-03 10:41:20.280537000][th:580550][warning] GossipPubSub Failed to get addresses from peer repository: not found
[2026-09-03 10:41:20.280632000][th:580550][info] GossipPubSub Found 1 valid network interfaces
[2026-09-03 10:41:20.280640000][th:580550][info] GossipPubSub Current network interfaces (1):
[2026-09-03 10:41:20.280642000][th:580550][info] GossipPubSub   -> 192.168.1.6
[2026-09-03 10:41:20.280644000][th:580550][info] GossipPubSub Active connections: 0
[2026-09-03 10:41:20.280645000][th:580550][info] GossipPubSub === PEER CONNECTION DETAILS ===
[2026-09-03 10:41:20.280646000][th:580550][info] GossipPubSub NOTE: Observed addresses need to be seen by 4+ different peer groups to become 'activated'
[2026-09-03 10:41:20.280647000][th:580550][info] GossipPubSub NOTE: Current connections: 0, so max possible observers: 0
[2026-09-03 10:41:20.280649000][th:580550][info] GossipPubSub === END PEER CONNECTION DETAILS ===
[2026-09-03 10:41:20.280649000][th:580550][info] GossipPubSub Connection manager stats:
[2026-09-03 10:41:20.280651000][th:580550][info] GossipPubSub   -> Max connections: 1000
[2026-09-03 10:41:20.280652000][th:580550][info] GossipPubSub   -> Current connections: 0
[2026-09-03 10:41:20.280653000][th:580550][info] GossipPubSub === END NETWORK STATE ===
[2026-09-03 10:41:20.281153000][th:580550][info] GossipPubSub /ip4/0.0.0.0/tcp/54603/p2p/12D3KooWAwuviEer3fNH9zD4PL1f56fbfeAu48zDuRooSdvkMBLj : PubSub service started
[2026-09-03 10:41:20][info][GlobalDB] Opening database /Users/henriqueklein/gnus/SuperGenius/multi_node_finality_fault/restart-vote-validator-three/rocksdb
[2026-09-03 10:41:20][debug][GraphsyncDAGSyncer] GraphSyncer created 4731219208 
[2026-09-03 10:41:20][info][CrdtDatastore] crdt Datastore created. Number of heads: 2 Current max-height: 18446744073709551615
[2026-09-03 10:41:20][info][GeniusAccount] Secure storage ID path: /Users/henriqueklein/gnus/SuperGenius/multi_node_finality_fault/restart-vote-validator-three/account/secure_storage_id
[2026-09-03 10:41:20][info][GeniusAccount] Loaded public key from file: 6007440d8cd1df09... (length: 128)
[2026-09-03 10:41:20][info][GeniusAccount] Successfully loaded key_seed from storage
[2026-09-03 10:41:20][info][GeniusAccount] Validation successful: key_seed matches stored public key
[2026-09-03 10:41:20][warning][UTXOManager] Skipping malformed UTXO key /utxo-checkpoint/6007440d8cd1df0944bf558c0c9f40ecae4b91d5ffe303796c41cc9e43102fabbf5973a1b12a47fc3de9643b8805ca9e150c1832c574294d0bc577972a8a0839/1
[2026-09-03 10:41:20][warning][UTXOManager] Skipping malformed UTXO key /utxo-checkpoint/6007440d8cd1df0944bf558c0c9f40ecae4b91d5ffe303796c41cc9e43102fabbf5973a1b12a47fc3de9643b8805ca9e150c1832c574294d0bc577972a8a0839/latest
[2026-09-03 10:41:20][info][Blockchain] [6007440d] Blockchain instance created with authorized full node: 8a33bdf1
[2026-09-03 10:41:20][info][ValidatorRegistry] InitializeCache: cache initialized with CID QmVXuWEBDmHkPVgxBamcCx896JseZuiDM4nqU5HKziYtMe
[2026-09-03 10:41:20][info][CRDTCallbackManager] Successfully registered new data callback for pattern: '/?gnus-validator-registry'
[2026-09-03 10:41:20][info][ValidatorRegistry] RegisterFilter: result=true
[2026-09-03 10:41:20][info][ValidatorRegistry] New: instance ready
[2026-09-03 10:41:20.315942000][th:580550][info] GossipPubSub /ip4/0.0.0.0/tcp/54603/p2p/12D3KooWAwuviEer3fNH9zD4PL1f56fbfeAu48zDuRooSdvkMBLj: PubSub subscribed to topic 'gnus-validator-registry.3.7.144'
[2026-09-03 10:41:20.315982000][th:580550][info] GossipPubSub /ip4/0.0.0.0/tcp/54603/p2p/12D3KooWAwuviEer3fNH9zD4PL1f56fbfeAu48zDuRooSdvkMBLj: PubSub subscribed to topic 'consensus-channel-.3.7.144'
[2026-09-03 10:41:20][info][CRDTCallbackManager] Successfully registered new data callback for pattern: '^/?cert/[^/]+'
[2026-09-03 10:41:20.316035000][th:580550][info] GossipPubSub /ip4/0.0.0.0/tcp/54603/p2p/12D3KooWAwuviEer3fNH9zD4PL1f56fbfeAu48zDuRooSdvkMBLj: PubSub subscribed to topic 'consensus-channel-.3.7.144#datastore.3.7.144'
[2026-09-03 10:41:20][info][CRDTCallbackManager] Successfully registered new data callback for pattern: '/?gnus-genesis-block'
[2026-09-03 10:41:20][info][CRDTCallbackManager] Successfully registered new data callback for pattern: '/?gnus-account-creation-.*'
[2026-09-03 10:41:20][info][CRDTCallbackManager] Successfully registered new data callback for pattern: '^/?/bc-144/tx/[^/]+'
[2026-09-03 10:41:20][info][CRDTCallbackManager] Successfully registered deleted data callback for pattern: '^/?/bc-144/tx/[^/]+'
[2026-09-03 10:41:20][info][CRDTCallbackManager] Successfully registered new data callback for pattern: '^/?/bc-963/tx/[^/]+'
[2026-09-03 10:41:20][info][CRDTCallbackManager] Successfully registered deleted data callback for pattern: '^/?/bc-963/tx/[^/]+'
[2026-09-03 10:41:20][info][CRDTCallbackManager] Successfully registered new data callback for pattern: '^/?/bc-369/tx/[^/]+'
[2026-09-03 10:41:20][info][CRDTCallbackManager] Successfully registered deleted data callback for pattern: '^/?/bc-369/tx/[^/]+'
[2026-09-03 10:41:20][info][CRDTCallbackManager] Successfully unregistered new data callback for pattern: '^/?/bc-144/tx/[^/]+'
[2026-09-03 10:41:20][info][CRDTCallbackManager] Successfully unregistered deleted data callback for pattern: '^/?/bc-144/tx/[^/]+'
[2026-09-03 10:41:20][info][CRDTCallbackManager] Successfully unregistered new data callback for pattern: '^/?/bc-963/tx/[^/]+'
[2026-09-03 10:41:20][info][CRDTCallbackManager] Successfully unregistered deleted data callback for pattern: '^/?/bc-963/tx/[^/]+'
[2026-09-03 10:41:20][info][CRDTCallbackManager] Successfully unregistered new data callback for pattern: '^/?/bc-369/tx/[^/]+'
[2026-09-03 10:41:20][info][CRDTCallbackManager] Successfully unregistered deleted data callback for pattern: '^/?/bc-369/tx/[^/]+'
[2026-09-03 10:41:20][info][TransactionManager] [c194ce44 - full: false] ~TransactionManager: Metrics — cert_fallback(success=0 failure=0) validation(approve=1 reject=0) tracking(insert=1 confirm=1 fail=0)
[2026-09-03 10:41:20][info][Blockchain] [c194ce44] Stopping blockchain
[2026-09-03 10:41:20][info][CRDTCallbackManager] Successfully unregistered new data callback for pattern: '/?gnus-genesis-block'
[2026-09-03 10:41:20][info][CRDTCallbackManager] Successfully unregistered new data callback for pattern: '/?gnus-account-creation-.*'
[2026-09-03 10:41:20][info][CRDTCallbackManager] Successfully unregistered new data callback for pattern: '/?gnus-validator-registry'
[2026-09-03 10:41:20][debug][GlobalDB] ~GlobalDB CALLED with count 6 on multi_node_finality_fault/restart-vote-passive/rocksdb 
[2026-09-03 10:41:20][info][GlobalDB] GlobalDB shutdown start
[2026-09-03 10:41:20][info][CrdtDatastore] CancelAndCloseNow: begin (pending_jobs=1, self_queue=0, root_queue=0, pending_roots=0, active_root=false)
[2026-09-03 10:41:20][debug][GraphsyncDAGSyncer] Stopping Dagsyncer
[2026-09-03 10:41:20][debug][GraphsyncDAGSyncer] Dagsyncer Stopped
[2026-09-03 10:41:20][info][CrdtDatastore] CancelAndCloseNow: CRDT workers stopped
[2026-09-03 10:41:20][warning][CrdtDatastore] CancelAndCloseNow called but shutdown has already started
[2026-09-03 10:41:20][debug][GraphsyncDAGSyncer] ~GraphsyncDAGSyncer CALLED
[2026-09-03 10:41:20][info][GlobalDB] GlobalDB shutdown finished
[2026-09-03 10:41:20.320957000][th:579151][error] GossipPubSub Address monitoring timer error: Operation canceled
[2026-09-03 10:41:21][info][KeyPairFileStorage] Path to keypairs multi_node_finality_fault/restart-vote-passive/keypair
[2026-09-03 10:41:21][info][KeyPairFileStorage] Peer ID from public key: 12D3KooWL4RydDv3w8awPqc7kS1R1TS3MhF3UYu52vcQTFoEzpvb
Current limits: 16384 (soft), 9223372036854775807 (hard)
New limits set successfully: 16384 (soft), 9223372036854775807 (hard)
Initialized relay addresses
[2026-09-03 10:41:21.336690000][th:578917][info] GossipPubSub /ip4/0.0.0.0/tcp/54604/p2p/12D3KooWL4RydDv3w8awPqc7kS1R1TS3MhF3UYu52vcQTFoEzpvb: Starting PubSub service
[2026-09-03 10:41:21.336918000][th:580648][info] GossipPubSub Starting address monitoring system for mobile network changes
[2026-09-03 10:41:21.336928000][th:580648][info] GossipPubSub === CURRENT NETWORK STATE ===
[2026-09-03 10:41:21.336948000][th:580648][info] GossipPubSub Primary listening address: /ip4/0.0.0.0/tcp/54604/p2p/12D3KooWL4RydDv3w8awPqc7kS1R1TS3MhF3UYu52vcQTFoEzpvb
[2026-09-03 10:41:21.336951000][th:580648][info] GossipPubSub Host peer info addresses (0):
[2026-09-03 10:41:21.336952000][th:580648][info] GossipPubSub Additional addresses we track (0):
[2026-09-03 10:41:21.336954000][th:580648][info] GossipPubSub Listening addresses (1):
[2026-09-03 10:41:21.336955000][th:580648][info] GossipPubSub   -> /ip4/0.0.0.0/tcp/54604/p2p/12D3KooWL4RydDv3w8awPqc7kS1R1TS3MhF3UYu52vcQTFoEzpvb
[2026-09-03 10:41:21.336956000][th:580648][info] GossipPubSub Interface addresses (0):
[2026-09-03 10:41:21.336957000][th:580648][info] GossipPubSub === RAW OBSERVED ADDRESS DEBUG ===
[2026-09-03 10:41:21.336960000][th:580648][info] GossipPubSub Local address: /ip4/0.0.0.0/tcp/54604/p2p/12D3KooWL4RydDv3w8awPqc7kS1R1TS3MhF3UYu52vcQTFoEzpvb -> 0 raw observed, 0 activated+confirmed
[2026-09-03 10:41:21.336962000][th:580648][info] GossipPubSub TOTAL: 0 raw observed addresses, 0 activated+confirmed addresses
[2026-09-03 10:41:21.336963000][th:580648][info] GossipPubSub === END RAW OBSERVED ADDRESS DEBUG ===
[2026-09-03 10:41:21.336964000][th:580648][info] GossipPubSub Observed addresses - all (0):
[2026-09-03 10:41:21.336965000][th:580648][info] GossipPubSub Observed addresses - confirmed only (0):
[2026-09-03 10:41:21.336966000][th:580648][info] GossipPubSub Relay addresses (0):
[2026-09-03 10:41:21.336970000][th:580648][warning] GossipPubSub Failed to get addresses from peer repository: not found
[2026-09-03 10:41:21.337066000][th:580648][info] GossipPubSub Found 1 valid network interfaces
[2026-09-03 10:41:21.337073000][th:580648][info] GossipPubSub Current network interfaces (1):
[2026-09-03 10:41:21.337074000][th:580648][info] GossipPubSub   -> 192.168.1.6
[2026-09-03 10:41:21.337076000][th:580648][info] GossipPubSub Active connections: 0
[2026-09-03 10:41:21.337077000][th:580648][info] GossipPubSub === PEER CONNECTION DETAILS ===
[2026-09-03 10:41:21.337091000][th:580648][info] GossipPubSub NOTE: Observed addresses need to be seen by 4+ different peer groups to become 'activated'
[2026-09-03 10:41:21.337093000][th:580648][info] GossipPubSub NOTE: Current connections: 0, so max possible observers: 0
[2026-09-03 10:41:21.337093000][th:580648][info] GossipPubSub === END PEER CONNECTION DETAILS ===
[2026-09-03 10:41:21.337094000][th:580648][info] GossipPubSub Connection manager stats:
[2026-09-03 10:41:21.337096000][th:580648][info] GossipPubSub   -> Max connections: 1000
[2026-09-03 10:41:21.337097000][th:580648][info] GossipPubSub   -> Current connections: 0
[2026-09-03 10:41:21.337098000][th:580648][info] GossipPubSub === END NETWORK STATE ===
[2026-09-03 10:41:21.337576000][th:580648][info] GossipPubSub /ip4/0.0.0.0/tcp/54604/p2p/12D3KooWL4RydDv3w8awPqc7kS1R1TS3MhF3UYu52vcQTFoEzpvb : PubSub service started
[2026-09-03 10:41:21][info][GlobalDB] Opening database /Users/henriqueklein/gnus/SuperGenius/multi_node_finality_fault/restart-vote-passive/rocksdb
[2026-09-03 10:41:21][debug][GraphsyncDAGSyncer] GraphSyncer created 4731233400 
[2026-09-03 10:41:21][info][CrdtDatastore] crdt Datastore created. Number of heads: 2 Current max-height: 18446744073709551615
[2026-09-03 10:41:21][info][GeniusAccount] Secure storage ID path: /Users/henriqueklein/gnus/SuperGenius/multi_node_finality_fault/restart-vote-passive/account/secure_storage_id
[2026-09-03 10:41:21][info][GeniusAccount] Loaded public key from file: c194ce445da1e6f2... (length: 128)
[2026-09-03 10:41:21][info][GeniusAccount] Successfully loaded key_seed from storage
[2026-09-03 10:41:21][info][GeniusAccount] Validation successful: key_seed matches stored public key
[2026-09-03 10:41:21][warning][UTXOManager] Skipping malformed UTXO key /utxo-checkpoint/c194ce445da1e6f2453163e417ee637ae4e1eea2e1b81e42dd3ae0f049d9b978f2e8e4a2fc4b049fec6d663a2745b9581045f0eaef3831b9935c8af9703a5050/1
[2026-09-03 10:41:21][warning][UTXOManager] Skipping malformed UTXO key /utxo-checkpoint/c194ce445da1e6f2453163e417ee637ae4e1eea2e1b81e42dd3ae0f049d9b978f2e8e4a2fc4b049fec6d663a2745b9581045f0eaef3831b9935c8af9703a5050/latest
[2026-09-03 10:41:21][info][Blockchain] [c194ce44] Blockchain instance created with authorized full node: 8a33bdf1
[2026-09-03 10:41:21][info][ValidatorRegistry] InitializeCache: cache initialized with CID QmVXuWEBDmHkPVgxBamcCx896JseZuiDM4nqU5HKziYtMe
[2026-09-03 10:41:21][info][CRDTCallbackManager] Successfully registered new data callback for pattern: '/?gnus-validator-registry'
[2026-09-03 10:41:21][info][ValidatorRegistry] RegisterFilter: result=true
[2026-09-03 10:41:21][info][ValidatorRegistry] New: instance ready
[2026-09-03 10:41:21.369851000][th:580648][info] GossipPubSub /ip4/0.0.0.0/tcp/54604/p2p/12D3KooWL4RydDv3w8awPqc7kS1R1TS3MhF3UYu52vcQTFoEzpvb: PubSub subscribed to topic 'gnus-validator-registry.3.7.144'
[2026-09-03 10:41:21.369882000][th:580648][info] GossipPubSub /ip4/0.0.0.0/tcp/54604/p2p/12D3KooWL4RydDv3w8awPqc7kS1R1TS3MhF3UYu52vcQTFoEzpvb: PubSub subscribed to topic 'consensus-channel-.3.7.144'
[2026-09-03 10:41:21][info][CRDTCallbackManager] Successfully registered new data callback for pattern: '^/?cert/[^/]+'
[2026-09-03 10:41:21.369929000][th:580648][info] GossipPubSub /ip4/0.0.0.0/tcp/54604/p2p/12D3KooWL4RydDv3w8awPqc7kS1R1TS3MhF3UYu52vcQTFoEzpvb: PubSub subscribed to topic 'consensus-channel-.3.7.144#datastore.3.7.144'
[2026-09-03 10:41:21][info][CRDTCallbackManager] Successfully registered new data callback for pattern: '/?gnus-genesis-block'
[2026-09-03 10:41:21][info][CRDTCallbackManager] Successfully registered new data callback for pattern: '/?gnus-account-creation-.*'
[2026-09-03 10:41:21][info][CRDTCallbackManager] Successfully registered new data callback for pattern: '^/?/bc-144/tx/[^/]+'
[2026-09-03 10:41:21][info][CRDTCallbackManager] Successfully registered deleted data callback for pattern: '^/?/bc-144/tx/[^/]+'
[2026-09-03 10:41:21][info][CRDTCallbackManager] Successfully registered new data callback for pattern: '^/?/bc-963/tx/[^/]+'
[2026-09-03 10:41:21][info][CRDTCallbackManager] Successfully registered deleted data callback for pattern: '^/?/bc-963/tx/[^/]+'
[2026-09-03 10:41:21][info][CRDTCallbackManager] Successfully registered new data callback for pattern: '^/?/bc-369/tx/[^/]+'
[2026-09-03 10:41:21][info][CRDTCallbackManager] Successfully registered deleted data callback for pattern: '^/?/bc-369/tx/[^/]+'
[2026-09-03 10:41:21.370287000][th:580292][info] GossipPubSub Adding new peer: 12D3KooWNsLrm9h5ThkQSHeuRVWS7oaqiyqwD8NJydK2Rb2U1KnR
[2026-09-03 10:41:21.370482000][th:580292][info] GossipPubSub Adding new peer: 12D3KooWAwuviEer3fNH9zD4PL1f56fbfeAu48zDuRooSdvkMBLj
[2026-09-03 10:41:21.370575000][th:580292][info] GossipPubSub Adding new peer: 12D3KooWL4RydDv3w8awPqc7kS1R1TS3MhF3UYu52vcQTFoEzpvb
[2026-09-03 10:41:21.370645000][th:580459][info] GossipPubSub Adding new peer: 12D3KooWSdFDMWiPZWftYroEuqecstorbJuqQawePC8HoZh5YAm6
[2026-09-03 10:41:21.370725000][th:580459][info] GossipPubSub Adding new peer: 12D3KooWAwuviEer3fNH9zD4PL1f56fbfeAu48zDuRooSdvkMBLj
[2026-09-03 10:41:21.370802000][th:580459][info] GossipPubSub Adding new peer: 12D3KooWL4RydDv3w8awPqc7kS1R1TS3MhF3UYu52vcQTFoEzpvb
[2026-09-03 10:41:21.370878000][th:580550][info] GossipPubSub Adding new peer: 12D3KooWSdFDMWiPZWftYroEuqecstorbJuqQawePC8HoZh5YAm6
[2026-09-03 10:41:21.371004000][th:580550][info] GossipPubSub Adding new peer: 12D3KooWNsLrm9h5ThkQSHeuRVWS7oaqiyqwD8NJydK2Rb2U1KnR
[2026-09-03 10:41:21.371147000][th:580550][info] GossipPubSub Adding new peer: 12D3KooWL4RydDv3w8awPqc7kS1R1TS3MhF3UYu52vcQTFoEzpvb
[2026-09-03 10:41:21.371205000][th:580648][info] GossipPubSub Adding new peer: 12D3KooWSdFDMWiPZWftYroEuqecstorbJuqQawePC8HoZh5YAm6
[2026-09-03 10:41:21.371292000][th:580648][info] GossipPubSub Adding new peer: 12D3KooWNsLrm9h5ThkQSHeuRVWS7oaqiyqwD8NJydK2Rb2U1KnR
[2026-09-03 10:41:21.371358000][th:580648][info] GossipPubSub Adding new peer: 12D3KooWAwuviEer3fNH9zD4PL1f56fbfeAu48zDuRooSdvkMBLj
[2026-09-03 10:41:21][info][CRDTCallbackManager] Successfully unregistered new data callback for pattern: '^/?/bc-144/tx/[^/]+'
[2026-09-03 10:41:21][info][CRDTCallbackManager] Successfully unregistered deleted data callback for pattern: '^/?/bc-144/tx/[^/]+'
[2026-09-03 10:41:21][info][CRDTCallbackManager] Successfully unregistered new data callback for pattern: '^/?/bc-963/tx/[^/]+'
[2026-09-03 10:41:21][info][CRDTCallbackManager] Successfully unregistered deleted data callback for pattern: '^/?/bc-963/tx/[^/]+'
[2026-09-03 10:41:21][info][CRDTCallbackManager] Successfully unregistered new data callback for pattern: '^/?/bc-369/tx/[^/]+'
[2026-09-03 10:41:21][info][CRDTCallbackManager] Successfully unregistered deleted data callback for pattern: '^/?/bc-369/tx/[^/]+'
[2026-09-03 10:41:21][info][TransactionManager] [e21e55db - full: false] ~TransactionManager: Metrics — cert_fallback(success=0 failure=0) validation(approve=0 reject=0) tracking(insert=0 confirm=0 fail=0)
[2026-09-03 10:41:21][info][Blockchain] [e21e55db] Stopping blockchain
[2026-09-03 10:41:21][info][CRDTCallbackManager] Successfully unregistered new data callback for pattern: '/?gnus-genesis-block'
[2026-09-03 10:41:21][info][CRDTCallbackManager] Successfully unregistered new data callback for pattern: '/?gnus-account-creation-.*'
[2026-09-03 10:41:21][info][CRDTCallbackManager] Successfully unregistered new data callback for pattern: '/?gnus-validator-registry'
[2026-09-03 10:41:21][debug][GlobalDB] ~GlobalDB CALLED with count 6 on multi_node_finality_fault/restart-vote-validator-one/rocksdb 
[2026-09-03 10:41:21][info][GlobalDB] GlobalDB shutdown start
[2026-09-03 10:41:21][info][CrdtDatastore] CancelAndCloseNow: begin (pending_jobs=0, self_queue=0, root_queue=0, pending_roots=0, active_root=false)
[2026-09-03 10:41:21][debug][GraphsyncDAGSyncer] Stopping Dagsyncer
[2026-09-03 10:41:21][debug][GraphsyncDAGSyncer] Dagsyncer Stopped
[2026-09-03 10:41:21][info][CrdtDatastore] CancelAndCloseNow: CRDT workers stopped
[2026-09-03 10:41:21][warning][CrdtDatastore] CancelAndCloseNow called but shutdown has already started
[2026-09-03 10:41:21][debug][GraphsyncDAGSyncer] ~GraphsyncDAGSyncer CALLED
[2026-09-03 10:41:21][info][GlobalDB] GlobalDB shutdown finished
[2026-09-03 10:41:21.785337000][th:580292][error] GossipPubSub Address monitoring timer error: Operation canceled
[2026-09-03 10:41:22][info][CRDTCallbackManager] Successfully unregistered new data callback for pattern: '^/?/bc-144/tx/[^/]+'
[2026-09-03 10:41:22][info][CRDTCallbackManager] Successfully unregistered deleted data callback for pattern: '^/?/bc-144/tx/[^/]+'
[2026-09-03 10:41:22][info][CRDTCallbackManager] Successfully unregistered new data callback for pattern: '^/?/bc-963/tx/[^/]+'
[2026-09-03 10:41:22][info][CRDTCallbackManager] Successfully unregistered deleted data callback for pattern: '^/?/bc-963/tx/[^/]+'
[2026-09-03 10:41:22][info][CRDTCallbackManager] Successfully unregistered new data callback for pattern: '^/?/bc-369/tx/[^/]+'
[2026-09-03 10:41:22][info][CRDTCallbackManager] Successfully unregistered deleted data callback for pattern: '^/?/bc-369/tx/[^/]+'
[2026-09-03 10:41:22][info][TransactionManager] [d013fc03 - full: false] ~TransactionManager: Metrics — cert_fallback(success=0 failure=0) validation(approve=0 reject=0) tracking(insert=0 confirm=0 fail=0)
[2026-09-03 10:41:22][info][Blockchain] [d013fc03] Stopping blockchain
[2026-09-03 10:41:22][info][CRDTCallbackManager] Successfully unregistered new data callback for pattern: '/?gnus-genesis-block'
[2026-09-03 10:41:22][info][CRDTCallbackManager] Successfully unregistered new data callback for pattern: '/?gnus-account-creation-.*'
[2026-09-03 10:41:22][info][CRDTCallbackManager] Successfully unregistered new data callback for pattern: '/?gnus-validator-registry'
[2026-09-03 10:41:22][debug][GlobalDB] ~GlobalDB CALLED with count 6 on multi_node_finality_fault/restart-vote-validator-two/rocksdb 
[2026-09-03 10:41:22][info][GlobalDB] GlobalDB shutdown start
[2026-09-03 10:41:22][info][CrdtDatastore] CancelAndCloseNow: begin (pending_jobs=0, self_queue=0, root_queue=0, pending_roots=0, active_root=false)
[2026-09-03 10:41:22][debug][GraphsyncDAGSyncer] Stopping Dagsyncer
[2026-09-03 10:41:22][debug][GraphsyncDAGSyncer] Dagsyncer Stopped
[2026-09-03 10:41:23][info][CrdtDatastore] CancelAndCloseNow: CRDT workers stopped
[2026-09-03 10:41:23][warning][CrdtDatastore] CancelAndCloseNow called but shutdown has already started
[2026-09-03 10:41:23][debug][GraphsyncDAGSyncer] ~GraphsyncDAGSyncer CALLED
[2026-09-03 10:41:23][info][GlobalDB] GlobalDB shutdown finished
[2026-09-03 10:41:23.302133000][th:580459][error] GossipPubSub Address monitoring timer error: Operation canceled
[2026-09-03 10:41:24][info][CRDTCallbackManager] Successfully unregistered new data callback for pattern: '^/?/bc-144/tx/[^/]+'
[2026-09-03 10:41:24][info][CRDTCallbackManager] Successfully unregistered deleted data callback for pattern: '^/?/bc-144/tx/[^/]+'
[2026-09-03 10:41:24][info][CRDTCallbackManager] Successfully unregistered new data callback for pattern: '^/?/bc-963/tx/[^/]+'
[2026-09-03 10:41:24][info][CRDTCallbackManager] Successfully unregistered deleted data callback for pattern: '^/?/bc-963/tx/[^/]+'
[2026-09-03 10:41:24][info][CRDTCallbackManager] Successfully unregistered new data callback for pattern: '^/?/bc-369/tx/[^/]+'
[2026-09-03 10:41:24][info][CRDTCallbackManager] Successfully unregistered deleted data callback for pattern: '^/?/bc-369/tx/[^/]+'
[2026-09-03 10:41:24][info][TransactionManager] [6007440d - full: false] ~TransactionManager: Metrics — cert_fallback(success=0 failure=0) validation(approve=0 reject=0) tracking(insert=0 confirm=0 fail=0)
[2026-09-03 10:41:24][info][Blockchain] [6007440d] Stopping blockchain
[2026-09-03 10:41:24][info][CRDTCallbackManager] Successfully unregistered new data callback for pattern: '/?gnus-genesis-block'
[2026-09-03 10:41:24][info][CRDTCallbackManager] Successfully unregistered new data callback for pattern: '/?gnus-account-creation-.*'
[2026-09-03 10:41:24][info][CRDTCallbackManager] Successfully unregistered new data callback for pattern: '/?gnus-validator-registry'
[2026-09-03 10:41:24][debug][GlobalDB] ~GlobalDB CALLED with count 6 on multi_node_finality_fault/restart-vote-validator-three/rocksdb 
[2026-09-03 10:41:24][info][GlobalDB] GlobalDB shutdown start
[2026-09-03 10:41:24][info][CrdtDatastore] CancelAndCloseNow: begin (pending_jobs=0, self_queue=0, root_queue=0, pending_roots=0, active_root=false)
[2026-09-03 10:41:24][debug][GraphsyncDAGSyncer] Stopping Dagsyncer
[2026-09-03 10:41:24][debug][GraphsyncDAGSyncer] Dagsyncer Stopped
[2026-09-03 10:41:24][info][CrdtDatastore] CancelAndCloseNow: CRDT workers stopped
[2026-09-03 10:41:24][warning][CrdtDatastore] CancelAndCloseNow called but shutdown has already started
[2026-09-03 10:41:24][debug][GraphsyncDAGSyncer] ~GraphsyncDAGSyncer CALLED
[2026-09-03 10:41:24][info][GlobalDB] GlobalDB shutdown finished
[2026-09-03 10:41:24.369078000][th:580550][error] GossipPubSub Address monitoring timer error: Operation canceled
[2026-09-03 10:41:25][info][CRDTCallbackManager] Successfully unregistered new data callback for pattern: '^/?/bc-144/tx/[^/]+'
[2026-09-03 10:41:25][info][CRDTCallbackManager] Successfully unregistered deleted data callback for pattern: '^/?/bc-144/tx/[^/]+'
[2026-09-03 10:41:25][info][CRDTCallbackManager] Successfully unregistered new data callback for pattern: '^/?/bc-963/tx/[^/]+'
[2026-09-03 10:41:25][info][CRDTCallbackManager] Successfully unregistered deleted data callback for pattern: '^/?/bc-963/tx/[^/]+'
[2026-09-03 10:41:25][info][CRDTCallbackManager] Successfully unregistered new data callback for pattern: '^/?/bc-369/tx/[^/]+'
[2026-09-03 10:41:25][info][CRDTCallbackManager] Successfully unregistered deleted data callback for pattern: '^/?/bc-369/tx/[^/]+'
[2026-09-03 10:41:25][info][TransactionManager] [c194ce44 - full: false] ~TransactionManager: Metrics — cert_fallback(success=0 failure=0) validation(approve=0 reject=0) tracking(insert=0 confirm=0 fail=0)
[2026-09-03 10:41:25][info][Blockchain] [c194ce44] Stopping blockchain
[2026-09-03 10:41:25][info][CRDTCallbackManager] Successfully unregistered new data callback for pattern: '/?gnus-genesis-block'
[2026-09-03 10:41:25][info][CRDTCallbackManager] Successfully unregistered new data callback for pattern: '/?gnus-account-creation-.*'
[2026-09-03 10:41:25][info][CRDTCallbackManager] Successfully unregistered new data callback for pattern: '/?gnus-validator-registry'
[2026-09-03 10:41:25][debug][GlobalDB] ~GlobalDB CALLED with count 6 on multi_node_finality_fault/restart-vote-passive/rocksdb 
[2026-09-03 10:41:25][info][GlobalDB] GlobalDB shutdown start
[2026-09-03 10:41:25][info][CrdtDatastore] CancelAndCloseNow: begin (pending_jobs=0, self_queue=0, root_queue=0, pending_roots=0, active_root=false)
[2026-09-03 10:41:25][debug][GraphsyncDAGSyncer] Stopping Dagsyncer
[2026-09-03 10:41:25][debug][GraphsyncDAGSyncer] Dagsyncer Stopped
[2026-09-03 10:41:25][info][CrdtDatastore] CancelAndCloseNow: CRDT workers stopped
[2026-09-03 10:41:25][warning][CrdtDatastore] CancelAndCloseNow called but shutdown has already started
[2026-09-03 10:41:25][debug][GraphsyncDAGSyncer] ~GraphsyncDAGSyncer CALLED
[2026-09-03 10:41:25][info][GlobalDB] GlobalDB shutdown finished
[2026-09-03 10:41:25.414292000][th:580648][error] GossipPubSub Address monitoring timer error: Operation canceled
[2026-09-03 10:41:26][info][KeyPairFileStorage] Path to keypairs multi_node_finality_fault/restart-certificate-validator-one/keypair
[2026-09-03 10:41:26][info][KeyPairFileStorage] Peer ID from public key: 12D3KooWRH4QqUgsjP7q66hJM39bqbcYGtR2KyCwYVN8pRXwCpju
Current limits: 16384 (soft), 9223372036854775807 (hard)
New limits set successfully: 16384 (soft), 9223372036854775807 (hard)
Initialized relay addresses
[2026-09-03 10:41:26.430740000][th:578917][info] GossipPubSub /ip4/0.0.0.0/tcp/54611/p2p/12D3KooWRH4QqUgsjP7q66hJM39bqbcYGtR2KyCwYVN8pRXwCpju: Starting PubSub service
[2026-09-03 10:41:26.431071000][th:581063][info] GossipPubSub Starting address monitoring system for mobile network changes
[2026-09-03 10:41:26.431083000][th:581063][info] GossipPubSub === CURRENT NETWORK STATE ===
[2026-09-03 10:41:26.431102000][th:581063][info] GossipPubSub Primary listening address: /ip4/0.0.0.0/tcp/54611/p2p/12D3KooWRH4QqUgsjP7q66hJM39bqbcYGtR2KyCwYVN8pRXwCpju
[2026-09-03 10:41:26.431104000][th:581063][info] GossipPubSub Host peer info addresses (0):
[2026-09-03 10:41:26.431106000][th:581063][info] GossipPubSub Additional addresses we track (0):
[2026-09-03 10:41:26.431108000][th:581063][info] GossipPubSub Listening addresses (1):
[2026-09-03 10:41:26.431109000][th:581063][info] GossipPubSub   -> /ip4/0.0.0.0/tcp/54611/p2p/12D3KooWRH4QqUgsjP7q66hJM39bqbcYGtR2KyCwYVN8pRXwCpju
[2026-09-03 10:41:26.431111000][th:581063][info] GossipPubSub Interface addresses (0):
[2026-09-03 10:41:26.431112000][th:581063][info] GossipPubSub === RAW OBSERVED ADDRESS DEBUG ===
[2026-09-03 10:41:26.431115000][th:581063][info] GossipPubSub Local address: /ip4/0.0.0.0/tcp/54611/p2p/12D3KooWRH4QqUgsjP7q66hJM39bqbcYGtR2KyCwYVN8pRXwCpju -> 0 raw observed, 0 activated+confirmed
[2026-09-03 10:41:26.431117000][th:581063][info] GossipPubSub TOTAL: 0 raw observed addresses, 0 activated+confirmed addresses
[2026-09-03 10:41:26.431118000][th:581063][info] GossipPubSub === END RAW OBSERVED ADDRESS DEBUG ===
[2026-09-03 10:41:26.431120000][th:581063][info] GossipPubSub Observed addresses - all (0):
[2026-09-03 10:41:26.431121000][th:581063][info] GossipPubSub Observed addresses - confirmed only (0):
[2026-09-03 10:41:26.431122000][th:581063][info] GossipPubSub Relay addresses (0):
[2026-09-03 10:41:26.431127000][th:581063][warning] GossipPubSub Failed to get addresses from peer repository: not found
[2026-09-03 10:41:26.431227000][th:581063][info] GossipPubSub Found 1 valid network interfaces
[2026-09-03 10:41:26.431235000][th:581063][info] GossipPubSub Current network interfaces (1):
[2026-09-03 10:41:26.431237000][th:581063][info] GossipPubSub   -> 192.168.1.6
[2026-09-03 10:41:26.431239000][th:581063][info] GossipPubSub Active connections: 0
[2026-09-03 10:41:26.431240000][th:581063][info] GossipPubSub === PEER CONNECTION DETAILS ===
[2026-09-03 10:41:26.431241000][th:581063][info] GossipPubSub NOTE: Observed addresses need to be seen by 4+ different peer groups to become 'activated'
[2026-09-03 10:41:26.431243000][th:581063][info] GossipPubSub NOTE: Current connections: 0, so max possible observers: 0
[2026-09-03 10:41:26.431244000][th:581063][info] GossipPubSub === END PEER CONNECTION DETAILS ===
[2026-09-03 10:41:26.431245000][th:581063][info] GossipPubSub Connection manager stats:
[2026-09-03 10:41:26.431247000][th:581063][info] GossipPubSub   -> Max connections: 1000
[2026-09-03 10:41:26.431248000][th:581063][info] GossipPubSub   -> Current connections: 0
[2026-09-03 10:41:26.431251000][th:581063][info] GossipPubSub === END NETWORK STATE ===
[2026-09-03 10:41:26.431709000][th:581063][info] GossipPubSub /ip4/0.0.0.0/tcp/54611/p2p/12D3KooWRH4QqUgsjP7q66hJM39bqbcYGtR2KyCwYVN8pRXwCpju : PubSub service started
[2026-09-03 10:41:26][info][GlobalDB] Opening database /Users/henriqueklein/gnus/SuperGenius/multi_node_finality_fault/restart-certificate-validator-one/rocksdb
[2026-09-03 10:41:26][debug][GraphsyncDAGSyncer] GraphSyncer created 4731193144 
[2026-09-03 10:41:26][info][CrdtDatastore] crdt Datastore created. Number of heads: 0 Current max-height: 0
[2026-09-03 10:41:26][info][GeniusAccount] Secure storage ID path: /Users/henriqueklein/gnus/SuperGenius/multi_node_finality_fault/restart-certificate-validator-one/account/secure_storage_id
[2026-09-03 10:41:26][error][GeniusAccount] Could not find existing Genius address, generating one from a random mnemonic
[2026-09-03 10:41:26][warning][UTXOManager] Found UTXOs in storage, but there were none
[2026-09-03 10:41:26][info][Blockchain] [ad9fc26f] Blockchain instance created with authorized full node: 8a33bdf1
[2026-09-03 10:41:26][error][ValidatorRegistry] InitializeCache: registry content not found during cache init
[2026-09-03 10:41:26][info][CRDTCallbackManager] Successfully registered new data callback for pattern: '/?gnus-validator-registry'
[2026-09-03 10:41:26][info][ValidatorRegistry] RegisterFilter: result=true
[2026-09-03 10:41:26][info][ValidatorRegistry] New: instance ready
[2026-09-03 10:41:26.487065000][th:581063][info] GossipPubSub /ip4/0.0.0.0/tcp/54611/p2p/12D3KooWRH4QqUgsjP7q66hJM39bqbcYGtR2KyCwYVN8pRXwCpju: PubSub subscribed to topic 'gnus-validator-registry.3.7.144'
[2026-09-03 10:41:26.487103000][th:581063][info] GossipPubSub /ip4/0.0.0.0/tcp/54611/p2p/12D3KooWRH4QqUgsjP7q66hJM39bqbcYGtR2KyCwYVN8pRXwCpju: PubSub subscribed to topic 'consensus-channel-.3.7.144'
[2026-09-03 10:41:26][info][CRDTCallbackManager] Successfully registered new data callback for pattern: '^/?cert/[^/]+'
[2026-09-03 10:41:26.487132000][th:581063][info] GossipPubSub /ip4/0.0.0.0/tcp/54611/p2p/12D3KooWRH4QqUgsjP7q66hJM39bqbcYGtR2KyCwYVN8pRXwCpju: PubSub subscribed to topic 'consensus-channel-.3.7.144#datastore.3.7.144'
[2026-09-03 10:41:26][warning][Blockchain] [ad9fc26f] Failed to request validator registry during blockchain init
[2026-09-03 10:41:26][info][CRDTCallbackManager] Successfully registered new data callback for pattern: '/?gnus-genesis-block'
[2026-09-03 10:41:26][info][CRDTCallbackManager] Successfully registered new data callback for pattern: '/?gnus-account-creation-.*'
[2026-09-03 10:41:26][info][CRDTCallbackManager] Successfully registered new data callback for pattern: '^/?/bc-144/tx/[^/]+'
[2026-09-03 10:41:26][info][CRDTCallbackManager] Successfully registered deleted data callback for pattern: '^/?/bc-144/tx/[^/]+'
[2026-09-03 10:41:26][info][CRDTCallbackManager] Successfully registered new data callback for pattern: '^/?/bc-963/tx/[^/]+'
[2026-09-03 10:41:26][info][CRDTCallbackManager] Successfully registered deleted data callback for pattern: '^/?/bc-963/tx/[^/]+'
[2026-09-03 10:41:26][info][CRDTCallbackManager] Successfully registered new data callback for pattern: '^/?/bc-369/tx/[^/]+'
[2026-09-03 10:41:26][info][CRDTCallbackManager] Successfully registered deleted data callback for pattern: '^/?/bc-369/tx/[^/]+'
[2026-09-03 10:41:26][info][KeyPairFileStorage] Path to keypairs multi_node_finality_fault/restart-certificate-validator-two/keypair
[2026-09-03 10:41:26][info][KeyPairFileStorage] Peer ID from public key: 12D3KooWHfCcAunB7LLuUKc9LxsV8bTkjpx62KDqUvBHpgLc5aAo
Current limits: 16384 (soft), 9223372036854775807 (hard)
New limits set successfully: 16384 (soft), 9223372036854775807 (hard)
Initialized relay addresses
[2026-09-03 10:41:26.490271000][th:578917][info] GossipPubSub /ip4/0.0.0.0/tcp/54612/p2p/12D3KooWHfCcAunB7LLuUKc9LxsV8bTkjpx62KDqUvBHpgLc5aAo: Starting PubSub service
[2026-09-03 10:41:26.490429000][th:581090][info] GossipPubSub Starting address monitoring system for mobile network changes
[2026-09-03 10:41:26.490433000][th:581090][info] GossipPubSub === CURRENT NETWORK STATE ===
[2026-09-03 10:41:26.490448000][th:581090][info] GossipPubSub Primary listening address: /ip4/0.0.0.0/tcp/54612/p2p/12D3KooWHfCcAunB7LLuUKc9LxsV8bTkjpx62KDqUvBHpgLc5aAo
[2026-09-03 10:41:26.490450000][th:581090][info] GossipPubSub Host peer info addresses (0):
[2026-09-03 10:41:26.490452000][th:581090][info] GossipPubSub Additional addresses we track (0):
[2026-09-03 10:41:26.490453000][th:581090][info] GossipPubSub Listening addresses (1):
[2026-09-03 10:41:26.490454000][th:581090][info] GossipPubSub   -> /ip4/0.0.0.0/tcp/54612/p2p/12D3KooWHfCcAunB7LLuUKc9LxsV8bTkjpx62KDqUvBHpgLc5aAo
[2026-09-03 10:41:26.490455000][th:581090][info] GossipPubSub Interface addresses (0):
[2026-09-03 10:41:26.490456000][th:581090][info] GossipPubSub === RAW OBSERVED ADDRESS DEBUG ===
[2026-09-03 10:41:26.490459000][th:581090][info] GossipPubSub Local address: /ip4/0.0.0.0/tcp/54612/p2p/12D3KooWHfCcAunB7LLuUKc9LxsV8bTkjpx62KDqUvBHpgLc5aAo -> 0 raw observed, 0 activated+confirmed
[2026-09-03 10:41:26.490461000][th:581090][info] GossipPubSub TOTAL: 0 raw observed addresses, 0 activated+confirmed addresses
[2026-09-03 10:41:26.490462000][th:581090][info] GossipPubSub === END RAW OBSERVED ADDRESS DEBUG ===
[2026-09-03 10:41:26.490464000][th:581090][info] GossipPubSub Observed addresses - all (0):
[2026-09-03 10:41:26.490465000][th:581090][info] GossipPubSub Observed addresses - confirmed only (0):
[2026-09-03 10:41:26.490466000][th:581090][info] GossipPubSub Relay addresses (0):
[2026-09-03 10:41:26.490469000][th:581090][warning] GossipPubSub Failed to get addresses from peer repository: not found
[2026-09-03 10:41:26.490551000][th:581090][info] GossipPubSub Found 1 valid network interfaces
[2026-09-03 10:41:26.490556000][th:581090][info] GossipPubSub Current network interfaces (1):
[2026-09-03 10:41:26.490557000][th:581090][info] GossipPubSub   -> 192.168.1.6
[2026-09-03 10:41:26.490559000][th:581090][info] GossipPubSub Active connections: 0
[2026-09-03 10:41:26.490559000][th:581090][info] GossipPubSub === PEER CONNECTION DETAILS ===
[2026-09-03 10:41:26.490560000][th:581090][info] GossipPubSub NOTE: Observed addresses need to be seen by 4+ different peer groups to become 'activated'
[2026-09-03 10:41:26.490561000][th:581090][info] GossipPubSub NOTE: Current connections: 0, so max possible observers: 0
[2026-09-03 10:41:26.490562000][th:581090][info] GossipPubSub === END PEER CONNECTION DETAILS ===
[2026-09-03 10:41:26.490563000][th:581090][info] GossipPubSub Connection manager stats:
[2026-09-03 10:41:26.490564000][th:581090][info] GossipPubSub   -> Max connections: 1000
[2026-09-03 10:41:26.490565000][th:581090][info] GossipPubSub   -> Current connections: 0
[2026-09-03 10:41:26.490566000][th:581090][info] GossipPubSub === END NETWORK STATE ===
[2026-09-03 10:41:26.490928000][th:581090][info] GossipPubSub /ip4/0.0.0.0/tcp/54612/p2p/12D3KooWHfCcAunB7LLuUKc9LxsV8bTkjpx62KDqUvBHpgLc5aAo : PubSub service started
[2026-09-03 10:41:26][info][GlobalDB] Opening database /Users/henriqueklein/gnus/SuperGenius/multi_node_finality_fault/restart-certificate-validator-two/rocksdb
[2026-09-03 10:41:26][debug][GraphsyncDAGSyncer] GraphSyncer created 4731199928 
[2026-09-03 10:41:26][info][CrdtDatastore] crdt Datastore created. Number of heads: 0 Current max-height: 0
[2026-09-03 10:41:26][info][GeniusAccount] Secure storage ID path: /Users/henriqueklein/gnus/SuperGenius/multi_node_finality_fault/restart-certificate-validator-two/account/secure_storage_id
[2026-09-03 10:41:26][error][GeniusAccount] Could not find existing Genius address, generating one from a random mnemonic
[2026-09-03 10:41:26][warning][UTXOManager] Found UTXOs in storage, but there were none
[2026-09-03 10:41:26][info][Blockchain] [16045674] Blockchain instance created with authorized full node: 8a33bdf1
[2026-09-03 10:41:26][error][ValidatorRegistry] InitializeCache: registry content not found during cache init
[2026-09-03 10:41:26][info][CRDTCallbackManager] Successfully registered new data callback for pattern: '/?gnus-validator-registry'
[2026-09-03 10:41:26][info][ValidatorRegistry] RegisterFilter: result=true
[2026-09-03 10:41:26][info][ValidatorRegistry] New: instance ready
[2026-09-03 10:41:26.535199000][th:581090][info] GossipPubSub /ip4/0.0.0.0/tcp/54612/p2p/12D3KooWHfCcAunB7LLuUKc9LxsV8bTkjpx62KDqUvBHpgLc5aAo: PubSub subscribed to topic 'gnus-validator-registry.3.7.144'
[2026-09-03 10:41:26][info][CRDTCallbackManager] Successfully registered new data callback for pattern: '^/?cert/[^/]+'
[2026-09-03 10:41:26][warning][Blockchain] [16045674] Failed to request validator registry during blockchain init
[2026-09-03 10:41:26][info][CRDTCallbackManager] Successfully registered new data callback for pattern: '/?gnus-genesis-block'
[2026-09-03 10:41:26][info][CRDTCallbackManager] Successfully registered new data callback for pattern: '/?gnus-account-creation-.*'
[2026-09-03 10:41:26][info][CRDTCallbackManager] Successfully registered new data callback for pattern: '^/?/bc-144/tx/[^/]+'
[2026-09-03 10:41:26][info][CRDTCallbackManager] Successfully registered deleted data callback for pattern: '^/?/bc-144/tx/[^/]+'
[2026-09-03 10:41:26.535309000][th:581090][info] GossipPubSub /ip4/0.0.0.0/tcp/54612/p2p/12D3KooWHfCcAunB7LLuUKc9LxsV8bTkjpx62KDqUvBHpgLc5aAo: PubSub subscribed to topic 'consensus-channel-.3.7.144'
[2026-09-03 10:41:26][info][CRDTCallbackManager] Successfully registered new data callback for pattern: '^/?/bc-963/tx/[^/]+'
[2026-09-03 10:41:26][info][CRDTCallbackManager] Successfully registered deleted data callback for pattern: '^/?/bc-963/tx/[^/]+'
[2026-09-03 10:41:26][info][CRDTCallbackManager] Successfully registered new data callback for pattern: '^/?/bc-369/tx/[^/]+'
[2026-09-03 10:41:26][info][CRDTCallbackManager] Successfully registered deleted data callback for pattern: '^/?/bc-369/tx/[^/]+'
[2026-09-03 10:41:26.535351000][th:581090][info] GossipPubSub /ip4/0.0.0.0/tcp/54612/p2p/12D3KooWHfCcAunB7LLuUKc9LxsV8bTkjpx62KDqUvBHpgLc5aAo: PubSub subscribed to topic 'consensus-channel-.3.7.144#datastore.3.7.144'
[2026-09-03 10:41:26][info][KeyPairFileStorage] Path to keypairs multi_node_finality_fault/restart-certificate-validator-three/keypair
[2026-09-03 10:41:26][info][KeyPairFileStorage] Peer ID from public key: 12D3KooWKtksbzqyASZvsSDBatu8JAwvpphjLQNtCHtWnyeJYQs8
Current limits: 16384 (soft), 9223372036854775807 (hard)
New limits set successfully: 16384 (soft), 9223372036854775807 (hard)
Initialized relay addresses
[2026-09-03 10:41:26.538516000][th:578917][info] GossipPubSub /ip4/0.0.0.0/tcp/54613/p2p/12D3KooWKtksbzqyASZvsSDBatu8JAwvpphjLQNtCHtWnyeJYQs8: Starting PubSub service
[2026-09-03 10:41:26.538613000][th:581114][info] GossipPubSub Starting address monitoring system for mobile network changes
[2026-09-03 10:41:26.538615000][th:581114][info] GossipPubSub === CURRENT NETWORK STATE ===
[2026-09-03 10:41:26.538627000][th:581114][info] GossipPubSub Primary listening address: /ip4/0.0.0.0/tcp/54613/p2p/12D3KooWKtksbzqyASZvsSDBatu8JAwvpphjLQNtCHtWnyeJYQs8
[2026-09-03 10:41:26.538629000][th:581114][info] GossipPubSub Host peer info addresses (0):
[2026-09-03 10:41:26.538630000][th:581114][info] GossipPubSub Additional addresses we track (0):
[2026-09-03 10:41:26.538632000][th:581114][info] GossipPubSub Listening addresses (1):
[2026-09-03 10:41:26.538633000][th:581114][info] GossipPubSub   -> /ip4/0.0.0.0/tcp/54613/p2p/12D3KooWKtksbzqyASZvsSDBatu8JAwvpphjLQNtCHtWnyeJYQs8
[2026-09-03 10:41:26.538635000][th:581114][info] GossipPubSub Interface addresses (0):
[2026-09-03 10:41:26.538636000][th:581114][info] GossipPubSub === RAW OBSERVED ADDRESS DEBUG ===
[2026-09-03 10:41:26.538639000][th:581114][info] GossipPubSub Local address: /ip4/0.0.0.0/tcp/54613/p2p/12D3KooWKtksbzqyASZvsSDBatu8JAwvpphjLQNtCHtWnyeJYQs8 -> 0 raw observed, 0 activated+confirmed
[2026-09-03 10:41:26.538640000][th:581114][info] GossipPubSub TOTAL: 0 raw observed addresses, 0 activated+confirmed addresses
[2026-09-03 10:41:26.538641000][th:581114][info] GossipPubSub === END RAW OBSERVED ADDRESS DEBUG ===
[2026-09-03 10:41:26.538642000][th:581114][info] GossipPubSub Observed addresses - all (0):
[2026-09-03 10:41:26.538644000][th:581114][info] GossipPubSub Observed addresses - confirmed only (0):
[2026-09-03 10:41:26.538645000][th:581114][info] GossipPubSub Relay addresses (0):
[2026-09-03 10:41:26.538648000][th:581114][warning] GossipPubSub Failed to get addresses from peer repository: not found
[2026-09-03 10:41:26.538707000][th:581114][info] GossipPubSub Found 1 valid network interfaces
[2026-09-03 10:41:26.538710000][th:581114][info] GossipPubSub Current network interfaces (1):
[2026-09-03 10:41:26.538711000][th:581114][info] GossipPubSub   -> 192.168.1.6
[2026-09-03 10:41:26.538713000][th:581114][info] GossipPubSub Active connections: 0
[2026-09-03 10:41:26.538714000][th:581114][info] GossipPubSub === PEER CONNECTION DETAILS ===
[2026-09-03 10:41:26.538715000][th:581114][info] GossipPubSub NOTE: Observed addresses need to be seen by 4+ different peer groups to become 'activated'
[2026-09-03 10:41:26.538717000][th:581114][info] GossipPubSub NOTE: Current connections: 0, so max possible observers: 0
[2026-09-03 10:41:26.538718000][th:581114][info] GossipPubSub === END PEER CONNECTION DETAILS ===
[2026-09-03 10:41:26.538718000][th:581114][info] GossipPubSub Connection manager stats:
[2026-09-03 10:41:26.538719000][th:581114][info] GossipPubSub   -> Max connections: 1000
[2026-09-03 10:41:26.538730000][th:581114][info] GossipPubSub   -> Current connections: 0
[2026-09-03 10:41:26.538731000][th:581114][info] GossipPubSub === END NETWORK STATE ===
[2026-09-03 10:41:26.539005000][th:581114][info] GossipPubSub /ip4/0.0.0.0/tcp/54613/p2p/12D3KooWKtksbzqyASZvsSDBatu8JAwvpphjLQNtCHtWnyeJYQs8 : PubSub service started
[2026-09-03 10:41:26][info][GlobalDB] Opening database /Users/henriqueklein/gnus/SuperGenius/multi_node_finality_fault/restart-certificate-validator-three/rocksdb
[2026-09-03 10:41:26][debug][GraphsyncDAGSyncer] GraphSyncer created 5267068376 
[2026-09-03 10:41:26][info][CrdtDatastore] crdt Datastore created. Number of heads: 0 Current max-height: 0
[2026-09-03 10:41:26][info][GeniusAccount] Secure storage ID path: /Users/henriqueklein/gnus/SuperGenius/multi_node_finality_fault/restart-certificate-validator-three/account/secure_storage_id
[2026-09-03 10:41:26][error][GeniusAccount] Could not find existing Genius address, generating one from a random mnemonic
[2026-09-03 10:41:26][warning][UTXOManager] Found UTXOs in storage, but there were none
[2026-09-03 10:41:26][info][Blockchain] [31eb2e19] Blockchain instance created with authorized full node: 8a33bdf1
[2026-09-03 10:41:26][error][ValidatorRegistry] InitializeCache: registry content not found during cache init
[2026-09-03 10:41:26][info][CRDTCallbackManager] Successfully registered new data callback for pattern: '/?gnus-validator-registry'
[2026-09-03 10:41:26][info][ValidatorRegistry] RegisterFilter: result=true
[2026-09-03 10:41:26][info][ValidatorRegistry] New: instance ready
[2026-09-03 10:41:26.578065000][th:581114][info] GossipPubSub /ip4/0.0.0.0/tcp/54613/p2p/12D3KooWKtksbzqyASZvsSDBatu8JAwvpphjLQNtCHtWnyeJYQs8: PubSub subscribed to topic 'gnus-validator-registry.3.7.144'
[2026-09-03 10:41:26][info][CRDTCallbackManager] Successfully registered new data callback for pattern: '^/?cert/[^/]+'
[2026-09-03 10:41:26.578090000][th:581114][info] GossipPubSub /ip4/0.0.0.0/tcp/54613/p2p/12D3KooWKtksbzqyASZvsSDBatu8JAwvpphjLQNtCHtWnyeJYQs8: PubSub subscribed to topic 'consensus-channel-.3.7.144'
[2026-09-03 10:41:26.578111000][th:581114][info] GossipPubSub /ip4/0.0.0.0/tcp/54613/p2p/12D3KooWKtksbzqyASZvsSDBatu8JAwvpphjLQNtCHtWnyeJYQs8: PubSub subscribed to topic 'consensus-channel-.3.7.144#datastore.3.7.144'
[2026-09-03 10:41:26][warning][Blockchain] [31eb2e19] Failed to request validator registry during blockchain init
[2026-09-03 10:41:26][info][CRDTCallbackManager] Successfully registered new data callback for pattern: '/?gnus-genesis-block'
[2026-09-03 10:41:26][info][CRDTCallbackManager] Successfully registered new data callback for pattern: '/?gnus-account-creation-.*'
[2026-09-03 10:41:26][info][CRDTCallbackManager] Successfully registered new data callback for pattern: '^/?/bc-144/tx/[^/]+'
[2026-09-03 10:41:26][info][CRDTCallbackManager] Successfully registered deleted data callback for pattern: '^/?/bc-144/tx/[^/]+'
[2026-09-03 10:41:26][info][CRDTCallbackManager] Successfully registered new data callback for pattern: '^/?/bc-963/tx/[^/]+'
[2026-09-03 10:41:26][info][CRDTCallbackManager] Successfully registered deleted data callback for pattern: '^/?/bc-963/tx/[^/]+'
[2026-09-03 10:41:26][info][CRDTCallbackManager] Successfully registered new data callback for pattern: '^/?/bc-369/tx/[^/]+'
[2026-09-03 10:41:26][info][CRDTCallbackManager] Successfully registered deleted data callback for pattern: '^/?/bc-369/tx/[^/]+'
[2026-09-03 10:41:26][info][KeyPairFileStorage] Path to keypairs multi_node_finality_fault/restart-certificate-passive/keypair
[2026-09-03 10:41:26][info][KeyPairFileStorage] Peer ID from public key: 12D3KooWSWRmQDZy2hnkxWSmL7UGmTBUnJH4AjBdwjasCVjFupne
Current limits: 16384 (soft), 9223372036854775807 (hard)
New limits set successfully: 16384 (soft), 9223372036854775807 (hard)
Initialized relay addresses
[2026-09-03 10:41:26.579984000][th:578917][info] GossipPubSub /ip4/0.0.0.0/tcp/54614/p2p/12D3KooWSWRmQDZy2hnkxWSmL7UGmTBUnJH4AjBdwjasCVjFupne: Starting PubSub service
[2026-09-03 10:41:26.580033000][th:581136][info] GossipPubSub Starting address monitoring system for mobile network changes
[2026-09-03 10:41:26.580035000][th:581136][info] GossipPubSub === CURRENT NETWORK STATE ===
[2026-09-03 10:41:26.580040000][th:581136][info] GossipPubSub Primary listening address: /ip4/0.0.0.0/tcp/54614/p2p/12D3KooWSWRmQDZy2hnkxWSmL7UGmTBUnJH4AjBdwjasCVjFupne
[2026-09-03 10:41:26.580041000][th:581136][info] GossipPubSub Host peer info addresses (0):
[2026-09-03 10:41:26.580042000][th:581136][info] GossipPubSub Additional addresses we track (0):
[2026-09-03 10:41:26.580043000][th:581136][info] GossipPubSub Listening addresses (1):
[2026-09-03 10:41:26.580044000][th:581136][info] GossipPubSub   -> /ip4/0.0.0.0/tcp/54614/p2p/12D3KooWSWRmQDZy2hnkxWSmL7UGmTBUnJH4AjBdwjasCVjFupne
[2026-09-03 10:41:26.580045000][th:581136][info] GossipPubSub Interface addresses (0):
[2026-09-03 10:41:26.580046000][th:581136][info] GossipPubSub === RAW OBSERVED ADDRESS DEBUG ===
[2026-09-03 10:41:26.580047000][th:581136][info] GossipPubSub Local address: /ip4/0.0.0.0/tcp/54614/p2p/12D3KooWSWRmQDZy2hnkxWSmL7UGmTBUnJH4AjBdwjasCVjFupne -> 0 raw observed, 0 activated+confirmed
[2026-09-03 10:41:26.580048000][th:581136][info] GossipPubSub TOTAL: 0 raw observed addresses, 0 activated+confirmed addresses
[2026-09-03 10:41:26.580049000][th:581136][info] GossipPubSub === END RAW OBSERVED ADDRESS DEBUG ===
[2026-09-03 10:41:26.580050000][th:581136][info] GossipPubSub Observed addresses - all (0):
[2026-09-03 10:41:26.580051000][th:581136][info] GossipPubSub Observed addresses - confirmed only (0):
[2026-09-03 10:41:26.580052000][th:581136][info] GossipPubSub Relay addresses (0):
[2026-09-03 10:41:26.580053000][th:581136][warning] GossipPubSub Failed to get addresses from peer repository: not found
[2026-09-03 10:41:26.580092000][th:581136][info] GossipPubSub Found 1 valid network interfaces
[2026-09-03 10:41:26.580093000][th:581136][info] GossipPubSub Current network interfaces (1):
[2026-09-03 10:41:26.580094000][th:581136][info] GossipPubSub   -> 192.168.1.6
[2026-09-03 10:41:26.580095000][th:581136][info] GossipPubSub Active connections: 0
[2026-09-03 10:41:26.580096000][th:581136][info] GossipPubSub === PEER CONNECTION DETAILS ===
[2026-09-03 10:41:26.580097000][th:581136][info] GossipPubSub NOTE: Observed addresses need to be seen by 4+ different peer groups to become 'activated'
[2026-09-03 10:41:26.580098000][th:581136][info] GossipPubSub NOTE: Current connections: 0, so max possible observers: 0
[2026-09-03 10:41:26.580098000][th:581136][info] GossipPubSub === END PEER CONNECTION DETAILS ===
[2026-09-03 10:41:26.580099000][th:581136][info] GossipPubSub Connection manager stats:
[2026-09-03 10:41:26.580100000][th:581136][info] GossipPubSub   -> Max connections: 1000
[2026-09-03 10:41:26.580101000][th:581136][info] GossipPubSub   -> Current connections: 0
[2026-09-03 10:41:26.580101000][th:581136][info] GossipPubSub === END NETWORK STATE ===
[2026-09-03 10:41:26.580216000][th:581136][info] GossipPubSub /ip4/0.0.0.0/tcp/54614/p2p/12D3KooWSWRmQDZy2hnkxWSmL7UGmTBUnJH4AjBdwjasCVjFupne : PubSub service started
[2026-09-03 10:41:26][info][GlobalDB] Opening database /Users/henriqueklein/gnus/SuperGenius/multi_node_finality_fault/restart-certificate-passive/rocksdb
[2026-09-03 10:41:26][debug][GraphsyncDAGSyncer] GraphSyncer created 5266629016 
[2026-09-03 10:41:26][info][CrdtDatastore] crdt Datastore created. Number of heads: 0 Current max-height: 0
[2026-09-03 10:41:26][info][GeniusAccount] Secure storage ID path: /Users/henriqueklein/gnus/SuperGenius/multi_node_finality_fault/restart-certificate-passive/account/secure_storage_id
[2026-09-03 10:41:26][error][GeniusAccount] Could not find existing Genius address, generating one from a random mnemonic
[2026-09-03 10:41:26][warning][UTXOManager] Found UTXOs in storage, but there were none
[2026-09-03 10:41:26][info][Blockchain] [359f7ce4] Blockchain instance created with authorized full node: 8a33bdf1
[2026-09-03 10:41:26][error][ValidatorRegistry] InitializeCache: registry content not found during cache init
[2026-09-03 10:41:26][info][CRDTCallbackManager] Successfully registered new data callback for pattern: '/?gnus-validator-registry'
[2026-09-03 10:41:26][info][ValidatorRegistry] RegisterFilter: result=true
[2026-09-03 10:41:26][info][ValidatorRegistry] New: instance ready
[2026-09-03 10:41:26.622821000][th:581136][info] GossipPubSub /ip4/0.0.0.0/tcp/54614/p2p/12D3KooWSWRmQDZy2hnkxWSmL7UGmTBUnJH4AjBdwjasCVjFupne: PubSub subscribed to topic 'gnus-validator-registry.3.7.144'
[2026-09-03 10:41:26][info][CRDTCallbackManager] Successfully registered new data callback for pattern: '^/?cert/[^/]+'
[2026-09-03 10:41:26.622845000][th:581136][info] GossipPubSub /ip4/0.0.0.0/tcp/54614/p2p/12D3KooWSWRmQDZy2hnkxWSmL7UGmTBUnJH4AjBdwjasCVjFupne: PubSub subscribed to topic 'consensus-channel-.3.7.144'
[2026-09-03 10:41:26][warning][Blockchain] [359f7ce4] Failed to request validator registry during blockchain init
[2026-09-03 10:41:26][info][CRDTCallbackManager] Successfully registered new data callback for pattern: '/?gnus-genesis-block'
[2026-09-03 10:41:26][info][CRDTCallbackManager] Successfully registered new data callback for pattern: '/?gnus-account-creation-.*'
[2026-09-03 10:41:26.622871000][th:581136][info] GossipPubSub /ip4/0.0.0.0/tcp/54614/p2p/12D3KooWSWRmQDZy2hnkxWSmL7UGmTBUnJH4AjBdwjasCVjFupne: PubSub subscribed to topic 'consensus-channel-.3.7.144#datastore.3.7.144'
[2026-09-03 10:41:26][info][CRDTCallbackManager] Successfully registered new data callback for pattern: '^/?/bc-144/tx/[^/]+'
[2026-09-03 10:41:26][info][CRDTCallbackManager] Successfully registered deleted data callback for pattern: '^/?/bc-144/tx/[^/]+'
[2026-09-03 10:41:26][info][CRDTCallbackManager] Successfully registered new data callback for pattern: '^/?/bc-963/tx/[^/]+'
[2026-09-03 10:41:26][info][CRDTCallbackManager] Successfully registered deleted data callback for pattern: '^/?/bc-963/tx/[^/]+'
[2026-09-03 10:41:26][info][CRDTCallbackManager] Successfully registered new data callback for pattern: '^/?/bc-369/tx/[^/]+'
[2026-09-03 10:41:26][info][CRDTCallbackManager] Successfully registered deleted data callback for pattern: '^/?/bc-369/tx/[^/]+'
[2026-09-03 10:41:26][info][CrdtDatastore] Topics { name="gnus-validator-registry" }
[2026-09-03 10:41:26][info][CRDTCallbackManager] Executing callback for key '/gnus-validator-registry' matching pattern '/?gnus-validator-registry'
[2026-09-03 10:41:26][info][ValidatorRegistry] RegistryUpdateReceived: cache updated and initialized
[2026-09-03 10:41:26][debug][GraphsyncDAGSyncer] addNode: Added node QmVxgUnNSu6ktNsRz2wZDPr58tigtVP3h93rCu7JDAqoEy on dagService 
[2026-09-03 10:41:26][info][ValidatorRegistry] StoreRegistryUpdate: stored registry update CID QmVxgUnNSu6ktNsRz2wZDPr58tigtVP3h93rCu7JDAqoEy
[2026-09-03 10:41:26][info][ValidatorRegistry] StoreRegistryUpdate: success
[2026-09-03 10:41:26][info][CrdtDatastore] Topics { name="gnus-validator-registry" }
[2026-09-03 10:41:26][info][CRDTCallbackManager] Executing callback for key '/gnus-validator-registry' matching pattern '/?gnus-validator-registry'
[2026-09-03 10:41:26][info][ValidatorRegistry] RegistryUpdateReceived: cache updated and initialized
[2026-09-03 10:41:26][debug][GraphsyncDAGSyncer] addNode: Added node QmVxgUnNSu6ktNsRz2wZDPr58tigtVP3h93rCu7JDAqoEy on dagService 
[2026-09-03 10:41:26][info][ValidatorRegistry] StoreRegistryUpdate: stored registry update CID QmVxgUnNSu6ktNsRz2wZDPr58tigtVP3h93rCu7JDAqoEy
[2026-09-03 10:41:26][info][ValidatorRegistry] StoreRegistryUpdate: success
[2026-09-03 10:41:26][info][CrdtDatastore] Topics { name="gnus-validator-registry" }
[2026-09-03 10:41:26][info][CRDTCallbackManager] Executing callback for key '/gnus-validator-registry' matching pattern '/?gnus-validator-registry'
[2026-09-03 10:41:26][info][ValidatorRegistry] RegistryUpdateReceived: cache updated and initialized
[2026-09-03 10:41:26][debug][GraphsyncDAGSyncer] addNode: Added node QmVxgUnNSu6ktNsRz2wZDPr58tigtVP3h93rCu7JDAqoEy on dagService 
[2026-09-03 10:41:26][info][ValidatorRegistry] StoreRegistryUpdate: stored registry update CID QmVxgUnNSu6ktNsRz2wZDPr58tigtVP3h93rCu7JDAqoEy
[2026-09-03 10:41:26][info][ValidatorRegistry] StoreRegistryUpdate: success
[2026-09-03 10:41:26][info][CrdtDatastore] Topics { name="gnus-validator-registry" }
[2026-09-03 10:41:26][info][CRDTCallbackManager] Executing callback for key '/gnus-validator-registry' matching pattern '/?gnus-validator-registry'
[2026-09-03 10:41:26][info][ValidatorRegistry] RegistryUpdateReceived: cache updated and initialized
[2026-09-03 10:41:26][debug][GraphsyncDAGSyncer] addNode: Added node QmVxgUnNSu6ktNsRz2wZDPr58tigtVP3h93rCu7JDAqoEy on dagService 
[2026-09-03 10:41:26][info][ValidatorRegistry] StoreRegistryUpdate: stored registry update CID QmVxgUnNSu6ktNsRz2wZDPr58tigtVP3h93rCu7JDAqoEy
[2026-09-03 10:41:26][info][ValidatorRegistry] StoreRegistryUpdate: success
[2026-09-03 10:41:26.674010000][th:581063][info] GossipPubSub Adding new peer: 12D3KooWHfCcAunB7LLuUKc9LxsV8bTkjpx62KDqUvBHpgLc5aAo
[2026-09-03 10:41:26.674095000][th:581063][info] GossipPubSub Adding new peer: 12D3KooWKtksbzqyASZvsSDBatu8JAwvpphjLQNtCHtWnyeJYQs8
[2026-09-03 10:41:26.674158000][th:581063][info] GossipPubSub Adding new peer: 12D3KooWSWRmQDZy2hnkxWSmL7UGmTBUnJH4AjBdwjasCVjFupne
[2026-09-03 10:41:26.674199000][th:581090][info] GossipPubSub Adding new peer: 12D3KooWRH4QqUgsjP7q66hJM39bqbcYGtR2KyCwYVN8pRXwCpju
[2026-09-03 10:41:26.674269000][th:581090][info] GossipPubSub Adding new peer: 12D3KooWKtksbzqyASZvsSDBatu8JAwvpphjLQNtCHtWnyeJYQs8
[2026-09-03 10:41:26.674333000][th:581090][info] GossipPubSub Adding new peer: 12D3KooWSWRmQDZy2hnkxWSmL7UGmTBUnJH4AjBdwjasCVjFupne
[2026-09-03 10:41:26.674374000][th:581114][info] GossipPubSub Adding new peer: 12D3KooWRH4QqUgsjP7q66hJM39bqbcYGtR2KyCwYVN8pRXwCpju
[2026-09-03 10:41:26.674443000][th:581114][info] GossipPubSub Adding new peer: 12D3KooWHfCcAunB7LLuUKc9LxsV8bTkjpx62KDqUvBHpgLc5aAo
[2026-09-03 10:41:26.674504000][th:581114][info] GossipPubSub Adding new peer: 12D3KooWSWRmQDZy2hnkxWSmL7UGmTBUnJH4AjBdwjasCVjFupne
[2026-09-03 10:41:26.674545000][th:581136][info] GossipPubSub Adding new peer: 12D3KooWRH4QqUgsjP7q66hJM39bqbcYGtR2KyCwYVN8pRXwCpju
[2026-09-03 10:41:26.674604000][th:581136][info] GossipPubSub Adding new peer: 12D3KooWHfCcAunB7LLuUKc9LxsV8bTkjpx62KDqUvBHpgLc5aAo
[2026-09-03 10:41:26.674667000][th:581136][info] GossipPubSub Adding new peer: 12D3KooWKtksbzqyASZvsSDBatu8JAwvpphjLQNtCHtWnyeJYQs8
[2026-09-03 10:41:26][info][TransactionManager] [ad9fc26f - full: false] ChangeTransactionState: Temp tracking entry created tx=7629037be55e3fbfaf7373d15957ad175d54977ca6b695c4c3a144c347cc1057
[2026-09-03 10:41:26][info][TransactionManager] [359f7ce4 - full: false] ChangeTransactionState: Temp tracking entry created tx=7629037be55e3fbfaf7373d15957ad175d54977ca6b695c4c3a144c347cc1057
[2026-09-03 10:41:26][info][TransactionManager] [16045674 - full: false] ChangeTransactionState: Temp tracking entry created tx=7629037be55e3fbfaf7373d15957ad175d54977ca6b695c4c3a144c347cc1057
[2026-09-03 10:41:26][info][TransactionManager] [31eb2e19 - full: false] ChangeTransactionState: Temp tracking entry created tx=7629037be55e3fbfaf7373d15957ad175d54977ca6b695c4c3a144c347cc1057
[2026-09-03 10:41:29][error][ConsensusManager] HandleVote: ignored: proposal has not won frozen slot arbitration proposal_id=05229a07
[2026-09-03 10:41:29][error][ConsensusManager] HandleVote: ignored: proposal has not won frozen slot arbitration proposal_id=05229a07
[2026-09-03 10:41:29][error][ConsensusManager] HandleVote: ignored: proposal has not won frozen slot arbitration proposal_id=05229a07
[2026-09-03 10:41:29][error][ConsensusManager] HandleVote: ignored: proposal has not won frozen slot arbitration proposal_id=05229a07
[2026-09-03 10:41:31][info][CrdtDatastore] Topics { name="consensus-channel-.3.7.144#datastore" }
[2026-09-03 10:41:31][info][CRDTCallbackManager] Executing callback for key '/cert/mint-v2:test:0000000000000000000000000000000000000000000000000000000000000000:42:ad9fc26fcf1dd9002e3697c9a616b8f46bb1b149de12e20ceef2a643cfb21319e63738a0c7016f935ddaddef0fddc460a1adeb409b6ea2480c6d9bc0fadecf2b:cccccccccccccccccccccccccccccccccccccccccccccccccccccccccccccccc' matching pattern '^/?cert/[^/]+'
[2026-09-03 10:41:31][debug][GraphsyncDAGSyncer] addNode: Added node QmWCCunVEw5UhLzxKZXpDPyNjkbKEHRNpKqJotYmTP54Dj on dagService 
[2026-09-03 10:41:31][debug][GraphsyncDAGSyncer] Registered new peer 12D3KooWHfCcAunB7LLuUKc9LxsV8bTkjpx62KDqUvBHpgLc5aAo with key 0
[2026-09-03 10:41:31][debug][GraphsyncDAGSyncer] Added route for CID QmWCCunVEw5UhLzxKZXpDPyNjkbKEHRNpKqJotYmTP54Dj to peer 12D3KooWHfCcAunB7LLuUKc9LxsV8bTkjpx62KDqUvBHpgLc5aAo (key 0, route_count=1)
[2026-09-03 10:41:31][debug][GraphsyncDAGSyncer] Registered new peer 12D3KooWHfCcAunB7LLuUKc9LxsV8bTkjpx62KDqUvBHpgLc5aAo with key 0
[2026-09-03 10:41:31][debug][GraphsyncDAGSyncer] Added route for CID QmWCCunVEw5UhLzxKZXpDPyNjkbKEHRNpKqJotYmTP54Dj to peer 12D3KooWHfCcAunB7LLuUKc9LxsV8bTkjpx62KDqUvBHpgLc5aAo (key 0, route_count=1)
[2026-09-03 10:41:31][debug][GraphsyncDAGSyncer] Registered new peer 12D3KooWHfCcAunB7LLuUKc9LxsV8bTkjpx62KDqUvBHpgLc5aAo with key 0
[2026-09-03 10:41:31][debug][GraphsyncDAGSyncer] Added route for CID QmWCCunVEw5UhLzxKZXpDPyNjkbKEHRNpKqJotYmTP54Dj to peer 12D3KooWHfCcAunB7LLuUKc9LxsV8bTkjpx62KDqUvBHpgLc5aAo (key 0, route_count=1)
[2026-09-03 10:41:31][debug][GraphsyncDAGSyncer] Block initialized without content to LRU cache: CID QmWCCunVEw5UhLzxKZXpDPyNjkbKEHRNpKqJotYmTP54Dj, cache size: 1
[2026-09-03 10:41:31][debug][GraphsyncDAGSyncer] Requesting Node QmWCCunVEw5UhLzxKZXpDPyNjkbKEHRNpKqJotYmTP54Dj on this 5266629016
[2026-09-03 10:41:31][debug][GraphsyncDAGSyncer] Return node for CID QmWCCunVEw5UhLzxKZXpDPyNjkbKEHRNpKqJotYmTP54Dj instance=4731199928
[2026-09-03 10:41:31.180365000][th:581136][warning] graphsync Request 1 for CID QmWCCunVEw5UhLzxKZXpDPyNjkbKEHRNpKqJotYmTP54Dj got RS_FULL_CONTENT but no blocks received yet
[2026-09-03 10:41:31][debug][GraphsyncDAGSyncer] request progress: code=FULL_CONTENT, extensions=(graphsync/response-metadata: 0x80) (graphsync/do-not-send-cids: 0x80) 
[2026-09-03 10:41:31][debug][GraphsyncDAGSyncer] HasBlock: false, cid: QmWCCunVEw5UhLzxKZXpDPyNjkbKEHRNpKqJotYmTP54Dj
[2026-09-03 10:41:31][debug][GraphsyncDAGSyncer] Existing block updated in LRU cache: CID QmWCCunVEw5UhLzxKZXpDPyNjkbKEHRNpKqJotYmTP54Dj
[2026-09-03 10:41:31][debug][GraphsyncDAGSyncer] Node added to dagService. CID: QmWCCunVEw5UhLzxKZXpDPyNjkbKEHRNpKqJotYmTP54Dj, links: []
[2026-09-03 10:41:31][debug][GraphsyncDAGSyncer] Seeing if peer 12D3KooWHfCcAunB7LLuUKc9LxsV8bTkjpx62KDqUvBHpgLc5aAo has links to AddRoute
[2026-09-03 10:41:31][info][GraphsyncDAGSyncer] TraverseCIDsLinks: Checking links on { cid="QmWCCunVEw5UhLzxKZXpDPyNjkbKEHRNpKqJotYmTP54Dj", name="" }
[2026-09-03 10:41:31][info][GraphsyncDAGSyncer] TraverseCIDsLinks: Completed traversal. Links to fetch: 0, Visited: 0
[2026-09-03 10:41:31][debug][GraphsyncDAGSyncer] Return node for CID QmWCCunVEw5UhLzxKZXpDPyNjkbKEHRNpKqJotYmTP54Dj instance=5266629016
[2026-09-03 10:41:31][info][CRDTCallbackManager] Executing callback for key '/cert/mint-v2:test:0000000000000000000000000000000000000000000000000000000000000000:42:ad9fc26fcf1dd9002e3697c9a616b8f46bb1b149de12e20ceef2a643cfb21319e63738a0c7016f935ddaddef0fddc460a1adeb409b6ea2480c6d9bc0fadecf2b:cccccccccccccccccccccccccccccccccccccccccccccccccccccccccccccccc' matching pattern '^/?cert/[^/]+'
[2026-09-03 10:41:31][debug][GraphsyncDAGSyncer] addNode: Added node QmWCCunVEw5UhLzxKZXpDPyNjkbKEHRNpKqJotYmTP54Dj on dagService 
[2026-09-03 10:41:31][debug][GraphsyncDAGSyncer] Block removed from LRU cache: CID QmWCCunVEw5UhLzxKZXpDPyNjkbKEHRNpKqJotYmTP54Dj
[2026-09-03 10:41:31][debug][GraphsyncDAGSyncer] Registered new peer 12D3KooWSWRmQDZy2hnkxWSmL7UGmTBUnJH4AjBdwjasCVjFupne with key 1
[2026-09-03 10:41:31][debug][GraphsyncDAGSyncer] Added route for CID QmWCCunVEw5UhLzxKZXpDPyNjkbKEHRNpKqJotYmTP54Dj to peer 12D3KooWSWRmQDZy2hnkxWSmL7UGmTBUnJH4AjBdwjasCVjFupne (key 1, route_count=2)
[2026-09-03 10:41:31][debug][GraphsyncDAGSyncer] Registered new peer 12D3KooWSWRmQDZy2hnkxWSmL7UGmTBUnJH4AjBdwjasCVjFupne with key 1
[2026-09-03 10:41:31][debug][GraphsyncDAGSyncer] Added route for CID QmWCCunVEw5UhLzxKZXpDPyNjkbKEHRNpKqJotYmTP54Dj to peer 12D3KooWSWRmQDZy2hnkxWSmL7UGmTBUnJH4AjBdwjasCVjFupne (key 1, route_count=2)
[2026-09-03 10:41:31][debug][GraphsyncDAGSyncer] Block initialized without content to LRU cache: CID QmWCCunVEw5UhLzxKZXpDPyNjkbKEHRNpKqJotYmTP54Dj, cache size: 1
[2026-09-03 10:41:31][debug][GraphsyncDAGSyncer] Requesting Node QmWCCunVEw5UhLzxKZXpDPyNjkbKEHRNpKqJotYmTP54Dj on this 4731193144
[2026-09-03 10:41:31][debug][GraphsyncDAGSyncer] Return node for CID QmWCCunVEw5UhLzxKZXpDPyNjkbKEHRNpKqJotYmTP54Dj instance=4731199928
[2026-09-03 10:41:31.542086000][th:581063][warning] graphsync Request 1 for CID QmWCCunVEw5UhLzxKZXpDPyNjkbKEHRNpKqJotYmTP54Dj got RS_FULL_CONTENT but no blocks received yet
[2026-09-03 10:41:31][debug][GraphsyncDAGSyncer] request progress: code=FULL_CONTENT, extensions=(graphsync/do-not-send-cids: 0x80) (graphsync/response-metadata: 0x80) 
[2026-09-03 10:41:31][debug][GraphsyncDAGSyncer] HasBlock: false, cid: QmWCCunVEw5UhLzxKZXpDPyNjkbKEHRNpKqJotYmTP54Dj
[2026-09-03 10:41:31][debug][GraphsyncDAGSyncer] Existing block updated in LRU cache: CID QmWCCunVEw5UhLzxKZXpDPyNjkbKEHRNpKqJotYmTP54Dj
[2026-09-03 10:41:31][debug][GraphsyncDAGSyncer] Node added to dagService. CID: QmWCCunVEw5UhLzxKZXpDPyNjkbKEHRNpKqJotYmTP54Dj, links: []
[2026-09-03 10:41:31][debug][GraphsyncDAGSyncer] Seeing if peer 12D3KooWHfCcAunB7LLuUKc9LxsV8bTkjpx62KDqUvBHpgLc5aAo has links to AddRoute
[2026-09-03 10:41:31][info][GraphsyncDAGSyncer] TraverseCIDsLinks: Checking links on { cid="QmWCCunVEw5UhLzxKZXpDPyNjkbKEHRNpKqJotYmTP54Dj", name="" }
[2026-09-03 10:41:31][info][GraphsyncDAGSyncer] TraverseCIDsLinks: Completed traversal. Links to fetch: 0, Visited: 0
[2026-09-03 10:41:31][debug][GraphsyncDAGSyncer] Block initialized without content to LRU cache: CID QmWCCunVEw5UhLzxKZXpDPyNjkbKEHRNpKqJotYmTP54Dj, cache size: 1
[2026-09-03 10:41:31][debug][GraphsyncDAGSyncer] Requesting Node QmWCCunVEw5UhLzxKZXpDPyNjkbKEHRNpKqJotYmTP54Dj on this 5267068376
[2026-09-03 10:41:31][debug][GraphsyncDAGSyncer] Return node for CID QmWCCunVEw5UhLzxKZXpDPyNjkbKEHRNpKqJotYmTP54Dj instance=4731199928
[2026-09-03 10:41:31.644769000][th:581114][warning] graphsync Request 1 for CID QmWCCunVEw5UhLzxKZXpDPyNjkbKEHRNpKqJotYmTP54Dj got RS_FULL_CONTENT but no blocks received yet
[2026-09-03 10:41:31][debug][GraphsyncDAGSyncer] request progress: code=FULL_CONTENT, extensions=(graphsync/response-metadata: 0x80) (graphsync/do-not-send-cids: 0x80) 
[2026-09-03 10:41:31][debug][GraphsyncDAGSyncer] HasBlock: false, cid: QmWCCunVEw5UhLzxKZXpDPyNjkbKEHRNpKqJotYmTP54Dj
[2026-09-03 10:41:31][debug][GraphsyncDAGSyncer] Existing block updated in LRU cache: CID QmWCCunVEw5UhLzxKZXpDPyNjkbKEHRNpKqJotYmTP54Dj
[2026-09-03 10:41:31][debug][GraphsyncDAGSyncer] Node added to dagService. CID: QmWCCunVEw5UhLzxKZXpDPyNjkbKEHRNpKqJotYmTP54Dj, links: []
[2026-09-03 10:41:31][debug][GraphsyncDAGSyncer] Seeing if peer 12D3KooWHfCcAunB7LLuUKc9LxsV8bTkjpx62KDqUvBHpgLc5aAo has links to AddRoute
[2026-09-03 10:41:31][info][GraphsyncDAGSyncer] TraverseCIDsLinks: Checking links on { cid="QmWCCunVEw5UhLzxKZXpDPyNjkbKEHRNpKqJotYmTP54Dj", name="" }
[2026-09-03 10:41:31][info][GraphsyncDAGSyncer] TraverseCIDsLinks: Completed traversal. Links to fetch: 0, Visited: 0
[2026-09-03 10:41:31][debug][GraphsyncDAGSyncer] Return node for CID QmWCCunVEw5UhLzxKZXpDPyNjkbKEHRNpKqJotYmTP54Dj instance=4731193144
[2026-09-03 10:41:31][info][CRDTCallbackManager] Executing callback for key '/cert/mint-v2:test:0000000000000000000000000000000000000000000000000000000000000000:42:ad9fc26fcf1dd9002e3697c9a616b8f46bb1b149de12e20ceef2a643cfb21319e63738a0c7016f935ddaddef0fddc460a1adeb409b6ea2480c6d9bc0fadecf2b:cccccccccccccccccccccccccccccccccccccccccccccccccccccccccccccccc' matching pattern '^/?cert/[^/]+'
[2026-09-03 10:41:31][debug][GraphsyncDAGSyncer] addNode: Added node QmWCCunVEw5UhLzxKZXpDPyNjkbKEHRNpKqJotYmTP54Dj on dagService 
[2026-09-03 10:41:31][debug][GraphsyncDAGSyncer] Block removed from LRU cache: CID QmWCCunVEw5UhLzxKZXpDPyNjkbKEHRNpKqJotYmTP54Dj
[2026-09-03 10:41:31][info][UTXOManager] Stored 1 UTXOs for address ad9fc26fcf1dd9002e3697c9a616b8f46bb1b149de12e20ceef2a643cfb21319e63738a0c7016f935ddaddef0fddc460a1adeb409b6ea2480c6d9bc0fadecf2b
[2026-09-03 10:41:31][info][UTXOManager] Stored 2 UTXOs for address ad9fc26fcf1dd9002e3697c9a616b8f46bb1b149de12e20ceef2a643cfb21319e63738a0c7016f935ddaddef0fddc460a1adeb409b6ea2480c6d9bc0fadecf2b
[2026-09-03 10:41:31][warning][TransactionManager] [359f7ce4 - full: false] Mint-v2 7629037be55e3fbfaf7373d15957ad175d54977ca6b695c4c3a144c347cc1057 did not consume every burn input (already consumed or missing); burn outpoint metadata may have been rebuilt with zero amount
[2026-09-03 10:41:31][info][TransactionManager] [359f7ce4 - full: false] Created tokens (mint-v2), amount 42 balance 0
[2026-09-03 10:41:31][info][TransactionManager] [359f7ce4 - full: false] ChangeTransactionState: Tracking entry confirmed tx=7629037be55e3fbfaf7373d15957ad175d54977ca6b695c4c3a144c347cc1057
[2026-09-03 10:41:31][info][UTXOManager] Created checkpoint owner=359f7ce492fe929d729b6c11bfdfcb7deda059d6490b3af324eb1da0c0f2b7636df941206fb7f0d0a09722e58a30fc841ac71a29ad6e15db9767e0ef58a8e7c6 epoch=1 utxo_count=0
[2026-09-03 10:41:31][debug][GraphsyncDAGSyncer] Return node for CID QmWCCunVEw5UhLzxKZXpDPyNjkbKEHRNpKqJotYmTP54Dj instance=5267068376
[2026-09-03 10:41:31][info][CRDTCallbackManager] Executing callback for key '/cert/mint-v2:test:0000000000000000000000000000000000000000000000000000000000000000:42:ad9fc26fcf1dd9002e3697c9a616b8f46bb1b149de12e20ceef2a643cfb21319e63738a0c7016f935ddaddef0fddc460a1adeb409b6ea2480c6d9bc0fadecf2b:cccccccccccccccccccccccccccccccccccccccccccccccccccccccccccccccc' matching pattern '^/?cert/[^/]+'
[2026-09-03 10:41:31][debug][GraphsyncDAGSyncer] addNode: Added node QmWCCunVEw5UhLzxKZXpDPyNjkbKEHRNpKqJotYmTP54Dj on dagService 
[2026-09-03 10:41:31][debug][GraphsyncDAGSyncer] Block removed from LRU cache: CID QmWCCunVEw5UhLzxKZXpDPyNjkbKEHRNpKqJotYmTP54Dj
[2026-09-03 10:41:31][info][CRDTCallbackManager] Successfully unregistered new data callback for pattern: '^/?/bc-144/tx/[^/]+'
[2026-09-03 10:41:31][info][CRDTCallbackManager] Successfully unregistered deleted data callback for pattern: '^/?/bc-144/tx/[^/]+'
[2026-09-03 10:41:31][info][CRDTCallbackManager] Successfully unregistered new data callback for pattern: '^/?/bc-963/tx/[^/]+'
[2026-09-03 10:41:31][info][CRDTCallbackManager] Successfully unregistered deleted data callback for pattern: '^/?/bc-963/tx/[^/]+'
[2026-09-03 10:41:31][info][CRDTCallbackManager] Successfully unregistered new data callback for pattern: '^/?/bc-369/tx/[^/]+'
[2026-09-03 10:41:31][info][CRDTCallbackManager] Successfully unregistered deleted data callback for pattern: '^/?/bc-369/tx/[^/]+'
[2026-09-03 10:41:31][info][TransactionManager] [16045674 - full: false] ~TransactionManager: Metrics — cert_fallback(success=0 failure=0) validation(approve=1 reject=0) tracking(insert=1 confirm=0 fail=0)
[2026-09-03 10:41:31][info][Blockchain] [16045674] Stopping blockchain
[2026-09-03 10:41:31][info][CRDTCallbackManager] Successfully unregistered new data callback for pattern: '/?gnus-genesis-block'
[2026-09-03 10:41:31][info][CRDTCallbackManager] Successfully unregistered new data callback for pattern: '/?gnus-account-creation-.*'
[2026-09-03 10:41:31][info][CRDTCallbackManager] Successfully unregistered new data callback for pattern: '/?gnus-validator-registry'
[2026-09-03 10:41:31][debug][GlobalDB] ~GlobalDB CALLED with count 6 on multi_node_finality_fault/restart-certificate-validator-two/rocksdb 
[2026-09-03 10:41:31][info][GlobalDB] GlobalDB shutdown start
[2026-09-03 10:41:31][info][CrdtDatastore] CancelAndCloseNow: begin (pending_jobs=0, self_queue=0, root_queue=0, pending_roots=0, active_root=false)
[2026-09-03 10:41:31][debug][GraphsyncDAGSyncer] Stopping Dagsyncer
[2026-09-03 10:41:31][debug][GraphsyncDAGSyncer] Dagsyncer Stopped
[2026-09-03 10:41:31.804059000][th:581114][error] graphsync Varint Error msg=Stream: closed by remote peer
[2026-09-03 10:41:31.804065000][th:581063][error] graphsync Varint Error msg=Stream: closed by remote peer
[2026-09-03 10:41:31.804070000][th:581063][info] graphsync stream read error, peer=Lc5aAo, msg=stream is not readable
[2026-09-03 10:41:31.804067000][th:581114][info] graphsync stream read error, peer=Lc5aAo, msg=stream is not readable
[2026-09-03 10:41:31.804097000][th:581136][error] graphsync Varint Error msg=Stream: closed by remote peer
[2026-09-03 10:41:31.804100000][th:581136][info] graphsync stream read error, peer=Lc5aAo, msg=stream is not readable
[2026-09-03 10:41:31.804159000][th:581090][error] graphsync Varint Error msg=Stream: closed by this host
[2026-09-03 10:41:31.804170000][th:581090][error] graphsync Varint Error msg=Stream: closed by this host
[2026-09-03 10:41:31.804192000][th:581090][error] graphsync Varint Error msg=Stream: closed by this host
[2026-09-03 10:41:32][info][CrdtDatastore] CancelAndCloseNow: CRDT workers stopped
[2026-09-03 10:41:32][warning][CrdtDatastore] CancelAndCloseNow called but shutdown has already started
[2026-09-03 10:41:32][debug][GraphsyncDAGSyncer] ~GraphsyncDAGSyncer CALLED
[2026-09-03 10:41:32][info][GlobalDB] GlobalDB shutdown finished
[2026-09-03 10:41:32.116810000][th:581090][error] GossipPubSub Address monitoring timer error: Operation canceled
[2026-09-03 10:41:32][info][UTXOManager] Stored 1 UTXOs for address ad9fc26fcf1dd9002e3697c9a616b8f46bb1b149de12e20ceef2a643cfb21319e63738a0c7016f935ddaddef0fddc460a1adeb409b6ea2480c6d9bc0fadecf2b
[2026-09-03 10:41:32][info][UTXOManager] Stored 2 UTXOs for address ad9fc26fcf1dd9002e3697c9a616b8f46bb1b149de12e20ceef2a643cfb21319e63738a0c7016f935ddaddef0fddc460a1adeb409b6ea2480c6d9bc0fadecf2b
[2026-09-03 10:41:32][warning][TransactionManager] [ad9fc26f - full: false] Mint-v2 7629037be55e3fbfaf7373d15957ad175d54977ca6b695c4c3a144c347cc1057 did not consume every burn input (already consumed or missing); burn outpoint metadata may have been rebuilt with zero amount
[2026-09-03 10:41:32][info][TransactionManager] [ad9fc26f - full: false] Created tokens (mint-v2), amount 42 balance 42
[2026-09-03 10:41:32][info][TransactionManager] [ad9fc26f - full: false] ChangeTransactionState: Tracking entry confirmed tx=7629037be55e3fbfaf7373d15957ad175d54977ca6b695c4c3a144c347cc1057
[2026-09-03 10:41:32][info][UTXOManager] Created checkpoint owner=ad9fc26fcf1dd9002e3697c9a616b8f46bb1b149de12e20ceef2a643cfb21319e63738a0c7016f935ddaddef0fddc460a1adeb409b6ea2480c6d9bc0fadecf2b epoch=1 utxo_count=1
[2026-09-03 10:41:32][info][UTXOManager] Stored 1 UTXOs for address ad9fc26fcf1dd9002e3697c9a616b8f46bb1b149de12e20ceef2a643cfb21319e63738a0c7016f935ddaddef0fddc460a1adeb409b6ea2480c6d9bc0fadecf2b
[2026-09-03 10:41:32][info][UTXOManager] Stored 2 UTXOs for address ad9fc26fcf1dd9002e3697c9a616b8f46bb1b149de12e20ceef2a643cfb21319e63738a0c7016f935ddaddef0fddc460a1adeb409b6ea2480c6d9bc0fadecf2b
[2026-09-03 10:41:32][warning][TransactionManager] [31eb2e19 - full: false] Mint-v2 7629037be55e3fbfaf7373d15957ad175d54977ca6b695c4c3a144c347cc1057 did not consume every burn input (already consumed or missing); burn outpoint metadata may have been rebuilt with zero amount
[2026-09-03 10:41:32][info][TransactionManager] [31eb2e19 - full: false] Created tokens (mint-v2), amount 42 balance 0
[2026-09-03 10:41:32][info][TransactionManager] [31eb2e19 - full: false] ChangeTransactionState: Tracking entry confirmed tx=7629037be55e3fbfaf7373d15957ad175d54977ca6b695c4c3a144c347cc1057
[2026-09-03 10:41:32][info][UTXOManager] Created checkpoint owner=31eb2e19283bf3fe033f47df141be3892abc9eb7e3f4eb4a44a5e64f6bed758d37c739bf705c8fd8c7527ad7b24f6a0569d5a44e3559b1ced0f181262504bc3c epoch=1 utxo_count=0
[2026-09-03 10:41:33][info][KeyPairFileStorage] Path to keypairs multi_node_finality_fault/restart-certificate-validator-two/keypair
[2026-09-03 10:41:33][info][KeyPairFileStorage] Peer ID from public key: 12D3KooWHfCcAunB7LLuUKc9LxsV8bTkjpx62KDqUvBHpgLc5aAo
Current limits: 16384 (soft), 9223372036854775807 (hard)
New limits set successfully: 16384 (soft), 9223372036854775807 (hard)
Initialized relay addresses
[2026-09-03 10:41:33.133009000][th:578917][info] GossipPubSub /ip4/0.0.0.0/tcp/54612/p2p/12D3KooWHfCcAunB7LLuUKc9LxsV8bTkjpx62KDqUvBHpgLc5aAo: Starting PubSub service
[2026-09-03 10:41:33.133271000][th:581708][info] GossipPubSub Starting address monitoring system for mobile network changes
[2026-09-03 10:41:33.133284000][th:581708][info] GossipPubSub === CURRENT NETWORK STATE ===
[2026-09-03 10:41:33.133305000][th:581708][info] GossipPubSub Primary listening address: /ip4/0.0.0.0/tcp/54612/p2p/12D3KooWHfCcAunB7LLuUKc9LxsV8bTkjpx62KDqUvBHpgLc5aAo
[2026-09-03 10:41:33.133308000][th:581708][info] GossipPubSub Host peer info addresses (0):
[2026-09-03 10:41:33.133309000][th:581708][info] GossipPubSub Additional addresses we track (0):
[2026-09-03 10:41:33.133310000][th:581708][info] GossipPubSub Listening addresses (1):
[2026-09-03 10:41:33.133312000][th:581708][info] GossipPubSub   -> /ip4/0.0.0.0/tcp/54612/p2p/12D3KooWHfCcAunB7LLuUKc9LxsV8bTkjpx62KDqUvBHpgLc5aAo
[2026-09-03 10:41:33.133313000][th:581708][info] GossipPubSub Interface addresses (0):
[2026-09-03 10:41:33.133314000][th:581708][info] GossipPubSub === RAW OBSERVED ADDRESS DEBUG ===
[2026-09-03 10:41:33.133318000][th:581708][info] GossipPubSub Local address: /ip4/0.0.0.0/tcp/54612/p2p/12D3KooWHfCcAunB7LLuUKc9LxsV8bTkjpx62KDqUvBHpgLc5aAo -> 0 raw observed, 0 activated+confirmed
[2026-09-03 10:41:33.133321000][th:581708][info] GossipPubSub TOTAL: 0 raw observed addresses, 0 activated+confirmed addresses
[2026-09-03 10:41:33.133322000][th:581708][info] GossipPubSub === END RAW OBSERVED ADDRESS DEBUG ===
[2026-09-03 10:41:33.133323000][th:581708][info] GossipPubSub Observed addresses - all (0):
[2026-09-03 10:41:33.133325000][th:581708][info] GossipPubSub Observed addresses - confirmed only (0):
[2026-09-03 10:41:33.133327000][th:581708][info] GossipPubSub Relay addresses (0):
[2026-09-03 10:41:33.133331000][th:581708][warning] GossipPubSub Failed to get addresses from peer repository: not found
[2026-09-03 10:41:33.133441000][th:581708][info] GossipPubSub Found 1 valid network interfaces
[2026-09-03 10:41:33.133449000][th:581708][info] GossipPubSub Current network interfaces (1):
[2026-09-03 10:41:33.133451000][th:581708][info] GossipPubSub   -> 192.168.1.6
[2026-09-03 10:41:33.133453000][th:581708][info] GossipPubSub Active connections: 0
[2026-09-03 10:41:33.133454000][th:581708][info] GossipPubSub === PEER CONNECTION DETAILS ===
[2026-09-03 10:41:33.133455000][th:581708][info] GossipPubSub NOTE: Observed addresses need to be seen by 4+ different peer groups to become 'activated'
[2026-09-03 10:41:33.133457000][th:581708][info] GossipPubSub NOTE: Current connections: 0, so max possible observers: 0
[2026-09-03 10:41:33.133458000][th:581708][info] GossipPubSub === END PEER CONNECTION DETAILS ===
[2026-09-03 10:41:33.133459000][th:581708][info] GossipPubSub Connection manager stats:
[2026-09-03 10:41:33.133460000][th:581708][info] GossipPubSub   -> Max connections: 1000
[2026-09-03 10:41:33.133462000][th:581708][info] GossipPubSub   -> Current connections: 0
[2026-09-03 10:41:33.133463000][th:581708][info] GossipPubSub === END NETWORK STATE ===
[2026-09-03 10:41:33.134079000][th:581708][info] GossipPubSub /ip4/0.0.0.0/tcp/54612/p2p/12D3KooWHfCcAunB7LLuUKc9LxsV8bTkjpx62KDqUvBHpgLc5aAo : PubSub service started
[2026-09-03 10:41:33][info][GlobalDB] Opening database /Users/henriqueklein/gnus/SuperGenius/multi_node_finality_fault/restart-certificate-validator-two/rocksdb
[2026-09-03 10:41:33][debug][GraphsyncDAGSyncer] GraphSyncer created 4729161016 
[2026-09-03 10:41:33][info][CrdtDatastore] crdt Datastore created. Number of heads: 2 Current max-height: 18446744073709551615
[2026-09-03 10:41:33][info][GeniusAccount] Secure storage ID path: /Users/henriqueklein/gnus/SuperGenius/multi_node_finality_fault/restart-certificate-validator-two/account/secure_storage_id
[2026-09-03 10:41:33][info][GeniusAccount] Loaded public key from file: 16045674776229cb... (length: 128)
[2026-09-03 10:41:33][info][GeniusAccount] Successfully loaded key_seed from storage
[2026-09-03 10:41:33][info][GeniusAccount] Validation successful: key_seed matches stored public key
[2026-09-03 10:41:33][warning][UTXOManager] Found UTXOs in storage, but there were none
[2026-09-03 10:41:33][info][Blockchain] [16045674] Blockchain instance created with authorized full node: 8a33bdf1
[2026-09-03 10:41:33][info][ValidatorRegistry] InitializeCache: cache initialized with CID QmVxgUnNSu6ktNsRz2wZDPr58tigtVP3h93rCu7JDAqoEy
[2026-09-03 10:41:33][info][CRDTCallbackManager] Successfully registered new data callback for pattern: '/?gnus-validator-registry'
[2026-09-03 10:41:33][info][ValidatorRegistry] RegisterFilter: result=true
[2026-09-03 10:41:33][info][ValidatorRegistry] New: instance ready
[2026-09-03 10:41:33.174494000][th:581708][info] GossipPubSub /ip4/0.0.0.0/tcp/54612/p2p/12D3KooWHfCcAunB7LLuUKc9LxsV8bTkjpx62KDqUvBHpgLc5aAo: PubSub subscribed to topic 'gnus-validator-registry.3.7.144'
[2026-09-03 10:41:33.174529000][th:581708][info] GossipPubSub /ip4/0.0.0.0/tcp/54612/p2p/12D3KooWHfCcAunB7LLuUKc9LxsV8bTkjpx62KDqUvBHpgLc5aAo: PubSub subscribed to topic 'consensus-channel-.3.7.144'
[2026-09-03 10:41:33][info][CRDTCallbackManager] Successfully registered new data callback for pattern: '^/?cert/[^/]+'
[2026-09-03 10:41:33.174585000][th:581708][info] GossipPubSub /ip4/0.0.0.0/tcp/54612/p2p/12D3KooWHfCcAunB7LLuUKc9LxsV8bTkjpx62KDqUvBHpgLc5aAo: PubSub subscribed to topic 'consensus-channel-.3.7.144#datastore.3.7.144'
[2026-09-03 10:41:33][warning][ConsensusManager] ProcessCommittedCertificate: No subject handler for certificate with key /cert/mint-v2:test:0000000000000000000000000000000000000000000000000000000000000000:42:ad9fc26fcf1dd9002e3697c9a616b8f46bb1b149de12e20ceef2a643cfb21319e63738a0c7016f935ddaddef0fddc460a1adeb409b6ea2480c6d9bc0fadecf2b:cccccccccccccccccccccccccccccccccccccccccccccccccccccccccccccccc 
[2026-09-03 10:41:33][warning][ConsensusManager] ProcessCommittedCertificate: No subject handler for certificate with key /cert/mint-v2:test:0000000000000000000000000000000000000000000000000000000000000000:42:ad9fc26fcf1dd9002e3697c9a616b8f46bb1b149de12e20ceef2a643cfb21319e63738a0c7016f935ddaddef0fddc460a1adeb409b6ea2480c6d9bc0fadecf2b:cccccccccccccccccccccccccccccccccccccccccccccccccccccccccccccccc 
[2026-09-03 10:41:33][info][CRDTCallbackManager] Successfully registered new data callback for pattern: '/?gnus-genesis-block'
[2026-09-03 10:41:33][info][CRDTCallbackManager] Successfully registered new data callback for pattern: '/?gnus-account-creation-.*'
[2026-09-03 10:41:33][info][UTXOManager] Stored 1 UTXOs for address ad9fc26fcf1dd9002e3697c9a616b8f46bb1b149de12e20ceef2a643cfb21319e63738a0c7016f935ddaddef0fddc460a1adeb409b6ea2480c6d9bc0fadecf2b
[2026-09-03 10:41:33][info][UTXOManager] Stored 2 UTXOs for address ad9fc26fcf1dd9002e3697c9a616b8f46bb1b149de12e20ceef2a643cfb21319e63738a0c7016f935ddaddef0fddc460a1adeb409b6ea2480c6d9bc0fadecf2b
[2026-09-03 10:41:33][warning][TransactionManager] [16045674 - full: false] Mint-v2 7629037be55e3fbfaf7373d15957ad175d54977ca6b695c4c3a144c347cc1057 did not consume every burn input (already consumed or missing); burn outpoint metadata may have been rebuilt with zero amount
[2026-09-03 10:41:33][info][TransactionManager] [16045674 - full: false] Created tokens (mint-v2), amount 42 balance 0
[2026-09-03 10:41:33][info][TransactionManager] [16045674 - full: false] ChangeTransactionState: Tracking entry confirmed tx=7629037be55e3fbfaf7373d15957ad175d54977ca6b695c4c3a144c347cc1057
[2026-09-03 10:41:33][info][TransactionManager] [16045674 - full: false] OnConsensusCertificate: Standalone validator confirmed tx 7629037be55e3fbfaf7373d15957ad175d54977ca6b695c4c3a144c347cc1057 from certificate proposal_id=05229a078c7b0d96a865d7e3b3a3a157e092bbc90ca522393344bcc10ae3707f
[2026-09-03 10:41:33][info][UTXOManager] Created checkpoint owner=16045674776229cb949f5b1c85f795079711cef2f36fdca69fb221aa005765c77ab33298ad84ffedb12878fbed211b602dcf9b2f4a28cd4159b8d47ae1e68ebd epoch=1 utxo_count=0
[2026-09-03 10:41:33][info][CRDTCallbackManager] Successfully registered new data callback for pattern: '^/?/bc-144/tx/[^/]+'
[2026-09-03 10:41:33][info][CRDTCallbackManager] Successfully registered deleted data callback for pattern: '^/?/bc-144/tx/[^/]+'
[2026-09-03 10:41:33][info][CRDTCallbackManager] Successfully registered new data callback for pattern: '^/?/bc-963/tx/[^/]+'
[2026-09-03 10:41:33][info][CRDTCallbackManager] Successfully registered deleted data callback for pattern: '^/?/bc-963/tx/[^/]+'
[2026-09-03 10:41:33][info][CRDTCallbackManager] Successfully registered new data callback for pattern: '^/?/bc-369/tx/[^/]+'
[2026-09-03 10:41:33][info][CRDTCallbackManager] Successfully registered deleted data callback for pattern: '^/?/bc-369/tx/[^/]+'
[2026-09-03 10:41:33.219333000][th:581063][info] GossipPubSub Adding new peer: 12D3KooWHfCcAunB7LLuUKc9LxsV8bTkjpx62KDqUvBHpgLc5aAo
[2026-09-03 10:41:33.219429000][th:581063][info] GossipPubSub Adding new peer: 12D3KooWKtksbzqyASZvsSDBatu8JAwvpphjLQNtCHtWnyeJYQs8
[2026-09-03 10:41:33.219516000][th:581063][info] GossipPubSub Adding new peer: 12D3KooWSWRmQDZy2hnkxWSmL7UGmTBUnJH4AjBdwjasCVjFupne
[2026-09-03 10:41:33.219606000][th:581708][info] GossipPubSub Adding new peer: 12D3KooWRH4QqUgsjP7q66hJM39bqbcYGtR2KyCwYVN8pRXwCpju
[2026-09-03 10:41:33.219690000][th:581708][info] GossipPubSub Adding new peer: 12D3KooWKtksbzqyASZvsSDBatu8JAwvpphjLQNtCHtWnyeJYQs8
[2026-09-03 10:41:33.219774000][th:581708][info] GossipPubSub Adding new peer: 12D3KooWSWRmQDZy2hnkxWSmL7UGmTBUnJH4AjBdwjasCVjFupne
[2026-09-03 10:41:33.219860000][th:581114][info] GossipPubSub Adding new peer: 12D3KooWRH4QqUgsjP7q66hJM39bqbcYGtR2KyCwYVN8pRXwCpju
[2026-09-03 10:41:33.219942000][th:581114][info] GossipPubSub Adding new peer: 12D3KooWHfCcAunB7LLuUKc9LxsV8bTkjpx62KDqUvBHpgLc5aAo
[2026-09-03 10:41:33.220026000][th:581114][info] GossipPubSub Adding new peer: 12D3KooWSWRmQDZy2hnkxWSmL7UGmTBUnJH4AjBdwjasCVjFupne
[2026-09-03 10:41:33.220111000][th:581136][info] GossipPubSub Adding new peer: 12D3KooWRH4QqUgsjP7q66hJM39bqbcYGtR2KyCwYVN8pRXwCpju
[2026-09-03 10:41:33.220191000][th:581136][info] GossipPubSub Adding new peer: 12D3KooWHfCcAunB7LLuUKc9LxsV8bTkjpx62KDqUvBHpgLc5aAo
[2026-09-03 10:41:33.220274000][th:581136][info] GossipPubSub Adding new peer: 12D3KooWKtksbzqyASZvsSDBatu8JAwvpphjLQNtCHtWnyeJYQs8
[2026-09-03 10:41:33][info][CRDTCallbackManager] Successfully unregistered new data callback for pattern: '^/?/bc-144/tx/[^/]+'
[2026-09-03 10:41:33][info][CRDTCallbackManager] Successfully unregistered deleted data callback for pattern: '^/?/bc-144/tx/[^/]+'
[2026-09-03 10:41:33][info][CRDTCallbackManager] Successfully unregistered new data callback for pattern: '^/?/bc-963/tx/[^/]+'
[2026-09-03 10:41:33][info][CRDTCallbackManager] Successfully unregistered deleted data callback for pattern: '^/?/bc-963/tx/[^/]+'
[2026-09-03 10:41:33][info][CRDTCallbackManager] Successfully unregistered new data callback for pattern: '^/?/bc-369/tx/[^/]+'
[2026-09-03 10:41:33][info][CRDTCallbackManager] Successfully unregistered deleted data callback for pattern: '^/?/bc-369/tx/[^/]+'
[2026-09-03 10:41:33][info][TransactionManager] [ad9fc26f - full: false] ~TransactionManager: Metrics — cert_fallback(success=0 failure=0) validation(approve=1 reject=0) tracking(insert=1 confirm=1 fail=0)
[2026-09-03 10:41:33][info][Blockchain] [ad9fc26f] Stopping blockchain
[2026-09-03 10:41:33][info][CRDTCallbackManager] Successfully unregistered new data callback for pattern: '/?gnus-genesis-block'
[2026-09-03 10:41:33][info][CRDTCallbackManager] Successfully unregistered new data callback for pattern: '/?gnus-account-creation-.*'
[2026-09-03 10:41:33][info][CRDTCallbackManager] Successfully unregistered new data callback for pattern: '/?gnus-validator-registry'
[2026-09-03 10:41:33][debug][GlobalDB] ~GlobalDB CALLED with count 6 on multi_node_finality_fault/restart-certificate-validator-one/rocksdb 
[2026-09-03 10:41:33][info][GlobalDB] GlobalDB shutdown start
[2026-09-03 10:41:33][info][CrdtDatastore] CancelAndCloseNow: begin (pending_jobs=1, self_queue=0, root_queue=0, pending_roots=0, active_root=false)
[2026-09-03 10:41:33][debug][GraphsyncDAGSyncer] Stopping Dagsyncer
[2026-09-03 10:41:33][debug][GraphsyncDAGSyncer] Dagsyncer Stopped
[2026-09-03 10:41:33][info][CrdtDatastore] CancelAndCloseNow: CRDT workers stopped
[2026-09-03 10:41:33][warning][CrdtDatastore] CancelAndCloseNow called but shutdown has already started
[2026-09-03 10:41:33][debug][GraphsyncDAGSyncer] ~GraphsyncDAGSyncer CALLED
[2026-09-03 10:41:33][info][GlobalDB] GlobalDB shutdown finished
[2026-09-03 10:41:33.571241000][th:581063][error] GossipPubSub Address monitoring timer error: Operation canceled
[2026-09-03 10:41:34][info][KeyPairFileStorage] Path to keypairs multi_node_finality_fault/restart-certificate-validator-one/keypair
[2026-09-03 10:41:34][info][KeyPairFileStorage] Peer ID from public key: 12D3KooWRH4QqUgsjP7q66hJM39bqbcYGtR2KyCwYVN8pRXwCpju
Current limits: 16384 (soft), 9223372036854775807 (hard)
New limits set successfully: 16384 (soft), 9223372036854775807 (hard)
Initialized relay addresses
[2026-09-03 10:41:34.586227000][th:578917][info] GossipPubSub /ip4/0.0.0.0/tcp/54611/p2p/12D3KooWRH4QqUgsjP7q66hJM39bqbcYGtR2KyCwYVN8pRXwCpju: Starting PubSub service
[2026-09-03 10:41:34.586448000][th:581875][info] GossipPubSub Starting address monitoring system for mobile network changes
[2026-09-03 10:41:34.586460000][th:581875][info] GossipPubSub === CURRENT NETWORK STATE ===
[2026-09-03 10:41:34.586479000][th:581875][info] GossipPubSub Primary listening address: /ip4/0.0.0.0/tcp/54611/p2p/12D3KooWRH4QqUgsjP7q66hJM39bqbcYGtR2KyCwYVN8pRXwCpju
[2026-09-03 10:41:34.586482000][th:581875][info] GossipPubSub Host peer info addresses (0):
[2026-09-03 10:41:34.586484000][th:581875][info] GossipPubSub Additional addresses we track (0):
[2026-09-03 10:41:34.586485000][th:581875][info] GossipPubSub Listening addresses (1):
[2026-09-03 10:41:34.586487000][th:581875][info] GossipPubSub   -> /ip4/0.0.0.0/tcp/54611/p2p/12D3KooWRH4QqUgsjP7q66hJM39bqbcYGtR2KyCwYVN8pRXwCpju
[2026-09-03 10:41:34.586488000][th:581875][info] GossipPubSub Interface addresses (0):
[2026-09-03 10:41:34.586489000][th:581875][info] GossipPubSub === RAW OBSERVED ADDRESS DEBUG ===
[2026-09-03 10:41:34.586493000][th:581875][info] GossipPubSub Local address: /ip4/0.0.0.0/tcp/54611/p2p/12D3KooWRH4QqUgsjP7q66hJM39bqbcYGtR2KyCwYVN8pRXwCpju -> 0 raw observed, 0 activated+confirmed
[2026-09-03 10:41:34.586496000][th:581875][info] GossipPubSub TOTAL: 0 raw observed addresses, 0 activated+confirmed addresses
[2026-09-03 10:41:34.586497000][th:581875][info] GossipPubSub === END RAW OBSERVED ADDRESS DEBUG ===
[2026-09-03 10:41:34.586498000][th:581875][info] GossipPubSub Observed addresses - all (0):
[2026-09-03 10:41:34.586499000][th:581875][info] GossipPubSub Observed addresses - confirmed only (0):
[2026-09-03 10:41:34.586501000][th:581875][info] GossipPubSub Relay addresses (0):
[2026-09-03 10:41:34.586504000][th:581875][warning] GossipPubSub Failed to get addresses from peer repository: not found
[2026-09-03 10:41:34.586603000][th:581875][info] GossipPubSub Found 1 valid network interfaces
[2026-09-03 10:41:34.586610000][th:581875][info] GossipPubSub Current network interfaces (1):
[2026-09-03 10:41:34.586612000][th:581875][info] GossipPubSub   -> 192.168.1.6
[2026-09-03 10:41:34.586614000][th:581875][info] GossipPubSub Active connections: 0
[2026-09-03 10:41:34.586615000][th:581875][info] GossipPubSub === PEER CONNECTION DETAILS ===
[2026-09-03 10:41:34.586616000][th:581875][info] GossipPubSub NOTE: Observed addresses need to be seen by 4+ different peer groups to become 'activated'
[2026-09-03 10:41:34.586617000][th:581875][info] GossipPubSub NOTE: Current connections: 0, so max possible observers: 0
[2026-09-03 10:41:34.586618000][th:581875][info] GossipPubSub === END PEER CONNECTION DETAILS ===
[2026-09-03 10:41:34.586619000][th:581875][info] GossipPubSub Connection manager stats:
[2026-09-03 10:41:34.586620000][th:581875][info] GossipPubSub   -> Max connections: 1000
[2026-09-03 10:41:34.586622000][th:581875][info] GossipPubSub   -> Current connections: 0
[2026-09-03 10:41:34.586623000][th:581875][info] GossipPubSub === END NETWORK STATE ===
[2026-09-03 10:41:34.587067000][th:581875][info] GossipPubSub /ip4/0.0.0.0/tcp/54611/p2p/12D3KooWRH4QqUgsjP7q66hJM39bqbcYGtR2KyCwYVN8pRXwCpju : PubSub service started
[2026-09-03 10:41:34][info][GlobalDB] Opening database /Users/henriqueklein/gnus/SuperGenius/multi_node_finality_fault/restart-certificate-validator-one/rocksdb
[2026-09-03 10:41:34][debug][GraphsyncDAGSyncer] GraphSyncer created 4729097240 
[2026-09-03 10:41:34][info][CrdtDatastore] crdt Datastore created. Number of heads: 2 Current max-height: 18446744073709551615
[2026-09-03 10:41:34][info][GeniusAccount] Secure storage ID path: /Users/henriqueklein/gnus/SuperGenius/multi_node_finality_fault/restart-certificate-validator-one/account/secure_storage_id
[2026-09-03 10:41:34][info][GeniusAccount] Loaded public key from file: ad9fc26fcf1dd900... (length: 128)
[2026-09-03 10:41:34][info][GeniusAccount] Successfully loaded key_seed from storage
[2026-09-03 10:41:34][info][GeniusAccount] Validation successful: key_seed matches stored public key
[2026-09-03 10:41:34][warning][UTXOManager] Skipping malformed UTXO key /utxo-checkpoint/ad9fc26fcf1dd9002e3697c9a616b8f46bb1b149de12e20ceef2a643cfb21319e63738a0c7016f935ddaddef0fddc460a1adeb409b6ea2480c6d9bc0fadecf2b/1
[2026-09-03 10:41:34][warning][UTXOManager] Skipping malformed UTXO key /utxo-checkpoint/ad9fc26fcf1dd9002e3697c9a616b8f46bb1b149de12e20ceef2a643cfb21319e63738a0c7016f935ddaddef0fddc460a1adeb409b6ea2480c6d9bc0fadecf2b/latest
[2026-09-03 10:41:34][info][Blockchain] [ad9fc26f] Blockchain instance created with authorized full node: 8a33bdf1
[2026-09-03 10:41:34][info][ValidatorRegistry] InitializeCache: cache initialized with CID QmVxgUnNSu6ktNsRz2wZDPr58tigtVP3h93rCu7JDAqoEy
[2026-09-03 10:41:34][info][CRDTCallbackManager] Successfully registered new data callback for pattern: '/?gnus-validator-registry'
[2026-09-03 10:41:34][info][ValidatorRegistry] RegisterFilter: result=true
[2026-09-03 10:41:34][info][ValidatorRegistry] New: instance ready
[2026-09-03 10:41:34.621311000][th:581875][info] GossipPubSub /ip4/0.0.0.0/tcp/54611/p2p/12D3KooWRH4QqUgsjP7q66hJM39bqbcYGtR2KyCwYVN8pRXwCpju: PubSub subscribed to topic 'gnus-validator-registry.3.7.144'
[2026-09-03 10:41:34][info][CRDTCallbackManager] Successfully registered new data callback for pattern: '^/?cert/[^/]+'
[2026-09-03 10:41:34.621350000][th:581875][info] GossipPubSub /ip4/0.0.0.0/tcp/54611/p2p/12D3KooWRH4QqUgsjP7q66hJM39bqbcYGtR2KyCwYVN8pRXwCpju: PubSub subscribed to topic 'consensus-channel-.3.7.144'
[2026-09-03 10:41:34.621376000][th:581875][info] GossipPubSub /ip4/0.0.0.0/tcp/54611/p2p/12D3KooWRH4QqUgsjP7q66hJM39bqbcYGtR2KyCwYVN8pRXwCpju: PubSub subscribed to topic 'consensus-channel-.3.7.144#datastore.3.7.144'
[2026-09-03 10:41:34][info][CRDTCallbackManager] Successfully registered new data callback for pattern: '/?gnus-genesis-block'
[2026-09-03 10:41:34][info][CRDTCallbackManager] Successfully registered new data callback for pattern: '/?gnus-account-creation-.*'
[2026-09-03 10:41:34][info][CRDTCallbackManager] Successfully registered new data callback for pattern: '^/?/bc-144/tx/[^/]+'
[2026-09-03 10:41:34][info][CRDTCallbackManager] Successfully registered deleted data callback for pattern: '^/?/bc-144/tx/[^/]+'
[2026-09-03 10:41:34][info][CRDTCallbackManager] Successfully registered new data callback for pattern: '^/?/bc-963/tx/[^/]+'
[2026-09-03 10:41:34][info][CRDTCallbackManager] Successfully registered deleted data callback for pattern: '^/?/bc-963/tx/[^/]+'
[2026-09-03 10:41:34][info][CRDTCallbackManager] Successfully registered new data callback for pattern: '^/?/bc-369/tx/[^/]+'
[2026-09-03 10:41:34][info][CRDTCallbackManager] Successfully registered deleted data callback for pattern: '^/?/bc-369/tx/[^/]+'
[2026-09-03 10:41:34][info][CRDTCallbackManager] Successfully unregistered new data callback for pattern: '^/?/bc-144/tx/[^/]+'
[2026-09-03 10:41:34][info][CRDTCallbackManager] Successfully unregistered deleted data callback for pattern: '^/?/bc-144/tx/[^/]+'
[2026-09-03 10:41:34][info][CRDTCallbackManager] Successfully unregistered new data callback for pattern: '^/?/bc-963/tx/[^/]+'
[2026-09-03 10:41:34][info][CRDTCallbackManager] Successfully unregistered deleted data callback for pattern: '^/?/bc-963/tx/[^/]+'
[2026-09-03 10:41:34][info][CRDTCallbackManager] Successfully unregistered new data callback for pattern: '^/?/bc-369/tx/[^/]+'
[2026-09-03 10:41:34][info][CRDTCallbackManager] Successfully unregistered deleted data callback for pattern: '^/?/bc-369/tx/[^/]+'
[2026-09-03 10:41:34][info][TransactionManager] [16045674 - full: false] ~TransactionManager: Metrics — cert_fallback(success=1 failure=0) validation(approve=0 reject=0) tracking(insert=0 confirm=1 fail=0)
[2026-09-03 10:41:34][info][Blockchain] [16045674] Stopping blockchain
[2026-09-03 10:41:34][info][CRDTCallbackManager] Successfully unregistered new data callback for pattern: '/?gnus-genesis-block'
[2026-09-03 10:41:34][info][CRDTCallbackManager] Successfully unregistered new data callback for pattern: '/?gnus-account-creation-.*'
[2026-09-03 10:41:34][info][CRDTCallbackManager] Successfully unregistered new data callback for pattern: '/?gnus-validator-registry'
[2026-09-03 10:41:34][debug][GlobalDB] ~GlobalDB CALLED with count 6 on multi_node_finality_fault/restart-certificate-validator-two/rocksdb 
[2026-09-03 10:41:34][info][GlobalDB] GlobalDB shutdown start
[2026-09-03 10:41:34][info][CrdtDatastore] CancelAndCloseNow: begin (pending_jobs=0, self_queue=0, root_queue=0, pending_roots=0, active_root=false)
[2026-09-03 10:41:34][debug][GraphsyncDAGSyncer] Stopping Dagsyncer
[2026-09-03 10:41:34][debug][GraphsyncDAGSyncer] Dagsyncer Stopped
[2026-09-03 10:41:34][info][CrdtDatastore] CancelAndCloseNow: CRDT workers stopped
[2026-09-03 10:41:34][warning][CrdtDatastore] CancelAndCloseNow called but shutdown has already started
[2026-09-03 10:41:34][debug][GraphsyncDAGSyncer] ~GraphsyncDAGSyncer CALLED
[2026-09-03 10:41:34][info][GlobalDB] GlobalDB shutdown finished
[2026-09-03 10:41:34.689408000][th:581708][error] GossipPubSub Address monitoring timer error: Operation canceled
[2026-09-03 10:41:35][info][KeyPairFileStorage] Path to keypairs multi_node_finality_fault/restart-certificate-validator-two/keypair
[2026-09-03 10:41:35][info][KeyPairFileStorage] Peer ID from public key: 12D3KooWHfCcAunB7LLuUKc9LxsV8bTkjpx62KDqUvBHpgLc5aAo
Current limits: 16384 (soft), 9223372036854775807 (hard)
New limits set successfully: 16384 (soft), 9223372036854775807 (hard)
Initialized relay addresses
[2026-09-03 10:41:35.696815000][th:578917][info] GossipPubSub /ip4/0.0.0.0/tcp/54612/p2p/12D3KooWHfCcAunB7LLuUKc9LxsV8bTkjpx62KDqUvBHpgLc5aAo: Starting PubSub service
[2026-09-03 10:41:35.697045000][th:581995][info] GossipPubSub Starting address monitoring system for mobile network changes
[2026-09-03 10:41:35.697056000][th:581995][info] GossipPubSub === CURRENT NETWORK STATE ===
[2026-09-03 10:41:35.697075000][th:581995][info] GossipPubSub Primary listening address: /ip4/0.0.0.0/tcp/54612/p2p/12D3KooWHfCcAunB7LLuUKc9LxsV8bTkjpx62KDqUvBHpgLc5aAo
[2026-09-03 10:41:35.697078000][th:581995][info] GossipPubSub Host peer info addresses (0):
[2026-09-03 10:41:35.697080000][th:581995][info] GossipPubSub Additional addresses we track (0):
[2026-09-03 10:41:35.697081000][th:581995][info] GossipPubSub Listening addresses (1):
[2026-09-03 10:41:35.697083000][th:581995][info] GossipPubSub   -> /ip4/0.0.0.0/tcp/54612/p2p/12D3KooWHfCcAunB7LLuUKc9LxsV8bTkjpx62KDqUvBHpgLc5aAo
[2026-09-03 10:41:35.697084000][th:581995][info] GossipPubSub Interface addresses (0):
[2026-09-03 10:41:35.697085000][th:581995][info] GossipPubSub === RAW OBSERVED ADDRESS DEBUG ===
[2026-09-03 10:41:35.697089000][th:581995][info] GossipPubSub Local address: /ip4/0.0.0.0/tcp/54612/p2p/12D3KooWHfCcAunB7LLuUKc9LxsV8bTkjpx62KDqUvBHpgLc5aAo -> 0 raw observed, 0 activated+confirmed
[2026-09-03 10:41:35.697092000][th:581995][info] GossipPubSub TOTAL: 0 raw observed addresses, 0 activated+confirmed addresses
[2026-09-03 10:41:35.697093000][th:581995][info] GossipPubSub === END RAW OBSERVED ADDRESS DEBUG ===
[2026-09-03 10:41:35.697094000][th:581995][info] GossipPubSub Observed addresses - all (0):
[2026-09-03 10:41:35.697096000][th:581995][info] GossipPubSub Observed addresses - confirmed only (0):
[2026-09-03 10:41:35.697097000][th:581995][info] GossipPubSub Relay addresses (0):
[2026-09-03 10:41:35.697101000][th:581995][warning] GossipPubSub Failed to get addresses from peer repository: not found
[2026-09-03 10:41:35.697208000][th:581995][info] GossipPubSub Found 1 valid network interfaces
[2026-09-03 10:41:35.697214000][th:581995][info] GossipPubSub Current network interfaces (1):
[2026-09-03 10:41:35.697216000][th:581995][info] GossipPubSub   -> 192.168.1.6
[2026-09-03 10:41:35.697218000][th:581995][info] GossipPubSub Active connections: 0
[2026-09-03 10:41:35.697219000][th:581995][info] GossipPubSub === PEER CONNECTION DETAILS ===
[2026-09-03 10:41:35.697220000][th:581995][info] GossipPubSub NOTE: Observed addresses need to be seen by 4+ different peer groups to become 'activated'
[2026-09-03 10:41:35.697221000][th:581995][info] GossipPubSub NOTE: Current connections: 0, so max possible observers: 0
[2026-09-03 10:41:35.697222000][th:581995][info] GossipPubSub === END PEER CONNECTION DETAILS ===
[2026-09-03 10:41:35.697223000][th:581995][info] GossipPubSub Connection manager stats:
[2026-09-03 10:41:35.697225000][th:581995][info] GossipPubSub   -> Max connections: 1000
[2026-09-03 10:41:35.697226000][th:581995][info] GossipPubSub   -> Current connections: 0
[2026-09-03 10:41:35.697227000][th:581995][info] GossipPubSub === END NETWORK STATE ===
[2026-09-03 10:41:35.697677000][th:581995][info] GossipPubSub /ip4/0.0.0.0/tcp/54612/p2p/12D3KooWHfCcAunB7LLuUKc9LxsV8bTkjpx62KDqUvBHpgLc5aAo : PubSub service started
[2026-09-03 10:41:35][info][GlobalDB] Opening database /Users/henriqueklein/gnus/SuperGenius/multi_node_finality_fault/restart-certificate-validator-two/rocksdb
[2026-09-03 10:41:35][debug][GraphsyncDAGSyncer] GraphSyncer created 4732392632 
[2026-09-03 10:41:35][info][CrdtDatastore] crdt Datastore created. Number of heads: 2 Current max-height: 18446744073709551615
[2026-09-03 10:41:35][info][GeniusAccount] Secure storage ID path: /Users/henriqueklein/gnus/SuperGenius/multi_node_finality_fault/restart-certificate-validator-two/account/secure_storage_id
[2026-09-03 10:41:35][info][GeniusAccount] Loaded public key from file: 16045674776229cb... (length: 128)
[2026-09-03 10:41:35][info][GeniusAccount] Successfully loaded key_seed from storage
[2026-09-03 10:41:35][info][GeniusAccount] Validation successful: key_seed matches stored public key
[2026-09-03 10:41:35][warning][UTXOManager] Skipping malformed UTXO key /utxo-checkpoint/16045674776229cb949f5b1c85f795079711cef2f36fdca69fb221aa005765c77ab33298ad84ffedb12878fbed211b602dcf9b2f4a28cd4159b8d47ae1e68ebd/1
[2026-09-03 10:41:35][warning][UTXOManager] Skipping malformed UTXO key /utxo-checkpoint/16045674776229cb949f5b1c85f795079711cef2f36fdca69fb221aa005765c77ab33298ad84ffedb12878fbed211b602dcf9b2f4a28cd4159b8d47ae1e68ebd/latest
[2026-09-03 10:41:35][info][Blockchain] [16045674] Blockchain instance created with authorized full node: 8a33bdf1
[2026-09-03 10:41:35][info][ValidatorRegistry] InitializeCache: cache initialized with CID QmVxgUnNSu6ktNsRz2wZDPr58tigtVP3h93rCu7JDAqoEy
[2026-09-03 10:41:35][info][CRDTCallbackManager] Successfully registered new data callback for pattern: '/?gnus-validator-registry'
[2026-09-03 10:41:35][info][ValidatorRegistry] RegisterFilter: result=true
[2026-09-03 10:41:35][info][ValidatorRegistry] New: instance ready
[2026-09-03 10:41:35.727444000][th:581995][info] GossipPubSub /ip4/0.0.0.0/tcp/54612/p2p/12D3KooWHfCcAunB7LLuUKc9LxsV8bTkjpx62KDqUvBHpgLc5aAo: PubSub subscribed to topic 'gnus-validator-registry.3.7.144'
[2026-09-03 10:41:35.727482000][th:581995][info] GossipPubSub /ip4/0.0.0.0/tcp/54612/p2p/12D3KooWHfCcAunB7LLuUKc9LxsV8bTkjpx62KDqUvBHpgLc5aAo: PubSub subscribed to topic 'consensus-channel-.3.7.144'
[2026-09-03 10:41:35][info][CRDTCallbackManager] Successfully registered new data callback for pattern: '^/?cert/[^/]+'
[2026-09-03 10:41:35.727530000][th:581995][info] GossipPubSub /ip4/0.0.0.0/tcp/54612/p2p/12D3KooWHfCcAunB7LLuUKc9LxsV8bTkjpx62KDqUvBHpgLc5aAo: PubSub subscribed to topic 'consensus-channel-.3.7.144#datastore.3.7.144'
[2026-09-03 10:41:35][info][CRDTCallbackManager] Successfully registered new data callback for pattern: '/?gnus-genesis-block'
[2026-09-03 10:41:35][info][CRDTCallbackManager] Successfully registered new data callback for pattern: '/?gnus-account-creation-.*'
[2026-09-03 10:41:35][info][CRDTCallbackManager] Successfully registered new data callback for pattern: '^/?/bc-144/tx/[^/]+'
[2026-09-03 10:41:35][info][CRDTCallbackManager] Successfully registered deleted data callback for pattern: '^/?/bc-144/tx/[^/]+'
[2026-09-03 10:41:35][info][CRDTCallbackManager] Successfully registered new data callback for pattern: '^/?/bc-963/tx/[^/]+'
[2026-09-03 10:41:35][info][CRDTCallbackManager] Successfully registered deleted data callback for pattern: '^/?/bc-963/tx/[^/]+'
[2026-09-03 10:41:35][info][CRDTCallbackManager] Successfully registered new data callback for pattern: '^/?/bc-369/tx/[^/]+'
[2026-09-03 10:41:35][info][CRDTCallbackManager] Successfully registered deleted data callback for pattern: '^/?/bc-369/tx/[^/]+'
[2026-09-03 10:41:35][info][CRDTCallbackManager] Successfully unregistered new data callback for pattern: '^/?/bc-144/tx/[^/]+'
[2026-09-03 10:41:35][info][CRDTCallbackManager] Successfully unregistered deleted data callback for pattern: '^/?/bc-144/tx/[^/]+'
[2026-09-03 10:41:35][info][CRDTCallbackManager] Successfully unregistered new data callback for pattern: '^/?/bc-963/tx/[^/]+'
[2026-09-03 10:41:35][info][CRDTCallbackManager] Successfully unregistered deleted data callback for pattern: '^/?/bc-963/tx/[^/]+'
[2026-09-03 10:41:35][info][CRDTCallbackManager] Successfully unregistered new data callback for pattern: '^/?/bc-369/tx/[^/]+'
[2026-09-03 10:41:35][info][CRDTCallbackManager] Successfully unregistered deleted data callback for pattern: '^/?/bc-369/tx/[^/]+'
[2026-09-03 10:41:35][info][TransactionManager] [31eb2e19 - full: false] ~TransactionManager: Metrics — cert_fallback(success=0 failure=0) validation(approve=1 reject=0) tracking(insert=1 confirm=1 fail=0)
[2026-09-03 10:41:35][info][Blockchain] [31eb2e19] Stopping blockchain
[2026-09-03 10:41:35][info][CRDTCallbackManager] Successfully unregistered new data callback for pattern: '/?gnus-genesis-block'
[2026-09-03 10:41:35][info][CRDTCallbackManager] Successfully unregistered new data callback for pattern: '/?gnus-account-creation-.*'
[2026-09-03 10:41:35][info][CRDTCallbackManager] Successfully unregistered new data callback for pattern: '/?gnus-validator-registry'
[2026-09-03 10:41:35][debug][GlobalDB] ~GlobalDB CALLED with count 6 on multi_node_finality_fault/restart-certificate-validator-three/rocksdb 
[2026-09-03 10:41:35][info][GlobalDB] GlobalDB shutdown start
[2026-09-03 10:41:35][info][CrdtDatastore] CancelAndCloseNow: begin (pending_jobs=1, self_queue=0, root_queue=0, pending_roots=0, active_root=false)
[2026-09-03 10:41:35][debug][GraphsyncDAGSyncer] Stopping Dagsyncer
[2026-09-03 10:41:35][debug][GraphsyncDAGSyncer] Dagsyncer Stopped
[2026-09-03 10:41:36][info][CrdtDatastore] CancelAndCloseNow: CRDT workers stopped
[2026-09-03 10:41:36][warning][CrdtDatastore] CancelAndCloseNow called but shutdown has already started
[2026-09-03 10:41:36][debug][GraphsyncDAGSyncer] ~GraphsyncDAGSyncer CALLED
[2026-09-03 10:41:36][info][GlobalDB] GlobalDB shutdown finished
[2026-09-03 10:41:36.202723000][th:581114][error] GossipPubSub Address monitoring timer error: Operation canceled
[2026-09-03 10:41:36.494062000][th:579064][info] GossipPubSub === Address Refresh Cycle Started ===
[2026-09-03 10:41:36.494125000][th:579064][info] GossipPubSub Found 1 valid network interfaces
[2026-09-03 10:41:36.494191000][th:579064][info] GossipPubSub   -> New interface address: /ip4/192.168.1.6/tcp/40001/p2p/12D3KooWHic7a241Z4tCVT8vcRgC1Ei5kTgfCtcAQLHdcgPBnkZr
[2026-09-03 10:41:36.494208000][th:579064][info] GossipPubSub Successfully refreshed 1 addresses with 10-minute TTL
[2026-09-03 10:41:36.494210000][th:579064][info] GossipPubSub === Address Refresh Cycle Completed ===
[2026-09-03 10:41:36.494210000][th:579064][info] GossipPubSub === CURRENT NETWORK STATE ===
[2026-09-03 10:41:36.494216000][th:579064][info] GossipPubSub Primary listening address: /ip4/0.0.0.0/tcp/40001/p2p/12D3KooWHic7a241Z4tCVT8vcRgC1Ei5kTgfCtcAQLHdcgPBnkZr
[2026-09-03 10:41:36.494221000][th:579064][info] GossipPubSub Host peer info addresses (0):
[2026-09-03 10:41:36.494222000][th:579064][info] GossipPubSub Additional addresses we track (1):
[2026-09-03 10:41:36.494223000][th:579064][info] GossipPubSub   -> /ip4/192.168.1.6/tcp/40001/p2p/12D3KooWHic7a241Z4tCVT8vcRgC1Ei5kTgfCtcAQLHdcgPBnkZr
[2026-09-03 10:41:36.494223000][th:579064][info] GossipPubSub Listening addresses (1):
[2026-09-03 10:41:36.494224000][th:579064][info] GossipPubSub   -> /ip4/0.0.0.0/tcp/40001/p2p/12D3KooWHic7a241Z4tCVT8vcRgC1Ei5kTgfCtcAQLHdcgPBnkZr
[2026-09-03 10:41:36.494224000][th:579064][info] GossipPubSub Interface addresses (0):
[2026-09-03 10:41:36.494225000][th:579064][info] GossipPubSub === RAW OBSERVED ADDRESS DEBUG ===
[2026-09-03 10:41:36.494227000][th:579064][info] GossipPubSub Local address: /ip4/0.0.0.0/tcp/40001/p2p/12D3KooWHic7a241Z4tCVT8vcRgC1Ei5kTgfCtcAQLHdcgPBnkZr -> 0 raw observed, 0 activated+confirmed
[2026-09-03 10:41:36.494228000][th:579064][info] GossipPubSub TOTAL: 0 raw observed addresses, 0 activated+confirmed addresses
[2026-09-03 10:41:36.494228000][th:579064][info] GossipPubSub === END RAW OBSERVED ADDRESS DEBUG ===
[2026-09-03 10:41:36.494229000][th:579064][info] GossipPubSub Observed addresses - all (0):
[2026-09-03 10:41:36.494230000][th:579064][info] GossipPubSub Observed addresses - confirmed only (0):
[2026-09-03 10:41:36.494230000][th:579064][info] GossipPubSub Relay addresses (0):
[2026-09-03 10:41:36.494242000][th:579064][info] GossipPubSub Peer repository addresses (1):
[2026-09-03 10:41:36.494244000][th:579064][info] GossipPubSub   -> /ip4/192.168.1.6/tcp/40001/p2p/12D3KooWHic7a241Z4tCVT8vcRgC1Ei5kTgfCtcAQLHdcgPBnkZr
[2026-09-03 10:41:36.494260000][th:579064][info] GossipPubSub Found 1 valid network interfaces
[2026-09-03 10:41:36.494261000][th:579064][info] GossipPubSub Current network interfaces (1):
[2026-09-03 10:41:36.494261000][th:579064][info] GossipPubSub   -> 192.168.1.6
[2026-09-03 10:41:36.494262000][th:579064][info] GossipPubSub Active connections: 0
[2026-09-03 10:41:36.494263000][th:579064][info] GossipPubSub === PEER CONNECTION DETAILS ===
[2026-09-03 10:41:36.494263000][th:579064][info] GossipPubSub NOTE: Observed addresses need to be seen by 4+ different peer groups to become 'activated'
[2026-09-03 10:41:36.494264000][th:579064][info] GossipPubSub NOTE: Current connections: 0, so max possible observers: 0
[2026-09-03 10:41:36.494264000][th:579064][info] GossipPubSub === END PEER CONNECTION DETAILS ===
[2026-09-03 10:41:36.494265000][th:579064][info] GossipPubSub Connection manager stats:
[2026-09-03 10:41:36.494265000][th:579064][info] GossipPubSub   -> Max connections: 1000
[2026-09-03 10:41:36.494266000][th:579064][info] GossipPubSub   -> Current connections: 0
[2026-09-03 10:41:36.494266000][th:579064][info] GossipPubSub === END NETWORK STATE ===
[2026-09-03 10:41:37][info][KeyPairFileStorage] Path to keypairs multi_node_finality_fault/restart-certificate-validator-three/keypair
[2026-09-03 10:41:37][info][KeyPairFileStorage] Peer ID from public key: 12D3KooWKtksbzqyASZvsSDBatu8JAwvpphjLQNtCHtWnyeJYQs8
Current limits: 16384 (soft), 9223372036854775807 (hard)
New limits set successfully: 16384 (soft), 9223372036854775807 (hard)
Initialized relay addresses
[2026-09-03 10:41:37.212357000][th:578917][info] GossipPubSub /ip4/0.0.0.0/tcp/54613/p2p/12D3KooWKtksbzqyASZvsSDBatu8JAwvpphjLQNtCHtWnyeJYQs8: Starting PubSub service
[2026-09-03 10:41:37.212432000][th:582236][info] GossipPubSub Starting address monitoring system for mobile network changes
[2026-09-03 10:41:37.212434000][th:582236][info] GossipPubSub === CURRENT NETWORK STATE ===
[2026-09-03 10:41:37.212441000][th:582236][info] GossipPubSub Primary listening address: /ip4/0.0.0.0/tcp/54613/p2p/12D3KooWKtksbzqyASZvsSDBatu8JAwvpphjLQNtCHtWnyeJYQs8
[2026-09-03 10:41:37.212443000][th:582236][info] GossipPubSub Host peer info addresses (0):
[2026-09-03 10:41:37.212444000][th:582236][info] GossipPubSub Additional addresses we track (0):
[2026-09-03 10:41:37.212445000][th:582236][info] GossipPubSub Listening addresses (1):
[2026-09-03 10:41:37.212445000][th:582236][info] GossipPubSub   -> /ip4/0.0.0.0/tcp/54613/p2p/12D3KooWKtksbzqyASZvsSDBatu8JAwvpphjLQNtCHtWnyeJYQs8
[2026-09-03 10:41:37.212446000][th:582236][info] GossipPubSub Interface addresses (0):
[2026-09-03 10:41:37.212447000][th:582236][info] GossipPubSub === RAW OBSERVED ADDRESS DEBUG ===
[2026-09-03 10:41:37.212449000][th:582236][info] GossipPubSub Local address: /ip4/0.0.0.0/tcp/54613/p2p/12D3KooWKtksbzqyASZvsSDBatu8JAwvpphjLQNtCHtWnyeJYQs8 -> 0 raw observed, 0 activated+confirmed
[2026-09-03 10:41:37.212450000][th:582236][info] GossipPubSub TOTAL: 0 raw observed addresses, 0 activated+confirmed addresses
[2026-09-03 10:41:37.212451000][th:582236][info] GossipPubSub === END RAW OBSERVED ADDRESS DEBUG ===
[2026-09-03 10:41:37.212452000][th:582236][info] GossipPubSub Observed addresses - all (0):
[2026-09-03 10:41:37.212453000][th:582236][info] GossipPubSub Observed addresses - confirmed only (0):
[2026-09-03 10:41:37.212453000][th:582236][info] GossipPubSub Relay addresses (0):
[2026-09-03 10:41:37.212455000][th:582236][warning] GossipPubSub Failed to get addresses from peer repository: not found
[2026-09-03 10:41:37.212492000][th:582236][info] GossipPubSub Found 1 valid network interfaces
[2026-09-03 10:41:37.212494000][th:582236][info] GossipPubSub Current network interfaces (1):
[2026-09-03 10:41:37.212494000][th:582236][info] GossipPubSub   -> 192.168.1.6
[2026-09-03 10:41:37.212495000][th:582236][info] GossipPubSub Active connections: 0
[2026-09-03 10:41:37.212496000][th:582236][info] GossipPubSub === PEER CONNECTION DETAILS ===
[2026-09-03 10:41:37.212497000][th:582236][info] GossipPubSub NOTE: Observed addresses need to be seen by 4+ different peer groups to become 'activated'
[2026-09-03 10:41:37.212498000][th:582236][info] GossipPubSub NOTE: Current connections: 0, so max possible observers: 0
[2026-09-03 10:41:37.212498000][th:582236][info] GossipPubSub === END PEER CONNECTION DETAILS ===
[2026-09-03 10:41:37.212499000][th:582236][info] GossipPubSub Connection manager stats:
[2026-09-03 10:41:37.212503000][th:582236][info] GossipPubSub   -> Max connections: 1000
[2026-09-03 10:41:37.212504000][th:582236][info] GossipPubSub   -> Current connections: 0
[2026-09-03 10:41:37.212504000][th:582236][info] GossipPubSub === END NETWORK STATE ===
[2026-09-03 10:41:37.212633000][th:582236][info] GossipPubSub /ip4/0.0.0.0/tcp/54613/p2p/12D3KooWKtksbzqyASZvsSDBatu8JAwvpphjLQNtCHtWnyeJYQs8 : PubSub service started
[2026-09-03 10:41:37][info][GlobalDB] Opening database /Users/henriqueklein/gnus/SuperGenius/multi_node_finality_fault/restart-certificate-validator-three/rocksdb
[2026-09-03 10:41:37][debug][GraphsyncDAGSyncer] GraphSyncer created 5267199224 
[2026-09-03 10:41:37][info][CrdtDatastore] crdt Datastore created. Number of heads: 2 Current max-height: 18446744073709551615
[2026-09-03 10:41:37][info][GeniusAccount] Secure storage ID path: /Users/henriqueklein/gnus/SuperGenius/multi_node_finality_fault/restart-certificate-validator-three/account/secure_storage_id
[2026-09-03 10:41:37][info][GeniusAccount] Loaded public key from file: 31eb2e19283bf3fe... (length: 128)
[2026-09-03 10:41:37][info][GeniusAccount] Successfully loaded key_seed from storage
[2026-09-03 10:41:37][info][GeniusAccount] Validation successful: key_seed matches stored public key
[2026-09-03 10:41:37][warning][UTXOManager] Skipping malformed UTXO key /utxo-checkpoint/31eb2e19283bf3fe033f47df141be3892abc9eb7e3f4eb4a44a5e64f6bed758d37c739bf705c8fd8c7527ad7b24f6a0569d5a44e3559b1ced0f181262504bc3c/1
[2026-09-03 10:41:37][warning][UTXOManager] Skipping malformed UTXO key /utxo-checkpoint/31eb2e19283bf3fe033f47df141be3892abc9eb7e3f4eb4a44a5e64f6bed758d37c739bf705c8fd8c7527ad7b24f6a0569d5a44e3559b1ced0f181262504bc3c/latest
[2026-09-03 10:41:37][info][Blockchain] [31eb2e19] Blockchain instance created with authorized full node: 8a33bdf1
[2026-09-03 10:41:37][info][ValidatorRegistry] InitializeCache: cache initialized with CID QmVxgUnNSu6ktNsRz2wZDPr58tigtVP3h93rCu7JDAqoEy
[2026-09-03 10:41:37][info][CRDTCallbackManager] Successfully registered new data callback for pattern: '/?gnus-validator-registry'
[2026-09-03 10:41:37][info][ValidatorRegistry] RegisterFilter: result=true
[2026-09-03 10:41:37][info][ValidatorRegistry] New: instance ready
[2026-09-03 10:41:37.234810000][th:582236][info] GossipPubSub /ip4/0.0.0.0/tcp/54613/p2p/12D3KooWKtksbzqyASZvsSDBatu8JAwvpphjLQNtCHtWnyeJYQs8: PubSub subscribed to topic 'gnus-validator-registry.3.7.144'
[2026-09-03 10:41:37][info][CRDTCallbackManager] Successfully registered new data callback for pattern: '^/?cert/[^/]+'
[2026-09-03 10:41:37.234830000][th:582236][info] GossipPubSub /ip4/0.0.0.0/tcp/54613/p2p/12D3KooWKtksbzqyASZvsSDBatu8JAwvpphjLQNtCHtWnyeJYQs8: PubSub subscribed to topic 'consensus-channel-.3.7.144'
[2026-09-03 10:41:37.234850000][th:582236][info] GossipPubSub /ip4/0.0.0.0/tcp/54613/p2p/12D3KooWKtksbzqyASZvsSDBatu8JAwvpphjLQNtCHtWnyeJYQs8: PubSub subscribed to topic 'consensus-channel-.3.7.144#datastore.3.7.144'
[2026-09-03 10:41:37][info][CRDTCallbackManager] Successfully registered new data callback for pattern: '/?gnus-genesis-block'
[2026-09-03 10:41:37][info][CRDTCallbackManager] Successfully registered new data callback for pattern: '/?gnus-account-creation-.*'
[2026-09-03 10:41:37][info][CRDTCallbackManager] Successfully registered new data callback for pattern: '^/?/bc-144/tx/[^/]+'
[2026-09-03 10:41:37][info][CRDTCallbackManager] Successfully registered deleted data callback for pattern: '^/?/bc-144/tx/[^/]+'
[2026-09-03 10:41:37][info][CRDTCallbackManager] Successfully registered new data callback for pattern: '^/?/bc-963/tx/[^/]+'
[2026-09-03 10:41:37][info][CRDTCallbackManager] Successfully registered deleted data callback for pattern: '^/?/bc-963/tx/[^/]+'
[2026-09-03 10:41:37][info][CRDTCallbackManager] Successfully registered new data callback for pattern: '^/?/bc-369/tx/[^/]+'
[2026-09-03 10:41:37][info][CRDTCallbackManager] Successfully registered deleted data callback for pattern: '^/?/bc-369/tx/[^/]+'
[2026-09-03 10:41:37][info][CRDTCallbackManager] Successfully unregistered new data callback for pattern: '^/?/bc-144/tx/[^/]+'
[2026-09-03 10:41:37][info][CRDTCallbackManager] Successfully unregistered deleted data callback for pattern: '^/?/bc-144/tx/[^/]+'
[2026-09-03 10:41:37][info][CRDTCallbackManager] Successfully unregistered new data callback for pattern: '^/?/bc-963/tx/[^/]+'
[2026-09-03 10:41:37][info][CRDTCallbackManager] Successfully unregistered deleted data callback for pattern: '^/?/bc-963/tx/[^/]+'
[2026-09-03 10:41:37][info][CRDTCallbackManager] Successfully unregistered new data callback for pattern: '^/?/bc-369/tx/[^/]+'
[2026-09-03 10:41:37][info][CRDTCallbackManager] Successfully unregistered deleted data callback for pattern: '^/?/bc-369/tx/[^/]+'
[2026-09-03 10:41:37][info][TransactionManager] [359f7ce4 - full: false] ~TransactionManager: Metrics — cert_fallback(success=0 failure=0) validation(approve=1 reject=0) tracking(insert=1 confirm=1 fail=0)
[2026-09-03 10:41:37][info][Blockchain] [359f7ce4] Stopping blockchain
[2026-09-03 10:41:37][info][CRDTCallbackManager] Successfully unregistered new data callback for pattern: '/?gnus-genesis-block'
[2026-09-03 10:41:37][info][CRDTCallbackManager] Successfully unregistered new data callback for pattern: '/?gnus-account-creation-.*'
[2026-09-03 10:41:37][info][CRDTCallbackManager] Successfully unregistered new data callback for pattern: '/?gnus-validator-registry'
[2026-09-03 10:41:37][debug][GlobalDB] ~GlobalDB CALLED with count 6 on multi_node_finality_fault/restart-certificate-passive/rocksdb 
[2026-09-03 10:41:37][info][GlobalDB] GlobalDB shutdown start
[2026-09-03 10:41:37][info][CrdtDatastore] CancelAndCloseNow: begin (pending_jobs=1, self_queue=0, root_queue=0, pending_roots=0, active_root=false)
[2026-09-03 10:41:37][debug][GraphsyncDAGSyncer] Stopping Dagsyncer
[2026-09-03 10:41:37][debug][GraphsyncDAGSyncer] Dagsyncer Stopped
[2026-09-03 10:41:37][info][CrdtDatastore] CancelAndCloseNow: CRDT workers stopped
[2026-09-03 10:41:37][warning][CrdtDatastore] CancelAndCloseNow called but shutdown has already started
[2026-09-03 10:41:37][debug][GraphsyncDAGSyncer] ~GraphsyncDAGSyncer CALLED
[2026-09-03 10:41:37][info][GlobalDB] GlobalDB shutdown finished
[2026-09-03 10:41:37.282962000][th:581136][error] GossipPubSub Address monitoring timer error: Operation canceled
[2026-09-03 10:41:38][info][KeyPairFileStorage] Path to keypairs multi_node_finality_fault/restart-certificate-passive/keypair
[2026-09-03 10:41:38][info][KeyPairFileStorage] Peer ID from public key: 12D3KooWSWRmQDZy2hnkxWSmL7UGmTBUnJH4AjBdwjasCVjFupne
Current limits: 16384 (soft), 9223372036854775807 (hard)
New limits set successfully: 16384 (soft), 9223372036854775807 (hard)
Initialized relay addresses
[2026-09-03 10:41:38.297922000][th:578917][info] GossipPubSub /ip4/0.0.0.0/tcp/54614/p2p/12D3KooWSWRmQDZy2hnkxWSmL7UGmTBUnJH4AjBdwjasCVjFupne: Starting PubSub service
[2026-09-03 10:41:38.298143000][th:582330][info] GossipPubSub Starting address monitoring system for mobile network changes
[2026-09-03 10:41:38.298154000][th:582330][info] GossipPubSub === CURRENT NETWORK STATE ===
[2026-09-03 10:41:38.298173000][th:582330][info] GossipPubSub Primary listening address: /ip4/0.0.0.0/tcp/54614/p2p/12D3KooWSWRmQDZy2hnkxWSmL7UGmTBUnJH4AjBdwjasCVjFupne
[2026-09-03 10:41:38.298176000][th:582330][info] GossipPubSub Host peer info addresses (0):
[2026-09-03 10:41:38.298177000][th:582330][info] GossipPubSub Additional addresses we track (0):
[2026-09-03 10:41:38.298179000][th:582330][info] GossipPubSub Listening addresses (1):
[2026-09-03 10:41:38.298181000][th:582330][info] GossipPubSub   -> /ip4/0.0.0.0/tcp/54614/p2p/12D3KooWSWRmQDZy2hnkxWSmL7UGmTBUnJH4AjBdwjasCVjFupne
[2026-09-03 10:41:38.298182000][th:582330][info] GossipPubSub Interface addresses (0):
[2026-09-03 10:41:38.298183000][th:582330][info] GossipPubSub === RAW OBSERVED ADDRESS DEBUG ===
[2026-09-03 10:41:38.298187000][th:582330][info] GossipPubSub Local address: /ip4/0.0.0.0/tcp/54614/p2p/12D3KooWSWRmQDZy2hnkxWSmL7UGmTBUnJH4AjBdwjasCVjFupne -> 0 raw observed, 0 activated+confirmed
[2026-09-03 10:41:38.298189000][th:582330][info] GossipPubSub TOTAL: 0 raw observed addresses, 0 activated+confirmed addresses
[2026-09-03 10:41:38.298191000][th:582330][info] GossipPubSub === END RAW OBSERVED ADDRESS DEBUG ===
[2026-09-03 10:41:38.298192000][th:582330][info] GossipPubSub Observed addresses - all (0):
[2026-09-03 10:41:38.298193000][th:582330][info] GossipPubSub Observed addresses - confirmed only (0):
[2026-09-03 10:41:38.298194000][th:582330][info] GossipPubSub Relay addresses (0):
[2026-09-03 10:41:38.298198000][th:582330][warning] GossipPubSub Failed to get addresses from peer repository: not found
[2026-09-03 10:41:38.298294000][th:582330][info] GossipPubSub Found 1 valid network interfaces
[2026-09-03 10:41:38.298301000][th:582330][info] GossipPubSub Current network interfaces (1):
[2026-09-03 10:41:38.298302000][th:582330][info] GossipPubSub   -> 192.168.1.6
[2026-09-03 10:41:38.298304000][th:582330][info] GossipPubSub Active connections: 0
[2026-09-03 10:41:38.298305000][th:582330][info] GossipPubSub === PEER CONNECTION DETAILS ===
[2026-09-03 10:41:38.298305000][th:582330][info] GossipPubSub NOTE: Observed addresses need to be seen by 4+ different peer groups to become 'activated'
[2026-09-03 10:41:38.298307000][th:582330][info] GossipPubSub NOTE: Current connections: 0, so max possible observers: 0
[2026-09-03 10:41:38.298308000][th:582330][info] GossipPubSub === END PEER CONNECTION DETAILS ===
[2026-09-03 10:41:38.298309000][th:582330][info] GossipPubSub Connection manager stats:
[2026-09-03 10:41:38.298311000][th:582330][info] GossipPubSub   -> Max connections: 1000
[2026-09-03 10:41:38.298314000][th:582330][info] GossipPubSub   -> Current connections: 0
[2026-09-03 10:41:38.298315000][th:582330][info] GossipPubSub === END NETWORK STATE ===
[2026-09-03 10:41:38.298748000][th:582330][info] GossipPubSub /ip4/0.0.0.0/tcp/54614/p2p/12D3KooWSWRmQDZy2hnkxWSmL7UGmTBUnJH4AjBdwjasCVjFupne : PubSub service started
[2026-09-03 10:41:38][info][GlobalDB] Opening database /Users/henriqueklein/gnus/SuperGenius/multi_node_finality_fault/restart-certificate-passive/rocksdb
[2026-09-03 10:41:38][debug][GraphsyncDAGSyncer] GraphSyncer created 4729147688 
[2026-09-03 10:41:38][info][CrdtDatastore] crdt Datastore created. Number of heads: 2 Current max-height: 18446744073709551615
[2026-09-03 10:41:38][info][GeniusAccount] Secure storage ID path: /Users/henriqueklein/gnus/SuperGenius/multi_node_finality_fault/restart-certificate-passive/account/secure_storage_id
[2026-09-03 10:41:38][info][GeniusAccount] Loaded public key from file: 359f7ce492fe929d... (length: 128)
[2026-09-03 10:41:38][info][GeniusAccount] Successfully loaded key_seed from storage
[2026-09-03 10:41:38][info][GeniusAccount] Validation successful: key_seed matches stored public key
[2026-09-03 10:41:38][warning][UTXOManager] Skipping malformed UTXO key /utxo-checkpoint/359f7ce492fe929d729b6c11bfdfcb7deda059d6490b3af324eb1da0c0f2b7636df941206fb7f0d0a09722e58a30fc841ac71a29ad6e15db9767e0ef58a8e7c6/1
[2026-09-03 10:41:38][warning][UTXOManager] Skipping malformed UTXO key /utxo-checkpoint/359f7ce492fe929d729b6c11bfdfcb7deda059d6490b3af324eb1da0c0f2b7636df941206fb7f0d0a09722e58a30fc841ac71a29ad6e15db9767e0ef58a8e7c6/latest
[2026-09-03 10:41:38][info][Blockchain] [359f7ce4] Blockchain instance created with authorized full node: 8a33bdf1
[2026-09-03 10:41:38][info][ValidatorRegistry] InitializeCache: cache initialized with CID QmVxgUnNSu6ktNsRz2wZDPr58tigtVP3h93rCu7JDAqoEy
[2026-09-03 10:41:38][info][CRDTCallbackManager] Successfully registered new data callback for pattern: '/?gnus-validator-registry'
[2026-09-03 10:41:38][info][ValidatorRegistry] RegisterFilter: result=true
[2026-09-03 10:41:38][info][ValidatorRegistry] New: instance ready
[2026-09-03 10:41:38.328386000][th:582330][info] GossipPubSub /ip4/0.0.0.0/tcp/54614/p2p/12D3KooWSWRmQDZy2hnkxWSmL7UGmTBUnJH4AjBdwjasCVjFupne: PubSub subscribed to topic 'gnus-validator-registry.3.7.144'
[2026-09-03 10:41:38.328420000][th:582330][info] GossipPubSub /ip4/0.0.0.0/tcp/54614/p2p/12D3KooWSWRmQDZy2hnkxWSmL7UGmTBUnJH4AjBdwjasCVjFupne: PubSub subscribed to topic 'consensus-channel-.3.7.144'
[2026-09-03 10:41:38][info][CRDTCallbackManager] Successfully registered new data callback for pattern: '^/?cert/[^/]+'
[2026-09-03 10:41:38.328468000][th:582330][info] GossipPubSub /ip4/0.0.0.0/tcp/54614/p2p/12D3KooWSWRmQDZy2hnkxWSmL7UGmTBUnJH4AjBdwjasCVjFupne: PubSub subscribed to topic 'consensus-channel-.3.7.144#datastore.3.7.144'
[2026-09-03 10:41:38][info][CRDTCallbackManager] Successfully registered new data callback for pattern: '/?gnus-genesis-block'
[2026-09-03 10:41:38][info][CRDTCallbackManager] Successfully registered new data callback for pattern: '/?gnus-account-creation-.*'
[2026-09-03 10:41:38][info][CRDTCallbackManager] Successfully registered new data callback for pattern: '^/?/bc-144/tx/[^/]+'
[2026-09-03 10:41:38][info][CRDTCallbackManager] Successfully registered deleted data callback for pattern: '^/?/bc-144/tx/[^/]+'
[2026-09-03 10:41:38][info][CRDTCallbackManager] Successfully registered new data callback for pattern: '^/?/bc-963/tx/[^/]+'
[2026-09-03 10:41:38][info][CRDTCallbackManager] Successfully registered deleted data callback for pattern: '^/?/bc-963/tx/[^/]+'
[2026-09-03 10:41:38][info][CRDTCallbackManager] Successfully registered new data callback for pattern: '^/?/bc-369/tx/[^/]+'
[2026-09-03 10:41:38][info][CRDTCallbackManager] Successfully registered deleted data callback for pattern: '^/?/bc-369/tx/[^/]+'
[2026-09-03 10:41:38.328829000][th:581875][info] GossipPubSub Adding new peer: 12D3KooWHfCcAunB7LLuUKc9LxsV8bTkjpx62KDqUvBHpgLc5aAo
[2026-09-03 10:41:38.328932000][th:581875][info] GossipPubSub Adding new peer: 12D3KooWKtksbzqyASZvsSDBatu8JAwvpphjLQNtCHtWnyeJYQs8
[2026-09-03 10:41:38.329031000][th:581875][info] GossipPubSub Adding new peer: 12D3KooWSWRmQDZy2hnkxWSmL7UGmTBUnJH4AjBdwjasCVjFupne
[2026-09-03 10:41:38.329104000][th:581995][info] GossipPubSub Adding new peer: 12D3KooWRH4QqUgsjP7q66hJM39bqbcYGtR2KyCwYVN8pRXwCpju
[2026-09-03 10:41:38.329187000][th:581995][info] GossipPubSub Adding new peer: 12D3KooWKtksbzqyASZvsSDBatu8JAwvpphjLQNtCHtWnyeJYQs8
[2026-09-03 10:41:38.329257000][th:581995][info] GossipPubSub Adding new peer: 12D3KooWSWRmQDZy2hnkxWSmL7UGmTBUnJH4AjBdwjasCVjFupne
[2026-09-03 10:41:38.329341000][th:582236][info] GossipPubSub Adding new peer: 12D3KooWRH4QqUgsjP7q66hJM39bqbcYGtR2KyCwYVN8pRXwCpju
[2026-09-03 10:41:38.329423000][th:582236][info] GossipPubSub Adding new peer: 12D3KooWHfCcAunB7LLuUKc9LxsV8bTkjpx62KDqUvBHpgLc5aAo
[2026-09-03 10:41:38.329505000][th:582236][info] GossipPubSub Adding new peer: 12D3KooWSWRmQDZy2hnkxWSmL7UGmTBUnJH4AjBdwjasCVjFupne
[2026-09-03 10:41:38.329587000][th:582330][info] GossipPubSub Adding new peer: 12D3KooWRH4QqUgsjP7q66hJM39bqbcYGtR2KyCwYVN8pRXwCpju
[2026-09-03 10:41:38.329665000][th:582330][info] GossipPubSub Adding new peer: 12D3KooWHfCcAunB7LLuUKc9LxsV8bTkjpx62KDqUvBHpgLc5aAo
[2026-09-03 10:41:38.329746000][th:582330][info] GossipPubSub Adding new peer: 12D3KooWKtksbzqyASZvsSDBatu8JAwvpphjLQNtCHtWnyeJYQs8
[2026-09-03 10:41:38][info][CRDTCallbackManager] Successfully unregistered new data callback for pattern: '^/?/bc-144/tx/[^/]+'
[2026-09-03 10:41:38][info][CRDTCallbackManager] Successfully unregistered deleted data callback for pattern: '^/?/bc-144/tx/[^/]+'
[2026-09-03 10:41:38][info][CRDTCallbackManager] Successfully unregistered new data callback for pattern: '^/?/bc-963/tx/[^/]+'
[2026-09-03 10:41:38][info][CRDTCallbackManager] Successfully unregistered deleted data callback for pattern: '^/?/bc-963/tx/[^/]+'
[2026-09-03 10:41:38][info][CRDTCallbackManager] Successfully unregistered new data callback for pattern: '^/?/bc-369/tx/[^/]+'
[2026-09-03 10:41:38][info][CRDTCallbackManager] Successfully unregistered deleted data callback for pattern: '^/?/bc-369/tx/[^/]+'
[2026-09-03 10:41:38][info][TransactionManager] [ad9fc26f - full: false] ~TransactionManager: Metrics — cert_fallback(success=0 failure=0) validation(approve=0 reject=0) tracking(insert=0 confirm=0 fail=0)
[2026-09-03 10:41:38][info][Blockchain] [ad9fc26f] Stopping blockchain
[2026-09-03 10:41:38][info][CRDTCallbackManager] Successfully unregistered new data callback for pattern: '/?gnus-genesis-block'
[2026-09-03 10:41:38][info][CRDTCallbackManager] Successfully unregistered new data callback for pattern: '/?gnus-account-creation-.*'
[2026-09-03 10:41:38][info][CRDTCallbackManager] Successfully unregistered new data callback for pattern: '/?gnus-validator-registry'
[2026-09-03 10:41:38][debug][GlobalDB] ~GlobalDB CALLED with count 6 on multi_node_finality_fault/restart-certificate-validator-one/rocksdb 
[2026-09-03 10:41:38][info][GlobalDB] GlobalDB shutdown start
[2026-09-03 10:41:38][info][CrdtDatastore] CancelAndCloseNow: begin (pending_jobs=0, self_queue=0, root_queue=0, pending_roots=0, active_root=false)
[2026-09-03 10:41:38][debug][GraphsyncDAGSyncer] Stopping Dagsyncer
[2026-09-03 10:41:38][debug][GraphsyncDAGSyncer] Dagsyncer Stopped
[2026-09-03 10:41:38][info][CrdtDatastore] CancelAndCloseNow: CRDT workers stopped
[2026-09-03 10:41:38][warning][CrdtDatastore] CancelAndCloseNow called but shutdown has already started
[2026-09-03 10:41:38][debug][GraphsyncDAGSyncer] ~GraphsyncDAGSyncer CALLED
[2026-09-03 10:41:38][info][GlobalDB] GlobalDB shutdown finished
[2026-09-03 10:41:38.659932000][th:581875][error] GossipPubSub Address monitoring timer error: Operation canceled
[2026-09-03 10:41:39][info][CRDTCallbackManager] Successfully unregistered new data callback for pattern: '^/?/bc-144/tx/[^/]+'
[2026-09-03 10:41:39][info][CRDTCallbackManager] Successfully unregistered deleted data callback for pattern: '^/?/bc-144/tx/[^/]+'
[2026-09-03 10:41:39][info][CRDTCallbackManager] Successfully unregistered new data callback for pattern: '^/?/bc-963/tx/[^/]+'
[2026-09-03 10:41:39][info][CRDTCallbackManager] Successfully unregistered deleted data callback for pattern: '^/?/bc-963/tx/[^/]+'
[2026-09-03 10:41:39][info][CRDTCallbackManager] Successfully unregistered new data callback for pattern: '^/?/bc-369/tx/[^/]+'
[2026-09-03 10:41:39][info][CRDTCallbackManager] Successfully unregistered deleted data callback for pattern: '^/?/bc-369/tx/[^/]+'
[2026-09-03 10:41:39][info][TransactionManager] [16045674 - full: false] ~TransactionManager: Metrics — cert_fallback(success=0 failure=0) validation(approve=0 reject=0) tracking(insert=0 confirm=0 fail=0)
[2026-09-03 10:41:39][info][Blockchain] [16045674] Stopping blockchain
[2026-09-03 10:41:39][info][CRDTCallbackManager] Successfully unregistered new data callback for pattern: '/?gnus-genesis-block'
[2026-09-03 10:41:39][info][CRDTCallbackManager] Successfully unregistered new data callback for pattern: '/?gnus-account-creation-.*'
[2026-09-03 10:41:39][info][CRDTCallbackManager] Successfully unregistered new data callback for pattern: '/?gnus-validator-registry'
[2026-09-03 10:41:39][debug][GlobalDB] ~GlobalDB CALLED with count 6 on multi_node_finality_fault/restart-certificate-validator-two/rocksdb 
[2026-09-03 10:41:39][info][GlobalDB] GlobalDB shutdown start
[2026-09-03 10:41:39][info][CrdtDatastore] CancelAndCloseNow: begin (pending_jobs=0, self_queue=0, root_queue=0, pending_roots=0, active_root=false)
[2026-09-03 10:41:39][debug][GraphsyncDAGSyncer] Stopping Dagsyncer
[2026-09-03 10:41:39][debug][GraphsyncDAGSyncer] Dagsyncer Stopped
[2026-09-03 10:41:39][info][CrdtDatastore] CancelAndCloseNow: CRDT workers stopped
[2026-09-03 10:41:39][warning][CrdtDatastore] CancelAndCloseNow called but shutdown has already started
[2026-09-03 10:41:39][debug][GraphsyncDAGSyncer] ~GraphsyncDAGSyncer CALLED
[2026-09-03 10:41:39][info][GlobalDB] GlobalDB shutdown finished
[2026-09-03 10:41:39.795474000][th:581995][error] GossipPubSub Address monitoring timer error: Operation canceled
[2026-09-03 10:41:40][info][CRDTCallbackManager] Successfully unregistered new data callback for pattern: '^/?/bc-144/tx/[^/]+'
[2026-09-03 10:41:40][info][CRDTCallbackManager] Successfully unregistered deleted data callback for pattern: '^/?/bc-144/tx/[^/]+'
[2026-09-03 10:41:40][info][CRDTCallbackManager] Successfully unregistered new data callback for pattern: '^/?/bc-963/tx/[^/]+'
[2026-09-03 10:41:40][info][CRDTCallbackManager] Successfully unregistered deleted data callback for pattern: '^/?/bc-963/tx/[^/]+'
[2026-09-03 10:41:40][info][CRDTCallbackManager] Successfully unregistered new data callback for pattern: '^/?/bc-369/tx/[^/]+'
[2026-09-03 10:41:40][info][CRDTCallbackManager] Successfully unregistered deleted data callback for pattern: '^/?/bc-369/tx/[^/]+'
[2026-09-03 10:41:40][info][TransactionManager] [31eb2e19 - full: false] ~TransactionManager: Metrics — cert_fallback(success=0 failure=0) validation(approve=0 reject=0) tracking(insert=0 confirm=0 fail=0)
[2026-09-03 10:41:40][info][Blockchain] [31eb2e19] Stopping blockchain
[2026-09-03 10:41:40][info][CRDTCallbackManager] Successfully unregistered new data callback for pattern: '/?gnus-genesis-block'
[2026-09-03 10:41:40][info][CRDTCallbackManager] Successfully unregistered new data callback for pattern: '/?gnus-account-creation-.*'
[2026-09-03 10:41:40][info][CRDTCallbackManager] Successfully unregistered new data callback for pattern: '/?gnus-validator-registry'
[2026-09-03 10:41:40][debug][GlobalDB] ~GlobalDB CALLED with count 6 on multi_node_finality_fault/restart-certificate-validator-three/rocksdb 
[2026-09-03 10:41:40][info][GlobalDB] GlobalDB shutdown start
[2026-09-03 10:41:40][info][CrdtDatastore] CancelAndCloseNow: begin (pending_jobs=0, self_queue=0, root_queue=0, pending_roots=0, active_root=false)
[2026-09-03 10:41:40][debug][GraphsyncDAGSyncer] Stopping Dagsyncer
[2026-09-03 10:41:40][debug][GraphsyncDAGSyncer] Dagsyncer Stopped
[2026-09-03 10:41:41][info][CrdtDatastore] CancelAndCloseNow: CRDT workers stopped
[2026-09-03 10:41:41][warning][CrdtDatastore] CancelAndCloseNow called but shutdown has already started
[2026-09-03 10:41:41][debug][GraphsyncDAGSyncer] ~GraphsyncDAGSyncer CALLED
[2026-09-03 10:41:41][info][GlobalDB] GlobalDB shutdown finished
[2026-09-03 10:41:41.291613000][th:582236][error] GossipPubSub Address monitoring timer error: Operation canceled
[2026-09-03 10:41:42][info][CRDTCallbackManager] Successfully unregistered new data callback for pattern: '^/?/bc-144/tx/[^/]+'
[2026-09-03 10:41:42][info][CRDTCallbackManager] Successfully unregistered deleted data callback for pattern: '^/?/bc-144/tx/[^/]+'
[2026-09-03 10:41:42][info][CRDTCallbackManager] Successfully unregistered new data callback for pattern: '^/?/bc-963/tx/[^/]+'
[2026-09-03 10:41:42][info][CRDTCallbackManager] Successfully unregistered deleted data callback for pattern: '^/?/bc-963/tx/[^/]+'
[2026-09-03 10:41:42][info][CRDTCallbackManager] Successfully unregistered new data callback for pattern: '^/?/bc-369/tx/[^/]+'
[2026-09-03 10:41:42][info][CRDTCallbackManager] Successfully unregistered deleted data callback for pattern: '^/?/bc-369/tx/[^/]+'
[2026-09-03 10:41:42][info][TransactionManager] [359f7ce4 - full: false] ~TransactionManager: Metrics — cert_fallback(success=0 failure=0) validation(approve=0 reject=0) tracking(insert=0 confirm=0 fail=0)
[2026-09-03 10:41:42][info][Blockchain] [359f7ce4] Stopping blockchain
[2026-09-03 10:41:42][info][CRDTCallbackManager] Successfully unregistered new data callback for pattern: '/?gnus-genesis-block'
[2026-09-03 10:41:42][info][CRDTCallbackManager] Successfully unregistered new data callback for pattern: '/?gnus-account-creation-.*'
[2026-09-03 10:41:42][info][CRDTCallbackManager] Successfully unregistered new data callback for pattern: '/?gnus-validator-registry'
[2026-09-03 10:41:42][debug][GlobalDB] ~GlobalDB CALLED with count 6 on multi_node_finality_fault/restart-certificate-passive/rocksdb 
[2026-09-03 10:41:42][info][GlobalDB] GlobalDB shutdown start
[2026-09-03 10:41:42][info][CrdtDatastore] CancelAndCloseNow: begin (pending_jobs=0, self_queue=0, root_queue=0, pending_roots=0, active_root=false)
[2026-09-03 10:41:42][debug][GraphsyncDAGSyncer] Stopping Dagsyncer
[2026-09-03 10:41:42][debug][GraphsyncDAGSyncer] Dagsyncer Stopped
[2026-09-03 10:41:42][info][CrdtDatastore] CancelAndCloseNow: CRDT workers stopped
[2026-09-03 10:41:42][warning][CrdtDatastore] CancelAndCloseNow called but shutdown has already started
[2026-09-03 10:41:42][debug][GraphsyncDAGSyncer] ~GraphsyncDAGSyncer CALLED
[2026-09-03 10:41:42][info][GlobalDB] GlobalDB shutdown finished
[2026-09-03 10:41:42.382826000][th:582330][error] GossipPubSub Address monitoring timer error: Operation canceled
[2026-09-03 10:41:43][info][KeyPairFileStorage] Path to keypairs multi_node_finality_fault/restart-mint-validator-one/keypair
[2026-09-03 10:41:43][info][KeyPairFileStorage] Peer ID from public key: 12D3KooWQhTK9DWNqcjxk2LnCmgmnJQaQ2EuKPaqi8ZkomG8qyew
Current limits: 16384 (soft), 9223372036854775807 (hard)
New limits set successfully: 16384 (soft), 9223372036854775807 (hard)
Initialized relay addresses
[2026-09-03 10:41:43.393496000][th:578917][info] GossipPubSub /ip4/0.0.0.0/tcp/54621/p2p/12D3KooWQhTK9DWNqcjxk2LnCmgmnJQaQ2EuKPaqi8ZkomG8qyew: Starting PubSub service
[2026-09-03 10:41:43.393550000][th:582742][info] GossipPubSub Starting address monitoring system for mobile network changes
[2026-09-03 10:41:43.393551000][th:582742][info] GossipPubSub === CURRENT NETWORK STATE ===
[2026-09-03 10:41:43.393557000][th:582742][info] GossipPubSub Primary listening address: /ip4/0.0.0.0/tcp/54621/p2p/12D3KooWQhTK9DWNqcjxk2LnCmgmnJQaQ2EuKPaqi8ZkomG8qyew
[2026-09-03 10:41:43.393558000][th:582742][info] GossipPubSub Host peer info addresses (0):
[2026-09-03 10:41:43.393559000][th:582742][info] GossipPubSub Additional addresses we track (0):
[2026-09-03 10:41:43.393560000][th:582742][info] GossipPubSub Listening addresses (1):
[2026-09-03 10:41:43.393561000][th:582742][info] GossipPubSub   -> /ip4/0.0.0.0/tcp/54621/p2p/12D3KooWQhTK9DWNqcjxk2LnCmgmnJQaQ2EuKPaqi8ZkomG8qyew
[2026-09-03 10:41:43.393561000][th:582742][info] GossipPubSub Interface addresses (0):
[2026-09-03 10:41:43.393562000][th:582742][info] GossipPubSub === RAW OBSERVED ADDRESS DEBUG ===
[2026-09-03 10:41:43.393563000][th:582742][info] GossipPubSub Local address: /ip4/0.0.0.0/tcp/54621/p2p/12D3KooWQhTK9DWNqcjxk2LnCmgmnJQaQ2EuKPaqi8ZkomG8qyew -> 0 raw observed, 0 activated+confirmed
[2026-09-03 10:41:43.393565000][th:582742][info] GossipPubSub TOTAL: 0 raw observed addresses, 0 activated+confirmed addresses
[2026-09-03 10:41:43.393565000][th:582742][info] GossipPubSub === END RAW OBSERVED ADDRESS DEBUG ===
[2026-09-03 10:41:43.393566000][th:582742][info] GossipPubSub Observed addresses - all (0):
[2026-09-03 10:41:43.393567000][th:582742][info] GossipPubSub Observed addresses - confirmed only (0):
[2026-09-03 10:41:43.393567000][th:582742][info] GossipPubSub Relay addresses (0):
[2026-09-03 10:41:43.393569000][th:582742][warning] GossipPubSub Failed to get addresses from peer repository: not found
[2026-09-03 10:41:43.393599000][th:582742][info] GossipPubSub Found 1 valid network interfaces
[2026-09-03 10:41:43.393600000][th:582742][info] GossipPubSub Current network interfaces (1):
[2026-09-03 10:41:43.393600000][th:582742][info] GossipPubSub   -> 192.168.1.6
[2026-09-03 10:41:43.393601000][th:582742][info] GossipPubSub Active connections: 0
[2026-09-03 10:41:43.393602000][th:582742][info] GossipPubSub === PEER CONNECTION DETAILS ===
[2026-09-03 10:41:43.393602000][th:582742][info] GossipPubSub NOTE: Observed addresses need to be seen by 4+ different peer groups to become 'activated'
[2026-09-03 10:41:43.393603000][th:582742][info] GossipPubSub NOTE: Current connections: 0, so max possible observers: 0
[2026-09-03 10:41:43.393604000][th:582742][info] GossipPubSub === END PEER CONNECTION DETAILS ===
[2026-09-03 10:41:43.393604000][th:582742][info] GossipPubSub Connection manager stats:
[2026-09-03 10:41:43.393605000][th:582742][info] GossipPubSub   -> Max connections: 1000
[2026-09-03 10:41:43.393605000][th:582742][info] GossipPubSub   -> Current connections: 0
[2026-09-03 10:41:43.393606000][th:582742][info] GossipPubSub === END NETWORK STATE ===
[2026-09-03 10:41:43.393714000][th:582742][info] GossipPubSub /ip4/0.0.0.0/tcp/54621/p2p/12D3KooWQhTK9DWNqcjxk2LnCmgmnJQaQ2EuKPaqi8ZkomG8qyew : PubSub service started
[2026-09-03 10:41:43][info][GlobalDB] Opening database /Users/henriqueklein/gnus/SuperGenius/multi_node_finality_fault/restart-mint-validator-one/rocksdb
[2026-09-03 10:41:43][debug][GraphsyncDAGSyncer] GraphSyncer created 5267092712 
[2026-09-03 10:41:43][info][CrdtDatastore] crdt Datastore created. Number of heads: 0 Current max-height: 0
[2026-09-03 10:41:43][info][GeniusAccount] Secure storage ID path: /Users/henriqueklein/gnus/SuperGenius/multi_node_finality_fault/restart-mint-validator-one/account/secure_storage_id
[2026-09-03 10:41:43][error][GeniusAccount] Could not find existing Genius address, generating one from a random mnemonic
[2026-09-03 10:41:43][warning][UTXOManager] Found UTXOs in storage, but there were none
[2026-09-03 10:41:43][info][Blockchain] [aea54dd3] Blockchain instance created with authorized full node: 8a33bdf1
[2026-09-03 10:41:43][error][ValidatorRegistry] InitializeCache: registry content not found during cache init
[2026-09-03 10:41:43][info][CRDTCallbackManager] Successfully registered new data callback for pattern: '/?gnus-validator-registry'
[2026-09-03 10:41:43][info][ValidatorRegistry] RegisterFilter: result=true
[2026-09-03 10:41:43][info][ValidatorRegistry] New: instance ready
[2026-09-03 10:41:43.426360000][th:582742][info] GossipPubSub /ip4/0.0.0.0/tcp/54621/p2p/12D3KooWQhTK9DWNqcjxk2LnCmgmnJQaQ2EuKPaqi8ZkomG8qyew: PubSub subscribed to topic 'gnus-validator-registry.3.7.144'
[2026-09-03 10:41:43][info][CRDTCallbackManager] Successfully registered new data callback for pattern: '^/?cert/[^/]+'
[2026-09-03 10:41:43.426383000][th:582742][info] GossipPubSub /ip4/0.0.0.0/tcp/54621/p2p/12D3KooWQhTK9DWNqcjxk2LnCmgmnJQaQ2EuKPaqi8ZkomG8qyew: PubSub subscribed to topic 'consensus-channel-.3.7.144'
[2026-09-03 10:41:43][warning][Blockchain] [aea54dd3] Failed to request validator registry during blockchain init
[2026-09-03 10:41:43][info][CRDTCallbackManager] Successfully registered new data callback for pattern: '/?gnus-genesis-block'
[2026-09-03 10:41:43.426401000][th:582742][info] GossipPubSub /ip4/0.0.0.0/tcp/54621/p2p/12D3KooWQhTK9DWNqcjxk2LnCmgmnJQaQ2EuKPaqi8ZkomG8qyew: PubSub subscribed to topic 'consensus-channel-.3.7.144#datastore.3.7.144'
[2026-09-03 10:41:43][info][CRDTCallbackManager] Successfully registered new data callback for pattern: '/?gnus-account-creation-.*'
[2026-09-03 10:41:43][info][CRDTCallbackManager] Successfully registered new data callback for pattern: '^/?/bc-144/tx/[^/]+'
[2026-09-03 10:41:43][info][CRDTCallbackManager] Successfully registered deleted data callback for pattern: '^/?/bc-144/tx/[^/]+'
[2026-09-03 10:41:43][info][CRDTCallbackManager] Successfully registered new data callback for pattern: '^/?/bc-963/tx/[^/]+'
[2026-09-03 10:41:43][info][CRDTCallbackManager] Successfully registered deleted data callback for pattern: '^/?/bc-963/tx/[^/]+'
[2026-09-03 10:41:43][info][CRDTCallbackManager] Successfully registered new data callback for pattern: '^/?/bc-369/tx/[^/]+'
[2026-09-03 10:41:43][info][CRDTCallbackManager] Successfully registered deleted data callback for pattern: '^/?/bc-369/tx/[^/]+'
[2026-09-03 10:41:43][info][KeyPairFileStorage] Path to keypairs multi_node_finality_fault/restart-mint-validator-two/keypair
[2026-09-03 10:41:43][info][KeyPairFileStorage] Peer ID from public key: 12D3KooWAbsctnvMU7jrTZ11AePcjW7usZyLAcSUkSwHUWsWxVvw
Current limits: 16384 (soft), 9223372036854775807 (hard)
New limits set successfully: 16384 (soft), 9223372036854775807 (hard)
Initialized relay addresses
[2026-09-03 10:41:43.427854000][th:578917][info] GossipPubSub /ip4/0.0.0.0/tcp/54622/p2p/12D3KooWAbsctnvMU7jrTZ11AePcjW7usZyLAcSUkSwHUWsWxVvw: Starting PubSub service
[2026-09-03 10:41:43.427900000][th:582772][info] GossipPubSub Starting address monitoring system for mobile network changes
[2026-09-03 10:41:43.427902000][th:582772][info] GossipPubSub === CURRENT NETWORK STATE ===
[2026-09-03 10:41:43.427907000][th:582772][info] GossipPubSub Primary listening address: /ip4/0.0.0.0/tcp/54622/p2p/12D3KooWAbsctnvMU7jrTZ11AePcjW7usZyLAcSUkSwHUWsWxVvw
[2026-09-03 10:41:43.427907000][th:582772][info] GossipPubSub Host peer info addresses (0):
[2026-09-03 10:41:43.427908000][th:582772][info] GossipPubSub Additional addresses we track (0):
[2026-09-03 10:41:43.427909000][th:582772][info] GossipPubSub Listening addresses (1):
[2026-09-03 10:41:43.427910000][th:582772][info] GossipPubSub   -> /ip4/0.0.0.0/tcp/54622/p2p/12D3KooWAbsctnvMU7jrTZ11AePcjW7usZyLAcSUkSwHUWsWxVvw
[2026-09-03 10:41:43.427910000][th:582772][info] GossipPubSub Interface addresses (0):
[2026-09-03 10:41:43.427911000][th:582772][info] GossipPubSub === RAW OBSERVED ADDRESS DEBUG ===
[2026-09-03 10:41:43.427912000][th:582772][info] GossipPubSub Local address: /ip4/0.0.0.0/tcp/54622/p2p/12D3KooWAbsctnvMU7jrTZ11AePcjW7usZyLAcSUkSwHUWsWxVvw -> 0 raw observed, 0 activated+confirmed
[2026-09-03 10:41:43.427913000][th:582772][info] GossipPubSub TOTAL: 0 raw observed addresses, 0 activated+confirmed addresses
[2026-09-03 10:41:43.427914000][th:582772][info] GossipPubSub === END RAW OBSERVED ADDRESS DEBUG ===
[2026-09-03 10:41:43.427915000][th:582772][info] GossipPubSub Observed addresses - all (0):
[2026-09-03 10:41:43.427915000][th:582772][info] GossipPubSub Observed addresses - confirmed only (0):
[2026-09-03 10:41:43.427916000][th:582772][info] GossipPubSub Relay addresses (0):
[2026-09-03 10:41:43.427917000][th:582772][warning] GossipPubSub Failed to get addresses from peer repository: not found
[2026-09-03 10:41:43.427943000][th:582772][info] GossipPubSub Found 1 valid network interfaces
[2026-09-03 10:41:43.427944000][th:582772][info] GossipPubSub Current network interfaces (1):
[2026-09-03 10:41:43.427945000][th:582772][info] GossipPubSub   -> 192.168.1.6
[2026-09-03 10:41:43.427946000][th:582772][info] GossipPubSub Active connections: 0
[2026-09-03 10:41:43.427946000][th:582772][info] GossipPubSub === PEER CONNECTION DETAILS ===
[2026-09-03 10:41:43.427947000][th:582772][info] GossipPubSub NOTE: Observed addresses need to be seen by 4+ different peer groups to become 'activated'
[2026-09-03 10:41:43.427947000][th:582772][info] GossipPubSub NOTE: Current connections: 0, so max possible observers: 0
[2026-09-03 10:41:43.427948000][th:582772][info] GossipPubSub === END PEER CONNECTION DETAILS ===
[2026-09-03 10:41:43.427948000][th:582772][info] GossipPubSub Connection manager stats:
[2026-09-03 10:41:43.427949000][th:582772][info] GossipPubSub   -> Max connections: 1000
[2026-09-03 10:41:43.427950000][th:582772][info] GossipPubSub   -> Current connections: 0
[2026-09-03 10:41:43.427950000][th:582772][info] GossipPubSub === END NETWORK STATE ===
[2026-09-03 10:41:43.428063000][th:582772][info] GossipPubSub /ip4/0.0.0.0/tcp/54622/p2p/12D3KooWAbsctnvMU7jrTZ11AePcjW7usZyLAcSUkSwHUWsWxVvw : PubSub service started
[2026-09-03 10:41:43][info][GlobalDB] Opening database /Users/henriqueklein/gnus/SuperGenius/multi_node_finality_fault/restart-mint-validator-two/rocksdb
[2026-09-03 10:41:43][debug][GraphsyncDAGSyncer] GraphSyncer created 5285954536 
[2026-09-03 10:41:43][info][CrdtDatastore] crdt Datastore created. Number of heads: 0 Current max-height: 0
[2026-09-03 10:41:43][info][GeniusAccount] Secure storage ID path: /Users/henriqueklein/gnus/SuperGenius/multi_node_finality_fault/restart-mint-validator-two/account/secure_storage_id
[2026-09-03 10:41:43][error][GeniusAccount] Could not find existing Genius address, generating one from a random mnemonic
[2026-09-03 10:41:43][warning][UTXOManager] Found UTXOs in storage, but there were none
[2026-09-03 10:41:43][info][Blockchain] [b221be13] Blockchain instance created with authorized full node: 8a33bdf1
[2026-09-03 10:41:43][error][ValidatorRegistry] InitializeCache: registry content not found during cache init
[2026-09-03 10:41:43][info][CRDTCallbackManager] Successfully registered new data callback for pattern: '/?gnus-validator-registry'
[2026-09-03 10:41:43][info][ValidatorRegistry] RegisterFilter: result=true
[2026-09-03 10:41:43][info][ValidatorRegistry] New: instance ready
[2026-09-03 10:41:43.458129000][th:582772][info] GossipPubSub /ip4/0.0.0.0/tcp/54622/p2p/12D3KooWAbsctnvMU7jrTZ11AePcjW7usZyLAcSUkSwHUWsWxVvw: PubSub subscribed to topic 'gnus-validator-registry.3.7.144'
[2026-09-03 10:41:43][info][CRDTCallbackManager] Successfully registered new data callback for pattern: '^/?cert/[^/]+'
[2026-09-03 10:41:43.458153000][th:582772][info] GossipPubSub /ip4/0.0.0.0/tcp/54622/p2p/12D3KooWAbsctnvMU7jrTZ11AePcjW7usZyLAcSUkSwHUWsWxVvw: PubSub subscribed to topic 'consensus-channel-.3.7.144'
[2026-09-03 10:41:43][warning][Blockchain] [b221be13] Failed to request validator registry during blockchain init
[2026-09-03 10:41:43][info][CRDTCallbackManager] Successfully registered new data callback for pattern: '/?gnus-genesis-block'
[2026-09-03 10:41:43][info][CRDTCallbackManager] Successfully registered new data callback for pattern: '/?gnus-account-creation-.*'
[2026-09-03 10:41:43][info][CRDTCallbackManager] Successfully registered new data callback for pattern: '^/?/bc-144/tx/[^/]+'
[2026-09-03 10:41:43][info][CRDTCallbackManager] Successfully registered deleted data callback for pattern: '^/?/bc-144/tx/[^/]+'
[2026-09-03 10:41:43][info][CRDTCallbackManager] Successfully registered new data callback for pattern: '^/?/bc-963/tx/[^/]+'
[2026-09-03 10:41:43][info][CRDTCallbackManager] Successfully registered deleted data callback for pattern: '^/?/bc-963/tx/[^/]+'
[2026-09-03 10:41:43][info][CRDTCallbackManager] Successfully registered new data callback for pattern: '^/?/bc-369/tx/[^/]+'
[2026-09-03 10:41:43][info][CRDTCallbackManager] Successfully registered deleted data callback for pattern: '^/?/bc-369/tx/[^/]+'
[2026-09-03 10:41:43.458172000][th:582772][info] GossipPubSub /ip4/0.0.0.0/tcp/54622/p2p/12D3KooWAbsctnvMU7jrTZ11AePcjW7usZyLAcSUkSwHUWsWxVvw: PubSub subscribed to topic 'consensus-channel-.3.7.144#datastore.3.7.144'
[2026-09-03 10:41:43][info][KeyPairFileStorage] Path to keypairs multi_node_finality_fault/restart-mint-validator-three/keypair
[2026-09-03 10:41:43][info][KeyPairFileStorage] Peer ID from public key: 12D3KooWDtL6bfRRfbUcvWT4FNis5BbTa85Wxn2EwAZQdTDyFwNf
Current limits: 16384 (soft), 9223372036854775807 (hard)
New limits set successfully: 16384 (soft), 9223372036854775807 (hard)
Initialized relay addresses
[2026-09-03 10:41:43.459608000][th:578917][info] GossipPubSub /ip4/0.0.0.0/tcp/54623/p2p/12D3KooWDtL6bfRRfbUcvWT4FNis5BbTa85Wxn2EwAZQdTDyFwNf: Starting PubSub service
[2026-09-03 10:41:43.459648000][th:582809][info] GossipPubSub Starting address monitoring system for mobile network changes
[2026-09-03 10:41:43.459649000][th:582809][info] GossipPubSub === CURRENT NETWORK STATE ===
[2026-09-03 10:41:43.459654000][th:582809][info] GossipPubSub Primary listening address: /ip4/0.0.0.0/tcp/54623/p2p/12D3KooWDtL6bfRRfbUcvWT4FNis5BbTa85Wxn2EwAZQdTDyFwNf
[2026-09-03 10:41:43.459655000][th:582809][info] GossipPubSub Host peer info addresses (0):
[2026-09-03 10:41:43.459656000][th:582809][info] GossipPubSub Additional addresses we track (0):
[2026-09-03 10:41:43.459656000][th:582809][info] GossipPubSub Listening addresses (1):
[2026-09-03 10:41:43.459657000][th:582809][info] GossipPubSub   -> /ip4/0.0.0.0/tcp/54623/p2p/12D3KooWDtL6bfRRfbUcvWT4FNis5BbTa85Wxn2EwAZQdTDyFwNf
[2026-09-03 10:41:43.459658000][th:582809][info] GossipPubSub Interface addresses (0):
[2026-09-03 10:41:43.459658000][th:582809][info] GossipPubSub === RAW OBSERVED ADDRESS DEBUG ===
[2026-09-03 10:41:43.459660000][th:582809][info] GossipPubSub Local address: /ip4/0.0.0.0/tcp/54623/p2p/12D3KooWDtL6bfRRfbUcvWT4FNis5BbTa85Wxn2EwAZQdTDyFwNf -> 0 raw observed, 0 activated+confirmed
[2026-09-03 10:41:43.459661000][th:582809][info] GossipPubSub TOTAL: 0 raw observed addresses, 0 activated+confirmed addresses
[2026-09-03 10:41:43.459661000][th:582809][info] GossipPubSub === END RAW OBSERVED ADDRESS DEBUG ===
[2026-09-03 10:41:43.459662000][th:582809][info] GossipPubSub Observed addresses - all (0):
[2026-09-03 10:41:43.459662000][th:582809][info] GossipPubSub Observed addresses - confirmed only (0):
[2026-09-03 10:41:43.459663000][th:582809][info] GossipPubSub Relay addresses (0):
[2026-09-03 10:41:43.459664000][th:582809][warning] GossipPubSub Failed to get addresses from peer repository: not found
[2026-09-03 10:41:43.459689000][th:582809][info] GossipPubSub Found 1 valid network interfaces
[2026-09-03 10:41:43.459690000][th:582809][info] GossipPubSub Current network interfaces (1):
[2026-09-03 10:41:43.459691000][th:582809][info] GossipPubSub   -> 192.168.1.6
[2026-09-03 10:41:43.459692000][th:582809][info] GossipPubSub Active connections: 0
[2026-09-03 10:41:43.459692000][th:582809][info] GossipPubSub === PEER CONNECTION DETAILS ===
[2026-09-03 10:41:43.459692000][th:582809][info] GossipPubSub NOTE: Observed addresses need to be seen by 4+ different peer groups to become 'activated'
[2026-09-03 10:41:43.459693000][th:582809][info] GossipPubSub NOTE: Current connections: 0, so max possible observers: 0
[2026-09-03 10:41:43.459694000][th:582809][info] GossipPubSub === END PEER CONNECTION DETAILS ===
[2026-09-03 10:41:43.459694000][th:582809][info] GossipPubSub Connection manager stats:
[2026-09-03 10:41:43.459695000][th:582809][info] GossipPubSub   -> Max connections: 1000
[2026-09-03 10:41:43.459696000][th:582809][info] GossipPubSub   -> Current connections: 0
[2026-09-03 10:41:43.459696000][th:582809][info] GossipPubSub === END NETWORK STATE ===
[2026-09-03 10:41:43.459799000][th:582809][info] GossipPubSub /ip4/0.0.0.0/tcp/54623/p2p/12D3KooWDtL6bfRRfbUcvWT4FNis5BbTa85Wxn2EwAZQdTDyFwNf : PubSub service started
[2026-09-03 10:41:43][info][GlobalDB] Opening database /Users/henriqueklein/gnus/SuperGenius/multi_node_finality_fault/restart-mint-validator-three/rocksdb
[2026-09-03 10:41:43][debug][GraphsyncDAGSyncer] GraphSyncer created 5266673160 
[2026-09-03 10:41:43][info][CrdtDatastore] crdt Datastore created. Number of heads: 0 Current max-height: 0
[2026-09-03 10:41:43][info][GeniusAccount] Secure storage ID path: /Users/henriqueklein/gnus/SuperGenius/multi_node_finality_fault/restart-mint-validator-three/account/secure_storage_id
[2026-09-03 10:41:43][error][GeniusAccount] Could not find existing Genius address, generating one from a random mnemonic
[2026-09-03 10:41:43][warning][UTXOManager] Found UTXOs in storage, but there were none
[2026-09-03 10:41:43][info][Blockchain] [f131607e] Blockchain instance created with authorized full node: 8a33bdf1
[2026-09-03 10:41:43][error][ValidatorRegistry] InitializeCache: registry content not found during cache init
[2026-09-03 10:41:43][info][CRDTCallbackManager] Successfully registered new data callback for pattern: '/?gnus-validator-registry'
[2026-09-03 10:41:43][info][ValidatorRegistry] RegisterFilter: result=true
[2026-09-03 10:41:43][info][ValidatorRegistry] New: instance ready
[2026-09-03 10:41:43][info][CRDTCallbackManager] Successfully registered new data callback for pattern: '^/?cert/[^/]+'
[2026-09-03 10:41:43][warning][Blockchain] [f131607e] Failed to request validator registry during blockchain init
[2026-09-03 10:41:43.492486000][th:582809][info] GossipPubSub /ip4/0.0.0.0/tcp/54623/p2p/12D3KooWDtL6bfRRfbUcvWT4FNis5BbTa85Wxn2EwAZQdTDyFwNf: PubSub subscribed to topic 'gnus-validator-registry.3.7.144'
[2026-09-03 10:41:43][info][CRDTCallbackManager] Successfully registered new data callback for pattern: '/?gnus-genesis-block'
[2026-09-03 10:41:43][info][CRDTCallbackManager] Successfully registered new data callback for pattern: '/?gnus-account-creation-.*'
[2026-09-03 10:41:43][info][CRDTCallbackManager] Successfully registered new data callback for pattern: '^/?/bc-144/tx/[^/]+'
[2026-09-03 10:41:43][info][CRDTCallbackManager] Successfully registered deleted data callback for pattern: '^/?/bc-144/tx/[^/]+'
[2026-09-03 10:41:43][info][CRDTCallbackManager] Successfully registered new data callback for pattern: '^/?/bc-963/tx/[^/]+'
[2026-09-03 10:41:43][info][CRDTCallbackManager] Successfully registered deleted data callback for pattern: '^/?/bc-963/tx/[^/]+'
[2026-09-03 10:41:43][info][CRDTCallbackManager] Successfully registered new data callback for pattern: '^/?/bc-369/tx/[^/]+'
[2026-09-03 10:41:43][info][CRDTCallbackManager] Successfully registered deleted data callback for pattern: '^/?/bc-369/tx/[^/]+'
[2026-09-03 10:41:43.492535000][th:582809][info] GossipPubSub /ip4/0.0.0.0/tcp/54623/p2p/12D3KooWDtL6bfRRfbUcvWT4FNis5BbTa85Wxn2EwAZQdTDyFwNf: PubSub subscribed to topic 'consensus-channel-.3.7.144'
[2026-09-03 10:41:43.492552000][th:582809][info] GossipPubSub /ip4/0.0.0.0/tcp/54623/p2p/12D3KooWDtL6bfRRfbUcvWT4FNis5BbTa85Wxn2EwAZQdTDyFwNf: PubSub subscribed to topic 'consensus-channel-.3.7.144#datastore.3.7.144'
[2026-09-03 10:41:43][info][KeyPairFileStorage] Path to keypairs multi_node_finality_fault/restart-mint-passive/keypair
[2026-09-03 10:41:43][info][KeyPairFileStorage] Peer ID from public key: 12D3KooWRZb1gAAt98afnP6es1RxZhtCNttYZo9wCcq2h8nvNPVV
Current limits: 16384 (soft), 9223372036854775807 (hard)
New limits set successfully: 16384 (soft), 9223372036854775807 (hard)
Initialized relay addresses
[2026-09-03 10:41:43.493936000][th:578917][info] GossipPubSub /ip4/0.0.0.0/tcp/54624/p2p/12D3KooWRZb1gAAt98afnP6es1RxZhtCNttYZo9wCcq2h8nvNPVV: Starting PubSub service
[2026-09-03 10:41:43.493978000][th:582835][info] GossipPubSub Starting address monitoring system for mobile network changes
[2026-09-03 10:41:43.493980000][th:582835][info] GossipPubSub === CURRENT NETWORK STATE ===
[2026-09-03 10:41:43.493986000][th:582835][info] GossipPubSub Primary listening address: /ip4/0.0.0.0/tcp/54624/p2p/12D3KooWRZb1gAAt98afnP6es1RxZhtCNttYZo9wCcq2h8nvNPVV
[2026-09-03 10:41:43.493986000][th:582835][info] GossipPubSub Host peer info addresses (0):
[2026-09-03 10:41:43.493987000][th:582835][info] GossipPubSub Additional addresses we track (0):
[2026-09-03 10:41:43.493988000][th:582835][info] GossipPubSub Listening addresses (1):
[2026-09-03 10:41:43.493988000][th:582835][info] GossipPubSub   -> /ip4/0.0.0.0/tcp/54624/p2p/12D3KooWRZb1gAAt98afnP6es1RxZhtCNttYZo9wCcq2h8nvNPVV
[2026-09-03 10:41:43.493989000][th:582835][info] GossipPubSub Interface addresses (0):
[2026-09-03 10:41:43.493990000][th:582835][info] GossipPubSub === RAW OBSERVED ADDRESS DEBUG ===
[2026-09-03 10:41:43.493991000][th:582835][info] GossipPubSub Local address: /ip4/0.0.0.0/tcp/54624/p2p/12D3KooWRZb1gAAt98afnP6es1RxZhtCNttYZo9wCcq2h8nvNPVV -> 0 raw observed, 0 activated+confirmed
[2026-09-03 10:41:43.493992000][th:582835][info] GossipPubSub TOTAL: 0 raw observed addresses, 0 activated+confirmed addresses
[2026-09-03 10:41:43.493993000][th:582835][info] GossipPubSub === END RAW OBSERVED ADDRESS DEBUG ===
[2026-09-03 10:41:43.493993000][th:582835][info] GossipPubSub Observed addresses - all (0):
[2026-09-03 10:41:43.493994000][th:582835][info] GossipPubSub Observed addresses - confirmed only (0):
[2026-09-03 10:41:43.493995000][th:582835][info] GossipPubSub Relay addresses (0):
[2026-09-03 10:41:43.493996000][th:582835][warning] GossipPubSub Failed to get addresses from peer repository: not found
[2026-09-03 10:41:43.494024000][th:582835][info] GossipPubSub Found 1 valid network interfaces
[2026-09-03 10:41:43.494026000][th:582835][info] GossipPubSub Current network interfaces (1):
[2026-09-03 10:41:43.494026000][th:582835][info] GossipPubSub   -> 192.168.1.6
[2026-09-03 10:41:43.494027000][th:582835][info] GossipPubSub Active connections: 0
[2026-09-03 10:41:43.494028000][th:582835][info] GossipPubSub === PEER CONNECTION DETAILS ===
[2026-09-03 10:41:43.494028000][th:582835][info] GossipPubSub NOTE: Observed addresses need to be seen by 4+ different peer groups to become 'activated'
[2026-09-03 10:41:43.494029000][th:582835][info] GossipPubSub NOTE: Current connections: 0, so max possible observers: 0
[2026-09-03 10:41:43.494029000][th:582835][info] GossipPubSub === END PEER CONNECTION DETAILS ===
[2026-09-03 10:41:43.494030000][th:582835][info] GossipPubSub Connection manager stats:
[2026-09-03 10:41:43.494030000][th:582835][info] GossipPubSub   -> Max connections: 1000
[2026-09-03 10:41:43.494037000][th:582835][info] GossipPubSub   -> Current connections: 0
[2026-09-03 10:41:43.494037000][th:582835][info] GossipPubSub === END NETWORK STATE ===
[2026-09-03 10:41:43.494165000][th:582835][info] GossipPubSub /ip4/0.0.0.0/tcp/54624/p2p/12D3KooWRZb1gAAt98afnP6es1RxZhtCNttYZo9wCcq2h8nvNPVV : PubSub service started
[2026-09-03 10:41:43][info][GlobalDB] Opening database /Users/henriqueklein/gnus/SuperGenius/multi_node_finality_fault/restart-mint-passive/rocksdb
[2026-09-03 10:41:43][debug][GraphsyncDAGSyncer] GraphSyncer created 5267203480 
[2026-09-03 10:41:43][info][CrdtDatastore] crdt Datastore created. Number of heads: 0 Current max-height: 0
[2026-09-03 10:41:43][info][GeniusAccount] Secure storage ID path: /Users/henriqueklein/gnus/SuperGenius/multi_node_finality_fault/restart-mint-passive/account/secure_storage_id
[2026-09-03 10:41:43][error][GeniusAccount] Could not find existing Genius address, generating one from a random mnemonic
[2026-09-03 10:41:43][warning][UTXOManager] Found UTXOs in storage, but there were none
[2026-09-03 10:41:43][info][Blockchain] [1d678b49] Blockchain instance created with authorized full node: 8a33bdf1
[2026-09-03 10:41:43][error][ValidatorRegistry] InitializeCache: registry content not found during cache init
[2026-09-03 10:41:43][info][CRDTCallbackManager] Successfully registered new data callback for pattern: '/?gnus-validator-registry'
[2026-09-03 10:41:43][info][ValidatorRegistry] RegisterFilter: result=true
[2026-09-03 10:41:43][info][ValidatorRegistry] New: instance ready
[2026-09-03 10:41:43][info][CRDTCallbackManager] Successfully registered new data callback for pattern: '^/?cert/[^/]+'
[2026-09-03 10:41:43][warning][Blockchain] [1d678b49] Failed to request validator registry during blockchain init
[2026-09-03 10:41:43][info][CRDTCallbackManager] Successfully registered new data callback for pattern: '/?gnus-genesis-block'
[2026-09-03 10:41:43][info][CRDTCallbackManager] Successfully registered new data callback for pattern: '/?gnus-account-creation-.*'
[2026-09-03 10:41:43][info][CRDTCallbackManager] Successfully registered new data callback for pattern: '^/?/bc-144/tx/[^/]+'
[2026-09-03 10:41:43][info][CRDTCallbackManager] Successfully registered deleted data callback for pattern: '^/?/bc-144/tx/[^/]+'
[2026-09-03 10:41:43][info][CRDTCallbackManager] Successfully registered new data callback for pattern: '^/?/bc-963/tx/[^/]+'
[2026-09-03 10:41:43][info][CRDTCallbackManager] Successfully registered deleted data callback for pattern: '^/?/bc-963/tx/[^/]+'
[2026-09-03 10:41:43][info][CRDTCallbackManager] Successfully registered new data callback for pattern: '^/?/bc-369/tx/[^/]+'
[2026-09-03 10:41:43][info][CRDTCallbackManager] Successfully registered deleted data callback for pattern: '^/?/bc-369/tx/[^/]+'
[2026-09-03 10:41:43.532226000][th:582835][info] GossipPubSub /ip4/0.0.0.0/tcp/54624/p2p/12D3KooWRZb1gAAt98afnP6es1RxZhtCNttYZo9wCcq2h8nvNPVV: PubSub subscribed to topic 'gnus-validator-registry.3.7.144'
[2026-09-03 10:41:43.532267000][th:582835][info] GossipPubSub /ip4/0.0.0.0/tcp/54624/p2p/12D3KooWRZb1gAAt98afnP6es1RxZhtCNttYZo9wCcq2h8nvNPVV: PubSub subscribed to topic 'consensus-channel-.3.7.144'
[2026-09-03 10:41:43.532295000][th:582835][info] GossipPubSub /ip4/0.0.0.0/tcp/54624/p2p/12D3KooWRZb1gAAt98afnP6es1RxZhtCNttYZo9wCcq2h8nvNPVV: PubSub subscribed to topic 'consensus-channel-.3.7.144#datastore.3.7.144'
[2026-09-03 10:41:43][info][CrdtDatastore] Topics { name="gnus-validator-registry" }
[2026-09-03 10:41:43][info][CRDTCallbackManager] Executing callback for key '/gnus-validator-registry' matching pattern '/?gnus-validator-registry'
[2026-09-03 10:41:43][info][ValidatorRegistry] RegistryUpdateReceived: cache updated and initialized
[2026-09-03 10:41:43][debug][GraphsyncDAGSyncer] addNode: Added node QmYFyZqsPbTugzYCeaCz1jgj7WSaPVYaMfgigZL1NMXHwM on dagService 
[2026-09-03 10:41:43][info][ValidatorRegistry] StoreRegistryUpdate: stored registry update CID QmYFyZqsPbTugzYCeaCz1jgj7WSaPVYaMfgigZL1NMXHwM
[2026-09-03 10:41:43][info][ValidatorRegistry] StoreRegistryUpdate: success
[2026-09-03 10:41:43][info][CrdtDatastore] Topics { name="gnus-validator-registry" }
[2026-09-03 10:41:43][info][CRDTCallbackManager] Executing callback for key '/gnus-validator-registry' matching pattern '/?gnus-validator-registry'
[2026-09-03 10:41:43][info][ValidatorRegistry] RegistryUpdateReceived: cache updated and initialized
[2026-09-03 10:41:43][debug][GraphsyncDAGSyncer] addNode: Added node QmYFyZqsPbTugzYCeaCz1jgj7WSaPVYaMfgigZL1NMXHwM on dagService 
[2026-09-03 10:41:43][info][ValidatorRegistry] StoreRegistryUpdate: stored registry update CID QmYFyZqsPbTugzYCeaCz1jgj7WSaPVYaMfgigZL1NMXHwM
[2026-09-03 10:41:43][info][ValidatorRegistry] StoreRegistryUpdate: success
[2026-09-03 10:41:43][info][CrdtDatastore] Topics { name="gnus-validator-registry" }
[2026-09-03 10:41:43][info][CRDTCallbackManager] Executing callback for key '/gnus-validator-registry' matching pattern '/?gnus-validator-registry'
[2026-09-03 10:41:43][info][ValidatorRegistry] RegistryUpdateReceived: cache updated and initialized
[2026-09-03 10:41:43][debug][GraphsyncDAGSyncer] addNode: Added node QmYFyZqsPbTugzYCeaCz1jgj7WSaPVYaMfgigZL1NMXHwM on dagService 
[2026-09-03 10:41:43][info][ValidatorRegistry] StoreRegistryUpdate: stored registry update CID QmYFyZqsPbTugzYCeaCz1jgj7WSaPVYaMfgigZL1NMXHwM
[2026-09-03 10:41:43][info][ValidatorRegistry] StoreRegistryUpdate: success
[2026-09-03 10:41:43][info][CrdtDatastore] Topics { name="gnus-validator-registry" }
[2026-09-03 10:41:43][info][CRDTCallbackManager] Executing callback for key '/gnus-validator-registry' matching pattern '/?gnus-validator-registry'
[2026-09-03 10:41:43][info][ValidatorRegistry] RegistryUpdateReceived: cache updated and initialized
[2026-09-03 10:41:43][debug][GraphsyncDAGSyncer] addNode: Added node QmYFyZqsPbTugzYCeaCz1jgj7WSaPVYaMfgigZL1NMXHwM on dagService 
[2026-09-03 10:41:43][info][ValidatorRegistry] StoreRegistryUpdate: stored registry update CID QmYFyZqsPbTugzYCeaCz1jgj7WSaPVYaMfgigZL1NMXHwM
[2026-09-03 10:41:43][info][ValidatorRegistry] StoreRegistryUpdate: success
[2026-09-03 10:41:43.576048000][th:582742][info] GossipPubSub Adding new peer: 12D3KooWAbsctnvMU7jrTZ11AePcjW7usZyLAcSUkSwHUWsWxVvw
[2026-09-03 10:41:43.576205000][th:582742][info] GossipPubSub Adding new peer: 12D3KooWDtL6bfRRfbUcvWT4FNis5BbTa85Wxn2EwAZQdTDyFwNf
[2026-09-03 10:41:43.576214000][th:582772][info] GossipPubSub Adding new peer: 12D3KooWQhTK9DWNqcjxk2LnCmgmnJQaQ2EuKPaqi8ZkomG8qyew
[2026-09-03 10:41:43.576246000][th:582742][info] GossipPubSub Adding new peer: 12D3KooWRZb1gAAt98afnP6es1RxZhtCNttYZo9wCcq2h8nvNPVV
[2026-09-03 10:41:43.576288000][th:582772][info] GossipPubSub Adding new peer: 12D3KooWDtL6bfRRfbUcvWT4FNis5BbTa85Wxn2EwAZQdTDyFwNf
[2026-09-03 10:41:43.576336000][th:582772][info] GossipPubSub Adding new peer: 12D3KooWRZb1gAAt98afnP6es1RxZhtCNttYZo9wCcq2h8nvNPVV
[2026-09-03 10:41:43.576371000][th:582809][info] GossipPubSub Adding new peer: 12D3KooWQhTK9DWNqcjxk2LnCmgmnJQaQ2EuKPaqi8ZkomG8qyew
[2026-09-03 10:41:43.576402000][th:582809][info] GossipPubSub Adding new peer: 12D3KooWAbsctnvMU7jrTZ11AePcjW7usZyLAcSUkSwHUWsWxVvw
[2026-09-03 10:41:43.576433000][th:582809][info] GossipPubSub Adding new peer: 12D3KooWRZb1gAAt98afnP6es1RxZhtCNttYZo9wCcq2h8nvNPVV
[2026-09-03 10:41:43.576465000][th:582835][info] GossipPubSub Adding new peer: 12D3KooWQhTK9DWNqcjxk2LnCmgmnJQaQ2EuKPaqi8ZkomG8qyew
[2026-09-03 10:41:43.576495000][th:582835][info] GossipPubSub Adding new peer: 12D3KooWAbsctnvMU7jrTZ11AePcjW7usZyLAcSUkSwHUWsWxVvw
[2026-09-03 10:41:43.576527000][th:582835][info] GossipPubSub Adding new peer: 12D3KooWDtL6bfRRfbUcvWT4FNis5BbTa85Wxn2EwAZQdTDyFwNf
26.09.03 10:41:43[38;2;128;128;128m.597489[0m  [38;2;255;069;000m[1mError   [0m  [1mNoiseHandshake[0m  [1mNoise handshake failed, Message is too short with 12D3KooWRZb1gAAt98afnP6es1RxZhtCNttYZo9wCcq2h8nvNPVV on address /ip4/192.168.1.6/tcp/54624[0m
26.09.03 10:41:43[38;2;128;128;128m.597656[0m  [38;2;255;069;000m[1mError   [0m  [1mNoiseHandshake[0m  [1mNoise handshake failed, Message is too short with 12D3KooWQhTK9DWNqcjxk2LnCmgmnJQaQ2EuKPaqi8ZkomG8qyew on address /ip4/192.168.1.6/tcp/54621[0m
[2026-09-03 10:41:43][info][TransactionManager] [aea54dd3 - full: false] ChangeTransactionState: Temp tracking entry created tx=cd010ed48638fb956a80abac1f0965a335e41d1caf688be09854a4a814491a62
[2026-09-03 10:41:43][info][TransactionManager] [f131607e - full: false] ChangeTransactionState: Temp tracking entry created tx=cd010ed48638fb956a80abac1f0965a335e41d1caf688be09854a4a814491a62
[2026-09-03 10:41:43][info][TransactionManager] [b221be13 - full: false] ChangeTransactionState: Temp tracking entry created tx=cd010ed48638fb956a80abac1f0965a335e41d1caf688be09854a4a814491a62
[2026-09-03 10:41:43][info][TransactionManager] [1d678b49 - full: false] ChangeTransactionState: Temp tracking entry created tx=cd010ed48638fb956a80abac1f0965a335e41d1caf688be09854a4a814491a62
[2026-09-03 10:41:46][error][ConsensusManager] HandleVote: ignored: proposal has not won frozen slot arbitration proposal_id=26ef6c75
[2026-09-03 10:41:46][error][ConsensusManager] HandleVote: ignored: proposal has not won frozen slot arbitration proposal_id=26ef6c75
[2026-09-03 10:41:46][error][ConsensusManager] HandleVote: ignored: proposal has not won frozen slot arbitration proposal_id=26ef6c75
[2026-09-03 10:41:46][error][ConsensusManager] HandleVote: ignored: proposal has not won frozen slot arbitration proposal_id=26ef6c75
[2026-09-03 10:41:48][info][CrdtDatastore] Topics { name="consensus-channel-.3.7.144#datastore" }
[2026-09-03 10:41:48][info][CRDTCallbackManager] Executing callback for key '/cert/mint-v2:test:0000000000000000000000000000000000000000000000000000000000000000:42:aea54dd3f57cd7f511ffdb86c431dcbf3f982f03b7567a9ad3cdd5ecc028d6f38ef57f3867c930ec9c1e28307edb8ded0d00f61813906f1b4ac96ffbc5e5047b:cccccccccccccccccccccccccccccccccccccccccccccccccccccccccccccccc' matching pattern '^/?cert/[^/]+'
[2026-09-03 10:41:48][debug][GraphsyncDAGSyncer] addNode: Added node QmXdshf2aUSDDg8rRmX9U31pja56Z9QbeNeqTs9DhVbfqJ on dagService 
[2026-09-03 10:41:48][info][UTXOManager] Stored 1 UTXOs for address aea54dd3f57cd7f511ffdb86c431dcbf3f982f03b7567a9ad3cdd5ecc028d6f38ef57f3867c930ec9c1e28307edb8ded0d00f61813906f1b4ac96ffbc5e5047b
[2026-09-03 10:41:48][info][UTXOManager] Stored 2 UTXOs for address aea54dd3f57cd7f511ffdb86c431dcbf3f982f03b7567a9ad3cdd5ecc028d6f38ef57f3867c930ec9c1e28307edb8ded0d00f61813906f1b4ac96ffbc5e5047b
[2026-09-03 10:41:48][warning][TransactionManager] [b221be13 - full: false] Mint-v2 cd010ed48638fb956a80abac1f0965a335e41d1caf688be09854a4a814491a62 did not consume every burn input (already consumed or missing); burn outpoint metadata may have been rebuilt with zero amount
[2026-09-03 10:41:48][info][TransactionManager] [b221be13 - full: false] Created tokens (mint-v2), amount 42 balance 0
[2026-09-03 10:41:48][info][TransactionManager] [b221be13 - full: false] ChangeTransactionState: Tracking entry confirmed tx=cd010ed48638fb956a80abac1f0965a335e41d1caf688be09854a4a814491a62
[2026-09-03 10:41:48][info][UTXOManager] Created checkpoint owner=b221be133f4ab7949db7637483f6012a55b393b47e515dabf83cd166919643f53d638b35e7f0df1f4179b9c4f2c274b33e1d122537864cc0b95c0b54681ae87e epoch=1 utxo_count=0
[2026-09-03 10:41:48][debug][GraphsyncDAGSyncer] Registered new peer 12D3KooWAbsctnvMU7jrTZ11AePcjW7usZyLAcSUkSwHUWsWxVvw with key 0
[2026-09-03 10:41:48][debug][GraphsyncDAGSyncer] Registered new peer 12D3KooWAbsctnvMU7jrTZ11AePcjW7usZyLAcSUkSwHUWsWxVvw with key 0
[2026-09-03 10:41:48][debug][GraphsyncDAGSyncer] Registered new peer 12D3KooWAbsctnvMU7jrTZ11AePcjW7usZyLAcSUkSwHUWsWxVvw with key 0
[2026-09-03 10:41:48][debug][GraphsyncDAGSyncer] Added route for CID QmXdshf2aUSDDg8rRmX9U31pja56Z9QbeNeqTs9DhVbfqJ to peer 12D3KooWAbsctnvMU7jrTZ11AePcjW7usZyLAcSUkSwHUWsWxVvw (key 0, route_count=1)
[2026-09-03 10:41:48][debug][GraphsyncDAGSyncer] Added route for CID QmXdshf2aUSDDg8rRmX9U31pja56Z9QbeNeqTs9DhVbfqJ to peer 12D3KooWAbsctnvMU7jrTZ11AePcjW7usZyLAcSUkSwHUWsWxVvw (key 0, route_count=1)
[2026-09-03 10:41:48][debug][GraphsyncDAGSyncer] Added route for CID QmXdshf2aUSDDg8rRmX9U31pja56Z9QbeNeqTs9DhVbfqJ to peer 12D3KooWAbsctnvMU7jrTZ11AePcjW7usZyLAcSUkSwHUWsWxVvw (key 0, route_count=1)
[2026-09-03 10:41:48][debug][GraphsyncDAGSyncer] Block initialized without content to LRU cache: CID QmXdshf2aUSDDg8rRmX9U31pja56Z9QbeNeqTs9DhVbfqJ, cache size: 1
[2026-09-03 10:41:48][debug][GraphsyncDAGSyncer] Requesting Node QmXdshf2aUSDDg8rRmX9U31pja56Z9QbeNeqTs9DhVbfqJ on this 5267092712
[2026-09-03 10:41:48][debug][GraphsyncDAGSyncer] Return node for CID QmXdshf2aUSDDg8rRmX9U31pja56Z9QbeNeqTs9DhVbfqJ instance=5285954536
[2026-09-03 10:41:48.489691000][th:582742][warning] graphsync Request 1 for CID QmXdshf2aUSDDg8rRmX9U31pja56Z9QbeNeqTs9DhVbfqJ got RS_FULL_CONTENT but no blocks received yet
[2026-09-03 10:41:48][debug][GraphsyncDAGSyncer] request progress: code=FULL_CONTENT, extensions=(graphsync/response-metadata: 0x80) (graphsync/do-not-send-cids: 0x80) 
[2026-09-03 10:41:48][debug][GraphsyncDAGSyncer] HasBlock: false, cid: QmXdshf2aUSDDg8rRmX9U31pja56Z9QbeNeqTs9DhVbfqJ
[2026-09-03 10:41:48][debug][GraphsyncDAGSyncer] Existing block updated in LRU cache: CID QmXdshf2aUSDDg8rRmX9U31pja56Z9QbeNeqTs9DhVbfqJ
[2026-09-03 10:41:48][debug][GraphsyncDAGSyncer] Node added to dagService. CID: QmXdshf2aUSDDg8rRmX9U31pja56Z9QbeNeqTs9DhVbfqJ, links: []
[2026-09-03 10:41:48][debug][GraphsyncDAGSyncer] Seeing if peer 12D3KooWAbsctnvMU7jrTZ11AePcjW7usZyLAcSUkSwHUWsWxVvw has links to AddRoute
[2026-09-03 10:41:48][info][GraphsyncDAGSyncer] TraverseCIDsLinks: Checking links on { cid="QmXdshf2aUSDDg8rRmX9U31pja56Z9QbeNeqTs9DhVbfqJ", name="" }
[2026-09-03 10:41:48][info][GraphsyncDAGSyncer] TraverseCIDsLinks: Completed traversal. Links to fetch: 0, Visited: 0
[2026-09-03 10:41:48][debug][GraphsyncDAGSyncer] Block initialized without content to LRU cache: CID QmXdshf2aUSDDg8rRmX9U31pja56Z9QbeNeqTs9DhVbfqJ, cache size: 1
[2026-09-03 10:41:48][debug][GraphsyncDAGSyncer] Requesting Node QmXdshf2aUSDDg8rRmX9U31pja56Z9QbeNeqTs9DhVbfqJ on this 5266673160
[2026-09-03 10:41:48][debug][GraphsyncDAGSyncer] Return node for CID QmXdshf2aUSDDg8rRmX9U31pja56Z9QbeNeqTs9DhVbfqJ instance=5285954536
[2026-09-03 10:41:48.566053000][th:582809][warning] graphsync Request 1 for CID QmXdshf2aUSDDg8rRmX9U31pja56Z9QbeNeqTs9DhVbfqJ got RS_FULL_CONTENT but no blocks received yet
[2026-09-03 10:41:48][debug][GraphsyncDAGSyncer] request progress: code=FULL_CONTENT, extensions=(graphsync/do-not-send-cids: 0x80) (graphsync/response-metadata: 0x80) 
[2026-09-03 10:41:48][debug][GraphsyncDAGSyncer] HasBlock: false, cid: QmXdshf2aUSDDg8rRmX9U31pja56Z9QbeNeqTs9DhVbfqJ
[2026-09-03 10:41:48][debug][GraphsyncDAGSyncer] Existing block updated in LRU cache: CID QmXdshf2aUSDDg8rRmX9U31pja56Z9QbeNeqTs9DhVbfqJ
[2026-09-03 10:41:48][debug][GraphsyncDAGSyncer] Node added to dagService. CID: QmXdshf2aUSDDg8rRmX9U31pja56Z9QbeNeqTs9DhVbfqJ, links: []
[2026-09-03 10:41:48][debug][GraphsyncDAGSyncer] Seeing if peer 12D3KooWAbsctnvMU7jrTZ11AePcjW7usZyLAcSUkSwHUWsWxVvw has links to AddRoute
[2026-09-03 10:41:48][info][GraphsyncDAGSyncer] TraverseCIDsLinks: Checking links on { cid="QmXdshf2aUSDDg8rRmX9U31pja56Z9QbeNeqTs9DhVbfqJ", name="" }
[2026-09-03 10:41:48][info][GraphsyncDAGSyncer] TraverseCIDsLinks: Completed traversal. Links to fetch: 0, Visited: 0
[2026-09-03 10:41:48][debug][GraphsyncDAGSyncer] Block initialized without content to LRU cache: CID QmXdshf2aUSDDg8rRmX9U31pja56Z9QbeNeqTs9DhVbfqJ, cache size: 1
[2026-09-03 10:41:48][debug][GraphsyncDAGSyncer] Requesting Node QmXdshf2aUSDDg8rRmX9U31pja56Z9QbeNeqTs9DhVbfqJ on this 5267203480
[2026-09-03 10:41:48][debug][GraphsyncDAGSyncer] Return node for CID QmXdshf2aUSDDg8rRmX9U31pja56Z9QbeNeqTs9DhVbfqJ instance=5285954536
[2026-09-03 10:41:48.581882000][th:582835][warning] graphsync Request 1 for CID QmXdshf2aUSDDg8rRmX9U31pja56Z9QbeNeqTs9DhVbfqJ got RS_FULL_CONTENT but no blocks received yet
[2026-09-03 10:41:48][debug][GraphsyncDAGSyncer] request progress: code=FULL_CONTENT, extensions=(graphsync/do-not-send-cids: 0x80) (graphsync/response-metadata: 0x80) 
[2026-09-03 10:41:48][debug][GraphsyncDAGSyncer] HasBlock: false, cid: QmXdshf2aUSDDg8rRmX9U31pja56Z9QbeNeqTs9DhVbfqJ
[2026-09-03 10:41:48][debug][GraphsyncDAGSyncer] Existing block updated in LRU cache: CID QmXdshf2aUSDDg8rRmX9U31pja56Z9QbeNeqTs9DhVbfqJ
[2026-09-03 10:41:48][debug][GraphsyncDAGSyncer] Node added to dagService. CID: QmXdshf2aUSDDg8rRmX9U31pja56Z9QbeNeqTs9DhVbfqJ, links: []
[2026-09-03 10:41:48][debug][GraphsyncDAGSyncer] Seeing if peer 12D3KooWAbsctnvMU7jrTZ11AePcjW7usZyLAcSUkSwHUWsWxVvw has links to AddRoute
[2026-09-03 10:41:48][info][GraphsyncDAGSyncer] TraverseCIDsLinks: Checking links on { cid="QmXdshf2aUSDDg8rRmX9U31pja56Z9QbeNeqTs9DhVbfqJ", name="" }
[2026-09-03 10:41:48][info][GraphsyncDAGSyncer] TraverseCIDsLinks: Completed traversal. Links to fetch: 0, Visited: 0
[2026-09-03 10:41:48][debug][GraphsyncDAGSyncer] Return node for CID QmXdshf2aUSDDg8rRmX9U31pja56Z9QbeNeqTs9DhVbfqJ instance=5267092712
[2026-09-03 10:41:48][info][CRDTCallbackManager] Executing callback for key '/cert/mint-v2:test:0000000000000000000000000000000000000000000000000000000000000000:42:aea54dd3f57cd7f511ffdb86c431dcbf3f982f03b7567a9ad3cdd5ecc028d6f38ef57f3867c930ec9c1e28307edb8ded0d00f61813906f1b4ac96ffbc5e5047b:cccccccccccccccccccccccccccccccccccccccccccccccccccccccccccccccc' matching pattern '^/?cert/[^/]+'
[2026-09-03 10:41:48][debug][GraphsyncDAGSyncer] addNode: Added node QmXdshf2aUSDDg8rRmX9U31pja56Z9QbeNeqTs9DhVbfqJ on dagService 
[2026-09-03 10:41:48][debug][GraphsyncDAGSyncer] Block removed from LRU cache: CID QmXdshf2aUSDDg8rRmX9U31pja56Z9QbeNeqTs9DhVbfqJ
[2026-09-03 10:41:48][debug][GraphsyncDAGSyncer] Return node for CID QmXdshf2aUSDDg8rRmX9U31pja56Z9QbeNeqTs9DhVbfqJ instance=5266673160
[2026-09-03 10:41:48][info][CRDTCallbackManager] Executing callback for key '/cert/mint-v2:test:0000000000000000000000000000000000000000000000000000000000000000:42:aea54dd3f57cd7f511ffdb86c431dcbf3f982f03b7567a9ad3cdd5ecc028d6f38ef57f3867c930ec9c1e28307edb8ded0d00f61813906f1b4ac96ffbc5e5047b:cccccccccccccccccccccccccccccccccccccccccccccccccccccccccccccccc' matching pattern '^/?cert/[^/]+'
[2026-09-03 10:41:48][debug][GraphsyncDAGSyncer] Return node for CID QmXdshf2aUSDDg8rRmX9U31pja56Z9QbeNeqTs9DhVbfqJ instance=5267203480
[2026-09-03 10:41:48][debug][GraphsyncDAGSyncer] addNode: Added node QmXdshf2aUSDDg8rRmX9U31pja56Z9QbeNeqTs9DhVbfqJ on dagService 
[2026-09-03 10:41:48][debug][GraphsyncDAGSyncer] Block removed from LRU cache: CID QmXdshf2aUSDDg8rRmX9U31pja56Z9QbeNeqTs9DhVbfqJ
[2026-09-03 10:41:48][info][CRDTCallbackManager] Executing callback for key '/cert/mint-v2:test:0000000000000000000000000000000000000000000000000000000000000000:42:aea54dd3f57cd7f511ffdb86c431dcbf3f982f03b7567a9ad3cdd5ecc028d6f38ef57f3867c930ec9c1e28307edb8ded0d00f61813906f1b4ac96ffbc5e5047b:cccccccccccccccccccccccccccccccccccccccccccccccccccccccccccccccc' matching pattern '^/?cert/[^/]+'
[2026-09-03 10:41:48][debug][GraphsyncDAGSyncer] addNode: Added node QmXdshf2aUSDDg8rRmX9U31pja56Z9QbeNeqTs9DhVbfqJ on dagService 
[2026-09-03 10:41:48][debug][GraphsyncDAGSyncer] Block removed from LRU cache: CID QmXdshf2aUSDDg8rRmX9U31pja56Z9QbeNeqTs9DhVbfqJ
[2026-09-03 10:41:49][info][UTXOManager] Stored 1 UTXOs for address aea54dd3f57cd7f511ffdb86c431dcbf3f982f03b7567a9ad3cdd5ecc028d6f38ef57f3867c930ec9c1e28307edb8ded0d00f61813906f1b4ac96ffbc5e5047b
[2026-09-03 10:41:49][info][UTXOManager] Stored 2 UTXOs for address aea54dd3f57cd7f511ffdb86c431dcbf3f982f03b7567a9ad3cdd5ecc028d6f38ef57f3867c930ec9c1e28307edb8ded0d00f61813906f1b4ac96ffbc5e5047b
[2026-09-03 10:41:49][warning][TransactionManager] [aea54dd3 - full: false] Mint-v2 cd010ed48638fb956a80abac1f0965a335e41d1caf688be09854a4a814491a62 did not consume every burn input (already consumed or missing); burn outpoint metadata may have been rebuilt with zero amount
[2026-09-03 10:41:49][info][TransactionManager] [aea54dd3 - full: false] Created tokens (mint-v2), amount 42 balance 42
[2026-09-03 10:41:49][info][Blockchain] [aea54dd3] Stopping blockchain
[2026-09-03 10:41:49][error][TransactionManager] [aea54dd3 - full: false] OnConsensusCertificate: Failed to change transaction state to CONFIRMED for hash cd010ed48638fb956a80abac1f0965a335e41d1caf688be09854a4a814491a62: Operation canceled
[2026-09-03 10:41:49][error][TransactionManager] [aea54dd3 - full: false] Failed to process certificate proposal_id=26ef6c755bc139eaf075b8a3da1bd4ed056ccd2c1eabc1df10afd3c168351d52 error=Operation canceled
[2026-09-03 10:41:49][info][CRDTCallbackManager] Successfully unregistered new data callback for pattern: '^/?/bc-144/tx/[^/]+'
[2026-09-03 10:41:49][info][CRDTCallbackManager] Successfully unregistered deleted data callback for pattern: '^/?/bc-144/tx/[^/]+'
[2026-09-03 10:41:49][info][CRDTCallbackManager] Successfully unregistered new data callback for pattern: '^/?/bc-963/tx/[^/]+'
[2026-09-03 10:41:49][info][CRDTCallbackManager] Successfully unregistered deleted data callback for pattern: '^/?/bc-963/tx/[^/]+'
[2026-09-03 10:41:49][info][CRDTCallbackManager] Successfully unregistered new data callback for pattern: '^/?/bc-369/tx/[^/]+'
[2026-09-03 10:41:49][info][CRDTCallbackManager] Successfully unregistered deleted data callback for pattern: '^/?/bc-369/tx/[^/]+'
[2026-09-03 10:41:49][info][TransactionManager] [aea54dd3 - full: false] ~TransactionManager: Metrics — cert_fallback(success=0 failure=0) validation(approve=1 reject=0) tracking(insert=1 confirm=0 fail=0)
[2026-09-03 10:41:49][info][CRDTCallbackManager] Successfully unregistered new data callback for pattern: '/?gnus-genesis-block'
[2026-09-03 10:41:49][info][CRDTCallbackManager] Successfully unregistered new data callback for pattern: '/?gnus-account-creation-.*'
[2026-09-03 10:41:49][info][CRDTCallbackManager] Successfully unregistered new data callback for pattern: '/?gnus-validator-registry'
[2026-09-03 10:41:49][debug][GlobalDB] ~GlobalDB CALLED with count 6 on multi_node_finality_fault/restart-mint-validator-one/rocksdb 
[2026-09-03 10:41:49][info][GlobalDB] GlobalDB shutdown start
[2026-09-03 10:41:49][info][CrdtDatastore] CancelAndCloseNow: begin (pending_jobs=1, self_queue=0, root_queue=0, pending_roots=0, active_root=false)
[2026-09-03 10:41:49][debug][GraphsyncDAGSyncer] Stopping Dagsyncer
[2026-09-03 10:41:49][debug][GraphsyncDAGSyncer] Dagsyncer Stopped
[2026-09-03 10:41:49.136286000][th:582772][error] graphsync Varint Error msg=Stream: closed by remote peer
[2026-09-03 10:41:49.136295000][th:582772][info] graphsync stream read error, peer=G8qyew, msg=stream is not readable
[2026-09-03 10:41:49.136400000][th:582742][error] graphsync Varint Error msg=Stream: closed by this host
[2026-09-03 10:41:49][info][UTXOManager] Stored 1 UTXOs for address aea54dd3f57cd7f511ffdb86c431dcbf3f982f03b7567a9ad3cdd5ecc028d6f38ef57f3867c930ec9c1e28307edb8ded0d00f61813906f1b4ac96ffbc5e5047b
[2026-09-03 10:41:49][info][UTXOManager] Stored 1 UTXOs for address aea54dd3f57cd7f511ffdb86c431dcbf3f982f03b7567a9ad3cdd5ecc028d6f38ef57f3867c930ec9c1e28307edb8ded0d00f61813906f1b4ac96ffbc5e5047b
[2026-09-03 10:41:49][info][UTXOManager] Stored 2 UTXOs for address aea54dd3f57cd7f511ffdb86c431dcbf3f982f03b7567a9ad3cdd5ecc028d6f38ef57f3867c930ec9c1e28307edb8ded0d00f61813906f1b4ac96ffbc5e5047b
[2026-09-03 10:41:49][warning][TransactionManager] [f131607e - full: false] Mint-v2 cd010ed48638fb956a80abac1f0965a335e41d1caf688be09854a4a814491a62 did not consume every burn input (already consumed or missing); burn outpoint metadata may have been rebuilt with zero amount
[2026-09-03 10:41:49][info][TransactionManager] [f131607e - full: false] Created tokens (mint-v2), amount 42 balance 0
[2026-09-03 10:41:49][info][UTXOManager] Stored 2 UTXOs for address aea54dd3f57cd7f511ffdb86c431dcbf3f982f03b7567a9ad3cdd5ecc028d6f38ef57f3867c930ec9c1e28307edb8ded0d00f61813906f1b4ac96ffbc5e5047b
[2026-09-03 10:41:49][warning][TransactionManager] [1d678b49 - full: false] Mint-v2 cd010ed48638fb956a80abac1f0965a335e41d1caf688be09854a4a814491a62 did not consume every burn input (already consumed or missing); burn outpoint metadata may have been rebuilt with zero amount
[2026-09-03 10:41:49][info][TransactionManager] [1d678b49 - full: false] Created tokens (mint-v2), amount 42 balance 0
[2026-09-03 10:41:49][info][TransactionManager] [f131607e - full: false] ChangeTransactionState: Tracking entry confirmed tx=cd010ed48638fb956a80abac1f0965a335e41d1caf688be09854a4a814491a62
[2026-09-03 10:41:49][info][TransactionManager] [1d678b49 - full: false] ChangeTransactionState: Tracking entry confirmed tx=cd010ed48638fb956a80abac1f0965a335e41d1caf688be09854a4a814491a62
[2026-09-03 10:41:49][info][UTXOManager] Created checkpoint owner=f131607e27d0898ba93b51e97c7b83f30650ed4e04a4ed9713a07133c4750bc59f427a54d9af86c887a41ca6f3af237443cbee1b483e9b1e54baae85547c8be7 epoch=1 utxo_count=0
[2026-09-03 10:41:49][info][UTXOManager] Created checkpoint owner=1d678b4935ed33fd7e5658a416e77b84722a0bd69287b0b590237dc5a4c4552abd389b870367a8ae11e607bca64eaecfb35c8e4f622d75ac35ea35902e205581 epoch=1 utxo_count=0
[2026-09-03 10:41:49][info][CrdtDatastore] CancelAndCloseNow: CRDT workers stopped
[2026-09-03 10:41:49][warning][CrdtDatastore] CancelAndCloseNow called but shutdown has already started
[2026-09-03 10:41:49][debug][GraphsyncDAGSyncer] ~GraphsyncDAGSyncer CALLED
[2026-09-03 10:41:49][info][GlobalDB] GlobalDB shutdown finished
[2026-09-03 10:41:49.496191000][th:582742][error] GossipPubSub Address monitoring timer error: Operation canceled
[2026-09-03 10:41:50][info][KeyPairFileStorage] Path to keypairs multi_node_finality_fault/restart-mint-validator-one/keypair
[2026-09-03 10:41:50][info][KeyPairFileStorage] Peer ID from public key: 12D3KooWQhTK9DWNqcjxk2LnCmgmnJQaQ2EuKPaqi8ZkomG8qyew
Current limits: 16384 (soft), 9223372036854775807 (hard)
New limits set successfully: 16384 (soft), 9223372036854775807 (hard)
Initialized relay addresses
[2026-09-03 10:41:50.511434000][th:578917][info] GossipPubSub /ip4/0.0.0.0/tcp/54621/p2p/12D3KooWQhTK9DWNqcjxk2LnCmgmnJQaQ2EuKPaqi8ZkomG8qyew: Starting PubSub service
[2026-09-03 10:41:50.511641000][th:583447][info] GossipPubSub Starting address monitoring system for mobile network changes
[2026-09-03 10:41:50.511652000][th:583447][info] GossipPubSub === CURRENT NETWORK STATE ===
[2026-09-03 10:41:50.511672000][th:583447][info] GossipPubSub Primary listening address: /ip4/0.0.0.0/tcp/54621/p2p/12D3KooWQhTK9DWNqcjxk2LnCmgmnJQaQ2EuKPaqi8ZkomG8qyew
[2026-09-03 10:41:50.511674000][th:583447][info] GossipPubSub Host peer info addresses (0):
[2026-09-03 10:41:50.511676000][th:583447][info] GossipPubSub Additional addresses we track (0):
[2026-09-03 10:41:50.511677000][th:583447][info] GossipPubSub Listening addresses (1):
[2026-09-03 10:41:50.511678000][th:583447][info] GossipPubSub   -> /ip4/0.0.0.0/tcp/54621/p2p/12D3KooWQhTK9DWNqcjxk2LnCmgmnJQaQ2EuKPaqi8ZkomG8qyew
[2026-09-03 10:41:50.511680000][th:583447][info] GossipPubSub Interface addresses (0):
[2026-09-03 10:41:50.511680000][th:583447][info] GossipPubSub === RAW OBSERVED ADDRESS DEBUG ===
[2026-09-03 10:41:50.511683000][th:583447][info] GossipPubSub Local address: /ip4/0.0.0.0/tcp/54621/p2p/12D3KooWQhTK9DWNqcjxk2LnCmgmnJQaQ2EuKPaqi8ZkomG8qyew -> 0 raw observed, 0 activated+confirmed
[2026-09-03 10:41:50.511686000][th:583447][info] GossipPubSub TOTAL: 0 raw observed addresses, 0 activated+confirmed addresses
[2026-09-03 10:41:50.511687000][th:583447][info] GossipPubSub === END RAW OBSERVED ADDRESS DEBUG ===
[2026-09-03 10:41:50.511688000][th:583447][info] GossipPubSub Observed addresses - all (0):
[2026-09-03 10:41:50.511689000][th:583447][info] GossipPubSub Observed addresses - confirmed only (0):
[2026-09-03 10:41:50.511690000][th:583447][info] GossipPubSub Relay addresses (0):
[2026-09-03 10:41:50.511695000][th:583447][warning] GossipPubSub Failed to get addresses from peer repository: not found
[2026-09-03 10:41:50.511782000][th:583447][info] GossipPubSub Found 1 valid network interfaces
[2026-09-03 10:41:50.511787000][th:583447][info] GossipPubSub Current network interfaces (1):
[2026-09-03 10:41:50.511788000][th:583447][info] GossipPubSub   -> 192.168.1.6
[2026-09-03 10:41:50.511790000][th:583447][info] GossipPubSub Active connections: 0
[2026-09-03 10:41:50.511791000][th:583447][info] GossipPubSub === PEER CONNECTION DETAILS ===
[2026-09-03 10:41:50.511792000][th:583447][info] GossipPubSub NOTE: Observed addresses need to be seen by 4+ different peer groups to become 'activated'
[2026-09-03 10:41:50.511793000][th:583447][info] GossipPubSub NOTE: Current connections: 0, so max possible observers: 0
[2026-09-03 10:41:50.511794000][th:583447][info] GossipPubSub === END PEER CONNECTION DETAILS ===
[2026-09-03 10:41:50.511795000][th:583447][info] GossipPubSub Connection manager stats:
[2026-09-03 10:41:50.511797000][th:583447][info] GossipPubSub   -> Max connections: 1000
[2026-09-03 10:41:50.511798000][th:583447][info] GossipPubSub   -> Current connections: 0
[2026-09-03 10:41:50.511801000][th:583447][info] GossipPubSub === END NETWORK STATE ===
[2026-09-03 10:41:50.512239000][th:583447][info] GossipPubSub /ip4/0.0.0.0/tcp/54621/p2p/12D3KooWQhTK9DWNqcjxk2LnCmgmnJQaQ2EuKPaqi8ZkomG8qyew : PubSub service started
[2026-09-03 10:41:50][info][GlobalDB] Opening database /Users/henriqueklein/gnus/SuperGenius/multi_node_finality_fault/restart-mint-validator-one/rocksdb
[2026-09-03 10:41:50][debug][GraphsyncDAGSyncer] GraphSyncer created 4732369912 
[2026-09-03 10:41:50][info][CrdtDatastore] crdt Datastore created. Number of heads: 2 Current max-height: 18446744073709551615
[2026-09-03 10:41:50][info][GeniusAccount] Secure storage ID path: /Users/henriqueklein/gnus/SuperGenius/multi_node_finality_fault/restart-mint-validator-one/account/secure_storage_id
[2026-09-03 10:41:50][info][GeniusAccount] Loaded public key from file: aea54dd3f57cd7f5... (length: 128)
[2026-09-03 10:41:50][info][GeniusAccount] Successfully loaded key_seed from storage
[2026-09-03 10:41:50][info][GeniusAccount] Validation successful: key_seed matches stored public key
[2026-09-03 10:41:50][info][Blockchain] [aea54dd3] Blockchain instance created with authorized full node: 8a33bdf1
[2026-09-03 10:41:50][info][ValidatorRegistry] InitializeCache: cache initialized with CID QmYFyZqsPbTugzYCeaCz1jgj7WSaPVYaMfgigZL1NMXHwM
[2026-09-03 10:41:50][info][CRDTCallbackManager] Successfully registered new data callback for pattern: '/?gnus-validator-registry'
[2026-09-03 10:41:50][info][ValidatorRegistry] RegisterFilter: result=true
[2026-09-03 10:41:50][info][ValidatorRegistry] New: instance ready
[2026-09-03 10:41:50.543759000][th:583447][info] GossipPubSub /ip4/0.0.0.0/tcp/54621/p2p/12D3KooWQhTK9DWNqcjxk2LnCmgmnJQaQ2EuKPaqi8ZkomG8qyew: PubSub subscribed to topic 'gnus-validator-registry.3.7.144'
[2026-09-03 10:41:50.543792000][th:583447][info] GossipPubSub /ip4/0.0.0.0/tcp/54621/p2p/12D3KooWQhTK9DWNqcjxk2LnCmgmnJQaQ2EuKPaqi8ZkomG8qyew: PubSub subscribed to topic 'consensus-channel-.3.7.144'
[2026-09-03 10:41:50][info][CRDTCallbackManager] Successfully registered new data callback for pattern: '^/?cert/[^/]+'
[2026-09-03 10:41:50.543828000][th:583447][info] GossipPubSub /ip4/0.0.0.0/tcp/54621/p2p/12D3KooWQhTK9DWNqcjxk2LnCmgmnJQaQ2EuKPaqi8ZkomG8qyew: PubSub subscribed to topic 'consensus-channel-.3.7.144#datastore.3.7.144'
[2026-09-03 10:41:50][warning][ConsensusManager] ProcessCommittedCertificate: No subject handler for certificate with key /cert/mint-v2:test:0000000000000000000000000000000000000000000000000000000000000000:42:aea54dd3f57cd7f511ffdb86c431dcbf3f982f03b7567a9ad3cdd5ecc028d6f38ef57f3867c930ec9c1e28307edb8ded0d00f61813906f1b4ac96ffbc5e5047b:cccccccccccccccccccccccccccccccccccccccccccccccccccccccccccccccc 
[2026-09-03 10:41:50][warning][ConsensusManager] ProcessCommittedCertificate: No subject handler for certificate with key /cert/mint-v2:test:0000000000000000000000000000000000000000000000000000000000000000:42:aea54dd3f57cd7f511ffdb86c431dcbf3f982f03b7567a9ad3cdd5ecc028d6f38ef57f3867c930ec9c1e28307edb8ded0d00f61813906f1b4ac96ffbc5e5047b:cccccccccccccccccccccccccccccccccccccccccccccccccccccccccccccccc 
[2026-09-03 10:41:50][info][CRDTCallbackManager] Successfully registered new data callback for pattern: '/?gnus-genesis-block'
[2026-09-03 10:41:50][info][CRDTCallbackManager] Successfully registered new data callback for pattern: '/?gnus-account-creation-.*'
[2026-09-03 10:41:50][info][UTXOManager] Stored 2 UTXOs for address aea54dd3f57cd7f511ffdb86c431dcbf3f982f03b7567a9ad3cdd5ecc028d6f38ef57f3867c930ec9c1e28307edb8ded0d00f61813906f1b4ac96ffbc5e5047b
[2026-09-03 10:41:50][warning][TransactionManager] [aea54dd3 - full: false] Mint-v2 cd010ed48638fb956a80abac1f0965a335e41d1caf688be09854a4a814491a62 did not consume every burn input (already consumed or missing); burn outpoint metadata may have been rebuilt with zero amount
[2026-09-03 10:41:50][info][TransactionManager] [aea54dd3 - full: false] Created tokens (mint-v2), amount 42 balance 42
[2026-09-03 10:41:50][info][TransactionManager] [aea54dd3 - full: false] ChangeTransactionState: Tracking entry confirmed tx=cd010ed48638fb956a80abac1f0965a335e41d1caf688be09854a4a814491a62
[2026-09-03 10:41:50][info][TransactionManager] [aea54dd3 - full: false] OnConsensusCertificate: Standalone validator confirmed tx cd010ed48638fb956a80abac1f0965a335e41d1caf688be09854a4a814491a62 from certificate proposal_id=26ef6c755bc139eaf075b8a3da1bd4ed056ccd2c1eabc1df10afd3c168351d52
[2026-09-03 10:41:50][info][UTXOManager] Created checkpoint owner=aea54dd3f57cd7f511ffdb86c431dcbf3f982f03b7567a9ad3cdd5ecc028d6f38ef57f3867c930ec9c1e28307edb8ded0d00f61813906f1b4ac96ffbc5e5047b epoch=1 utxo_count=1
[2026-09-03 10:41:50][info][CRDTCallbackManager] Successfully registered new data callback for pattern: '^/?/bc-144/tx/[^/]+'
[2026-09-03 10:41:50][info][CRDTCallbackManager] Successfully registered deleted data callback for pattern: '^/?/bc-144/tx/[^/]+'
[2026-09-03 10:41:50][info][CRDTCallbackManager] Successfully registered new data callback for pattern: '^/?/bc-963/tx/[^/]+'
[2026-09-03 10:41:50][info][CRDTCallbackManager] Successfully registered deleted data callback for pattern: '^/?/bc-963/tx/[^/]+'
[2026-09-03 10:41:50][info][CRDTCallbackManager] Successfully registered new data callback for pattern: '^/?/bc-369/tx/[^/]+'
[2026-09-03 10:41:50][info][CRDTCallbackManager] Successfully registered deleted data callback for pattern: '^/?/bc-369/tx/[^/]+'
[2026-09-03 10:41:50.583703000][th:583447][info] GossipPubSub Adding new peer: 12D3KooWAbsctnvMU7jrTZ11AePcjW7usZyLAcSUkSwHUWsWxVvw
[2026-09-03 10:41:50.583798000][th:583447][info] GossipPubSub Adding new peer: 12D3KooWDtL6bfRRfbUcvWT4FNis5BbTa85Wxn2EwAZQdTDyFwNf
[2026-09-03 10:41:50.583870000][th:583447][info] GossipPubSub Adding new peer: 12D3KooWRZb1gAAt98afnP6es1RxZhtCNttYZo9wCcq2h8nvNPVV
[2026-09-03 10:41:50.583926000][th:582772][info] GossipPubSub Adding new peer: 12D3KooWQhTK9DWNqcjxk2LnCmgmnJQaQ2EuKPaqi8ZkomG8qyew
[2026-09-03 10:41:50.584006000][th:582772][info] GossipPubSub Adding new peer: 12D3KooWDtL6bfRRfbUcvWT4FNis5BbTa85Wxn2EwAZQdTDyFwNf
[2026-09-03 10:41:50.584072000][th:582772][info] GossipPubSub Adding new peer: 12D3KooWRZb1gAAt98afnP6es1RxZhtCNttYZo9wCcq2h8nvNPVV
[2026-09-03 10:41:50.584133000][th:582809][info] GossipPubSub Adding new peer: 12D3KooWQhTK9DWNqcjxk2LnCmgmnJQaQ2EuKPaqi8ZkomG8qyew
[2026-09-03 10:41:50.584203000][th:582809][info] GossipPubSub Adding new peer: 12D3KooWAbsctnvMU7jrTZ11AePcjW7usZyLAcSUkSwHUWsWxVvw
[2026-09-03 10:41:50.584273000][th:582809][info] GossipPubSub Adding new peer: 12D3KooWRZb1gAAt98afnP6es1RxZhtCNttYZo9wCcq2h8nvNPVV
[2026-09-03 10:41:50.584345000][th:582835][info] GossipPubSub Adding new peer: 12D3KooWQhTK9DWNqcjxk2LnCmgmnJQaQ2EuKPaqi8ZkomG8qyew
[2026-09-03 10:41:50.584415000][th:582835][info] GossipPubSub Adding new peer: 12D3KooWAbsctnvMU7jrTZ11AePcjW7usZyLAcSUkSwHUWsWxVvw
[2026-09-03 10:41:50.584485000][th:582835][info] GossipPubSub Adding new peer: 12D3KooWDtL6bfRRfbUcvWT4FNis5BbTa85Wxn2EwAZQdTDyFwNf
[2026-09-03 10:41:50][info][CRDTCallbackManager] Successfully unregistered new data callback for pattern: '^/?/bc-144/tx/[^/]+'
[2026-09-03 10:41:50][info][CRDTCallbackManager] Successfully unregistered deleted data callback for pattern: '^/?/bc-144/tx/[^/]+'
[2026-09-03 10:41:50][info][CRDTCallbackManager] Successfully unregistered new data callback for pattern: '^/?/bc-963/tx/[^/]+'
[2026-09-03 10:41:50][info][CRDTCallbackManager] Successfully unregistered deleted data callback for pattern: '^/?/bc-963/tx/[^/]+'
[2026-09-03 10:41:50][info][CRDTCallbackManager] Successfully unregistered new data callback for pattern: '^/?/bc-369/tx/[^/]+'
[2026-09-03 10:41:50][info][CRDTCallbackManager] Successfully unregistered deleted data callback for pattern: '^/?/bc-369/tx/[^/]+'
[2026-09-03 10:41:50][info][TransactionManager] [aea54dd3 - full: false] ~TransactionManager: Metrics — cert_fallback(success=1 failure=0) validation(approve=0 reject=0) tracking(insert=0 confirm=1 fail=0)
[2026-09-03 10:41:50][info][Blockchain] [aea54dd3] Stopping blockchain
[2026-09-03 10:41:50][info][CRDTCallbackManager] Successfully unregistered new data callback for pattern: '/?gnus-genesis-block'
[2026-09-03 10:41:50][info][CRDTCallbackManager] Successfully unregistered new data callback for pattern: '/?gnus-account-creation-.*'
[2026-09-03 10:41:50][info][CRDTCallbackManager] Successfully unregistered new data callback for pattern: '/?gnus-validator-registry'
[2026-09-03 10:41:50][debug][GlobalDB] ~GlobalDB CALLED with count 6 on multi_node_finality_fault/restart-mint-validator-one/rocksdb 
[2026-09-03 10:41:50][info][GlobalDB] GlobalDB shutdown start
[2026-09-03 10:41:50][info][CrdtDatastore] CancelAndCloseNow: begin (pending_jobs=0, self_queue=0, root_queue=0, pending_roots=0, active_root=false)
[2026-09-03 10:41:50][debug][GraphsyncDAGSyncer] Stopping Dagsyncer
[2026-09-03 10:41:50][debug][GraphsyncDAGSyncer] Dagsyncer Stopped
[2026-09-03 10:41:51][info][CrdtDatastore] CancelAndCloseNow: CRDT workers stopped
[2026-09-03 10:41:51][warning][CrdtDatastore] CancelAndCloseNow called but shutdown has already started
[2026-09-03 10:41:51][debug][GraphsyncDAGSyncer] ~GraphsyncDAGSyncer CALLED
[2026-09-03 10:41:51][info][GlobalDB] GlobalDB shutdown finished
[2026-09-03 10:41:51.047903000][th:583447][error] GossipPubSub Address monitoring timer error: Operation canceled
[2026-09-03 10:41:52][info][KeyPairFileStorage] Path to keypairs multi_node_finality_fault/restart-mint-validator-one/keypair
[2026-09-03 10:41:52][info][KeyPairFileStorage] Peer ID from public key: 12D3KooWQhTK9DWNqcjxk2LnCmgmnJQaQ2EuKPaqi8ZkomG8qyew
Current limits: 16384 (soft), 9223372036854775807 (hard)
New limits set successfully: 16384 (soft), 9223372036854775807 (hard)
Initialized relay addresses
[2026-09-03 10:41:52.051735000][th:578917][info] GossipPubSub /ip4/0.0.0.0/tcp/54621/p2p/12D3KooWQhTK9DWNqcjxk2LnCmgmnJQaQ2EuKPaqi8ZkomG8qyew: Starting PubSub service
[2026-09-03 10:41:52.051827000][th:583616][info] GossipPubSub Starting address monitoring system for mobile network changes
[2026-09-03 10:41:52.051829000][th:583616][info] GossipPubSub === CURRENT NETWORK STATE ===
[2026-09-03 10:41:52.051838000][th:583616][info] GossipPubSub Primary listening address: /ip4/0.0.0.0/tcp/54621/p2p/12D3KooWQhTK9DWNqcjxk2LnCmgmnJQaQ2EuKPaqi8ZkomG8qyew
[2026-09-03 10:41:52.051840000][th:583616][info] GossipPubSub Host peer info addresses (0):
[2026-09-03 10:41:52.051841000][th:583616][info] GossipPubSub Additional addresses we track (0):
[2026-09-03 10:41:52.051842000][th:583616][info] GossipPubSub Listening addresses (1):
[2026-09-03 10:41:52.051843000][th:583616][info] GossipPubSub   -> /ip4/0.0.0.0/tcp/54621/p2p/12D3KooWQhTK9DWNqcjxk2LnCmgmnJQaQ2EuKPaqi8ZkomG8qyew
[2026-09-03 10:41:52.051844000][th:583616][info] GossipPubSub Interface addresses (0):
[2026-09-03 10:41:52.051849000][th:583616][info] GossipPubSub === RAW OBSERVED ADDRESS DEBUG ===
[2026-09-03 10:41:52.051853000][th:583616][info] GossipPubSub Local address: /ip4/0.0.0.0/tcp/54621/p2p/12D3KooWQhTK9DWNqcjxk2LnCmgmnJQaQ2EuKPaqi8ZkomG8qyew -> 0 raw observed, 0 activated+confirmed
[2026-09-03 10:41:52.051855000][th:583616][info] GossipPubSub TOTAL: 0 raw observed addresses, 0 activated+confirmed addresses
[2026-09-03 10:41:52.051856000][th:583616][info] GossipPubSub === END RAW OBSERVED ADDRESS DEBUG ===
[2026-09-03 10:41:52.051857000][th:583616][info] GossipPubSub Observed addresses - all (0):
[2026-09-03 10:41:52.051858000][th:583616][info] GossipPubSub Observed addresses - confirmed only (0):
[2026-09-03 10:41:52.051859000][th:583616][info] GossipPubSub Relay addresses (0):
[2026-09-03 10:41:52.051861000][th:583616][warning] GossipPubSub Failed to get addresses from peer repository: not found
[2026-09-03 10:41:52.051909000][th:583616][info] GossipPubSub Found 1 valid network interfaces
[2026-09-03 10:41:52.051911000][th:583616][info] GossipPubSub Current network interfaces (1):
[2026-09-03 10:41:52.051911000][th:583616][info] GossipPubSub   -> 192.168.1.6
[2026-09-03 10:41:52.051913000][th:583616][info] GossipPubSub Active connections: 0
[2026-09-03 10:41:52.051913000][th:583616][info] GossipPubSub === PEER CONNECTION DETAILS ===
[2026-09-03 10:41:52.051914000][th:583616][info] GossipPubSub NOTE: Observed addresses need to be seen by 4+ different peer groups to become 'activated'
[2026-09-03 10:41:52.051915000][th:583616][info] GossipPubSub NOTE: Current connections: 0, so max possible observers: 0
[2026-09-03 10:41:52.051916000][th:583616][info] GossipPubSub === END PEER CONNECTION DETAILS ===
[2026-09-03 10:41:52.051917000][th:583616][info] GossipPubSub Connection manager stats:
[2026-09-03 10:41:52.051918000][th:583616][info] GossipPubSub   -> Max connections: 1000
[2026-09-03 10:41:52.051918000][th:583616][info] GossipPubSub   -> Current connections: 0
[2026-09-03 10:41:52.051919000][th:583616][info] GossipPubSub === END NETWORK STATE ===
[2026-09-03 10:41:52.052089000][th:583616][info] GossipPubSub /ip4/0.0.0.0/tcp/54621/p2p/12D3KooWQhTK9DWNqcjxk2LnCmgmnJQaQ2EuKPaqi8ZkomG8qyew : PubSub service started
[2026-09-03 10:41:52][info][GlobalDB] Opening database /Users/henriqueklein/gnus/SuperGenius/multi_node_finality_fault/restart-mint-validator-one/rocksdb
[2026-09-03 10:41:52][debug][GraphsyncDAGSyncer] GraphSyncer created 5266675560 
[2026-09-03 10:41:52][info][CrdtDatastore] crdt Datastore created. Number of heads: 2 Current max-height: 18446744073709551615
[2026-09-03 10:41:52][info][GeniusAccount] Secure storage ID path: /Users/henriqueklein/gnus/SuperGenius/multi_node_finality_fault/restart-mint-validator-one/account/secure_storage_id
[2026-09-03 10:41:52][info][GeniusAccount] Loaded public key from file: aea54dd3f57cd7f5... (length: 128)
[2026-09-03 10:41:52][info][GeniusAccount] Successfully loaded key_seed from storage
[2026-09-03 10:41:52][info][GeniusAccount] Validation successful: key_seed matches stored public key
[2026-09-03 10:41:52][warning][UTXOManager] Skipping malformed UTXO key /utxo-checkpoint/aea54dd3f57cd7f511ffdb86c431dcbf3f982f03b7567a9ad3cdd5ecc028d6f38ef57f3867c930ec9c1e28307edb8ded0d00f61813906f1b4ac96ffbc5e5047b/1
[2026-09-03 10:41:52][warning][UTXOManager] Skipping malformed UTXO key /utxo-checkpoint/aea54dd3f57cd7f511ffdb86c431dcbf3f982f03b7567a9ad3cdd5ecc028d6f38ef57f3867c930ec9c1e28307edb8ded0d00f61813906f1b4ac96ffbc5e5047b/latest
[2026-09-03 10:41:52][info][Blockchain] [aea54dd3] Blockchain instance created with authorized full node: 8a33bdf1
[2026-09-03 10:41:52][info][ValidatorRegistry] InitializeCache: cache initialized with CID QmYFyZqsPbTugzYCeaCz1jgj7WSaPVYaMfgigZL1NMXHwM
[2026-09-03 10:41:52][info][CRDTCallbackManager] Successfully registered new data callback for pattern: '/?gnus-validator-registry'
[2026-09-03 10:41:52][info][ValidatorRegistry] RegisterFilter: result=true
[2026-09-03 10:41:52][info][ValidatorRegistry] New: instance ready
[2026-09-03 10:41:52.074898000][th:583616][info] GossipPubSub /ip4/0.0.0.0/tcp/54621/p2p/12D3KooWQhTK9DWNqcjxk2LnCmgmnJQaQ2EuKPaqi8ZkomG8qyew: PubSub subscribed to topic 'gnus-validator-registry.3.7.144'
[2026-09-03 10:41:52][info][CRDTCallbackManager] Successfully registered new data callback for pattern: '^/?cert/[^/]+'
[2026-09-03 10:41:52.074928000][th:583616][info] GossipPubSub /ip4/0.0.0.0/tcp/54621/p2p/12D3KooWQhTK9DWNqcjxk2LnCmgmnJQaQ2EuKPaqi8ZkomG8qyew: PubSub subscribed to topic 'consensus-channel-.3.7.144'
[2026-09-03 10:41:52.074948000][th:583616][info] GossipPubSub /ip4/0.0.0.0/tcp/54621/p2p/12D3KooWQhTK9DWNqcjxk2LnCmgmnJQaQ2EuKPaqi8ZkomG8qyew: PubSub subscribed to topic 'consensus-channel-.3.7.144#datastore.3.7.144'
[2026-09-03 10:41:52][info][CRDTCallbackManager] Successfully registered new data callback for pattern: '/?gnus-genesis-block'
[2026-09-03 10:41:52][info][CRDTCallbackManager] Successfully registered new data callback for pattern: '/?gnus-account-creation-.*'
[2026-09-03 10:41:52][info][CRDTCallbackManager] Successfully registered new data callback for pattern: '^/?/bc-144/tx/[^/]+'
[2026-09-03 10:41:52][info][CRDTCallbackManager] Successfully registered deleted data callback for pattern: '^/?/bc-144/tx/[^/]+'
[2026-09-03 10:41:52][info][CRDTCallbackManager] Successfully registered new data callback for pattern: '^/?/bc-963/tx/[^/]+'
[2026-09-03 10:41:52][info][CRDTCallbackManager] Successfully registered deleted data callback for pattern: '^/?/bc-963/tx/[^/]+'
[2026-09-03 10:41:52][info][CRDTCallbackManager] Successfully registered new data callback for pattern: '^/?/bc-369/tx/[^/]+'
[2026-09-03 10:41:52][info][CRDTCallbackManager] Successfully registered deleted data callback for pattern: '^/?/bc-369/tx/[^/]+'
[2026-09-03 10:41:52][info][CRDTCallbackManager] Successfully unregistered new data callback for pattern: '^/?/bc-144/tx/[^/]+'
[2026-09-03 10:41:52][info][CRDTCallbackManager] Successfully unregistered deleted data callback for pattern: '^/?/bc-144/tx/[^/]+'
[2026-09-03 10:41:52][info][CRDTCallbackManager] Successfully unregistered new data callback for pattern: '^/?/bc-963/tx/[^/]+'
[2026-09-03 10:41:52][info][CRDTCallbackManager] Successfully unregistered deleted data callback for pattern: '^/?/bc-963/tx/[^/]+'
[2026-09-03 10:41:52][info][CRDTCallbackManager] Successfully unregistered new data callback for pattern: '^/?/bc-369/tx/[^/]+'
[2026-09-03 10:41:52][info][CRDTCallbackManager] Successfully unregistered deleted data callback for pattern: '^/?/bc-369/tx/[^/]+'
[2026-09-03 10:41:52][info][TransactionManager] [b221be13 - full: false] ~TransactionManager: Metrics — cert_fallback(success=0 failure=0) validation(approve=1 reject=0) tracking(insert=1 confirm=1 fail=0)
[2026-09-03 10:41:52][info][Blockchain] [b221be13] Stopping blockchain
[2026-09-03 10:41:52][info][CRDTCallbackManager] Successfully unregistered new data callback for pattern: '/?gnus-genesis-block'
[2026-09-03 10:41:52][info][CRDTCallbackManager] Successfully unregistered new data callback for pattern: '/?gnus-account-creation-.*'
[2026-09-03 10:41:52][info][CRDTCallbackManager] Successfully unregistered new data callback for pattern: '/?gnus-validator-registry'
[2026-09-03 10:41:52][debug][GlobalDB] ~GlobalDB CALLED with count 6 on multi_node_finality_fault/restart-mint-validator-two/rocksdb 
[2026-09-03 10:41:52][info][GlobalDB] GlobalDB shutdown start
[2026-09-03 10:41:52][info][CrdtDatastore] CancelAndCloseNow: begin (pending_jobs=1, self_queue=0, root_queue=0, pending_roots=0, active_root=false)
[2026-09-03 10:41:52][debug][GraphsyncDAGSyncer] Stopping Dagsyncer
[2026-09-03 10:41:52][debug][GraphsyncDAGSyncer] Dagsyncer Stopped
[2026-09-03 10:41:52.075536000][th:582835][error] graphsync Varint Error msg=Stream: closed by remote peer
[2026-09-03 10:41:52.075536000][th:582809][error] graphsync Varint Error msg=Stream: closed by remote peer
[2026-09-03 10:41:52.075542000][th:582835][info] graphsync stream read error, peer=sWxVvw, msg=stream is not readable
[2026-09-03 10:41:52.075545000][th:582809][info] graphsync stream read error, peer=sWxVvw, msg=stream is not readable
[2026-09-03 10:41:52.075630000][th:582772][error] graphsync Varint Error msg=Stream: closed by this host
[2026-09-03 10:41:52.075662000][th:582772][error] graphsync Varint Error msg=Stream: closed by this host
[2026-09-03 10:41:52][info][CrdtDatastore] CancelAndCloseNow: CRDT workers stopped
[2026-09-03 10:41:52][warning][CrdtDatastore] CancelAndCloseNow called but shutdown has already started
[2026-09-03 10:41:52][debug][GraphsyncDAGSyncer] ~GraphsyncDAGSyncer CALLED
[2026-09-03 10:41:52][info][GlobalDB] GlobalDB shutdown finished
[2026-09-03 10:41:52.081995000][th:582772][error] GossipPubSub Address monitoring timer error: Operation canceled
[2026-09-03 10:41:53][info][KeyPairFileStorage] Path to keypairs multi_node_finality_fault/restart-mint-validator-two/keypair
[2026-09-03 10:41:53][info][KeyPairFileStorage] Peer ID from public key: 12D3KooWAbsctnvMU7jrTZ11AePcjW7usZyLAcSUkSwHUWsWxVvw
Current limits: 16384 (soft), 9223372036854775807 (hard)
New limits set successfully: 16384 (soft), 9223372036854775807 (hard)
Initialized relay addresses
[2026-09-03 10:41:53.096779000][th:578917][info] GossipPubSub /ip4/0.0.0.0/tcp/54622/p2p/12D3KooWAbsctnvMU7jrTZ11AePcjW7usZyLAcSUkSwHUWsWxVvw: Starting PubSub service
[2026-09-03 10:41:53.097006000][th:583719][info] GossipPubSub Starting address monitoring system for mobile network changes
[2026-09-03 10:41:53.097015000][th:583719][info] GossipPubSub === CURRENT NETWORK STATE ===
[2026-09-03 10:41:53.097033000][th:583719][info] GossipPubSub Primary listening address: /ip4/0.0.0.0/tcp/54622/p2p/12D3KooWAbsctnvMU7jrTZ11AePcjW7usZyLAcSUkSwHUWsWxVvw
[2026-09-03 10:41:53.097036000][th:583719][info] GossipPubSub Host peer info addresses (0):
[2026-09-03 10:41:53.097037000][th:583719][info] GossipPubSub Additional addresses we track (0):
[2026-09-03 10:41:53.097039000][th:583719][info] GossipPubSub Listening addresses (1):
[2026-09-03 10:41:53.097040000][th:583719][info] GossipPubSub   -> /ip4/0.0.0.0/tcp/54622/p2p/12D3KooWAbsctnvMU7jrTZ11AePcjW7usZyLAcSUkSwHUWsWxVvw
[2026-09-03 10:41:53.097042000][th:583719][info] GossipPubSub Interface addresses (0):
[2026-09-03 10:41:53.097043000][th:583719][info] GossipPubSub === RAW OBSERVED ADDRESS DEBUG ===
[2026-09-03 10:41:53.097046000][th:583719][info] GossipPubSub Local address: /ip4/0.0.0.0/tcp/54622/p2p/12D3KooWAbsctnvMU7jrTZ11AePcjW7usZyLAcSUkSwHUWsWxVvw -> 0 raw observed, 0 activated+confirmed
[2026-09-03 10:41:53.097048000][th:583719][info] GossipPubSub TOTAL: 0 raw observed addresses, 0 activated+confirmed addresses
[2026-09-03 10:41:53.097050000][th:583719][info] GossipPubSub === END RAW OBSERVED ADDRESS DEBUG ===
[2026-09-03 10:41:53.097051000][th:583719][info] GossipPubSub Observed addresses - all (0):
[2026-09-03 10:41:53.097052000][th:583719][info] GossipPubSub Observed addresses - confirmed only (0):
[2026-09-03 10:41:53.097053000][th:583719][info] GossipPubSub Relay addresses (0):
[2026-09-03 10:41:53.097057000][th:583719][warning] GossipPubSub Failed to get addresses from peer repository: not found
[2026-09-03 10:41:53.097149000][th:583719][info] GossipPubSub Found 1 valid network interfaces
[2026-09-03 10:41:53.097157000][th:583719][info] GossipPubSub Current network interfaces (1):
[2026-09-03 10:41:53.097159000][th:583719][info] GossipPubSub   -> 192.168.1.6
[2026-09-03 10:41:53.097161000][th:583719][info] GossipPubSub Active connections: 0
[2026-09-03 10:41:53.097162000][th:583719][info] GossipPubSub === PEER CONNECTION DETAILS ===
[2026-09-03 10:41:53.097163000][th:583719][info] GossipPubSub NOTE: Observed addresses need to be seen by 4+ different peer groups to become 'activated'
[2026-09-03 10:41:53.097167000][th:583719][info] GossipPubSub NOTE: Current connections: 0, so max possible observers: 0
[2026-09-03 10:41:53.097168000][th:583719][info] GossipPubSub === END PEER CONNECTION DETAILS ===
[2026-09-03 10:41:53.097169000][th:583719][info] GossipPubSub Connection manager stats:
[2026-09-03 10:41:53.097170000][th:583719][info] GossipPubSub   -> Max connections: 1000
[2026-09-03 10:41:53.097171000][th:583719][info] GossipPubSub   -> Current connections: 0
[2026-09-03 10:41:53.097172000][th:583719][info] GossipPubSub === END NETWORK STATE ===
[2026-09-03 10:41:53.097609000][th:583719][info] GossipPubSub /ip4/0.0.0.0/tcp/54622/p2p/12D3KooWAbsctnvMU7jrTZ11AePcjW7usZyLAcSUkSwHUWsWxVvw : PubSub service started
[2026-09-03 10:41:53][info][GlobalDB] Opening database /Users/henriqueklein/gnus/SuperGenius/multi_node_finality_fault/restart-mint-validator-two/rocksdb
[2026-09-03 10:41:53][debug][GraphsyncDAGSyncer] GraphSyncer created 4731266376 
[2026-09-03 10:41:53][info][CrdtDatastore] crdt Datastore created. Number of heads: 2 Current max-height: 18446744073709551615
[2026-09-03 10:41:53][info][GeniusAccount] Secure storage ID path: /Users/henriqueklein/gnus/SuperGenius/multi_node_finality_fault/restart-mint-validator-two/account/secure_storage_id
[2026-09-03 10:41:53][info][GeniusAccount] Loaded public key from file: b221be133f4ab794... (length: 128)
[2026-09-03 10:41:53][info][GeniusAccount] Successfully loaded key_seed from storage
[2026-09-03 10:41:53][info][GeniusAccount] Validation successful: key_seed matches stored public key
[2026-09-03 10:41:53][warning][UTXOManager] Skipping malformed UTXO key /utxo-checkpoint/b221be133f4ab7949db7637483f6012a55b393b47e515dabf83cd166919643f53d638b35e7f0df1f4179b9c4f2c274b33e1d122537864cc0b95c0b54681ae87e/1
[2026-09-03 10:41:53][warning][UTXOManager] Skipping malformed UTXO key /utxo-checkpoint/b221be133f4ab7949db7637483f6012a55b393b47e515dabf83cd166919643f53d638b35e7f0df1f4179b9c4f2c274b33e1d122537864cc0b95c0b54681ae87e/latest
[2026-09-03 10:41:53][info][Blockchain] [b221be13] Blockchain instance created with authorized full node: 8a33bdf1
[2026-09-03 10:41:53][info][ValidatorRegistry] InitializeCache: cache initialized with CID QmYFyZqsPbTugzYCeaCz1jgj7WSaPVYaMfgigZL1NMXHwM
[2026-09-03 10:41:53][info][CRDTCallbackManager] Successfully registered new data callback for pattern: '/?gnus-validator-registry'
[2026-09-03 10:41:53][info][ValidatorRegistry] RegisterFilter: result=true
[2026-09-03 10:41:53][info][ValidatorRegistry] New: instance ready
[2026-09-03 10:41:53.134140000][th:583719][info] GossipPubSub /ip4/0.0.0.0/tcp/54622/p2p/12D3KooWAbsctnvMU7jrTZ11AePcjW7usZyLAcSUkSwHUWsWxVvw: PubSub subscribed to topic 'gnus-validator-registry.3.7.144'
[2026-09-03 10:41:53.134176000][th:583719][info] GossipPubSub /ip4/0.0.0.0/tcp/54622/p2p/12D3KooWAbsctnvMU7jrTZ11AePcjW7usZyLAcSUkSwHUWsWxVvw: PubSub subscribed to topic 'consensus-channel-.3.7.144'
[2026-09-03 10:41:53][info][CRDTCallbackManager] Successfully registered new data callback for pattern: '^/?cert/[^/]+'
[2026-09-03 10:41:53.134211000][th:583719][info] GossipPubSub /ip4/0.0.0.0/tcp/54622/p2p/12D3KooWAbsctnvMU7jrTZ11AePcjW7usZyLAcSUkSwHUWsWxVvw: PubSub subscribed to topic 'consensus-channel-.3.7.144#datastore.3.7.144'
[2026-09-03 10:41:53][info][CRDTCallbackManager] Successfully registered new data callback for pattern: '/?gnus-genesis-block'
[2026-09-03 10:41:53][info][CRDTCallbackManager] Successfully registered new data callback for pattern: '/?gnus-account-creation-.*'
[2026-09-03 10:41:53][info][CRDTCallbackManager] Successfully registered new data callback for pattern: '^/?/bc-144/tx/[^/]+'
[2026-09-03 10:41:53][info][CRDTCallbackManager] Successfully registered deleted data callback for pattern: '^/?/bc-144/tx/[^/]+'
[2026-09-03 10:41:53][info][CRDTCallbackManager] Successfully registered new data callback for pattern: '^/?/bc-963/tx/[^/]+'
[2026-09-03 10:41:53][info][CRDTCallbackManager] Successfully registered deleted data callback for pattern: '^/?/bc-963/tx/[^/]+'
[2026-09-03 10:41:53][info][CRDTCallbackManager] Successfully registered new data callback for pattern: '^/?/bc-369/tx/[^/]+'
[2026-09-03 10:41:53][info][CRDTCallbackManager] Successfully registered deleted data callback for pattern: '^/?/bc-369/tx/[^/]+'
[2026-09-03 10:41:53][info][CRDTCallbackManager] Successfully unregistered new data callback for pattern: '^/?/bc-144/tx/[^/]+'
[2026-09-03 10:41:53][info][CRDTCallbackManager] Successfully unregistered deleted data callback for pattern: '^/?/bc-144/tx/[^/]+'
[2026-09-03 10:41:53][info][CRDTCallbackManager] Successfully unregistered new data callback for pattern: '^/?/bc-963/tx/[^/]+'
[2026-09-03 10:41:53][info][CRDTCallbackManager] Successfully unregistered deleted data callback for pattern: '^/?/bc-963/tx/[^/]+'
[2026-09-03 10:41:53][info][CRDTCallbackManager] Successfully unregistered new data callback for pattern: '^/?/bc-369/tx/[^/]+'
[2026-09-03 10:41:53][info][CRDTCallbackManager] Successfully unregistered deleted data callback for pattern: '^/?/bc-369/tx/[^/]+'
[2026-09-03 10:41:53][info][TransactionManager] [f131607e - full: false] ~TransactionManager: Metrics — cert_fallback(success=0 failure=0) validation(approve=1 reject=0) tracking(insert=1 confirm=1 fail=0)
[2026-09-03 10:41:53][info][Blockchain] [f131607e] Stopping blockchain
[2026-09-03 10:41:53][info][CRDTCallbackManager] Successfully unregistered new data callback for pattern: '/?gnus-genesis-block'
[2026-09-03 10:41:53][info][CRDTCallbackManager] Successfully unregistered new data callback for pattern: '/?gnus-account-creation-.*'
[2026-09-03 10:41:53][info][CRDTCallbackManager] Successfully unregistered new data callback for pattern: '/?gnus-validator-registry'
[2026-09-03 10:41:53][debug][GlobalDB] ~GlobalDB CALLED with count 6 on multi_node_finality_fault/restart-mint-validator-three/rocksdb 
[2026-09-03 10:41:53][info][GlobalDB] GlobalDB shutdown start
[2026-09-03 10:41:53][info][CrdtDatastore] CancelAndCloseNow: begin (pending_jobs=1, self_queue=0, root_queue=0, pending_roots=0, active_root=false)
[2026-09-03 10:41:53][debug][GraphsyncDAGSyncer] Stopping Dagsyncer
[2026-09-03 10:41:53][debug][GraphsyncDAGSyncer] Dagsyncer Stopped
[2026-09-03 10:41:53][info][CrdtDatastore] CancelAndCloseNow: CRDT workers stopped
[2026-09-03 10:41:53][warning][CrdtDatastore] CancelAndCloseNow called but shutdown has already started
[2026-09-03 10:41:53][debug][GraphsyncDAGSyncer] ~GraphsyncDAGSyncer CALLED
[2026-09-03 10:41:53][info][GlobalDB] GlobalDB shutdown finished
[2026-09-03 10:41:53.635565000][th:582809][error] GossipPubSub Address monitoring timer error: Operation canceled
[2026-09-03 10:41:54][info][KeyPairFileStorage] Path to keypairs multi_node_finality_fault/restart-mint-validator-three/keypair
[2026-09-03 10:41:54][info][KeyPairFileStorage] Peer ID from public key: 12D3KooWDtL6bfRRfbUcvWT4FNis5BbTa85Wxn2EwAZQdTDyFwNf
Current limits: 16384 (soft), 9223372036854775807 (hard)
New limits set successfully: 16384 (soft), 9223372036854775807 (hard)
Initialized relay addresses
[2026-09-03 10:41:54.639574000][th:578917][info] GossipPubSub /ip4/0.0.0.0/tcp/54623/p2p/12D3KooWDtL6bfRRfbUcvWT4FNis5BbTa85Wxn2EwAZQdTDyFwNf: Starting PubSub service
[2026-09-03 10:41:54.639651000][th:583846][info] GossipPubSub Starting address monitoring system for mobile network changes
[2026-09-03 10:41:54.639653000][th:583846][info] GossipPubSub === CURRENT NETWORK STATE ===
[2026-09-03 10:41:54.639661000][th:583846][info] GossipPubSub Primary listening address: /ip4/0.0.0.0/tcp/54623/p2p/12D3KooWDtL6bfRRfbUcvWT4FNis5BbTa85Wxn2EwAZQdTDyFwNf
[2026-09-03 10:41:54.639663000][th:583846][info] GossipPubSub Host peer info addresses (0):
[2026-09-03 10:41:54.639664000][th:583846][info] GossipPubSub Additional addresses we track (0):
[2026-09-03 10:41:54.639665000][th:583846][info] GossipPubSub Listening addresses (1):
[2026-09-03 10:41:54.639666000][th:583846][info] GossipPubSub   -> /ip4/0.0.0.0/tcp/54623/p2p/12D3KooWDtL6bfRRfbUcvWT4FNis5BbTa85Wxn2EwAZQdTDyFwNf
[2026-09-03 10:41:54.639671000][th:583846][info] GossipPubSub Interface addresses (0):
[2026-09-03 10:41:54.639672000][th:583846][info] GossipPubSub === RAW OBSERVED ADDRESS DEBUG ===
[2026-09-03 10:41:54.639674000][th:583846][info] GossipPubSub Local address: /ip4/0.0.0.0/tcp/54623/p2p/12D3KooWDtL6bfRRfbUcvWT4FNis5BbTa85Wxn2EwAZQdTDyFwNf -> 0 raw observed, 0 activated+confirmed
[2026-09-03 10:41:54.639676000][th:583846][info] GossipPubSub TOTAL: 0 raw observed addresses, 0 activated+confirmed addresses
[2026-09-03 10:41:54.639676000][th:583846][info] GossipPubSub === END RAW OBSERVED ADDRESS DEBUG ===
[2026-09-03 10:41:54.639677000][th:583846][info] GossipPubSub Observed addresses - all (0):
[2026-09-03 10:41:54.639678000][th:583846][info] GossipPubSub Observed addresses - confirmed only (0):
[2026-09-03 10:41:54.639679000][th:583846][info] GossipPubSub Relay addresses (0):
[2026-09-03 10:41:54.639681000][th:583846][warning] GossipPubSub Failed to get addresses from peer repository: not found
[2026-09-03 10:41:54.639721000][th:583846][info] GossipPubSub Found 1 valid network interfaces
[2026-09-03 10:41:54.639722000][th:583846][info] GossipPubSub Current network interfaces (1):
[2026-09-03 10:41:54.639723000][th:583846][info] GossipPubSub   -> 192.168.1.6
[2026-09-03 10:41:54.639724000][th:583846][info] GossipPubSub Active connections: 0
[2026-09-03 10:41:54.639725000][th:583846][info] GossipPubSub === PEER CONNECTION DETAILS ===
[2026-09-03 10:41:54.639726000][th:583846][info] GossipPubSub NOTE: Observed addresses need to be seen by 4+ different peer groups to become 'activated'
[2026-09-03 10:41:54.639727000][th:583846][info] GossipPubSub NOTE: Current connections: 0, so max possible observers: 0
[2026-09-03 10:41:54.639728000][th:583846][info] GossipPubSub === END PEER CONNECTION DETAILS ===
[2026-09-03 10:41:54.639728000][th:583846][info] GossipPubSub Connection manager stats:
[2026-09-03 10:41:54.639729000][th:583846][info] GossipPubSub   -> Max connections: 1000
[2026-09-03 10:41:54.639730000][th:583846][info] GossipPubSub   -> Current connections: 0
[2026-09-03 10:41:54.639730000][th:583846][info] GossipPubSub === END NETWORK STATE ===
[2026-09-03 10:41:54.639867000][th:583846][info] GossipPubSub /ip4/0.0.0.0/tcp/54623/p2p/12D3KooWDtL6bfRRfbUcvWT4FNis5BbTa85Wxn2EwAZQdTDyFwNf : PubSub service started
[2026-09-03 10:41:54][info][GlobalDB] Opening database /Users/henriqueklein/gnus/SuperGenius/multi_node_finality_fault/restart-mint-validator-three/rocksdb
[2026-09-03 10:41:54][debug][GraphsyncDAGSyncer] GraphSyncer created 5266671224 
[2026-09-03 10:41:54][info][CrdtDatastore] crdt Datastore created. Number of heads: 2 Current max-height: 18446744073709551615
[2026-09-03 10:41:54][info][GeniusAccount] Secure storage ID path: /Users/henriqueklein/gnus/SuperGenius/multi_node_finality_fault/restart-mint-validator-three/account/secure_storage_id
[2026-09-03 10:41:54][info][GeniusAccount] Loaded public key from file: f131607e27d0898b... (length: 128)
[2026-09-03 10:41:54][info][GeniusAccount] Successfully loaded key_seed from storage
[2026-09-03 10:41:54][info][GeniusAccount] Validation successful: key_seed matches stored public key
[2026-09-03 10:41:54][warning][UTXOManager] Skipping malformed UTXO key /utxo-checkpoint/f131607e27d0898ba93b51e97c7b83f30650ed4e04a4ed9713a07133c4750bc59f427a54d9af86c887a41ca6f3af237443cbee1b483e9b1e54baae85547c8be7/1
[2026-09-03 10:41:54][warning][UTXOManager] Skipping malformed UTXO key /utxo-checkpoint/f131607e27d0898ba93b51e97c7b83f30650ed4e04a4ed9713a07133c4750bc59f427a54d9af86c887a41ca6f3af237443cbee1b483e9b1e54baae85547c8be7/latest
[2026-09-03 10:41:54][info][Blockchain] [f131607e] Blockchain instance created with authorized full node: 8a33bdf1
[2026-09-03 10:41:54][info][ValidatorRegistry] InitializeCache: cache initialized with CID QmYFyZqsPbTugzYCeaCz1jgj7WSaPVYaMfgigZL1NMXHwM
[2026-09-03 10:41:54][info][CRDTCallbackManager] Successfully registered new data callback for pattern: '/?gnus-validator-registry'
[2026-09-03 10:41:54][info][ValidatorRegistry] RegisterFilter: result=true
[2026-09-03 10:41:54][info][ValidatorRegistry] New: instance ready
[2026-09-03 10:41:54.665161000][th:583846][info] GossipPubSub /ip4/0.0.0.0/tcp/54623/p2p/12D3KooWDtL6bfRRfbUcvWT4FNis5BbTa85Wxn2EwAZQdTDyFwNf: PubSub subscribed to topic 'gnus-validator-registry.3.7.144'
[2026-09-03 10:41:54][info][CRDTCallbackManager] Successfully registered new data callback for pattern: '^/?cert/[^/]+'
[2026-09-03 10:41:54.665186000][th:583846][info] GossipPubSub /ip4/0.0.0.0/tcp/54623/p2p/12D3KooWDtL6bfRRfbUcvWT4FNis5BbTa85Wxn2EwAZQdTDyFwNf: PubSub subscribed to topic 'consensus-channel-.3.7.144'
[2026-09-03 10:41:54.665205000][th:583846][info] GossipPubSub /ip4/0.0.0.0/tcp/54623/p2p/12D3KooWDtL6bfRRfbUcvWT4FNis5BbTa85Wxn2EwAZQdTDyFwNf: PubSub subscribed to topic 'consensus-channel-.3.7.144#datastore.3.7.144'
[2026-09-03 10:41:54][info][CRDTCallbackManager] Successfully registered new data callback for pattern: '/?gnus-genesis-block'
[2026-09-03 10:41:54][info][CRDTCallbackManager] Successfully registered new data callback for pattern: '/?gnus-account-creation-.*'
[2026-09-03 10:41:54][info][CRDTCallbackManager] Successfully registered new data callback for pattern: '^/?/bc-144/tx/[^/]+'
[2026-09-03 10:41:54][info][CRDTCallbackManager] Successfully registered deleted data callback for pattern: '^/?/bc-144/tx/[^/]+'
[2026-09-03 10:41:54][info][CRDTCallbackManager] Successfully registered new data callback for pattern: '^/?/bc-963/tx/[^/]+'
[2026-09-03 10:41:54][info][CRDTCallbackManager] Successfully registered deleted data callback for pattern: '^/?/bc-963/tx/[^/]+'
[2026-09-03 10:41:54][info][CRDTCallbackManager] Successfully registered new data callback for pattern: '^/?/bc-369/tx/[^/]+'
[2026-09-03 10:41:54][info][CRDTCallbackManager] Successfully registered deleted data callback for pattern: '^/?/bc-369/tx/[^/]+'
[2026-09-03 10:41:54][info][CRDTCallbackManager] Successfully unregistered new data callback for pattern: '^/?/bc-144/tx/[^/]+'
[2026-09-03 10:41:54][info][CRDTCallbackManager] Successfully unregistered deleted data callback for pattern: '^/?/bc-144/tx/[^/]+'
[2026-09-03 10:41:54][info][CRDTCallbackManager] Successfully unregistered new data callback for pattern: '^/?/bc-963/tx/[^/]+'
[2026-09-03 10:41:54][info][CRDTCallbackManager] Successfully unregistered deleted data callback for pattern: '^/?/bc-963/tx/[^/]+'
[2026-09-03 10:41:54][info][CRDTCallbackManager] Successfully unregistered new data callback for pattern: '^/?/bc-369/tx/[^/]+'
[2026-09-03 10:41:54][info][CRDTCallbackManager] Successfully unregistered deleted data callback for pattern: '^/?/bc-369/tx/[^/]+'
[2026-09-03 10:41:54][info][TransactionManager] [1d678b49 - full: false] ~TransactionManager: Metrics — cert_fallback(success=0 failure=0) validation(approve=1 reject=0) tracking(insert=1 confirm=1 fail=0)
[2026-09-03 10:41:54][info][Blockchain] [1d678b49] Stopping blockchain
[2026-09-03 10:41:54][info][CRDTCallbackManager] Successfully unregistered new data callback for pattern: '/?gnus-genesis-block'
[2026-09-03 10:41:54][info][CRDTCallbackManager] Successfully unregistered new data callback for pattern: '/?gnus-account-creation-.*'
[2026-09-03 10:41:54][info][CRDTCallbackManager] Successfully unregistered new data callback for pattern: '/?gnus-validator-registry'
[2026-09-03 10:41:54][debug][GlobalDB] ~GlobalDB CALLED with count 6 on multi_node_finality_fault/restart-mint-passive/rocksdb 
[2026-09-03 10:41:54][info][GlobalDB] GlobalDB shutdown start
[2026-09-03 10:41:54][info][CrdtDatastore] CancelAndCloseNow: begin (pending_jobs=1, self_queue=0, root_queue=0, pending_roots=0, active_root=false)
[2026-09-03 10:41:54][debug][GraphsyncDAGSyncer] Stopping Dagsyncer
[2026-09-03 10:41:54][debug][GraphsyncDAGSyncer] Dagsyncer Stopped
[2026-09-03 10:41:55][info][CrdtDatastore] CancelAndCloseNow: CRDT workers stopped
[2026-09-03 10:41:55][warning][CrdtDatastore] CancelAndCloseNow called but shutdown has already started
[2026-09-03 10:41:55][debug][GraphsyncDAGSyncer] ~GraphsyncDAGSyncer CALLED
[2026-09-03 10:41:55][info][GlobalDB] GlobalDB shutdown finished
[2026-09-03 10:41:55.157977000][th:582835][error] GossipPubSub Address monitoring timer error: Operation canceled
[2026-09-03 10:41:56][info][KeyPairFileStorage] Path to keypairs multi_node_finality_fault/restart-mint-passive/keypair
[2026-09-03 10:41:56][info][KeyPairFileStorage] Peer ID from public key: 12D3KooWRZb1gAAt98afnP6es1RxZhtCNttYZo9wCcq2h8nvNPVV
Current limits: 16384 (soft), 9223372036854775807 (hard)
New limits set successfully: 16384 (soft), 9223372036854775807 (hard)
Initialized relay addresses
[2026-09-03 10:41:56.162232000][th:578917][info] GossipPubSub /ip4/0.0.0.0/tcp/54624/p2p/12D3KooWRZb1gAAt98afnP6es1RxZhtCNttYZo9wCcq2h8nvNPVV: Starting PubSub service
[2026-09-03 10:41:56.162299000][th:583987][info] GossipPubSub Starting address monitoring system for mobile network changes
[2026-09-03 10:41:56.162303000][th:583987][info] GossipPubSub === CURRENT NETWORK STATE ===
[2026-09-03 10:41:56.162312000][th:583987][info] GossipPubSub Primary listening address: /ip4/0.0.0.0/tcp/54624/p2p/12D3KooWRZb1gAAt98afnP6es1RxZhtCNttYZo9wCcq2h8nvNPVV
[2026-09-03 10:41:56.162313000][th:583987][info] GossipPubSub Host peer info addresses (0):
[2026-09-03 10:41:56.162314000][th:583987][info] GossipPubSub Additional addresses we track (0):
[2026-09-03 10:41:56.162315000][th:583987][info] GossipPubSub Listening addresses (1):
[2026-09-03 10:41:56.162316000][th:583987][info] GossipPubSub   -> /ip4/0.0.0.0/tcp/54624/p2p/12D3KooWRZb1gAAt98afnP6es1RxZhtCNttYZo9wCcq2h8nvNPVV
[2026-09-03 10:41:56.162317000][th:583987][info] GossipPubSub Interface addresses (0):
[2026-09-03 10:41:56.162318000][th:583987][info] GossipPubSub === RAW OBSERVED ADDRESS DEBUG ===
[2026-09-03 10:41:56.162320000][th:583987][info] GossipPubSub Local address: /ip4/0.0.0.0/tcp/54624/p2p/12D3KooWRZb1gAAt98afnP6es1RxZhtCNttYZo9wCcq2h8nvNPVV -> 0 raw observed, 0 activated+confirmed
[2026-09-03 10:41:56.162321000][th:583987][info] GossipPubSub TOTAL: 0 raw observed addresses, 0 activated+confirmed addresses
[2026-09-03 10:41:56.162322000][th:583987][info] GossipPubSub === END RAW OBSERVED ADDRESS DEBUG ===
[2026-09-03 10:41:56.162323000][th:583987][info] GossipPubSub Observed addresses - all (0):
[2026-09-03 10:41:56.162324000][th:583987][info] GossipPubSub Observed addresses - confirmed only (0):
[2026-09-03 10:41:56.162325000][th:583987][info] GossipPubSub Relay addresses (0):
[2026-09-03 10:41:56.162326000][th:583987][warning] GossipPubSub Failed to get addresses from peer repository: not found
[2026-09-03 10:41:56.162366000][th:583987][info] GossipPubSub Found 1 valid network interfaces
[2026-09-03 10:41:56.162368000][th:583987][info] GossipPubSub Current network interfaces (1):
[2026-09-03 10:41:56.162368000][th:583987][info] GossipPubSub   -> 192.168.1.6
[2026-09-03 10:41:56.162369000][th:583987][info] GossipPubSub Active connections: 0
[2026-09-03 10:41:56.162370000][th:583987][info] GossipPubSub === PEER CONNECTION DETAILS ===
[2026-09-03 10:41:56.162371000][th:583987][info] GossipPubSub NOTE: Observed addresses need to be seen by 4+ different peer groups to become 'activated'
[2026-09-03 10:41:56.162372000][th:583987][info] GossipPubSub NOTE: Current connections: 0, so max possible observers: 0
[2026-09-03 10:41:56.162372000][th:583987][info] GossipPubSub === END PEER CONNECTION DETAILS ===
[2026-09-03 10:41:56.162373000][th:583987][info] GossipPubSub Connection manager stats:
[2026-09-03 10:41:56.162374000][th:583987][info] GossipPubSub   -> Max connections: 1000
[2026-09-03 10:41:56.162375000][th:583987][info] GossipPubSub   -> Current connections: 0
[2026-09-03 10:41:56.162375000][th:583987][info] GossipPubSub === END NETWORK STATE ===
[2026-09-03 10:41:56.162525000][th:583987][info] GossipPubSub /ip4/0.0.0.0/tcp/54624/p2p/12D3KooWRZb1gAAt98afnP6es1RxZhtCNttYZo9wCcq2h8nvNPVV : PubSub service started
[2026-09-03 10:41:56][info][GlobalDB] Opening database /Users/henriqueklein/gnus/SuperGenius/multi_node_finality_fault/restart-mint-passive/rocksdb
[2026-09-03 10:41:56][debug][GraphsyncDAGSyncer] GraphSyncer created 5266719096 
[2026-09-03 10:41:56][info][CrdtDatastore] crdt Datastore created. Number of heads: 2 Current max-height: 18446744073709551615
[2026-09-03 10:41:56][info][GeniusAccount] Secure storage ID path: /Users/henriqueklein/gnus/SuperGenius/multi_node_finality_fault/restart-mint-passive/account/secure_storage_id
[2026-09-03 10:41:56][info][GeniusAccount] Loaded public key from file: 1d678b4935ed33fd... (length: 128)
[2026-09-03 10:41:56][info][GeniusAccount] Successfully loaded key_seed from storage
[2026-09-03 10:41:56][info][GeniusAccount] Validation successful: key_seed matches stored public key
[2026-09-03 10:41:56][warning][UTXOManager] Skipping malformed UTXO key /utxo-checkpoint/1d678b4935ed33fd7e5658a416e77b84722a0bd69287b0b590237dc5a4c4552abd389b870367a8ae11e607bca64eaecfb35c8e4f622d75ac35ea35902e205581/1
[2026-09-03 10:41:56][warning][UTXOManager] Skipping malformed UTXO key /utxo-checkpoint/1d678b4935ed33fd7e5658a416e77b84722a0bd69287b0b590237dc5a4c4552abd389b870367a8ae11e607bca64eaecfb35c8e4f622d75ac35ea35902e205581/latest
[2026-09-03 10:41:56][info][Blockchain] [1d678b49] Blockchain instance created with authorized full node: 8a33bdf1
[2026-09-03 10:41:56][info][ValidatorRegistry] InitializeCache: cache initialized with CID QmYFyZqsPbTugzYCeaCz1jgj7WSaPVYaMfgigZL1NMXHwM
[2026-09-03 10:41:56][info][CRDTCallbackManager] Successfully registered new data callback for pattern: '/?gnus-validator-registry'
[2026-09-03 10:41:56][info][ValidatorRegistry] RegisterFilter: result=true
[2026-09-03 10:41:56][info][ValidatorRegistry] New: instance ready
[2026-09-03 10:41:56.187731000][th:583987][info] GossipPubSub /ip4/0.0.0.0/tcp/54624/p2p/12D3KooWRZb1gAAt98afnP6es1RxZhtCNttYZo9wCcq2h8nvNPVV: PubSub subscribed to topic 'gnus-validator-registry.3.7.144'
[2026-09-03 10:41:56][info][CRDTCallbackManager] Successfully registered new data callback for pattern: '^/?cert/[^/]+'
[2026-09-03 10:41:56.187751000][th:583987][info] GossipPubSub /ip4/0.0.0.0/tcp/54624/p2p/12D3KooWRZb1gAAt98afnP6es1RxZhtCNttYZo9wCcq2h8nvNPVV: PubSub subscribed to topic 'consensus-channel-.3.7.144'
[2026-09-03 10:41:56.187769000][th:583987][info] GossipPubSub /ip4/0.0.0.0/tcp/54624/p2p/12D3KooWRZb1gAAt98afnP6es1RxZhtCNttYZo9wCcq2h8nvNPVV: PubSub subscribed to topic 'consensus-channel-.3.7.144#datastore.3.7.144'
[2026-09-03 10:41:56][info][CRDTCallbackManager] Successfully registered new data callback for pattern: '/?gnus-genesis-block'
[2026-09-03 10:41:56][info][CRDTCallbackManager] Successfully registered new data callback for pattern: '/?gnus-account-creation-.*'
[2026-09-03 10:41:56][info][CRDTCallbackManager] Successfully registered new data callback for pattern: '^/?/bc-144/tx/[^/]+'
[2026-09-03 10:41:56][info][CRDTCallbackManager] Successfully registered deleted data callback for pattern: '^/?/bc-144/tx/[^/]+'
[2026-09-03 10:41:56][info][CRDTCallbackManager] Successfully registered new data callback for pattern: '^/?/bc-963/tx/[^/]+'
[2026-09-03 10:41:56][info][CRDTCallbackManager] Successfully registered deleted data callback for pattern: '^/?/bc-963/tx/[^/]+'
[2026-09-03 10:41:56][info][CRDTCallbackManager] Successfully registered new data callback for pattern: '^/?/bc-369/tx/[^/]+'
[2026-09-03 10:41:56][info][CRDTCallbackManager] Successfully registered deleted data callback for pattern: '^/?/bc-369/tx/[^/]+'
[2026-09-03 10:41:56.187917000][th:583616][info] GossipPubSub Adding new peer: 12D3KooWAbsctnvMU7jrTZ11AePcjW7usZyLAcSUkSwHUWsWxVvw
[2026-09-03 10:41:56.187978000][th:583616][info] GossipPubSub Adding new peer: 12D3KooWDtL6bfRRfbUcvWT4FNis5BbTa85Wxn2EwAZQdTDyFwNf
[2026-09-03 10:41:56.188026000][th:583616][info] GossipPubSub Adding new peer: 12D3KooWRZb1gAAt98afnP6es1RxZhtCNttYZo9wCcq2h8nvNPVV
[2026-09-03 10:41:56.188064000][th:583719][info] GossipPubSub Adding new peer: 12D3KooWQhTK9DWNqcjxk2LnCmgmnJQaQ2EuKPaqi8ZkomG8qyew
[2026-09-03 10:41:56.188127000][th:583719][info] GossipPubSub Adding new peer: 12D3KooWDtL6bfRRfbUcvWT4FNis5BbTa85Wxn2EwAZQdTDyFwNf
[2026-09-03 10:41:56.188179000][th:583719][info] GossipPubSub Adding new peer: 12D3KooWRZb1gAAt98afnP6es1RxZhtCNttYZo9wCcq2h8nvNPVV
[2026-09-03 10:41:56.188185000][th:583846][info] GossipPubSub Adding new peer: 12D3KooWQhTK9DWNqcjxk2LnCmgmnJQaQ2EuKPaqi8ZkomG8qyew
[2026-09-03 10:41:56.188227000][th:583846][info] GossipPubSub Adding new peer: 12D3KooWAbsctnvMU7jrTZ11AePcjW7usZyLAcSUkSwHUWsWxVvw
[2026-09-03 10:41:56.188269000][th:583846][info] GossipPubSub Adding new peer: 12D3KooWRZb1gAAt98afnP6es1RxZhtCNttYZo9wCcq2h8nvNPVV
[2026-09-03 10:41:56.188320000][th:583987][info] GossipPubSub Adding new peer: 12D3KooWQhTK9DWNqcjxk2LnCmgmnJQaQ2EuKPaqi8ZkomG8qyew
[2026-09-03 10:41:56.188384000][th:583987][info] GossipPubSub Adding new peer: 12D3KooWAbsctnvMU7jrTZ11AePcjW7usZyLAcSUkSwHUWsWxVvw
[2026-09-03 10:41:56.188435000][th:583987][info] GossipPubSub Adding new peer: 12D3KooWDtL6bfRRfbUcvWT4FNis5BbTa85Wxn2EwAZQdTDyFwNf
[2026-09-03 10:41:56][info][CRDTCallbackManager] Successfully unregistered new data callback for pattern: '^/?/bc-144/tx/[^/]+'
[2026-09-03 10:41:56][info][CRDTCallbackManager] Successfully unregistered deleted data callback for pattern: '^/?/bc-144/tx/[^/]+'
[2026-09-03 10:41:56][info][CRDTCallbackManager] Successfully unregistered new data callback for pattern: '^/?/bc-963/tx/[^/]+'
[2026-09-03 10:41:56][info][CRDTCallbackManager] Successfully unregistered deleted data callback for pattern: '^/?/bc-963/tx/[^/]+'
[2026-09-03 10:41:56][info][CRDTCallbackManager] Successfully unregistered new data callback for pattern: '^/?/bc-369/tx/[^/]+'
[2026-09-03 10:41:56][info][CRDTCallbackManager] Successfully unregistered deleted data callback for pattern: '^/?/bc-369/tx/[^/]+'
[2026-09-03 10:41:56][info][TransactionManager] [aea54dd3 - full: false] ~TransactionManager: Metrics — cert_fallback(success=0 failure=0) validation(approve=0 reject=0) tracking(insert=0 confirm=0 fail=0)
[2026-09-03 10:41:56][info][Blockchain] [aea54dd3] Stopping blockchain
[2026-09-03 10:41:56][info][CRDTCallbackManager] Successfully unregistered new data callback for pattern: '/?gnus-genesis-block'
[2026-09-03 10:41:56][info][CRDTCallbackManager] Successfully unregistered new data callback for pattern: '/?gnus-account-creation-.*'
[2026-09-03 10:41:56][info][CRDTCallbackManager] Successfully unregistered new data callback for pattern: '/?gnus-validator-registry'
[2026-09-03 10:41:56][debug][GlobalDB] ~GlobalDB CALLED with count 6 on multi_node_finality_fault/restart-mint-validator-one/rocksdb 
[2026-09-03 10:41:56][info][GlobalDB] GlobalDB shutdown start
[2026-09-03 10:41:56][info][CrdtDatastore] CancelAndCloseNow: begin (pending_jobs=0, self_queue=0, root_queue=0, pending_roots=0, active_root=false)
[2026-09-03 10:41:56][debug][GraphsyncDAGSyncer] Stopping Dagsyncer
[2026-09-03 10:41:56][debug][GraphsyncDAGSyncer] Dagsyncer Stopped
[2026-09-03 10:41:56][info][CrdtDatastore] CancelAndCloseNow: CRDT workers stopped
[2026-09-03 10:41:56][warning][CrdtDatastore] CancelAndCloseNow called but shutdown has already started
[2026-09-03 10:41:56][debug][GraphsyncDAGSyncer] ~GraphsyncDAGSyncer CALLED
[2026-09-03 10:41:56][info][GlobalDB] GlobalDB shutdown finished
[2026-09-03 10:41:56.633037000][th:583616][error] GossipPubSub Address monitoring timer error: Operation canceled
[2026-09-03 10:41:57][info][CRDTCallbackManager] Successfully unregistered new data callback for pattern: '^/?/bc-144/tx/[^/]+'
[2026-09-03 10:41:57][info][CRDTCallbackManager] Successfully unregistered deleted data callback for pattern: '^/?/bc-144/tx/[^/]+'
[2026-09-03 10:41:57][info][CRDTCallbackManager] Successfully unregistered new data callback for pattern: '^/?/bc-963/tx/[^/]+'
[2026-09-03 10:41:57][info][CRDTCallbackManager] Successfully unregistered deleted data callback for pattern: '^/?/bc-963/tx/[^/]+'
[2026-09-03 10:41:57][info][CRDTCallbackManager] Successfully unregistered new data callback for pattern: '^/?/bc-369/tx/[^/]+'
[2026-09-03 10:41:57][info][CRDTCallbackManager] Successfully unregistered deleted data callback for pattern: '^/?/bc-369/tx/[^/]+'
[2026-09-03 10:41:57][info][TransactionManager] [b221be13 - full: false] ~TransactionManager: Metrics — cert_fallback(success=0 failure=0) validation(approve=0 reject=0) tracking(insert=0 confirm=0 fail=0)
[2026-09-03 10:41:57][info][Blockchain] [b221be13] Stopping blockchain
[2026-09-03 10:41:57][info][CRDTCallbackManager] Successfully unregistered new data callback for pattern: '/?gnus-genesis-block'
[2026-09-03 10:41:57][info][CRDTCallbackManager] Successfully unregistered new data callback for pattern: '/?gnus-account-creation-.*'
[2026-09-03 10:41:57][info][CRDTCallbackManager] Successfully unregistered new data callback for pattern: '/?gnus-validator-registry'
[2026-09-03 10:41:57][debug][GlobalDB] ~GlobalDB CALLED with count 6 on multi_node_finality_fault/restart-mint-validator-two/rocksdb 
[2026-09-03 10:41:57][info][GlobalDB] GlobalDB shutdown start
[2026-09-03 10:41:57][info][CrdtDatastore] CancelAndCloseNow: begin (pending_jobs=0, self_queue=0, root_queue=0, pending_roots=0, active_root=false)
[2026-09-03 10:41:57][debug][GraphsyncDAGSyncer] Stopping Dagsyncer
[2026-09-03 10:41:57][debug][GraphsyncDAGSyncer] Dagsyncer Stopped
[2026-09-03 10:41:57][info][CrdtDatastore] CancelAndCloseNow: CRDT workers stopped
[2026-09-03 10:41:57][warning][CrdtDatastore] CancelAndCloseNow called but shutdown has already started
[2026-09-03 10:41:57][debug][GraphsyncDAGSyncer] ~GraphsyncDAGSyncer CALLED
[2026-09-03 10:41:57][info][GlobalDB] GlobalDB shutdown finished
[2026-09-03 10:41:57.688946000][th:583719][error] GossipPubSub Address monitoring timer error: Operation canceled
[2026-09-03 10:41:58][info][CRDTCallbackManager] Successfully unregistered new data callback for pattern: '^/?/bc-144/tx/[^/]+'
[2026-09-03 10:41:58][info][CRDTCallbackManager] Successfully unregistered deleted data callback for pattern: '^/?/bc-144/tx/[^/]+'
[2026-09-03 10:41:58][info][CRDTCallbackManager] Successfully unregistered new data callback for pattern: '^/?/bc-963/tx/[^/]+'
[2026-09-03 10:41:58][info][CRDTCallbackManager] Successfully unregistered deleted data callback for pattern: '^/?/bc-963/tx/[^/]+'
[2026-09-03 10:41:58][info][CRDTCallbackManager] Successfully unregistered new data callback for pattern: '^/?/bc-369/tx/[^/]+'
[2026-09-03 10:41:58][info][CRDTCallbackManager] Successfully unregistered deleted data callback for pattern: '^/?/bc-369/tx/[^/]+'
[2026-09-03 10:41:58][info][TransactionManager] [f131607e - full: false] ~TransactionManager: Metrics — cert_fallback(success=0 failure=0) validation(approve=0 reject=0) tracking(insert=0 confirm=0 fail=0)
[2026-09-03 10:41:58][info][Blockchain] [f131607e] Stopping blockchain
[2026-09-03 10:41:58][info][CRDTCallbackManager] Successfully unregistered new data callback for pattern: '/?gnus-genesis-block'
[2026-09-03 10:41:58][info][CRDTCallbackManager] Successfully unregistered new data callback for pattern: '/?gnus-account-creation-.*'
[2026-09-03 10:41:58][info][CRDTCallbackManager] Successfully unregistered new data callback for pattern: '/?gnus-validator-registry'
[2026-09-03 10:41:58][debug][GlobalDB] ~GlobalDB CALLED with count 6 on multi_node_finality_fault/restart-mint-validator-three/rocksdb 
[2026-09-03 10:41:58][info][GlobalDB] GlobalDB shutdown start
[2026-09-03 10:41:58][info][CrdtDatastore] CancelAndCloseNow: begin (pending_jobs=0, self_queue=0, root_queue=0, pending_roots=0, active_root=false)
[2026-09-03 10:41:58][debug][GraphsyncDAGSyncer] Stopping Dagsyncer
[2026-09-03 10:41:58][debug][GraphsyncDAGSyncer] Dagsyncer Stopped
[2026-09-03 10:41:58][info][CrdtDatastore] CancelAndCloseNow: CRDT workers stopped
[2026-09-03 10:41:58][warning][CrdtDatastore] CancelAndCloseNow called but shutdown has already started
[2026-09-03 10:41:58][debug][GraphsyncDAGSyncer] ~GraphsyncDAGSyncer CALLED
[2026-09-03 10:41:58][info][GlobalDB] GlobalDB shutdown finished
[2026-09-03 10:41:58.725616000][th:583846][error] GossipPubSub Address monitoring timer error: Operation canceled
[2026-09-03 10:41:59][info][CRDTCallbackManager] Successfully unregistered new data callback for pattern: '^/?/bc-144/tx/[^/]+'
[2026-09-03 10:41:59][info][CRDTCallbackManager] Successfully unregistered deleted data callback for pattern: '^/?/bc-144/tx/[^/]+'
[2026-09-03 10:41:59][info][CRDTCallbackManager] Successfully unregistered new data callback for pattern: '^/?/bc-963/tx/[^/]+'
[2026-09-03 10:41:59][info][CRDTCallbackManager] Successfully unregistered deleted data callback for pattern: '^/?/bc-963/tx/[^/]+'
[2026-09-03 10:41:59][info][CRDTCallbackManager] Successfully unregistered new data callback for pattern: '^/?/bc-369/tx/[^/]+'
[2026-09-03 10:41:59][info][CRDTCallbackManager] Successfully unregistered deleted data callback for pattern: '^/?/bc-369/tx/[^/]+'
[2026-09-03 10:41:59][info][TransactionManager] [1d678b49 - full: false] ~TransactionManager: Metrics — cert_fallback(success=0 failure=0) validation(approve=0 reject=0) tracking(insert=0 confirm=0 fail=0)
[2026-09-03 10:41:59][info][Blockchain] [1d678b49] Stopping blockchain
[2026-09-03 10:41:59][info][CRDTCallbackManager] Successfully unregistered new data callback for pattern: '/?gnus-genesis-block'
[2026-09-03 10:41:59][info][CRDTCallbackManager] Successfully unregistered new data callback for pattern: '/?gnus-account-creation-.*'
[2026-09-03 10:41:59][info][CRDTCallbackManager] Successfully unregistered new data callback for pattern: '/?gnus-validator-registry'
[2026-09-03 10:41:59][debug][GlobalDB] ~GlobalDB CALLED with count 6 on multi_node_finality_fault/restart-mint-passive/rocksdb 
[2026-09-03 10:41:59][info][GlobalDB] GlobalDB shutdown start
[2026-09-03 10:41:59][info][CrdtDatastore] CancelAndCloseNow: begin (pending_jobs=0, self_queue=0, root_queue=0, pending_roots=0, active_root=false)
[2026-09-03 10:41:59][debug][GraphsyncDAGSyncer] Stopping Dagsyncer
[2026-09-03 10:41:59][debug][GraphsyncDAGSyncer] Dagsyncer Stopped
[2026-09-03 10:41:59][info][CrdtDatastore] CancelAndCloseNow: CRDT workers stopped
[2026-09-03 10:41:59][warning][CrdtDatastore] CancelAndCloseNow called but shutdown has already started
[2026-09-03 10:41:59][debug][GraphsyncDAGSyncer] ~GraphsyncDAGSyncer CALLED
[2026-09-03 10:41:59][info][GlobalDB] GlobalDB shutdown finished
[2026-09-03 10:41:59.743887000][th:583987][error] GossipPubSub Address monitoring timer error: Operation canceled
[2026-09-03 10:42:00][debug][GlobalDB] ~GlobalDB CALLED with count 5 on CRDT.Datastore.TEST.unit_40442_1 
[2026-09-03 10:42:00][info][GlobalDB] GlobalDB shutdown start
[2026-09-03 10:42:00][info][CrdtDatastore] CancelAndCloseNow: begin (pending_jobs=0, self_queue=0, root_queue=0, pending_roots=0, active_root=false)
[2026-09-03 10:42:00][debug][GraphsyncDAGSyncer] Stopping Dagsyncer
[2026-09-03 10:42:00][debug][GraphsyncDAGSyncer] Dagsyncer Stopped
[2026-09-03 10:42:00][info][CrdtDatastore] CancelAndCloseNow: CRDT workers stopped
[2026-09-03 10:42:00][warning][CrdtDatastore] CancelAndCloseNow called but shutdown has already started
[2026-09-03 10:42:00][debug][GraphsyncDAGSyncer] ~GraphsyncDAGSyncer CALLED
[2026-09-03 10:42:00][info][GlobalDB] GlobalDB shutdown finished
[2026-09-03 10:42:00.757692000][th:579064][error] GossipPubSub Address monitoring timer error: Operation canceled
[       OK ] FinalityFaultNetwork.RestartAtVoteCertificateAndMintDurableBoundariesRecoversExactlyOnce (55339 ms)
[----------] 1 test from FinalityFaultNetwork (55339 ms total)

[----------] Global test environment tear-down
[==========] 1 test from 1 test suite ran. (55339 ms total)
[  PASSED  ] 1 test.
