# pre-run 1-min load: 10:45  up  2:53, 7 users, load averages: 3.69 5.08 4.14
Running main() from /Users/henriqueklein/gnus/thirdparty/GTest/googletest/src/gtest_main.cc
Note: Google Test filter = FinalityFaultNetwork.RestartAtVoteCertificateAndMintDurableBoundariesRecoversExactlyOnce
[==========] Running 1 test from 1 test suite.
[----------] Global test environment set-up.
[----------] 1 test from FinalityFaultNetwork
[ RUN      ] FinalityFaultNetwork.RestartAtVoteCertificateAndMintDurableBoundariesRecoversExactlyOnce
[2026-09-03 10:45:30][info][KeyPairFileStorage] Path to keypairs CRDT.Datastore.TEST/unit_test_41696_1
[2026-09-03 10:45:30][info][KeyPairFileStorage] Peer ID from public key: 12D3KooWG2XG1DHbGkSN9jogW5RXgUeoE3XjVHn556D66X1D5Ka6
Current limits: 1048576 (soft), 9223372036854775807 (hard)
New limits set successfully: 16384 (soft), 9223372036854775807 (hard)
Initialized relay addresses
[2026-09-03 10:45:30][info][GlobalDB] Opening database /Users/henriqueklein/gnus/SuperGenius/CRDT.Datastore.TEST.unit_41696_1
[2026-09-03 10:45:30][debug][GraphsyncDAGSyncer] GraphSyncer created 5846879704 
[2026-09-03 10:45:30][info][CrdtDatastore] crdt Datastore created. Number of heads: 0 Current max-height: 0
[2026-09-03 10:45:30.548759000][th:597387][info] GossipPubSub /ip4/0.0.0.0/tcp/40001/p2p/12D3KooWG2XG1DHbGkSN9jogW5RXgUeoE3XjVHn556D66X1D5Ka6: Starting PubSub service
[2026-09-03 10:45:30.548833000][th:597419][info] GossipPubSub /ip4/0.0.0.0/tcp/40001/p2p/12D3KooWG2XG1DHbGkSN9jogW5RXgUeoE3XjVHn556D66X1D5Ka6: PubSub subscribed to topic 'CRDT.Datastore.TEST.Channel.3.7.144'
[2026-09-03 10:45:30.548867000][th:597419][info] GossipPubSub Starting address monitoring system for mobile network changes
[2026-09-03 10:45:30.548870000][th:597419][info] GossipPubSub === CURRENT NETWORK STATE ===
[2026-09-03 10:45:30.548880000][th:597419][info] GossipPubSub Primary listening address: /ip4/0.0.0.0/tcp/40001/p2p/12D3KooWG2XG1DHbGkSN9jogW5RXgUeoE3XjVHn556D66X1D5Ka6
[2026-09-03 10:45:30.548882000][th:597419][info] GossipPubSub Host peer info addresses (0):
[2026-09-03 10:45:30.548883000][th:597419][info] GossipPubSub Additional addresses we track (0):
[2026-09-03 10:45:30.548884000][th:597419][info] GossipPubSub Listening addresses (1):
[2026-09-03 10:45:30.548885000][th:597419][info] GossipPubSub   -> /ip4/0.0.0.0/tcp/40001/p2p/12D3KooWG2XG1DHbGkSN9jogW5RXgUeoE3XjVHn556D66X1D5Ka6
[2026-09-03 10:45:30.548886000][th:597419][info] GossipPubSub Interface addresses (0):
[2026-09-03 10:45:30.548887000][th:597419][info] GossipPubSub === RAW OBSERVED ADDRESS DEBUG ===
[2026-09-03 10:45:30.548891000][th:597419][info] GossipPubSub Local address: /ip4/0.0.0.0/tcp/40001/p2p/12D3KooWG2XG1DHbGkSN9jogW5RXgUeoE3XjVHn556D66X1D5Ka6 -> 0 raw observed, 0 activated+confirmed
[2026-09-03 10:45:30.548895000][th:597419][info] GossipPubSub TOTAL: 0 raw observed addresses, 0 activated+confirmed addresses
[2026-09-03 10:45:30.548896000][th:597419][info] GossipPubSub === END RAW OBSERVED ADDRESS DEBUG ===
[2026-09-03 10:45:30.548897000][th:597419][info] GossipPubSub Observed addresses - all (0):
[2026-09-03 10:45:30.548898000][th:597419][info] GossipPubSub Observed addresses - confirmed only (0):
[2026-09-03 10:45:30.548899000][th:597419][info] GossipPubSub Relay addresses (0):
[2026-09-03 10:45:30.548902000][th:597419][warning] GossipPubSub Failed to get addresses from peer repository: not found
[2026-09-03 10:45:30.549110000][th:597419][info] GossipPubSub Found 1 valid network interfaces
[2026-09-03 10:45:30.549112000][th:597419][info] GossipPubSub Current network interfaces (1):
[2026-09-03 10:45:30.549113000][th:597419][info] GossipPubSub   -> 192.168.1.6
[2026-09-03 10:45:30.549115000][th:597419][info] GossipPubSub Active connections: 0
[2026-09-03 10:45:30.549115000][th:597419][info] GossipPubSub === PEER CONNECTION DETAILS ===
[2026-09-03 10:45:30.549116000][th:597419][info] GossipPubSub NOTE: Observed addresses need to be seen by 4+ different peer groups to become 'activated'
[2026-09-03 10:45:30.549117000][th:597419][info] GossipPubSub NOTE: Current connections: 0, so max possible observers: 0
[2026-09-03 10:45:30.549118000][th:597419][info] GossipPubSub === END PEER CONNECTION DETAILS ===
[2026-09-03 10:45:30.549118000][th:597419][info] GossipPubSub Connection manager stats:
[2026-09-03 10:45:30.549119000][th:597419][info] GossipPubSub   -> Max connections: 1000
[2026-09-03 10:45:30.549120000][th:597419][info] GossipPubSub   -> Current connections: 0
[2026-09-03 10:45:30.549121000][th:597419][info] GossipPubSub === END NETWORK STATE ===
[2026-09-03 10:45:30.549145000][th:597419][info] GossipPubSub /ip4/0.0.0.0/tcp/40001/p2p/12D3KooWG2XG1DHbGkSN9jogW5RXgUeoE3XjVHn556D66X1D5Ka6 : PubSub service started
[2026-09-03 10:45:30][info][KeyPairFileStorage] Path to keypairs multi_node_finality_fault/restart-vote-validator-one/keypair
[2026-09-03 10:45:30][info][KeyPairFileStorage] Peer ID from public key: 12D3KooWE5iBtCHpnT8vMFXSDYr5yNYZu29z96z3j29qf1yTLpo2
Current limits: 16384 (soft), 9223372036854775807 (hard)
New limits set successfully: 16384 (soft), 9223372036854775807 (hard)
Initialized relay addresses
[2026-09-03 10:45:30.551354000][th:597387][info] GossipPubSub /ip4/0.0.0.0/tcp/54601/p2p/12D3KooWE5iBtCHpnT8vMFXSDYr5yNYZu29z96z3j29qf1yTLpo2: Starting PubSub service
[2026-09-03 10:45:30.551406000][th:597420][info] GossipPubSub Starting address monitoring system for mobile network changes
[2026-09-03 10:45:30.551408000][th:597420][info] GossipPubSub === CURRENT NETWORK STATE ===
[2026-09-03 10:45:30.551412000][th:597420][info] GossipPubSub Primary listening address: /ip4/0.0.0.0/tcp/54601/p2p/12D3KooWE5iBtCHpnT8vMFXSDYr5yNYZu29z96z3j29qf1yTLpo2
[2026-09-03 10:45:30.551413000][th:597420][info] GossipPubSub Host peer info addresses (0):
[2026-09-03 10:45:30.551414000][th:597420][info] GossipPubSub Additional addresses we track (0):
[2026-09-03 10:45:30.551415000][th:597420][info] GossipPubSub Listening addresses (1):
[2026-09-03 10:45:30.551420000][th:597420][info] GossipPubSub   -> /ip4/0.0.0.0/tcp/54601/p2p/12D3KooWE5iBtCHpnT8vMFXSDYr5yNYZu29z96z3j29qf1yTLpo2
[2026-09-03 10:45:30.551421000][th:597420][info] GossipPubSub Interface addresses (0):
[2026-09-03 10:45:30.551421000][th:597420][info] GossipPubSub === RAW OBSERVED ADDRESS DEBUG ===
[2026-09-03 10:45:30.551423000][th:597420][info] GossipPubSub Local address: /ip4/0.0.0.0/tcp/54601/p2p/12D3KooWE5iBtCHpnT8vMFXSDYr5yNYZu29z96z3j29qf1yTLpo2 -> 0 raw observed, 0 activated+confirmed
[2026-09-03 10:45:30.551424000][th:597420][info] GossipPubSub TOTAL: 0 raw observed addresses, 0 activated+confirmed addresses
[2026-09-03 10:45:30.551425000][th:597420][info] GossipPubSub === END RAW OBSERVED ADDRESS DEBUG ===
[2026-09-03 10:45:30.551426000][th:597420][info] GossipPubSub Observed addresses - all (0):
[2026-09-03 10:45:30.551427000][th:597420][info] GossipPubSub Observed addresses - confirmed only (0):
[2026-09-03 10:45:30.551428000][th:597420][info] GossipPubSub Relay addresses (0):
[2026-09-03 10:45:30.551429000][th:597420][warning] GossipPubSub Failed to get addresses from peer repository: not found
[2026-09-03 10:45:30.551458000][th:597420][info] GossipPubSub Found 1 valid network interfaces
[2026-09-03 10:45:30.551459000][th:597420][info] GossipPubSub Current network interfaces (1):
[2026-09-03 10:45:30.551460000][th:597420][info] GossipPubSub   -> 192.168.1.6
[2026-09-03 10:45:30.551461000][th:597420][info] GossipPubSub Active connections: 0
[2026-09-03 10:45:30.551462000][th:597420][info] GossipPubSub === PEER CONNECTION DETAILS ===
[2026-09-03 10:45:30.551462000][th:597420][info] GossipPubSub NOTE: Observed addresses need to be seen by 4+ different peer groups to become 'activated'
[2026-09-03 10:45:30.551463000][th:597420][info] GossipPubSub NOTE: Current connections: 0, so max possible observers: 0
[2026-09-03 10:45:30.551464000][th:597420][info] GossipPubSub === END PEER CONNECTION DETAILS ===
[2026-09-03 10:45:30.551465000][th:597420][info] GossipPubSub Connection manager stats:
[2026-09-03 10:45:30.551465000][th:597420][info] GossipPubSub   -> Max connections: 1000
[2026-09-03 10:45:30.551466000][th:597420][info] GossipPubSub   -> Current connections: 0
[2026-09-03 10:45:30.551467000][th:597420][info] GossipPubSub === END NETWORK STATE ===
[2026-09-03 10:45:30.551606000][th:597420][info] GossipPubSub /ip4/0.0.0.0/tcp/54601/p2p/12D3KooWE5iBtCHpnT8vMFXSDYr5yNYZu29z96z3j29qf1yTLpo2 : PubSub service started
[2026-09-03 10:45:30][info][GlobalDB] Opening database /Users/henriqueklein/gnus/SuperGenius/multi_node_finality_fault/restart-vote-validator-one/rocksdb
[2026-09-03 10:45:30][debug][GraphsyncDAGSyncer] GraphSyncer created 5819816328 
[2026-09-03 10:45:30][info][CrdtDatastore] crdt Datastore created. Number of heads: 0 Current max-height: 0
[2026-09-03 10:45:30][info][GeniusAccount] Secure storage ID path: /Users/henriqueklein/gnus/SuperGenius/multi_node_finality_fault/restart-vote-validator-one/account/secure_storage_id
[2026-09-03 10:45:30][error][GeniusAccount] Could not find existing Genius address, generating one from a random mnemonic
[2026-09-03 10:45:30][warning][UTXOManager] Found UTXOs in storage, but there were none
[2026-09-03 10:45:30][info][Blockchain] [93e0f407] Blockchain instance created with authorized full node: 8a33bdf1
[2026-09-03 10:45:30][error][ValidatorRegistry] InitializeCache: registry content not found during cache init
[2026-09-03 10:45:30][info][CRDTCallbackManager] Successfully registered new data callback for pattern: '/?gnus-validator-registry'
[2026-09-03 10:45:30][info][ValidatorRegistry] RegisterFilter: result=true
[2026-09-03 10:45:30][info][ValidatorRegistry] New: instance ready
[2026-09-03 10:45:30.590601000][th:597420][info] GossipPubSub /ip4/0.0.0.0/tcp/54601/p2p/12D3KooWE5iBtCHpnT8vMFXSDYr5yNYZu29z96z3j29qf1yTLpo2: PubSub subscribed to topic 'gnus-validator-registry.3.7.144'
[2026-09-03 10:45:30][info][CRDTCallbackManager] Successfully registered new data callback for pattern: '^/?cert/[^/]+'
[2026-09-03 10:45:30.590630000][th:597420][info] GossipPubSub /ip4/0.0.0.0/tcp/54601/p2p/12D3KooWE5iBtCHpnT8vMFXSDYr5yNYZu29z96z3j29qf1yTLpo2: PubSub subscribed to topic 'consensus-channel-.3.7.144'
[2026-09-03 10:45:30][warning][Blockchain] [93e0f407] Failed to request validator registry during blockchain init
[2026-09-03 10:45:30][info][CRDTCallbackManager] Successfully registered new data callback for pattern: '/?gnus-genesis-block'
[2026-09-03 10:45:30][info][CRDTCallbackManager] Successfully registered new data callback for pattern: '/?gnus-account-creation-.*'
[2026-09-03 10:45:30.590653000][th:597420][info] GossipPubSub /ip4/0.0.0.0/tcp/54601/p2p/12D3KooWE5iBtCHpnT8vMFXSDYr5yNYZu29z96z3j29qf1yTLpo2: PubSub subscribed to topic 'consensus-channel-.3.7.144#datastore.3.7.144'
[2026-09-03 10:45:30][info][CRDTCallbackManager] Successfully registered new data callback for pattern: '^/?/bc-144/tx/[^/]+'
[2026-09-03 10:45:30][info][CRDTCallbackManager] Successfully registered deleted data callback for pattern: '^/?/bc-144/tx/[^/]+'
[2026-09-03 10:45:30][info][CRDTCallbackManager] Successfully registered new data callback for pattern: '^/?/bc-963/tx/[^/]+'
[2026-09-03 10:45:30][info][CRDTCallbackManager] Successfully registered deleted data callback for pattern: '^/?/bc-963/tx/[^/]+'
[2026-09-03 10:45:30][info][CRDTCallbackManager] Successfully registered new data callback for pattern: '^/?/bc-369/tx/[^/]+'
[2026-09-03 10:45:30][info][CRDTCallbackManager] Successfully registered deleted data callback for pattern: '^/?/bc-369/tx/[^/]+'
[2026-09-03 10:45:30][info][KeyPairFileStorage] Path to keypairs multi_node_finality_fault/restart-vote-validator-two/keypair
[2026-09-03 10:45:30][info][KeyPairFileStorage] Peer ID from public key: 12D3KooWD9Ruh2Rd7hRsq6UHTFwrS68ktbSgtiAY5cVcr41N1iVc
Current limits: 16384 (soft), 9223372036854775807 (hard)
New limits set successfully: 16384 (soft), 9223372036854775807 (hard)
Initialized relay addresses
[2026-09-03 10:45:30.593111000][th:597387][info] GossipPubSub /ip4/0.0.0.0/tcp/54602/p2p/12D3KooWD9Ruh2Rd7hRsq6UHTFwrS68ktbSgtiAY5cVcr41N1iVc: Starting PubSub service
[2026-09-03 10:45:30.593166000][th:597446][info] GossipPubSub Starting address monitoring system for mobile network changes
[2026-09-03 10:45:30.593169000][th:597446][info] GossipPubSub === CURRENT NETWORK STATE ===
[2026-09-03 10:45:30.593174000][th:597446][info] GossipPubSub Primary listening address: /ip4/0.0.0.0/tcp/54602/p2p/12D3KooWD9Ruh2Rd7hRsq6UHTFwrS68ktbSgtiAY5cVcr41N1iVc
[2026-09-03 10:45:30.593175000][th:597446][info] GossipPubSub Host peer info addresses (0):
[2026-09-03 10:45:30.593175000][th:597446][info] GossipPubSub Additional addresses we track (0):
[2026-09-03 10:45:30.593176000][th:597446][info] GossipPubSub Listening addresses (1):
[2026-09-03 10:45:30.593178000][th:597446][info] GossipPubSub   -> /ip4/0.0.0.0/tcp/54602/p2p/12D3KooWD9Ruh2Rd7hRsq6UHTFwrS68ktbSgtiAY5cVcr41N1iVc
[2026-09-03 10:45:30.593178000][th:597446][info] GossipPubSub Interface addresses (0):
[2026-09-03 10:45:30.593179000][th:597446][info] GossipPubSub === RAW OBSERVED ADDRESS DEBUG ===
[2026-09-03 10:45:30.593181000][th:597446][info] GossipPubSub Local address: /ip4/0.0.0.0/tcp/54602/p2p/12D3KooWD9Ruh2Rd7hRsq6UHTFwrS68ktbSgtiAY5cVcr41N1iVc -> 0 raw observed, 0 activated+confirmed
[2026-09-03 10:45:30.593182000][th:597446][info] GossipPubSub TOTAL: 0 raw observed addresses, 0 activated+confirmed addresses
[2026-09-03 10:45:30.593184000][th:597446][info] GossipPubSub === END RAW OBSERVED ADDRESS DEBUG ===
[2026-09-03 10:45:30.593185000][th:597446][info] GossipPubSub Observed addresses - all (0):
[2026-09-03 10:45:30.593186000][th:597446][info] GossipPubSub Observed addresses - confirmed only (0):
[2026-09-03 10:45:30.593187000][th:597446][info] GossipPubSub Relay addresses (0):
[2026-09-03 10:45:30.593188000][th:597446][warning] GossipPubSub Failed to get addresses from peer repository: not found
[2026-09-03 10:45:30.593217000][th:597446][info] GossipPubSub Found 1 valid network interfaces
[2026-09-03 10:45:30.593218000][th:597446][info] GossipPubSub Current network interfaces (1):
[2026-09-03 10:45:30.593219000][th:597446][info] GossipPubSub   -> 192.168.1.6
[2026-09-03 10:45:30.593220000][th:597446][info] GossipPubSub Active connections: 0
[2026-09-03 10:45:30.593221000][th:597446][info] GossipPubSub === PEER CONNECTION DETAILS ===
[2026-09-03 10:45:30.593222000][th:597446][info] GossipPubSub NOTE: Observed addresses need to be seen by 4+ different peer groups to become 'activated'
[2026-09-03 10:45:30.593223000][th:597446][info] GossipPubSub NOTE: Current connections: 0, so max possible observers: 0
[2026-09-03 10:45:30.593224000][th:597446][info] GossipPubSub === END PEER CONNECTION DETAILS ===
[2026-09-03 10:45:30.593225000][th:597446][info] GossipPubSub Connection manager stats:
[2026-09-03 10:45:30.593226000][th:597446][info] GossipPubSub   -> Max connections: 1000
[2026-09-03 10:45:30.593227000][th:597446][info] GossipPubSub   -> Current connections: 0
[2026-09-03 10:45:30.593228000][th:597446][info] GossipPubSub === END NETWORK STATE ===
[2026-09-03 10:45:30.593345000][th:597446][info] GossipPubSub /ip4/0.0.0.0/tcp/54602/p2p/12D3KooWD9Ruh2Rd7hRsq6UHTFwrS68ktbSgtiAY5cVcr41N1iVc : PubSub service started
[2026-09-03 10:45:30][info][GlobalDB] Opening database /Users/henriqueklein/gnus/SuperGenius/multi_node_finality_fault/restart-vote-validator-two/rocksdb
[2026-09-03 10:45:30][debug][GraphsyncDAGSyncer] GraphSyncer created 5551198856 
[2026-09-03 10:45:30][info][CrdtDatastore] crdt Datastore created. Number of heads: 0 Current max-height: 0
[2026-09-03 10:45:30][info][GeniusAccount] Secure storage ID path: /Users/henriqueklein/gnus/SuperGenius/multi_node_finality_fault/restart-vote-validator-two/account/secure_storage_id
[2026-09-03 10:45:30][error][GeniusAccount] Could not find existing Genius address, generating one from a random mnemonic
[2026-09-03 10:45:30][warning][UTXOManager] Found UTXOs in storage, but there were none
[2026-09-03 10:45:30][info][Blockchain] [9525c706] Blockchain instance created with authorized full node: 8a33bdf1
[2026-09-03 10:45:30][error][ValidatorRegistry] InitializeCache: registry content not found during cache init
[2026-09-03 10:45:30][info][CRDTCallbackManager] Successfully registered new data callback for pattern: '/?gnus-validator-registry'
[2026-09-03 10:45:30][info][ValidatorRegistry] RegisterFilter: result=true
[2026-09-03 10:45:30][info][ValidatorRegistry] New: instance ready
[2026-09-03 10:45:30.631828000][th:597446][info] GossipPubSub /ip4/0.0.0.0/tcp/54602/p2p/12D3KooWD9Ruh2Rd7hRsq6UHTFwrS68ktbSgtiAY5cVcr41N1iVc: PubSub subscribed to topic 'gnus-validator-registry.3.7.144'
[2026-09-03 10:45:30][info][CRDTCallbackManager] Successfully registered new data callback for pattern: '^/?cert/[^/]+'
[2026-09-03 10:45:30.631847000][th:597446][info] GossipPubSub /ip4/0.0.0.0/tcp/54602/p2p/12D3KooWD9Ruh2Rd7hRsq6UHTFwrS68ktbSgtiAY5cVcr41N1iVc: PubSub subscribed to topic 'consensus-channel-.3.7.144'
[2026-09-03 10:45:30.631866000][th:597446][info] GossipPubSub /ip4/0.0.0.0/tcp/54602/p2p/12D3KooWD9Ruh2Rd7hRsq6UHTFwrS68ktbSgtiAY5cVcr41N1iVc: PubSub subscribed to topic 'consensus-channel-.3.7.144#datastore.3.7.144'
[2026-09-03 10:45:30][warning][Blockchain] [9525c706] Failed to request validator registry during blockchain init
[2026-09-03 10:45:30][info][CRDTCallbackManager] Successfully registered new data callback for pattern: '/?gnus-genesis-block'
[2026-09-03 10:45:30][info][CRDTCallbackManager] Successfully registered new data callback for pattern: '/?gnus-account-creation-.*'
[2026-09-03 10:45:30][info][CRDTCallbackManager] Successfully registered new data callback for pattern: '^/?/bc-144/tx/[^/]+'
[2026-09-03 10:45:30][info][CRDTCallbackManager] Successfully registered deleted data callback for pattern: '^/?/bc-144/tx/[^/]+'
[2026-09-03 10:45:30][info][CRDTCallbackManager] Successfully registered new data callback for pattern: '^/?/bc-963/tx/[^/]+'
[2026-09-03 10:45:30][info][CRDTCallbackManager] Successfully registered deleted data callback for pattern: '^/?/bc-963/tx/[^/]+'
[2026-09-03 10:45:30][info][CRDTCallbackManager] Successfully registered new data callback for pattern: '^/?/bc-369/tx/[^/]+'
[2026-09-03 10:45:30][info][CRDTCallbackManager] Successfully registered deleted data callback for pattern: '^/?/bc-369/tx/[^/]+'
[2026-09-03 10:45:30][info][KeyPairFileStorage] Path to keypairs multi_node_finality_fault/restart-vote-validator-three/keypair
[2026-09-03 10:45:30][info][KeyPairFileStorage] Peer ID from public key: 12D3KooWDWhN4gRyYRkeukSmb4GkS39r1PrEriWJVYnUzoFhsuFh
Current limits: 16384 (soft), 9223372036854775807 (hard)
New limits set successfully: 16384 (soft), 9223372036854775807 (hard)
Initialized relay addresses
[2026-09-03 10:45:30.633658000][th:597387][info] GossipPubSub /ip4/0.0.0.0/tcp/54603/p2p/12D3KooWDWhN4gRyYRkeukSmb4GkS39r1PrEriWJVYnUzoFhsuFh: Starting PubSub service
[2026-09-03 10:45:30.633705000][th:597480][info] GossipPubSub Starting address monitoring system for mobile network changes
[2026-09-03 10:45:30.633707000][th:597480][info] GossipPubSub === CURRENT NETWORK STATE ===
[2026-09-03 10:45:30.633712000][th:597480][info] GossipPubSub Primary listening address: /ip4/0.0.0.0/tcp/54603/p2p/12D3KooWDWhN4gRyYRkeukSmb4GkS39r1PrEriWJVYnUzoFhsuFh
[2026-09-03 10:45:30.633713000][th:597480][info] GossipPubSub Host peer info addresses (0):
[2026-09-03 10:45:30.633714000][th:597480][info] GossipPubSub Additional addresses we track (0):
[2026-09-03 10:45:30.633714000][th:597480][info] GossipPubSub Listening addresses (1):
[2026-09-03 10:45:30.633715000][th:597480][info] GossipPubSub   -> /ip4/0.0.0.0/tcp/54603/p2p/12D3KooWDWhN4gRyYRkeukSmb4GkS39r1PrEriWJVYnUzoFhsuFh
[2026-09-03 10:45:30.633716000][th:597480][info] GossipPubSub Interface addresses (0):
[2026-09-03 10:45:30.633716000][th:597480][info] GossipPubSub === RAW OBSERVED ADDRESS DEBUG ===
[2026-09-03 10:45:30.633718000][th:597480][info] GossipPubSub Local address: /ip4/0.0.0.0/tcp/54603/p2p/12D3KooWDWhN4gRyYRkeukSmb4GkS39r1PrEriWJVYnUzoFhsuFh -> 0 raw observed, 0 activated+confirmed
[2026-09-03 10:45:30.633719000][th:597480][info] GossipPubSub TOTAL: 0 raw observed addresses, 0 activated+confirmed addresses
[2026-09-03 10:45:30.633720000][th:597480][info] GossipPubSub === END RAW OBSERVED ADDRESS DEBUG ===
[2026-09-03 10:45:30.633720000][th:597480][info] GossipPubSub Observed addresses - all (0):
[2026-09-03 10:45:30.633721000][th:597480][info] GossipPubSub Observed addresses - confirmed only (0):
[2026-09-03 10:45:30.633722000][th:597480][info] GossipPubSub Relay addresses (0):
[2026-09-03 10:45:30.633723000][th:597480][warning] GossipPubSub Failed to get addresses from peer repository: not found
[2026-09-03 10:45:30.633750000][th:597480][info] GossipPubSub Found 1 valid network interfaces
[2026-09-03 10:45:30.633751000][th:597480][info] GossipPubSub Current network interfaces (1):
[2026-09-03 10:45:30.633752000][th:597480][info] GossipPubSub   -> 192.168.1.6
[2026-09-03 10:45:30.633755000][th:597480][info] GossipPubSub Active connections: 0
[2026-09-03 10:45:30.633756000][th:597480][info] GossipPubSub === PEER CONNECTION DETAILS ===
[2026-09-03 10:45:30.633757000][th:597480][info] GossipPubSub NOTE: Observed addresses need to be seen by 4+ different peer groups to become 'activated'
[2026-09-03 10:45:30.633758000][th:597480][info] GossipPubSub NOTE: Current connections: 0, so max possible observers: 0
[2026-09-03 10:45:30.633758000][th:597480][info] GossipPubSub === END PEER CONNECTION DETAILS ===
[2026-09-03 10:45:30.633759000][th:597480][info] GossipPubSub Connection manager stats:
[2026-09-03 10:45:30.633759000][th:597480][info] GossipPubSub   -> Max connections: 1000
[2026-09-03 10:45:30.633760000][th:597480][info] GossipPubSub   -> Current connections: 0
[2026-09-03 10:45:30.633761000][th:597480][info] GossipPubSub === END NETWORK STATE ===
[2026-09-03 10:45:30.633882000][th:597480][info] GossipPubSub /ip4/0.0.0.0/tcp/54603/p2p/12D3KooWDWhN4gRyYRkeukSmb4GkS39r1PrEriWJVYnUzoFhsuFh : PubSub service started
[2026-09-03 10:45:30][info][GlobalDB] Opening database /Users/henriqueklein/gnus/SuperGenius/multi_node_finality_fault/restart-vote-validator-three/rocksdb
[2026-09-03 10:45:30][debug][GraphsyncDAGSyncer] GraphSyncer created 5819958024 
[2026-09-03 10:45:30][info][CrdtDatastore] crdt Datastore created. Number of heads: 0 Current max-height: 0
[2026-09-03 10:45:30][info][GeniusAccount] Secure storage ID path: /Users/henriqueklein/gnus/SuperGenius/multi_node_finality_fault/restart-vote-validator-three/account/secure_storage_id
[2026-09-03 10:45:30][error][GeniusAccount] Could not find existing Genius address, generating one from a random mnemonic
[2026-09-03 10:45:30][warning][UTXOManager] Found UTXOs in storage, but there were none
[2026-09-03 10:45:30][info][Blockchain] [f7bc1f1c] Blockchain instance created with authorized full node: 8a33bdf1
[2026-09-03 10:45:30][error][ValidatorRegistry] InitializeCache: registry content not found during cache init
[2026-09-03 10:45:30][info][CRDTCallbackManager] Successfully registered new data callback for pattern: '/?gnus-validator-registry'
[2026-09-03 10:45:30][info][ValidatorRegistry] RegisterFilter: result=true
[2026-09-03 10:45:30][info][ValidatorRegistry] New: instance ready
[2026-09-03 10:45:30.663215000][th:597480][info] GossipPubSub /ip4/0.0.0.0/tcp/54603/p2p/12D3KooWDWhN4gRyYRkeukSmb4GkS39r1PrEriWJVYnUzoFhsuFh: PubSub subscribed to topic 'gnus-validator-registry.3.7.144'
[2026-09-03 10:45:30][info][CRDTCallbackManager] Successfully registered new data callback for pattern: '^/?cert/[^/]+'
[2026-09-03 10:45:30.663237000][th:597480][info] GossipPubSub /ip4/0.0.0.0/tcp/54603/p2p/12D3KooWDWhN4gRyYRkeukSmb4GkS39r1PrEriWJVYnUzoFhsuFh: PubSub subscribed to topic 'consensus-channel-.3.7.144'
[2026-09-03 10:45:30][warning][Blockchain] [f7bc1f1c] Failed to request validator registry during blockchain init
[2026-09-03 10:45:30][info][CRDTCallbackManager] Successfully registered new data callback for pattern: '/?gnus-genesis-block'
[2026-09-03 10:45:30][info][CRDTCallbackManager] Successfully registered new data callback for pattern: '/?gnus-account-creation-.*'
[2026-09-03 10:45:30.663256000][th:597480][info] GossipPubSub /ip4/0.0.0.0/tcp/54603/p2p/12D3KooWDWhN4gRyYRkeukSmb4GkS39r1PrEriWJVYnUzoFhsuFh: PubSub subscribed to topic 'consensus-channel-.3.7.144#datastore.3.7.144'
[2026-09-03 10:45:30][info][CRDTCallbackManager] Successfully registered new data callback for pattern: '^/?/bc-144/tx/[^/]+'
[2026-09-03 10:45:30][info][CRDTCallbackManager] Successfully registered deleted data callback for pattern: '^/?/bc-144/tx/[^/]+'
[2026-09-03 10:45:30][info][CRDTCallbackManager] Successfully registered new data callback for pattern: '^/?/bc-963/tx/[^/]+'
[2026-09-03 10:45:30][info][CRDTCallbackManager] Successfully registered deleted data callback for pattern: '^/?/bc-963/tx/[^/]+'
[2026-09-03 10:45:30][info][CRDTCallbackManager] Successfully registered new data callback for pattern: '^/?/bc-369/tx/[^/]+'
[2026-09-03 10:45:30][info][CRDTCallbackManager] Successfully registered deleted data callback for pattern: '^/?/bc-369/tx/[^/]+'
[2026-09-03 10:45:30][info][KeyPairFileStorage] Path to keypairs multi_node_finality_fault/restart-vote-passive/keypair
[2026-09-03 10:45:30][info][KeyPairFileStorage] Peer ID from public key: 12D3KooWRUtTb75iKgFQsYWcyNqqzZvr7Nrpgf4hJSj85FTCLM75
Current limits: 16384 (soft), 9223372036854775807 (hard)
New limits set successfully: 16384 (soft), 9223372036854775807 (hard)
Initialized relay addresses
[2026-09-03 10:45:30.664929000][th:597387][info] GossipPubSub /ip4/0.0.0.0/tcp/54604/p2p/12D3KooWRUtTb75iKgFQsYWcyNqqzZvr7Nrpgf4hJSj85FTCLM75: Starting PubSub service
[2026-09-03 10:45:30.664968000][th:597509][info] GossipPubSub Starting address monitoring system for mobile network changes
[2026-09-03 10:45:30.664970000][th:597509][info] GossipPubSub === CURRENT NETWORK STATE ===
[2026-09-03 10:45:30.664974000][th:597509][info] GossipPubSub Primary listening address: /ip4/0.0.0.0/tcp/54604/p2p/12D3KooWRUtTb75iKgFQsYWcyNqqzZvr7Nrpgf4hJSj85FTCLM75
[2026-09-03 10:45:30.664975000][th:597509][info] GossipPubSub Host peer info addresses (0):
[2026-09-03 10:45:30.664976000][th:597509][info] GossipPubSub Additional addresses we track (0):
[2026-09-03 10:45:30.664977000][th:597509][info] GossipPubSub Listening addresses (1):
[2026-09-03 10:45:30.664978000][th:597509][info] GossipPubSub   -> /ip4/0.0.0.0/tcp/54604/p2p/12D3KooWRUtTb75iKgFQsYWcyNqqzZvr7Nrpgf4hJSj85FTCLM75
[2026-09-03 10:45:30.664978000][th:597509][info] GossipPubSub Interface addresses (0):
[2026-09-03 10:45:30.664979000][th:597509][info] GossipPubSub === RAW OBSERVED ADDRESS DEBUG ===
[2026-09-03 10:45:30.664981000][th:597509][info] GossipPubSub Local address: /ip4/0.0.0.0/tcp/54604/p2p/12D3KooWRUtTb75iKgFQsYWcyNqqzZvr7Nrpgf4hJSj85FTCLM75 -> 0 raw observed, 0 activated+confirmed
[2026-09-03 10:45:30.664981000][th:597509][info] GossipPubSub TOTAL: 0 raw observed addresses, 0 activated+confirmed addresses
[2026-09-03 10:45:30.664982000][th:597509][info] GossipPubSub === END RAW OBSERVED ADDRESS DEBUG ===
[2026-09-03 10:45:30.664983000][th:597509][info] GossipPubSub Observed addresses - all (0):
[2026-09-03 10:45:30.664984000][th:597509][info] GossipPubSub Observed addresses - confirmed only (0):
[2026-09-03 10:45:30.664984000][th:597509][info] GossipPubSub Relay addresses (0):
[2026-09-03 10:45:30.664986000][th:597509][warning] GossipPubSub Failed to get addresses from peer repository: not found
[2026-09-03 10:45:30.665007000][th:597509][info] GossipPubSub Found 1 valid network interfaces
[2026-09-03 10:45:30.665009000][th:597509][info] GossipPubSub Current network interfaces (1):
[2026-09-03 10:45:30.665009000][th:597509][info] GossipPubSub   -> 192.168.1.6
[2026-09-03 10:45:30.665010000][th:597509][info] GossipPubSub Active connections: 0
[2026-09-03 10:45:30.665011000][th:597509][info] GossipPubSub === PEER CONNECTION DETAILS ===
[2026-09-03 10:45:30.665011000][th:597509][info] GossipPubSub NOTE: Observed addresses need to be seen by 4+ different peer groups to become 'activated'
[2026-09-03 10:45:30.665012000][th:597509][info] GossipPubSub NOTE: Current connections: 0, so max possible observers: 0
[2026-09-03 10:45:30.665013000][th:597509][info] GossipPubSub === END PEER CONNECTION DETAILS ===
[2026-09-03 10:45:30.665013000][th:597509][info] GossipPubSub Connection manager stats:
[2026-09-03 10:45:30.665014000][th:597509][info] GossipPubSub   -> Max connections: 1000
[2026-09-03 10:45:30.665015000][th:597509][info] GossipPubSub   -> Current connections: 0
[2026-09-03 10:45:30.665015000][th:597509][info] GossipPubSub === END NETWORK STATE ===
[2026-09-03 10:45:30.665106000][th:597509][info] GossipPubSub /ip4/0.0.0.0/tcp/54604/p2p/12D3KooWRUtTb75iKgFQsYWcyNqqzZvr7Nrpgf4hJSj85FTCLM75 : PubSub service started
[2026-09-03 10:45:30][info][GlobalDB] Opening database /Users/henriqueklein/gnus/SuperGenius/multi_node_finality_fault/restart-vote-passive/rocksdb
[2026-09-03 10:45:30][debug][GraphsyncDAGSyncer] GraphSyncer created 5821125912 
[2026-09-03 10:45:30][info][CrdtDatastore] crdt Datastore created. Number of heads: 0 Current max-height: 0
[2026-09-03 10:45:30][info][GeniusAccount] Secure storage ID path: /Users/henriqueklein/gnus/SuperGenius/multi_node_finality_fault/restart-vote-passive/account/secure_storage_id
[2026-09-03 10:45:30][error][GeniusAccount] Could not find existing Genius address, generating one from a random mnemonic
[2026-09-03 10:45:30][warning][UTXOManager] Found UTXOs in storage, but there were none
[2026-09-03 10:45:30][info][Blockchain] [e09925bc] Blockchain instance created with authorized full node: 8a33bdf1
[2026-09-03 10:45:30][error][ValidatorRegistry] InitializeCache: registry content not found during cache init
[2026-09-03 10:45:30][info][CRDTCallbackManager] Successfully registered new data callback for pattern: '/?gnus-validator-registry'
[2026-09-03 10:45:30][info][ValidatorRegistry] RegisterFilter: result=true
[2026-09-03 10:45:30][info][ValidatorRegistry] New: instance ready
[2026-09-03 10:45:30.697499000][th:597509][info] GossipPubSub /ip4/0.0.0.0/tcp/54604/p2p/12D3KooWRUtTb75iKgFQsYWcyNqqzZvr7Nrpgf4hJSj85FTCLM75: PubSub subscribed to topic 'gnus-validator-registry.3.7.144'
[2026-09-03 10:45:30][info][CRDTCallbackManager] Successfully registered new data callback for pattern: '^/?cert/[^/]+'
[2026-09-03 10:45:30.697523000][th:597509][info] GossipPubSub /ip4/0.0.0.0/tcp/54604/p2p/12D3KooWRUtTb75iKgFQsYWcyNqqzZvr7Nrpgf4hJSj85FTCLM75: PubSub subscribed to topic 'consensus-channel-.3.7.144'
[2026-09-03 10:45:30][warning][Blockchain] [e09925bc] Failed to request validator registry during blockchain init
[2026-09-03 10:45:30][info][CRDTCallbackManager] Successfully registered new data callback for pattern: '/?gnus-genesis-block'
[2026-09-03 10:45:30][info][CRDTCallbackManager] Successfully registered new data callback for pattern: '/?gnus-account-creation-.*'
[2026-09-03 10:45:30.697543000][th:597509][info] GossipPubSub /ip4/0.0.0.0/tcp/54604/p2p/12D3KooWRUtTb75iKgFQsYWcyNqqzZvr7Nrpgf4hJSj85FTCLM75: PubSub subscribed to topic 'consensus-channel-.3.7.144#datastore.3.7.144'
[2026-09-03 10:45:30][info][CRDTCallbackManager] Successfully registered new data callback for pattern: '^/?/bc-144/tx/[^/]+'
[2026-09-03 10:45:30][info][CRDTCallbackManager] Successfully registered deleted data callback for pattern: '^/?/bc-144/tx/[^/]+'
[2026-09-03 10:45:30][info][CRDTCallbackManager] Successfully registered new data callback for pattern: '^/?/bc-963/tx/[^/]+'
[2026-09-03 10:45:30][info][CRDTCallbackManager] Successfully registered deleted data callback for pattern: '^/?/bc-963/tx/[^/]+'
[2026-09-03 10:45:30][info][CRDTCallbackManager] Successfully registered new data callback for pattern: '^/?/bc-369/tx/[^/]+'
[2026-09-03 10:45:30][info][CRDTCallbackManager] Successfully registered deleted data callback for pattern: '^/?/bc-369/tx/[^/]+'
[2026-09-03 10:45:30][info][CrdtDatastore] Topics { name="gnus-validator-registry" }
[2026-09-03 10:45:30][info][CRDTCallbackManager] Executing callback for key '/gnus-validator-registry' matching pattern '/?gnus-validator-registry'
[2026-09-03 10:45:30][info][ValidatorRegistry] RegistryUpdateReceived: cache updated and initialized
[2026-09-03 10:45:30][debug][GraphsyncDAGSyncer] addNode: Added node QmU9n6iLJgWexa5eZTYwkuYpLWdZeQyXGm6okCi9nWYvvu on dagService 
[2026-09-03 10:45:30][info][ValidatorRegistry] StoreRegistryUpdate: stored registry update CID QmU9n6iLJgWexa5eZTYwkuYpLWdZeQyXGm6okCi9nWYvvu
[2026-09-03 10:45:30][info][ValidatorRegistry] StoreRegistryUpdate: success
[2026-09-03 10:45:30][info][CrdtDatastore] Topics { name="gnus-validator-registry" }
[2026-09-03 10:45:30][info][CRDTCallbackManager] Executing callback for key '/gnus-validator-registry' matching pattern '/?gnus-validator-registry'
[2026-09-03 10:45:30][info][ValidatorRegistry] RegistryUpdateReceived: cache updated and initialized
[2026-09-03 10:45:30][debug][GraphsyncDAGSyncer] addNode: Added node QmU9n6iLJgWexa5eZTYwkuYpLWdZeQyXGm6okCi9nWYvvu on dagService 
[2026-09-03 10:45:30][info][ValidatorRegistry] StoreRegistryUpdate: stored registry update CID QmU9n6iLJgWexa5eZTYwkuYpLWdZeQyXGm6okCi9nWYvvu
[2026-09-03 10:45:30][info][ValidatorRegistry] StoreRegistryUpdate: success
[2026-09-03 10:45:30][info][CrdtDatastore] Topics { name="gnus-validator-registry" }
[2026-09-03 10:45:30][info][CRDTCallbackManager] Executing callback for key '/gnus-validator-registry' matching pattern '/?gnus-validator-registry'
[2026-09-03 10:45:30][info][ValidatorRegistry] RegistryUpdateReceived: cache updated and initialized
[2026-09-03 10:45:30][debug][GraphsyncDAGSyncer] addNode: Added node QmU9n6iLJgWexa5eZTYwkuYpLWdZeQyXGm6okCi9nWYvvu on dagService 
[2026-09-03 10:45:30][info][ValidatorRegistry] StoreRegistryUpdate: stored registry update CID QmU9n6iLJgWexa5eZTYwkuYpLWdZeQyXGm6okCi9nWYvvu
[2026-09-03 10:45:30][info][ValidatorRegistry] StoreRegistryUpdate: success
[2026-09-03 10:45:30][info][CrdtDatastore] Topics { name="gnus-validator-registry" }
[2026-09-03 10:45:30][info][CRDTCallbackManager] Executing callback for key '/gnus-validator-registry' matching pattern '/?gnus-validator-registry'
[2026-09-03 10:45:30][info][ValidatorRegistry] RegistryUpdateReceived: cache updated and initialized
[2026-09-03 10:45:30][debug][GraphsyncDAGSyncer] addNode: Added node QmU9n6iLJgWexa5eZTYwkuYpLWdZeQyXGm6okCi9nWYvvu on dagService 
[2026-09-03 10:45:30][info][ValidatorRegistry] StoreRegistryUpdate: stored registry update CID QmU9n6iLJgWexa5eZTYwkuYpLWdZeQyXGm6okCi9nWYvvu
[2026-09-03 10:45:30][info][ValidatorRegistry] StoreRegistryUpdate: success
[2026-09-03 10:45:30][info][TransactionManager] [93e0f407 - full: false] ChangeTransactionState: Temp tracking entry created tx=c60f60bd1ae4ba2ccb77dfa2d0e8e6c27ffb6290f5e29b8e2e8f104304884370
[2026-09-03 10:45:33][info][CRDTCallbackManager] Successfully unregistered new data callback for pattern: '^/?/bc-144/tx/[^/]+'
[2026-09-03 10:45:33][info][CRDTCallbackManager] Successfully unregistered deleted data callback for pattern: '^/?/bc-144/tx/[^/]+'
[2026-09-03 10:45:33][info][CRDTCallbackManager] Successfully unregistered new data callback for pattern: '^/?/bc-963/tx/[^/]+'
[2026-09-03 10:45:33][info][CRDTCallbackManager] Successfully unregistered deleted data callback for pattern: '^/?/bc-963/tx/[^/]+'
[2026-09-03 10:45:33][info][CRDTCallbackManager] Successfully unregistered new data callback for pattern: '^/?/bc-369/tx/[^/]+'
[2026-09-03 10:45:33][info][CRDTCallbackManager] Successfully unregistered deleted data callback for pattern: '^/?/bc-369/tx/[^/]+'
[2026-09-03 10:45:33][info][TransactionManager] [93e0f407 - full: false] ~TransactionManager: Metrics — cert_fallback(success=0 failure=0) validation(approve=1 reject=0) tracking(insert=1 confirm=0 fail=0)
[2026-09-03 10:45:33][info][Blockchain] [93e0f407] Stopping blockchain
[2026-09-03 10:45:33][info][CRDTCallbackManager] Successfully unregistered new data callback for pattern: '/?gnus-genesis-block'
[2026-09-03 10:45:33][info][CRDTCallbackManager] Successfully unregistered new data callback for pattern: '/?gnus-account-creation-.*'
[2026-09-03 10:45:33][info][CRDTCallbackManager] Successfully unregistered new data callback for pattern: '/?gnus-validator-registry'
[2026-09-03 10:45:33][debug][GlobalDB] ~GlobalDB CALLED with count 6 on multi_node_finality_fault/restart-vote-validator-one/rocksdb 
[2026-09-03 10:45:33][info][GlobalDB] GlobalDB shutdown start
[2026-09-03 10:45:33][info][CrdtDatastore] CancelAndCloseNow: begin (pending_jobs=0, self_queue=0, root_queue=0, pending_roots=0, active_root=false)
[2026-09-03 10:45:33][debug][GraphsyncDAGSyncer] Stopping Dagsyncer
[2026-09-03 10:45:33][debug][GraphsyncDAGSyncer] Dagsyncer Stopped
[2026-09-03 10:45:33][info][CrdtDatastore] CancelAndCloseNow: CRDT workers stopped
[2026-09-03 10:45:33][warning][CrdtDatastore] CancelAndCloseNow called but shutdown has already started
[2026-09-03 10:45:33][debug][GraphsyncDAGSyncer] ~GraphsyncDAGSyncer CALLED
[2026-09-03 10:45:33][info][GlobalDB] GlobalDB shutdown finished
[2026-09-03 10:45:33.611218000][th:597420][error] GossipPubSub Address monitoring timer error: Operation canceled
[2026-09-03 10:45:34][info][KeyPairFileStorage] Path to keypairs multi_node_finality_fault/restart-vote-validator-one/keypair
[2026-09-03 10:45:34][info][KeyPairFileStorage] Peer ID from public key: 12D3KooWE5iBtCHpnT8vMFXSDYr5yNYZu29z96z3j29qf1yTLpo2
Current limits: 16384 (soft), 9223372036854775807 (hard)
New limits set successfully: 16384 (soft), 9223372036854775807 (hard)
Initialized relay addresses
[2026-09-03 10:45:34.619876000][th:597387][info] GossipPubSub /ip4/0.0.0.0/tcp/54601/p2p/12D3KooWE5iBtCHpnT8vMFXSDYr5yNYZu29z96z3j29qf1yTLpo2: Starting PubSub service
[2026-09-03 10:45:34.620050000][th:597666][info] GossipPubSub Starting address monitoring system for mobile network changes
[2026-09-03 10:45:34.620062000][th:597666][info] GossipPubSub === CURRENT NETWORK STATE ===
[2026-09-03 10:45:34.620078000][th:597666][info] GossipPubSub Primary listening address: /ip4/0.0.0.0/tcp/54601/p2p/12D3KooWE5iBtCHpnT8vMFXSDYr5yNYZu29z96z3j29qf1yTLpo2
[2026-09-03 10:45:34.620080000][th:597666][info] GossipPubSub Host peer info addresses (0):
[2026-09-03 10:45:34.620082000][th:597666][info] GossipPubSub Additional addresses we track (0):
[2026-09-03 10:45:34.620083000][th:597666][info] GossipPubSub Listening addresses (1):
[2026-09-03 10:45:34.620085000][th:597666][info] GossipPubSub   -> /ip4/0.0.0.0/tcp/54601/p2p/12D3KooWE5iBtCHpnT8vMFXSDYr5yNYZu29z96z3j29qf1yTLpo2
[2026-09-03 10:45:34.620086000][th:597666][info] GossipPubSub Interface addresses (0):
[2026-09-03 10:45:34.620087000][th:597666][info] GossipPubSub === RAW OBSERVED ADDRESS DEBUG ===
[2026-09-03 10:45:34.620090000][th:597666][info] GossipPubSub Local address: /ip4/0.0.0.0/tcp/54601/p2p/12D3KooWE5iBtCHpnT8vMFXSDYr5yNYZu29z96z3j29qf1yTLpo2 -> 0 raw observed, 0 activated+confirmed
[2026-09-03 10:45:34.620093000][th:597666][info] GossipPubSub TOTAL: 0 raw observed addresses, 0 activated+confirmed addresses
[2026-09-03 10:45:34.620095000][th:597666][info] GossipPubSub === END RAW OBSERVED ADDRESS DEBUG ===
[2026-09-03 10:45:34.620096000][th:597666][info] GossipPubSub Observed addresses - all (0):
[2026-09-03 10:45:34.620097000][th:597666][info] GossipPubSub Observed addresses - confirmed only (0):
[2026-09-03 10:45:34.620098000][th:597666][info] GossipPubSub Relay addresses (0):
[2026-09-03 10:45:34.620102000][th:597666][warning] GossipPubSub Failed to get addresses from peer repository: not found
[2026-09-03 10:45:34.620187000][th:597666][info] GossipPubSub Found 1 valid network interfaces
[2026-09-03 10:45:34.620192000][th:597666][info] GossipPubSub Current network interfaces (1):
[2026-09-03 10:45:34.620194000][th:597666][info] GossipPubSub   -> 192.168.1.6
[2026-09-03 10:45:34.620195000][th:597666][info] GossipPubSub Active connections: 0
[2026-09-03 10:45:34.620196000][th:597666][info] GossipPubSub === PEER CONNECTION DETAILS ===
[2026-09-03 10:45:34.620197000][th:597666][info] GossipPubSub NOTE: Observed addresses need to be seen by 4+ different peer groups to become 'activated'
[2026-09-03 10:45:34.620199000][th:597666][info] GossipPubSub NOTE: Current connections: 0, so max possible observers: 0
[2026-09-03 10:45:34.620200000][th:597666][info] GossipPubSub === END PEER CONNECTION DETAILS ===
[2026-09-03 10:45:34.620202000][th:597666][info] GossipPubSub Connection manager stats:
[2026-09-03 10:45:34.620203000][th:597666][info] GossipPubSub   -> Max connections: 1000
[2026-09-03 10:45:34.620204000][th:597666][info] GossipPubSub   -> Current connections: 0
[2026-09-03 10:45:34.620205000][th:597666][info] GossipPubSub === END NETWORK STATE ===
[2026-09-03 10:45:34.620594000][th:597666][info] GossipPubSub /ip4/0.0.0.0/tcp/54601/p2p/12D3KooWE5iBtCHpnT8vMFXSDYr5yNYZu29z96z3j29qf1yTLpo2 : PubSub service started
[2026-09-03 10:45:34][info][GlobalDB] Opening database /Users/henriqueklein/gnus/SuperGenius/multi_node_finality_fault/restart-vote-validator-one/rocksdb
[2026-09-03 10:45:34][debug][GraphsyncDAGSyncer] GraphSyncer created 5014313000 
[2026-09-03 10:45:34][info][CrdtDatastore] crdt Datastore created. Number of heads: 1 Current max-height: 1
[2026-09-03 10:45:34][info][GeniusAccount] Secure storage ID path: /Users/henriqueklein/gnus/SuperGenius/multi_node_finality_fault/restart-vote-validator-one/account/secure_storage_id
[2026-09-03 10:45:34][info][GeniusAccount] Loaded public key from file: 93e0f407c70c709f... (length: 128)
[2026-09-03 10:45:34][info][GeniusAccount] Successfully loaded key_seed from storage
[2026-09-03 10:45:34][info][GeniusAccount] Validation successful: key_seed matches stored public key
[2026-09-03 10:45:34][warning][UTXOManager] Found UTXOs in storage, but there were none
[2026-09-03 10:45:34][info][Blockchain] [93e0f407] Blockchain instance created with authorized full node: 8a33bdf1
[2026-09-03 10:45:34][info][ValidatorRegistry] InitializeCache: cache initialized with CID QmU9n6iLJgWexa5eZTYwkuYpLWdZeQyXGm6okCi9nWYvvu
[2026-09-03 10:45:34][info][CRDTCallbackManager] Successfully registered new data callback for pattern: '/?gnus-validator-registry'
[2026-09-03 10:45:34][info][ValidatorRegistry] RegisterFilter: result=true
[2026-09-03 10:45:34][info][ValidatorRegistry] New: instance ready
[2026-09-03 10:45:34.654211000][th:597666][info] GossipPubSub /ip4/0.0.0.0/tcp/54601/p2p/12D3KooWE5iBtCHpnT8vMFXSDYr5yNYZu29z96z3j29qf1yTLpo2: PubSub subscribed to topic 'gnus-validator-registry.3.7.144'
[2026-09-03 10:45:34.654245000][th:597666][info] GossipPubSub /ip4/0.0.0.0/tcp/54601/p2p/12D3KooWE5iBtCHpnT8vMFXSDYr5yNYZu29z96z3j29qf1yTLpo2: PubSub subscribed to topic 'consensus-channel-.3.7.144'
[2026-09-03 10:45:34][info][CRDTCallbackManager] Successfully registered new data callback for pattern: '^/?cert/[^/]+'
[2026-09-03 10:45:34.655664000][th:597666][info] GossipPubSub /ip4/0.0.0.0/tcp/54601/p2p/12D3KooWE5iBtCHpnT8vMFXSDYr5yNYZu29z96z3j29qf1yTLpo2: PubSub subscribed to topic 'consensus-channel-.3.7.144#datastore.3.7.144'
[2026-09-03 10:45:34][info][CRDTCallbackManager] Successfully registered new data callback for pattern: '/?gnus-genesis-block'
[2026-09-03 10:45:34][info][CRDTCallbackManager] Successfully registered new data callback for pattern: '/?gnus-account-creation-.*'
[2026-09-03 10:45:34][info][CRDTCallbackManager] Successfully registered new data callback for pattern: '^/?/bc-144/tx/[^/]+'
[2026-09-03 10:45:34][info][CRDTCallbackManager] Successfully registered deleted data callback for pattern: '^/?/bc-144/tx/[^/]+'
[2026-09-03 10:45:34][info][CRDTCallbackManager] Successfully registered new data callback for pattern: '^/?/bc-963/tx/[^/]+'
[2026-09-03 10:45:34][info][CRDTCallbackManager] Successfully registered deleted data callback for pattern: '^/?/bc-963/tx/[^/]+'
[2026-09-03 10:45:34][info][CRDTCallbackManager] Successfully registered new data callback for pattern: '^/?/bc-369/tx/[^/]+'
[2026-09-03 10:45:34][info][CRDTCallbackManager] Successfully registered deleted data callback for pattern: '^/?/bc-369/tx/[^/]+'
[2026-09-03 10:45:34.657262000][th:597666][info] GossipPubSub Adding new peer: 12D3KooWD9Ruh2Rd7hRsq6UHTFwrS68ktbSgtiAY5cVcr41N1iVc
[2026-09-03 10:45:34.657391000][th:597666][info] GossipPubSub Adding new peer: 12D3KooWDWhN4gRyYRkeukSmb4GkS39r1PrEriWJVYnUzoFhsuFh
[2026-09-03 10:45:34.657507000][th:597666][info] GossipPubSub Adding new peer: 12D3KooWRUtTb75iKgFQsYWcyNqqzZvr7Nrpgf4hJSj85FTCLM75
[2026-09-03 10:45:34.657608000][th:597446][info] GossipPubSub Adding new peer: 12D3KooWE5iBtCHpnT8vMFXSDYr5yNYZu29z96z3j29qf1yTLpo2
[2026-09-03 10:45:34.657692000][th:597446][info] GossipPubSub Adding new peer: 12D3KooWDWhN4gRyYRkeukSmb4GkS39r1PrEriWJVYnUzoFhsuFh
[2026-09-03 10:45:34.657782000][th:597446][info] GossipPubSub Adding new peer: 12D3KooWRUtTb75iKgFQsYWcyNqqzZvr7Nrpgf4hJSj85FTCLM75
[2026-09-03 10:45:34.657871000][th:597480][info] GossipPubSub Adding new peer: 12D3KooWE5iBtCHpnT8vMFXSDYr5yNYZu29z96z3j29qf1yTLpo2
[2026-09-03 10:45:34.657950000][th:597480][info] GossipPubSub Adding new peer: 12D3KooWD9Ruh2Rd7hRsq6UHTFwrS68ktbSgtiAY5cVcr41N1iVc
[2026-09-03 10:45:34.658037000][th:597480][info] GossipPubSub Adding new peer: 12D3KooWRUtTb75iKgFQsYWcyNqqzZvr7Nrpgf4hJSj85FTCLM75
[2026-09-03 10:45:34.658123000][th:597509][info] GossipPubSub Adding new peer: 12D3KooWE5iBtCHpnT8vMFXSDYr5yNYZu29z96z3j29qf1yTLpo2
[2026-09-03 10:45:34.658205000][th:597509][info] GossipPubSub Adding new peer: 12D3KooWD9Ruh2Rd7hRsq6UHTFwrS68ktbSgtiAY5cVcr41N1iVc
[2026-09-03 10:45:34.658289000][th:597509][info] GossipPubSub Adding new peer: 12D3KooWDWhN4gRyYRkeukSmb4GkS39r1PrEriWJVYnUzoFhsuFh
[2026-09-03 10:45:34][info][TransactionManager] [93e0f407 - full: false] ChangeTransactionState: Temp tracking entry created tx=c60f60bd1ae4ba2ccb77dfa2d0e8e6c27ffb6290f5e29b8e2e8f104304884370
[2026-09-03 10:45:34][info][TransactionManager] [f7bc1f1c - full: false] ChangeTransactionState: Temp tracking entry created tx=c60f60bd1ae4ba2ccb77dfa2d0e8e6c27ffb6290f5e29b8e2e8f104304884370
[2026-09-03 10:45:34][info][TransactionManager] [9525c706 - full: false] ChangeTransactionState: Temp tracking entry created tx=c60f60bd1ae4ba2ccb77dfa2d0e8e6c27ffb6290f5e29b8e2e8f104304884370
[2026-09-03 10:45:34][info][TransactionManager] [e09925bc - full: false] ChangeTransactionState: Temp tracking entry created tx=c60f60bd1ae4ba2ccb77dfa2d0e8e6c27ffb6290f5e29b8e2e8f104304884370
[2026-09-03 10:45:39][info][CrdtDatastore] Topics { name="consensus-channel-.3.7.144#datastore" }
[2026-09-03 10:45:39][info][CRDTCallbackManager] Executing callback for key '/cert/mint-v2:test:0000000000000000000000000000000000000000000000000000000000000000:42:93e0f407c70c709ff14214b399c6f7f02a00899f799124d93af36d9ba28e5614785864ffce7c9fef296d4fae7cd20c35471df8f99b67186fc8bf2b7e40aca68f:cccccccccccccccccccccccccccccccccccccccccccccccccccccccccccccccc' matching pattern '^/?cert/[^/]+'
[2026-09-03 10:45:39][debug][GraphsyncDAGSyncer] addNode: Added node QmX4LKJDUKyM1SE6m52VCRUvVgbVirtmehi2YazPq5Yafe on dagService 
[2026-09-03 10:45:39][info][UTXOManager] Stored 1 UTXOs for address 93e0f407c70c709ff14214b399c6f7f02a00899f799124d93af36d9ba28e5614785864ffce7c9fef296d4fae7cd20c35471df8f99b67186fc8bf2b7e40aca68f
[2026-09-03 10:45:39][info][UTXOManager] Stored 2 UTXOs for address 93e0f407c70c709ff14214b399c6f7f02a00899f799124d93af36d9ba28e5614785864ffce7c9fef296d4fae7cd20c35471df8f99b67186fc8bf2b7e40aca68f
[2026-09-03 10:45:39][warning][TransactionManager] [f7bc1f1c - full: false] Mint-v2 c60f60bd1ae4ba2ccb77dfa2d0e8e6c27ffb6290f5e29b8e2e8f104304884370 did not consume every burn input (already consumed or missing); burn outpoint metadata may have been rebuilt with zero amount
[2026-09-03 10:45:39][info][TransactionManager] [f7bc1f1c - full: false] Created tokens (mint-v2), amount 42 balance 0
[2026-09-03 10:45:39][info][TransactionManager] [f7bc1f1c - full: false] ChangeTransactionState: Tracking entry confirmed tx=c60f60bd1ae4ba2ccb77dfa2d0e8e6c27ffb6290f5e29b8e2e8f104304884370
[2026-09-03 10:45:39][info][UTXOManager] Created checkpoint owner=f7bc1f1c4c51263b4ec27464b8ca3ab86c8ae03932486037079a0f99269556e1bd0738f04eed40ad2fe82385925286d75bf7cb2c5bec324a57b8da70e0fa056e epoch=1 utxo_count=0
[2026-09-03 10:45:39][debug][GraphsyncDAGSyncer] Registered new peer 12D3KooWDWhN4gRyYRkeukSmb4GkS39r1PrEriWJVYnUzoFhsuFh with key 0
[2026-09-03 10:45:39][debug][GraphsyncDAGSyncer] Added route for CID QmX4LKJDUKyM1SE6m52VCRUvVgbVirtmehi2YazPq5Yafe to peer 12D3KooWDWhN4gRyYRkeukSmb4GkS39r1PrEriWJVYnUzoFhsuFh (key 0, route_count=1)
[2026-09-03 10:45:39][debug][GraphsyncDAGSyncer] Registered new peer 12D3KooWDWhN4gRyYRkeukSmb4GkS39r1PrEriWJVYnUzoFhsuFh with key 0
[2026-09-03 10:45:39][debug][GraphsyncDAGSyncer] Added route for CID QmX4LKJDUKyM1SE6m52VCRUvVgbVirtmehi2YazPq5Yafe to peer 12D3KooWDWhN4gRyYRkeukSmb4GkS39r1PrEriWJVYnUzoFhsuFh (key 0, route_count=1)
[2026-09-03 10:45:39][debug][GraphsyncDAGSyncer] Registered new peer 12D3KooWDWhN4gRyYRkeukSmb4GkS39r1PrEriWJVYnUzoFhsuFh with key 0
[2026-09-03 10:45:39][debug][GraphsyncDAGSyncer] Added route for CID QmX4LKJDUKyM1SE6m52VCRUvVgbVirtmehi2YazPq5Yafe to peer 12D3KooWDWhN4gRyYRkeukSmb4GkS39r1PrEriWJVYnUzoFhsuFh (key 0, route_count=1)
[2026-09-03 10:45:39][debug][GraphsyncDAGSyncer] Block initialized without content to LRU cache: CID QmX4LKJDUKyM1SE6m52VCRUvVgbVirtmehi2YazPq5Yafe, cache size: 1
[2026-09-03 10:45:39][debug][GraphsyncDAGSyncer] Requesting Node QmX4LKJDUKyM1SE6m52VCRUvVgbVirtmehi2YazPq5Yafe on this 5014313000
[2026-09-03 10:45:39][debug][GraphsyncDAGSyncer] Return node for CID QmX4LKJDUKyM1SE6m52VCRUvVgbVirtmehi2YazPq5Yafe instance=5819958024
[2026-09-03 10:45:39.689059000][th:597666][warning] graphsync Request 1 for CID QmX4LKJDUKyM1SE6m52VCRUvVgbVirtmehi2YazPq5Yafe got RS_FULL_CONTENT but no blocks received yet
[2026-09-03 10:45:39][debug][GraphsyncDAGSyncer] request progress: code=FULL_CONTENT, extensions=(graphsync/response-metadata: 0x80) (graphsync/do-not-send-cids: 0x80) 
[2026-09-03 10:45:39][debug][GraphsyncDAGSyncer] HasBlock: false, cid: QmX4LKJDUKyM1SE6m52VCRUvVgbVirtmehi2YazPq5Yafe
[2026-09-03 10:45:39][debug][GraphsyncDAGSyncer] Existing block updated in LRU cache: CID QmX4LKJDUKyM1SE6m52VCRUvVgbVirtmehi2YazPq5Yafe
[2026-09-03 10:45:39][debug][GraphsyncDAGSyncer] Node added to dagService. CID: QmX4LKJDUKyM1SE6m52VCRUvVgbVirtmehi2YazPq5Yafe, links: []
[2026-09-03 10:45:39][debug][GraphsyncDAGSyncer] Seeing if peer 12D3KooWDWhN4gRyYRkeukSmb4GkS39r1PrEriWJVYnUzoFhsuFh has links to AddRoute
[2026-09-03 10:45:39][info][GraphsyncDAGSyncer] TraverseCIDsLinks: Checking links on { cid="QmX4LKJDUKyM1SE6m52VCRUvVgbVirtmehi2YazPq5Yafe", name="" }
[2026-09-03 10:45:39][info][GraphsyncDAGSyncer] TraverseCIDsLinks: Completed traversal. Links to fetch: 0, Visited: 0
[2026-09-03 10:45:39][debug][GraphsyncDAGSyncer] Block initialized without content to LRU cache: CID QmX4LKJDUKyM1SE6m52VCRUvVgbVirtmehi2YazPq5Yafe, cache size: 1
[2026-09-03 10:45:39][debug][GraphsyncDAGSyncer] Requesting Node QmX4LKJDUKyM1SE6m52VCRUvVgbVirtmehi2YazPq5Yafe on this 5551198856
[2026-09-03 10:45:39][debug][GraphsyncDAGSyncer] Return node for CID QmX4LKJDUKyM1SE6m52VCRUvVgbVirtmehi2YazPq5Yafe instance=5819958024
[2026-09-03 10:45:39.705789000][th:597446][warning] graphsync Request 1 for CID QmX4LKJDUKyM1SE6m52VCRUvVgbVirtmehi2YazPq5Yafe got RS_FULL_CONTENT but no blocks received yet
[2026-09-03 10:45:39][debug][GraphsyncDAGSyncer] request progress: code=FULL_CONTENT, extensions=(graphsync/do-not-send-cids: 0x80) (graphsync/response-metadata: 0x80) 
[2026-09-03 10:45:39][debug][GraphsyncDAGSyncer] HasBlock: false, cid: QmX4LKJDUKyM1SE6m52VCRUvVgbVirtmehi2YazPq5Yafe
[2026-09-03 10:45:39][debug][GraphsyncDAGSyncer] Existing block updated in LRU cache: CID QmX4LKJDUKyM1SE6m52VCRUvVgbVirtmehi2YazPq5Yafe
[2026-09-03 10:45:39][debug][GraphsyncDAGSyncer] Node added to dagService. CID: QmX4LKJDUKyM1SE6m52VCRUvVgbVirtmehi2YazPq5Yafe, links: []
[2026-09-03 10:45:39][debug][GraphsyncDAGSyncer] Seeing if peer 12D3KooWDWhN4gRyYRkeukSmb4GkS39r1PrEriWJVYnUzoFhsuFh has links to AddRoute
[2026-09-03 10:45:39][info][GraphsyncDAGSyncer] TraverseCIDsLinks: Checking links on { cid="QmX4LKJDUKyM1SE6m52VCRUvVgbVirtmehi2YazPq5Yafe", name="" }
[2026-09-03 10:45:39][info][GraphsyncDAGSyncer] TraverseCIDsLinks: Completed traversal. Links to fetch: 0, Visited: 0
[2026-09-03 10:45:39][debug][GraphsyncDAGSyncer] Block initialized without content to LRU cache: CID QmX4LKJDUKyM1SE6m52VCRUvVgbVirtmehi2YazPq5Yafe, cache size: 1
[2026-09-03 10:45:39][debug][GraphsyncDAGSyncer] Requesting Node QmX4LKJDUKyM1SE6m52VCRUvVgbVirtmehi2YazPq5Yafe on this 5821125912
[2026-09-03 10:45:39][debug][GraphsyncDAGSyncer] Return node for CID QmX4LKJDUKyM1SE6m52VCRUvVgbVirtmehi2YazPq5Yafe instance=5819958024
[2026-09-03 10:45:39.753633000][th:597509][warning] graphsync Request 1 for CID QmX4LKJDUKyM1SE6m52VCRUvVgbVirtmehi2YazPq5Yafe got RS_FULL_CONTENT but no blocks received yet
[2026-09-03 10:45:39][debug][GraphsyncDAGSyncer] request progress: code=FULL_CONTENT, extensions=(graphsync/do-not-send-cids: 0x80) (graphsync/response-metadata: 0x80) 
[2026-09-03 10:45:39][debug][GraphsyncDAGSyncer] HasBlock: false, cid: QmX4LKJDUKyM1SE6m52VCRUvVgbVirtmehi2YazPq5Yafe
[2026-09-03 10:45:39][debug][GraphsyncDAGSyncer] Existing block updated in LRU cache: CID QmX4LKJDUKyM1SE6m52VCRUvVgbVirtmehi2YazPq5Yafe
[2026-09-03 10:45:39][debug][GraphsyncDAGSyncer] Node added to dagService. CID: QmX4LKJDUKyM1SE6m52VCRUvVgbVirtmehi2YazPq5Yafe, links: []
[2026-09-03 10:45:39][debug][GraphsyncDAGSyncer] Seeing if peer 12D3KooWDWhN4gRyYRkeukSmb4GkS39r1PrEriWJVYnUzoFhsuFh has links to AddRoute
[2026-09-03 10:45:39][info][GraphsyncDAGSyncer] TraverseCIDsLinks: Checking links on { cid="QmX4LKJDUKyM1SE6m52VCRUvVgbVirtmehi2YazPq5Yafe", name="" }
[2026-09-03 10:45:39][info][GraphsyncDAGSyncer] TraverseCIDsLinks: Completed traversal. Links to fetch: 0, Visited: 0
[2026-09-03 10:45:39][debug][GraphsyncDAGSyncer] Return node for CID QmX4LKJDUKyM1SE6m52VCRUvVgbVirtmehi2YazPq5Yafe instance=5014313000
[2026-09-03 10:45:39][info][CRDTCallbackManager] Executing callback for key '/cert/mint-v2:test:0000000000000000000000000000000000000000000000000000000000000000:42:93e0f407c70c709ff14214b399c6f7f02a00899f799124d93af36d9ba28e5614785864ffce7c9fef296d4fae7cd20c35471df8f99b67186fc8bf2b7e40aca68f:cccccccccccccccccccccccccccccccccccccccccccccccccccccccccccccccc' matching pattern '^/?cert/[^/]+'
[2026-09-03 10:45:39][debug][GraphsyncDAGSyncer] addNode: Added node QmX4LKJDUKyM1SE6m52VCRUvVgbVirtmehi2YazPq5Yafe on dagService 
[2026-09-03 10:45:39][debug][GraphsyncDAGSyncer] Block removed from LRU cache: CID QmX4LKJDUKyM1SE6m52VCRUvVgbVirtmehi2YazPq5Yafe
[2026-09-03 10:45:39][debug][GraphsyncDAGSyncer] Return node for CID QmX4LKJDUKyM1SE6m52VCRUvVgbVirtmehi2YazPq5Yafe instance=5551198856
[2026-09-03 10:45:39][info][CRDTCallbackManager] Executing callback for key '/cert/mint-v2:test:0000000000000000000000000000000000000000000000000000000000000000:42:93e0f407c70c709ff14214b399c6f7f02a00899f799124d93af36d9ba28e5614785864ffce7c9fef296d4fae7cd20c35471df8f99b67186fc8bf2b7e40aca68f:cccccccccccccccccccccccccccccccccccccccccccccccccccccccccccccccc' matching pattern '^/?cert/[^/]+'
[2026-09-03 10:45:39][debug][GraphsyncDAGSyncer] addNode: Added node QmX4LKJDUKyM1SE6m52VCRUvVgbVirtmehi2YazPq5Yafe on dagService 
[2026-09-03 10:45:39][debug][GraphsyncDAGSyncer] Block removed from LRU cache: CID QmX4LKJDUKyM1SE6m52VCRUvVgbVirtmehi2YazPq5Yafe
[2026-09-03 10:45:39][debug][GraphsyncDAGSyncer] Return node for CID QmX4LKJDUKyM1SE6m52VCRUvVgbVirtmehi2YazPq5Yafe instance=5821125912
[2026-09-03 10:45:39][info][CRDTCallbackManager] Executing callback for key '/cert/mint-v2:test:0000000000000000000000000000000000000000000000000000000000000000:42:93e0f407c70c709ff14214b399c6f7f02a00899f799124d93af36d9ba28e5614785864ffce7c9fef296d4fae7cd20c35471df8f99b67186fc8bf2b7e40aca68f:cccccccccccccccccccccccccccccccccccccccccccccccccccccccccccccccc' matching pattern '^/?cert/[^/]+'
[2026-09-03 10:45:39][debug][GraphsyncDAGSyncer] addNode: Added node QmX4LKJDUKyM1SE6m52VCRUvVgbVirtmehi2YazPq5Yafe on dagService 
[2026-09-03 10:45:39][debug][GraphsyncDAGSyncer] Block removed from LRU cache: CID QmX4LKJDUKyM1SE6m52VCRUvVgbVirtmehi2YazPq5Yafe
[2026-09-03 10:45:40][info][UTXOManager] Stored 1 UTXOs for address 93e0f407c70c709ff14214b399c6f7f02a00899f799124d93af36d9ba28e5614785864ffce7c9fef296d4fae7cd20c35471df8f99b67186fc8bf2b7e40aca68f
[2026-09-03 10:45:40][info][UTXOManager] Stored 1 UTXOs for address 93e0f407c70c709ff14214b399c6f7f02a00899f799124d93af36d9ba28e5614785864ffce7c9fef296d4fae7cd20c35471df8f99b67186fc8bf2b7e40aca68f
[2026-09-03 10:45:40][info][UTXOManager] Stored 2 UTXOs for address 93e0f407c70c709ff14214b399c6f7f02a00899f799124d93af36d9ba28e5614785864ffce7c9fef296d4fae7cd20c35471df8f99b67186fc8bf2b7e40aca68f
[2026-09-03 10:45:40][warning][TransactionManager] [93e0f407 - full: false] Mint-v2 c60f60bd1ae4ba2ccb77dfa2d0e8e6c27ffb6290f5e29b8e2e8f104304884370 did not consume every burn input (already consumed or missing); burn outpoint metadata may have been rebuilt with zero amount
[2026-09-03 10:45:40][info][TransactionManager] [93e0f407 - full: false] Created tokens (mint-v2), amount 42 balance 42
[2026-09-03 10:45:40][info][UTXOManager] Stored 1 UTXOs for address 93e0f407c70c709ff14214b399c6f7f02a00899f799124d93af36d9ba28e5614785864ffce7c9fef296d4fae7cd20c35471df8f99b67186fc8bf2b7e40aca68f
[2026-09-03 10:45:40][info][UTXOManager] Stored 2 UTXOs for address 93e0f407c70c709ff14214b399c6f7f02a00899f799124d93af36d9ba28e5614785864ffce7c9fef296d4fae7cd20c35471df8f99b67186fc8bf2b7e40aca68f
[2026-09-03 10:45:40][warning][TransactionManager] [9525c706 - full: false] Mint-v2 c60f60bd1ae4ba2ccb77dfa2d0e8e6c27ffb6290f5e29b8e2e8f104304884370 did not consume every burn input (already consumed or missing); burn outpoint metadata may have been rebuilt with zero amount
[2026-09-03 10:45:40][info][TransactionManager] [9525c706 - full: false] Created tokens (mint-v2), amount 42 balance 0
[2026-09-03 10:45:40][info][TransactionManager] [93e0f407 - full: false] ChangeTransactionState: Tracking entry confirmed tx=c60f60bd1ae4ba2ccb77dfa2d0e8e6c27ffb6290f5e29b8e2e8f104304884370
[2026-09-03 10:45:40][info][UTXOManager] Stored 2 UTXOs for address 93e0f407c70c709ff14214b399c6f7f02a00899f799124d93af36d9ba28e5614785864ffce7c9fef296d4fae7cd20c35471df8f99b67186fc8bf2b7e40aca68f
[2026-09-03 10:45:40][warning][TransactionManager] [e09925bc - full: false] Mint-v2 c60f60bd1ae4ba2ccb77dfa2d0e8e6c27ffb6290f5e29b8e2e8f104304884370 did not consume every burn input (already consumed or missing); burn outpoint metadata may have been rebuilt with zero amount
[2026-09-03 10:45:40][info][TransactionManager] [e09925bc - full: false] Created tokens (mint-v2), amount 42 balance 0
[2026-09-03 10:45:40][info][TransactionManager] [9525c706 - full: false] ChangeTransactionState: Tracking entry confirmed tx=c60f60bd1ae4ba2ccb77dfa2d0e8e6c27ffb6290f5e29b8e2e8f104304884370
[2026-09-03 10:45:40][info][TransactionManager] [e09925bc - full: false] ChangeTransactionState: Tracking entry confirmed tx=c60f60bd1ae4ba2ccb77dfa2d0e8e6c27ffb6290f5e29b8e2e8f104304884370
[2026-09-03 10:45:40][info][UTXOManager] Created checkpoint owner=93e0f407c70c709ff14214b399c6f7f02a00899f799124d93af36d9ba28e5614785864ffce7c9fef296d4fae7cd20c35471df8f99b67186fc8bf2b7e40aca68f epoch=1 utxo_count=1
[2026-09-03 10:45:40][info][UTXOManager] Created checkpoint owner=9525c70697544d8500ded60a02e5a5d22aee189f09eaa16913b95b7a299e4c4e5a66fcd40f6d714a5bb032661b57a4f4a3a5b3ac5718ae77de707a6ff33fd71f epoch=1 utxo_count=0
[2026-09-03 10:45:40][info][UTXOManager] Created checkpoint owner=e09925bc0bd493b2f784a0064417a08edaffed9c71ef9852d44205571726441df83738c74dbc99d9b94a54f1f5675eb858557c337e395c8d7bb76c5f2c57370f epoch=1 utxo_count=0
[2026-09-03 10:45:40][info][CRDTCallbackManager] Successfully unregistered new data callback for pattern: '^/?/bc-144/tx/[^/]+'
[2026-09-03 10:45:40][info][CRDTCallbackManager] Successfully unregistered deleted data callback for pattern: '^/?/bc-144/tx/[^/]+'
[2026-09-03 10:45:40][info][CRDTCallbackManager] Successfully unregistered new data callback for pattern: '^/?/bc-963/tx/[^/]+'
[2026-09-03 10:45:40][info][CRDTCallbackManager] Successfully unregistered deleted data callback for pattern: '^/?/bc-963/tx/[^/]+'
[2026-09-03 10:45:40][info][CRDTCallbackManager] Successfully unregistered new data callback for pattern: '^/?/bc-369/tx/[^/]+'
[2026-09-03 10:45:40][info][CRDTCallbackManager] Successfully unregistered deleted data callback for pattern: '^/?/bc-369/tx/[^/]+'
[2026-09-03 10:45:40][info][TransactionManager] [93e0f407 - full: false] ~TransactionManager: Metrics — cert_fallback(success=0 failure=0) validation(approve=1 reject=0) tracking(insert=1 confirm=1 fail=0)
[2026-09-03 10:45:40][info][Blockchain] [93e0f407] Stopping blockchain
[2026-09-03 10:45:40][info][CRDTCallbackManager] Successfully unregistered new data callback for pattern: '/?gnus-genesis-block'
[2026-09-03 10:45:40][info][CRDTCallbackManager] Successfully unregistered new data callback for pattern: '/?gnus-account-creation-.*'
[2026-09-03 10:45:40][info][CRDTCallbackManager] Successfully unregistered new data callback for pattern: '/?gnus-validator-registry'
[2026-09-03 10:45:40][debug][GlobalDB] ~GlobalDB CALLED with count 6 on multi_node_finality_fault/restart-vote-validator-one/rocksdb 
[2026-09-03 10:45:40][info][GlobalDB] GlobalDB shutdown start
[2026-09-03 10:45:40][info][CrdtDatastore] CancelAndCloseNow: begin (pending_jobs=1, self_queue=0, root_queue=0, pending_roots=0, active_root=false)
[2026-09-03 10:45:40][debug][GraphsyncDAGSyncer] Stopping Dagsyncer
[2026-09-03 10:45:40][debug][GraphsyncDAGSyncer] Dagsyncer Stopped
[2026-09-03 10:45:40.346891000][th:597480][error] graphsync Varint Error msg=Stream: closed by remote peer
[2026-09-03 10:45:40.346895000][th:597480][info] graphsync stream read error, peer=yTLpo2, msg=stream is not readable
[2026-09-03 10:45:40.346940000][th:597666][error] graphsync Varint Error msg=Stream: closed by this host
[2026-09-03 10:45:40][info][CrdtDatastore] CancelAndCloseNow: CRDT workers stopped
[2026-09-03 10:45:40][warning][CrdtDatastore] CancelAndCloseNow called but shutdown has already started
[2026-09-03 10:45:40][debug][GraphsyncDAGSyncer] ~GraphsyncDAGSyncer CALLED
[2026-09-03 10:45:40][info][GlobalDB] GlobalDB shutdown finished
[2026-09-03 10:45:40.695360000][th:597666][error] GossipPubSub Address monitoring timer error: Operation canceled
[2026-09-03 10:45:41][info][KeyPairFileStorage] Path to keypairs multi_node_finality_fault/restart-vote-validator-one/keypair
[2026-09-03 10:45:41][info][KeyPairFileStorage] Peer ID from public key: 12D3KooWE5iBtCHpnT8vMFXSDYr5yNYZu29z96z3j29qf1yTLpo2
Current limits: 16384 (soft), 9223372036854775807 (hard)
New limits set successfully: 16384 (soft), 9223372036854775807 (hard)
Initialized relay addresses
[2026-09-03 10:45:41.705763000][th:597387][info] GossipPubSub /ip4/0.0.0.0/tcp/54601/p2p/12D3KooWE5iBtCHpnT8vMFXSDYr5yNYZu29z96z3j29qf1yTLpo2: Starting PubSub service
[2026-09-03 10:45:41.705905000][th:597852][info] GossipPubSub Starting address monitoring system for mobile network changes
[2026-09-03 10:45:41.705909000][th:597852][info] GossipPubSub === CURRENT NETWORK STATE ===
[2026-09-03 10:45:41.705925000][th:597852][info] GossipPubSub Primary listening address: /ip4/0.0.0.0/tcp/54601/p2p/12D3KooWE5iBtCHpnT8vMFXSDYr5yNYZu29z96z3j29qf1yTLpo2
[2026-09-03 10:45:41.705927000][th:597852][info] GossipPubSub Host peer info addresses (0):
[2026-09-03 10:45:41.705929000][th:597852][info] GossipPubSub Additional addresses we track (0):
[2026-09-03 10:45:41.705930000][th:597852][info] GossipPubSub Listening addresses (1):
[2026-09-03 10:45:41.705932000][th:597852][info] GossipPubSub   -> /ip4/0.0.0.0/tcp/54601/p2p/12D3KooWE5iBtCHpnT8vMFXSDYr5yNYZu29z96z3j29qf1yTLpo2
[2026-09-03 10:45:41.705933000][th:597852][info] GossipPubSub Interface addresses (0):
[2026-09-03 10:45:41.705934000][th:597852][info] GossipPubSub === RAW OBSERVED ADDRESS DEBUG ===
[2026-09-03 10:45:41.705937000][th:597852][info] GossipPubSub Local address: /ip4/0.0.0.0/tcp/54601/p2p/12D3KooWE5iBtCHpnT8vMFXSDYr5yNYZu29z96z3j29qf1yTLpo2 -> 0 raw observed, 0 activated+confirmed
[2026-09-03 10:45:41.705940000][th:597852][info] GossipPubSub TOTAL: 0 raw observed addresses, 0 activated+confirmed addresses
[2026-09-03 10:45:41.705941000][th:597852][info] GossipPubSub === END RAW OBSERVED ADDRESS DEBUG ===
[2026-09-03 10:45:41.705943000][th:597852][info] GossipPubSub Observed addresses - all (0):
[2026-09-03 10:45:41.705944000][th:597852][info] GossipPubSub Observed addresses - confirmed only (0):
[2026-09-03 10:45:41.705945000][th:597852][info] GossipPubSub Relay addresses (0):
[2026-09-03 10:45:41.705949000][th:597852][warning] GossipPubSub Failed to get addresses from peer repository: not found
[2026-09-03 10:45:41.706032000][th:597852][info] GossipPubSub Found 1 valid network interfaces
[2026-09-03 10:45:41.706035000][th:597852][info] GossipPubSub Current network interfaces (1):
[2026-09-03 10:45:41.706036000][th:597852][info] GossipPubSub   -> 192.168.1.6
[2026-09-03 10:45:41.706038000][th:597852][info] GossipPubSub Active connections: 0
[2026-09-03 10:45:41.706039000][th:597852][info] GossipPubSub === PEER CONNECTION DETAILS ===
[2026-09-03 10:45:41.706040000][th:597852][info] GossipPubSub NOTE: Observed addresses need to be seen by 4+ different peer groups to become 'activated'
[2026-09-03 10:45:41.706041000][th:597852][info] GossipPubSub NOTE: Current connections: 0, so max possible observers: 0
[2026-09-03 10:45:41.706042000][th:597852][info] GossipPubSub === END PEER CONNECTION DETAILS ===
[2026-09-03 10:45:41.706043000][th:597852][info] GossipPubSub Connection manager stats:
[2026-09-03 10:45:41.706044000][th:597852][info] GossipPubSub   -> Max connections: 1000
[2026-09-03 10:45:41.706046000][th:597852][info] GossipPubSub   -> Current connections: 0
[2026-09-03 10:45:41.706046000][th:597852][info] GossipPubSub === END NETWORK STATE ===
[2026-09-03 10:45:41.706373000][th:597852][info] GossipPubSub /ip4/0.0.0.0/tcp/54601/p2p/12D3KooWE5iBtCHpnT8vMFXSDYr5yNYZu29z96z3j29qf1yTLpo2 : PubSub service started
[2026-09-03 10:45:41][info][GlobalDB] Opening database /Users/henriqueklein/gnus/SuperGenius/multi_node_finality_fault/restart-vote-validator-one/rocksdb
[2026-09-03 10:45:41][debug][GraphsyncDAGSyncer] GraphSyncer created 5551188728 
[2026-09-03 10:45:41][info][CrdtDatastore] crdt Datastore created. Number of heads: 2 Current max-height: 18446744073709551615
[2026-09-03 10:45:41][info][GeniusAccount] Secure storage ID path: /Users/henriqueklein/gnus/SuperGenius/multi_node_finality_fault/restart-vote-validator-one/account/secure_storage_id
[2026-09-03 10:45:41][info][GeniusAccount] Loaded public key from file: 93e0f407c70c709f... (length: 128)
[2026-09-03 10:45:41][info][GeniusAccount] Successfully loaded key_seed from storage
[2026-09-03 10:45:41][info][GeniusAccount] Validation successful: key_seed matches stored public key
[2026-09-03 10:45:41][warning][UTXOManager] Skipping malformed UTXO key /utxo-checkpoint/93e0f407c70c709ff14214b399c6f7f02a00899f799124d93af36d9ba28e5614785864ffce7c9fef296d4fae7cd20c35471df8f99b67186fc8bf2b7e40aca68f/1
[2026-09-03 10:45:41][warning][UTXOManager] Skipping malformed UTXO key /utxo-checkpoint/93e0f407c70c709ff14214b399c6f7f02a00899f799124d93af36d9ba28e5614785864ffce7c9fef296d4fae7cd20c35471df8f99b67186fc8bf2b7e40aca68f/latest
[2026-09-03 10:45:41][info][Blockchain] [93e0f407] Blockchain instance created with authorized full node: 8a33bdf1
[2026-09-03 10:45:41][info][ValidatorRegistry] InitializeCache: cache initialized with CID QmU9n6iLJgWexa5eZTYwkuYpLWdZeQyXGm6okCi9nWYvvu
[2026-09-03 10:45:41][info][CRDTCallbackManager] Successfully registered new data callback for pattern: '/?gnus-validator-registry'
[2026-09-03 10:45:41][info][ValidatorRegistry] RegisterFilter: result=true
[2026-09-03 10:45:41][info][ValidatorRegistry] New: instance ready
[2026-09-03 10:45:41.731977000][th:597852][info] GossipPubSub /ip4/0.0.0.0/tcp/54601/p2p/12D3KooWE5iBtCHpnT8vMFXSDYr5yNYZu29z96z3j29qf1yTLpo2: PubSub subscribed to topic 'gnus-validator-registry.3.7.144'
[2026-09-03 10:45:41][info][CRDTCallbackManager] Successfully registered new data callback for pattern: '^/?cert/[^/]+'
[2026-09-03 10:45:41.732010000][th:597852][info] GossipPubSub /ip4/0.0.0.0/tcp/54601/p2p/12D3KooWE5iBtCHpnT8vMFXSDYr5yNYZu29z96z3j29qf1yTLpo2: PubSub subscribed to topic 'consensus-channel-.3.7.144'
[2026-09-03 10:45:41.732032000][th:597852][info] GossipPubSub /ip4/0.0.0.0/tcp/54601/p2p/12D3KooWE5iBtCHpnT8vMFXSDYr5yNYZu29z96z3j29qf1yTLpo2: PubSub subscribed to topic 'consensus-channel-.3.7.144#datastore.3.7.144'
[2026-09-03 10:45:41][info][CRDTCallbackManager] Successfully registered new data callback for pattern: '/?gnus-genesis-block'
[2026-09-03 10:45:41][info][CRDTCallbackManager] Successfully registered new data callback for pattern: '/?gnus-account-creation-.*'
[2026-09-03 10:45:41][info][CRDTCallbackManager] Successfully registered new data callback for pattern: '^/?/bc-144/tx/[^/]+'
[2026-09-03 10:45:41][info][CRDTCallbackManager] Successfully registered deleted data callback for pattern: '^/?/bc-144/tx/[^/]+'
[2026-09-03 10:45:41][info][CRDTCallbackManager] Successfully registered new data callback for pattern: '^/?/bc-963/tx/[^/]+'
[2026-09-03 10:45:41][info][CRDTCallbackManager] Successfully registered deleted data callback for pattern: '^/?/bc-963/tx/[^/]+'
[2026-09-03 10:45:41][info][CRDTCallbackManager] Successfully registered new data callback for pattern: '^/?/bc-369/tx/[^/]+'
[2026-09-03 10:45:41][info][CRDTCallbackManager] Successfully registered deleted data callback for pattern: '^/?/bc-369/tx/[^/]+'
[2026-09-03 10:45:41][info][CRDTCallbackManager] Successfully unregistered new data callback for pattern: '^/?/bc-144/tx/[^/]+'
[2026-09-03 10:45:41][info][CRDTCallbackManager] Successfully unregistered deleted data callback for pattern: '^/?/bc-144/tx/[^/]+'
[2026-09-03 10:45:41][info][CRDTCallbackManager] Successfully unregistered new data callback for pattern: '^/?/bc-963/tx/[^/]+'
[2026-09-03 10:45:41][info][CRDTCallbackManager] Successfully unregistered deleted data callback for pattern: '^/?/bc-963/tx/[^/]+'
[2026-09-03 10:45:41][info][CRDTCallbackManager] Successfully unregistered new data callback for pattern: '^/?/bc-369/tx/[^/]+'
[2026-09-03 10:45:41][info][CRDTCallbackManager] Successfully unregistered deleted data callback for pattern: '^/?/bc-369/tx/[^/]+'
[2026-09-03 10:45:41][info][TransactionManager] [9525c706 - full: false] ~TransactionManager: Metrics — cert_fallback(success=0 failure=0) validation(approve=1 reject=0) tracking(insert=1 confirm=1 fail=0)
[2026-09-03 10:45:41][info][Blockchain] [9525c706] Stopping blockchain
[2026-09-03 10:45:41][info][CRDTCallbackManager] Successfully unregistered new data callback for pattern: '/?gnus-genesis-block'
[2026-09-03 10:45:41][info][CRDTCallbackManager] Successfully unregistered new data callback for pattern: '/?gnus-account-creation-.*'
[2026-09-03 10:45:41][info][CRDTCallbackManager] Successfully unregistered new data callback for pattern: '/?gnus-validator-registry'
[2026-09-03 10:45:41][debug][GlobalDB] ~GlobalDB CALLED with count 6 on multi_node_finality_fault/restart-vote-validator-two/rocksdb 
[2026-09-03 10:45:41][info][GlobalDB] GlobalDB shutdown start
[2026-09-03 10:45:41][info][CrdtDatastore] CancelAndCloseNow: begin (pending_jobs=1, self_queue=0, root_queue=0, pending_roots=0, active_root=false)
[2026-09-03 10:45:41][debug][GraphsyncDAGSyncer] Stopping Dagsyncer
[2026-09-03 10:45:41][debug][GraphsyncDAGSyncer] Dagsyncer Stopped
[2026-09-03 10:45:41.732465000][th:597480][error] graphsync Varint Error msg=Stream: closed by remote peer
[2026-09-03 10:45:41.732471000][th:597480][info] graphsync stream read error, peer=1N1iVc, msg=stream is not readable
[2026-09-03 10:45:41.732551000][th:597446][error] graphsync Varint Error msg=Stream: closed by this host
[2026-09-03 10:45:42][info][CrdtDatastore] CancelAndCloseNow: CRDT workers stopped
[2026-09-03 10:45:42][warning][CrdtDatastore] CancelAndCloseNow called but shutdown has already started
[2026-09-03 10:45:42][debug][GraphsyncDAGSyncer] ~GraphsyncDAGSyncer CALLED
[2026-09-03 10:45:42][info][GlobalDB] GlobalDB shutdown finished
[2026-09-03 10:45:42.222857000][th:597446][error] GossipPubSub Address monitoring timer error: Operation canceled
[2026-09-03 10:45:43][info][KeyPairFileStorage] Path to keypairs multi_node_finality_fault/restart-vote-validator-two/keypair
[2026-09-03 10:45:43][info][KeyPairFileStorage] Peer ID from public key: 12D3KooWD9Ruh2Rd7hRsq6UHTFwrS68ktbSgtiAY5cVcr41N1iVc
Current limits: 16384 (soft), 9223372036854775807 (hard)
New limits set successfully: 16384 (soft), 9223372036854775807 (hard)
Initialized relay addresses
[2026-09-03 10:45:43.232152000][th:597387][info] GossipPubSub /ip4/0.0.0.0/tcp/54602/p2p/12D3KooWD9Ruh2Rd7hRsq6UHTFwrS68ktbSgtiAY5cVcr41N1iVc: Starting PubSub service
[2026-09-03 10:45:43.232353000][th:597909][info] GossipPubSub Starting address monitoring system for mobile network changes
[2026-09-03 10:45:43.232358000][th:597909][info] GossipPubSub === CURRENT NETWORK STATE ===
[2026-09-03 10:45:43.232375000][th:597909][info] GossipPubSub Primary listening address: /ip4/0.0.0.0/tcp/54602/p2p/12D3KooWD9Ruh2Rd7hRsq6UHTFwrS68ktbSgtiAY5cVcr41N1iVc
[2026-09-03 10:45:43.232378000][th:597909][info] GossipPubSub Host peer info addresses (0):
[2026-09-03 10:45:43.232379000][th:597909][info] GossipPubSub Additional addresses we track (0):
[2026-09-03 10:45:43.232381000][th:597909][info] GossipPubSub Listening addresses (1):
[2026-09-03 10:45:43.232382000][th:597909][info] GossipPubSub   -> /ip4/0.0.0.0/tcp/54602/p2p/12D3KooWD9Ruh2Rd7hRsq6UHTFwrS68ktbSgtiAY5cVcr41N1iVc
[2026-09-03 10:45:43.232384000][th:597909][info] GossipPubSub Interface addresses (0):
[2026-09-03 10:45:43.232385000][th:597909][info] GossipPubSub === RAW OBSERVED ADDRESS DEBUG ===
[2026-09-03 10:45:43.232388000][th:597909][info] GossipPubSub Local address: /ip4/0.0.0.0/tcp/54602/p2p/12D3KooWD9Ruh2Rd7hRsq6UHTFwrS68ktbSgtiAY5cVcr41N1iVc -> 0 raw observed, 0 activated+confirmed
[2026-09-03 10:45:43.232390000][th:597909][info] GossipPubSub TOTAL: 0 raw observed addresses, 0 activated+confirmed addresses
[2026-09-03 10:45:43.232392000][th:597909][info] GossipPubSub === END RAW OBSERVED ADDRESS DEBUG ===
[2026-09-03 10:45:43.232393000][th:597909][info] GossipPubSub Observed addresses - all (0):
[2026-09-03 10:45:43.232410000][th:597909][info] GossipPubSub Observed addresses - confirmed only (0):
[2026-09-03 10:45:43.232414000][th:597909][info] GossipPubSub Relay addresses (0):
[2026-09-03 10:45:43.232418000][th:597909][warning] GossipPubSub Failed to get addresses from peer repository: not found
[2026-09-03 10:45:43.232507000][th:597909][info] GossipPubSub Found 1 valid network interfaces
[2026-09-03 10:45:43.232510000][th:597909][info] GossipPubSub Current network interfaces (1):
[2026-09-03 10:45:43.232512000][th:597909][info] GossipPubSub   -> 192.168.1.6
[2026-09-03 10:45:43.232514000][th:597909][info] GossipPubSub Active connections: 0
[2026-09-03 10:45:43.232515000][th:597909][info] GossipPubSub === PEER CONNECTION DETAILS ===
[2026-09-03 10:45:43.232515000][th:597909][info] GossipPubSub NOTE: Observed addresses need to be seen by 4+ different peer groups to become 'activated'
[2026-09-03 10:45:43.232517000][th:597909][info] GossipPubSub NOTE: Current connections: 0, so max possible observers: 0
[2026-09-03 10:45:43.232529000][th:597909][info] GossipPubSub === END PEER CONNECTION DETAILS ===
[2026-09-03 10:45:43.232532000][th:597909][info] GossipPubSub Connection manager stats:
[2026-09-03 10:45:43.232533000][th:597909][info] GossipPubSub   -> Max connections: 1000
[2026-09-03 10:45:43.232535000][th:597909][info] GossipPubSub   -> Current connections: 0
[2026-09-03 10:45:43.232537000][th:597909][info] GossipPubSub === END NETWORK STATE ===
[2026-09-03 10:45:43.232894000][th:597909][info] GossipPubSub /ip4/0.0.0.0/tcp/54602/p2p/12D3KooWD9Ruh2Rd7hRsq6UHTFwrS68ktbSgtiAY5cVcr41N1iVc : PubSub service started
[2026-09-03 10:45:43][info][GlobalDB] Opening database /Users/henriqueklein/gnus/SuperGenius/multi_node_finality_fault/restart-vote-validator-two/rocksdb
[2026-09-03 10:45:43][debug][GraphsyncDAGSyncer] GraphSyncer created 5015388856 
[2026-09-03 10:45:43][info][CrdtDatastore] crdt Datastore created. Number of heads: 2 Current max-height: 18446744073709551615
[2026-09-03 10:45:43][info][GeniusAccount] Secure storage ID path: /Users/henriqueklein/gnus/SuperGenius/multi_node_finality_fault/restart-vote-validator-two/account/secure_storage_id
[2026-09-03 10:45:43][info][GeniusAccount] Loaded public key from file: 9525c70697544d85... (length: 128)
[2026-09-03 10:45:43][info][GeniusAccount] Successfully loaded key_seed from storage
[2026-09-03 10:45:43][info][GeniusAccount] Validation successful: key_seed matches stored public key
[2026-09-03 10:45:43][warning][UTXOManager] Skipping malformed UTXO key /utxo-checkpoint/9525c70697544d8500ded60a02e5a5d22aee189f09eaa16913b95b7a299e4c4e5a66fcd40f6d714a5bb032661b57a4f4a3a5b3ac5718ae77de707a6ff33fd71f/1
[2026-09-03 10:45:43][warning][UTXOManager] Skipping malformed UTXO key /utxo-checkpoint/9525c70697544d8500ded60a02e5a5d22aee189f09eaa16913b95b7a299e4c4e5a66fcd40f6d714a5bb032661b57a4f4a3a5b3ac5718ae77de707a6ff33fd71f/latest
[2026-09-03 10:45:43][info][Blockchain] [9525c706] Blockchain instance created with authorized full node: 8a33bdf1
[2026-09-03 10:45:43][info][ValidatorRegistry] InitializeCache: cache initialized with CID QmU9n6iLJgWexa5eZTYwkuYpLWdZeQyXGm6okCi9nWYvvu
[2026-09-03 10:45:43][info][CRDTCallbackManager] Successfully registered new data callback for pattern: '/?gnus-validator-registry'
[2026-09-03 10:45:43][info][ValidatorRegistry] RegisterFilter: result=true
[2026-09-03 10:45:43][info][ValidatorRegistry] New: instance ready
[2026-09-03 10:45:43.260971000][th:597909][info] GossipPubSub /ip4/0.0.0.0/tcp/54602/p2p/12D3KooWD9Ruh2Rd7hRsq6UHTFwrS68ktbSgtiAY5cVcr41N1iVc: PubSub subscribed to topic 'gnus-validator-registry.3.7.144'
[2026-09-03 10:45:43][info][CRDTCallbackManager] Successfully registered new data callback for pattern: '^/?cert/[^/]+'
[2026-09-03 10:45:43.261016000][th:597909][info] GossipPubSub /ip4/0.0.0.0/tcp/54602/p2p/12D3KooWD9Ruh2Rd7hRsq6UHTFwrS68ktbSgtiAY5cVcr41N1iVc: PubSub subscribed to topic 'consensus-channel-.3.7.144'
[2026-09-03 10:45:43.261053000][th:597909][info] GossipPubSub /ip4/0.0.0.0/tcp/54602/p2p/12D3KooWD9Ruh2Rd7hRsq6UHTFwrS68ktbSgtiAY5cVcr41N1iVc: PubSub subscribed to topic 'consensus-channel-.3.7.144#datastore.3.7.144'
[2026-09-03 10:45:43][info][CRDTCallbackManager] Successfully registered new data callback for pattern: '/?gnus-genesis-block'
[2026-09-03 10:45:43][info][CRDTCallbackManager] Successfully registered new data callback for pattern: '/?gnus-account-creation-.*'
[2026-09-03 10:45:43][info][CRDTCallbackManager] Successfully registered new data callback for pattern: '^/?/bc-144/tx/[^/]+'
[2026-09-03 10:45:43][info][CRDTCallbackManager] Successfully registered deleted data callback for pattern: '^/?/bc-144/tx/[^/]+'
[2026-09-03 10:45:43][info][CRDTCallbackManager] Successfully registered new data callback for pattern: '^/?/bc-963/tx/[^/]+'
[2026-09-03 10:45:43][info][CRDTCallbackManager] Successfully registered deleted data callback for pattern: '^/?/bc-963/tx/[^/]+'
[2026-09-03 10:45:43][info][CRDTCallbackManager] Successfully registered new data callback for pattern: '^/?/bc-369/tx/[^/]+'
[2026-09-03 10:45:43][info][CRDTCallbackManager] Successfully registered deleted data callback for pattern: '^/?/bc-369/tx/[^/]+'
[2026-09-03 10:45:43][info][CRDTCallbackManager] Successfully unregistered new data callback for pattern: '^/?/bc-144/tx/[^/]+'
[2026-09-03 10:45:43][info][CRDTCallbackManager] Successfully unregistered deleted data callback for pattern: '^/?/bc-144/tx/[^/]+'
[2026-09-03 10:45:43][info][CRDTCallbackManager] Successfully unregistered new data callback for pattern: '^/?/bc-963/tx/[^/]+'
[2026-09-03 10:45:43][info][CRDTCallbackManager] Successfully unregistered deleted data callback for pattern: '^/?/bc-963/tx/[^/]+'
[2026-09-03 10:45:43][info][CRDTCallbackManager] Successfully unregistered new data callback for pattern: '^/?/bc-369/tx/[^/]+'
[2026-09-03 10:45:43][info][CRDTCallbackManager] Successfully unregistered deleted data callback for pattern: '^/?/bc-369/tx/[^/]+'
[2026-09-03 10:45:43][info][TransactionManager] [f7bc1f1c - full: false] ~TransactionManager: Metrics — cert_fallback(success=0 failure=0) validation(approve=1 reject=0) tracking(insert=1 confirm=1 fail=0)
[2026-09-03 10:45:43][info][Blockchain] [f7bc1f1c] Stopping blockchain
[2026-09-03 10:45:43][info][CRDTCallbackManager] Successfully unregistered new data callback for pattern: '/?gnus-genesis-block'
[2026-09-03 10:45:43][info][CRDTCallbackManager] Successfully unregistered new data callback for pattern: '/?gnus-account-creation-.*'
[2026-09-03 10:45:43][info][CRDTCallbackManager] Successfully unregistered new data callback for pattern: '/?gnus-validator-registry'
[2026-09-03 10:45:43][debug][GlobalDB] ~GlobalDB CALLED with count 6 on multi_node_finality_fault/restart-vote-validator-three/rocksdb 
[2026-09-03 10:45:43][info][GlobalDB] GlobalDB shutdown start
[2026-09-03 10:45:43][info][CrdtDatastore] CancelAndCloseNow: begin (pending_jobs=0, self_queue=0, root_queue=0, pending_roots=0, active_root=false)
[2026-09-03 10:45:43][debug][GraphsyncDAGSyncer] Stopping Dagsyncer
[2026-09-03 10:45:43][debug][GraphsyncDAGSyncer] Dagsyncer Stopped
[2026-09-03 10:45:43][info][CrdtDatastore] CancelAndCloseNow: CRDT workers stopped
[2026-09-03 10:45:43][warning][CrdtDatastore] CancelAndCloseNow called but shutdown has already started
[2026-09-03 10:45:43][debug][GraphsyncDAGSyncer] ~GraphsyncDAGSyncer CALLED
[2026-09-03 10:45:43.261742000][th:597509][error] graphsync Varint Error msg=Stream: closed by remote peer
[2026-09-03 10:45:43.261753000][th:597509][info] graphsync stream read error, peer=FhsuFh, msg=stream is not readable
[2026-09-03 10:45:43][info][GlobalDB] GlobalDB shutdown finished
[2026-09-03 10:45:43.261861000][th:597480][error] graphsync Varint Error msg=Stream: closed by this host
[2026-09-03 10:45:43.262380000][th:597480][error] GossipPubSub Address monitoring timer error: Operation canceled
[2026-09-03 10:45:44][info][KeyPairFileStorage] Path to keypairs multi_node_finality_fault/restart-vote-validator-three/keypair
[2026-09-03 10:45:44][info][KeyPairFileStorage] Peer ID from public key: 12D3KooWDWhN4gRyYRkeukSmb4GkS39r1PrEriWJVYnUzoFhsuFh
Current limits: 16384 (soft), 9223372036854775807 (hard)
New limits set successfully: 16384 (soft), 9223372036854775807 (hard)
Initialized relay addresses
[2026-09-03 10:45:44.266522000][th:597387][info] GossipPubSub /ip4/0.0.0.0/tcp/54603/p2p/12D3KooWDWhN4gRyYRkeukSmb4GkS39r1PrEriWJVYnUzoFhsuFh: Starting PubSub service
[2026-09-03 10:45:44.266683000][th:597939][info] GossipPubSub Starting address monitoring system for mobile network changes
[2026-09-03 10:45:44.266687000][th:597939][info] GossipPubSub === CURRENT NETWORK STATE ===
[2026-09-03 10:45:44.266704000][th:597939][info] GossipPubSub Primary listening address: /ip4/0.0.0.0/tcp/54603/p2p/12D3KooWDWhN4gRyYRkeukSmb4GkS39r1PrEriWJVYnUzoFhsuFh
[2026-09-03 10:45:44.266706000][th:597939][info] GossipPubSub Host peer info addresses (0):
[2026-09-03 10:45:44.266708000][th:597939][info] GossipPubSub Additional addresses we track (0):
[2026-09-03 10:45:44.266709000][th:597939][info] GossipPubSub Listening addresses (1):
[2026-09-03 10:45:44.266710000][th:597939][info] GossipPubSub   -> /ip4/0.0.0.0/tcp/54603/p2p/12D3KooWDWhN4gRyYRkeukSmb4GkS39r1PrEriWJVYnUzoFhsuFh
[2026-09-03 10:45:44.266712000][th:597939][info] GossipPubSub Interface addresses (0):
[2026-09-03 10:45:44.266712000][th:597939][info] GossipPubSub === RAW OBSERVED ADDRESS DEBUG ===
[2026-09-03 10:45:44.266716000][th:597939][info] GossipPubSub Local address: /ip4/0.0.0.0/tcp/54603/p2p/12D3KooWDWhN4gRyYRkeukSmb4GkS39r1PrEriWJVYnUzoFhsuFh -> 0 raw observed, 0 activated+confirmed
[2026-09-03 10:45:44.266718000][th:597939][info] GossipPubSub TOTAL: 0 raw observed addresses, 0 activated+confirmed addresses
[2026-09-03 10:45:44.266719000][th:597939][info] GossipPubSub === END RAW OBSERVED ADDRESS DEBUG ===
[2026-09-03 10:45:44.266721000][th:597939][info] GossipPubSub Observed addresses - all (0):
[2026-09-03 10:45:44.266722000][th:597939][info] GossipPubSub Observed addresses - confirmed only (0):
[2026-09-03 10:45:44.266723000][th:597939][info] GossipPubSub Relay addresses (0):
[2026-09-03 10:45:44.266727000][th:597939][warning] GossipPubSub Failed to get addresses from peer repository: not found
[2026-09-03 10:45:44.266809000][th:597939][info] GossipPubSub Found 1 valid network interfaces
[2026-09-03 10:45:44.266813000][th:597939][info] GossipPubSub Current network interfaces (1):
[2026-09-03 10:45:44.266814000][th:597939][info] GossipPubSub   -> 192.168.1.6
[2026-09-03 10:45:44.266815000][th:597939][info] GossipPubSub Active connections: 0
[2026-09-03 10:45:44.266816000][th:597939][info] GossipPubSub === PEER CONNECTION DETAILS ===
[2026-09-03 10:45:44.266817000][th:597939][info] GossipPubSub NOTE: Observed addresses need to be seen by 4+ different peer groups to become 'activated'
[2026-09-03 10:45:44.266824000][th:597939][info] GossipPubSub NOTE: Current connections: 0, so max possible observers: 0
[2026-09-03 10:45:44.266825000][th:597939][info] GossipPubSub === END PEER CONNECTION DETAILS ===
[2026-09-03 10:45:44.266826000][th:597939][info] GossipPubSub Connection manager stats:
[2026-09-03 10:45:44.266827000][th:597939][info] GossipPubSub   -> Max connections: 1000
[2026-09-03 10:45:44.266828000][th:597939][info] GossipPubSub   -> Current connections: 0
[2026-09-03 10:45:44.266829000][th:597939][info] GossipPubSub === END NETWORK STATE ===
[2026-09-03 10:45:44.267160000][th:597939][info] GossipPubSub /ip4/0.0.0.0/tcp/54603/p2p/12D3KooWDWhN4gRyYRkeukSmb4GkS39r1PrEriWJVYnUzoFhsuFh : PubSub service started
[2026-09-03 10:45:44][info][GlobalDB] Opening database /Users/henriqueklein/gnus/SuperGenius/multi_node_finality_fault/restart-vote-validator-three/rocksdb
[2026-09-03 10:45:44][debug][GraphsyncDAGSyncer] GraphSyncer created 5015494216 
[2026-09-03 10:45:44][info][CrdtDatastore] crdt Datastore created. Number of heads: 2 Current max-height: 18446744073709551615
[2026-09-03 10:45:44][info][GeniusAccount] Secure storage ID path: /Users/henriqueklein/gnus/SuperGenius/multi_node_finality_fault/restart-vote-validator-three/account/secure_storage_id
[2026-09-03 10:45:44][info][GeniusAccount] Loaded public key from file: f7bc1f1c4c51263b... (length: 128)
[2026-09-03 10:45:44][info][GeniusAccount] Successfully loaded key_seed from storage
[2026-09-03 10:45:44][info][GeniusAccount] Validation successful: key_seed matches stored public key
[2026-09-03 10:45:44][warning][UTXOManager] Skipping malformed UTXO key /utxo-checkpoint/f7bc1f1c4c51263b4ec27464b8ca3ab86c8ae03932486037079a0f99269556e1bd0738f04eed40ad2fe82385925286d75bf7cb2c5bec324a57b8da70e0fa056e/1
[2026-09-03 10:45:44][warning][UTXOManager] Skipping malformed UTXO key /utxo-checkpoint/f7bc1f1c4c51263b4ec27464b8ca3ab86c8ae03932486037079a0f99269556e1bd0738f04eed40ad2fe82385925286d75bf7cb2c5bec324a57b8da70e0fa056e/latest
[2026-09-03 10:45:44][info][Blockchain] [f7bc1f1c] Blockchain instance created with authorized full node: 8a33bdf1
[2026-09-03 10:45:44][info][ValidatorRegistry] InitializeCache: cache initialized with CID QmU9n6iLJgWexa5eZTYwkuYpLWdZeQyXGm6okCi9nWYvvu
[2026-09-03 10:45:44][info][CRDTCallbackManager] Successfully registered new data callback for pattern: '/?gnus-validator-registry'
[2026-09-03 10:45:44][info][ValidatorRegistry] RegisterFilter: result=true
[2026-09-03 10:45:44][info][ValidatorRegistry] New: instance ready
[2026-09-03 10:45:44.294479000][th:597939][info] GossipPubSub /ip4/0.0.0.0/tcp/54603/p2p/12D3KooWDWhN4gRyYRkeukSmb4GkS39r1PrEriWJVYnUzoFhsuFh: PubSub subscribed to topic 'gnus-validator-registry.3.7.144'
[2026-09-03 10:45:44.294511000][th:597939][info] GossipPubSub /ip4/0.0.0.0/tcp/54603/p2p/12D3KooWDWhN4gRyYRkeukSmb4GkS39r1PrEriWJVYnUzoFhsuFh: PubSub subscribed to topic 'consensus-channel-.3.7.144'
[2026-09-03 10:45:44][info][CRDTCallbackManager] Successfully registered new data callback for pattern: '^/?cert/[^/]+'
[2026-09-03 10:45:44.294569000][th:597939][info] GossipPubSub /ip4/0.0.0.0/tcp/54603/p2p/12D3KooWDWhN4gRyYRkeukSmb4GkS39r1PrEriWJVYnUzoFhsuFh: PubSub subscribed to topic 'consensus-channel-.3.7.144#datastore.3.7.144'
[2026-09-03 10:45:44][info][CRDTCallbackManager] Successfully registered new data callback for pattern: '/?gnus-genesis-block'
[2026-09-03 10:45:44][info][CRDTCallbackManager] Successfully registered new data callback for pattern: '/?gnus-account-creation-.*'
[2026-09-03 10:45:44][info][CRDTCallbackManager] Successfully registered new data callback for pattern: '^/?/bc-144/tx/[^/]+'
[2026-09-03 10:45:44][info][CRDTCallbackManager] Successfully registered deleted data callback for pattern: '^/?/bc-144/tx/[^/]+'
[2026-09-03 10:45:44][info][CRDTCallbackManager] Successfully registered new data callback for pattern: '^/?/bc-963/tx/[^/]+'
[2026-09-03 10:45:44][info][CRDTCallbackManager] Successfully registered deleted data callback for pattern: '^/?/bc-963/tx/[^/]+'
[2026-09-03 10:45:44][info][CRDTCallbackManager] Successfully registered new data callback for pattern: '^/?/bc-369/tx/[^/]+'
[2026-09-03 10:45:44][info][CRDTCallbackManager] Successfully registered deleted data callback for pattern: '^/?/bc-369/tx/[^/]+'
[2026-09-03 10:45:44][info][CRDTCallbackManager] Successfully unregistered new data callback for pattern: '^/?/bc-144/tx/[^/]+'
[2026-09-03 10:45:44][info][CRDTCallbackManager] Successfully unregistered deleted data callback for pattern: '^/?/bc-144/tx/[^/]+'
[2026-09-03 10:45:44][info][CRDTCallbackManager] Successfully unregistered new data callback for pattern: '^/?/bc-963/tx/[^/]+'
[2026-09-03 10:45:44][info][CRDTCallbackManager] Successfully unregistered deleted data callback for pattern: '^/?/bc-963/tx/[^/]+'
[2026-09-03 10:45:44][info][CRDTCallbackManager] Successfully unregistered new data callback for pattern: '^/?/bc-369/tx/[^/]+'
[2026-09-03 10:45:44][info][CRDTCallbackManager] Successfully unregistered deleted data callback for pattern: '^/?/bc-369/tx/[^/]+'
[2026-09-03 10:45:44][info][TransactionManager] [e09925bc - full: false] ~TransactionManager: Metrics — cert_fallback(success=0 failure=0) validation(approve=1 reject=0) tracking(insert=1 confirm=1 fail=0)
[2026-09-03 10:45:44][info][Blockchain] [e09925bc] Stopping blockchain
[2026-09-03 10:45:44][info][CRDTCallbackManager] Successfully unregistered new data callback for pattern: '/?gnus-genesis-block'
[2026-09-03 10:45:44][info][CRDTCallbackManager] Successfully unregistered new data callback for pattern: '/?gnus-account-creation-.*'
[2026-09-03 10:45:44][info][CRDTCallbackManager] Successfully unregistered new data callback for pattern: '/?gnus-validator-registry'
[2026-09-03 10:45:44][debug][GlobalDB] ~GlobalDB CALLED with count 6 on multi_node_finality_fault/restart-vote-passive/rocksdb 
[2026-09-03 10:45:44][info][GlobalDB] GlobalDB shutdown start
[2026-09-03 10:45:44][info][CrdtDatastore] CancelAndCloseNow: begin (pending_jobs=1, self_queue=0, root_queue=0, pending_roots=0, active_root=false)
[2026-09-03 10:45:44][debug][GraphsyncDAGSyncer] Stopping Dagsyncer
[2026-09-03 10:45:44][debug][GraphsyncDAGSyncer] Dagsyncer Stopped
[2026-09-03 10:45:44][info][CrdtDatastore] CancelAndCloseNow: CRDT workers stopped
[2026-09-03 10:45:44][warning][CrdtDatastore] CancelAndCloseNow called but shutdown has already started
[2026-09-03 10:45:44][debug][GraphsyncDAGSyncer] ~GraphsyncDAGSyncer CALLED
[2026-09-03 10:45:44][info][GlobalDB] GlobalDB shutdown finished
[2026-09-03 10:45:44.794587000][th:597509][error] GossipPubSub Address monitoring timer error: Operation canceled
[2026-09-03 10:45:45][info][KeyPairFileStorage] Path to keypairs multi_node_finality_fault/restart-vote-passive/keypair
[2026-09-03 10:45:45][info][KeyPairFileStorage] Peer ID from public key: 12D3KooWRUtTb75iKgFQsYWcyNqqzZvr7Nrpgf4hJSj85FTCLM75
Current limits: 16384 (soft), 9223372036854775807 (hard)
New limits set successfully: 16384 (soft), 9223372036854775807 (hard)
Initialized relay addresses
[2026-09-03 10:45:45.802418000][th:597387][info] GossipPubSub /ip4/0.0.0.0/tcp/54604/p2p/12D3KooWRUtTb75iKgFQsYWcyNqqzZvr7Nrpgf4hJSj85FTCLM75: Starting PubSub service
[2026-09-03 10:45:45.802498000][th:598033][info] GossipPubSub Starting address monitoring system for mobile network changes
[2026-09-03 10:45:45.802500000][th:598033][info] GossipPubSub === CURRENT NETWORK STATE ===
[2026-09-03 10:45:45.802509000][th:598033][info] GossipPubSub Primary listening address: /ip4/0.0.0.0/tcp/54604/p2p/12D3KooWRUtTb75iKgFQsYWcyNqqzZvr7Nrpgf4hJSj85FTCLM75
[2026-09-03 10:45:45.802511000][th:598033][info] GossipPubSub Host peer info addresses (0):
[2026-09-03 10:45:45.802512000][th:598033][info] GossipPubSub Additional addresses we track (0):
[2026-09-03 10:45:45.802514000][th:598033][info] GossipPubSub Listening addresses (1):
[2026-09-03 10:45:45.802515000][th:598033][info] GossipPubSub   -> /ip4/0.0.0.0/tcp/54604/p2p/12D3KooWRUtTb75iKgFQsYWcyNqqzZvr7Nrpgf4hJSj85FTCLM75
[2026-09-03 10:45:45.802516000][th:598033][info] GossipPubSub Interface addresses (0):
[2026-09-03 10:45:45.802517000][th:598033][info] GossipPubSub === RAW OBSERVED ADDRESS DEBUG ===
[2026-09-03 10:45:45.802519000][th:598033][info] GossipPubSub Local address: /ip4/0.0.0.0/tcp/54604/p2p/12D3KooWRUtTb75iKgFQsYWcyNqqzZvr7Nrpgf4hJSj85FTCLM75 -> 0 raw observed, 0 activated+confirmed
[2026-09-03 10:45:45.802521000][th:598033][info] GossipPubSub TOTAL: 0 raw observed addresses, 0 activated+confirmed addresses
[2026-09-03 10:45:45.802522000][th:598033][info] GossipPubSub === END RAW OBSERVED ADDRESS DEBUG ===
[2026-09-03 10:45:45.802523000][th:598033][info] GossipPubSub Observed addresses - all (0):
[2026-09-03 10:45:45.802524000][th:598033][info] GossipPubSub Observed addresses - confirmed only (0):
[2026-09-03 10:45:45.802525000][th:598033][info] GossipPubSub Relay addresses (0):
[2026-09-03 10:45:45.802527000][th:598033][warning] GossipPubSub Failed to get addresses from peer repository: not found
[2026-09-03 10:45:45.802571000][th:598033][info] GossipPubSub Found 1 valid network interfaces
[2026-09-03 10:45:45.802573000][th:598033][info] GossipPubSub Current network interfaces (1):
[2026-09-03 10:45:45.802574000][th:598033][info] GossipPubSub   -> 192.168.1.6
[2026-09-03 10:45:45.802575000][th:598033][info] GossipPubSub Active connections: 0
[2026-09-03 10:45:45.802576000][th:598033][info] GossipPubSub === PEER CONNECTION DETAILS ===
[2026-09-03 10:45:45.802580000][th:598033][info] GossipPubSub NOTE: Observed addresses need to be seen by 4+ different peer groups to become 'activated'
[2026-09-03 10:45:45.802581000][th:598033][info] GossipPubSub NOTE: Current connections: 0, so max possible observers: 0
[2026-09-03 10:45:45.802582000][th:598033][info] GossipPubSub === END PEER CONNECTION DETAILS ===
[2026-09-03 10:45:45.802582000][th:598033][info] GossipPubSub Connection manager stats:
[2026-09-03 10:45:45.802583000][th:598033][info] GossipPubSub   -> Max connections: 1000
[2026-09-03 10:45:45.802597000][th:598033][info] GossipPubSub   -> Current connections: 0
[2026-09-03 10:45:45.802600000][th:598033][info] GossipPubSub === END NETWORK STATE ===
[2026-09-03 10:45:45.802789000][th:598033][info] GossipPubSub /ip4/0.0.0.0/tcp/54604/p2p/12D3KooWRUtTb75iKgFQsYWcyNqqzZvr7Nrpgf4hJSj85FTCLM75 : PubSub service started
[2026-09-03 10:45:45][info][GlobalDB] Opening database /Users/henriqueklein/gnus/SuperGenius/multi_node_finality_fault/restart-vote-passive/rocksdb
[2026-09-03 10:45:45][debug][GraphsyncDAGSyncer] GraphSyncer created 5819992680 
[2026-09-03 10:45:45][info][CrdtDatastore] crdt Datastore created. Number of heads: 2 Current max-height: 18446744073709551615
[2026-09-03 10:45:45][info][GeniusAccount] Secure storage ID path: /Users/henriqueklein/gnus/SuperGenius/multi_node_finality_fault/restart-vote-passive/account/secure_storage_id
[2026-09-03 10:45:45][info][GeniusAccount] Loaded public key from file: e09925bc0bd493b2... (length: 128)
[2026-09-03 10:45:45][info][GeniusAccount] Successfully loaded key_seed from storage
[2026-09-03 10:45:45][info][GeniusAccount] Validation successful: key_seed matches stored public key
[2026-09-03 10:45:45][warning][UTXOManager] Skipping malformed UTXO key /utxo-checkpoint/e09925bc0bd493b2f784a0064417a08edaffed9c71ef9852d44205571726441df83738c74dbc99d9b94a54f1f5675eb858557c337e395c8d7bb76c5f2c57370f/1
[2026-09-03 10:45:45][warning][UTXOManager] Skipping malformed UTXO key /utxo-checkpoint/e09925bc0bd493b2f784a0064417a08edaffed9c71ef9852d44205571726441df83738c74dbc99d9b94a54f1f5675eb858557c337e395c8d7bb76c5f2c57370f/latest
[2026-09-03 10:45:45][info][Blockchain] [e09925bc] Blockchain instance created with authorized full node: 8a33bdf1
[2026-09-03 10:45:45][info][ValidatorRegistry] InitializeCache: cache initialized with CID QmU9n6iLJgWexa5eZTYwkuYpLWdZeQyXGm6okCi9nWYvvu
[2026-09-03 10:45:45][info][CRDTCallbackManager] Successfully registered new data callback for pattern: '/?gnus-validator-registry'
[2026-09-03 10:45:45][info][ValidatorRegistry] RegisterFilter: result=true
[2026-09-03 10:45:45][info][ValidatorRegistry] New: instance ready
[2026-09-03 10:45:45.830839000][th:598033][info] GossipPubSub /ip4/0.0.0.0/tcp/54604/p2p/12D3KooWRUtTb75iKgFQsYWcyNqqzZvr7Nrpgf4hJSj85FTCLM75: PubSub subscribed to topic 'gnus-validator-registry.3.7.144'
[2026-09-03 10:45:45][info][CRDTCallbackManager] Successfully registered new data callback for pattern: '^/?cert/[^/]+'
[2026-09-03 10:45:45.830863000][th:598033][info] GossipPubSub /ip4/0.0.0.0/tcp/54604/p2p/12D3KooWRUtTb75iKgFQsYWcyNqqzZvr7Nrpgf4hJSj85FTCLM75: PubSub subscribed to topic 'consensus-channel-.3.7.144'
[2026-09-03 10:45:45.830885000][th:598033][info] GossipPubSub /ip4/0.0.0.0/tcp/54604/p2p/12D3KooWRUtTb75iKgFQsYWcyNqqzZvr7Nrpgf4hJSj85FTCLM75: PubSub subscribed to topic 'consensus-channel-.3.7.144#datastore.3.7.144'
[2026-09-03 10:45:45][info][CRDTCallbackManager] Successfully registered new data callback for pattern: '/?gnus-genesis-block'
[2026-09-03 10:45:45][info][CRDTCallbackManager] Successfully registered new data callback for pattern: '/?gnus-account-creation-.*'
[2026-09-03 10:45:45][info][CRDTCallbackManager] Successfully registered new data callback for pattern: '^/?/bc-144/tx/[^/]+'
[2026-09-03 10:45:45][info][CRDTCallbackManager] Successfully registered deleted data callback for pattern: '^/?/bc-144/tx/[^/]+'
[2026-09-03 10:45:45][info][CRDTCallbackManager] Successfully registered new data callback for pattern: '^/?/bc-963/tx/[^/]+'
[2026-09-03 10:45:45][info][CRDTCallbackManager] Successfully registered deleted data callback for pattern: '^/?/bc-963/tx/[^/]+'
[2026-09-03 10:45:45][info][CRDTCallbackManager] Successfully registered new data callback for pattern: '^/?/bc-369/tx/[^/]+'
[2026-09-03 10:45:45][info][CRDTCallbackManager] Successfully registered deleted data callback for pattern: '^/?/bc-369/tx/[^/]+'
[2026-09-03 10:45:45.831065000][th:597852][info] GossipPubSub Adding new peer: 12D3KooWD9Ruh2Rd7hRsq6UHTFwrS68ktbSgtiAY5cVcr41N1iVc
[2026-09-03 10:45:45.831152000][th:597852][info] GossipPubSub Adding new peer: 12D3KooWDWhN4gRyYRkeukSmb4GkS39r1PrEriWJVYnUzoFhsuFh
[2026-09-03 10:45:45.831217000][th:597852][info] GossipPubSub Adding new peer: 12D3KooWRUtTb75iKgFQsYWcyNqqzZvr7Nrpgf4hJSj85FTCLM75
[2026-09-03 10:45:45.831254000][th:597909][info] GossipPubSub Adding new peer: 12D3KooWE5iBtCHpnT8vMFXSDYr5yNYZu29z96z3j29qf1yTLpo2
[2026-09-03 10:45:45.831334000][th:597909][info] GossipPubSub Adding new peer: 12D3KooWDWhN4gRyYRkeukSmb4GkS39r1PrEriWJVYnUzoFhsuFh
[2026-09-03 10:45:45.831399000][th:597909][info] GossipPubSub Adding new peer: 12D3KooWRUtTb75iKgFQsYWcyNqqzZvr7Nrpgf4hJSj85FTCLM75
[2026-09-03 10:45:45.831430000][th:597939][info] GossipPubSub Adding new peer: 12D3KooWE5iBtCHpnT8vMFXSDYr5yNYZu29z96z3j29qf1yTLpo2
[2026-09-03 10:45:45.831489000][th:597939][info] GossipPubSub Adding new peer: 12D3KooWD9Ruh2Rd7hRsq6UHTFwrS68ktbSgtiAY5cVcr41N1iVc
[2026-09-03 10:45:45.831549000][th:597939][info] GossipPubSub Adding new peer: 12D3KooWRUtTb75iKgFQsYWcyNqqzZvr7Nrpgf4hJSj85FTCLM75
[2026-09-03 10:45:45.831611000][th:598033][info] GossipPubSub Adding new peer: 12D3KooWE5iBtCHpnT8vMFXSDYr5yNYZu29z96z3j29qf1yTLpo2
[2026-09-03 10:45:45.831684000][th:598033][info] GossipPubSub Adding new peer: 12D3KooWD9Ruh2Rd7hRsq6UHTFwrS68ktbSgtiAY5cVcr41N1iVc
[2026-09-03 10:45:45.831749000][th:598033][info] GossipPubSub Adding new peer: 12D3KooWDWhN4gRyYRkeukSmb4GkS39r1PrEriWJVYnUzoFhsuFh
[2026-09-03 10:45:45][info][CRDTCallbackManager] Successfully unregistered new data callback for pattern: '^/?/bc-144/tx/[^/]+'
[2026-09-03 10:45:45][info][CRDTCallbackManager] Successfully unregistered deleted data callback for pattern: '^/?/bc-144/tx/[^/]+'
[2026-09-03 10:45:45][info][CRDTCallbackManager] Successfully unregistered new data callback for pattern: '^/?/bc-963/tx/[^/]+'
[2026-09-03 10:45:45][info][CRDTCallbackManager] Successfully unregistered deleted data callback for pattern: '^/?/bc-963/tx/[^/]+'
[2026-09-03 10:45:45][info][CRDTCallbackManager] Successfully unregistered new data callback for pattern: '^/?/bc-369/tx/[^/]+'
[2026-09-03 10:45:45][info][CRDTCallbackManager] Successfully unregistered deleted data callback for pattern: '^/?/bc-369/tx/[^/]+'
[2026-09-03 10:45:45][info][TransactionManager] [93e0f407 - full: false] ~TransactionManager: Metrics — cert_fallback(success=0 failure=0) validation(approve=0 reject=0) tracking(insert=0 confirm=0 fail=0)
[2026-09-03 10:45:45][info][Blockchain] [93e0f407] Stopping blockchain
[2026-09-03 10:45:45][info][CRDTCallbackManager] Successfully unregistered new data callback for pattern: '/?gnus-genesis-block'
[2026-09-03 10:45:45][info][CRDTCallbackManager] Successfully unregistered new data callback for pattern: '/?gnus-account-creation-.*'
[2026-09-03 10:45:45][info][CRDTCallbackManager] Successfully unregistered new data callback for pattern: '/?gnus-validator-registry'
[2026-09-03 10:45:45][debug][GlobalDB] ~GlobalDB CALLED with count 6 on multi_node_finality_fault/restart-vote-validator-one/rocksdb 
[2026-09-03 10:45:45][info][GlobalDB] GlobalDB shutdown start
[2026-09-03 10:45:45][info][CrdtDatastore] CancelAndCloseNow: begin (pending_jobs=0, self_queue=0, root_queue=0, pending_roots=0, active_root=false)
[2026-09-03 10:45:45][debug][GraphsyncDAGSyncer] Stopping Dagsyncer
[2026-09-03 10:45:45][debug][GraphsyncDAGSyncer] Dagsyncer Stopped
[2026-09-03 10:45:46][info][CrdtDatastore] CancelAndCloseNow: CRDT workers stopped
[2026-09-03 10:45:46][warning][CrdtDatastore] CancelAndCloseNow called but shutdown has already started
[2026-09-03 10:45:46][debug][GraphsyncDAGSyncer] ~GraphsyncDAGSyncer CALLED
[2026-09-03 10:45:46][info][GlobalDB] GlobalDB shutdown finished
[2026-09-03 10:45:46.265933000][th:597852][error] GossipPubSub Address monitoring timer error: Operation canceled
[2026-09-03 10:45:47][info][CRDTCallbackManager] Successfully unregistered new data callback for pattern: '^/?/bc-144/tx/[^/]+'
[2026-09-03 10:45:47][info][CRDTCallbackManager] Successfully unregistered deleted data callback for pattern: '^/?/bc-144/tx/[^/]+'
[2026-09-03 10:45:47][info][CRDTCallbackManager] Successfully unregistered new data callback for pattern: '^/?/bc-963/tx/[^/]+'
[2026-09-03 10:45:47][info][CRDTCallbackManager] Successfully unregistered deleted data callback for pattern: '^/?/bc-963/tx/[^/]+'
[2026-09-03 10:45:47][info][CRDTCallbackManager] Successfully unregistered new data callback for pattern: '^/?/bc-369/tx/[^/]+'
[2026-09-03 10:45:47][info][CRDTCallbackManager] Successfully unregistered deleted data callback for pattern: '^/?/bc-369/tx/[^/]+'
[2026-09-03 10:45:47][info][TransactionManager] [9525c706 - full: false] ~TransactionManager: Metrics — cert_fallback(success=0 failure=0) validation(approve=0 reject=0) tracking(insert=0 confirm=0 fail=0)
[2026-09-03 10:45:47][info][Blockchain] [9525c706] Stopping blockchain
[2026-09-03 10:45:47][info][CRDTCallbackManager] Successfully unregistered new data callback for pattern: '/?gnus-genesis-block'
[2026-09-03 10:45:47][info][CRDTCallbackManager] Successfully unregistered new data callback for pattern: '/?gnus-account-creation-.*'
[2026-09-03 10:45:47][info][CRDTCallbackManager] Successfully unregistered new data callback for pattern: '/?gnus-validator-registry'
[2026-09-03 10:45:47][debug][GlobalDB] ~GlobalDB CALLED with count 6 on multi_node_finality_fault/restart-vote-validator-two/rocksdb 
[2026-09-03 10:45:47][info][GlobalDB] GlobalDB shutdown start
[2026-09-03 10:45:47][info][CrdtDatastore] CancelAndCloseNow: begin (pending_jobs=0, self_queue=0, root_queue=0, pending_roots=0, active_root=false)
[2026-09-03 10:45:47][debug][GraphsyncDAGSyncer] Stopping Dagsyncer
[2026-09-03 10:45:47][debug][GraphsyncDAGSyncer] Dagsyncer Stopped
[2026-09-03 10:45:47][info][CrdtDatastore] CancelAndCloseNow: CRDT workers stopped
[2026-09-03 10:45:47][warning][CrdtDatastore] CancelAndCloseNow called but shutdown has already started
[2026-09-03 10:45:47][debug][GraphsyncDAGSyncer] ~GraphsyncDAGSyncer CALLED
[2026-09-03 10:45:47][info][GlobalDB] GlobalDB shutdown finished
[2026-09-03 10:45:47.290492000][th:597909][error] GossipPubSub Address monitoring timer error: Operation canceled
[2026-09-03 10:45:48][info][CRDTCallbackManager] Successfully unregistered new data callback for pattern: '^/?/bc-144/tx/[^/]+'
[2026-09-03 10:45:48][info][CRDTCallbackManager] Successfully unregistered deleted data callback for pattern: '^/?/bc-144/tx/[^/]+'
[2026-09-03 10:45:48][info][CRDTCallbackManager] Successfully unregistered new data callback for pattern: '^/?/bc-963/tx/[^/]+'
[2026-09-03 10:45:48][info][CRDTCallbackManager] Successfully unregistered deleted data callback for pattern: '^/?/bc-963/tx/[^/]+'
[2026-09-03 10:45:48][info][CRDTCallbackManager] Successfully unregistered new data callback for pattern: '^/?/bc-369/tx/[^/]+'
[2026-09-03 10:45:48][info][CRDTCallbackManager] Successfully unregistered deleted data callback for pattern: '^/?/bc-369/tx/[^/]+'
[2026-09-03 10:45:48][info][TransactionManager] [f7bc1f1c - full: false] ~TransactionManager: Metrics — cert_fallback(success=0 failure=0) validation(approve=0 reject=0) tracking(insert=0 confirm=0 fail=0)
[2026-09-03 10:45:48][info][Blockchain] [f7bc1f1c] Stopping blockchain
[2026-09-03 10:45:48][info][CRDTCallbackManager] Successfully unregistered new data callback for pattern: '/?gnus-genesis-block'
[2026-09-03 10:45:48][info][CRDTCallbackManager] Successfully unregistered new data callback for pattern: '/?gnus-account-creation-.*'
[2026-09-03 10:45:48][info][CRDTCallbackManager] Successfully unregistered new data callback for pattern: '/?gnus-validator-registry'
[2026-09-03 10:45:48][debug][GlobalDB] ~GlobalDB CALLED with count 6 on multi_node_finality_fault/restart-vote-validator-three/rocksdb 
[2026-09-03 10:45:48][info][GlobalDB] GlobalDB shutdown start
[2026-09-03 10:45:48][info][CrdtDatastore] CancelAndCloseNow: begin (pending_jobs=0, self_queue=0, root_queue=0, pending_roots=0, active_root=false)
[2026-09-03 10:45:48][debug][GraphsyncDAGSyncer] Stopping Dagsyncer
[2026-09-03 10:45:48][debug][GraphsyncDAGSyncer] Dagsyncer Stopped
[2026-09-03 10:45:48][info][CrdtDatastore] CancelAndCloseNow: CRDT workers stopped
[2026-09-03 10:45:48][warning][CrdtDatastore] CancelAndCloseNow called but shutdown has already started
[2026-09-03 10:45:48][debug][GraphsyncDAGSyncer] ~GraphsyncDAGSyncer CALLED
[2026-09-03 10:45:48][info][GlobalDB] GlobalDB shutdown finished
[2026-09-03 10:45:48.321367000][th:597939][error] GossipPubSub Address monitoring timer error: Operation canceled
[2026-09-03 10:45:49][info][CRDTCallbackManager] Successfully unregistered new data callback for pattern: '^/?/bc-144/tx/[^/]+'
[2026-09-03 10:45:49][info][CRDTCallbackManager] Successfully unregistered deleted data callback for pattern: '^/?/bc-144/tx/[^/]+'
[2026-09-03 10:45:49][info][CRDTCallbackManager] Successfully unregistered new data callback for pattern: '^/?/bc-963/tx/[^/]+'
[2026-09-03 10:45:49][info][CRDTCallbackManager] Successfully unregistered deleted data callback for pattern: '^/?/bc-963/tx/[^/]+'
[2026-09-03 10:45:49][info][CRDTCallbackManager] Successfully unregistered new data callback for pattern: '^/?/bc-369/tx/[^/]+'
[2026-09-03 10:45:49][info][CRDTCallbackManager] Successfully unregistered deleted data callback for pattern: '^/?/bc-369/tx/[^/]+'
[2026-09-03 10:45:49][info][TransactionManager] [e09925bc - full: false] ~TransactionManager: Metrics — cert_fallback(success=0 failure=0) validation(approve=0 reject=0) tracking(insert=0 confirm=0 fail=0)
[2026-09-03 10:45:49][info][Blockchain] [e09925bc] Stopping blockchain
[2026-09-03 10:45:49][info][CRDTCallbackManager] Successfully unregistered new data callback for pattern: '/?gnus-genesis-block'
[2026-09-03 10:45:49][info][CRDTCallbackManager] Successfully unregistered new data callback for pattern: '/?gnus-account-creation-.*'
[2026-09-03 10:45:49][info][CRDTCallbackManager] Successfully unregistered new data callback for pattern: '/?gnus-validator-registry'
[2026-09-03 10:45:49][debug][GlobalDB] ~GlobalDB CALLED with count 6 on multi_node_finality_fault/restart-vote-passive/rocksdb 
[2026-09-03 10:45:49][info][GlobalDB] GlobalDB shutdown start
[2026-09-03 10:45:49][info][CrdtDatastore] CancelAndCloseNow: begin (pending_jobs=0, self_queue=0, root_queue=0, pending_roots=0, active_root=false)
[2026-09-03 10:45:49][debug][GraphsyncDAGSyncer] Stopping Dagsyncer
[2026-09-03 10:45:49][debug][GraphsyncDAGSyncer] Dagsyncer Stopped
[2026-09-03 10:45:49][info][CrdtDatastore] CancelAndCloseNow: CRDT workers stopped
[2026-09-03 10:45:49][warning][CrdtDatastore] CancelAndCloseNow called but shutdown has already started
[2026-09-03 10:45:49][debug][GraphsyncDAGSyncer] ~GraphsyncDAGSyncer CALLED
[2026-09-03 10:45:49][info][GlobalDB] GlobalDB shutdown finished
[2026-09-03 10:45:49.359459000][th:598033][error] GossipPubSub Address monitoring timer error: Operation canceled
[2026-09-03 10:45:50][info][KeyPairFileStorage] Path to keypairs multi_node_finality_fault/restart-certificate-validator-one/keypair
[2026-09-03 10:45:50][info][KeyPairFileStorage] Peer ID from public key: 12D3KooWJNM58kgokgqjzMkoHATAhhfhsXyB1G9mQkUQ9DXGjGdr
Current limits: 16384 (soft), 9223372036854775807 (hard)
New limits set successfully: 16384 (soft), 9223372036854775807 (hard)
Initialized relay addresses
[2026-09-03 10:45:50.364629000][th:597387][info] GossipPubSub /ip4/0.0.0.0/tcp/54611/p2p/12D3KooWJNM58kgokgqjzMkoHATAhhfhsXyB1G9mQkUQ9DXGjGdr: Starting PubSub service
[2026-09-03 10:45:50.364837000][th:598133][info] GossipPubSub Starting address monitoring system for mobile network changes
[2026-09-03 10:45:50.364850000][th:598133][info] GossipPubSub === CURRENT NETWORK STATE ===
[2026-09-03 10:45:50.364875000][th:598133][info] GossipPubSub Primary listening address: /ip4/0.0.0.0/tcp/54611/p2p/12D3KooWJNM58kgokgqjzMkoHATAhhfhsXyB1G9mQkUQ9DXGjGdr
[2026-09-03 10:45:50.364877000][th:598133][info] GossipPubSub Host peer info addresses (0):
[2026-09-03 10:45:50.364879000][th:598133][info] GossipPubSub Additional addresses we track (0):
[2026-09-03 10:45:50.364881000][th:598133][info] GossipPubSub Listening addresses (1):
[2026-09-03 10:45:50.364882000][th:598133][info] GossipPubSub   -> /ip4/0.0.0.0/tcp/54611/p2p/12D3KooWJNM58kgokgqjzMkoHATAhhfhsXyB1G9mQkUQ9DXGjGdr
[2026-09-03 10:45:50.364884000][th:598133][info] GossipPubSub Interface addresses (0):
[2026-09-03 10:45:50.364885000][th:598133][info] GossipPubSub === RAW OBSERVED ADDRESS DEBUG ===
[2026-09-03 10:45:50.364889000][th:598133][info] GossipPubSub Local address: /ip4/0.0.0.0/tcp/54611/p2p/12D3KooWJNM58kgokgqjzMkoHATAhhfhsXyB1G9mQkUQ9DXGjGdr -> 0 raw observed, 0 activated+confirmed
[2026-09-03 10:45:50.364891000][th:598133][info] GossipPubSub TOTAL: 0 raw observed addresses, 0 activated+confirmed addresses
[2026-09-03 10:45:50.364893000][th:598133][info] GossipPubSub === END RAW OBSERVED ADDRESS DEBUG ===
[2026-09-03 10:45:50.364894000][th:598133][info] GossipPubSub Observed addresses - all (0):
[2026-09-03 10:45:50.364896000][th:598133][info] GossipPubSub Observed addresses - confirmed only (0):
[2026-09-03 10:45:50.364898000][th:598133][info] GossipPubSub Relay addresses (0):
[2026-09-03 10:45:50.364902000][th:598133][warning] GossipPubSub Failed to get addresses from peer repository: not found
[2026-09-03 10:45:50.364970000][th:598133][info] GossipPubSub Found 1 valid network interfaces
[2026-09-03 10:45:50.364974000][th:598133][info] GossipPubSub Current network interfaces (1):
[2026-09-03 10:45:50.364975000][th:598133][info] GossipPubSub   -> 192.168.1.6
[2026-09-03 10:45:50.364977000][th:598133][info] GossipPubSub Active connections: 0
[2026-09-03 10:45:50.364978000][th:598133][info] GossipPubSub === PEER CONNECTION DETAILS ===
[2026-09-03 10:45:50.364980000][th:598133][info] GossipPubSub NOTE: Observed addresses need to be seen by 4+ different peer groups to become 'activated'
[2026-09-03 10:45:50.364982000][th:598133][info] GossipPubSub NOTE: Current connections: 0, so max possible observers: 0
[2026-09-03 10:45:50.364983000][th:598133][info] GossipPubSub === END PEER CONNECTION DETAILS ===
[2026-09-03 10:45:50.364984000][th:598133][info] GossipPubSub Connection manager stats:
[2026-09-03 10:45:50.364986000][th:598133][info] GossipPubSub   -> Max connections: 1000
[2026-09-03 10:45:50.364987000][th:598133][info] GossipPubSub   -> Current connections: 0
[2026-09-03 10:45:50.364988000][th:598133][info] GossipPubSub === END NETWORK STATE ===
[2026-09-03 10:45:50.365242000][th:598133][info] GossipPubSub /ip4/0.0.0.0/tcp/54611/p2p/12D3KooWJNM58kgokgqjzMkoHATAhhfhsXyB1G9mQkUQ9DXGjGdr : PubSub service started
[2026-09-03 10:45:50][info][GlobalDB] Opening database /Users/henriqueklein/gnus/SuperGenius/multi_node_finality_fault/restart-certificate-validator-one/rocksdb
[2026-09-03 10:45:50][debug][GraphsyncDAGSyncer] GraphSyncer created 5016412536 
[2026-09-03 10:45:50][info][CrdtDatastore] crdt Datastore created. Number of heads: 0 Current max-height: 0
[2026-09-03 10:45:50][info][GeniusAccount] Secure storage ID path: /Users/henriqueklein/gnus/SuperGenius/multi_node_finality_fault/restart-certificate-validator-one/account/secure_storage_id
[2026-09-03 10:45:50][error][GeniusAccount] Could not find existing Genius address, generating one from a random mnemonic
[2026-09-03 10:45:50][warning][UTXOManager] Found UTXOs in storage, but there were none
[2026-09-03 10:45:50][info][Blockchain] [5d6fe1dc] Blockchain instance created with authorized full node: 8a33bdf1
[2026-09-03 10:45:50][error][ValidatorRegistry] InitializeCache: registry content not found during cache init
[2026-09-03 10:45:50][info][CRDTCallbackManager] Successfully registered new data callback for pattern: '/?gnus-validator-registry'
[2026-09-03 10:45:50][info][ValidatorRegistry] RegisterFilter: result=true
[2026-09-03 10:45:50][info][ValidatorRegistry] New: instance ready
[2026-09-03 10:45:50.403356000][th:598133][info] GossipPubSub /ip4/0.0.0.0/tcp/54611/p2p/12D3KooWJNM58kgokgqjzMkoHATAhhfhsXyB1G9mQkUQ9DXGjGdr: PubSub subscribed to topic 'gnus-validator-registry.3.7.144'
[2026-09-03 10:45:50][info][CRDTCallbackManager] Successfully registered new data callback for pattern: '^/?cert/[^/]+'
[2026-09-03 10:45:50.403389000][th:598133][info] GossipPubSub /ip4/0.0.0.0/tcp/54611/p2p/12D3KooWJNM58kgokgqjzMkoHATAhhfhsXyB1G9mQkUQ9DXGjGdr: PubSub subscribed to topic 'consensus-channel-.3.7.144'
[2026-09-03 10:45:50.403410000][th:598133][info] GossipPubSub /ip4/0.0.0.0/tcp/54611/p2p/12D3KooWJNM58kgokgqjzMkoHATAhhfhsXyB1G9mQkUQ9DXGjGdr: PubSub subscribed to topic 'consensus-channel-.3.7.144#datastore.3.7.144'
[2026-09-03 10:45:50][warning][Blockchain] [5d6fe1dc] Failed to request validator registry during blockchain init
[2026-09-03 10:45:50][info][CRDTCallbackManager] Successfully registered new data callback for pattern: '/?gnus-genesis-block'
[2026-09-03 10:45:50][info][CRDTCallbackManager] Successfully registered new data callback for pattern: '/?gnus-account-creation-.*'
[2026-09-03 10:45:50][info][CRDTCallbackManager] Successfully registered new data callback for pattern: '^/?/bc-144/tx/[^/]+'
[2026-09-03 10:45:50][info][CRDTCallbackManager] Successfully registered deleted data callback for pattern: '^/?/bc-144/tx/[^/]+'
[2026-09-03 10:45:50][info][CRDTCallbackManager] Successfully registered new data callback for pattern: '^/?/bc-963/tx/[^/]+'
[2026-09-03 10:45:50][info][CRDTCallbackManager] Successfully registered deleted data callback for pattern: '^/?/bc-963/tx/[^/]+'
[2026-09-03 10:45:50][info][CRDTCallbackManager] Successfully registered new data callback for pattern: '^/?/bc-369/tx/[^/]+'
[2026-09-03 10:45:50][info][CRDTCallbackManager] Successfully registered deleted data callback for pattern: '^/?/bc-369/tx/[^/]+'
[2026-09-03 10:45:50][info][KeyPairFileStorage] Path to keypairs multi_node_finality_fault/restart-certificate-validator-two/keypair
[2026-09-03 10:45:50][info][KeyPairFileStorage] Peer ID from public key: 12D3KooWKNQxk8uWtMpivbWXj8ox7sGWKoZqbrcfFw8ixsbkrEbv
Current limits: 16384 (soft), 9223372036854775807 (hard)
New limits set successfully: 16384 (soft), 9223372036854775807 (hard)
Initialized relay addresses
[2026-09-03 10:45:50.405951000][th:597387][info] GossipPubSub /ip4/0.0.0.0/tcp/54612/p2p/12D3KooWKNQxk8uWtMpivbWXj8ox7sGWKoZqbrcfFw8ixsbkrEbv: Starting PubSub service
[2026-09-03 10:45:50.406056000][th:598154][info] GossipPubSub Starting address monitoring system for mobile network changes
[2026-09-03 10:45:50.406059000][th:598154][info] GossipPubSub === CURRENT NETWORK STATE ===
[2026-09-03 10:45:50.406068000][th:598154][info] GossipPubSub Primary listening address: /ip4/0.0.0.0/tcp/54612/p2p/12D3KooWKNQxk8uWtMpivbWXj8ox7sGWKoZqbrcfFw8ixsbkrEbv
[2026-09-03 10:45:50.406070000][th:598154][info] GossipPubSub Host peer info addresses (0):
[2026-09-03 10:45:50.406071000][th:598154][info] GossipPubSub Additional addresses we track (0):
[2026-09-03 10:45:50.406072000][th:598154][info] GossipPubSub Listening addresses (1):
[2026-09-03 10:45:50.406073000][th:598154][info] GossipPubSub   -> /ip4/0.0.0.0/tcp/54612/p2p/12D3KooWKNQxk8uWtMpivbWXj8ox7sGWKoZqbrcfFw8ixsbkrEbv
[2026-09-03 10:45:50.406074000][th:598154][info] GossipPubSub Interface addresses (0):
[2026-09-03 10:45:50.406075000][th:598154][info] GossipPubSub === RAW OBSERVED ADDRESS DEBUG ===
[2026-09-03 10:45:50.406078000][th:598154][info] GossipPubSub Local address: /ip4/0.0.0.0/tcp/54612/p2p/12D3KooWKNQxk8uWtMpivbWXj8ox7sGWKoZqbrcfFw8ixsbkrEbv -> 0 raw observed, 0 activated+confirmed
[2026-09-03 10:45:50.406079000][th:598154][info] GossipPubSub TOTAL: 0 raw observed addresses, 0 activated+confirmed addresses
[2026-09-03 10:45:50.406080000][th:598154][info] GossipPubSub === END RAW OBSERVED ADDRESS DEBUG ===
[2026-09-03 10:45:50.406081000][th:598154][info] GossipPubSub Observed addresses - all (0):
[2026-09-03 10:45:50.406082000][th:598154][info] GossipPubSub Observed addresses - confirmed only (0):
[2026-09-03 10:45:50.406083000][th:598154][info] GossipPubSub Relay addresses (0):
[2026-09-03 10:45:50.406085000][th:598154][warning] GossipPubSub Failed to get addresses from peer repository: not found
[2026-09-03 10:45:50.406154000][th:598154][info] GossipPubSub Found 1 valid network interfaces
[2026-09-03 10:45:50.406157000][th:598154][info] GossipPubSub Current network interfaces (1):
[2026-09-03 10:45:50.406158000][th:598154][info] GossipPubSub   -> 192.168.1.6
[2026-09-03 10:45:50.406160000][th:598154][info] GossipPubSub Active connections: 0
[2026-09-03 10:45:50.406164000][th:598154][info] GossipPubSub === PEER CONNECTION DETAILS ===
[2026-09-03 10:45:50.406165000][th:598154][info] GossipPubSub NOTE: Observed addresses need to be seen by 4+ different peer groups to become 'activated'
[2026-09-03 10:45:50.406166000][th:598154][info] GossipPubSub NOTE: Current connections: 0, so max possible observers: 0
[2026-09-03 10:45:50.406167000][th:598154][info] GossipPubSub === END PEER CONNECTION DETAILS ===
[2026-09-03 10:45:50.406168000][th:598154][info] GossipPubSub Connection manager stats:
[2026-09-03 10:45:50.406169000][th:598154][info] GossipPubSub   -> Max connections: 1000
[2026-09-03 10:45:50.406173000][th:598154][info] GossipPubSub   -> Current connections: 0
[2026-09-03 10:45:50.406174000][th:598154][info] GossipPubSub === END NETWORK STATE ===
[2026-09-03 10:45:50.406400000][th:598154][info] GossipPubSub /ip4/0.0.0.0/tcp/54612/p2p/12D3KooWKNQxk8uWtMpivbWXj8ox7sGWKoZqbrcfFw8ixsbkrEbv : PubSub service started
[2026-09-03 10:45:50][info][GlobalDB] Opening database /Users/henriqueklein/gnus/SuperGenius/multi_node_finality_fault/restart-certificate-validator-two/rocksdb
[2026-09-03 10:45:50][debug][GraphsyncDAGSyncer] GraphSyncer created 5014340088 
[2026-09-03 10:45:50][info][CrdtDatastore] crdt Datastore created. Number of heads: 0 Current max-height: 0
[2026-09-03 10:45:50][info][GeniusAccount] Secure storage ID path: /Users/henriqueklein/gnus/SuperGenius/multi_node_finality_fault/restart-certificate-validator-two/account/secure_storage_id
[2026-09-03 10:45:50][error][GeniusAccount] Could not find existing Genius address, generating one from a random mnemonic
[2026-09-03 10:45:50][warning][UTXOManager] Found UTXOs in storage, but there were none
[2026-09-03 10:45:50][info][Blockchain] [72cb551f] Blockchain instance created with authorized full node: 8a33bdf1
[2026-09-03 10:45:50][error][ValidatorRegistry] InitializeCache: registry content not found during cache init
[2026-09-03 10:45:50][info][CRDTCallbackManager] Successfully registered new data callback for pattern: '/?gnus-validator-registry'
[2026-09-03 10:45:50][info][ValidatorRegistry] RegisterFilter: result=true
[2026-09-03 10:45:50][info][ValidatorRegistry] New: instance ready
[2026-09-03 10:45:50.443509000][th:598154][info] GossipPubSub /ip4/0.0.0.0/tcp/54612/p2p/12D3KooWKNQxk8uWtMpivbWXj8ox7sGWKoZqbrcfFw8ixsbkrEbv: PubSub subscribed to topic 'gnus-validator-registry.3.7.144'
[2026-09-03 10:45:50.443548000][th:598154][info] GossipPubSub /ip4/0.0.0.0/tcp/54612/p2p/12D3KooWKNQxk8uWtMpivbWXj8ox7sGWKoZqbrcfFw8ixsbkrEbv: PubSub subscribed to topic 'consensus-channel-.3.7.144'
[2026-09-03 10:45:50][info][CRDTCallbackManager] Successfully registered new data callback for pattern: '^/?cert/[^/]+'
[2026-09-03 10:45:50.443599000][th:598154][info] GossipPubSub /ip4/0.0.0.0/tcp/54612/p2p/12D3KooWKNQxk8uWtMpivbWXj8ox7sGWKoZqbrcfFw8ixsbkrEbv: PubSub subscribed to topic 'consensus-channel-.3.7.144#datastore.3.7.144'
[2026-09-03 10:45:50][warning][Blockchain] [72cb551f] Failed to request validator registry during blockchain init
[2026-09-03 10:45:50][info][CRDTCallbackManager] Successfully registered new data callback for pattern: '/?gnus-genesis-block'
[2026-09-03 10:45:50][info][CRDTCallbackManager] Successfully registered new data callback for pattern: '/?gnus-account-creation-.*'
[2026-09-03 10:45:50][info][CRDTCallbackManager] Successfully registered new data callback for pattern: '^/?/bc-144/tx/[^/]+'
[2026-09-03 10:45:50][info][CRDTCallbackManager] Successfully registered deleted data callback for pattern: '^/?/bc-144/tx/[^/]+'
[2026-09-03 10:45:50][info][CRDTCallbackManager] Successfully registered new data callback for pattern: '^/?/bc-963/tx/[^/]+'
[2026-09-03 10:45:50][info][CRDTCallbackManager] Successfully registered deleted data callback for pattern: '^/?/bc-963/tx/[^/]+'
[2026-09-03 10:45:50][info][CRDTCallbackManager] Successfully registered new data callback for pattern: '^/?/bc-369/tx/[^/]+'
[2026-09-03 10:45:50][info][CRDTCallbackManager] Successfully registered deleted data callback for pattern: '^/?/bc-369/tx/[^/]+'
[2026-09-03 10:45:50][info][KeyPairFileStorage] Path to keypairs multi_node_finality_fault/restart-certificate-validator-three/keypair
[2026-09-03 10:45:50][info][KeyPairFileStorage] Peer ID from public key: 12D3KooWQpvXvGffsjntCErYgAijU23XC9L3aTdudAW6qysAq5oA
Current limits: 16384 (soft), 9223372036854775807 (hard)
New limits set successfully: 16384 (soft), 9223372036854775807 (hard)
Initialized relay addresses
[2026-09-03 10:45:50.447792000][th:597387][info] GossipPubSub /ip4/0.0.0.0/tcp/54613/p2p/12D3KooWQpvXvGffsjntCErYgAijU23XC9L3aTdudAW6qysAq5oA: Starting PubSub service
[2026-09-03 10:45:50.447906000][th:598175][info] GossipPubSub Starting address monitoring system for mobile network changes
[2026-09-03 10:45:50.447911000][th:598175][info] GossipPubSub === CURRENT NETWORK STATE ===
[2026-09-03 10:45:50.447925000][th:598175][info] GossipPubSub Primary listening address: /ip4/0.0.0.0/tcp/54613/p2p/12D3KooWQpvXvGffsjntCErYgAijU23XC9L3aTdudAW6qysAq5oA
[2026-09-03 10:45:50.447927000][th:598175][info] GossipPubSub Host peer info addresses (0):
[2026-09-03 10:45:50.447929000][th:598175][info] GossipPubSub Additional addresses we track (0):
[2026-09-03 10:45:50.447931000][th:598175][info] GossipPubSub Listening addresses (1):
[2026-09-03 10:45:50.447932000][th:598175][info] GossipPubSub   -> /ip4/0.0.0.0/tcp/54613/p2p/12D3KooWQpvXvGffsjntCErYgAijU23XC9L3aTdudAW6qysAq5oA
[2026-09-03 10:45:50.447945000][th:598175][info] GossipPubSub Interface addresses (0):
[2026-09-03 10:45:50.447949000][th:598175][info] GossipPubSub === RAW OBSERVED ADDRESS DEBUG ===
[2026-09-03 10:45:50.447954000][th:598175][info] GossipPubSub Local address: /ip4/0.0.0.0/tcp/54613/p2p/12D3KooWQpvXvGffsjntCErYgAijU23XC9L3aTdudAW6qysAq5oA -> 0 raw observed, 0 activated+confirmed
[2026-09-03 10:45:50.447957000][th:598175][info] GossipPubSub TOTAL: 0 raw observed addresses, 0 activated+confirmed addresses
[2026-09-03 10:45:50.447959000][th:598175][info] GossipPubSub === END RAW OBSERVED ADDRESS DEBUG ===
[2026-09-03 10:45:50.447961000][th:598175][info] GossipPubSub Observed addresses - all (0):
[2026-09-03 10:45:50.447968000][th:598175][info] GossipPubSub Observed addresses - confirmed only (0):
[2026-09-03 10:45:50.447970000][th:598175][info] GossipPubSub Relay addresses (0):
[2026-09-03 10:45:50.447973000][th:598175][warning] GossipPubSub Failed to get addresses from peer repository: not found
[2026-09-03 10:45:50.448026000][th:598175][info] GossipPubSub Found 1 valid network interfaces
[2026-09-03 10:45:50.448029000][th:598175][info] GossipPubSub Current network interfaces (1):
[2026-09-03 10:45:50.448031000][th:598175][info] GossipPubSub   -> 192.168.1.6
[2026-09-03 10:45:50.448033000][th:598175][info] GossipPubSub Active connections: 0
[2026-09-03 10:45:50.448034000][th:598175][info] GossipPubSub === PEER CONNECTION DETAILS ===
[2026-09-03 10:45:50.448035000][th:598175][info] GossipPubSub NOTE: Observed addresses need to be seen by 4+ different peer groups to become 'activated'
[2026-09-03 10:45:50.448037000][th:598175][info] GossipPubSub NOTE: Current connections: 0, so max possible observers: 0
[2026-09-03 10:45:50.448038000][th:598175][info] GossipPubSub === END PEER CONNECTION DETAILS ===
[2026-09-03 10:45:50.448039000][th:598175][info] GossipPubSub Connection manager stats:
[2026-09-03 10:45:50.448041000][th:598175][info] GossipPubSub   -> Max connections: 1000
[2026-09-03 10:45:50.448042000][th:598175][info] GossipPubSub   -> Current connections: 0
[2026-09-03 10:45:50.448043000][th:598175][info] GossipPubSub === END NETWORK STATE ===
[2026-09-03 10:45:50.448222000][th:598175][info] GossipPubSub /ip4/0.0.0.0/tcp/54613/p2p/12D3KooWQpvXvGffsjntCErYgAijU23XC9L3aTdudAW6qysAq5oA : PubSub service started
[2026-09-03 10:45:50][info][GlobalDB] Opening database /Users/henriqueklein/gnus/SuperGenius/multi_node_finality_fault/restart-certificate-validator-three/rocksdb
[2026-09-03 10:45:50][debug][GraphsyncDAGSyncer] GraphSyncer created 5819728376 
[2026-09-03 10:45:50][info][CrdtDatastore] crdt Datastore created. Number of heads: 0 Current max-height: 0
[2026-09-03 10:45:50][info][GeniusAccount] Secure storage ID path: /Users/henriqueklein/gnus/SuperGenius/multi_node_finality_fault/restart-certificate-validator-three/account/secure_storage_id
[2026-09-03 10:45:50][error][GeniusAccount] Could not find existing Genius address, generating one from a random mnemonic
[2026-09-03 10:45:50][warning][UTXOManager] Found UTXOs in storage, but there were none
[2026-09-03 10:45:50][info][Blockchain] [ae6155c6] Blockchain instance created with authorized full node: 8a33bdf1
[2026-09-03 10:45:50][error][ValidatorRegistry] InitializeCache: registry content not found during cache init
[2026-09-03 10:45:50][info][CRDTCallbackManager] Successfully registered new data callback for pattern: '/?gnus-validator-registry'
[2026-09-03 10:45:50][info][ValidatorRegistry] RegisterFilter: result=true
[2026-09-03 10:45:50][info][ValidatorRegistry] New: instance ready
[2026-09-03 10:45:50.488813000][th:598175][info] GossipPubSub /ip4/0.0.0.0/tcp/54613/p2p/12D3KooWQpvXvGffsjntCErYgAijU23XC9L3aTdudAW6qysAq5oA: PubSub subscribed to topic 'gnus-validator-registry.3.7.144'
[2026-09-03 10:45:50][info][CRDTCallbackManager] Successfully registered new data callback for pattern: '^/?cert/[^/]+'
[2026-09-03 10:45:50.488839000][th:598175][info] GossipPubSub /ip4/0.0.0.0/tcp/54613/p2p/12D3KooWQpvXvGffsjntCErYgAijU23XC9L3aTdudAW6qysAq5oA: PubSub subscribed to topic 'consensus-channel-.3.7.144'
[2026-09-03 10:45:50][warning][Blockchain] [ae6155c6] Failed to request validator registry during blockchain init
[2026-09-03 10:45:50][info][CRDTCallbackManager] Successfully registered new data callback for pattern: '/?gnus-genesis-block'
[2026-09-03 10:45:50][info][CRDTCallbackManager] Successfully registered new data callback for pattern: '/?gnus-account-creation-.*'
[2026-09-03 10:45:50.488864000][th:598175][info] GossipPubSub /ip4/0.0.0.0/tcp/54613/p2p/12D3KooWQpvXvGffsjntCErYgAijU23XC9L3aTdudAW6qysAq5oA: PubSub subscribed to topic 'consensus-channel-.3.7.144#datastore.3.7.144'
[2026-09-03 10:45:50][info][CRDTCallbackManager] Successfully registered new data callback for pattern: '^/?/bc-144/tx/[^/]+'
[2026-09-03 10:45:50][info][CRDTCallbackManager] Successfully registered deleted data callback for pattern: '^/?/bc-144/tx/[^/]+'
[2026-09-03 10:45:50][info][CRDTCallbackManager] Successfully registered new data callback for pattern: '^/?/bc-963/tx/[^/]+'
[2026-09-03 10:45:50][info][CRDTCallbackManager] Successfully registered deleted data callback for pattern: '^/?/bc-963/tx/[^/]+'
[2026-09-03 10:45:50][info][CRDTCallbackManager] Successfully registered new data callback for pattern: '^/?/bc-369/tx/[^/]+'
[2026-09-03 10:45:50][info][CRDTCallbackManager] Successfully registered deleted data callback for pattern: '^/?/bc-369/tx/[^/]+'
[2026-09-03 10:45:50][info][KeyPairFileStorage] Path to keypairs multi_node_finality_fault/restart-certificate-passive/keypair
[2026-09-03 10:45:50][info][KeyPairFileStorage] Peer ID from public key: 12D3KooWGW2uPnkjdPbZ7ZGQkF3vxHTqcwszKNym9ssD8sMNFH4L
Current limits: 16384 (soft), 9223372036854775807 (hard)
New limits set successfully: 16384 (soft), 9223372036854775807 (hard)
Initialized relay addresses
[2026-09-03 10:45:50.490671000][th:597387][info] GossipPubSub /ip4/0.0.0.0/tcp/54614/p2p/12D3KooWGW2uPnkjdPbZ7ZGQkF3vxHTqcwszKNym9ssD8sMNFH4L: Starting PubSub service
[2026-09-03 10:45:50.490718000][th:598196][info] GossipPubSub Starting address monitoring system for mobile network changes
[2026-09-03 10:45:50.490720000][th:598196][info] GossipPubSub === CURRENT NETWORK STATE ===
[2026-09-03 10:45:50.490725000][th:598196][info] GossipPubSub Primary listening address: /ip4/0.0.0.0/tcp/54614/p2p/12D3KooWGW2uPnkjdPbZ7ZGQkF3vxHTqcwszKNym9ssD8sMNFH4L
[2026-09-03 10:45:50.490726000][th:598196][info] GossipPubSub Host peer info addresses (0):
[2026-09-03 10:45:50.490727000][th:598196][info] GossipPubSub Additional addresses we track (0):
[2026-09-03 10:45:50.490727000][th:598196][info] GossipPubSub Listening addresses (1):
[2026-09-03 10:45:50.490728000][th:598196][info] GossipPubSub   -> /ip4/0.0.0.0/tcp/54614/p2p/12D3KooWGW2uPnkjdPbZ7ZGQkF3vxHTqcwszKNym9ssD8sMNFH4L
[2026-09-03 10:45:50.490729000][th:598196][info] GossipPubSub Interface addresses (0):
[2026-09-03 10:45:50.490730000][th:598196][info] GossipPubSub === RAW OBSERVED ADDRESS DEBUG ===
[2026-09-03 10:45:50.490731000][th:598196][info] GossipPubSub Local address: /ip4/0.0.0.0/tcp/54614/p2p/12D3KooWGW2uPnkjdPbZ7ZGQkF3vxHTqcwszKNym9ssD8sMNFH4L -> 0 raw observed, 0 activated+confirmed
[2026-09-03 10:45:50.490735000][th:598196][info] GossipPubSub TOTAL: 0 raw observed addresses, 0 activated+confirmed addresses
[2026-09-03 10:45:50.490736000][th:598196][info] GossipPubSub === END RAW OBSERVED ADDRESS DEBUG ===
[2026-09-03 10:45:50.490736000][th:598196][info] GossipPubSub Observed addresses - all (0):
[2026-09-03 10:45:50.490737000][th:598196][info] GossipPubSub Observed addresses - confirmed only (0):
[2026-09-03 10:45:50.490738000][th:598196][info] GossipPubSub Relay addresses (0):
[2026-09-03 10:45:50.490739000][th:598196][warning] GossipPubSub Failed to get addresses from peer repository: not found
[2026-09-03 10:45:50.490765000][th:598196][info] GossipPubSub Found 1 valid network interfaces
[2026-09-03 10:45:50.490767000][th:598196][info] GossipPubSub Current network interfaces (1):
[2026-09-03 10:45:50.490767000][th:598196][info] GossipPubSub   -> 192.168.1.6
[2026-09-03 10:45:50.490768000][th:598196][info] GossipPubSub Active connections: 0
[2026-09-03 10:45:50.490769000][th:598196][info] GossipPubSub === PEER CONNECTION DETAILS ===
[2026-09-03 10:45:50.490769000][th:598196][info] GossipPubSub NOTE: Observed addresses need to be seen by 4+ different peer groups to become 'activated'
[2026-09-03 10:45:50.490770000][th:598196][info] GossipPubSub NOTE: Current connections: 0, so max possible observers: 0
[2026-09-03 10:45:50.490771000][th:598196][info] GossipPubSub === END PEER CONNECTION DETAILS ===
[2026-09-03 10:45:50.490771000][th:598196][info] GossipPubSub Connection manager stats:
[2026-09-03 10:45:50.490772000][th:598196][info] GossipPubSub   -> Max connections: 1000
[2026-09-03 10:45:50.490773000][th:598196][info] GossipPubSub   -> Current connections: 0
[2026-09-03 10:45:50.490773000][th:598196][info] GossipPubSub === END NETWORK STATE ===
[2026-09-03 10:45:50.490874000][th:598196][info] GossipPubSub /ip4/0.0.0.0/tcp/54614/p2p/12D3KooWGW2uPnkjdPbZ7ZGQkF3vxHTqcwszKNym9ssD8sMNFH4L : PubSub service started
[2026-09-03 10:45:50][info][GlobalDB] Opening database /Users/henriqueklein/gnus/SuperGenius/multi_node_finality_fault/restart-certificate-passive/rocksdb
[2026-09-03 10:45:50][debug][GraphsyncDAGSyncer] GraphSyncer created 5821155720 
[2026-09-03 10:45:50][info][CrdtDatastore] crdt Datastore created. Number of heads: 0 Current max-height: 0
[2026-09-03 10:45:50][info][GeniusAccount] Secure storage ID path: /Users/henriqueklein/gnus/SuperGenius/multi_node_finality_fault/restart-certificate-passive/account/secure_storage_id
[2026-09-03 10:45:50][error][GeniusAccount] Could not find existing Genius address, generating one from a random mnemonic
[2026-09-03 10:45:50][warning][UTXOManager] Found UTXOs in storage, but there were none
[2026-09-03 10:45:50][info][Blockchain] [fe330780] Blockchain instance created with authorized full node: 8a33bdf1
[2026-09-03 10:45:50][error][ValidatorRegistry] InitializeCache: registry content not found during cache init
[2026-09-03 10:45:50][info][CRDTCallbackManager] Successfully registered new data callback for pattern: '/?gnus-validator-registry'
[2026-09-03 10:45:50][info][ValidatorRegistry] RegisterFilter: result=true
[2026-09-03 10:45:50][info][ValidatorRegistry] New: instance ready
[2026-09-03 10:45:50.532203000][th:598196][info] GossipPubSub /ip4/0.0.0.0/tcp/54614/p2p/12D3KooWGW2uPnkjdPbZ7ZGQkF3vxHTqcwszKNym9ssD8sMNFH4L: PubSub subscribed to topic 'gnus-validator-registry.3.7.144'
[2026-09-03 10:45:50][info][CRDTCallbackManager] Successfully registered new data callback for pattern: '^/?cert/[^/]+'
[2026-09-03 10:45:50.532226000][th:598196][info] GossipPubSub /ip4/0.0.0.0/tcp/54614/p2p/12D3KooWGW2uPnkjdPbZ7ZGQkF3vxHTqcwszKNym9ssD8sMNFH4L: PubSub subscribed to topic 'consensus-channel-.3.7.144'
[2026-09-03 10:45:50][warning][Blockchain] [fe330780] Failed to request validator registry during blockchain init
[2026-09-03 10:45:50][info][CRDTCallbackManager] Successfully registered new data callback for pattern: '/?gnus-genesis-block'
[2026-09-03 10:45:50][info][CRDTCallbackManager] Successfully registered new data callback for pattern: '/?gnus-account-creation-.*'
[2026-09-03 10:45:50.532245000][th:598196][info] GossipPubSub /ip4/0.0.0.0/tcp/54614/p2p/12D3KooWGW2uPnkjdPbZ7ZGQkF3vxHTqcwszKNym9ssD8sMNFH4L: PubSub subscribed to topic 'consensus-channel-.3.7.144#datastore.3.7.144'
[2026-09-03 10:45:50][info][CRDTCallbackManager] Successfully registered new data callback for pattern: '^/?/bc-144/tx/[^/]+'
[2026-09-03 10:45:50][info][CRDTCallbackManager] Successfully registered deleted data callback for pattern: '^/?/bc-144/tx/[^/]+'
[2026-09-03 10:45:50][info][CRDTCallbackManager] Successfully registered new data callback for pattern: '^/?/bc-963/tx/[^/]+'
[2026-09-03 10:45:50][info][CRDTCallbackManager] Successfully registered deleted data callback for pattern: '^/?/bc-963/tx/[^/]+'
[2026-09-03 10:45:50][info][CRDTCallbackManager] Successfully registered new data callback for pattern: '^/?/bc-369/tx/[^/]+'
[2026-09-03 10:45:50][info][CRDTCallbackManager] Successfully registered deleted data callback for pattern: '^/?/bc-369/tx/[^/]+'
[2026-09-03 10:45:50][info][CrdtDatastore] Topics { name="gnus-validator-registry" }
[2026-09-03 10:45:50][info][CRDTCallbackManager] Executing callback for key '/gnus-validator-registry' matching pattern '/?gnus-validator-registry'
[2026-09-03 10:45:50][info][ValidatorRegistry] RegistryUpdateReceived: cache updated and initialized
[2026-09-03 10:45:50][debug][GraphsyncDAGSyncer] addNode: Added node QmY148p2xKyqzB6ooUp7VBkqCukZBTATbCyzSSVTJ614F1 on dagService 
[2026-09-03 10:45:50][info][ValidatorRegistry] StoreRegistryUpdate: stored registry update CID QmY148p2xKyqzB6ooUp7VBkqCukZBTATbCyzSSVTJ614F1
[2026-09-03 10:45:50][info][ValidatorRegistry] StoreRegistryUpdate: success
[2026-09-03 10:45:50][info][CrdtDatastore] Topics { name="gnus-validator-registry" }
[2026-09-03 10:45:50][info][CRDTCallbackManager] Executing callback for key '/gnus-validator-registry' matching pattern '/?gnus-validator-registry'
[2026-09-03 10:45:50][info][ValidatorRegistry] RegistryUpdateReceived: cache updated and initialized
[2026-09-03 10:45:50][debug][GraphsyncDAGSyncer] addNode: Added node QmY148p2xKyqzB6ooUp7VBkqCukZBTATbCyzSSVTJ614F1 on dagService 
[2026-09-03 10:45:50][info][ValidatorRegistry] StoreRegistryUpdate: stored registry update CID QmY148p2xKyqzB6ooUp7VBkqCukZBTATbCyzSSVTJ614F1
[2026-09-03 10:45:50][info][ValidatorRegistry] StoreRegistryUpdate: success
[2026-09-03 10:45:50][info][CrdtDatastore] Topics { name="gnus-validator-registry" }
[2026-09-03 10:45:50][info][CRDTCallbackManager] Executing callback for key '/gnus-validator-registry' matching pattern '/?gnus-validator-registry'
[2026-09-03 10:45:50][info][ValidatorRegistry] RegistryUpdateReceived: cache updated and initialized
[2026-09-03 10:45:50][debug][GraphsyncDAGSyncer] addNode: Added node QmY148p2xKyqzB6ooUp7VBkqCukZBTATbCyzSSVTJ614F1 on dagService 
[2026-09-03 10:45:50][info][ValidatorRegistry] StoreRegistryUpdate: stored registry update CID QmY148p2xKyqzB6ooUp7VBkqCukZBTATbCyzSSVTJ614F1
[2026-09-03 10:45:50][info][ValidatorRegistry] StoreRegistryUpdate: success
[2026-09-03 10:45:50][info][CrdtDatastore] Topics { name="gnus-validator-registry" }
[2026-09-03 10:45:50][info][CRDTCallbackManager] Executing callback for key '/gnus-validator-registry' matching pattern '/?gnus-validator-registry'
[2026-09-03 10:45:50][info][ValidatorRegistry] RegistryUpdateReceived: cache updated and initialized
[2026-09-03 10:45:50][debug][GraphsyncDAGSyncer] addNode: Added node QmY148p2xKyqzB6ooUp7VBkqCukZBTATbCyzSSVTJ614F1 on dagService 
[2026-09-03 10:45:50][info][ValidatorRegistry] StoreRegistryUpdate: stored registry update CID QmY148p2xKyqzB6ooUp7VBkqCukZBTATbCyzSSVTJ614F1
[2026-09-03 10:45:50][info][ValidatorRegistry] StoreRegistryUpdate: success
[2026-09-03 10:45:50.576327000][th:598133][info] GossipPubSub Adding new peer: 12D3KooWKNQxk8uWtMpivbWXj8ox7sGWKoZqbrcfFw8ixsbkrEbv
[2026-09-03 10:45:50.576392000][th:598133][info] GossipPubSub Adding new peer: 12D3KooWQpvXvGffsjntCErYgAijU23XC9L3aTdudAW6qysAq5oA
[2026-09-03 10:45:50.576446000][th:598133][info] GossipPubSub Adding new peer: 12D3KooWGW2uPnkjdPbZ7ZGQkF3vxHTqcwszKNym9ssD8sMNFH4L
[2026-09-03 10:45:50.576483000][th:598154][info] GossipPubSub Adding new peer: 12D3KooWJNM58kgokgqjzMkoHATAhhfhsXyB1G9mQkUQ9DXGjGdr
[2026-09-03 10:45:50.576547000][th:598154][info] GossipPubSub Adding new peer: 12D3KooWQpvXvGffsjntCErYgAijU23XC9L3aTdudAW6qysAq5oA
[2026-09-03 10:45:50.576605000][th:598154][info] GossipPubSub Adding new peer: 12D3KooWGW2uPnkjdPbZ7ZGQkF3vxHTqcwszKNym9ssD8sMNFH4L
[2026-09-03 10:45:50.576631000][th:598175][info] GossipPubSub Adding new peer: 12D3KooWJNM58kgokgqjzMkoHATAhhfhsXyB1G9mQkUQ9DXGjGdr
[2026-09-03 10:45:50.576681000][th:598175][info] GossipPubSub Adding new peer: 12D3KooWKNQxk8uWtMpivbWXj8ox7sGWKoZqbrcfFw8ixsbkrEbv
[2026-09-03 10:45:50.576732000][th:598175][info] GossipPubSub Adding new peer: 12D3KooWGW2uPnkjdPbZ7ZGQkF3vxHTqcwszKNym9ssD8sMNFH4L
[2026-09-03 10:45:50.576784000][th:598196][info] GossipPubSub Adding new peer: 12D3KooWJNM58kgokgqjzMkoHATAhhfhsXyB1G9mQkUQ9DXGjGdr
[2026-09-03 10:45:50.576850000][th:598196][info] GossipPubSub Adding new peer: 12D3KooWKNQxk8uWtMpivbWXj8ox7sGWKoZqbrcfFw8ixsbkrEbv
[2026-09-03 10:45:50.576905000][th:598196][info] GossipPubSub Adding new peer: 12D3KooWQpvXvGffsjntCErYgAijU23XC9L3aTdudAW6qysAq5oA
[2026-09-03 10:45:50][info][TransactionManager] [5d6fe1dc - full: false] ChangeTransactionState: Temp tracking entry created tx=a85c94e56230a26bc1cb6ff58c57f7d8ad54374bdb829b2684553a0794d9b87e
[2026-09-03 10:45:50][info][TransactionManager] [fe330780 - full: false] ChangeTransactionState: Temp tracking entry created tx=a85c94e56230a26bc1cb6ff58c57f7d8ad54374bdb829b2684553a0794d9b87e
[2026-09-03 10:45:50][info][TransactionManager] [72cb551f - full: false] ChangeTransactionState: Temp tracking entry created tx=a85c94e56230a26bc1cb6ff58c57f7d8ad54374bdb829b2684553a0794d9b87e
[2026-09-03 10:45:50][info][TransactionManager] [ae6155c6 - full: false] ChangeTransactionState: Temp tracking entry created tx=a85c94e56230a26bc1cb6ff58c57f7d8ad54374bdb829b2684553a0794d9b87e
[2026-09-03 10:45:52][error][ConsensusManager] HandleVote: ignored: proposal has not won frozen slot arbitration proposal_id=6bcada5f
[2026-09-03 10:45:52][error][ConsensusManager] HandleVote: ignored: proposal has not won frozen slot arbitration proposal_id=6bcada5f
[2026-09-03 10:45:52][error][ConsensusManager] HandleVote: ignored: proposal has not won frozen slot arbitration proposal_id=6bcada5f
[2026-09-03 10:45:52][error][ConsensusManager] HandleVote: ignored: proposal has not won frozen slot arbitration proposal_id=6bcada5f
[2026-09-03 10:45:55][info][CrdtDatastore] Topics { name="consensus-channel-.3.7.144#datastore" }
[2026-09-03 10:45:55][info][CRDTCallbackManager] Executing callback for key '/cert/mint-v2:test:0000000000000000000000000000000000000000000000000000000000000000:42:5d6fe1dc17154bc86c437ecc0c5ad6a2e0f73f4a35a5ffef2ffc2c9286feaf40e6169e397d75da59b73197dca5b96f606549f936b04d79340934f498d6e59160:cccccccccccccccccccccccccccccccccccccccccccccccccccccccccccccccc' matching pattern '^/?cert/[^/]+'
[2026-09-03 10:45:55][debug][GraphsyncDAGSyncer] addNode: Added node Qme5aMktd6PGCqa1pdsk9UbcdGnKMDE69vWx5nGXGufNgU on dagService 
[2026-09-03 10:45:55][info][UTXOManager] Stored 1 UTXOs for address 5d6fe1dc17154bc86c437ecc0c5ad6a2e0f73f4a35a5ffef2ffc2c9286feaf40e6169e397d75da59b73197dca5b96f606549f936b04d79340934f498d6e59160
[2026-09-03 10:45:55][info][UTXOManager] Stored 2 UTXOs for address 5d6fe1dc17154bc86c437ecc0c5ad6a2e0f73f4a35a5ffef2ffc2c9286feaf40e6169e397d75da59b73197dca5b96f606549f936b04d79340934f498d6e59160
[2026-09-03 10:45:55][warning][TransactionManager] [5d6fe1dc - full: false] Mint-v2 a85c94e56230a26bc1cb6ff58c57f7d8ad54374bdb829b2684553a0794d9b87e did not consume every burn input (already consumed or missing); burn outpoint metadata may have been rebuilt with zero amount
[2026-09-03 10:45:55][info][TransactionManager] [5d6fe1dc - full: false] Created tokens (mint-v2), amount 42 balance 42
[2026-09-03 10:45:55][info][TransactionManager] [5d6fe1dc - full: false] ChangeTransactionState: Tracking entry confirmed tx=a85c94e56230a26bc1cb6ff58c57f7d8ad54374bdb829b2684553a0794d9b87e
[2026-09-03 10:45:55][info][UTXOManager] Created checkpoint owner=5d6fe1dc17154bc86c437ecc0c5ad6a2e0f73f4a35a5ffef2ffc2c9286feaf40e6169e397d75da59b73197dca5b96f606549f936b04d79340934f498d6e59160 epoch=1 utxo_count=1
[2026-09-03 10:45:55][debug][GraphsyncDAGSyncer] Registered new peer 12D3KooWJNM58kgokgqjzMkoHATAhhfhsXyB1G9mQkUQ9DXGjGdr with key 0
[2026-09-03 10:45:55][debug][GraphsyncDAGSyncer] Added route for CID Qme5aMktd6PGCqa1pdsk9UbcdGnKMDE69vWx5nGXGufNgU to peer 12D3KooWJNM58kgokgqjzMkoHATAhhfhsXyB1G9mQkUQ9DXGjGdr (key 0, route_count=1)
[2026-09-03 10:45:55][debug][GraphsyncDAGSyncer] Registered new peer 12D3KooWJNM58kgokgqjzMkoHATAhhfhsXyB1G9mQkUQ9DXGjGdr with key 0
[2026-09-03 10:45:55][debug][GraphsyncDAGSyncer] Registered new peer 12D3KooWJNM58kgokgqjzMkoHATAhhfhsXyB1G9mQkUQ9DXGjGdr with key 0
[2026-09-03 10:45:55][debug][GraphsyncDAGSyncer] Added route for CID Qme5aMktd6PGCqa1pdsk9UbcdGnKMDE69vWx5nGXGufNgU to peer 12D3KooWJNM58kgokgqjzMkoHATAhhfhsXyB1G9mQkUQ9DXGjGdr (key 0, route_count=1)
[2026-09-03 10:45:55][debug][GraphsyncDAGSyncer] Added route for CID Qme5aMktd6PGCqa1pdsk9UbcdGnKMDE69vWx5nGXGufNgU to peer 12D3KooWJNM58kgokgqjzMkoHATAhhfhsXyB1G9mQkUQ9DXGjGdr (key 0, route_count=1)
[2026-09-03 10:45:55][debug][GraphsyncDAGSyncer] Block initialized without content to LRU cache: CID Qme5aMktd6PGCqa1pdsk9UbcdGnKMDE69vWx5nGXGufNgU, cache size: 1
[2026-09-03 10:45:55][debug][GraphsyncDAGSyncer] Requesting Node Qme5aMktd6PGCqa1pdsk9UbcdGnKMDE69vWx5nGXGufNgU on this 5014340088
[2026-09-03 10:45:55][debug][GraphsyncDAGSyncer] Return node for CID Qme5aMktd6PGCqa1pdsk9UbcdGnKMDE69vWx5nGXGufNgU instance=5016412536
[2026-09-03 10:45:55.472982000][th:598154][warning] graphsync Request 1 for CID Qme5aMktd6PGCqa1pdsk9UbcdGnKMDE69vWx5nGXGufNgU got RS_FULL_CONTENT but no blocks received yet
[2026-09-03 10:45:55][debug][GraphsyncDAGSyncer] request progress: code=FULL_CONTENT, extensions=(graphsync/do-not-send-cids: 0x80) (graphsync/response-metadata: 0x80) 
[2026-09-03 10:45:55][debug][GraphsyncDAGSyncer] HasBlock: false, cid: Qme5aMktd6PGCqa1pdsk9UbcdGnKMDE69vWx5nGXGufNgU
[2026-09-03 10:45:55][debug][GraphsyncDAGSyncer] Existing block updated in LRU cache: CID Qme5aMktd6PGCqa1pdsk9UbcdGnKMDE69vWx5nGXGufNgU
[2026-09-03 10:45:55][debug][GraphsyncDAGSyncer] Node added to dagService. CID: Qme5aMktd6PGCqa1pdsk9UbcdGnKMDE69vWx5nGXGufNgU, links: []
[2026-09-03 10:45:55][debug][GraphsyncDAGSyncer] Seeing if peer 12D3KooWJNM58kgokgqjzMkoHATAhhfhsXyB1G9mQkUQ9DXGjGdr has links to AddRoute
[2026-09-03 10:45:55][info][GraphsyncDAGSyncer] TraverseCIDsLinks: Checking links on { cid="Qme5aMktd6PGCqa1pdsk9UbcdGnKMDE69vWx5nGXGufNgU", name="" }
[2026-09-03 10:45:55][info][GraphsyncDAGSyncer] TraverseCIDsLinks: Completed traversal. Links to fetch: 0, Visited: 0
[2026-09-03 10:45:55][debug][GraphsyncDAGSyncer] Block initialized without content to LRU cache: CID Qme5aMktd6PGCqa1pdsk9UbcdGnKMDE69vWx5nGXGufNgU, cache size: 1
[2026-09-03 10:45:55][debug][GraphsyncDAGSyncer] Requesting Node Qme5aMktd6PGCqa1pdsk9UbcdGnKMDE69vWx5nGXGufNgU on this 5819728376
[2026-09-03 10:45:55][debug][GraphsyncDAGSyncer] Return node for CID Qme5aMktd6PGCqa1pdsk9UbcdGnKMDE69vWx5nGXGufNgU instance=5016412536
[2026-09-03 10:45:55.523759000][th:598175][warning] graphsync Request 1 for CID Qme5aMktd6PGCqa1pdsk9UbcdGnKMDE69vWx5nGXGufNgU got RS_FULL_CONTENT but no blocks received yet
[2026-09-03 10:45:55][debug][GraphsyncDAGSyncer] request progress: code=FULL_CONTENT, extensions=(graphsync/response-metadata: 0x80) (graphsync/do-not-send-cids: 0x80) 
[2026-09-03 10:45:55][debug][GraphsyncDAGSyncer] HasBlock: false, cid: Qme5aMktd6PGCqa1pdsk9UbcdGnKMDE69vWx5nGXGufNgU
[2026-09-03 10:45:55][debug][GraphsyncDAGSyncer] Existing block updated in LRU cache: CID Qme5aMktd6PGCqa1pdsk9UbcdGnKMDE69vWx5nGXGufNgU
[2026-09-03 10:45:55][debug][GraphsyncDAGSyncer] Node added to dagService. CID: Qme5aMktd6PGCqa1pdsk9UbcdGnKMDE69vWx5nGXGufNgU, links: []
[2026-09-03 10:45:55][debug][GraphsyncDAGSyncer] Seeing if peer 12D3KooWJNM58kgokgqjzMkoHATAhhfhsXyB1G9mQkUQ9DXGjGdr has links to AddRoute
[2026-09-03 10:45:55][info][GraphsyncDAGSyncer] TraverseCIDsLinks: Checking links on { cid="Qme5aMktd6PGCqa1pdsk9UbcdGnKMDE69vWx5nGXGufNgU", name="" }
[2026-09-03 10:45:55][info][GraphsyncDAGSyncer] TraverseCIDsLinks: Completed traversal. Links to fetch: 0, Visited: 0
[2026-09-03 10:45:55][debug][GraphsyncDAGSyncer] Return node for CID Qme5aMktd6PGCqa1pdsk9UbcdGnKMDE69vWx5nGXGufNgU instance=5014340088
[2026-09-03 10:45:55][debug][GraphsyncDAGSyncer] Block initialized without content to LRU cache: CID Qme5aMktd6PGCqa1pdsk9UbcdGnKMDE69vWx5nGXGufNgU, cache size: 1
[2026-09-03 10:45:55][debug][GraphsyncDAGSyncer] Requesting Node Qme5aMktd6PGCqa1pdsk9UbcdGnKMDE69vWx5nGXGufNgU on this 5821155720
[2026-09-03 10:45:55][debug][GraphsyncDAGSyncer] Return node for CID Qme5aMktd6PGCqa1pdsk9UbcdGnKMDE69vWx5nGXGufNgU instance=5016412536
[2026-09-03 10:45:55.576672000][th:598196][warning] graphsync Request 1 for CID Qme5aMktd6PGCqa1pdsk9UbcdGnKMDE69vWx5nGXGufNgU got RS_FULL_CONTENT but no blocks received yet
[2026-09-03 10:45:55][debug][GraphsyncDAGSyncer] request progress: code=FULL_CONTENT, extensions=(graphsync/response-metadata: 0x80) (graphsync/do-not-send-cids: 0x80) 
[2026-09-03 10:45:55][debug][GraphsyncDAGSyncer] HasBlock: false, cid: Qme5aMktd6PGCqa1pdsk9UbcdGnKMDE69vWx5nGXGufNgU
[2026-09-03 10:45:55][debug][GraphsyncDAGSyncer] Existing block updated in LRU cache: CID Qme5aMktd6PGCqa1pdsk9UbcdGnKMDE69vWx5nGXGufNgU
[2026-09-03 10:45:55][debug][GraphsyncDAGSyncer] Node added to dagService. CID: Qme5aMktd6PGCqa1pdsk9UbcdGnKMDE69vWx5nGXGufNgU, links: []
[2026-09-03 10:45:55][debug][GraphsyncDAGSyncer] Seeing if peer 12D3KooWJNM58kgokgqjzMkoHATAhhfhsXyB1G9mQkUQ9DXGjGdr has links to AddRoute
[2026-09-03 10:45:55][info][GraphsyncDAGSyncer] TraverseCIDsLinks: Checking links on { cid="Qme5aMktd6PGCqa1pdsk9UbcdGnKMDE69vWx5nGXGufNgU", name="" }
[2026-09-03 10:45:55][info][GraphsyncDAGSyncer] TraverseCIDsLinks: Completed traversal. Links to fetch: 0, Visited: 0
[2026-09-03 10:45:55][info][CRDTCallbackManager] Executing callback for key '/cert/mint-v2:test:0000000000000000000000000000000000000000000000000000000000000000:42:5d6fe1dc17154bc86c437ecc0c5ad6a2e0f73f4a35a5ffef2ffc2c9286feaf40e6169e397d75da59b73197dca5b96f606549f936b04d79340934f498d6e59160:cccccccccccccccccccccccccccccccccccccccccccccccccccccccccccccccc' matching pattern '^/?cert/[^/]+'
[2026-09-03 10:45:55][debug][GraphsyncDAGSyncer] addNode: Added node Qme5aMktd6PGCqa1pdsk9UbcdGnKMDE69vWx5nGXGufNgU on dagService 
[2026-09-03 10:45:55][debug][GraphsyncDAGSyncer] Block removed from LRU cache: CID Qme5aMktd6PGCqa1pdsk9UbcdGnKMDE69vWx5nGXGufNgU
[2026-09-03 10:45:55][debug][GraphsyncDAGSyncer] Return node for CID Qme5aMktd6PGCqa1pdsk9UbcdGnKMDE69vWx5nGXGufNgU instance=5819728376
[2026-09-03 10:45:55][info][CRDTCallbackManager] Executing callback for key '/cert/mint-v2:test:0000000000000000000000000000000000000000000000000000000000000000:42:5d6fe1dc17154bc86c437ecc0c5ad6a2e0f73f4a35a5ffef2ffc2c9286feaf40e6169e397d75da59b73197dca5b96f606549f936b04d79340934f498d6e59160:cccccccccccccccccccccccccccccccccccccccccccccccccccccccccccccccc' matching pattern '^/?cert/[^/]+'
[2026-09-03 10:45:55][debug][GraphsyncDAGSyncer] addNode: Added node Qme5aMktd6PGCqa1pdsk9UbcdGnKMDE69vWx5nGXGufNgU on dagService 
[2026-09-03 10:45:55][debug][GraphsyncDAGSyncer] Block removed from LRU cache: CID Qme5aMktd6PGCqa1pdsk9UbcdGnKMDE69vWx5nGXGufNgU
[2026-09-03 10:45:55][debug][GraphsyncDAGSyncer] Return node for CID Qme5aMktd6PGCqa1pdsk9UbcdGnKMDE69vWx5nGXGufNgU instance=5821155720
[2026-09-03 10:45:55][info][CRDTCallbackManager] Executing callback for key '/cert/mint-v2:test:0000000000000000000000000000000000000000000000000000000000000000:42:5d6fe1dc17154bc86c437ecc0c5ad6a2e0f73f4a35a5ffef2ffc2c9286feaf40e6169e397d75da59b73197dca5b96f606549f936b04d79340934f498d6e59160:cccccccccccccccccccccccccccccccccccccccccccccccccccccccccccccccc' matching pattern '^/?cert/[^/]+'
[2026-09-03 10:45:55][debug][GraphsyncDAGSyncer] addNode: Added node Qme5aMktd6PGCqa1pdsk9UbcdGnKMDE69vWx5nGXGufNgU on dagService 
[2026-09-03 10:45:55][debug][GraphsyncDAGSyncer] Block removed from LRU cache: CID Qme5aMktd6PGCqa1pdsk9UbcdGnKMDE69vWx5nGXGufNgU
[2026-09-03 10:45:56][info][CRDTCallbackManager] Successfully unregistered new data callback for pattern: '^/?/bc-144/tx/[^/]+'
[2026-09-03 10:45:56][info][CRDTCallbackManager] Successfully unregistered deleted data callback for pattern: '^/?/bc-144/tx/[^/]+'
[2026-09-03 10:45:56][info][CRDTCallbackManager] Successfully unregistered new data callback for pattern: '^/?/bc-963/tx/[^/]+'
[2026-09-03 10:45:56][info][CRDTCallbackManager] Successfully unregistered deleted data callback for pattern: '^/?/bc-963/tx/[^/]+'
[2026-09-03 10:45:56][info][CRDTCallbackManager] Successfully unregistered new data callback for pattern: '^/?/bc-369/tx/[^/]+'
[2026-09-03 10:45:56][info][CRDTCallbackManager] Successfully unregistered deleted data callback for pattern: '^/?/bc-369/tx/[^/]+'
[2026-09-03 10:45:56][info][TransactionManager] [72cb551f - full: false] ~TransactionManager: Metrics — cert_fallback(success=0 failure=0) validation(approve=1 reject=0) tracking(insert=1 confirm=0 fail=0)
[2026-09-03 10:45:56][info][Blockchain] [72cb551f] Stopping blockchain
[2026-09-03 10:45:56][info][CRDTCallbackManager] Successfully unregistered new data callback for pattern: '/?gnus-genesis-block'
[2026-09-03 10:45:56][info][CRDTCallbackManager] Successfully unregistered new data callback for pattern: '/?gnus-account-creation-.*'
[2026-09-03 10:45:56][info][CRDTCallbackManager] Successfully unregistered new data callback for pattern: '/?gnus-validator-registry'
[2026-09-03 10:45:56][debug][GlobalDB] ~GlobalDB CALLED with count 6 on multi_node_finality_fault/restart-certificate-validator-two/rocksdb 
[2026-09-03 10:45:56][info][GlobalDB] GlobalDB shutdown start
[2026-09-03 10:45:56][info][CrdtDatastore] CancelAndCloseNow: begin (pending_jobs=1, self_queue=0, root_queue=0, pending_roots=0, active_root=false)
[2026-09-03 10:45:56][debug][GraphsyncDAGSyncer] Stopping Dagsyncer
[2026-09-03 10:45:56][debug][GraphsyncDAGSyncer] Dagsyncer Stopped
[2026-09-03 10:45:56.072791000][th:598133][error] graphsync Varint Error msg=Stream: closed by remote peer
[2026-09-03 10:45:56.072795000][th:598133][info] graphsync stream read error, peer=bkrEbv, msg=stream is not readable
[2026-09-03 10:45:56.072886000][th:598154][error] graphsync Varint Error msg=Stream: closed by this host
[2026-09-03 10:45:56][info][UTXOManager] Stored 1 UTXOs for address 5d6fe1dc17154bc86c437ecc0c5ad6a2e0f73f4a35a5ffef2ffc2c9286feaf40e6169e397d75da59b73197dca5b96f606549f936b04d79340934f498d6e59160
[2026-09-03 10:45:56][info][UTXOManager] Stored 1 UTXOs for address 5d6fe1dc17154bc86c437ecc0c5ad6a2e0f73f4a35a5ffef2ffc2c9286feaf40e6169e397d75da59b73197dca5b96f606549f936b04d79340934f498d6e59160
[2026-09-03 10:45:56][info][UTXOManager] Stored 2 UTXOs for address 5d6fe1dc17154bc86c437ecc0c5ad6a2e0f73f4a35a5ffef2ffc2c9286feaf40e6169e397d75da59b73197dca5b96f606549f936b04d79340934f498d6e59160
[2026-09-03 10:45:56][warning][TransactionManager] [fe330780 - full: false] Mint-v2 a85c94e56230a26bc1cb6ff58c57f7d8ad54374bdb829b2684553a0794d9b87e did not consume every burn input (already consumed or missing); burn outpoint metadata may have been rebuilt with zero amount
[2026-09-03 10:45:56][info][TransactionManager] [fe330780 - full: false] Created tokens (mint-v2), amount 42 balance 0
[2026-09-03 10:45:56][info][UTXOManager] Stored 2 UTXOs for address 5d6fe1dc17154bc86c437ecc0c5ad6a2e0f73f4a35a5ffef2ffc2c9286feaf40e6169e397d75da59b73197dca5b96f606549f936b04d79340934f498d6e59160
[2026-09-03 10:45:56][warning][TransactionManager] [ae6155c6 - full: false] Mint-v2 a85c94e56230a26bc1cb6ff58c57f7d8ad54374bdb829b2684553a0794d9b87e did not consume every burn input (already consumed or missing); burn outpoint metadata may have been rebuilt with zero amount
[2026-09-03 10:45:56][info][TransactionManager] [ae6155c6 - full: false] Created tokens (mint-v2), amount 42 balance 0
[2026-09-03 10:45:56][info][TransactionManager] [fe330780 - full: false] ChangeTransactionState: Tracking entry confirmed tx=a85c94e56230a26bc1cb6ff58c57f7d8ad54374bdb829b2684553a0794d9b87e
[2026-09-03 10:45:56][info][TransactionManager] [ae6155c6 - full: false] ChangeTransactionState: Tracking entry confirmed tx=a85c94e56230a26bc1cb6ff58c57f7d8ad54374bdb829b2684553a0794d9b87e
[2026-09-03 10:45:56][info][UTXOManager] Created checkpoint owner=fe3307800c1b754d9ff68a49df1e340fd8917bd9787751777da9ff9ab446e70a3bcf12fd3af8dae8eb00298068f13f966e5dc0a94b9eef5238d0a11f1d421be0 epoch=1 utxo_count=0
[2026-09-03 10:45:56][info][UTXOManager] Created checkpoint owner=ae6155c66f9d28f3584971eec9b9779132f913a3f95eb59afd59aed69b5bff789a4cb098162689489f7f63aa8f01e7416ef40e89c2c83548f1403d2e479158c0 epoch=1 utxo_count=0
[2026-09-03 10:45:56][info][CrdtDatastore] CancelAndCloseNow: CRDT workers stopped
[2026-09-03 10:45:56][warning][CrdtDatastore] CancelAndCloseNow called but shutdown has already started
[2026-09-03 10:45:56][debug][GraphsyncDAGSyncer] ~GraphsyncDAGSyncer CALLED
[2026-09-03 10:45:56][info][GlobalDB] GlobalDB shutdown finished
[2026-09-03 10:45:56.481549000][th:598154][error] GossipPubSub Address monitoring timer error: Operation canceled
[2026-09-03 10:45:57][info][KeyPairFileStorage] Path to keypairs multi_node_finality_fault/restart-certificate-validator-two/keypair
[2026-09-03 10:45:57][info][KeyPairFileStorage] Peer ID from public key: 12D3KooWKNQxk8uWtMpivbWXj8ox7sGWKoZqbrcfFw8ixsbkrEbv
Current limits: 16384 (soft), 9223372036854775807 (hard)
New limits set successfully: 16384 (soft), 9223372036854775807 (hard)
Initialized relay addresses
[2026-09-03 10:45:57.489588000][th:597387][info] GossipPubSub /ip4/0.0.0.0/tcp/54612/p2p/12D3KooWKNQxk8uWtMpivbWXj8ox7sGWKoZqbrcfFw8ixsbkrEbv: Starting PubSub service
[2026-09-03 10:45:57.489759000][th:598322][info] GossipPubSub Starting address monitoring system for mobile network changes
[2026-09-03 10:45:57.489765000][th:598322][info] GossipPubSub === CURRENT NETWORK STATE ===
[2026-09-03 10:45:57.489782000][th:598322][info] GossipPubSub Primary listening address: /ip4/0.0.0.0/tcp/54612/p2p/12D3KooWKNQxk8uWtMpivbWXj8ox7sGWKoZqbrcfFw8ixsbkrEbv
[2026-09-03 10:45:57.489784000][th:598322][info] GossipPubSub Host peer info addresses (0):
[2026-09-03 10:45:57.489786000][th:598322][info] GossipPubSub Additional addresses we track (0):
[2026-09-03 10:45:57.489787000][th:598322][info] GossipPubSub Listening addresses (1):
[2026-09-03 10:45:57.489788000][th:598322][info] GossipPubSub   -> /ip4/0.0.0.0/tcp/54612/p2p/12D3KooWKNQxk8uWtMpivbWXj8ox7sGWKoZqbrcfFw8ixsbkrEbv
[2026-09-03 10:45:57.489790000][th:598322][info] GossipPubSub Interface addresses (0):
[2026-09-03 10:45:57.489790000][th:598322][info] GossipPubSub === RAW OBSERVED ADDRESS DEBUG ===
[2026-09-03 10:45:57.489794000][th:598322][info] GossipPubSub Local address: /ip4/0.0.0.0/tcp/54612/p2p/12D3KooWKNQxk8uWtMpivbWXj8ox7sGWKoZqbrcfFw8ixsbkrEbv -> 0 raw observed, 0 activated+confirmed
[2026-09-03 10:45:57.489796000][th:598322][info] GossipPubSub TOTAL: 0 raw observed addresses, 0 activated+confirmed addresses
[2026-09-03 10:45:57.489806000][th:598322][info] GossipPubSub === END RAW OBSERVED ADDRESS DEBUG ===
[2026-09-03 10:45:57.489810000][th:598322][info] GossipPubSub Observed addresses - all (0):
[2026-09-03 10:45:57.489811000][th:598322][info] GossipPubSub Observed addresses - confirmed only (0):
[2026-09-03 10:45:57.489812000][th:598322][info] GossipPubSub Relay addresses (0):
[2026-09-03 10:45:57.489816000][th:598322][warning] GossipPubSub Failed to get addresses from peer repository: not found
[2026-09-03 10:45:57.489901000][th:598322][info] GossipPubSub Found 1 valid network interfaces
[2026-09-03 10:45:57.489905000][th:598322][info] GossipPubSub Current network interfaces (1):
[2026-09-03 10:45:57.489906000][th:598322][info] GossipPubSub   -> 192.168.1.6
[2026-09-03 10:45:57.489907000][th:598322][info] GossipPubSub Active connections: 0
[2026-09-03 10:45:57.489908000][th:598322][info] GossipPubSub === PEER CONNECTION DETAILS ===
[2026-09-03 10:45:57.489909000][th:598322][info] GossipPubSub NOTE: Observed addresses need to be seen by 4+ different peer groups to become 'activated'
[2026-09-03 10:45:57.489911000][th:598322][info] GossipPubSub NOTE: Current connections: 0, so max possible observers: 0
[2026-09-03 10:45:57.489912000][th:598322][info] GossipPubSub === END PEER CONNECTION DETAILS ===
[2026-09-03 10:45:57.489913000][th:598322][info] GossipPubSub Connection manager stats:
[2026-09-03 10:45:57.489914000][th:598322][info] GossipPubSub   -> Max connections: 1000
[2026-09-03 10:45:57.489915000][th:598322][info] GossipPubSub   -> Current connections: 0
[2026-09-03 10:45:57.489916000][th:598322][info] GossipPubSub === END NETWORK STATE ===
[2026-09-03 10:45:57.490260000][th:598322][info] GossipPubSub /ip4/0.0.0.0/tcp/54612/p2p/12D3KooWKNQxk8uWtMpivbWXj8ox7sGWKoZqbrcfFw8ixsbkrEbv : PubSub service started
[2026-09-03 10:45:57][info][GlobalDB] Opening database /Users/henriqueklein/gnus/SuperGenius/multi_node_finality_fault/restart-certificate-validator-two/rocksdb
[2026-09-03 10:45:57][debug][GraphsyncDAGSyncer] GraphSyncer created 5016417240 
[2026-09-03 10:45:57][info][CrdtDatastore] crdt Datastore created. Number of heads: 2 Current max-height: 18446744073709551615
[2026-09-03 10:45:57][info][GeniusAccount] Secure storage ID path: /Users/henriqueklein/gnus/SuperGenius/multi_node_finality_fault/restart-certificate-validator-two/account/secure_storage_id
[2026-09-03 10:45:57][info][GeniusAccount] Loaded public key from file: 72cb551f44e36fbc... (length: 128)
[2026-09-03 10:45:57][info][GeniusAccount] Successfully loaded key_seed from storage
[2026-09-03 10:45:57][info][GeniusAccount] Validation successful: key_seed matches stored public key
[2026-09-03 10:45:57][warning][UTXOManager] Found UTXOs in storage, but there were none
[2026-09-03 10:45:57][info][Blockchain] [72cb551f] Blockchain instance created with authorized full node: 8a33bdf1
[2026-09-03 10:45:57][info][ValidatorRegistry] InitializeCache: cache initialized with CID QmY148p2xKyqzB6ooUp7VBkqCukZBTATbCyzSSVTJ614F1
[2026-09-03 10:45:57][info][CRDTCallbackManager] Successfully registered new data callback for pattern: '/?gnus-validator-registry'
[2026-09-03 10:45:57][info][ValidatorRegistry] RegisterFilter: result=true
[2026-09-03 10:45:57][info][ValidatorRegistry] New: instance ready
[2026-09-03 10:45:57.517352000][th:598322][info] GossipPubSub /ip4/0.0.0.0/tcp/54612/p2p/12D3KooWKNQxk8uWtMpivbWXj8ox7sGWKoZqbrcfFw8ixsbkrEbv: PubSub subscribed to topic 'gnus-validator-registry.3.7.144'
[2026-09-03 10:45:57][info][CRDTCallbackManager] Successfully registered new data callback for pattern: '^/?cert/[^/]+'
[2026-09-03 10:45:57.517390000][th:598322][info] GossipPubSub /ip4/0.0.0.0/tcp/54612/p2p/12D3KooWKNQxk8uWtMpivbWXj8ox7sGWKoZqbrcfFw8ixsbkrEbv: PubSub subscribed to topic 'consensus-channel-.3.7.144'
[2026-09-03 10:45:57.517417000][th:598322][info] GossipPubSub /ip4/0.0.0.0/tcp/54612/p2p/12D3KooWKNQxk8uWtMpivbWXj8ox7sGWKoZqbrcfFw8ixsbkrEbv: PubSub subscribed to topic 'consensus-channel-.3.7.144#datastore.3.7.144'
[2026-09-03 10:45:57][warning][ConsensusManager] ProcessCommittedCertificate: No subject handler for certificate with key /cert/mint-v2:test:0000000000000000000000000000000000000000000000000000000000000000:42:5d6fe1dc17154bc86c437ecc0c5ad6a2e0f73f4a35a5ffef2ffc2c9286feaf40e6169e397d75da59b73197dca5b96f606549f936b04d79340934f498d6e59160:cccccccccccccccccccccccccccccccccccccccccccccccccccccccccccccccc 
[2026-09-03 10:45:57][warning][ConsensusManager] ProcessCommittedCertificate: No subject handler for certificate with key /cert/mint-v2:test:0000000000000000000000000000000000000000000000000000000000000000:42:5d6fe1dc17154bc86c437ecc0c5ad6a2e0f73f4a35a5ffef2ffc2c9286feaf40e6169e397d75da59b73197dca5b96f606549f936b04d79340934f498d6e59160:cccccccccccccccccccccccccccccccccccccccccccccccccccccccccccccccc 
[2026-09-03 10:45:57][info][CRDTCallbackManager] Successfully registered new data callback for pattern: '/?gnus-genesis-block'
[2026-09-03 10:45:57][info][CRDTCallbackManager] Successfully registered new data callback for pattern: '/?gnus-account-creation-.*'
[2026-09-03 10:45:57][info][UTXOManager] Stored 1 UTXOs for address 5d6fe1dc17154bc86c437ecc0c5ad6a2e0f73f4a35a5ffef2ffc2c9286feaf40e6169e397d75da59b73197dca5b96f606549f936b04d79340934f498d6e59160
[2026-09-03 10:45:57][info][UTXOManager] Stored 2 UTXOs for address 5d6fe1dc17154bc86c437ecc0c5ad6a2e0f73f4a35a5ffef2ffc2c9286feaf40e6169e397d75da59b73197dca5b96f606549f936b04d79340934f498d6e59160
[2026-09-03 10:45:57][warning][TransactionManager] [72cb551f - full: false] Mint-v2 a85c94e56230a26bc1cb6ff58c57f7d8ad54374bdb829b2684553a0794d9b87e did not consume every burn input (already consumed or missing); burn outpoint metadata may have been rebuilt with zero amount
[2026-09-03 10:45:57][info][TransactionManager] [72cb551f - full: false] Created tokens (mint-v2), amount 42 balance 0
[2026-09-03 10:45:57][info][TransactionManager] [72cb551f - full: false] ChangeTransactionState: Tracking entry confirmed tx=a85c94e56230a26bc1cb6ff58c57f7d8ad54374bdb829b2684553a0794d9b87e
[2026-09-03 10:45:57][info][TransactionManager] [72cb551f - full: false] OnConsensusCertificate: Standalone validator confirmed tx a85c94e56230a26bc1cb6ff58c57f7d8ad54374bdb829b2684553a0794d9b87e from certificate proposal_id=6bcada5f4b3d2aa2ea88039eccddffd7995fd2ace47aa450e270bb538b69e730
[2026-09-03 10:45:57][info][UTXOManager] Created checkpoint owner=72cb551f44e36fbc22387c510d9556080b57a50efa06a1e5b5f937e8faaf55484db739446b3e7bfd3a29bb4f4b1c6fc3e8d7bfca45f674a7e0a81d84f13691ff epoch=1 utxo_count=0
[2026-09-03 10:45:57][info][CRDTCallbackManager] Successfully registered new data callback for pattern: '^/?/bc-144/tx/[^/]+'
[2026-09-03 10:45:57][info][CRDTCallbackManager] Successfully registered deleted data callback for pattern: '^/?/bc-144/tx/[^/]+'
[2026-09-03 10:45:57][info][CRDTCallbackManager] Successfully registered new data callback for pattern: '^/?/bc-963/tx/[^/]+'
[2026-09-03 10:45:57][info][CRDTCallbackManager] Successfully registered deleted data callback for pattern: '^/?/bc-963/tx/[^/]+'
[2026-09-03 10:45:57][info][CRDTCallbackManager] Successfully registered new data callback for pattern: '^/?/bc-369/tx/[^/]+'
[2026-09-03 10:45:57][info][CRDTCallbackManager] Successfully registered deleted data callback for pattern: '^/?/bc-369/tx/[^/]+'
[2026-09-03 10:45:57.559283000][th:598133][info] GossipPubSub Adding new peer: 12D3KooWKNQxk8uWtMpivbWXj8ox7sGWKoZqbrcfFw8ixsbkrEbv
[2026-09-03 10:45:57.559359000][th:598133][info] GossipPubSub Adding new peer: 12D3KooWQpvXvGffsjntCErYgAijU23XC9L3aTdudAW6qysAq5oA
[2026-09-03 10:45:57.559412000][th:598133][info] GossipPubSub Adding new peer: 12D3KooWGW2uPnkjdPbZ7ZGQkF3vxHTqcwszKNym9ssD8sMNFH4L
[2026-09-03 10:45:57.559487000][th:598322][info] GossipPubSub Adding new peer: 12D3KooWJNM58kgokgqjzMkoHATAhhfhsXyB1G9mQkUQ9DXGjGdr
[2026-09-03 10:45:57.559547000][th:598322][info] GossipPubSub Adding new peer: 12D3KooWQpvXvGffsjntCErYgAijU23XC9L3aTdudAW6qysAq5oA
[2026-09-03 10:45:57.559609000][th:598322][info] GossipPubSub Adding new peer: 12D3KooWGW2uPnkjdPbZ7ZGQkF3vxHTqcwszKNym9ssD8sMNFH4L
[2026-09-03 10:45:57.559673000][th:598175][info] GossipPubSub Adding new peer: 12D3KooWJNM58kgokgqjzMkoHATAhhfhsXyB1G9mQkUQ9DXGjGdr
[2026-09-03 10:45:57.559731000][th:598175][info] GossipPubSub Adding new peer: 12D3KooWKNQxk8uWtMpivbWXj8ox7sGWKoZqbrcfFw8ixsbkrEbv
[2026-09-03 10:45:57.559789000][th:598175][info] GossipPubSub Adding new peer: 12D3KooWGW2uPnkjdPbZ7ZGQkF3vxHTqcwszKNym9ssD8sMNFH4L
[2026-09-03 10:45:57.559851000][th:598196][info] GossipPubSub Adding new peer: 12D3KooWJNM58kgokgqjzMkoHATAhhfhsXyB1G9mQkUQ9DXGjGdr
[2026-09-03 10:45:57.559923000][th:598196][info] GossipPubSub Adding new peer: 12D3KooWKNQxk8uWtMpivbWXj8ox7sGWKoZqbrcfFw8ixsbkrEbv
[2026-09-03 10:45:57.559982000][th:598196][info] GossipPubSub Adding new peer: 12D3KooWQpvXvGffsjntCErYgAijU23XC9L3aTdudAW6qysAq5oA
[2026-09-03 10:45:57][info][CRDTCallbackManager] Successfully unregistered new data callback for pattern: '^/?/bc-144/tx/[^/]+'
[2026-09-03 10:45:57][info][CRDTCallbackManager] Successfully unregistered deleted data callback for pattern: '^/?/bc-144/tx/[^/]+'
[2026-09-03 10:45:57][info][CRDTCallbackManager] Successfully unregistered new data callback for pattern: '^/?/bc-963/tx/[^/]+'
[2026-09-03 10:45:57][info][CRDTCallbackManager] Successfully unregistered deleted data callback for pattern: '^/?/bc-963/tx/[^/]+'
[2026-09-03 10:45:57][info][CRDTCallbackManager] Successfully unregistered new data callback for pattern: '^/?/bc-369/tx/[^/]+'
[2026-09-03 10:45:57][info][CRDTCallbackManager] Successfully unregistered deleted data callback for pattern: '^/?/bc-369/tx/[^/]+'
[2026-09-03 10:45:57][info][TransactionManager] [5d6fe1dc - full: false] ~TransactionManager: Metrics — cert_fallback(success=0 failure=0) validation(approve=1 reject=0) tracking(insert=1 confirm=1 fail=0)
[2026-09-03 10:45:57][info][Blockchain] [5d6fe1dc] Stopping blockchain
[2026-09-03 10:45:57][info][CRDTCallbackManager] Successfully unregistered new data callback for pattern: '/?gnus-genesis-block'
[2026-09-03 10:45:57][info][CRDTCallbackManager] Successfully unregistered new data callback for pattern: '/?gnus-account-creation-.*'
[2026-09-03 10:45:57][info][CRDTCallbackManager] Successfully unregistered new data callback for pattern: '/?gnus-validator-registry'
[2026-09-03 10:45:57][debug][GlobalDB] ~GlobalDB CALLED with count 6 on multi_node_finality_fault/restart-certificate-validator-one/rocksdb 
[2026-09-03 10:45:57][info][GlobalDB] GlobalDB shutdown start
[2026-09-03 10:45:57][info][CrdtDatastore] CancelAndCloseNow: begin (pending_jobs=0, self_queue=0, root_queue=0, pending_roots=0, active_root=false)
[2026-09-03 10:45:57][debug][GraphsyncDAGSyncer] Stopping Dagsyncer
[2026-09-03 10:45:57][debug][GraphsyncDAGSyncer] Dagsyncer Stopped
[2026-09-03 10:45:57.659084000][th:598196][error] graphsync Varint Error msg=Stream: closed by remote peer
[2026-09-03 10:45:57.659090000][th:598196][info] graphsync stream read error, peer=XGjGdr, msg=stream is not readable
[2026-09-03 10:45:57.659114000][th:598175][error] graphsync Varint Error msg=Stream: closed by remote peer
[2026-09-03 10:45:57.659118000][th:598175][info] graphsync stream read error, peer=XGjGdr, msg=stream is not readable
[2026-09-03 10:45:57.659142000][th:598133][error] graphsync Varint Error msg=Stream: closed by this host
[2026-09-03 10:45:57.659165000][th:598133][error] graphsync Varint Error msg=Stream: closed by this host
[2026-09-03 10:45:57][info][CrdtDatastore] CancelAndCloseNow: CRDT workers stopped
[2026-09-03 10:45:57][warning][CrdtDatastore] CancelAndCloseNow called but shutdown has already started
[2026-09-03 10:45:57][debug][GraphsyncDAGSyncer] ~GraphsyncDAGSyncer CALLED
[2026-09-03 10:45:57][info][GlobalDB] GlobalDB shutdown finished
[2026-09-03 10:45:57.957580000][th:598133][error] GossipPubSub Address monitoring timer error: Operation canceled
[2026-09-03 10:45:58][info][KeyPairFileStorage] Path to keypairs multi_node_finality_fault/restart-certificate-validator-one/keypair
[2026-09-03 10:45:58][info][KeyPairFileStorage] Peer ID from public key: 12D3KooWJNM58kgokgqjzMkoHATAhhfhsXyB1G9mQkUQ9DXGjGdr
Current limits: 16384 (soft), 9223372036854775807 (hard)
New limits set successfully: 16384 (soft), 9223372036854775807 (hard)
Initialized relay addresses
[2026-09-03 10:45:58.967289000][th:597387][info] GossipPubSub /ip4/0.0.0.0/tcp/54611/p2p/12D3KooWJNM58kgokgqjzMkoHATAhhfhsXyB1G9mQkUQ9DXGjGdr: Starting PubSub service
[2026-09-03 10:45:58.967493000][th:598385][info] GossipPubSub Starting address monitoring system for mobile network changes
[2026-09-03 10:45:58.967500000][th:598385][info] GossipPubSub === CURRENT NETWORK STATE ===
[2026-09-03 10:45:58.967517000][th:598385][info] GossipPubSub Primary listening address: /ip4/0.0.0.0/tcp/54611/p2p/12D3KooWJNM58kgokgqjzMkoHATAhhfhsXyB1G9mQkUQ9DXGjGdr
[2026-09-03 10:45:58.967520000][th:598385][info] GossipPubSub Host peer info addresses (0):
[2026-09-03 10:45:58.967521000][th:598385][info] GossipPubSub Additional addresses we track (0):
[2026-09-03 10:45:58.967523000][th:598385][info] GossipPubSub Listening addresses (1):
[2026-09-03 10:45:58.967524000][th:598385][info] GossipPubSub   -> /ip4/0.0.0.0/tcp/54611/p2p/12D3KooWJNM58kgokgqjzMkoHATAhhfhsXyB1G9mQkUQ9DXGjGdr
[2026-09-03 10:45:58.967525000][th:598385][info] GossipPubSub Interface addresses (0):
[2026-09-03 10:45:58.967526000][th:598385][info] GossipPubSub === RAW OBSERVED ADDRESS DEBUG ===
[2026-09-03 10:45:58.967530000][th:598385][info] GossipPubSub Local address: /ip4/0.0.0.0/tcp/54611/p2p/12D3KooWJNM58kgokgqjzMkoHATAhhfhsXyB1G9mQkUQ9DXGjGdr -> 0 raw observed, 0 activated+confirmed
[2026-09-03 10:45:58.967532000][th:598385][info] GossipPubSub TOTAL: 0 raw observed addresses, 0 activated+confirmed addresses
[2026-09-03 10:45:58.967533000][th:598385][info] GossipPubSub === END RAW OBSERVED ADDRESS DEBUG ===
[2026-09-03 10:45:58.967535000][th:598385][info] GossipPubSub Observed addresses - all (0):
[2026-09-03 10:45:58.967536000][th:598385][info] GossipPubSub Observed addresses - confirmed only (0):
[2026-09-03 10:45:58.967537000][th:598385][info] GossipPubSub Relay addresses (0):
[2026-09-03 10:45:58.967541000][th:598385][warning] GossipPubSub Failed to get addresses from peer repository: not found
[2026-09-03 10:45:58.967630000][th:598385][info] GossipPubSub Found 1 valid network interfaces
[2026-09-03 10:45:58.967638000][th:598385][info] GossipPubSub Current network interfaces (1):
[2026-09-03 10:45:58.967639000][th:598385][info] GossipPubSub   -> 192.168.1.6
[2026-09-03 10:45:58.967641000][th:598385][info] GossipPubSub Active connections: 0
[2026-09-03 10:45:58.967642000][th:598385][info] GossipPubSub === PEER CONNECTION DETAILS ===
[2026-09-03 10:45:58.967643000][th:598385][info] GossipPubSub NOTE: Observed addresses need to be seen by 4+ different peer groups to become 'activated'
[2026-09-03 10:45:58.967647000][th:598385][info] GossipPubSub NOTE: Current connections: 0, so max possible observers: 0
[2026-09-03 10:45:58.967648000][th:598385][info] GossipPubSub === END PEER CONNECTION DETAILS ===
[2026-09-03 10:45:58.967649000][th:598385][info] GossipPubSub Connection manager stats:
[2026-09-03 10:45:58.967650000][th:598385][info] GossipPubSub   -> Max connections: 1000
[2026-09-03 10:45:58.967651000][th:598385][info] GossipPubSub   -> Current connections: 0
[2026-09-03 10:45:58.967652000][th:598385][info] GossipPubSub === END NETWORK STATE ===
[2026-09-03 10:45:58.968022000][th:598385][info] GossipPubSub /ip4/0.0.0.0/tcp/54611/p2p/12D3KooWJNM58kgokgqjzMkoHATAhhfhsXyB1G9mQkUQ9DXGjGdr : PubSub service started
[2026-09-03 10:45:58][info][GlobalDB] Opening database /Users/henriqueklein/gnus/SuperGenius/multi_node_finality_fault/restart-certificate-validator-one/rocksdb
[2026-09-03 10:45:58][debug][GraphsyncDAGSyncer] GraphSyncer created 5016456872 
[2026-09-03 10:45:58][info][CrdtDatastore] crdt Datastore created. Number of heads: 2 Current max-height: 18446744073709551615
[2026-09-03 10:45:58][info][GeniusAccount] Secure storage ID path: /Users/henriqueklein/gnus/SuperGenius/multi_node_finality_fault/restart-certificate-validator-one/account/secure_storage_id
[2026-09-03 10:45:58][info][GeniusAccount] Loaded public key from file: 5d6fe1dc17154bc8... (length: 128)
[2026-09-03 10:45:58][info][GeniusAccount] Successfully loaded key_seed from storage
[2026-09-03 10:45:58][info][GeniusAccount] Validation successful: key_seed matches stored public key
[2026-09-03 10:45:58][warning][UTXOManager] Skipping malformed UTXO key /utxo-checkpoint/5d6fe1dc17154bc86c437ecc0c5ad6a2e0f73f4a35a5ffef2ffc2c9286feaf40e6169e397d75da59b73197dca5b96f606549f936b04d79340934f498d6e59160/1
[2026-09-03 10:45:58][warning][UTXOManager] Skipping malformed UTXO key /utxo-checkpoint/5d6fe1dc17154bc86c437ecc0c5ad6a2e0f73f4a35a5ffef2ffc2c9286feaf40e6169e397d75da59b73197dca5b96f606549f936b04d79340934f498d6e59160/latest
[2026-09-03 10:45:58][info][Blockchain] [5d6fe1dc] Blockchain instance created with authorized full node: 8a33bdf1
[2026-09-03 10:45:58][info][ValidatorRegistry] InitializeCache: cache initialized with CID QmY148p2xKyqzB6ooUp7VBkqCukZBTATbCyzSSVTJ614F1
[2026-09-03 10:45:58][info][CRDTCallbackManager] Successfully registered new data callback for pattern: '/?gnus-validator-registry'
[2026-09-03 10:45:58][info][ValidatorRegistry] RegisterFilter: result=true
[2026-09-03 10:45:58][info][ValidatorRegistry] New: instance ready
[2026-09-03 10:45:58.998145000][th:598385][info] GossipPubSub /ip4/0.0.0.0/tcp/54611/p2p/12D3KooWJNM58kgokgqjzMkoHATAhhfhsXyB1G9mQkUQ9DXGjGdr: PubSub subscribed to topic 'gnus-validator-registry.3.7.144'
[2026-09-03 10:45:58][info][CRDTCallbackManager] Successfully registered new data callback for pattern: '^/?cert/[^/]+'
[2026-09-03 10:45:58.998189000][th:598385][info] GossipPubSub /ip4/0.0.0.0/tcp/54611/p2p/12D3KooWJNM58kgokgqjzMkoHATAhhfhsXyB1G9mQkUQ9DXGjGdr: PubSub subscribed to topic 'consensus-channel-.3.7.144'
[2026-09-03 10:45:58.998216000][th:598385][info] GossipPubSub /ip4/0.0.0.0/tcp/54611/p2p/12D3KooWJNM58kgokgqjzMkoHATAhhfhsXyB1G9mQkUQ9DXGjGdr: PubSub subscribed to topic 'consensus-channel-.3.7.144#datastore.3.7.144'
[2026-09-03 10:45:58][info][CRDTCallbackManager] Successfully registered new data callback for pattern: '/?gnus-genesis-block'
[2026-09-03 10:45:58][info][CRDTCallbackManager] Successfully registered new data callback for pattern: '/?gnus-account-creation-.*'
[2026-09-03 10:45:58][info][CRDTCallbackManager] Successfully registered new data callback for pattern: '^/?/bc-144/tx/[^/]+'
[2026-09-03 10:45:58][info][CRDTCallbackManager] Successfully registered deleted data callback for pattern: '^/?/bc-144/tx/[^/]+'
[2026-09-03 10:45:58][info][CRDTCallbackManager] Successfully registered new data callback for pattern: '^/?/bc-963/tx/[^/]+'
[2026-09-03 10:45:58][info][CRDTCallbackManager] Successfully registered deleted data callback for pattern: '^/?/bc-963/tx/[^/]+'
[2026-09-03 10:45:58][info][CRDTCallbackManager] Successfully registered new data callback for pattern: '^/?/bc-369/tx/[^/]+'
[2026-09-03 10:45:58][info][CRDTCallbackManager] Successfully registered deleted data callback for pattern: '^/?/bc-369/tx/[^/]+'
[2026-09-03 10:45:58][info][CRDTCallbackManager] Successfully unregistered new data callback for pattern: '^/?/bc-144/tx/[^/]+'
[2026-09-03 10:45:58][info][CRDTCallbackManager] Successfully unregistered deleted data callback for pattern: '^/?/bc-144/tx/[^/]+'
[2026-09-03 10:45:58][info][CRDTCallbackManager] Successfully unregistered new data callback for pattern: '^/?/bc-963/tx/[^/]+'
[2026-09-03 10:45:58][info][CRDTCallbackManager] Successfully unregistered deleted data callback for pattern: '^/?/bc-963/tx/[^/]+'
[2026-09-03 10:45:58][info][CRDTCallbackManager] Successfully unregistered new data callback for pattern: '^/?/bc-369/tx/[^/]+'
[2026-09-03 10:45:58][info][CRDTCallbackManager] Successfully unregistered deleted data callback for pattern: '^/?/bc-369/tx/[^/]+'
[2026-09-03 10:45:58][info][TransactionManager] [72cb551f - full: false] ~TransactionManager: Metrics — cert_fallback(success=1 failure=0) validation(approve=0 reject=0) tracking(insert=0 confirm=1 fail=0)
[2026-09-03 10:45:58][info][Blockchain] [72cb551f] Stopping blockchain
[2026-09-03 10:45:58][info][CRDTCallbackManager] Successfully unregistered new data callback for pattern: '/?gnus-genesis-block'
[2026-09-03 10:45:58][info][CRDTCallbackManager] Successfully unregistered new data callback for pattern: '/?gnus-account-creation-.*'
[2026-09-03 10:45:58][info][CRDTCallbackManager] Successfully unregistered new data callback for pattern: '/?gnus-validator-registry'
[2026-09-03 10:45:58][debug][GlobalDB] ~GlobalDB CALLED with count 6 on multi_node_finality_fault/restart-certificate-validator-two/rocksdb 
[2026-09-03 10:45:58][info][GlobalDB] GlobalDB shutdown start
[2026-09-03 10:45:58][info][CrdtDatastore] CancelAndCloseNow: begin (pending_jobs=0, self_queue=0, root_queue=0, pending_roots=0, active_root=false)
[2026-09-03 10:45:58][debug][GraphsyncDAGSyncer] Stopping Dagsyncer
[2026-09-03 10:45:58][debug][GraphsyncDAGSyncer] Dagsyncer Stopped
[2026-09-03 10:45:59][info][CrdtDatastore] CancelAndCloseNow: CRDT workers stopped
[2026-09-03 10:45:59][warning][CrdtDatastore] CancelAndCloseNow called but shutdown has already started
[2026-09-03 10:45:59][debug][GraphsyncDAGSyncer] ~GraphsyncDAGSyncer CALLED
[2026-09-03 10:45:59][info][GlobalDB] GlobalDB shutdown finished
[2026-09-03 10:45:59.024803000][th:598322][error] GossipPubSub Address monitoring timer error: Operation canceled
[2026-09-03 10:46:00][info][KeyPairFileStorage] Path to keypairs multi_node_finality_fault/restart-certificate-validator-two/keypair
[2026-09-03 10:46:00][info][KeyPairFileStorage] Peer ID from public key: 12D3KooWKNQxk8uWtMpivbWXj8ox7sGWKoZqbrcfFw8ixsbkrEbv
Current limits: 16384 (soft), 9223372036854775807 (hard)
New limits set successfully: 16384 (soft), 9223372036854775807 (hard)
Initialized relay addresses
[2026-09-03 10:46:00.034626000][th:597387][info] GossipPubSub /ip4/0.0.0.0/tcp/54612/p2p/12D3KooWKNQxk8uWtMpivbWXj8ox7sGWKoZqbrcfFw8ixsbkrEbv: Starting PubSub service
[2026-09-03 10:46:00.034849000][th:598409][info] GossipPubSub Starting address monitoring system for mobile network changes
[2026-09-03 10:46:00.034859000][th:598409][info] GossipPubSub === CURRENT NETWORK STATE ===
[2026-09-03 10:46:00.034878000][th:598409][info] GossipPubSub Primary listening address: /ip4/0.0.0.0/tcp/54612/p2p/12D3KooWKNQxk8uWtMpivbWXj8ox7sGWKoZqbrcfFw8ixsbkrEbv
[2026-09-03 10:46:00.034881000][th:598409][info] GossipPubSub Host peer info addresses (0):
[2026-09-03 10:46:00.034882000][th:598409][info] GossipPubSub Additional addresses we track (0):
[2026-09-03 10:46:00.034884000][th:598409][info] GossipPubSub Listening addresses (1):
[2026-09-03 10:46:00.034885000][th:598409][info] GossipPubSub   -> /ip4/0.0.0.0/tcp/54612/p2p/12D3KooWKNQxk8uWtMpivbWXj8ox7sGWKoZqbrcfFw8ixsbkrEbv
[2026-09-03 10:46:00.034886000][th:598409][info] GossipPubSub Interface addresses (0):
[2026-09-03 10:46:00.034887000][th:598409][info] GossipPubSub === RAW OBSERVED ADDRESS DEBUG ===
[2026-09-03 10:46:00.034890000][th:598409][info] GossipPubSub Local address: /ip4/0.0.0.0/tcp/54612/p2p/12D3KooWKNQxk8uWtMpivbWXj8ox7sGWKoZqbrcfFw8ixsbkrEbv -> 0 raw observed, 0 activated+confirmed
[2026-09-03 10:46:00.034893000][th:598409][info] GossipPubSub TOTAL: 0 raw observed addresses, 0 activated+confirmed addresses
[2026-09-03 10:46:00.034894000][th:598409][info] GossipPubSub === END RAW OBSERVED ADDRESS DEBUG ===
[2026-09-03 10:46:00.034895000][th:598409][info] GossipPubSub Observed addresses - all (0):
[2026-09-03 10:46:00.034897000][th:598409][info] GossipPubSub Observed addresses - confirmed only (0):
[2026-09-03 10:46:00.034898000][th:598409][info] GossipPubSub Relay addresses (0):
[2026-09-03 10:46:00.034902000][th:598409][warning] GossipPubSub Failed to get addresses from peer repository: not found
[2026-09-03 10:46:00.034995000][th:598409][info] GossipPubSub Found 1 valid network interfaces
[2026-09-03 10:46:00.035001000][th:598409][info] GossipPubSub Current network interfaces (1):
[2026-09-03 10:46:00.035002000][th:598409][info] GossipPubSub   -> 192.168.1.6
[2026-09-03 10:46:00.035005000][th:598409][info] GossipPubSub Active connections: 0
[2026-09-03 10:46:00.035006000][th:598409][info] GossipPubSub === PEER CONNECTION DETAILS ===
[2026-09-03 10:46:00.035007000][th:598409][info] GossipPubSub NOTE: Observed addresses need to be seen by 4+ different peer groups to become 'activated'
[2026-09-03 10:46:00.035008000][th:598409][info] GossipPubSub NOTE: Current connections: 0, so max possible observers: 0
[2026-09-03 10:46:00.035009000][th:598409][info] GossipPubSub === END PEER CONNECTION DETAILS ===
[2026-09-03 10:46:00.035011000][th:598409][info] GossipPubSub Connection manager stats:
[2026-09-03 10:46:00.035012000][th:598409][info] GossipPubSub   -> Max connections: 1000
[2026-09-03 10:46:00.035022000][th:598409][info] GossipPubSub   -> Current connections: 0
[2026-09-03 10:46:00.035023000][th:598409][info] GossipPubSub === END NETWORK STATE ===
[2026-09-03 10:46:00.035359000][th:598409][info] GossipPubSub /ip4/0.0.0.0/tcp/54612/p2p/12D3KooWKNQxk8uWtMpivbWXj8ox7sGWKoZqbrcfFw8ixsbkrEbv : PubSub service started
[2026-09-03 10:46:00][info][GlobalDB] Opening database /Users/henriqueklein/gnus/SuperGenius/multi_node_finality_fault/restart-certificate-validator-two/rocksdb
[2026-09-03 10:46:00][debug][GraphsyncDAGSyncer] GraphSyncer created 5017467160 
[2026-09-03 10:46:00][info][CrdtDatastore] crdt Datastore created. Number of heads: 2 Current max-height: 18446744073709551615
[2026-09-03 10:46:00][info][GeniusAccount] Secure storage ID path: /Users/henriqueklein/gnus/SuperGenius/multi_node_finality_fault/restart-certificate-validator-two/account/secure_storage_id
[2026-09-03 10:46:00][info][GeniusAccount] Loaded public key from file: 72cb551f44e36fbc... (length: 128)
[2026-09-03 10:46:00][info][GeniusAccount] Successfully loaded key_seed from storage
[2026-09-03 10:46:00][info][GeniusAccount] Validation successful: key_seed matches stored public key
[2026-09-03 10:46:00][warning][UTXOManager] Skipping malformed UTXO key /utxo-checkpoint/72cb551f44e36fbc22387c510d9556080b57a50efa06a1e5b5f937e8faaf55484db739446b3e7bfd3a29bb4f4b1c6fc3e8d7bfca45f674a7e0a81d84f13691ff/1
[2026-09-03 10:46:00][warning][UTXOManager] Skipping malformed UTXO key /utxo-checkpoint/72cb551f44e36fbc22387c510d9556080b57a50efa06a1e5b5f937e8faaf55484db739446b3e7bfd3a29bb4f4b1c6fc3e8d7bfca45f674a7e0a81d84f13691ff/latest
[2026-09-03 10:46:00][info][Blockchain] [72cb551f] Blockchain instance created with authorized full node: 8a33bdf1
[2026-09-03 10:46:00][info][ValidatorRegistry] InitializeCache: cache initialized with CID QmY148p2xKyqzB6ooUp7VBkqCukZBTATbCyzSSVTJ614F1
[2026-09-03 10:46:00][info][CRDTCallbackManager] Successfully registered new data callback for pattern: '/?gnus-validator-registry'
[2026-09-03 10:46:00][info][ValidatorRegistry] RegisterFilter: result=true
[2026-09-03 10:46:00][info][ValidatorRegistry] New: instance ready
[2026-09-03 10:46:00.063494000][th:598409][info] GossipPubSub /ip4/0.0.0.0/tcp/54612/p2p/12D3KooWKNQxk8uWtMpivbWXj8ox7sGWKoZqbrcfFw8ixsbkrEbv: PubSub subscribed to topic 'gnus-validator-registry.3.7.144'
[2026-09-03 10:46:00.063531000][th:598409][info] GossipPubSub /ip4/0.0.0.0/tcp/54612/p2p/12D3KooWKNQxk8uWtMpivbWXj8ox7sGWKoZqbrcfFw8ixsbkrEbv: PubSub subscribed to topic 'consensus-channel-.3.7.144'
[2026-09-03 10:46:00][info][CRDTCallbackManager] Successfully registered new data callback for pattern: '^/?cert/[^/]+'
[2026-09-03 10:46:00.063576000][th:598409][info] GossipPubSub /ip4/0.0.0.0/tcp/54612/p2p/12D3KooWKNQxk8uWtMpivbWXj8ox7sGWKoZqbrcfFw8ixsbkrEbv: PubSub subscribed to topic 'consensus-channel-.3.7.144#datastore.3.7.144'
[2026-09-03 10:46:00][info][CRDTCallbackManager] Successfully registered new data callback for pattern: '/?gnus-genesis-block'
[2026-09-03 10:46:00][info][CRDTCallbackManager] Successfully registered new data callback for pattern: '/?gnus-account-creation-.*'
[2026-09-03 10:46:00][info][CRDTCallbackManager] Successfully registered new data callback for pattern: '^/?/bc-144/tx/[^/]+'
[2026-09-03 10:46:00][info][CRDTCallbackManager] Successfully registered deleted data callback for pattern: '^/?/bc-144/tx/[^/]+'
[2026-09-03 10:46:00][info][CRDTCallbackManager] Successfully registered new data callback for pattern: '^/?/bc-963/tx/[^/]+'
[2026-09-03 10:46:00][info][CRDTCallbackManager] Successfully registered deleted data callback for pattern: '^/?/bc-963/tx/[^/]+'
[2026-09-03 10:46:00][info][CRDTCallbackManager] Successfully registered new data callback for pattern: '^/?/bc-369/tx/[^/]+'
[2026-09-03 10:46:00][info][CRDTCallbackManager] Successfully registered deleted data callback for pattern: '^/?/bc-369/tx/[^/]+'
[2026-09-03 10:46:00][info][CRDTCallbackManager] Successfully unregistered new data callback for pattern: '^/?/bc-144/tx/[^/]+'
[2026-09-03 10:46:00][info][CRDTCallbackManager] Successfully unregistered deleted data callback for pattern: '^/?/bc-144/tx/[^/]+'
[2026-09-03 10:46:00][info][CRDTCallbackManager] Successfully unregistered new data callback for pattern: '^/?/bc-963/tx/[^/]+'
[2026-09-03 10:46:00][info][CRDTCallbackManager] Successfully unregistered deleted data callback for pattern: '^/?/bc-963/tx/[^/]+'
[2026-09-03 10:46:00][info][CRDTCallbackManager] Successfully unregistered new data callback for pattern: '^/?/bc-369/tx/[^/]+'
[2026-09-03 10:46:00][info][CRDTCallbackManager] Successfully unregistered deleted data callback for pattern: '^/?/bc-369/tx/[^/]+'
[2026-09-03 10:46:00][info][TransactionManager] [ae6155c6 - full: false] ~TransactionManager: Metrics — cert_fallback(success=0 failure=0) validation(approve=1 reject=0) tracking(insert=1 confirm=1 fail=0)
[2026-09-03 10:46:00][info][Blockchain] [ae6155c6] Stopping blockchain
[2026-09-03 10:46:00][info][CRDTCallbackManager] Successfully unregistered new data callback for pattern: '/?gnus-genesis-block'
[2026-09-03 10:46:00][info][CRDTCallbackManager] Successfully unregistered new data callback for pattern: '/?gnus-account-creation-.*'
[2026-09-03 10:46:00][info][CRDTCallbackManager] Successfully unregistered new data callback for pattern: '/?gnus-validator-registry'
[2026-09-03 10:46:00][debug][GlobalDB] ~GlobalDB CALLED with count 6 on multi_node_finality_fault/restart-certificate-validator-three/rocksdb 
[2026-09-03 10:46:00][info][GlobalDB] GlobalDB shutdown start
[2026-09-03 10:46:00][info][CrdtDatastore] CancelAndCloseNow: begin (pending_jobs=1, self_queue=0, root_queue=0, pending_roots=0, active_root=false)
[2026-09-03 10:46:00][debug][GraphsyncDAGSyncer] Stopping Dagsyncer
[2026-09-03 10:46:00][debug][GraphsyncDAGSyncer] Dagsyncer Stopped
[2026-09-03 10:46:00.549270000][th:597419][info] GossipPubSub === Address Refresh Cycle Started ===
[2026-09-03 10:46:00.549430000][th:597419][info] GossipPubSub Found 1 valid network interfaces
[2026-09-03 10:46:00.549657000][th:597419][info] GossipPubSub   -> New interface address: /ip4/192.168.1.6/tcp/40001/p2p/12D3KooWG2XG1DHbGkSN9jogW5RXgUeoE3XjVHn556D66X1D5Ka6
[2026-09-03 10:46:00.549737000][th:597419][info] GossipPubSub Successfully refreshed 1 addresses with 10-minute TTL
[2026-09-03 10:46:00.549745000][th:597419][info] GossipPubSub === Address Refresh Cycle Completed ===
[2026-09-03 10:46:00.549748000][th:597419][info] GossipPubSub === CURRENT NETWORK STATE ===
[2026-09-03 10:46:00.549769000][th:597419][info] GossipPubSub Primary listening address: /ip4/0.0.0.0/tcp/40001/p2p/12D3KooWG2XG1DHbGkSN9jogW5RXgUeoE3XjVHn556D66X1D5Ka6
[2026-09-03 10:46:00.549773000][th:597419][info] GossipPubSub Host peer info addresses (0):
[2026-09-03 10:46:00.549775000][th:597419][info] GossipPubSub Additional addresses we track (1):
[2026-09-03 10:46:00.549778000][th:597419][info] GossipPubSub   -> /ip4/192.168.1.6/tcp/40001/p2p/12D3KooWG2XG1DHbGkSN9jogW5RXgUeoE3XjVHn556D66X1D5Ka6
[2026-09-03 10:46:00.549781000][th:597419][info] GossipPubSub Listening addresses (1):
[2026-09-03 10:46:00.549784000][th:597419][info] GossipPubSub   -> /ip4/0.0.0.0/tcp/40001/p2p/12D3KooWG2XG1DHbGkSN9jogW5RXgUeoE3XjVHn556D66X1D5Ka6
[2026-09-03 10:46:00.549786000][th:597419][info] GossipPubSub Interface addresses (0):
[2026-09-03 10:46:00.549789000][th:597419][info] GossipPubSub === RAW OBSERVED ADDRESS DEBUG ===
[2026-09-03 10:46:00.549796000][th:597419][info] GossipPubSub Local address: /ip4/0.0.0.0/tcp/40001/p2p/12D3KooWG2XG1DHbGkSN9jogW5RXgUeoE3XjVHn556D66X1D5Ka6 -> 0 raw observed, 0 activated+confirmed
[2026-09-03 10:46:00.549800000][th:597419][info] GossipPubSub TOTAL: 0 raw observed addresses, 0 activated+confirmed addresses
[2026-09-03 10:46:00.549802000][th:597419][info] GossipPubSub === END RAW OBSERVED ADDRESS DEBUG ===
[2026-09-03 10:46:00.549819000][th:597419][info] GossipPubSub Observed addresses - all (0):
[2026-09-03 10:46:00.549822000][th:597419][info] GossipPubSub Observed addresses - confirmed only (0):
[2026-09-03 10:46:00.549824000][th:597419][info] GossipPubSub Relay addresses (0):
[2026-09-03 10:46:00.549888000][th:597419][info] GossipPubSub Peer repository addresses (1):
[2026-09-03 10:46:00.549895000][th:597419][info] GossipPubSub   -> /ip4/192.168.1.6/tcp/40001/p2p/12D3KooWG2XG1DHbGkSN9jogW5RXgUeoE3XjVHn556D66X1D5Ka6
[2026-09-03 10:46:00.549977000][th:597419][info] GossipPubSub Found 1 valid network interfaces
[2026-09-03 10:46:00.549984000][th:597419][info] GossipPubSub Current network interfaces (1):
[2026-09-03 10:46:00.549986000][th:597419][info] GossipPubSub   -> 192.168.1.6
[2026-09-03 10:46:00.549989000][th:597419][info] GossipPubSub Active connections: 0
[2026-09-03 10:46:00.549991000][th:597419][info] GossipPubSub === PEER CONNECTION DETAILS ===
[2026-09-03 10:46:00.549993000][th:597419][info] GossipPubSub NOTE: Observed addresses need to be seen by 4+ different peer groups to become 'activated'
[2026-09-03 10:46:00.549996000][th:597419][info] GossipPubSub NOTE: Current connections: 0, so max possible observers: 0
[2026-09-03 10:46:00.549998000][th:597419][info] GossipPubSub === END PEER CONNECTION DETAILS ===
[2026-09-03 10:46:00.550000000][th:597419][info] GossipPubSub Connection manager stats:
[2026-09-03 10:46:00.550003000][th:597419][info] GossipPubSub   -> Max connections: 1000
[2026-09-03 10:46:00.550005000][th:597419][info] GossipPubSub   -> Current connections: 0
[2026-09-03 10:46:00.550007000][th:597419][info] GossipPubSub === END NETWORK STATE ===
[2026-09-03 10:46:00][info][CrdtDatastore] CancelAndCloseNow: CRDT workers stopped
[2026-09-03 10:46:00][warning][CrdtDatastore] CancelAndCloseNow called but shutdown has already started
[2026-09-03 10:46:00][debug][GraphsyncDAGSyncer] ~GraphsyncDAGSyncer CALLED
[2026-09-03 10:46:00][info][GlobalDB] GlobalDB shutdown finished
[2026-09-03 10:46:00.563355000][th:598175][error] GossipPubSub Address monitoring timer error: Operation canceled
[2026-09-03 10:46:01][info][KeyPairFileStorage] Path to keypairs multi_node_finality_fault/restart-certificate-validator-three/keypair
[2026-09-03 10:46:01][info][KeyPairFileStorage] Peer ID from public key: 12D3KooWQpvXvGffsjntCErYgAijU23XC9L3aTdudAW6qysAq5oA
Current limits: 16384 (soft), 9223372036854775807 (hard)
New limits set successfully: 16384 (soft), 9223372036854775807 (hard)
Initialized relay addresses
[2026-09-03 10:46:01.567313000][th:597387][info] GossipPubSub /ip4/0.0.0.0/tcp/54613/p2p/12D3KooWQpvXvGffsjntCErYgAijU23XC9L3aTdudAW6qysAq5oA: Starting PubSub service
[2026-09-03 10:46:01.567436000][th:598495][info] GossipPubSub Starting address monitoring system for mobile network changes
[2026-09-03 10:46:01.567440000][th:598495][info] GossipPubSub === CURRENT NETWORK STATE ===
[2026-09-03 10:46:01.567452000][th:598495][info] GossipPubSub Primary listening address: /ip4/0.0.0.0/tcp/54613/p2p/12D3KooWQpvXvGffsjntCErYgAijU23XC9L3aTdudAW6qysAq5oA
[2026-09-03 10:46:01.567454000][th:598495][info] GossipPubSub Host peer info addresses (0):
[2026-09-03 10:46:01.567455000][th:598495][info] GossipPubSub Additional addresses we track (0):
[2026-09-03 10:46:01.567456000][th:598495][info] GossipPubSub Listening addresses (1):
[2026-09-03 10:46:01.567457000][th:598495][info] GossipPubSub   -> /ip4/0.0.0.0/tcp/54613/p2p/12D3KooWQpvXvGffsjntCErYgAijU23XC9L3aTdudAW6qysAq5oA
[2026-09-03 10:46:01.567459000][th:598495][info] GossipPubSub Interface addresses (0):
[2026-09-03 10:46:01.567460000][th:598495][info] GossipPubSub === RAW OBSERVED ADDRESS DEBUG ===
[2026-09-03 10:46:01.567473000][th:598495][info] GossipPubSub Local address: /ip4/0.0.0.0/tcp/54613/p2p/12D3KooWQpvXvGffsjntCErYgAijU23XC9L3aTdudAW6qysAq5oA -> 0 raw observed, 0 activated+confirmed
[2026-09-03 10:46:01.567477000][th:598495][info] GossipPubSub TOTAL: 0 raw observed addresses, 0 activated+confirmed addresses
[2026-09-03 10:46:01.567479000][th:598495][info] GossipPubSub === END RAW OBSERVED ADDRESS DEBUG ===
[2026-09-03 10:46:01.567480000][th:598495][info] GossipPubSub Observed addresses - all (0):
[2026-09-03 10:46:01.567481000][th:598495][info] GossipPubSub Observed addresses - confirmed only (0):
[2026-09-03 10:46:01.567482000][th:598495][info] GossipPubSub Relay addresses (0):
[2026-09-03 10:46:01.567485000][th:598495][warning] GossipPubSub Failed to get addresses from peer repository: not found
[2026-09-03 10:46:01.567548000][th:598495][info] GossipPubSub Found 1 valid network interfaces
[2026-09-03 10:46:01.567550000][th:598495][info] GossipPubSub Current network interfaces (1):
[2026-09-03 10:46:01.567551000][th:598495][info] GossipPubSub   -> 192.168.1.6
[2026-09-03 10:46:01.567553000][th:598495][info] GossipPubSub Active connections: 0
[2026-09-03 10:46:01.567554000][th:598495][info] GossipPubSub === PEER CONNECTION DETAILS ===
[2026-09-03 10:46:01.567555000][th:598495][info] GossipPubSub NOTE: Observed addresses need to be seen by 4+ different peer groups to become 'activated'
[2026-09-03 10:46:01.567556000][th:598495][info] GossipPubSub NOTE: Current connections: 0, so max possible observers: 0
[2026-09-03 10:46:01.567557000][th:598495][info] GossipPubSub === END PEER CONNECTION DETAILS ===
[2026-09-03 10:46:01.567558000][th:598495][info] GossipPubSub Connection manager stats:
[2026-09-03 10:46:01.567559000][th:598495][info] GossipPubSub   -> Max connections: 1000
[2026-09-03 10:46:01.567560000][th:598495][info] GossipPubSub   -> Current connections: 0
[2026-09-03 10:46:01.567561000][th:598495][info] GossipPubSub === END NETWORK STATE ===
[2026-09-03 10:46:01.567799000][th:598495][info] GossipPubSub /ip4/0.0.0.0/tcp/54613/p2p/12D3KooWQpvXvGffsjntCErYgAijU23XC9L3aTdudAW6qysAq5oA : PubSub service started
[2026-09-03 10:46:01][info][GlobalDB] Opening database /Users/henriqueklein/gnus/SuperGenius/multi_node_finality_fault/restart-certificate-validator-three/rocksdb
[2026-09-03 10:46:01][debug][GraphsyncDAGSyncer] GraphSyncer created 5014399512 
[2026-09-03 10:46:01][info][CrdtDatastore] crdt Datastore created. Number of heads: 2 Current max-height: 18446744073709551615
[2026-09-03 10:46:01][info][GeniusAccount] Secure storage ID path: /Users/henriqueklein/gnus/SuperGenius/multi_node_finality_fault/restart-certificate-validator-three/account/secure_storage_id
[2026-09-03 10:46:01][info][GeniusAccount] Loaded public key from file: ae6155c66f9d28f3... (length: 128)
[2026-09-03 10:46:01][info][GeniusAccount] Successfully loaded key_seed from storage
[2026-09-03 10:46:01][info][GeniusAccount] Validation successful: key_seed matches stored public key
[2026-09-03 10:46:01][warning][UTXOManager] Skipping malformed UTXO key /utxo-checkpoint/ae6155c66f9d28f3584971eec9b9779132f913a3f95eb59afd59aed69b5bff789a4cb098162689489f7f63aa8f01e7416ef40e89c2c83548f1403d2e479158c0/1
[2026-09-03 10:46:01][warning][UTXOManager] Skipping malformed UTXO key /utxo-checkpoint/ae6155c66f9d28f3584971eec9b9779132f913a3f95eb59afd59aed69b5bff789a4cb098162689489f7f63aa8f01e7416ef40e89c2c83548f1403d2e479158c0/latest
[2026-09-03 10:46:01][info][Blockchain] [ae6155c6] Blockchain instance created with authorized full node: 8a33bdf1
[2026-09-03 10:46:01][info][ValidatorRegistry] InitializeCache: cache initialized with CID QmY148p2xKyqzB6ooUp7VBkqCukZBTATbCyzSSVTJ614F1
[2026-09-03 10:46:01][info][CRDTCallbackManager] Successfully registered new data callback for pattern: '/?gnus-validator-registry'
[2026-09-03 10:46:01][info][ValidatorRegistry] RegisterFilter: result=true
[2026-09-03 10:46:01][info][ValidatorRegistry] New: instance ready
[2026-09-03 10:46:01.592831000][th:598495][info] GossipPubSub /ip4/0.0.0.0/tcp/54613/p2p/12D3KooWQpvXvGffsjntCErYgAijU23XC9L3aTdudAW6qysAq5oA: PubSub subscribed to topic 'gnus-validator-registry.3.7.144'
[2026-09-03 10:46:01][info][CRDTCallbackManager] Successfully registered new data callback for pattern: '^/?cert/[^/]+'
[2026-09-03 10:46:01.592872000][th:598495][info] GossipPubSub /ip4/0.0.0.0/tcp/54613/p2p/12D3KooWQpvXvGffsjntCErYgAijU23XC9L3aTdudAW6qysAq5oA: PubSub subscribed to topic 'consensus-channel-.3.7.144'
[2026-09-03 10:46:01.592900000][th:598495][info] GossipPubSub /ip4/0.0.0.0/tcp/54613/p2p/12D3KooWQpvXvGffsjntCErYgAijU23XC9L3aTdudAW6qysAq5oA: PubSub subscribed to topic 'consensus-channel-.3.7.144#datastore.3.7.144'
[2026-09-03 10:46:01][info][CRDTCallbackManager] Successfully registered new data callback for pattern: '/?gnus-genesis-block'
[2026-09-03 10:46:01][info][CRDTCallbackManager] Successfully registered new data callback for pattern: '/?gnus-account-creation-.*'
[2026-09-03 10:46:01][info][CRDTCallbackManager] Successfully registered new data callback for pattern: '^/?/bc-144/tx/[^/]+'
[2026-09-03 10:46:01][info][CRDTCallbackManager] Successfully registered deleted data callback for pattern: '^/?/bc-144/tx/[^/]+'
[2026-09-03 10:46:01][info][CRDTCallbackManager] Successfully registered new data callback for pattern: '^/?/bc-963/tx/[^/]+'
[2026-09-03 10:46:01][info][CRDTCallbackManager] Successfully registered deleted data callback for pattern: '^/?/bc-963/tx/[^/]+'
[2026-09-03 10:46:01][info][CRDTCallbackManager] Successfully registered new data callback for pattern: '^/?/bc-369/tx/[^/]+'
[2026-09-03 10:46:01][info][CRDTCallbackManager] Successfully registered deleted data callback for pattern: '^/?/bc-369/tx/[^/]+'
[2026-09-03 10:46:01][info][CRDTCallbackManager] Successfully unregistered new data callback for pattern: '^/?/bc-144/tx/[^/]+'
[2026-09-03 10:46:01][info][CRDTCallbackManager] Successfully unregistered deleted data callback for pattern: '^/?/bc-144/tx/[^/]+'
[2026-09-03 10:46:01][info][CRDTCallbackManager] Successfully unregistered new data callback for pattern: '^/?/bc-963/tx/[^/]+'
[2026-09-03 10:46:01][info][CRDTCallbackManager] Successfully unregistered deleted data callback for pattern: '^/?/bc-963/tx/[^/]+'
[2026-09-03 10:46:01][info][CRDTCallbackManager] Successfully unregistered new data callback for pattern: '^/?/bc-369/tx/[^/]+'
[2026-09-03 10:46:01][info][CRDTCallbackManager] Successfully unregistered deleted data callback for pattern: '^/?/bc-369/tx/[^/]+'
[2026-09-03 10:46:01][info][TransactionManager] [fe330780 - full: false] ~TransactionManager: Metrics — cert_fallback(success=0 failure=0) validation(approve=1 reject=0) tracking(insert=1 confirm=1 fail=0)
[2026-09-03 10:46:01][info][Blockchain] [fe330780] Stopping blockchain
[2026-09-03 10:46:01][info][CRDTCallbackManager] Successfully unregistered new data callback for pattern: '/?gnus-genesis-block'
[2026-09-03 10:46:01][info][CRDTCallbackManager] Successfully unregistered new data callback for pattern: '/?gnus-account-creation-.*'
[2026-09-03 10:46:01][info][CRDTCallbackManager] Successfully unregistered new data callback for pattern: '/?gnus-validator-registry'
[2026-09-03 10:46:01][debug][GlobalDB] ~GlobalDB CALLED with count 6 on multi_node_finality_fault/restart-certificate-passive/rocksdb 
[2026-09-03 10:46:01][info][GlobalDB] GlobalDB shutdown start
[2026-09-03 10:46:01][info][CrdtDatastore] CancelAndCloseNow: begin (pending_jobs=1, self_queue=0, root_queue=0, pending_roots=0, active_root=false)
[2026-09-03 10:46:01][debug][GraphsyncDAGSyncer] Stopping Dagsyncer
[2026-09-03 10:46:01][debug][GraphsyncDAGSyncer] Dagsyncer Stopped
[2026-09-03 10:46:01][info][CrdtDatastore] CancelAndCloseNow: CRDT workers stopped
[2026-09-03 10:46:01][warning][CrdtDatastore] CancelAndCloseNow called but shutdown has already started
[2026-09-03 10:46:01][debug][GraphsyncDAGSyncer] ~GraphsyncDAGSyncer CALLED
[2026-09-03 10:46:01][info][GlobalDB] GlobalDB shutdown finished
[2026-09-03 10:46:01.618018000][th:598196][error] GossipPubSub Address monitoring timer error: Operation canceled
[2026-09-03 10:46:02][info][KeyPairFileStorage] Path to keypairs multi_node_finality_fault/restart-certificate-passive/keypair
[2026-09-03 10:46:02][info][KeyPairFileStorage] Peer ID from public key: 12D3KooWGW2uPnkjdPbZ7ZGQkF3vxHTqcwszKNym9ssD8sMNFH4L
Current limits: 16384 (soft), 9223372036854775807 (hard)
New limits set successfully: 16384 (soft), 9223372036854775807 (hard)
Initialized relay addresses
[2026-09-03 10:46:02.628938000][th:597387][info] GossipPubSub /ip4/0.0.0.0/tcp/54614/p2p/12D3KooWGW2uPnkjdPbZ7ZGQkF3vxHTqcwszKNym9ssD8sMNFH4L: Starting PubSub service
[2026-09-03 10:46:02.629081000][th:598521][info] GossipPubSub Starting address monitoring system for mobile network changes
[2026-09-03 10:46:02.629085000][th:598521][info] GossipPubSub === CURRENT NETWORK STATE ===
[2026-09-03 10:46:02.629099000][th:598521][info] GossipPubSub Primary listening address: /ip4/0.0.0.0/tcp/54614/p2p/12D3KooWGW2uPnkjdPbZ7ZGQkF3vxHTqcwszKNym9ssD8sMNFH4L
[2026-09-03 10:46:02.629102000][th:598521][info] GossipPubSub Host peer info addresses (0):
[2026-09-03 10:46:02.629104000][th:598521][info] GossipPubSub Additional addresses we track (0):
[2026-09-03 10:46:02.629106000][th:598521][info] GossipPubSub Listening addresses (1):
[2026-09-03 10:46:02.629107000][th:598521][info] GossipPubSub   -> /ip4/0.0.0.0/tcp/54614/p2p/12D3KooWGW2uPnkjdPbZ7ZGQkF3vxHTqcwszKNym9ssD8sMNFH4L
[2026-09-03 10:46:02.629110000][th:598521][info] GossipPubSub Interface addresses (0):
[2026-09-03 10:46:02.629111000][th:598521][info] GossipPubSub === RAW OBSERVED ADDRESS DEBUG ===
[2026-09-03 10:46:02.629115000][th:598521][info] GossipPubSub Local address: /ip4/0.0.0.0/tcp/54614/p2p/12D3KooWGW2uPnkjdPbZ7ZGQkF3vxHTqcwszKNym9ssD8sMNFH4L -> 0 raw observed, 0 activated+confirmed
[2026-09-03 10:46:02.629118000][th:598521][info] GossipPubSub TOTAL: 0 raw observed addresses, 0 activated+confirmed addresses
[2026-09-03 10:46:02.629119000][th:598521][info] GossipPubSub === END RAW OBSERVED ADDRESS DEBUG ===
[2026-09-03 10:46:02.629121000][th:598521][info] GossipPubSub Observed addresses - all (0):
[2026-09-03 10:46:02.629122000][th:598521][info] GossipPubSub Observed addresses - confirmed only (0):
[2026-09-03 10:46:02.629125000][th:598521][info] GossipPubSub Relay addresses (0):
[2026-09-03 10:46:02.629129000][th:598521][warning] GossipPubSub Failed to get addresses from peer repository: not found
[2026-09-03 10:46:02.629199000][th:598521][info] GossipPubSub Found 1 valid network interfaces
[2026-09-03 10:46:02.629202000][th:598521][info] GossipPubSub Current network interfaces (1):
[2026-09-03 10:46:02.629203000][th:598521][info] GossipPubSub   -> 192.168.1.6
[2026-09-03 10:46:02.629206000][th:598521][info] GossipPubSub Active connections: 0
[2026-09-03 10:46:02.629207000][th:598521][info] GossipPubSub === PEER CONNECTION DETAILS ===
[2026-09-03 10:46:02.629209000][th:598521][info] GossipPubSub NOTE: Observed addresses need to be seen by 4+ different peer groups to become 'activated'
[2026-09-03 10:46:02.629211000][th:598521][info] GossipPubSub NOTE: Current connections: 0, so max possible observers: 0
[2026-09-03 10:46:02.629212000][th:598521][info] GossipPubSub === END PEER CONNECTION DETAILS ===
[2026-09-03 10:46:02.629213000][th:598521][info] GossipPubSub Connection manager stats:
[2026-09-03 10:46:02.629214000][th:598521][info] GossipPubSub   -> Max connections: 1000
[2026-09-03 10:46:02.629216000][th:598521][info] GossipPubSub   -> Current connections: 0
[2026-09-03 10:46:02.629217000][th:598521][info] GossipPubSub === END NETWORK STATE ===
[2026-09-03 10:46:02.629462000][th:598521][info] GossipPubSub /ip4/0.0.0.0/tcp/54614/p2p/12D3KooWGW2uPnkjdPbZ7ZGQkF3vxHTqcwszKNym9ssD8sMNFH4L : PubSub service started
[2026-09-03 10:46:02][info][GlobalDB] Opening database /Users/henriqueklein/gnus/SuperGenius/multi_node_finality_fault/restart-certificate-passive/rocksdb
[2026-09-03 10:46:02][debug][GraphsyncDAGSyncer] GraphSyncer created 5819728376 
[2026-09-03 10:46:02][info][CrdtDatastore] crdt Datastore created. Number of heads: 2 Current max-height: 18446744073709551615
[2026-09-03 10:46:02][info][GeniusAccount] Secure storage ID path: /Users/henriqueklein/gnus/SuperGenius/multi_node_finality_fault/restart-certificate-passive/account/secure_storage_id
[2026-09-03 10:46:02][info][GeniusAccount] Loaded public key from file: fe3307800c1b754d... (length: 128)
[2026-09-03 10:46:02][info][GeniusAccount] Successfully loaded key_seed from storage
[2026-09-03 10:46:02][info][GeniusAccount] Validation successful: key_seed matches stored public key
[2026-09-03 10:46:02][warning][UTXOManager] Skipping malformed UTXO key /utxo-checkpoint/fe3307800c1b754d9ff68a49df1e340fd8917bd9787751777da9ff9ab446e70a3bcf12fd3af8dae8eb00298068f13f966e5dc0a94b9eef5238d0a11f1d421be0/1
[2026-09-03 10:46:02][warning][UTXOManager] Skipping malformed UTXO key /utxo-checkpoint/fe3307800c1b754d9ff68a49df1e340fd8917bd9787751777da9ff9ab446e70a3bcf12fd3af8dae8eb00298068f13f966e5dc0a94b9eef5238d0a11f1d421be0/latest
[2026-09-03 10:46:02][info][Blockchain] [fe330780] Blockchain instance created with authorized full node: 8a33bdf1
[2026-09-03 10:46:02][info][ValidatorRegistry] InitializeCache: cache initialized with CID QmY148p2xKyqzB6ooUp7VBkqCukZBTATbCyzSSVTJ614F1
[2026-09-03 10:46:02][info][CRDTCallbackManager] Successfully registered new data callback for pattern: '/?gnus-validator-registry'
[2026-09-03 10:46:02][info][ValidatorRegistry] RegisterFilter: result=true
[2026-09-03 10:46:02][info][ValidatorRegistry] New: instance ready
[2026-09-03 10:46:02.657503000][th:598521][info] GossipPubSub /ip4/0.0.0.0/tcp/54614/p2p/12D3KooWGW2uPnkjdPbZ7ZGQkF3vxHTqcwszKNym9ssD8sMNFH4L: PubSub subscribed to topic 'gnus-validator-registry.3.7.144'
[2026-09-03 10:46:02][info][CRDTCallbackManager] Successfully registered new data callback for pattern: '^/?cert/[^/]+'
[2026-09-03 10:46:02.657529000][th:598521][info] GossipPubSub /ip4/0.0.0.0/tcp/54614/p2p/12D3KooWGW2uPnkjdPbZ7ZGQkF3vxHTqcwszKNym9ssD8sMNFH4L: PubSub subscribed to topic 'consensus-channel-.3.7.144'
[2026-09-03 10:46:02.657551000][th:598521][info] GossipPubSub /ip4/0.0.0.0/tcp/54614/p2p/12D3KooWGW2uPnkjdPbZ7ZGQkF3vxHTqcwszKNym9ssD8sMNFH4L: PubSub subscribed to topic 'consensus-channel-.3.7.144#datastore.3.7.144'
[2026-09-03 10:46:02][info][CRDTCallbackManager] Successfully registered new data callback for pattern: '/?gnus-genesis-block'
[2026-09-03 10:46:02][info][CRDTCallbackManager] Successfully registered new data callback for pattern: '/?gnus-account-creation-.*'
[2026-09-03 10:46:02][info][CRDTCallbackManager] Successfully registered new data callback for pattern: '^/?/bc-144/tx/[^/]+'
[2026-09-03 10:46:02][info][CRDTCallbackManager] Successfully registered deleted data callback for pattern: '^/?/bc-144/tx/[^/]+'
[2026-09-03 10:46:02][info][CRDTCallbackManager] Successfully registered new data callback for pattern: '^/?/bc-963/tx/[^/]+'
[2026-09-03 10:46:02][info][CRDTCallbackManager] Successfully registered deleted data callback for pattern: '^/?/bc-963/tx/[^/]+'
[2026-09-03 10:46:02][info][CRDTCallbackManager] Successfully registered new data callback for pattern: '^/?/bc-369/tx/[^/]+'
[2026-09-03 10:46:02][info][CRDTCallbackManager] Successfully registered deleted data callback for pattern: '^/?/bc-369/tx/[^/]+'
[2026-09-03 10:46:02.657789000][th:598385][info] GossipPubSub Adding new peer: 12D3KooWKNQxk8uWtMpivbWXj8ox7sGWKoZqbrcfFw8ixsbkrEbv
[2026-09-03 10:46:02.657872000][th:598385][info] GossipPubSub Adding new peer: 12D3KooWQpvXvGffsjntCErYgAijU23XC9L3aTdudAW6qysAq5oA
[2026-09-03 10:46:02.657941000][th:598385][info] GossipPubSub Adding new peer: 12D3KooWGW2uPnkjdPbZ7ZGQkF3vxHTqcwszKNym9ssD8sMNFH4L
[2026-09-03 10:46:02.658008000][th:598409][info] GossipPubSub Adding new peer: 12D3KooWJNM58kgokgqjzMkoHATAhhfhsXyB1G9mQkUQ9DXGjGdr
[2026-09-03 10:46:02.658207000][th:598409][info] GossipPubSub Adding new peer: 12D3KooWQpvXvGffsjntCErYgAijU23XC9L3aTdudAW6qysAq5oA
[2026-09-03 10:46:02.658230000][th:598495][info] GossipPubSub Adding new peer: 12D3KooWJNM58kgokgqjzMkoHATAhhfhsXyB1G9mQkUQ9DXGjGdr
[2026-09-03 10:46:02.658323000][th:598495][info] GossipPubSub Adding new peer: 12D3KooWKNQxk8uWtMpivbWXj8ox7sGWKoZqbrcfFw8ixsbkrEbv
[2026-09-03 10:46:02.658396000][th:598495][info] GossipPubSub Adding new peer: 12D3KooWGW2uPnkjdPbZ7ZGQkF3vxHTqcwszKNym9ssD8sMNFH4L
[2026-09-03 10:46:02.658429000][th:598521][info] GossipPubSub Adding new peer: 12D3KooWJNM58kgokgqjzMkoHATAhhfhsXyB1G9mQkUQ9DXGjGdr
[2026-09-03 10:46:02.658473000][th:598409][info] GossipPubSub Adding new peer: 12D3KooWGW2uPnkjdPbZ7ZGQkF3vxHTqcwszKNym9ssD8sMNFH4L
[2026-09-03 10:46:02.658519000][th:598521][info] GossipPubSub Adding new peer: 12D3KooWKNQxk8uWtMpivbWXj8ox7sGWKoZqbrcfFw8ixsbkrEbv
[2026-09-03 10:46:02.658592000][th:598521][info] GossipPubSub Adding new peer: 12D3KooWQpvXvGffsjntCErYgAijU23XC9L3aTdudAW6qysAq5oA
[2026-09-03 10:46:02][info][CRDTCallbackManager] Successfully unregistered new data callback for pattern: '^/?/bc-144/tx/[^/]+'
[2026-09-03 10:46:02][info][CRDTCallbackManager] Successfully unregistered deleted data callback for pattern: '^/?/bc-144/tx/[^/]+'
[2026-09-03 10:46:02][info][CRDTCallbackManager] Successfully unregistered new data callback for pattern: '^/?/bc-963/tx/[^/]+'
[2026-09-03 10:46:02][info][CRDTCallbackManager] Successfully unregistered deleted data callback for pattern: '^/?/bc-963/tx/[^/]+'
[2026-09-03 10:46:02][info][CRDTCallbackManager] Successfully unregistered new data callback for pattern: '^/?/bc-369/tx/[^/]+'
[2026-09-03 10:46:02][info][CRDTCallbackManager] Successfully unregistered deleted data callback for pattern: '^/?/bc-369/tx/[^/]+'
[2026-09-03 10:46:02][info][TransactionManager] [5d6fe1dc - full: false] ~TransactionManager: Metrics — cert_fallback(success=0 failure=0) validation(approve=0 reject=0) tracking(insert=0 confirm=0 fail=0)
[2026-09-03 10:46:02][info][Blockchain] [5d6fe1dc] Stopping blockchain
[2026-09-03 10:46:02][info][CRDTCallbackManager] Successfully unregistered new data callback for pattern: '/?gnus-genesis-block'
[2026-09-03 10:46:02][info][CRDTCallbackManager] Successfully unregistered new data callback for pattern: '/?gnus-account-creation-.*'
[2026-09-03 10:46:02][info][CRDTCallbackManager] Successfully unregistered new data callback for pattern: '/?gnus-validator-registry'
[2026-09-03 10:46:02][debug][GlobalDB] ~GlobalDB CALLED with count 6 on multi_node_finality_fault/restart-certificate-validator-one/rocksdb 
[2026-09-03 10:46:02][info][GlobalDB] GlobalDB shutdown start
[2026-09-03 10:46:02][info][CrdtDatastore] CancelAndCloseNow: begin (pending_jobs=0, self_queue=0, root_queue=0, pending_roots=0, active_root=false)
[2026-09-03 10:46:02][debug][GraphsyncDAGSyncer] Stopping Dagsyncer
[2026-09-03 10:46:02][debug][GraphsyncDAGSyncer] Dagsyncer Stopped
[2026-09-03 10:46:03][info][CrdtDatastore] CancelAndCloseNow: CRDT workers stopped
[2026-09-03 10:46:03][warning][CrdtDatastore] CancelAndCloseNow called but shutdown has already started
[2026-09-03 10:46:03][debug][GraphsyncDAGSyncer] ~GraphsyncDAGSyncer CALLED
[2026-09-03 10:46:03][info][GlobalDB] GlobalDB shutdown finished
[2026-09-03 10:46:03.030795000][th:598385][error] GossipPubSub Address monitoring timer error: Operation canceled
[2026-09-03 10:46:04][info][CRDTCallbackManager] Successfully unregistered new data callback for pattern: '^/?/bc-144/tx/[^/]+'
[2026-09-03 10:46:04][info][CRDTCallbackManager] Successfully unregistered deleted data callback for pattern: '^/?/bc-144/tx/[^/]+'
[2026-09-03 10:46:04][info][CRDTCallbackManager] Successfully unregistered new data callback for pattern: '^/?/bc-963/tx/[^/]+'
[2026-09-03 10:46:04][info][CRDTCallbackManager] Successfully unregistered deleted data callback for pattern: '^/?/bc-963/tx/[^/]+'
[2026-09-03 10:46:04][info][CRDTCallbackManager] Successfully unregistered new data callback for pattern: '^/?/bc-369/tx/[^/]+'
[2026-09-03 10:46:04][info][CRDTCallbackManager] Successfully unregistered deleted data callback for pattern: '^/?/bc-369/tx/[^/]+'
[2026-09-03 10:46:04][info][TransactionManager] [72cb551f - full: false] ~TransactionManager: Metrics — cert_fallback(success=0 failure=0) validation(approve=0 reject=0) tracking(insert=0 confirm=0 fail=0)
[2026-09-03 10:46:04][info][Blockchain] [72cb551f] Stopping blockchain
[2026-09-03 10:46:04][info][CRDTCallbackManager] Successfully unregistered new data callback for pattern: '/?gnus-genesis-block'
[2026-09-03 10:46:04][info][CRDTCallbackManager] Successfully unregistered new data callback for pattern: '/?gnus-account-creation-.*'
[2026-09-03 10:46:04][info][CRDTCallbackManager] Successfully unregistered new data callback for pattern: '/?gnus-validator-registry'
[2026-09-03 10:46:04][debug][GlobalDB] ~GlobalDB CALLED with count 6 on multi_node_finality_fault/restart-certificate-validator-two/rocksdb 
[2026-09-03 10:46:04][info][GlobalDB] GlobalDB shutdown start
[2026-09-03 10:46:04][info][CrdtDatastore] CancelAndCloseNow: begin (pending_jobs=0, self_queue=0, root_queue=0, pending_roots=0, active_root=false)
[2026-09-03 10:46:04][debug][GraphsyncDAGSyncer] Stopping Dagsyncer
[2026-09-03 10:46:04][debug][GraphsyncDAGSyncer] Dagsyncer Stopped
[2026-09-03 10:46:04][info][CrdtDatastore] CancelAndCloseNow: CRDT workers stopped
[2026-09-03 10:46:04][warning][CrdtDatastore] CancelAndCloseNow called but shutdown has already started
[2026-09-03 10:46:04][debug][GraphsyncDAGSyncer] ~GraphsyncDAGSyncer CALLED
[2026-09-03 10:46:04][info][GlobalDB] GlobalDB shutdown finished
[2026-09-03 10:46:04.091313000][th:598409][error] GossipPubSub Address monitoring timer error: Operation canceled
[2026-09-03 10:46:05][info][CRDTCallbackManager] Successfully unregistered new data callback for pattern: '^/?/bc-144/tx/[^/]+'
[2026-09-03 10:46:05][info][CRDTCallbackManager] Successfully unregistered deleted data callback for pattern: '^/?/bc-144/tx/[^/]+'
[2026-09-03 10:46:05][info][CRDTCallbackManager] Successfully unregistered new data callback for pattern: '^/?/bc-963/tx/[^/]+'
[2026-09-03 10:46:05][info][CRDTCallbackManager] Successfully unregistered deleted data callback for pattern: '^/?/bc-963/tx/[^/]+'
[2026-09-03 10:46:05][info][CRDTCallbackManager] Successfully unregistered new data callback for pattern: '^/?/bc-369/tx/[^/]+'
[2026-09-03 10:46:05][info][CRDTCallbackManager] Successfully unregistered deleted data callback for pattern: '^/?/bc-369/tx/[^/]+'
[2026-09-03 10:46:05][info][TransactionManager] [ae6155c6 - full: false] ~TransactionManager: Metrics — cert_fallback(success=0 failure=0) validation(approve=0 reject=0) tracking(insert=0 confirm=0 fail=0)
[2026-09-03 10:46:05][info][Blockchain] [ae6155c6] Stopping blockchain
[2026-09-03 10:46:05][info][CRDTCallbackManager] Successfully unregistered new data callback for pattern: '/?gnus-genesis-block'
[2026-09-03 10:46:05][info][CRDTCallbackManager] Successfully unregistered new data callback for pattern: '/?gnus-account-creation-.*'
[2026-09-03 10:46:05][info][CRDTCallbackManager] Successfully unregistered new data callback for pattern: '/?gnus-validator-registry'
[2026-09-03 10:46:05][debug][GlobalDB] ~GlobalDB CALLED with count 6 on multi_node_finality_fault/restart-certificate-validator-three/rocksdb 
[2026-09-03 10:46:05][info][GlobalDB] GlobalDB shutdown start
[2026-09-03 10:46:05][info][CrdtDatastore] CancelAndCloseNow: begin (pending_jobs=0, self_queue=0, root_queue=0, pending_roots=0, active_root=false)
[2026-09-03 10:46:05][debug][GraphsyncDAGSyncer] Stopping Dagsyncer
[2026-09-03 10:46:05][debug][GraphsyncDAGSyncer] Dagsyncer Stopped
[2026-09-03 10:46:05][info][CrdtDatastore] CancelAndCloseNow: CRDT workers stopped
[2026-09-03 10:46:05][warning][CrdtDatastore] CancelAndCloseNow called but shutdown has already started
[2026-09-03 10:46:05][debug][GraphsyncDAGSyncer] ~GraphsyncDAGSyncer CALLED
[2026-09-03 10:46:05][info][GlobalDB] GlobalDB shutdown finished
[2026-09-03 10:46:05.118939000][th:598495][error] GossipPubSub Address monitoring timer error: Operation canceled
[2026-09-03 10:46:06][info][CRDTCallbackManager] Successfully unregistered new data callback for pattern: '^/?/bc-144/tx/[^/]+'
[2026-09-03 10:46:06][info][CRDTCallbackManager] Successfully unregistered deleted data callback for pattern: '^/?/bc-144/tx/[^/]+'
[2026-09-03 10:46:06][info][CRDTCallbackManager] Successfully unregistered new data callback for pattern: '^/?/bc-963/tx/[^/]+'
[2026-09-03 10:46:06][info][CRDTCallbackManager] Successfully unregistered deleted data callback for pattern: '^/?/bc-963/tx/[^/]+'
[2026-09-03 10:46:06][info][CRDTCallbackManager] Successfully unregistered new data callback for pattern: '^/?/bc-369/tx/[^/]+'
[2026-09-03 10:46:06][info][CRDTCallbackManager] Successfully unregistered deleted data callback for pattern: '^/?/bc-369/tx/[^/]+'
[2026-09-03 10:46:06][info][TransactionManager] [fe330780 - full: false] ~TransactionManager: Metrics — cert_fallback(success=0 failure=0) validation(approve=0 reject=0) tracking(insert=0 confirm=0 fail=0)
[2026-09-03 10:46:06][info][Blockchain] [fe330780] Stopping blockchain
[2026-09-03 10:46:06][info][CRDTCallbackManager] Successfully unregistered new data callback for pattern: '/?gnus-genesis-block'
[2026-09-03 10:46:06][info][CRDTCallbackManager] Successfully unregistered new data callback for pattern: '/?gnus-account-creation-.*'
[2026-09-03 10:46:06][info][CRDTCallbackManager] Successfully unregistered new data callback for pattern: '/?gnus-validator-registry'
[2026-09-03 10:46:06][debug][GlobalDB] ~GlobalDB CALLED with count 6 on multi_node_finality_fault/restart-certificate-passive/rocksdb 
[2026-09-03 10:46:06][info][GlobalDB] GlobalDB shutdown start
[2026-09-03 10:46:06][info][CrdtDatastore] CancelAndCloseNow: begin (pending_jobs=0, self_queue=0, root_queue=0, pending_roots=0, active_root=false)
[2026-09-03 10:46:06][debug][GraphsyncDAGSyncer] Stopping Dagsyncer
[2026-09-03 10:46:06][debug][GraphsyncDAGSyncer] Dagsyncer Stopped
[2026-09-03 10:46:06][info][CrdtDatastore] CancelAndCloseNow: CRDT workers stopped
[2026-09-03 10:46:06][warning][CrdtDatastore] CancelAndCloseNow called but shutdown has already started
[2026-09-03 10:46:06][debug][GraphsyncDAGSyncer] ~GraphsyncDAGSyncer CALLED
[2026-09-03 10:46:06][info][GlobalDB] GlobalDB shutdown finished
[2026-09-03 10:46:06.185423000][th:598521][error] GossipPubSub Address monitoring timer error: Operation canceled
[2026-09-03 10:46:07][info][KeyPairFileStorage] Path to keypairs multi_node_finality_fault/restart-mint-validator-one/keypair
[2026-09-03 10:46:07][info][KeyPairFileStorage] Peer ID from public key: 12D3KooWPq93t5DjA1R4wr3w7DfDcFFHkR8FpABq7SUmhDWS5TSL
Current limits: 16384 (soft), 9223372036854775807 (hard)
New limits set successfully: 16384 (soft), 9223372036854775807 (hard)
Initialized relay addresses
[2026-09-03 10:46:07.195585000][th:597387][info] GossipPubSub /ip4/0.0.0.0/tcp/54621/p2p/12D3KooWPq93t5DjA1R4wr3w7DfDcFFHkR8FpABq7SUmhDWS5TSL: Starting PubSub service
[2026-09-03 10:46:07.195775000][th:598617][info] GossipPubSub Starting address monitoring system for mobile network changes
[2026-09-03 10:46:07.195781000][th:598617][info] GossipPubSub === CURRENT NETWORK STATE ===
[2026-09-03 10:46:07.195798000][th:598617][info] GossipPubSub Primary listening address: /ip4/0.0.0.0/tcp/54621/p2p/12D3KooWPq93t5DjA1R4wr3w7DfDcFFHkR8FpABq7SUmhDWS5TSL
[2026-09-03 10:46:07.195800000][th:598617][info] GossipPubSub Host peer info addresses (0):
[2026-09-03 10:46:07.195802000][th:598617][info] GossipPubSub Additional addresses we track (0):
[2026-09-03 10:46:07.195803000][th:598617][info] GossipPubSub Listening addresses (1):
[2026-09-03 10:46:07.195805000][th:598617][info] GossipPubSub   -> /ip4/0.0.0.0/tcp/54621/p2p/12D3KooWPq93t5DjA1R4wr3w7DfDcFFHkR8FpABq7SUmhDWS5TSL
[2026-09-03 10:46:07.195806000][th:598617][info] GossipPubSub Interface addresses (0):
[2026-09-03 10:46:07.195807000][th:598617][info] GossipPubSub === RAW OBSERVED ADDRESS DEBUG ===
[2026-09-03 10:46:07.195810000][th:598617][info] GossipPubSub Local address: /ip4/0.0.0.0/tcp/54621/p2p/12D3KooWPq93t5DjA1R4wr3w7DfDcFFHkR8FpABq7SUmhDWS5TSL -> 0 raw observed, 0 activated+confirmed
[2026-09-03 10:46:07.195813000][th:598617][info] GossipPubSub TOTAL: 0 raw observed addresses, 0 activated+confirmed addresses
[2026-09-03 10:46:07.195815000][th:598617][info] GossipPubSub === END RAW OBSERVED ADDRESS DEBUG ===
[2026-09-03 10:46:07.195827000][th:598617][info] GossipPubSub Observed addresses - all (0):
[2026-09-03 10:46:07.195831000][th:598617][info] GossipPubSub Observed addresses - confirmed only (0):
[2026-09-03 10:46:07.195833000][th:598617][info] GossipPubSub Relay addresses (0):
[2026-09-03 10:46:07.195837000][th:598617][warning] GossipPubSub Failed to get addresses from peer repository: not found
[2026-09-03 10:46:07.195924000][th:598617][info] GossipPubSub Found 1 valid network interfaces
[2026-09-03 10:46:07.195928000][th:598617][info] GossipPubSub Current network interfaces (1):
[2026-09-03 10:46:07.195929000][th:598617][info] GossipPubSub   -> 192.168.1.6
[2026-09-03 10:46:07.195931000][th:598617][info] GossipPubSub Active connections: 0
[2026-09-03 10:46:07.195932000][th:598617][info] GossipPubSub === PEER CONNECTION DETAILS ===
[2026-09-03 10:46:07.195934000][th:598617][info] GossipPubSub NOTE: Observed addresses need to be seen by 4+ different peer groups to become 'activated'
[2026-09-03 10:46:07.195935000][th:598617][info] GossipPubSub NOTE: Current connections: 0, so max possible observers: 0
[2026-09-03 10:46:07.195937000][th:598617][info] GossipPubSub === END PEER CONNECTION DETAILS ===
[2026-09-03 10:46:07.195938000][th:598617][info] GossipPubSub Connection manager stats:
[2026-09-03 10:46:07.195940000][th:598617][info] GossipPubSub   -> Max connections: 1000
[2026-09-03 10:46:07.195941000][th:598617][info] GossipPubSub   -> Current connections: 0
[2026-09-03 10:46:07.195942000][th:598617][info] GossipPubSub === END NETWORK STATE ===
[2026-09-03 10:46:07.196260000][th:598617][info] GossipPubSub /ip4/0.0.0.0/tcp/54621/p2p/12D3KooWPq93t5DjA1R4wr3w7DfDcFFHkR8FpABq7SUmhDWS5TSL : PubSub service started
[2026-09-03 10:46:07][info][GlobalDB] Opening database /Users/henriqueklein/gnus/SuperGenius/multi_node_finality_fault/restart-mint-validator-one/rocksdb
[2026-09-03 10:46:07][debug][GraphsyncDAGSyncer] GraphSyncer created 5014355800 
[2026-09-03 10:46:07][info][CrdtDatastore] crdt Datastore created. Number of heads: 0 Current max-height: 0
[2026-09-03 10:46:07][info][GeniusAccount] Secure storage ID path: /Users/henriqueklein/gnus/SuperGenius/multi_node_finality_fault/restart-mint-validator-one/account/secure_storage_id
[2026-09-03 10:46:07][error][GeniusAccount] Could not find existing Genius address, generating one from a random mnemonic
[2026-09-03 10:46:07][warning][UTXOManager] Found UTXOs in storage, but there were none
[2026-09-03 10:46:07][info][Blockchain] [f316b53a] Blockchain instance created with authorized full node: 8a33bdf1
[2026-09-03 10:46:07][error][ValidatorRegistry] InitializeCache: registry content not found during cache init
[2026-09-03 10:46:07][info][CRDTCallbackManager] Successfully registered new data callback for pattern: '/?gnus-validator-registry'
[2026-09-03 10:46:07][info][ValidatorRegistry] RegisterFilter: result=true
[2026-09-03 10:46:07][info][ValidatorRegistry] New: instance ready
[2026-09-03 10:46:07.236285000][th:598617][info] GossipPubSub /ip4/0.0.0.0/tcp/54621/p2p/12D3KooWPq93t5DjA1R4wr3w7DfDcFFHkR8FpABq7SUmhDWS5TSL: PubSub subscribed to topic 'gnus-validator-registry.3.7.144'
[2026-09-03 10:46:07][info][CRDTCallbackManager] Successfully registered new data callback for pattern: '^/?cert/[^/]+'
[2026-09-03 10:46:07.236321000][th:598617][info] GossipPubSub /ip4/0.0.0.0/tcp/54621/p2p/12D3KooWPq93t5DjA1R4wr3w7DfDcFFHkR8FpABq7SUmhDWS5TSL: PubSub subscribed to topic 'consensus-channel-.3.7.144'
[2026-09-03 10:46:07.236351000][th:598617][info] GossipPubSub /ip4/0.0.0.0/tcp/54621/p2p/12D3KooWPq93t5DjA1R4wr3w7DfDcFFHkR8FpABq7SUmhDWS5TSL: PubSub subscribed to topic 'consensus-channel-.3.7.144#datastore.3.7.144'
[2026-09-03 10:46:07][warning][Blockchain] [f316b53a] Failed to request validator registry during blockchain init
[2026-09-03 10:46:07][info][CRDTCallbackManager] Successfully registered new data callback for pattern: '/?gnus-genesis-block'
[2026-09-03 10:46:07][info][CRDTCallbackManager] Successfully registered new data callback for pattern: '/?gnus-account-creation-.*'
[2026-09-03 10:46:07][info][CRDTCallbackManager] Successfully registered new data callback for pattern: '^/?/bc-144/tx/[^/]+'
[2026-09-03 10:46:07][info][CRDTCallbackManager] Successfully registered deleted data callback for pattern: '^/?/bc-144/tx/[^/]+'
[2026-09-03 10:46:07][info][CRDTCallbackManager] Successfully registered new data callback for pattern: '^/?/bc-963/tx/[^/]+'
[2026-09-03 10:46:07][info][CRDTCallbackManager] Successfully registered deleted data callback for pattern: '^/?/bc-963/tx/[^/]+'
[2026-09-03 10:46:07][info][CRDTCallbackManager] Successfully registered new data callback for pattern: '^/?/bc-369/tx/[^/]+'
[2026-09-03 10:46:07][info][CRDTCallbackManager] Successfully registered deleted data callback for pattern: '^/?/bc-369/tx/[^/]+'
[2026-09-03 10:46:07][info][KeyPairFileStorage] Path to keypairs multi_node_finality_fault/restart-mint-validator-two/keypair
[2026-09-03 10:46:07][info][KeyPairFileStorage] Peer ID from public key: 12D3KooWNjwAYNyvBKTHKiNdaYUmtNAPfwAiCBi7jCTq9spVLswz
Current limits: 16384 (soft), 9223372036854775807 (hard)
New limits set successfully: 16384 (soft), 9223372036854775807 (hard)
Initialized relay addresses
[2026-09-03 10:46:07.239224000][th:597387][info] GossipPubSub /ip4/0.0.0.0/tcp/54622/p2p/12D3KooWNjwAYNyvBKTHKiNdaYUmtNAPfwAiCBi7jCTq9spVLswz: Starting PubSub service
[2026-09-03 10:46:07.239336000][th:598638][info] GossipPubSub Starting address monitoring system for mobile network changes
[2026-09-03 10:46:07.239339000][th:598638][info] GossipPubSub === CURRENT NETWORK STATE ===
[2026-09-03 10:46:07.239353000][th:598638][info] GossipPubSub Primary listening address: /ip4/0.0.0.0/tcp/54622/p2p/12D3KooWNjwAYNyvBKTHKiNdaYUmtNAPfwAiCBi7jCTq9spVLswz
[2026-09-03 10:46:07.239354000][th:598638][info] GossipPubSub Host peer info addresses (0):
[2026-09-03 10:46:07.239356000][th:598638][info] GossipPubSub Additional addresses we track (0):
[2026-09-03 10:46:07.239357000][th:598638][info] GossipPubSub Listening addresses (1):
[2026-09-03 10:46:07.239358000][th:598638][info] GossipPubSub   -> /ip4/0.0.0.0/tcp/54622/p2p/12D3KooWNjwAYNyvBKTHKiNdaYUmtNAPfwAiCBi7jCTq9spVLswz
[2026-09-03 10:46:07.239360000][th:598638][info] GossipPubSub Interface addresses (0):
[2026-09-03 10:46:07.239361000][th:598638][info] GossipPubSub === RAW OBSERVED ADDRESS DEBUG ===
[2026-09-03 10:46:07.239363000][th:598638][info] GossipPubSub Local address: /ip4/0.0.0.0/tcp/54622/p2p/12D3KooWNjwAYNyvBKTHKiNdaYUmtNAPfwAiCBi7jCTq9spVLswz -> 0 raw observed, 0 activated+confirmed
[2026-09-03 10:46:07.239365000][th:598638][info] GossipPubSub TOTAL: 0 raw observed addresses, 0 activated+confirmed addresses
[2026-09-03 10:46:07.239367000][th:598638][info] GossipPubSub === END RAW OBSERVED ADDRESS DEBUG ===
[2026-09-03 10:46:07.239368000][th:598638][info] GossipPubSub Observed addresses - all (0):
[2026-09-03 10:46:07.239369000][th:598638][info] GossipPubSub Observed addresses - confirmed only (0):
[2026-09-03 10:46:07.239370000][th:598638][info] GossipPubSub Relay addresses (0):
[2026-09-03 10:46:07.239374000][th:598638][warning] GossipPubSub Failed to get addresses from peer repository: not found
[2026-09-03 10:46:07.239452000][th:598638][info] GossipPubSub Found 1 valid network interfaces
[2026-09-03 10:46:07.239454000][th:598638][info] GossipPubSub Current network interfaces (1):
[2026-09-03 10:46:07.239455000][th:598638][info] GossipPubSub   -> 192.168.1.6
[2026-09-03 10:46:07.239457000][th:598638][info] GossipPubSub Active connections: 0
[2026-09-03 10:46:07.239458000][th:598638][info] GossipPubSub === PEER CONNECTION DETAILS ===
[2026-09-03 10:46:07.239459000][th:598638][info] GossipPubSub NOTE: Observed addresses need to be seen by 4+ different peer groups to become 'activated'
[2026-09-03 10:46:07.239460000][th:598638][info] GossipPubSub NOTE: Current connections: 0, so max possible observers: 0
[2026-09-03 10:46:07.239461000][th:598638][info] GossipPubSub === END PEER CONNECTION DETAILS ===
[2026-09-03 10:46:07.239462000][th:598638][info] GossipPubSub Connection manager stats:
[2026-09-03 10:46:07.239464000][th:598638][info] GossipPubSub   -> Max connections: 1000
[2026-09-03 10:46:07.239465000][th:598638][info] GossipPubSub   -> Current connections: 0
[2026-09-03 10:46:07.239466000][th:598638][info] GossipPubSub === END NETWORK STATE ===
[2026-09-03 10:46:07.239814000][th:598638][info] GossipPubSub /ip4/0.0.0.0/tcp/54622/p2p/12D3KooWNjwAYNyvBKTHKiNdaYUmtNAPfwAiCBi7jCTq9spVLswz : PubSub service started
[2026-09-03 10:46:07][info][GlobalDB] Opening database /Users/henriqueklein/gnus/SuperGenius/multi_node_finality_fault/restart-mint-validator-two/rocksdb
[2026-09-03 10:46:07][debug][GraphsyncDAGSyncer] GraphSyncer created 5014420920 
[2026-09-03 10:46:07][info][CrdtDatastore] crdt Datastore created. Number of heads: 0 Current max-height: 0
[2026-09-03 10:46:07][info][GeniusAccount] Secure storage ID path: /Users/henriqueklein/gnus/SuperGenius/multi_node_finality_fault/restart-mint-validator-two/account/secure_storage_id
[2026-09-03 10:46:07][error][GeniusAccount] Could not find existing Genius address, generating one from a random mnemonic
[2026-09-03 10:46:07][warning][UTXOManager] Found UTXOs in storage, but there were none
[2026-09-03 10:46:07][info][Blockchain] [1705106e] Blockchain instance created with authorized full node: 8a33bdf1
[2026-09-03 10:46:07][error][ValidatorRegistry] InitializeCache: registry content not found during cache init
[2026-09-03 10:46:07][info][CRDTCallbackManager] Successfully registered new data callback for pattern: '/?gnus-validator-registry'
[2026-09-03 10:46:07][info][ValidatorRegistry] RegisterFilter: result=true
[2026-09-03 10:46:07][info][ValidatorRegistry] New: instance ready
[2026-09-03 10:46:07.275662000][th:598638][info] GossipPubSub /ip4/0.0.0.0/tcp/54622/p2p/12D3KooWNjwAYNyvBKTHKiNdaYUmtNAPfwAiCBi7jCTq9spVLswz: PubSub subscribed to topic 'gnus-validator-registry.3.7.144'
[2026-09-03 10:46:07.275695000][th:598638][info] GossipPubSub /ip4/0.0.0.0/tcp/54622/p2p/12D3KooWNjwAYNyvBKTHKiNdaYUmtNAPfwAiCBi7jCTq9spVLswz: PubSub subscribed to topic 'consensus-channel-.3.7.144'
[2026-09-03 10:46:07][info][CRDTCallbackManager] Successfully registered new data callback for pattern: '^/?cert/[^/]+'
[2026-09-03 10:46:07.275726000][th:598638][info] GossipPubSub /ip4/0.0.0.0/tcp/54622/p2p/12D3KooWNjwAYNyvBKTHKiNdaYUmtNAPfwAiCBi7jCTq9spVLswz: PubSub subscribed to topic 'consensus-channel-.3.7.144#datastore.3.7.144'
[2026-09-03 10:46:07][warning][Blockchain] [1705106e] Failed to request validator registry during blockchain init
[2026-09-03 10:46:07][info][CRDTCallbackManager] Successfully registered new data callback for pattern: '/?gnus-genesis-block'
[2026-09-03 10:46:07][info][CRDTCallbackManager] Successfully registered new data callback for pattern: '/?gnus-account-creation-.*'
[2026-09-03 10:46:07][info][CRDTCallbackManager] Successfully registered new data callback for pattern: '^/?/bc-144/tx/[^/]+'
[2026-09-03 10:46:07][info][CRDTCallbackManager] Successfully registered deleted data callback for pattern: '^/?/bc-144/tx/[^/]+'
[2026-09-03 10:46:07][info][CRDTCallbackManager] Successfully registered new data callback for pattern: '^/?/bc-963/tx/[^/]+'
[2026-09-03 10:46:07][info][CRDTCallbackManager] Successfully registered deleted data callback for pattern: '^/?/bc-963/tx/[^/]+'
[2026-09-03 10:46:07][info][CRDTCallbackManager] Successfully registered new data callback for pattern: '^/?/bc-369/tx/[^/]+'
[2026-09-03 10:46:07][info][CRDTCallbackManager] Successfully registered deleted data callback for pattern: '^/?/bc-369/tx/[^/]+'
[2026-09-03 10:46:07][info][KeyPairFileStorage] Path to keypairs multi_node_finality_fault/restart-mint-validator-three/keypair
[2026-09-03 10:46:07][info][KeyPairFileStorage] Peer ID from public key: 12D3KooWEHvDtHXL38kHPySt37BDoC4tHBmcvupRmtfQgSSjU58w
Current limits: 16384 (soft), 9223372036854775807 (hard)
New limits set successfully: 16384 (soft), 9223372036854775807 (hard)
Initialized relay addresses
[2026-09-03 10:46:07.278424000][th:597387][info] GossipPubSub /ip4/0.0.0.0/tcp/54623/p2p/12D3KooWEHvDtHXL38kHPySt37BDoC4tHBmcvupRmtfQgSSjU58w: Starting PubSub service
[2026-09-03 10:46:07.278555000][th:598659][info] GossipPubSub Starting address monitoring system for mobile network changes
[2026-09-03 10:46:07.278559000][th:598659][info] GossipPubSub === CURRENT NETWORK STATE ===
[2026-09-03 10:46:07.278572000][th:598659][info] GossipPubSub Primary listening address: /ip4/0.0.0.0/tcp/54623/p2p/12D3KooWEHvDtHXL38kHPySt37BDoC4tHBmcvupRmtfQgSSjU58w
[2026-09-03 10:46:07.278575000][th:598659][info] GossipPubSub Host peer info addresses (0):
[2026-09-03 10:46:07.278576000][th:598659][info] GossipPubSub Additional addresses we track (0):
[2026-09-03 10:46:07.278578000][th:598659][info] GossipPubSub Listening addresses (1):
[2026-09-03 10:46:07.278579000][th:598659][info] GossipPubSub   -> /ip4/0.0.0.0/tcp/54623/p2p/12D3KooWEHvDtHXL38kHPySt37BDoC4tHBmcvupRmtfQgSSjU58w
[2026-09-03 10:46:07.278580000][th:598659][info] GossipPubSub Interface addresses (0):
[2026-09-03 10:46:07.278581000][th:598659][info] GossipPubSub === RAW OBSERVED ADDRESS DEBUG ===
[2026-09-03 10:46:07.278583000][th:598659][info] GossipPubSub Local address: /ip4/0.0.0.0/tcp/54623/p2p/12D3KooWEHvDtHXL38kHPySt37BDoC4tHBmcvupRmtfQgSSjU58w -> 0 raw observed, 0 activated+confirmed
[2026-09-03 10:46:07.278585000][th:598659][info] GossipPubSub TOTAL: 0 raw observed addresses, 0 activated+confirmed addresses
[2026-09-03 10:46:07.278586000][th:598659][info] GossipPubSub === END RAW OBSERVED ADDRESS DEBUG ===
[2026-09-03 10:46:07.278593000][th:598659][info] GossipPubSub Observed addresses - all (0):
[2026-09-03 10:46:07.278595000][th:598659][info] GossipPubSub Observed addresses - confirmed only (0):
[2026-09-03 10:46:07.278596000][th:598659][info] GossipPubSub Relay addresses (0):
[2026-09-03 10:46:07.278599000][th:598659][warning] GossipPubSub Failed to get addresses from peer repository: not found
[2026-09-03 10:46:07.278670000][th:598659][info] GossipPubSub Found 1 valid network interfaces
[2026-09-03 10:46:07.278672000][th:598659][info] GossipPubSub Current network interfaces (1):
[2026-09-03 10:46:07.278673000][th:598659][info] GossipPubSub   -> 192.168.1.6
[2026-09-03 10:46:07.278674000][th:598659][info] GossipPubSub Active connections: 0
[2026-09-03 10:46:07.278675000][th:598659][info] GossipPubSub === PEER CONNECTION DETAILS ===
[2026-09-03 10:46:07.278676000][th:598659][info] GossipPubSub NOTE: Observed addresses need to be seen by 4+ different peer groups to become 'activated'
[2026-09-03 10:46:07.278677000][th:598659][info] GossipPubSub NOTE: Current connections: 0, so max possible observers: 0
[2026-09-03 10:46:07.278678000][th:598659][info] GossipPubSub === END PEER CONNECTION DETAILS ===
[2026-09-03 10:46:07.278679000][th:598659][info] GossipPubSub Connection manager stats:
[2026-09-03 10:46:07.278680000][th:598659][info] GossipPubSub   -> Max connections: 1000
[2026-09-03 10:46:07.278681000][th:598659][info] GossipPubSub   -> Current connections: 0
[2026-09-03 10:46:07.278682000][th:598659][info] GossipPubSub === END NETWORK STATE ===
[2026-09-03 10:46:07.279010000][th:598659][info] GossipPubSub /ip4/0.0.0.0/tcp/54623/p2p/12D3KooWEHvDtHXL38kHPySt37BDoC4tHBmcvupRmtfQgSSjU58w : PubSub service started
[2026-09-03 10:46:07][info][GlobalDB] Opening database /Users/henriqueklein/gnus/SuperGenius/multi_node_finality_fault/restart-mint-validator-three/rocksdb
[2026-09-03 10:46:07][debug][GraphsyncDAGSyncer] GraphSyncer created 5551195384 
[2026-09-03 10:46:07][info][CrdtDatastore] crdt Datastore created. Number of heads: 0 Current max-height: 0
[2026-09-03 10:46:07][info][GeniusAccount] Secure storage ID path: /Users/henriqueklein/gnus/SuperGenius/multi_node_finality_fault/restart-mint-validator-three/account/secure_storage_id
[2026-09-03 10:46:07][error][GeniusAccount] Could not find existing Genius address, generating one from a random mnemonic
[2026-09-03 10:46:07][warning][UTXOManager] Found UTXOs in storage, but there were none
[2026-09-03 10:46:07][info][Blockchain] [e0d89541] Blockchain instance created with authorized full node: 8a33bdf1
[2026-09-03 10:46:07][error][ValidatorRegistry] InitializeCache: registry content not found during cache init
[2026-09-03 10:46:07][info][CRDTCallbackManager] Successfully registered new data callback for pattern: '/?gnus-validator-registry'
[2026-09-03 10:46:07][info][ValidatorRegistry] RegisterFilter: result=true
[2026-09-03 10:46:07][info][ValidatorRegistry] New: instance ready
[2026-09-03 10:46:07.323964000][th:598659][info] GossipPubSub /ip4/0.0.0.0/tcp/54623/p2p/12D3KooWEHvDtHXL38kHPySt37BDoC4tHBmcvupRmtfQgSSjU58w: PubSub subscribed to topic 'gnus-validator-registry.3.7.144'
[2026-09-03 10:46:07][info][CRDTCallbackManager] Successfully registered new data callback for pattern: '^/?cert/[^/]+'
[2026-09-03 10:46:07.323988000][th:598659][info] GossipPubSub /ip4/0.0.0.0/tcp/54623/p2p/12D3KooWEHvDtHXL38kHPySt37BDoC4tHBmcvupRmtfQgSSjU58w: PubSub subscribed to topic 'consensus-channel-.3.7.144'
[2026-09-03 10:46:07][warning][Blockchain] [e0d89541] Failed to request validator registry during blockchain init
[2026-09-03 10:46:07][info][CRDTCallbackManager] Successfully registered new data callback for pattern: '/?gnus-genesis-block'
[2026-09-03 10:46:07][info][CRDTCallbackManager] Successfully registered new data callback for pattern: '/?gnus-account-creation-.*'
[2026-09-03 10:46:07][info][CRDTCallbackManager] Successfully registered new data callback for pattern: '^/?/bc-144/tx/[^/]+'
[2026-09-03 10:46:07.324021000][th:598659][info] GossipPubSub /ip4/0.0.0.0/tcp/54623/p2p/12D3KooWEHvDtHXL38kHPySt37BDoC4tHBmcvupRmtfQgSSjU58w: PubSub subscribed to topic 'consensus-channel-.3.7.144#datastore.3.7.144'
[2026-09-03 10:46:07][info][CRDTCallbackManager] Successfully registered deleted data callback for pattern: '^/?/bc-144/tx/[^/]+'
[2026-09-03 10:46:07][info][CRDTCallbackManager] Successfully registered new data callback for pattern: '^/?/bc-963/tx/[^/]+'
[2026-09-03 10:46:07][info][CRDTCallbackManager] Successfully registered deleted data callback for pattern: '^/?/bc-963/tx/[^/]+'
[2026-09-03 10:46:07][info][CRDTCallbackManager] Successfully registered new data callback for pattern: '^/?/bc-369/tx/[^/]+'
[2026-09-03 10:46:07][info][CRDTCallbackManager] Successfully registered deleted data callback for pattern: '^/?/bc-369/tx/[^/]+'
[2026-09-03 10:46:07][info][KeyPairFileStorage] Path to keypairs multi_node_finality_fault/restart-mint-passive/keypair
[2026-09-03 10:46:07][info][KeyPairFileStorage] Peer ID from public key: 12D3KooWFr8wv3KYy32P7FznDW8auKdp9MFktLpEJDCxrjpX3sRC
Current limits: 16384 (soft), 9223372036854775807 (hard)
New limits set successfully: 16384 (soft), 9223372036854775807 (hard)
Initialized relay addresses
[2026-09-03 10:46:07.325851000][th:597387][info] GossipPubSub /ip4/0.0.0.0/tcp/54624/p2p/12D3KooWFr8wv3KYy32P7FznDW8auKdp9MFktLpEJDCxrjpX3sRC: Starting PubSub service
[2026-09-03 10:46:07.325905000][th:598680][info] GossipPubSub Starting address monitoring system for mobile network changes
[2026-09-03 10:46:07.325906000][th:598680][info] GossipPubSub === CURRENT NETWORK STATE ===
[2026-09-03 10:46:07.325913000][th:598680][info] GossipPubSub Primary listening address: /ip4/0.0.0.0/tcp/54624/p2p/12D3KooWFr8wv3KYy32P7FznDW8auKdp9MFktLpEJDCxrjpX3sRC
[2026-09-03 10:46:07.325914000][th:598680][info] GossipPubSub Host peer info addresses (0):
[2026-09-03 10:46:07.325915000][th:598680][info] GossipPubSub Additional addresses we track (0):
[2026-09-03 10:46:07.325916000][th:598680][info] GossipPubSub Listening addresses (1):
[2026-09-03 10:46:07.325916000][th:598680][info] GossipPubSub   -> /ip4/0.0.0.0/tcp/54624/p2p/12D3KooWFr8wv3KYy32P7FznDW8auKdp9MFktLpEJDCxrjpX3sRC
[2026-09-03 10:46:07.325917000][th:598680][info] GossipPubSub Interface addresses (0):
[2026-09-03 10:46:07.325918000][th:598680][info] GossipPubSub === RAW OBSERVED ADDRESS DEBUG ===
[2026-09-03 10:46:07.325919000][th:598680][info] GossipPubSub Local address: /ip4/0.0.0.0/tcp/54624/p2p/12D3KooWFr8wv3KYy32P7FznDW8auKdp9MFktLpEJDCxrjpX3sRC -> 0 raw observed, 0 activated+confirmed
[2026-09-03 10:46:07.325920000][th:598680][info] GossipPubSub TOTAL: 0 raw observed addresses, 0 activated+confirmed addresses
[2026-09-03 10:46:07.325921000][th:598680][info] GossipPubSub === END RAW OBSERVED ADDRESS DEBUG ===
[2026-09-03 10:46:07.325922000][th:598680][info] GossipPubSub Observed addresses - all (0):
[2026-09-03 10:46:07.325922000][th:598680][info] GossipPubSub Observed addresses - confirmed only (0):
[2026-09-03 10:46:07.325923000][th:598680][info] GossipPubSub Relay addresses (0):
[2026-09-03 10:46:07.325925000][th:598680][warning] GossipPubSub Failed to get addresses from peer repository: not found
[2026-09-03 10:46:07.325957000][th:598680][info] GossipPubSub Found 1 valid network interfaces
[2026-09-03 10:46:07.325958000][th:598680][info] GossipPubSub Current network interfaces (1):
[2026-09-03 10:46:07.325959000][th:598680][info] GossipPubSub   -> 192.168.1.6
[2026-09-03 10:46:07.325961000][th:598680][info] GossipPubSub Active connections: 0
[2026-09-03 10:46:07.325961000][th:598680][info] GossipPubSub === PEER CONNECTION DETAILS ===
[2026-09-03 10:46:07.325962000][th:598680][info] GossipPubSub NOTE: Observed addresses need to be seen by 4+ different peer groups to become 'activated'
[2026-09-03 10:46:07.325963000][th:598680][info] GossipPubSub NOTE: Current connections: 0, so max possible observers: 0
[2026-09-03 10:46:07.325963000][th:598680][info] GossipPubSub === END PEER CONNECTION DETAILS ===
[2026-09-03 10:46:07.325964000][th:598680][info] GossipPubSub Connection manager stats:
[2026-09-03 10:46:07.325965000][th:598680][info] GossipPubSub   -> Max connections: 1000
[2026-09-03 10:46:07.325965000][th:598680][info] GossipPubSub   -> Current connections: 0
[2026-09-03 10:46:07.325966000][th:598680][info] GossipPubSub === END NETWORK STATE ===
[2026-09-03 10:46:07.326086000][th:598680][info] GossipPubSub /ip4/0.0.0.0/tcp/54624/p2p/12D3KooWFr8wv3KYy32P7FznDW8auKdp9MFktLpEJDCxrjpX3sRC : PubSub service started
[2026-09-03 10:46:07][info][GlobalDB] Opening database /Users/henriqueklein/gnus/SuperGenius/multi_node_finality_fault/restart-mint-passive/rocksdb
[2026-09-03 10:46:07][debug][GraphsyncDAGSyncer] GraphSyncer created 5820021576 
[2026-09-03 10:46:07][info][CrdtDatastore] crdt Datastore created. Number of heads: 0 Current max-height: 0
[2026-09-03 10:46:07][info][GeniusAccount] Secure storage ID path: /Users/henriqueklein/gnus/SuperGenius/multi_node_finality_fault/restart-mint-passive/account/secure_storage_id
[2026-09-03 10:46:07][error][GeniusAccount] Could not find existing Genius address, generating one from a random mnemonic
[2026-09-03 10:46:07][warning][UTXOManager] Found UTXOs in storage, but there were none
[2026-09-03 10:46:07][info][Blockchain] [26513230] Blockchain instance created with authorized full node: 8a33bdf1
[2026-09-03 10:46:07][error][ValidatorRegistry] InitializeCache: registry content not found during cache init
[2026-09-03 10:46:07][info][CRDTCallbackManager] Successfully registered new data callback for pattern: '/?gnus-validator-registry'
[2026-09-03 10:46:07][info][ValidatorRegistry] RegisterFilter: result=true
[2026-09-03 10:46:07][info][ValidatorRegistry] New: instance ready
[2026-09-03 10:46:07.367090000][th:598680][info] GossipPubSub /ip4/0.0.0.0/tcp/54624/p2p/12D3KooWFr8wv3KYy32P7FznDW8auKdp9MFktLpEJDCxrjpX3sRC: PubSub subscribed to topic 'gnus-validator-registry.3.7.144'
[2026-09-03 10:46:07][info][CRDTCallbackManager] Successfully registered new data callback for pattern: '^/?cert/[^/]+'
[2026-09-03 10:46:07.367113000][th:598680][info] GossipPubSub /ip4/0.0.0.0/tcp/54624/p2p/12D3KooWFr8wv3KYy32P7FznDW8auKdp9MFktLpEJDCxrjpX3sRC: PubSub subscribed to topic 'consensus-channel-.3.7.144'
[2026-09-03 10:46:07][warning][Blockchain] [26513230] Failed to request validator registry during blockchain init
[2026-09-03 10:46:07][info][CRDTCallbackManager] Successfully registered new data callback for pattern: '/?gnus-genesis-block'
[2026-09-03 10:46:07][info][CRDTCallbackManager] Successfully registered new data callback for pattern: '/?gnus-account-creation-.*'
[2026-09-03 10:46:07.367137000][th:598680][info] GossipPubSub /ip4/0.0.0.0/tcp/54624/p2p/12D3KooWFr8wv3KYy32P7FznDW8auKdp9MFktLpEJDCxrjpX3sRC: PubSub subscribed to topic 'consensus-channel-.3.7.144#datastore.3.7.144'
[2026-09-03 10:46:07][info][CRDTCallbackManager] Successfully registered new data callback for pattern: '^/?/bc-144/tx/[^/]+'
[2026-09-03 10:46:07][info][CRDTCallbackManager] Successfully registered deleted data callback for pattern: '^/?/bc-144/tx/[^/]+'
[2026-09-03 10:46:07][info][CRDTCallbackManager] Successfully registered new data callback for pattern: '^/?/bc-963/tx/[^/]+'
[2026-09-03 10:46:07][info][CRDTCallbackManager] Successfully registered deleted data callback for pattern: '^/?/bc-963/tx/[^/]+'
[2026-09-03 10:46:07][info][CRDTCallbackManager] Successfully registered new data callback for pattern: '^/?/bc-369/tx/[^/]+'
[2026-09-03 10:46:07][info][CRDTCallbackManager] Successfully registered deleted data callback for pattern: '^/?/bc-369/tx/[^/]+'
[2026-09-03 10:46:07][info][CrdtDatastore] Topics { name="gnus-validator-registry" }
[2026-09-03 10:46:07][info][CRDTCallbackManager] Executing callback for key '/gnus-validator-registry' matching pattern '/?gnus-validator-registry'
[2026-09-03 10:46:07][info][ValidatorRegistry] RegistryUpdateReceived: cache updated and initialized
[2026-09-03 10:46:07][debug][GraphsyncDAGSyncer] addNode: Added node QmVyVofYg7VAm7pCa915ajYaMfHBzSv6MTLQTae8WoRg64 on dagService 
[2026-09-03 10:46:07][info][ValidatorRegistry] StoreRegistryUpdate: stored registry update CID QmVyVofYg7VAm7pCa915ajYaMfHBzSv6MTLQTae8WoRg64
[2026-09-03 10:46:07][info][ValidatorRegistry] StoreRegistryUpdate: success
[2026-09-03 10:46:07][info][CrdtDatastore] Topics { name="gnus-validator-registry" }
[2026-09-03 10:46:07][info][CRDTCallbackManager] Executing callback for key '/gnus-validator-registry' matching pattern '/?gnus-validator-registry'
[2026-09-03 10:46:07][info][ValidatorRegistry] RegistryUpdateReceived: cache updated and initialized
[2026-09-03 10:46:07][debug][GraphsyncDAGSyncer] addNode: Added node QmVyVofYg7VAm7pCa915ajYaMfHBzSv6MTLQTae8WoRg64 on dagService 
[2026-09-03 10:46:07][info][ValidatorRegistry] StoreRegistryUpdate: stored registry update CID QmVyVofYg7VAm7pCa915ajYaMfHBzSv6MTLQTae8WoRg64
[2026-09-03 10:46:07][info][ValidatorRegistry] StoreRegistryUpdate: success
[2026-09-03 10:46:07][info][CrdtDatastore] Topics { name="gnus-validator-registry" }
[2026-09-03 10:46:07][info][CRDTCallbackManager] Executing callback for key '/gnus-validator-registry' matching pattern '/?gnus-validator-registry'
[2026-09-03 10:46:07][info][ValidatorRegistry] RegistryUpdateReceived: cache updated and initialized
[2026-09-03 10:46:07][debug][GraphsyncDAGSyncer] addNode: Added node QmVyVofYg7VAm7pCa915ajYaMfHBzSv6MTLQTae8WoRg64 on dagService 
[2026-09-03 10:46:07][info][ValidatorRegistry] StoreRegistryUpdate: stored registry update CID QmVyVofYg7VAm7pCa915ajYaMfHBzSv6MTLQTae8WoRg64
[2026-09-03 10:46:07][info][ValidatorRegistry] StoreRegistryUpdate: success
[2026-09-03 10:46:07][info][CrdtDatastore] Topics { name="gnus-validator-registry" }
[2026-09-03 10:46:07][info][CRDTCallbackManager] Executing callback for key '/gnus-validator-registry' matching pattern '/?gnus-validator-registry'
[2026-09-03 10:46:07][info][ValidatorRegistry] RegistryUpdateReceived: cache updated and initialized
[2026-09-03 10:46:07][debug][GraphsyncDAGSyncer] addNode: Added node QmVyVofYg7VAm7pCa915ajYaMfHBzSv6MTLQTae8WoRg64 on dagService 
[2026-09-03 10:46:07][info][ValidatorRegistry] StoreRegistryUpdate: stored registry update CID QmVyVofYg7VAm7pCa915ajYaMfHBzSv6MTLQTae8WoRg64
[2026-09-03 10:46:07][info][ValidatorRegistry] StoreRegistryUpdate: success
[2026-09-03 10:46:07.409920000][th:598617][info] GossipPubSub Adding new peer: 12D3KooWNjwAYNyvBKTHKiNdaYUmtNAPfwAiCBi7jCTq9spVLswz
[2026-09-03 10:46:07.409987000][th:598617][info] GossipPubSub Adding new peer: 12D3KooWEHvDtHXL38kHPySt37BDoC4tHBmcvupRmtfQgSSjU58w
[2026-09-03 10:46:07.410042000][th:598617][info] GossipPubSub Adding new peer: 12D3KooWFr8wv3KYy32P7FznDW8auKdp9MFktLpEJDCxrjpX3sRC
[2026-09-03 10:46:07.410076000][th:598638][info] GossipPubSub Adding new peer: 12D3KooWPq93t5DjA1R4wr3w7DfDcFFHkR8FpABq7SUmhDWS5TSL
[2026-09-03 10:46:07.410141000][th:598638][info] GossipPubSub Adding new peer: 12D3KooWEHvDtHXL38kHPySt37BDoC4tHBmcvupRmtfQgSSjU58w
[2026-09-03 10:46:07.410195000][th:598638][info] GossipPubSub Adding new peer: 12D3KooWFr8wv3KYy32P7FznDW8auKdp9MFktLpEJDCxrjpX3sRC
[2026-09-03 10:46:07.410225000][th:598659][info] GossipPubSub Adding new peer: 12D3KooWPq93t5DjA1R4wr3w7DfDcFFHkR8FpABq7SUmhDWS5TSL
[2026-09-03 10:46:07.410276000][th:598659][info] GossipPubSub Adding new peer: 12D3KooWNjwAYNyvBKTHKiNdaYUmtNAPfwAiCBi7jCTq9spVLswz
[2026-09-03 10:46:07.410328000][th:598659][info] GossipPubSub Adding new peer: 12D3KooWFr8wv3KYy32P7FznDW8auKdp9MFktLpEJDCxrjpX3sRC
[2026-09-03 10:46:07.410382000][th:598680][info] GossipPubSub Adding new peer: 12D3KooWPq93t5DjA1R4wr3w7DfDcFFHkR8FpABq7SUmhDWS5TSL
[2026-09-03 10:46:07.410444000][th:598680][info] GossipPubSub Adding new peer: 12D3KooWNjwAYNyvBKTHKiNdaYUmtNAPfwAiCBi7jCTq9spVLswz
[2026-09-03 10:46:07.410499000][th:598680][info] GossipPubSub Adding new peer: 12D3KooWEHvDtHXL38kHPySt37BDoC4tHBmcvupRmtfQgSSjU58w
[2026-09-03 10:46:07][info][TransactionManager] [f316b53a - full: false] ChangeTransactionState: Temp tracking entry created tx=975cfc6a26f9619bb9ee8ea8dc13693c151066a12d754e1017090409ab9f623e
[2026-09-03 10:46:07][info][TransactionManager] [26513230 - full: false] ChangeTransactionState: Temp tracking entry created tx=975cfc6a26f9619bb9ee8ea8dc13693c151066a12d754e1017090409ab9f623e
[2026-09-03 10:46:07][info][TransactionManager] [e0d89541 - full: false] ChangeTransactionState: Temp tracking entry created tx=975cfc6a26f9619bb9ee8ea8dc13693c151066a12d754e1017090409ab9f623e
[2026-09-03 10:46:07][info][TransactionManager] [1705106e - full: false] ChangeTransactionState: Temp tracking entry created tx=975cfc6a26f9619bb9ee8ea8dc13693c151066a12d754e1017090409ab9f623e
[2026-09-03 10:46:09][error][ConsensusManager] HandleVote: ignored: proposal has not won frozen slot arbitration proposal_id=c51a94bd
[2026-09-03 10:46:09][error][ConsensusManager] HandleVote: ignored: proposal has not won frozen slot arbitration proposal_id=c51a94bd
[2026-09-03 10:46:09][error][ConsensusManager] HandleVote: ignored: proposal has not won frozen slot arbitration proposal_id=c51a94bd
[2026-09-03 10:46:09][error][ConsensusManager] HandleVote: ignored: proposal has not won frozen slot arbitration proposal_id=c51a94bd
[2026-09-03 10:46:11][info][CrdtDatastore] Topics { name="consensus-channel-.3.7.144#datastore" }
[2026-09-03 10:46:11][info][CRDTCallbackManager] Executing callback for key '/cert/mint-v2:test:0000000000000000000000000000000000000000000000000000000000000000:42:f316b53a3bf2f1375e68b7320f7ef901a97ae11068c15e1e1de30a4321ead39347c0cee4be49941948673a202aba11176ad8918ab7f97cd833d6f1194de8fd39:cccccccccccccccccccccccccccccccccccccccccccccccccccccccccccccccc' matching pattern '^/?cert/[^/]+'
[2026-09-03 10:46:11][debug][GraphsyncDAGSyncer] addNode: Added node QmZPA6D8vQ4uYF5tqyA6CFEeZfpG3Czcd53XSBmUVuHb3e on dagService 
[2026-09-03 10:46:11][debug][GraphsyncDAGSyncer] Registered new peer 12D3KooWNjwAYNyvBKTHKiNdaYUmtNAPfwAiCBi7jCTq9spVLswz with key 0
[2026-09-03 10:46:11][debug][GraphsyncDAGSyncer] Added route for CID QmZPA6D8vQ4uYF5tqyA6CFEeZfpG3Czcd53XSBmUVuHb3e to peer 12D3KooWNjwAYNyvBKTHKiNdaYUmtNAPfwAiCBi7jCTq9spVLswz (key 0, route_count=1)
[2026-09-03 10:46:11][debug][GraphsyncDAGSyncer] Registered new peer 12D3KooWNjwAYNyvBKTHKiNdaYUmtNAPfwAiCBi7jCTq9spVLswz with key 0
[2026-09-03 10:46:11][debug][GraphsyncDAGSyncer] Added route for CID QmZPA6D8vQ4uYF5tqyA6CFEeZfpG3Czcd53XSBmUVuHb3e to peer 12D3KooWNjwAYNyvBKTHKiNdaYUmtNAPfwAiCBi7jCTq9spVLswz (key 0, route_count=1)
[2026-09-03 10:46:11][debug][GraphsyncDAGSyncer] Registered new peer 12D3KooWNjwAYNyvBKTHKiNdaYUmtNAPfwAiCBi7jCTq9spVLswz with key 0
[2026-09-03 10:46:11][debug][GraphsyncDAGSyncer] Added route for CID QmZPA6D8vQ4uYF5tqyA6CFEeZfpG3Czcd53XSBmUVuHb3e to peer 12D3KooWNjwAYNyvBKTHKiNdaYUmtNAPfwAiCBi7jCTq9spVLswz (key 0, route_count=1)
[2026-09-03 10:46:11][info][UTXOManager] Stored 1 UTXOs for address f316b53a3bf2f1375e68b7320f7ef901a97ae11068c15e1e1de30a4321ead39347c0cee4be49941948673a202aba11176ad8918ab7f97cd833d6f1194de8fd39
[2026-09-03 10:46:11][info][UTXOManager] Stored 2 UTXOs for address f316b53a3bf2f1375e68b7320f7ef901a97ae11068c15e1e1de30a4321ead39347c0cee4be49941948673a202aba11176ad8918ab7f97cd833d6f1194de8fd39
[2026-09-03 10:46:11][warning][TransactionManager] [1705106e - full: false] Mint-v2 975cfc6a26f9619bb9ee8ea8dc13693c151066a12d754e1017090409ab9f623e did not consume every burn input (already consumed or missing); burn outpoint metadata may have been rebuilt with zero amount
[2026-09-03 10:46:11][info][TransactionManager] [1705106e - full: false] Created tokens (mint-v2), amount 42 balance 0
[2026-09-03 10:46:11][debug][GraphsyncDAGSyncer] Block initialized without content to LRU cache: CID QmZPA6D8vQ4uYF5tqyA6CFEeZfpG3Czcd53XSBmUVuHb3e, cache size: 1
[2026-09-03 10:46:11][debug][GraphsyncDAGSyncer] Requesting Node QmZPA6D8vQ4uYF5tqyA6CFEeZfpG3Czcd53XSBmUVuHb3e on this 5820021576
[2026-09-03 10:46:11][debug][GraphsyncDAGSyncer] Return node for CID QmZPA6D8vQ4uYF5tqyA6CFEeZfpG3Czcd53XSBmUVuHb3e instance=5014420920
[2026-09-03 10:46:11.894094000][th:598680][warning] graphsync Request 1 for CID QmZPA6D8vQ4uYF5tqyA6CFEeZfpG3Czcd53XSBmUVuHb3e got RS_FULL_CONTENT but no blocks received yet
[2026-09-03 10:46:11][debug][GraphsyncDAGSyncer] request progress: code=FULL_CONTENT, extensions=(graphsync/response-metadata: 0x80) (graphsync/do-not-send-cids: 0x80) 
[2026-09-03 10:46:11][debug][GraphsyncDAGSyncer] HasBlock: false, cid: QmZPA6D8vQ4uYF5tqyA6CFEeZfpG3Czcd53XSBmUVuHb3e
[2026-09-03 10:46:11][debug][GraphsyncDAGSyncer] Existing block updated in LRU cache: CID QmZPA6D8vQ4uYF5tqyA6CFEeZfpG3Czcd53XSBmUVuHb3e
[2026-09-03 10:46:11][debug][GraphsyncDAGSyncer] Node added to dagService. CID: QmZPA6D8vQ4uYF5tqyA6CFEeZfpG3Czcd53XSBmUVuHb3e, links: []
[2026-09-03 10:46:11][debug][GraphsyncDAGSyncer] Seeing if peer 12D3KooWNjwAYNyvBKTHKiNdaYUmtNAPfwAiCBi7jCTq9spVLswz has links to AddRoute
[2026-09-03 10:46:11][info][GraphsyncDAGSyncer] TraverseCIDsLinks: Checking links on { cid="QmZPA6D8vQ4uYF5tqyA6CFEeZfpG3Czcd53XSBmUVuHb3e", name="" }
[2026-09-03 10:46:11][info][GraphsyncDAGSyncer] TraverseCIDsLinks: Completed traversal. Links to fetch: 0, Visited: 0
[2026-09-03 10:46:11][info][TransactionManager] [1705106e - full: false] ChangeTransactionState: Tracking entry confirmed tx=975cfc6a26f9619bb9ee8ea8dc13693c151066a12d754e1017090409ab9f623e
[2026-09-03 10:46:11][info][UTXOManager] Created checkpoint owner=1705106e83b6ad7c9eaffb21d00da52ab7547266393b77c0adba50f871b4354653ef10b6558b188fa7f9a716a88bd20ce59f834a70d84d26b8515bfc5a382c61 epoch=1 utxo_count=0
[2026-09-03 10:46:11][debug][GraphsyncDAGSyncer] Return node for CID QmZPA6D8vQ4uYF5tqyA6CFEeZfpG3Czcd53XSBmUVuHb3e instance=5820021576
[2026-09-03 10:46:12][info][CRDTCallbackManager] Executing callback for key '/cert/mint-v2:test:0000000000000000000000000000000000000000000000000000000000000000:42:f316b53a3bf2f1375e68b7320f7ef901a97ae11068c15e1e1de30a4321ead39347c0cee4be49941948673a202aba11176ad8918ab7f97cd833d6f1194de8fd39:cccccccccccccccccccccccccccccccccccccccccccccccccccccccccccccccc' matching pattern '^/?cert/[^/]+'
[2026-09-03 10:46:12][debug][GraphsyncDAGSyncer] addNode: Added node QmZPA6D8vQ4uYF5tqyA6CFEeZfpG3Czcd53XSBmUVuHb3e on dagService 
[2026-09-03 10:46:12][debug][GraphsyncDAGSyncer] Block removed from LRU cache: CID QmZPA6D8vQ4uYF5tqyA6CFEeZfpG3Czcd53XSBmUVuHb3e
[2026-09-03 10:46:12][debug][GraphsyncDAGSyncer] Block initialized without content to LRU cache: CID QmZPA6D8vQ4uYF5tqyA6CFEeZfpG3Czcd53XSBmUVuHb3e, cache size: 1
[2026-09-03 10:46:12][debug][GraphsyncDAGSyncer] Requesting Node QmZPA6D8vQ4uYF5tqyA6CFEeZfpG3Czcd53XSBmUVuHb3e on this 5014355800
[2026-09-03 10:46:12][debug][GraphsyncDAGSyncer] Return node for CID QmZPA6D8vQ4uYF5tqyA6CFEeZfpG3Czcd53XSBmUVuHb3e instance=5014420920
[2026-09-03 10:46:12.279303000][th:598617][warning] graphsync Request 1 for CID QmZPA6D8vQ4uYF5tqyA6CFEeZfpG3Czcd53XSBmUVuHb3e got RS_FULL_CONTENT but no blocks received yet
[2026-09-03 10:46:12][debug][GraphsyncDAGSyncer] request progress: code=FULL_CONTENT, extensions=(graphsync/do-not-send-cids: 0x80) (graphsync/response-metadata: 0x80) 
[2026-09-03 10:46:12][debug][GraphsyncDAGSyncer] HasBlock: false, cid: QmZPA6D8vQ4uYF5tqyA6CFEeZfpG3Czcd53XSBmUVuHb3e
[2026-09-03 10:46:12][debug][GraphsyncDAGSyncer] Existing block updated in LRU cache: CID QmZPA6D8vQ4uYF5tqyA6CFEeZfpG3Czcd53XSBmUVuHb3e
[2026-09-03 10:46:12][debug][GraphsyncDAGSyncer] Node added to dagService. CID: QmZPA6D8vQ4uYF5tqyA6CFEeZfpG3Czcd53XSBmUVuHb3e, links: []
[2026-09-03 10:46:12][debug][GraphsyncDAGSyncer] Seeing if peer 12D3KooWNjwAYNyvBKTHKiNdaYUmtNAPfwAiCBi7jCTq9spVLswz has links to AddRoute
[2026-09-03 10:46:12][info][GraphsyncDAGSyncer] TraverseCIDsLinks: Checking links on { cid="QmZPA6D8vQ4uYF5tqyA6CFEeZfpG3Czcd53XSBmUVuHb3e", name="" }
[2026-09-03 10:46:12][info][GraphsyncDAGSyncer] TraverseCIDsLinks: Completed traversal. Links to fetch: 0, Visited: 0
[2026-09-03 10:46:12][debug][GraphsyncDAGSyncer] Block initialized without content to LRU cache: CID QmZPA6D8vQ4uYF5tqyA6CFEeZfpG3Czcd53XSBmUVuHb3e, cache size: 1
[2026-09-03 10:46:12][debug][GraphsyncDAGSyncer] Requesting Node QmZPA6D8vQ4uYF5tqyA6CFEeZfpG3Czcd53XSBmUVuHb3e on this 5551195384
[2026-09-03 10:46:12][debug][GraphsyncDAGSyncer] Return node for CID QmZPA6D8vQ4uYF5tqyA6CFEeZfpG3Czcd53XSBmUVuHb3e instance=5014420920
[2026-09-03 10:46:12.360976000][th:598659][warning] graphsync Request 1 for CID QmZPA6D8vQ4uYF5tqyA6CFEeZfpG3Czcd53XSBmUVuHb3e got RS_FULL_CONTENT but no blocks received yet
[2026-09-03 10:46:12][debug][GraphsyncDAGSyncer] request progress: code=FULL_CONTENT, extensions=(graphsync/response-metadata: 0x80) (graphsync/do-not-send-cids: 0x80) 
[2026-09-03 10:46:12][debug][GraphsyncDAGSyncer] HasBlock: false, cid: QmZPA6D8vQ4uYF5tqyA6CFEeZfpG3Czcd53XSBmUVuHb3e
[2026-09-03 10:46:12][debug][GraphsyncDAGSyncer] Existing block updated in LRU cache: CID QmZPA6D8vQ4uYF5tqyA6CFEeZfpG3Czcd53XSBmUVuHb3e
[2026-09-03 10:46:12][debug][GraphsyncDAGSyncer] Node added to dagService. CID: QmZPA6D8vQ4uYF5tqyA6CFEeZfpG3Czcd53XSBmUVuHb3e, links: []
[2026-09-03 10:46:12][debug][GraphsyncDAGSyncer] Seeing if peer 12D3KooWNjwAYNyvBKTHKiNdaYUmtNAPfwAiCBi7jCTq9spVLswz has links to AddRoute
[2026-09-03 10:46:12][info][GraphsyncDAGSyncer] TraverseCIDsLinks: Checking links on { cid="QmZPA6D8vQ4uYF5tqyA6CFEeZfpG3Czcd53XSBmUVuHb3e", name="" }
[2026-09-03 10:46:12][info][GraphsyncDAGSyncer] TraverseCIDsLinks: Completed traversal. Links to fetch: 0, Visited: 0
[2026-09-03 10:46:12][debug][GraphsyncDAGSyncer] Return node for CID QmZPA6D8vQ4uYF5tqyA6CFEeZfpG3Czcd53XSBmUVuHb3e instance=5014355800
[2026-09-03 10:46:12][info][CRDTCallbackManager] Executing callback for key '/cert/mint-v2:test:0000000000000000000000000000000000000000000000000000000000000000:42:f316b53a3bf2f1375e68b7320f7ef901a97ae11068c15e1e1de30a4321ead39347c0cee4be49941948673a202aba11176ad8918ab7f97cd833d6f1194de8fd39:cccccccccccccccccccccccccccccccccccccccccccccccccccccccccccccccc' matching pattern '^/?cert/[^/]+'
[2026-09-03 10:46:12][debug][GraphsyncDAGSyncer] addNode: Added node QmZPA6D8vQ4uYF5tqyA6CFEeZfpG3Czcd53XSBmUVuHb3e on dagService 
[2026-09-03 10:46:12][debug][GraphsyncDAGSyncer] Block removed from LRU cache: CID QmZPA6D8vQ4uYF5tqyA6CFEeZfpG3Czcd53XSBmUVuHb3e
[2026-09-03 10:46:12][info][UTXOManager] Stored 1 UTXOs for address f316b53a3bf2f1375e68b7320f7ef901a97ae11068c15e1e1de30a4321ead39347c0cee4be49941948673a202aba11176ad8918ab7f97cd833d6f1194de8fd39
[2026-09-03 10:46:12][info][UTXOManager] Stored 2 UTXOs for address f316b53a3bf2f1375e68b7320f7ef901a97ae11068c15e1e1de30a4321ead39347c0cee4be49941948673a202aba11176ad8918ab7f97cd833d6f1194de8fd39
[2026-09-03 10:46:12][warning][TransactionManager] [26513230 - full: false] Mint-v2 975cfc6a26f9619bb9ee8ea8dc13693c151066a12d754e1017090409ab9f623e did not consume every burn input (already consumed or missing); burn outpoint metadata may have been rebuilt with zero amount
[2026-09-03 10:46:12][info][TransactionManager] [26513230 - full: false] Created tokens (mint-v2), amount 42 balance 0
[2026-09-03 10:46:12][info][TransactionManager] [26513230 - full: false] ChangeTransactionState: Tracking entry confirmed tx=975cfc6a26f9619bb9ee8ea8dc13693c151066a12d754e1017090409ab9f623e
[2026-09-03 10:46:12][info][UTXOManager] Created checkpoint owner=26513230190ee7c475ee2326d22078e20ee364991d88601c454527fd2f6dbb9101f348d50c77d3c423e6864699877c709f9724bb12c4219e546c78ec8c4bcfc7 epoch=1 utxo_count=0
[2026-09-03 10:46:12][debug][GraphsyncDAGSyncer] Return node for CID QmZPA6D8vQ4uYF5tqyA6CFEeZfpG3Czcd53XSBmUVuHb3e instance=5551195384
[2026-09-03 10:46:12][info][CRDTCallbackManager] Executing callback for key '/cert/mint-v2:test:0000000000000000000000000000000000000000000000000000000000000000:42:f316b53a3bf2f1375e68b7320f7ef901a97ae11068c15e1e1de30a4321ead39347c0cee4be49941948673a202aba11176ad8918ab7f97cd833d6f1194de8fd39:cccccccccccccccccccccccccccccccccccccccccccccccccccccccccccccccc' matching pattern '^/?cert/[^/]+'
[2026-09-03 10:46:12][debug][GraphsyncDAGSyncer] addNode: Added node QmZPA6D8vQ4uYF5tqyA6CFEeZfpG3Czcd53XSBmUVuHb3e on dagService 
[2026-09-03 10:46:12][debug][GraphsyncDAGSyncer] Block removed from LRU cache: CID QmZPA6D8vQ4uYF5tqyA6CFEeZfpG3Czcd53XSBmUVuHb3e
[2026-09-03 10:46:12][info][UTXOManager] Stored 1 UTXOs for address f316b53a3bf2f1375e68b7320f7ef901a97ae11068c15e1e1de30a4321ead39347c0cee4be49941948673a202aba11176ad8918ab7f97cd833d6f1194de8fd39
[2026-09-03 10:46:12][info][UTXOManager] Stored 2 UTXOs for address f316b53a3bf2f1375e68b7320f7ef901a97ae11068c15e1e1de30a4321ead39347c0cee4be49941948673a202aba11176ad8918ab7f97cd833d6f1194de8fd39
[2026-09-03 10:46:12][warning][TransactionManager] [f316b53a - full: false] Mint-v2 975cfc6a26f9619bb9ee8ea8dc13693c151066a12d754e1017090409ab9f623e did not consume every burn input (already consumed or missing); burn outpoint metadata may have been rebuilt with zero amount
[2026-09-03 10:46:12][info][TransactionManager] [f316b53a - full: false] Created tokens (mint-v2), amount 42 balance 42
[2026-09-03 10:46:12][info][Blockchain] [f316b53a] Stopping blockchain
[2026-09-03 10:46:12][error][TransactionManager] [f316b53a - full: false] OnConsensusCertificate: Failed to change transaction state to CONFIRMED for hash 975cfc6a26f9619bb9ee8ea8dc13693c151066a12d754e1017090409ab9f623e: Operation canceled
[2026-09-03 10:46:12][error][TransactionManager] [f316b53a - full: false] Failed to process certificate proposal_id=c51a94bdaff823c7ac86f9bc700ca55bf3dbf488da060243cac4216ec82e4430 error=Operation canceled
[2026-09-03 10:46:12][info][CRDTCallbackManager] Successfully unregistered new data callback for pattern: '^/?/bc-144/tx/[^/]+'
[2026-09-03 10:46:12][info][CRDTCallbackManager] Successfully unregistered deleted data callback for pattern: '^/?/bc-144/tx/[^/]+'
[2026-09-03 10:46:12][info][CRDTCallbackManager] Successfully unregistered new data callback for pattern: '^/?/bc-963/tx/[^/]+'
[2026-09-03 10:46:12][info][CRDTCallbackManager] Successfully unregistered deleted data callback for pattern: '^/?/bc-963/tx/[^/]+'
[2026-09-03 10:46:12][info][CRDTCallbackManager] Successfully unregistered new data callback for pattern: '^/?/bc-369/tx/[^/]+'
[2026-09-03 10:46:12][info][CRDTCallbackManager] Successfully unregistered deleted data callback for pattern: '^/?/bc-369/tx/[^/]+'
[2026-09-03 10:46:12][info][TransactionManager] [f316b53a - full: false] ~TransactionManager: Metrics — cert_fallback(success=0 failure=0) validation(approve=1 reject=0) tracking(insert=1 confirm=0 fail=0)
[2026-09-03 10:46:12][info][CRDTCallbackManager] Successfully unregistered new data callback for pattern: '/?gnus-genesis-block'
[2026-09-03 10:46:12][info][CRDTCallbackManager] Successfully unregistered new data callback for pattern: '/?gnus-account-creation-.*'
[2026-09-03 10:46:12][info][CRDTCallbackManager] Successfully unregistered new data callback for pattern: '/?gnus-validator-registry'
[2026-09-03 10:46:12][debug][GlobalDB] ~GlobalDB CALLED with count 6 on multi_node_finality_fault/restart-mint-validator-one/rocksdb 
[2026-09-03 10:46:12][info][GlobalDB] GlobalDB shutdown start
[2026-09-03 10:46:12][info][CrdtDatastore] CancelAndCloseNow: begin (pending_jobs=1, self_queue=0, root_queue=0, pending_roots=0, active_root=false)
[2026-09-03 10:46:12][debug][GraphsyncDAGSyncer] Stopping Dagsyncer
[2026-09-03 10:46:12][debug][GraphsyncDAGSyncer] Dagsyncer Stopped
[2026-09-03 10:46:12.882229000][th:598638][error] graphsync Varint Error msg=Stream: closed by remote peer
[2026-09-03 10:46:12.882240000][th:598638][info] graphsync stream read error, peer=WS5TSL, msg=stream is not readable
[2026-09-03 10:46:12.882358000][th:598617][error] graphsync Varint Error msg=Stream: closed by this host
[2026-09-03 10:46:12][info][UTXOManager] Stored 1 UTXOs for address f316b53a3bf2f1375e68b7320f7ef901a97ae11068c15e1e1de30a4321ead39347c0cee4be49941948673a202aba11176ad8918ab7f97cd833d6f1194de8fd39
[2026-09-03 10:46:12][info][UTXOManager] Stored 2 UTXOs for address f316b53a3bf2f1375e68b7320f7ef901a97ae11068c15e1e1de30a4321ead39347c0cee4be49941948673a202aba11176ad8918ab7f97cd833d6f1194de8fd39
[2026-09-03 10:46:12][warning][TransactionManager] [e0d89541 - full: false] Mint-v2 975cfc6a26f9619bb9ee8ea8dc13693c151066a12d754e1017090409ab9f623e did not consume every burn input (already consumed or missing); burn outpoint metadata may have been rebuilt with zero amount
[2026-09-03 10:46:12][info][TransactionManager] [e0d89541 - full: false] Created tokens (mint-v2), amount 42 balance 0
[2026-09-03 10:46:12][info][TransactionManager] [e0d89541 - full: false] ChangeTransactionState: Tracking entry confirmed tx=975cfc6a26f9619bb9ee8ea8dc13693c151066a12d754e1017090409ab9f623e
[2026-09-03 10:46:12][info][UTXOManager] Created checkpoint owner=e0d8954123b736f7136852c8c87f189d29b5685f56a7c38fd861672b44cd68e6d940d9e30deea0279d2babd40c2ae3ff87a26a733969420a97022414d5f08a08 epoch=1 utxo_count=0
[2026-09-03 10:46:13][info][CrdtDatastore] CancelAndCloseNow: CRDT workers stopped
[2026-09-03 10:46:13][warning][CrdtDatastore] CancelAndCloseNow called but shutdown has already started
[2026-09-03 10:46:13][debug][GraphsyncDAGSyncer] ~GraphsyncDAGSyncer CALLED
[2026-09-03 10:46:13][info][GlobalDB] GlobalDB shutdown finished
[2026-09-03 10:46:13.286997000][th:598617][error] GossipPubSub Address monitoring timer error: Operation canceled
[2026-09-03 10:46:14][info][KeyPairFileStorage] Path to keypairs multi_node_finality_fault/restart-mint-validator-one/keypair
[2026-09-03 10:46:14][info][KeyPairFileStorage] Peer ID from public key: 12D3KooWPq93t5DjA1R4wr3w7DfDcFFHkR8FpABq7SUmhDWS5TSL
Current limits: 16384 (soft), 9223372036854775807 (hard)
New limits set successfully: 16384 (soft), 9223372036854775807 (hard)
Initialized relay addresses
[2026-09-03 10:46:14.292904000][th:597387][info] GossipPubSub /ip4/0.0.0.0/tcp/54621/p2p/12D3KooWPq93t5DjA1R4wr3w7DfDcFFHkR8FpABq7SUmhDWS5TSL: Starting PubSub service
[2026-09-03 10:46:14.293114000][th:598804][info] GossipPubSub Starting address monitoring system for mobile network changes
[2026-09-03 10:46:14.293120000][th:598804][info] GossipPubSub === CURRENT NETWORK STATE ===
[2026-09-03 10:46:14.293140000][th:598804][info] GossipPubSub Primary listening address: /ip4/0.0.0.0/tcp/54621/p2p/12D3KooWPq93t5DjA1R4wr3w7DfDcFFHkR8FpABq7SUmhDWS5TSL
[2026-09-03 10:46:14.293142000][th:598804][info] GossipPubSub Host peer info addresses (0):
[2026-09-03 10:46:14.293143000][th:598804][info] GossipPubSub Additional addresses we track (0):
[2026-09-03 10:46:14.293145000][th:598804][info] GossipPubSub Listening addresses (1):
[2026-09-03 10:46:14.293146000][th:598804][info] GossipPubSub   -> /ip4/0.0.0.0/tcp/54621/p2p/12D3KooWPq93t5DjA1R4wr3w7DfDcFFHkR8FpABq7SUmhDWS5TSL
[2026-09-03 10:46:14.293148000][th:598804][info] GossipPubSub Interface addresses (0):
[2026-09-03 10:46:14.293149000][th:598804][info] GossipPubSub === RAW OBSERVED ADDRESS DEBUG ===
[2026-09-03 10:46:14.293152000][th:598804][info] GossipPubSub Local address: /ip4/0.0.0.0/tcp/54621/p2p/12D3KooWPq93t5DjA1R4wr3w7DfDcFFHkR8FpABq7SUmhDWS5TSL -> 0 raw observed, 0 activated+confirmed
[2026-09-03 10:46:14.293155000][th:598804][info] GossipPubSub TOTAL: 0 raw observed addresses, 0 activated+confirmed addresses
[2026-09-03 10:46:14.293156000][th:598804][info] GossipPubSub === END RAW OBSERVED ADDRESS DEBUG ===
[2026-09-03 10:46:14.293157000][th:598804][info] GossipPubSub Observed addresses - all (0):
[2026-09-03 10:46:14.293158000][th:598804][info] GossipPubSub Observed addresses - confirmed only (0):
[2026-09-03 10:46:14.293160000][th:598804][info] GossipPubSub Relay addresses (0):
[2026-09-03 10:46:14.293163000][th:598804][warning] GossipPubSub Failed to get addresses from peer repository: not found
[2026-09-03 10:46:14.293266000][th:598804][info] GossipPubSub Found 1 valid network interfaces
[2026-09-03 10:46:14.293271000][th:598804][info] GossipPubSub Current network interfaces (1):
[2026-09-03 10:46:14.293273000][th:598804][info] GossipPubSub   -> 192.168.1.6
[2026-09-03 10:46:14.293275000][th:598804][info] GossipPubSub Active connections: 0
[2026-09-03 10:46:14.293276000][th:598804][info] GossipPubSub === PEER CONNECTION DETAILS ===
[2026-09-03 10:46:14.293277000][th:598804][info] GossipPubSub NOTE: Observed addresses need to be seen by 4+ different peer groups to become 'activated'
[2026-09-03 10:46:14.293279000][th:598804][info] GossipPubSub NOTE: Current connections: 0, so max possible observers: 0
[2026-09-03 10:46:14.293293000][th:598804][info] GossipPubSub === END PEER CONNECTION DETAILS ===
[2026-09-03 10:46:14.293296000][th:598804][info] GossipPubSub Connection manager stats:
[2026-09-03 10:46:14.293297000][th:598804][info] GossipPubSub   -> Max connections: 1000
[2026-09-03 10:46:14.293298000][th:598804][info] GossipPubSub   -> Current connections: 0
[2026-09-03 10:46:14.293299000][th:598804][info] GossipPubSub === END NETWORK STATE ===
[2026-09-03 10:46:14.293690000][th:598804][info] GossipPubSub /ip4/0.0.0.0/tcp/54621/p2p/12D3KooWPq93t5DjA1R4wr3w7DfDcFFHkR8FpABq7SUmhDWS5TSL : PubSub service started
[2026-09-03 10:46:14][info][GlobalDB] Opening database /Users/henriqueklein/gnus/SuperGenius/multi_node_finality_fault/restart-mint-validator-one/rocksdb
[2026-09-03 10:46:14][debug][GraphsyncDAGSyncer] GraphSyncer created 5016417000 
[2026-09-03 10:46:14][info][CrdtDatastore] crdt Datastore created. Number of heads: 2 Current max-height: 18446744073709551615
[2026-09-03 10:46:14][info][GeniusAccount] Secure storage ID path: /Users/henriqueklein/gnus/SuperGenius/multi_node_finality_fault/restart-mint-validator-one/account/secure_storage_id
[2026-09-03 10:46:14][info][GeniusAccount] Loaded public key from file: f316b53a3bf2f137... (length: 128)
[2026-09-03 10:46:14][info][GeniusAccount] Successfully loaded key_seed from storage
[2026-09-03 10:46:14][info][GeniusAccount] Validation successful: key_seed matches stored public key
[2026-09-03 10:46:14][info][Blockchain] [f316b53a] Blockchain instance created with authorized full node: 8a33bdf1
[2026-09-03 10:46:14][info][ValidatorRegistry] InitializeCache: cache initialized with CID QmVyVofYg7VAm7pCa915ajYaMfHBzSv6MTLQTae8WoRg64
[2026-09-03 10:46:14][info][CRDTCallbackManager] Successfully registered new data callback for pattern: '/?gnus-validator-registry'
[2026-09-03 10:46:14][info][ValidatorRegistry] RegisterFilter: result=true
[2026-09-03 10:46:14][info][ValidatorRegistry] New: instance ready
[2026-09-03 10:46:14.321294000][th:598804][info] GossipPubSub /ip4/0.0.0.0/tcp/54621/p2p/12D3KooWPq93t5DjA1R4wr3w7DfDcFFHkR8FpABq7SUmhDWS5TSL: PubSub subscribed to topic 'gnus-validator-registry.3.7.144'
[2026-09-03 10:46:14][info][CRDTCallbackManager] Successfully registered new data callback for pattern: '^/?cert/[^/]+'
[2026-09-03 10:46:14.321328000][th:598804][info] GossipPubSub /ip4/0.0.0.0/tcp/54621/p2p/12D3KooWPq93t5DjA1R4wr3w7DfDcFFHkR8FpABq7SUmhDWS5TSL: PubSub subscribed to topic 'consensus-channel-.3.7.144'
[2026-09-03 10:46:14.321353000][th:598804][info] GossipPubSub /ip4/0.0.0.0/tcp/54621/p2p/12D3KooWPq93t5DjA1R4wr3w7DfDcFFHkR8FpABq7SUmhDWS5TSL: PubSub subscribed to topic 'consensus-channel-.3.7.144#datastore.3.7.144'
[2026-09-03 10:46:14][warning][ConsensusManager] ProcessCommittedCertificate: No subject handler for certificate with key /cert/mint-v2:test:0000000000000000000000000000000000000000000000000000000000000000:42:f316b53a3bf2f1375e68b7320f7ef901a97ae11068c15e1e1de30a4321ead39347c0cee4be49941948673a202aba11176ad8918ab7f97cd833d6f1194de8fd39:cccccccccccccccccccccccccccccccccccccccccccccccccccccccccccccccc 
[2026-09-03 10:46:14][warning][ConsensusManager] ProcessCommittedCertificate: No subject handler for certificate with key /cert/mint-v2:test:0000000000000000000000000000000000000000000000000000000000000000:42:f316b53a3bf2f1375e68b7320f7ef901a97ae11068c15e1e1de30a4321ead39347c0cee4be49941948673a202aba11176ad8918ab7f97cd833d6f1194de8fd39:cccccccccccccccccccccccccccccccccccccccccccccccccccccccccccccccc 
[2026-09-03 10:46:14][info][CRDTCallbackManager] Successfully registered new data callback for pattern: '/?gnus-genesis-block'
[2026-09-03 10:46:14][info][CRDTCallbackManager] Successfully registered new data callback for pattern: '/?gnus-account-creation-.*'
[2026-09-03 10:46:14][info][UTXOManager] Stored 2 UTXOs for address f316b53a3bf2f1375e68b7320f7ef901a97ae11068c15e1e1de30a4321ead39347c0cee4be49941948673a202aba11176ad8918ab7f97cd833d6f1194de8fd39
[2026-09-03 10:46:14][warning][TransactionManager] [f316b53a - full: false] Mint-v2 975cfc6a26f9619bb9ee8ea8dc13693c151066a12d754e1017090409ab9f623e did not consume every burn input (already consumed or missing); burn outpoint metadata may have been rebuilt with zero amount
[2026-09-03 10:46:14][info][TransactionManager] [f316b53a - full: false] Created tokens (mint-v2), amount 42 balance 42
[2026-09-03 10:46:14][info][TransactionManager] [f316b53a - full: false] ChangeTransactionState: Tracking entry confirmed tx=975cfc6a26f9619bb9ee8ea8dc13693c151066a12d754e1017090409ab9f623e
[2026-09-03 10:46:14][info][TransactionManager] [f316b53a - full: false] OnConsensusCertificate: Standalone validator confirmed tx 975cfc6a26f9619bb9ee8ea8dc13693c151066a12d754e1017090409ab9f623e from certificate proposal_id=c51a94bdaff823c7ac86f9bc700ca55bf3dbf488da060243cac4216ec82e4430
[2026-09-03 10:46:14][info][UTXOManager] Created checkpoint owner=f316b53a3bf2f1375e68b7320f7ef901a97ae11068c15e1e1de30a4321ead39347c0cee4be49941948673a202aba11176ad8918ab7f97cd833d6f1194de8fd39 epoch=1 utxo_count=1
[2026-09-03 10:46:14][info][CRDTCallbackManager] Successfully registered new data callback for pattern: '^/?/bc-144/tx/[^/]+'
[2026-09-03 10:46:14][info][CRDTCallbackManager] Successfully registered deleted data callback for pattern: '^/?/bc-144/tx/[^/]+'
[2026-09-03 10:46:14][info][CRDTCallbackManager] Successfully registered new data callback for pattern: '^/?/bc-963/tx/[^/]+'
[2026-09-03 10:46:14][info][CRDTCallbackManager] Successfully registered deleted data callback for pattern: '^/?/bc-963/tx/[^/]+'
[2026-09-03 10:46:14][info][CRDTCallbackManager] Successfully registered new data callback for pattern: '^/?/bc-369/tx/[^/]+'
[2026-09-03 10:46:14][info][CRDTCallbackManager] Successfully registered deleted data callback for pattern: '^/?/bc-369/tx/[^/]+'
[2026-09-03 10:46:14.359990000][th:598804][info] GossipPubSub Adding new peer: 12D3KooWNjwAYNyvBKTHKiNdaYUmtNAPfwAiCBi7jCTq9spVLswz
[2026-09-03 10:46:14.360099000][th:598804][info] GossipPubSub Adding new peer: 12D3KooWEHvDtHXL38kHPySt37BDoC4tHBmcvupRmtfQgSSjU58w
[2026-09-03 10:46:14.360181000][th:598804][info] GossipPubSub Adding new peer: 12D3KooWFr8wv3KYy32P7FznDW8auKdp9MFktLpEJDCxrjpX3sRC
[2026-09-03 10:46:14.360258000][th:598638][info] GossipPubSub Adding new peer: 12D3KooWPq93t5DjA1R4wr3w7DfDcFFHkR8FpABq7SUmhDWS5TSL
[2026-09-03 10:46:14.360354000][th:598638][info] GossipPubSub Adding new peer: 12D3KooWEHvDtHXL38kHPySt37BDoC4tHBmcvupRmtfQgSSjU58w
[2026-09-03 10:46:14.360430000][th:598638][info] GossipPubSub Adding new peer: 12D3KooWFr8wv3KYy32P7FznDW8auKdp9MFktLpEJDCxrjpX3sRC
[2026-09-03 10:46:14.360500000][th:598659][info] GossipPubSub Adding new peer: 12D3KooWPq93t5DjA1R4wr3w7DfDcFFHkR8FpABq7SUmhDWS5TSL
[2026-09-03 10:46:14.360588000][th:598659][info] GossipPubSub Adding new peer: 12D3KooWNjwAYNyvBKTHKiNdaYUmtNAPfwAiCBi7jCTq9spVLswz
[2026-09-03 10:46:14.360668000][th:598659][info] GossipPubSub Adding new peer: 12D3KooWFr8wv3KYy32P7FznDW8auKdp9MFktLpEJDCxrjpX3sRC
[2026-09-03 10:46:14.360755000][th:598680][info] GossipPubSub Adding new peer: 12D3KooWPq93t5DjA1R4wr3w7DfDcFFHkR8FpABq7SUmhDWS5TSL
[2026-09-03 10:46:14.360837000][th:598680][info] GossipPubSub Adding new peer: 12D3KooWNjwAYNyvBKTHKiNdaYUmtNAPfwAiCBi7jCTq9spVLswz
[2026-09-03 10:46:14.360918000][th:598680][info] GossipPubSub Adding new peer: 12D3KooWEHvDtHXL38kHPySt37BDoC4tHBmcvupRmtfQgSSjU58w
[2026-09-03 10:46:14][info][CRDTCallbackManager] Successfully unregistered new data callback for pattern: '^/?/bc-144/tx/[^/]+'
[2026-09-03 10:46:14][info][CRDTCallbackManager] Successfully unregistered deleted data callback for pattern: '^/?/bc-144/tx/[^/]+'
[2026-09-03 10:46:14][info][CRDTCallbackManager] Successfully unregistered new data callback for pattern: '^/?/bc-963/tx/[^/]+'
[2026-09-03 10:46:14][info][CRDTCallbackManager] Successfully unregistered deleted data callback for pattern: '^/?/bc-963/tx/[^/]+'
[2026-09-03 10:46:14][info][CRDTCallbackManager] Successfully unregistered new data callback for pattern: '^/?/bc-369/tx/[^/]+'
[2026-09-03 10:46:14][info][CRDTCallbackManager] Successfully unregistered deleted data callback for pattern: '^/?/bc-369/tx/[^/]+'
[2026-09-03 10:46:14][info][TransactionManager] [f316b53a - full: false] ~TransactionManager: Metrics — cert_fallback(success=1 failure=0) validation(approve=0 reject=0) tracking(insert=0 confirm=1 fail=0)
[2026-09-03 10:46:14][info][Blockchain] [f316b53a] Stopping blockchain
[2026-09-03 10:46:14][info][CRDTCallbackManager] Successfully unregistered new data callback for pattern: '/?gnus-genesis-block'
[2026-09-03 10:46:14][info][CRDTCallbackManager] Successfully unregistered new data callback for pattern: '/?gnus-account-creation-.*'
[2026-09-03 10:46:14][info][CRDTCallbackManager] Successfully unregistered new data callback for pattern: '/?gnus-validator-registry'
[2026-09-03 10:46:14][debug][GlobalDB] ~GlobalDB CALLED with count 6 on multi_node_finality_fault/restart-mint-validator-one/rocksdb 
[2026-09-03 10:46:14][info][GlobalDB] GlobalDB shutdown start
[2026-09-03 10:46:14][info][CrdtDatastore] CancelAndCloseNow: begin (pending_jobs=0, self_queue=0, root_queue=0, pending_roots=0, active_root=false)
[2026-09-03 10:46:14][debug][GraphsyncDAGSyncer] Stopping Dagsyncer
[2026-09-03 10:46:14][debug][GraphsyncDAGSyncer] Dagsyncer Stopped
[2026-09-03 10:46:14][info][CrdtDatastore] CancelAndCloseNow: CRDT workers stopped
[2026-09-03 10:46:14][warning][CrdtDatastore] CancelAndCloseNow called but shutdown has already started
[2026-09-03 10:46:14][debug][GraphsyncDAGSyncer] ~GraphsyncDAGSyncer CALLED
[2026-09-03 10:46:14][info][GlobalDB] GlobalDB shutdown finished
[2026-09-03 10:46:14.821479000][th:598804][error] GossipPubSub Address monitoring timer error: Operation canceled
[2026-09-03 10:46:15][info][KeyPairFileStorage] Path to keypairs multi_node_finality_fault/restart-mint-validator-one/keypair
[2026-09-03 10:46:15][info][KeyPairFileStorage] Peer ID from public key: 12D3KooWPq93t5DjA1R4wr3w7DfDcFFHkR8FpABq7SUmhDWS5TSL
Current limits: 16384 (soft), 9223372036854775807 (hard)
New limits set successfully: 16384 (soft), 9223372036854775807 (hard)
Initialized relay addresses
[2026-09-03 10:46:15.832596000][th:597387][info] GossipPubSub /ip4/0.0.0.0/tcp/54621/p2p/12D3KooWPq93t5DjA1R4wr3w7DfDcFFHkR8FpABq7SUmhDWS5TSL: Starting PubSub service
[2026-09-03 10:46:15.832778000][th:598868][info] GossipPubSub Starting address monitoring system for mobile network changes
[2026-09-03 10:46:15.832785000][th:598868][info] GossipPubSub === CURRENT NETWORK STATE ===
[2026-09-03 10:46:15.832801000][th:598868][info] GossipPubSub Primary listening address: /ip4/0.0.0.0/tcp/54621/p2p/12D3KooWPq93t5DjA1R4wr3w7DfDcFFHkR8FpABq7SUmhDWS5TSL
[2026-09-03 10:46:15.832803000][th:598868][info] GossipPubSub Host peer info addresses (0):
[2026-09-03 10:46:15.832805000][th:598868][info] GossipPubSub Additional addresses we track (0):
[2026-09-03 10:46:15.832806000][th:598868][info] GossipPubSub Listening addresses (1):
[2026-09-03 10:46:15.832807000][th:598868][info] GossipPubSub   -> /ip4/0.0.0.0/tcp/54621/p2p/12D3KooWPq93t5DjA1R4wr3w7DfDcFFHkR8FpABq7SUmhDWS5TSL
[2026-09-03 10:46:15.832809000][th:598868][info] GossipPubSub Interface addresses (0):
[2026-09-03 10:46:15.832810000][th:598868][info] GossipPubSub === RAW OBSERVED ADDRESS DEBUG ===
[2026-09-03 10:46:15.832813000][th:598868][info] GossipPubSub Local address: /ip4/0.0.0.0/tcp/54621/p2p/12D3KooWPq93t5DjA1R4wr3w7DfDcFFHkR8FpABq7SUmhDWS5TSL -> 0 raw observed, 0 activated+confirmed
[2026-09-03 10:46:15.832816000][th:598868][info] GossipPubSub TOTAL: 0 raw observed addresses, 0 activated+confirmed addresses
[2026-09-03 10:46:15.832817000][th:598868][info] GossipPubSub === END RAW OBSERVED ADDRESS DEBUG ===
[2026-09-03 10:46:15.832818000][th:598868][info] GossipPubSub Observed addresses - all (0):
[2026-09-03 10:46:15.832819000][th:598868][info] GossipPubSub Observed addresses - confirmed only (0):
[2026-09-03 10:46:15.832821000][th:598868][info] GossipPubSub Relay addresses (0):
[2026-09-03 10:46:15.832825000][th:598868][warning] GossipPubSub Failed to get addresses from peer repository: not found
[2026-09-03 10:46:15.832911000][th:598868][info] GossipPubSub Found 1 valid network interfaces
[2026-09-03 10:46:15.832915000][th:598868][info] GossipPubSub Current network interfaces (1):
[2026-09-03 10:46:15.832917000][th:598868][info] GossipPubSub   -> 192.168.1.6
[2026-09-03 10:46:15.832919000][th:598868][info] GossipPubSub Active connections: 0
[2026-09-03 10:46:15.832920000][th:598868][info] GossipPubSub === PEER CONNECTION DETAILS ===
[2026-09-03 10:46:15.832921000][th:598868][info] GossipPubSub NOTE: Observed addresses need to be seen by 4+ different peer groups to become 'activated'
[2026-09-03 10:46:15.832923000][th:598868][info] GossipPubSub NOTE: Current connections: 0, so max possible observers: 0
[2026-09-03 10:46:15.832924000][th:598868][info] GossipPubSub === END PEER CONNECTION DETAILS ===
[2026-09-03 10:46:15.832925000][th:598868][info] GossipPubSub Connection manager stats:
[2026-09-03 10:46:15.832927000][th:598868][info] GossipPubSub   -> Max connections: 1000
[2026-09-03 10:46:15.832928000][th:598868][info] GossipPubSub   -> Current connections: 0
[2026-09-03 10:46:15.832929000][th:598868][info] GossipPubSub === END NETWORK STATE ===
[2026-09-03 10:46:15.833286000][th:598868][info] GossipPubSub /ip4/0.0.0.0/tcp/54621/p2p/12D3KooWPq93t5DjA1R4wr3w7DfDcFFHkR8FpABq7SUmhDWS5TSL : PubSub service started
[2026-09-03 10:46:15][info][GlobalDB] Opening database /Users/henriqueklein/gnus/SuperGenius/multi_node_finality_fault/restart-mint-validator-one/rocksdb
[2026-09-03 10:46:15][debug][GraphsyncDAGSyncer] GraphSyncer created 5015355544 
[2026-09-03 10:46:15][info][CrdtDatastore] crdt Datastore created. Number of heads: 2 Current max-height: 18446744073709551615
[2026-09-03 10:46:15][info][GeniusAccount] Secure storage ID path: /Users/henriqueklein/gnus/SuperGenius/multi_node_finality_fault/restart-mint-validator-one/account/secure_storage_id
[2026-09-03 10:46:15][info][GeniusAccount] Loaded public key from file: f316b53a3bf2f137... (length: 128)
[2026-09-03 10:46:15][info][GeniusAccount] Successfully loaded key_seed from storage
[2026-09-03 10:46:15][info][GeniusAccount] Validation successful: key_seed matches stored public key
[2026-09-03 10:46:15][warning][UTXOManager] Skipping malformed UTXO key /utxo-checkpoint/f316b53a3bf2f1375e68b7320f7ef901a97ae11068c15e1e1de30a4321ead39347c0cee4be49941948673a202aba11176ad8918ab7f97cd833d6f1194de8fd39/1
[2026-09-03 10:46:15][warning][UTXOManager] Skipping malformed UTXO key /utxo-checkpoint/f316b53a3bf2f1375e68b7320f7ef901a97ae11068c15e1e1de30a4321ead39347c0cee4be49941948673a202aba11176ad8918ab7f97cd833d6f1194de8fd39/latest
[2026-09-03 10:46:15][info][Blockchain] [f316b53a] Blockchain instance created with authorized full node: 8a33bdf1
[2026-09-03 10:46:15][info][ValidatorRegistry] InitializeCache: cache initialized with CID QmVyVofYg7VAm7pCa915ajYaMfHBzSv6MTLQTae8WoRg64
[2026-09-03 10:46:15][info][CRDTCallbackManager] Successfully registered new data callback for pattern: '/?gnus-validator-registry'
[2026-09-03 10:46:15][info][ValidatorRegistry] RegisterFilter: result=true
[2026-09-03 10:46:15][info][ValidatorRegistry] New: instance ready
[2026-09-03 10:46:15.863185000][th:598868][info] GossipPubSub /ip4/0.0.0.0/tcp/54621/p2p/12D3KooWPq93t5DjA1R4wr3w7DfDcFFHkR8FpABq7SUmhDWS5TSL: PubSub subscribed to topic 'gnus-validator-registry.3.7.144'
[2026-09-03 10:46:15][info][CRDTCallbackManager] Successfully registered new data callback for pattern: '^/?cert/[^/]+'
[2026-09-03 10:46:15.863230000][th:598868][info] GossipPubSub /ip4/0.0.0.0/tcp/54621/p2p/12D3KooWPq93t5DjA1R4wr3w7DfDcFFHkR8FpABq7SUmhDWS5TSL: PubSub subscribed to topic 'consensus-channel-.3.7.144'
[2026-09-03 10:46:15.863253000][th:598868][info] GossipPubSub /ip4/0.0.0.0/tcp/54621/p2p/12D3KooWPq93t5DjA1R4wr3w7DfDcFFHkR8FpABq7SUmhDWS5TSL: PubSub subscribed to topic 'consensus-channel-.3.7.144#datastore.3.7.144'
[2026-09-03 10:46:15][info][CRDTCallbackManager] Successfully registered new data callback for pattern: '/?gnus-genesis-block'
[2026-09-03 10:46:15][info][CRDTCallbackManager] Successfully registered new data callback for pattern: '/?gnus-account-creation-.*'
[2026-09-03 10:46:15][info][CRDTCallbackManager] Successfully registered new data callback for pattern: '^/?/bc-144/tx/[^/]+'
[2026-09-03 10:46:15][info][CRDTCallbackManager] Successfully registered deleted data callback for pattern: '^/?/bc-144/tx/[^/]+'
[2026-09-03 10:46:15][info][CRDTCallbackManager] Successfully registered new data callback for pattern: '^/?/bc-963/tx/[^/]+'
[2026-09-03 10:46:15][info][CRDTCallbackManager] Successfully registered deleted data callback for pattern: '^/?/bc-963/tx/[^/]+'
[2026-09-03 10:46:15][info][CRDTCallbackManager] Successfully registered new data callback for pattern: '^/?/bc-369/tx/[^/]+'
[2026-09-03 10:46:15][info][CRDTCallbackManager] Successfully registered deleted data callback for pattern: '^/?/bc-369/tx/[^/]+'
[2026-09-03 10:46:15][info][CRDTCallbackManager] Successfully unregistered new data callback for pattern: '^/?/bc-144/tx/[^/]+'
[2026-09-03 10:46:15][info][CRDTCallbackManager] Successfully unregistered deleted data callback for pattern: '^/?/bc-144/tx/[^/]+'
[2026-09-03 10:46:15][info][CRDTCallbackManager] Successfully unregistered new data callback for pattern: '^/?/bc-963/tx/[^/]+'
[2026-09-03 10:46:15][info][CRDTCallbackManager] Successfully unregistered deleted data callback for pattern: '^/?/bc-963/tx/[^/]+'
[2026-09-03 10:46:15][info][CRDTCallbackManager] Successfully unregistered new data callback for pattern: '^/?/bc-369/tx/[^/]+'
[2026-09-03 10:46:15][info][CRDTCallbackManager] Successfully unregistered deleted data callback for pattern: '^/?/bc-369/tx/[^/]+'
[2026-09-03 10:46:15][info][TransactionManager] [1705106e - full: false] ~TransactionManager: Metrics — cert_fallback(success=0 failure=0) validation(approve=1 reject=0) tracking(insert=1 confirm=1 fail=0)
[2026-09-03 10:46:15][info][Blockchain] [1705106e] Stopping blockchain
[2026-09-03 10:46:15][info][CRDTCallbackManager] Successfully unregistered new data callback for pattern: '/?gnus-genesis-block'
[2026-09-03 10:46:15][info][CRDTCallbackManager] Successfully unregistered new data callback for pattern: '/?gnus-account-creation-.*'
[2026-09-03 10:46:15][info][CRDTCallbackManager] Successfully unregistered new data callback for pattern: '/?gnus-validator-registry'
[2026-09-03 10:46:15][debug][GlobalDB] ~GlobalDB CALLED with count 6 on multi_node_finality_fault/restart-mint-validator-two/rocksdb 
[2026-09-03 10:46:15][info][GlobalDB] GlobalDB shutdown start
[2026-09-03 10:46:15][info][CrdtDatastore] CancelAndCloseNow: begin (pending_jobs=0, self_queue=0, root_queue=0, pending_roots=0, active_root=false)
[2026-09-03 10:46:15][debug][GraphsyncDAGSyncer] Stopping Dagsyncer
[2026-09-03 10:46:15][debug][GraphsyncDAGSyncer] Dagsyncer Stopped
[2026-09-03 10:46:15.863834000][th:598659][error] graphsync Varint Error msg=Stream: closed by remote peer
[2026-09-03 10:46:15.863842000][th:598659][info] graphsync stream read error, peer=pVLswz, msg=stream is not readable
[2026-09-03 10:46:15.863849000][th:598680][error] graphsync Varint Error msg=Stream: closed by remote peer
[2026-09-03 10:46:15.863853000][th:598680][info] graphsync stream read error, peer=pVLswz, msg=stream is not readable
[2026-09-03 10:46:15.863916000][th:598638][error] graphsync Varint Error msg=Stream: closed by this host
[2026-09-03 10:46:15.863936000][th:598638][error] graphsync Varint Error msg=Stream: closed by this host
[2026-09-03 10:46:16][info][CrdtDatastore] CancelAndCloseNow: CRDT workers stopped
[2026-09-03 10:46:16][warning][CrdtDatastore] CancelAndCloseNow called but shutdown has already started
[2026-09-03 10:46:16][debug][GraphsyncDAGSyncer] ~GraphsyncDAGSyncer CALLED
[2026-09-03 10:46:16][info][GlobalDB] GlobalDB shutdown finished
[2026-09-03 10:46:16.335957000][th:598638][error] GossipPubSub Address monitoring timer error: Operation canceled
[2026-09-03 10:46:17][info][KeyPairFileStorage] Path to keypairs multi_node_finality_fault/restart-mint-validator-two/keypair
[2026-09-03 10:46:17][info][KeyPairFileStorage] Peer ID from public key: 12D3KooWNjwAYNyvBKTHKiNdaYUmtNAPfwAiCBi7jCTq9spVLswz
Current limits: 16384 (soft), 9223372036854775807 (hard)
New limits set successfully: 16384 (soft), 9223372036854775807 (hard)
Initialized relay addresses
[2026-09-03 10:46:17.344919000][th:597387][info] GossipPubSub /ip4/0.0.0.0/tcp/54622/p2p/12D3KooWNjwAYNyvBKTHKiNdaYUmtNAPfwAiCBi7jCTq9spVLswz: Starting PubSub service
[2026-09-03 10:46:17.345094000][th:598894][info] GossipPubSub Starting address monitoring system for mobile network changes
[2026-09-03 10:46:17.345099000][th:598894][info] GossipPubSub === CURRENT NETWORK STATE ===
[2026-09-03 10:46:17.345114000][th:598894][info] GossipPubSub Primary listening address: /ip4/0.0.0.0/tcp/54622/p2p/12D3KooWNjwAYNyvBKTHKiNdaYUmtNAPfwAiCBi7jCTq9spVLswz
[2026-09-03 10:46:17.345117000][th:598894][info] GossipPubSub Host peer info addresses (0):
[2026-09-03 10:46:17.345118000][th:598894][info] GossipPubSub Additional addresses we track (0):
[2026-09-03 10:46:17.345119000][th:598894][info] GossipPubSub Listening addresses (1):
[2026-09-03 10:46:17.345120000][th:598894][info] GossipPubSub   -> /ip4/0.0.0.0/tcp/54622/p2p/12D3KooWNjwAYNyvBKTHKiNdaYUmtNAPfwAiCBi7jCTq9spVLswz
[2026-09-03 10:46:17.345122000][th:598894][info] GossipPubSub Interface addresses (0):
[2026-09-03 10:46:17.345123000][th:598894][info] GossipPubSub === RAW OBSERVED ADDRESS DEBUG ===
[2026-09-03 10:46:17.345126000][th:598894][info] GossipPubSub Local address: /ip4/0.0.0.0/tcp/54622/p2p/12D3KooWNjwAYNyvBKTHKiNdaYUmtNAPfwAiCBi7jCTq9spVLswz -> 0 raw observed, 0 activated+confirmed
[2026-09-03 10:46:17.345128000][th:598894][info] GossipPubSub TOTAL: 0 raw observed addresses, 0 activated+confirmed addresses
[2026-09-03 10:46:17.345129000][th:598894][info] GossipPubSub === END RAW OBSERVED ADDRESS DEBUG ===
[2026-09-03 10:46:17.345130000][th:598894][info] GossipPubSub Observed addresses - all (0):
[2026-09-03 10:46:17.345131000][th:598894][info] GossipPubSub Observed addresses - confirmed only (0):
[2026-09-03 10:46:17.345145000][th:598894][info] GossipPubSub Relay addresses (0):
[2026-09-03 10:46:17.345152000][th:598894][warning] GossipPubSub Failed to get addresses from peer repository: not found
[2026-09-03 10:46:17.345233000][th:598894][info] GossipPubSub Found 1 valid network interfaces
[2026-09-03 10:46:17.345236000][th:598894][info] GossipPubSub Current network interfaces (1):
[2026-09-03 10:46:17.345237000][th:598894][info] GossipPubSub   -> 192.168.1.6
[2026-09-03 10:46:17.345239000][th:598894][info] GossipPubSub Active connections: 0
[2026-09-03 10:46:17.345240000][th:598894][info] GossipPubSub === PEER CONNECTION DETAILS ===
[2026-09-03 10:46:17.345240000][th:598894][info] GossipPubSub NOTE: Observed addresses need to be seen by 4+ different peer groups to become 'activated'
[2026-09-03 10:46:17.345242000][th:598894][info] GossipPubSub NOTE: Current connections: 0, so max possible observers: 0
[2026-09-03 10:46:17.345243000][th:598894][info] GossipPubSub === END PEER CONNECTION DETAILS ===
[2026-09-03 10:46:17.345244000][th:598894][info] GossipPubSub Connection manager stats:
[2026-09-03 10:46:17.345245000][th:598894][info] GossipPubSub   -> Max connections: 1000
[2026-09-03 10:46:17.345246000][th:598894][info] GossipPubSub   -> Current connections: 0
[2026-09-03 10:46:17.345247000][th:598894][info] GossipPubSub === END NETWORK STATE ===
[2026-09-03 10:46:17.345592000][th:598894][info] GossipPubSub /ip4/0.0.0.0/tcp/54622/p2p/12D3KooWNjwAYNyvBKTHKiNdaYUmtNAPfwAiCBi7jCTq9spVLswz : PubSub service started
[2026-09-03 10:46:17][info][GlobalDB] Opening database /Users/henriqueklein/gnus/SuperGenius/multi_node_finality_fault/restart-mint-validator-two/rocksdb
[2026-09-03 10:46:17][debug][GraphsyncDAGSyncer] GraphSyncer created 5014386312 
[2026-09-03 10:46:17][info][CrdtDatastore] crdt Datastore created. Number of heads: 2 Current max-height: 18446744073709551615
[2026-09-03 10:46:17][info][GeniusAccount] Secure storage ID path: /Users/henriqueklein/gnus/SuperGenius/multi_node_finality_fault/restart-mint-validator-two/account/secure_storage_id
[2026-09-03 10:46:17][info][GeniusAccount] Loaded public key from file: 1705106e83b6ad7c... (length: 128)
[2026-09-03 10:46:17][info][GeniusAccount] Successfully loaded key_seed from storage
[2026-09-03 10:46:17][info][GeniusAccount] Validation successful: key_seed matches stored public key
[2026-09-03 10:46:17][warning][UTXOManager] Skipping malformed UTXO key /utxo-checkpoint/1705106e83b6ad7c9eaffb21d00da52ab7547266393b77c0adba50f871b4354653ef10b6558b188fa7f9a716a88bd20ce59f834a70d84d26b8515bfc5a382c61/1
[2026-09-03 10:46:17][warning][UTXOManager] Skipping malformed UTXO key /utxo-checkpoint/1705106e83b6ad7c9eaffb21d00da52ab7547266393b77c0adba50f871b4354653ef10b6558b188fa7f9a716a88bd20ce59f834a70d84d26b8515bfc5a382c61/latest
[2026-09-03 10:46:17][info][Blockchain] [1705106e] Blockchain instance created with authorized full node: 8a33bdf1
[2026-09-03 10:46:17][info][ValidatorRegistry] InitializeCache: cache initialized with CID QmVyVofYg7VAm7pCa915ajYaMfHBzSv6MTLQTae8WoRg64
[2026-09-03 10:46:17][info][CRDTCallbackManager] Successfully registered new data callback for pattern: '/?gnus-validator-registry'
[2026-09-03 10:46:17][info][ValidatorRegistry] RegisterFilter: result=true
[2026-09-03 10:46:17][info][ValidatorRegistry] New: instance ready
[2026-09-03 10:46:17.370199000][th:598894][info] GossipPubSub /ip4/0.0.0.0/tcp/54622/p2p/12D3KooWNjwAYNyvBKTHKiNdaYUmtNAPfwAiCBi7jCTq9spVLswz: PubSub subscribed to topic 'gnus-validator-registry.3.7.144'
[2026-09-03 10:46:17][info][CRDTCallbackManager] Successfully registered new data callback for pattern: '^/?cert/[^/]+'
[2026-09-03 10:46:17.370233000][th:598894][info] GossipPubSub /ip4/0.0.0.0/tcp/54622/p2p/12D3KooWNjwAYNyvBKTHKiNdaYUmtNAPfwAiCBi7jCTq9spVLswz: PubSub subscribed to topic 'consensus-channel-.3.7.144'
[2026-09-03 10:46:17.370256000][th:598894][info] GossipPubSub /ip4/0.0.0.0/tcp/54622/p2p/12D3KooWNjwAYNyvBKTHKiNdaYUmtNAPfwAiCBi7jCTq9spVLswz: PubSub subscribed to topic 'consensus-channel-.3.7.144#datastore.3.7.144'
[2026-09-03 10:46:17][info][CRDTCallbackManager] Successfully registered new data callback for pattern: '/?gnus-genesis-block'
[2026-09-03 10:46:17][info][CRDTCallbackManager] Successfully registered new data callback for pattern: '/?gnus-account-creation-.*'
[2026-09-03 10:46:17][info][CRDTCallbackManager] Successfully registered new data callback for pattern: '^/?/bc-144/tx/[^/]+'
[2026-09-03 10:46:17][info][CRDTCallbackManager] Successfully registered deleted data callback for pattern: '^/?/bc-144/tx/[^/]+'
[2026-09-03 10:46:17][info][CRDTCallbackManager] Successfully registered new data callback for pattern: '^/?/bc-963/tx/[^/]+'
[2026-09-03 10:46:17][info][CRDTCallbackManager] Successfully registered deleted data callback for pattern: '^/?/bc-963/tx/[^/]+'
[2026-09-03 10:46:17][info][CRDTCallbackManager] Successfully registered new data callback for pattern: '^/?/bc-369/tx/[^/]+'
[2026-09-03 10:46:17][info][CRDTCallbackManager] Successfully registered deleted data callback for pattern: '^/?/bc-369/tx/[^/]+'
[2026-09-03 10:46:17][info][CRDTCallbackManager] Successfully unregistered new data callback for pattern: '^/?/bc-144/tx/[^/]+'
[2026-09-03 10:46:17][info][CRDTCallbackManager] Successfully unregistered deleted data callback for pattern: '^/?/bc-144/tx/[^/]+'
[2026-09-03 10:46:17][info][CRDTCallbackManager] Successfully unregistered new data callback for pattern: '^/?/bc-963/tx/[^/]+'
[2026-09-03 10:46:17][info][CRDTCallbackManager] Successfully unregistered deleted data callback for pattern: '^/?/bc-963/tx/[^/]+'
[2026-09-03 10:46:17][info][CRDTCallbackManager] Successfully unregistered new data callback for pattern: '^/?/bc-369/tx/[^/]+'
[2026-09-03 10:46:17][info][CRDTCallbackManager] Successfully unregistered deleted data callback for pattern: '^/?/bc-369/tx/[^/]+'
[2026-09-03 10:46:17][info][TransactionManager] [e0d89541 - full: false] ~TransactionManager: Metrics — cert_fallback(success=0 failure=0) validation(approve=1 reject=0) tracking(insert=1 confirm=1 fail=0)
[2026-09-03 10:46:17][info][Blockchain] [e0d89541] Stopping blockchain
[2026-09-03 10:46:17][info][CRDTCallbackManager] Successfully unregistered new data callback for pattern: '/?gnus-genesis-block'
[2026-09-03 10:46:17][info][CRDTCallbackManager] Successfully unregistered new data callback for pattern: '/?gnus-account-creation-.*'
[2026-09-03 10:46:17][info][CRDTCallbackManager] Successfully unregistered new data callback for pattern: '/?gnus-validator-registry'
[2026-09-03 10:46:17][debug][GlobalDB] ~GlobalDB CALLED with count 6 on multi_node_finality_fault/restart-mint-validator-three/rocksdb 
[2026-09-03 10:46:17][info][GlobalDB] GlobalDB shutdown start
[2026-09-03 10:46:17][info][CrdtDatastore] CancelAndCloseNow: begin (pending_jobs=1, self_queue=0, root_queue=0, pending_roots=0, active_root=false)
[2026-09-03 10:46:17][debug][GraphsyncDAGSyncer] Stopping Dagsyncer
[2026-09-03 10:46:17][debug][GraphsyncDAGSyncer] Dagsyncer Stopped
[2026-09-03 10:46:17][info][CrdtDatastore] CancelAndCloseNow: CRDT workers stopped
[2026-09-03 10:46:17][warning][CrdtDatastore] CancelAndCloseNow called but shutdown has already started
[2026-09-03 10:46:17][debug][GraphsyncDAGSyncer] ~GraphsyncDAGSyncer CALLED
[2026-09-03 10:46:17][info][GlobalDB] GlobalDB shutdown finished
[2026-09-03 10:46:17.393933000][th:598659][error] GossipPubSub Address monitoring timer error: Operation canceled
[2026-09-03 10:46:18][info][KeyPairFileStorage] Path to keypairs multi_node_finality_fault/restart-mint-validator-three/keypair
[2026-09-03 10:46:18][info][KeyPairFileStorage] Peer ID from public key: 12D3KooWEHvDtHXL38kHPySt37BDoC4tHBmcvupRmtfQgSSjU58w
Current limits: 16384 (soft), 9223372036854775807 (hard)
New limits set successfully: 16384 (soft), 9223372036854775807 (hard)
Initialized relay addresses
[2026-09-03 10:46:18.402697000][th:597387][info] GossipPubSub /ip4/0.0.0.0/tcp/54623/p2p/12D3KooWEHvDtHXL38kHPySt37BDoC4tHBmcvupRmtfQgSSjU58w: Starting PubSub service
[2026-09-03 10:46:18.402802000][th:598975][info] GossipPubSub Starting address monitoring system for mobile network changes
[2026-09-03 10:46:18.402804000][th:598975][info] GossipPubSub === CURRENT NETWORK STATE ===
[2026-09-03 10:46:18.402828000][th:598975][info] GossipPubSub Primary listening address: /ip4/0.0.0.0/tcp/54623/p2p/12D3KooWEHvDtHXL38kHPySt37BDoC4tHBmcvupRmtfQgSSjU58w
[2026-09-03 10:46:18.402830000][th:598975][info] GossipPubSub Host peer info addresses (0):
[2026-09-03 10:46:18.402833000][th:598975][info] GossipPubSub Additional addresses we track (0):
[2026-09-03 10:46:18.402834000][th:598975][info] GossipPubSub Listening addresses (1):
[2026-09-03 10:46:18.402836000][th:598975][info] GossipPubSub   -> /ip4/0.0.0.0/tcp/54623/p2p/12D3KooWEHvDtHXL38kHPySt37BDoC4tHBmcvupRmtfQgSSjU58w
[2026-09-03 10:46:18.402837000][th:598975][info] GossipPubSub Interface addresses (0):
[2026-09-03 10:46:18.402844000][th:598975][info] GossipPubSub === RAW OBSERVED ADDRESS DEBUG ===
[2026-09-03 10:46:18.402847000][th:598975][info] GossipPubSub Local address: /ip4/0.0.0.0/tcp/54623/p2p/12D3KooWEHvDtHXL38kHPySt37BDoC4tHBmcvupRmtfQgSSjU58w -> 0 raw observed, 0 activated+confirmed
[2026-09-03 10:46:18.402849000][th:598975][info] GossipPubSub TOTAL: 0 raw observed addresses, 0 activated+confirmed addresses
[2026-09-03 10:46:18.402850000][th:598975][info] GossipPubSub === END RAW OBSERVED ADDRESS DEBUG ===
[2026-09-03 10:46:18.402852000][th:598975][info] GossipPubSub Observed addresses - all (0):
[2026-09-03 10:46:18.402853000][th:598975][info] GossipPubSub Observed addresses - confirmed only (0):
[2026-09-03 10:46:18.402854000][th:598975][info] GossipPubSub Relay addresses (0):
[2026-09-03 10:46:18.402857000][th:598975][warning] GossipPubSub Failed to get addresses from peer repository: not found
[2026-09-03 10:46:18.402911000][th:598975][info] GossipPubSub Found 1 valid network interfaces
[2026-09-03 10:46:18.402913000][th:598975][info] GossipPubSub Current network interfaces (1):
[2026-09-03 10:46:18.402915000][th:598975][info] GossipPubSub   -> 192.168.1.6
[2026-09-03 10:46:18.402916000][th:598975][info] GossipPubSub Active connections: 0
[2026-09-03 10:46:18.402917000][th:598975][info] GossipPubSub === PEER CONNECTION DETAILS ===
[2026-09-03 10:46:18.402918000][th:598975][info] GossipPubSub NOTE: Observed addresses need to be seen by 4+ different peer groups to become 'activated'
[2026-09-03 10:46:18.402920000][th:598975][info] GossipPubSub NOTE: Current connections: 0, so max possible observers: 0
[2026-09-03 10:46:18.402921000][th:598975][info] GossipPubSub === END PEER CONNECTION DETAILS ===
[2026-09-03 10:46:18.402922000][th:598975][info] GossipPubSub Connection manager stats:
[2026-09-03 10:46:18.402923000][th:598975][info] GossipPubSub   -> Max connections: 1000
[2026-09-03 10:46:18.402925000][th:598975][info] GossipPubSub   -> Current connections: 0
[2026-09-03 10:46:18.402926000][th:598975][info] GossipPubSub === END NETWORK STATE ===
[2026-09-03 10:46:18.403105000][th:598975][info] GossipPubSub /ip4/0.0.0.0/tcp/54623/p2p/12D3KooWEHvDtHXL38kHPySt37BDoC4tHBmcvupRmtfQgSSjU58w : PubSub service started
[2026-09-03 10:46:18][info][GlobalDB] Opening database /Users/henriqueklein/gnus/SuperGenius/multi_node_finality_fault/restart-mint-validator-three/rocksdb
[2026-09-03 10:46:18][debug][GraphsyncDAGSyncer] GraphSyncer created 5846898328 
[2026-09-03 10:46:18][info][CrdtDatastore] crdt Datastore created. Number of heads: 2 Current max-height: 18446744073709551615
[2026-09-03 10:46:18][info][GeniusAccount] Secure storage ID path: /Users/henriqueklein/gnus/SuperGenius/multi_node_finality_fault/restart-mint-validator-three/account/secure_storage_id
[2026-09-03 10:46:18][info][GeniusAccount] Loaded public key from file: e0d8954123b736f7... (length: 128)
[2026-09-03 10:46:18][info][GeniusAccount] Successfully loaded key_seed from storage
[2026-09-03 10:46:18][info][GeniusAccount] Validation successful: key_seed matches stored public key
[2026-09-03 10:46:18][warning][UTXOManager] Skipping malformed UTXO key /utxo-checkpoint/e0d8954123b736f7136852c8c87f189d29b5685f56a7c38fd861672b44cd68e6d940d9e30deea0279d2babd40c2ae3ff87a26a733969420a97022414d5f08a08/1
[2026-09-03 10:46:18][warning][UTXOManager] Skipping malformed UTXO key /utxo-checkpoint/e0d8954123b736f7136852c8c87f189d29b5685f56a7c38fd861672b44cd68e6d940d9e30deea0279d2babd40c2ae3ff87a26a733969420a97022414d5f08a08/latest
[2026-09-03 10:46:18][info][Blockchain] [e0d89541] Blockchain instance created with authorized full node: 8a33bdf1
[2026-09-03 10:46:18][info][ValidatorRegistry] InitializeCache: cache initialized with CID QmVyVofYg7VAm7pCa915ajYaMfHBzSv6MTLQTae8WoRg64
[2026-09-03 10:46:18][info][CRDTCallbackManager] Successfully registered new data callback for pattern: '/?gnus-validator-registry'
[2026-09-03 10:46:18][info][ValidatorRegistry] RegisterFilter: result=true
[2026-09-03 10:46:18][info][ValidatorRegistry] New: instance ready
[2026-09-03 10:46:18.434816000][th:598975][info] GossipPubSub /ip4/0.0.0.0/tcp/54623/p2p/12D3KooWEHvDtHXL38kHPySt37BDoC4tHBmcvupRmtfQgSSjU58w: PubSub subscribed to topic 'gnus-validator-registry.3.7.144'
[2026-09-03 10:46:18][info][CRDTCallbackManager] Successfully registered new data callback for pattern: '^/?cert/[^/]+'
[2026-09-03 10:46:18.434842000][th:598975][info] GossipPubSub /ip4/0.0.0.0/tcp/54623/p2p/12D3KooWEHvDtHXL38kHPySt37BDoC4tHBmcvupRmtfQgSSjU58w: PubSub subscribed to topic 'consensus-channel-.3.7.144'
[2026-09-03 10:46:18.434864000][th:598975][info] GossipPubSub /ip4/0.0.0.0/tcp/54623/p2p/12D3KooWEHvDtHXL38kHPySt37BDoC4tHBmcvupRmtfQgSSjU58w: PubSub subscribed to topic 'consensus-channel-.3.7.144#datastore.3.7.144'
[2026-09-03 10:46:18][info][CRDTCallbackManager] Successfully registered new data callback for pattern: '/?gnus-genesis-block'
[2026-09-03 10:46:18][info][CRDTCallbackManager] Successfully registered new data callback for pattern: '/?gnus-account-creation-.*'
[2026-09-03 10:46:18][info][CRDTCallbackManager] Successfully registered new data callback for pattern: '^/?/bc-144/tx/[^/]+'
[2026-09-03 10:46:18][info][CRDTCallbackManager] Successfully registered deleted data callback for pattern: '^/?/bc-144/tx/[^/]+'
[2026-09-03 10:46:18][info][CRDTCallbackManager] Successfully registered new data callback for pattern: '^/?/bc-963/tx/[^/]+'
[2026-09-03 10:46:18][info][CRDTCallbackManager] Successfully registered deleted data callback for pattern: '^/?/bc-963/tx/[^/]+'
[2026-09-03 10:46:18][info][CRDTCallbackManager] Successfully registered new data callback for pattern: '^/?/bc-369/tx/[^/]+'
[2026-09-03 10:46:18][info][CRDTCallbackManager] Successfully registered deleted data callback for pattern: '^/?/bc-369/tx/[^/]+'
[2026-09-03 10:46:18][info][CRDTCallbackManager] Successfully unregistered new data callback for pattern: '^/?/bc-144/tx/[^/]+'
[2026-09-03 10:46:18][info][CRDTCallbackManager] Successfully unregistered deleted data callback for pattern: '^/?/bc-144/tx/[^/]+'
[2026-09-03 10:46:18][info][CRDTCallbackManager] Successfully unregistered new data callback for pattern: '^/?/bc-963/tx/[^/]+'
[2026-09-03 10:46:18][info][CRDTCallbackManager] Successfully unregistered deleted data callback for pattern: '^/?/bc-963/tx/[^/]+'
[2026-09-03 10:46:18][info][CRDTCallbackManager] Successfully unregistered new data callback for pattern: '^/?/bc-369/tx/[^/]+'
[2026-09-03 10:46:18][info][CRDTCallbackManager] Successfully unregistered deleted data callback for pattern: '^/?/bc-369/tx/[^/]+'
[2026-09-03 10:46:18][info][TransactionManager] [26513230 - full: false] ~TransactionManager: Metrics — cert_fallback(success=0 failure=0) validation(approve=1 reject=0) tracking(insert=1 confirm=1 fail=0)
[2026-09-03 10:46:18][info][Blockchain] [26513230] Stopping blockchain
[2026-09-03 10:46:18][info][CRDTCallbackManager] Successfully unregistered new data callback for pattern: '/?gnus-genesis-block'
[2026-09-03 10:46:18][info][CRDTCallbackManager] Successfully unregistered new data callback for pattern: '/?gnus-account-creation-.*'
[2026-09-03 10:46:18][info][CRDTCallbackManager] Successfully unregistered new data callback for pattern: '/?gnus-validator-registry'
[2026-09-03 10:46:18][debug][GlobalDB] ~GlobalDB CALLED with count 6 on multi_node_finality_fault/restart-mint-passive/rocksdb 
[2026-09-03 10:46:18][info][GlobalDB] GlobalDB shutdown start
[2026-09-03 10:46:18][info][CrdtDatastore] CancelAndCloseNow: begin (pending_jobs=1, self_queue=0, root_queue=0, pending_roots=0, active_root=false)
[2026-09-03 10:46:18][debug][GraphsyncDAGSyncer] Stopping Dagsyncer
[2026-09-03 10:46:18][debug][GraphsyncDAGSyncer] Dagsyncer Stopped
[2026-09-03 10:46:18][info][CrdtDatastore] CancelAndCloseNow: CRDT workers stopped
[2026-09-03 10:46:18][warning][CrdtDatastore] CancelAndCloseNow called but shutdown has already started
[2026-09-03 10:46:18][debug][GraphsyncDAGSyncer] ~GraphsyncDAGSyncer CALLED
[2026-09-03 10:46:18][info][GlobalDB] GlobalDB shutdown finished
[2026-09-03 10:46:18.446093000][th:598680][error] GossipPubSub Address monitoring timer error: Operation canceled
[2026-09-03 10:46:19][info][KeyPairFileStorage] Path to keypairs multi_node_finality_fault/restart-mint-passive/keypair
[2026-09-03 10:46:19][info][KeyPairFileStorage] Peer ID from public key: 12D3KooWFr8wv3KYy32P7FznDW8auKdp9MFktLpEJDCxrjpX3sRC
Current limits: 16384 (soft), 9223372036854775807 (hard)
New limits set successfully: 16384 (soft), 9223372036854775807 (hard)
Initialized relay addresses
[2026-09-03 10:46:19.455949000][th:597387][info] GossipPubSub /ip4/0.0.0.0/tcp/54624/p2p/12D3KooWFr8wv3KYy32P7FznDW8auKdp9MFktLpEJDCxrjpX3sRC: Starting PubSub service
[2026-09-03 10:46:19.456146000][th:598999][info] GossipPubSub Starting address monitoring system for mobile network changes
[2026-09-03 10:46:19.456153000][th:598999][info] GossipPubSub === CURRENT NETWORK STATE ===
[2026-09-03 10:46:19.456171000][th:598999][info] GossipPubSub Primary listening address: /ip4/0.0.0.0/tcp/54624/p2p/12D3KooWFr8wv3KYy32P7FznDW8auKdp9MFktLpEJDCxrjpX3sRC
[2026-09-03 10:46:19.456174000][th:598999][info] GossipPubSub Host peer info addresses (0):
[2026-09-03 10:46:19.456175000][th:598999][info] GossipPubSub Additional addresses we track (0):
[2026-09-03 10:46:19.456177000][th:598999][info] GossipPubSub Listening addresses (1):
[2026-09-03 10:46:19.456178000][th:598999][info] GossipPubSub   -> /ip4/0.0.0.0/tcp/54624/p2p/12D3KooWFr8wv3KYy32P7FznDW8auKdp9MFktLpEJDCxrjpX3sRC
[2026-09-03 10:46:19.456180000][th:598999][info] GossipPubSub Interface addresses (0):
[2026-09-03 10:46:19.456181000][th:598999][info] GossipPubSub === RAW OBSERVED ADDRESS DEBUG ===
[2026-09-03 10:46:19.456184000][th:598999][info] GossipPubSub Local address: /ip4/0.0.0.0/tcp/54624/p2p/12D3KooWFr8wv3KYy32P7FznDW8auKdp9MFktLpEJDCxrjpX3sRC -> 0 raw observed, 0 activated+confirmed
[2026-09-03 10:46:19.456186000][th:598999][info] GossipPubSub TOTAL: 0 raw observed addresses, 0 activated+confirmed addresses
[2026-09-03 10:46:19.456188000][th:598999][info] GossipPubSub === END RAW OBSERVED ADDRESS DEBUG ===
[2026-09-03 10:46:19.456189000][th:598999][info] GossipPubSub Observed addresses - all (0):
[2026-09-03 10:46:19.456190000][th:598999][info] GossipPubSub Observed addresses - confirmed only (0):
[2026-09-03 10:46:19.456191000][th:598999][info] GossipPubSub Relay addresses (0):
[2026-09-03 10:46:19.456195000][th:598999][warning] GossipPubSub Failed to get addresses from peer repository: not found
[2026-09-03 10:46:19.456283000][th:598999][info] GossipPubSub Found 1 valid network interfaces
[2026-09-03 10:46:19.456289000][th:598999][info] GossipPubSub Current network interfaces (1):
[2026-09-03 10:46:19.456290000][th:598999][info] GossipPubSub   -> 192.168.1.6
[2026-09-03 10:46:19.456292000][th:598999][info] GossipPubSub Active connections: 0
[2026-09-03 10:46:19.456294000][th:598999][info] GossipPubSub === PEER CONNECTION DETAILS ===
[2026-09-03 10:46:19.456295000][th:598999][info] GossipPubSub NOTE: Observed addresses need to be seen by 4+ different peer groups to become 'activated'
[2026-09-03 10:46:19.456298000][th:598999][info] GossipPubSub NOTE: Current connections: 0, so max possible observers: 0
[2026-09-03 10:46:19.456299000][th:598999][info] GossipPubSub === END PEER CONNECTION DETAILS ===
[2026-09-03 10:46:19.456300000][th:598999][info] GossipPubSub Connection manager stats:
[2026-09-03 10:46:19.456309000][th:598999][info] GossipPubSub   -> Max connections: 1000
[2026-09-03 10:46:19.456311000][th:598999][info] GossipPubSub   -> Current connections: 0
[2026-09-03 10:46:19.456312000][th:598999][info] GossipPubSub === END NETWORK STATE ===
[2026-09-03 10:46:19.456685000][th:598999][info] GossipPubSub /ip4/0.0.0.0/tcp/54624/p2p/12D3KooWFr8wv3KYy32P7FznDW8auKdp9MFktLpEJDCxrjpX3sRC : PubSub service started
[2026-09-03 10:46:19][info][GlobalDB] Opening database /Users/henriqueklein/gnus/SuperGenius/multi_node_finality_fault/restart-mint-passive/rocksdb
[2026-09-03 10:46:19][debug][GraphsyncDAGSyncer] GraphSyncer created 5551219528 
[2026-09-03 10:46:19][info][CrdtDatastore] crdt Datastore created. Number of heads: 2 Current max-height: 18446744073709551615
[2026-09-03 10:46:19][info][GeniusAccount] Secure storage ID path: /Users/henriqueklein/gnus/SuperGenius/multi_node_finality_fault/restart-mint-passive/account/secure_storage_id
[2026-09-03 10:46:19][info][GeniusAccount] Loaded public key from file: 26513230190ee7c4... (length: 128)
[2026-09-03 10:46:19][info][GeniusAccount] Successfully loaded key_seed from storage
[2026-09-03 10:46:19][info][GeniusAccount] Validation successful: key_seed matches stored public key
[2026-09-03 10:46:19][warning][UTXOManager] Skipping malformed UTXO key /utxo-checkpoint/26513230190ee7c475ee2326d22078e20ee364991d88601c454527fd2f6dbb9101f348d50c77d3c423e6864699877c709f9724bb12c4219e546c78ec8c4bcfc7/1
[2026-09-03 10:46:19][warning][UTXOManager] Skipping malformed UTXO key /utxo-checkpoint/26513230190ee7c475ee2326d22078e20ee364991d88601c454527fd2f6dbb9101f348d50c77d3c423e6864699877c709f9724bb12c4219e546c78ec8c4bcfc7/latest
[2026-09-03 10:46:19][info][Blockchain] [26513230] Blockchain instance created with authorized full node: 8a33bdf1
[2026-09-03 10:46:19][info][ValidatorRegistry] InitializeCache: cache initialized with CID QmVyVofYg7VAm7pCa915ajYaMfHBzSv6MTLQTae8WoRg64
[2026-09-03 10:46:19][info][CRDTCallbackManager] Successfully registered new data callback for pattern: '/?gnus-validator-registry'
[2026-09-03 10:46:19][info][ValidatorRegistry] RegisterFilter: result=true
[2026-09-03 10:46:19][info][ValidatorRegistry] New: instance ready
[2026-09-03 10:46:19.486934000][th:598999][info] GossipPubSub /ip4/0.0.0.0/tcp/54624/p2p/12D3KooWFr8wv3KYy32P7FznDW8auKdp9MFktLpEJDCxrjpX3sRC: PubSub subscribed to topic 'gnus-validator-registry.3.7.144'
[2026-09-03 10:46:19][info][CRDTCallbackManager] Successfully registered new data callback for pattern: '^/?cert/[^/]+'
[2026-09-03 10:46:19.486987000][th:598999][info] GossipPubSub /ip4/0.0.0.0/tcp/54624/p2p/12D3KooWFr8wv3KYy32P7FznDW8auKdp9MFktLpEJDCxrjpX3sRC: PubSub subscribed to topic 'consensus-channel-.3.7.144'
[2026-09-03 10:46:19][info][CRDTCallbackManager] Successfully registered new data callback for pattern: '/?gnus-genesis-block'
[2026-09-03 10:46:19.487012000][th:598999][info] GossipPubSub /ip4/0.0.0.0/tcp/54624/p2p/12D3KooWFr8wv3KYy32P7FznDW8auKdp9MFktLpEJDCxrjpX3sRC: PubSub subscribed to topic 'consensus-channel-.3.7.144#datastore.3.7.144'
[2026-09-03 10:46:19][info][CRDTCallbackManager] Successfully registered new data callback for pattern: '/?gnus-account-creation-.*'
[2026-09-03 10:46:19][info][CRDTCallbackManager] Successfully registered new data callback for pattern: '^/?/bc-144/tx/[^/]+'
[2026-09-03 10:46:19][info][CRDTCallbackManager] Successfully registered deleted data callback for pattern: '^/?/bc-144/tx/[^/]+'
[2026-09-03 10:46:19][info][CRDTCallbackManager] Successfully registered new data callback for pattern: '^/?/bc-963/tx/[^/]+'
[2026-09-03 10:46:19][info][CRDTCallbackManager] Successfully registered deleted data callback for pattern: '^/?/bc-963/tx/[^/]+'
[2026-09-03 10:46:19][info][CRDTCallbackManager] Successfully registered new data callback for pattern: '^/?/bc-369/tx/[^/]+'
[2026-09-03 10:46:19][info][CRDTCallbackManager] Successfully registered deleted data callback for pattern: '^/?/bc-369/tx/[^/]+'
[2026-09-03 10:46:19.487247000][th:598868][info] GossipPubSub Adding new peer: 12D3KooWNjwAYNyvBKTHKiNdaYUmtNAPfwAiCBi7jCTq9spVLswz
[2026-09-03 10:46:19.487345000][th:598868][info] GossipPubSub Adding new peer: 12D3KooWEHvDtHXL38kHPySt37BDoC4tHBmcvupRmtfQgSSjU58w
[2026-09-03 10:46:19.487418000][th:598868][info] GossipPubSub Adding new peer: 12D3KooWFr8wv3KYy32P7FznDW8auKdp9MFktLpEJDCxrjpX3sRC
[2026-09-03 10:46:19.487478000][th:598894][info] GossipPubSub Adding new peer: 12D3KooWPq93t5DjA1R4wr3w7DfDcFFHkR8FpABq7SUmhDWS5TSL
[2026-09-03 10:46:19.487565000][th:598894][info] GossipPubSub Adding new peer: 12D3KooWEHvDtHXL38kHPySt37BDoC4tHBmcvupRmtfQgSSjU58w
[2026-09-03 10:46:19.487639000][th:598894][info] GossipPubSub Adding new peer: 12D3KooWFr8wv3KYy32P7FznDW8auKdp9MFktLpEJDCxrjpX3sRC
[2026-09-03 10:46:19.487684000][th:598975][info] GossipPubSub Adding new peer: 12D3KooWPq93t5DjA1R4wr3w7DfDcFFHkR8FpABq7SUmhDWS5TSL
[2026-09-03 10:46:19.487752000][th:598975][info] GossipPubSub Adding new peer: 12D3KooWNjwAYNyvBKTHKiNdaYUmtNAPfwAiCBi7jCTq9spVLswz
[2026-09-03 10:46:19.487858000][th:598975][info] GossipPubSub Adding new peer: 12D3KooWFr8wv3KYy32P7FznDW8auKdp9MFktLpEJDCxrjpX3sRC
[2026-09-03 10:46:19.487908000][th:598999][info] GossipPubSub Adding new peer: 12D3KooWPq93t5DjA1R4wr3w7DfDcFFHkR8FpABq7SUmhDWS5TSL
[2026-09-03 10:46:19.487991000][th:598999][info] GossipPubSub Adding new peer: 12D3KooWNjwAYNyvBKTHKiNdaYUmtNAPfwAiCBi7jCTq9spVLswz
[2026-09-03 10:46:19.488062000][th:598999][info] GossipPubSub Adding new peer: 12D3KooWEHvDtHXL38kHPySt37BDoC4tHBmcvupRmtfQgSSjU58w
[2026-09-03 10:46:19][info][CRDTCallbackManager] Successfully unregistered new data callback for pattern: '^/?/bc-144/tx/[^/]+'
[2026-09-03 10:46:19][info][CRDTCallbackManager] Successfully unregistered deleted data callback for pattern: '^/?/bc-144/tx/[^/]+'
[2026-09-03 10:46:19][info][CRDTCallbackManager] Successfully unregistered new data callback for pattern: '^/?/bc-963/tx/[^/]+'
[2026-09-03 10:46:19][info][CRDTCallbackManager] Successfully unregistered deleted data callback for pattern: '^/?/bc-963/tx/[^/]+'
[2026-09-03 10:46:19][info][CRDTCallbackManager] Successfully unregistered new data callback for pattern: '^/?/bc-369/tx/[^/]+'
[2026-09-03 10:46:19][info][CRDTCallbackManager] Successfully unregistered deleted data callback for pattern: '^/?/bc-369/tx/[^/]+'
[2026-09-03 10:46:19][info][TransactionManager] [f316b53a - full: false] ~TransactionManager: Metrics — cert_fallback(success=0 failure=0) validation(approve=0 reject=0) tracking(insert=0 confirm=0 fail=0)
[2026-09-03 10:46:19][info][Blockchain] [f316b53a] Stopping blockchain
[2026-09-03 10:46:19][info][CRDTCallbackManager] Successfully unregistered new data callback for pattern: '/?gnus-genesis-block'
[2026-09-03 10:46:19][info][CRDTCallbackManager] Successfully unregistered new data callback for pattern: '/?gnus-account-creation-.*'
[2026-09-03 10:46:19][info][CRDTCallbackManager] Successfully unregistered new data callback for pattern: '/?gnus-validator-registry'
[2026-09-03 10:46:19][debug][GlobalDB] ~GlobalDB CALLED with count 6 on multi_node_finality_fault/restart-mint-validator-one/rocksdb 
[2026-09-03 10:46:19][info][GlobalDB] GlobalDB shutdown start
[2026-09-03 10:46:19][info][CrdtDatastore] CancelAndCloseNow: begin (pending_jobs=0, self_queue=0, root_queue=0, pending_roots=0, active_root=false)
[2026-09-03 10:46:19][debug][GraphsyncDAGSyncer] Stopping Dagsyncer
[2026-09-03 10:46:19][debug][GraphsyncDAGSyncer] Dagsyncer Stopped
[2026-09-03 10:46:19][info][CrdtDatastore] CancelAndCloseNow: CRDT workers stopped
[2026-09-03 10:46:19][warning][CrdtDatastore] CancelAndCloseNow called but shutdown has already started
[2026-09-03 10:46:19][debug][GraphsyncDAGSyncer] ~GraphsyncDAGSyncer CALLED
[2026-09-03 10:46:19][info][GlobalDB] GlobalDB shutdown finished
[2026-09-03 10:46:19.886530000][th:598868][error] GossipPubSub Address monitoring timer error: Operation canceled
[2026-09-03 10:46:20][info][CRDTCallbackManager] Successfully unregistered new data callback for pattern: '^/?/bc-144/tx/[^/]+'
[2026-09-03 10:46:20][info][CRDTCallbackManager] Successfully unregistered deleted data callback for pattern: '^/?/bc-144/tx/[^/]+'
[2026-09-03 10:46:20][info][CRDTCallbackManager] Successfully unregistered new data callback for pattern: '^/?/bc-963/tx/[^/]+'
[2026-09-03 10:46:20][info][CRDTCallbackManager] Successfully unregistered deleted data callback for pattern: '^/?/bc-963/tx/[^/]+'
[2026-09-03 10:46:20][info][CRDTCallbackManager] Successfully unregistered new data callback for pattern: '^/?/bc-369/tx/[^/]+'
[2026-09-03 10:46:20][info][CRDTCallbackManager] Successfully unregistered deleted data callback for pattern: '^/?/bc-369/tx/[^/]+'
[2026-09-03 10:46:20][info][TransactionManager] [1705106e - full: false] ~TransactionManager: Metrics — cert_fallback(success=0 failure=0) validation(approve=0 reject=0) tracking(insert=0 confirm=0 fail=0)
[2026-09-03 10:46:20][info][Blockchain] [1705106e] Stopping blockchain
[2026-09-03 10:46:20][info][CRDTCallbackManager] Successfully unregistered new data callback for pattern: '/?gnus-genesis-block'
[2026-09-03 10:46:20][info][CRDTCallbackManager] Successfully unregistered new data callback for pattern: '/?gnus-account-creation-.*'
[2026-09-03 10:46:20][info][CRDTCallbackManager] Successfully unregistered new data callback for pattern: '/?gnus-validator-registry'
[2026-09-03 10:46:20][debug][GlobalDB] ~GlobalDB CALLED with count 6 on multi_node_finality_fault/restart-mint-validator-two/rocksdb 
[2026-09-03 10:46:20][info][GlobalDB] GlobalDB shutdown start
[2026-09-03 10:46:20][info][CrdtDatastore] CancelAndCloseNow: begin (pending_jobs=0, self_queue=0, root_queue=0, pending_roots=0, active_root=false)
[2026-09-03 10:46:20][debug][GraphsyncDAGSyncer] Stopping Dagsyncer
[2026-09-03 10:46:20][debug][GraphsyncDAGSyncer] Dagsyncer Stopped
[2026-09-03 10:46:20][info][CrdtDatastore] CancelAndCloseNow: CRDT workers stopped
[2026-09-03 10:46:20][warning][CrdtDatastore] CancelAndCloseNow called but shutdown has already started
[2026-09-03 10:46:20][debug][GraphsyncDAGSyncer] ~GraphsyncDAGSyncer CALLED
[2026-09-03 10:46:20][info][GlobalDB] GlobalDB shutdown finished
[2026-09-03 10:46:20.898446000][th:598894][error] GossipPubSub Address monitoring timer error: Operation canceled
[2026-09-03 10:46:21][info][CRDTCallbackManager] Successfully unregistered new data callback for pattern: '^/?/bc-144/tx/[^/]+'
[2026-09-03 10:46:21][info][CRDTCallbackManager] Successfully unregistered deleted data callback for pattern: '^/?/bc-144/tx/[^/]+'
[2026-09-03 10:46:21][info][CRDTCallbackManager] Successfully unregistered new data callback for pattern: '^/?/bc-963/tx/[^/]+'
[2026-09-03 10:46:21][info][CRDTCallbackManager] Successfully unregistered deleted data callback for pattern: '^/?/bc-963/tx/[^/]+'
[2026-09-03 10:46:21][info][CRDTCallbackManager] Successfully unregistered new data callback for pattern: '^/?/bc-369/tx/[^/]+'
[2026-09-03 10:46:21][info][CRDTCallbackManager] Successfully unregistered deleted data callback for pattern: '^/?/bc-369/tx/[^/]+'
[2026-09-03 10:46:21][info][TransactionManager] [e0d89541 - full: false] ~TransactionManager: Metrics — cert_fallback(success=0 failure=0) validation(approve=0 reject=0) tracking(insert=0 confirm=0 fail=0)
[2026-09-03 10:46:21][info][Blockchain] [e0d89541] Stopping blockchain
[2026-09-03 10:46:21][info][CRDTCallbackManager] Successfully unregistered new data callback for pattern: '/?gnus-genesis-block'
[2026-09-03 10:46:21][info][CRDTCallbackManager] Successfully unregistered new data callback for pattern: '/?gnus-account-creation-.*'
[2026-09-03 10:46:21][info][CRDTCallbackManager] Successfully unregistered new data callback for pattern: '/?gnus-validator-registry'
[2026-09-03 10:46:21][debug][GlobalDB] ~GlobalDB CALLED with count 6 on multi_node_finality_fault/restart-mint-validator-three/rocksdb 
[2026-09-03 10:46:21][info][GlobalDB] GlobalDB shutdown start
[2026-09-03 10:46:21][info][CrdtDatastore] CancelAndCloseNow: begin (pending_jobs=0, self_queue=0, root_queue=0, pending_roots=0, active_root=false)
[2026-09-03 10:46:21][debug][GraphsyncDAGSyncer] Stopping Dagsyncer
[2026-09-03 10:46:21][debug][GraphsyncDAGSyncer] Dagsyncer Stopped
[2026-09-03 10:46:21][info][CrdtDatastore] CancelAndCloseNow: CRDT workers stopped
[2026-09-03 10:46:21][warning][CrdtDatastore] CancelAndCloseNow called but shutdown has already started
[2026-09-03 10:46:21][debug][GraphsyncDAGSyncer] ~GraphsyncDAGSyncer CALLED
[2026-09-03 10:46:21][info][GlobalDB] GlobalDB shutdown finished
[2026-09-03 10:46:21.959189000][th:598975][error] GossipPubSub Address monitoring timer error: Operation canceled
[2026-09-03 10:46:22][info][CRDTCallbackManager] Successfully unregistered new data callback for pattern: '^/?/bc-144/tx/[^/]+'
[2026-09-03 10:46:22][info][CRDTCallbackManager] Successfully unregistered deleted data callback for pattern: '^/?/bc-144/tx/[^/]+'
[2026-09-03 10:46:22][info][CRDTCallbackManager] Successfully unregistered new data callback for pattern: '^/?/bc-963/tx/[^/]+'
[2026-09-03 10:46:22][info][CRDTCallbackManager] Successfully unregistered deleted data callback for pattern: '^/?/bc-963/tx/[^/]+'
[2026-09-03 10:46:22][info][CRDTCallbackManager] Successfully unregistered new data callback for pattern: '^/?/bc-369/tx/[^/]+'
[2026-09-03 10:46:22][info][CRDTCallbackManager] Successfully unregistered deleted data callback for pattern: '^/?/bc-369/tx/[^/]+'
[2026-09-03 10:46:22][info][TransactionManager] [26513230 - full: false] ~TransactionManager: Metrics — cert_fallback(success=0 failure=0) validation(approve=0 reject=0) tracking(insert=0 confirm=0 fail=0)
[2026-09-03 10:46:22][info][Blockchain] [26513230] Stopping blockchain
[2026-09-03 10:46:22][info][CRDTCallbackManager] Successfully unregistered new data callback for pattern: '/?gnus-genesis-block'
[2026-09-03 10:46:22][info][CRDTCallbackManager] Successfully unregistered new data callback for pattern: '/?gnus-account-creation-.*'
[2026-09-03 10:46:22][info][CRDTCallbackManager] Successfully unregistered new data callback for pattern: '/?gnus-validator-registry'
[2026-09-03 10:46:22][debug][GlobalDB] ~GlobalDB CALLED with count 6 on multi_node_finality_fault/restart-mint-passive/rocksdb 
[2026-09-03 10:46:22][info][GlobalDB] GlobalDB shutdown start
[2026-09-03 10:46:22][info][CrdtDatastore] CancelAndCloseNow: begin (pending_jobs=0, self_queue=0, root_queue=0, pending_roots=0, active_root=false)
[2026-09-03 10:46:22][debug][GraphsyncDAGSyncer] Stopping Dagsyncer
[2026-09-03 10:46:22][debug][GraphsyncDAGSyncer] Dagsyncer Stopped
[2026-09-03 10:46:23][info][CrdtDatastore] CancelAndCloseNow: CRDT workers stopped
[2026-09-03 10:46:23][warning][CrdtDatastore] CancelAndCloseNow called but shutdown has already started
[2026-09-03 10:46:23][debug][GraphsyncDAGSyncer] ~GraphsyncDAGSyncer CALLED
[2026-09-03 10:46:23][info][GlobalDB] GlobalDB shutdown finished
[2026-09-03 10:46:23.015204000][th:598999][error] GossipPubSub Address monitoring timer error: Operation canceled
[2026-09-03 10:46:24][debug][GlobalDB] ~GlobalDB CALLED with count 5 on CRDT.Datastore.TEST.unit_41696_1 
[2026-09-03 10:46:24][info][GlobalDB] GlobalDB shutdown start
[2026-09-03 10:46:24][info][CrdtDatastore] CancelAndCloseNow: begin (pending_jobs=0, self_queue=0, root_queue=0, pending_roots=0, active_root=false)
[2026-09-03 10:46:24][debug][GraphsyncDAGSyncer] Stopping Dagsyncer
[2026-09-03 10:46:24][debug][GraphsyncDAGSyncer] Dagsyncer Stopped
[2026-09-03 10:46:24][info][CrdtDatastore] CancelAndCloseNow: CRDT workers stopped
[2026-09-03 10:46:24][warning][CrdtDatastore] CancelAndCloseNow called but shutdown has already started
[2026-09-03 10:46:24][debug][GraphsyncDAGSyncer] ~GraphsyncDAGSyncer CALLED
[2026-09-03 10:46:24][info][GlobalDB] GlobalDB shutdown finished
[2026-09-03 10:46:24.493020000][th:597419][error] GossipPubSub Address monitoring timer error: Operation canceled
[       OK ] FinalityFaultNetwork.RestartAtVoteCertificateAndMintDurableBoundariesRecoversExactlyOnce (55011 ms)
[----------] 1 test from FinalityFaultNetwork (55011 ms total)

[----------] Global test environment tear-down
[==========] 1 test from 1 test suite ran. (55011 ms total)
[  PASSED  ] 1 test.
