# pre-run 1-min load: 10:42  up  2:50, 7 users, load averages: 3.90 3.75 3.40
Running main() from /Users/henriqueklein/gnus/thirdparty/GTest/googletest/src/gtest_main.cc
Note: Google Test filter = FinalityFaultNetwork.RestartAtVoteCertificateAndMintDurableBoundariesRecoversExactlyOnce
[==========] Running 1 test from 1 test suite.
[----------] Global test environment set-up.
[----------] 1 test from FinalityFaultNetwork
[ RUN      ] FinalityFaultNetwork.RestartAtVoteCertificateAndMintDurableBoundariesRecoversExactlyOnce
[2026-09-03 10:42:12][info][KeyPairFileStorage] Path to keypairs CRDT.Datastore.TEST/unit_test_40685_1
[2026-09-03 10:42:12][info][KeyPairFileStorage] Peer ID from public key: 12D3KooWP8NfaNdrQVc1rjjXVvSQ8Hmc7q5SAv1FrVyN6jo4PktG
Current limits: 1048576 (soft), 9223372036854775807 (hard)
New limits set successfully: 16384 (soft), 9223372036854775807 (hard)
Initialized relay addresses
[2026-09-03 10:42:12][info][GlobalDB] Opening database /Users/henriqueklein/gnus/SuperGenius/CRDT.Datastore.TEST.unit_40685_1
[2026-09-03 10:42:12][debug][GraphsyncDAGSyncer] GraphSyncer created 5098717608 
[2026-09-03 10:42:12][info][CrdtDatastore] crdt Datastore created. Number of heads: 0 Current max-height: 0
[2026-09-03 10:42:12.833001000][th:585327][info] GossipPubSub /ip4/0.0.0.0/tcp/40001/p2p/12D3KooWP8NfaNdrQVc1rjjXVvSQ8Hmc7q5SAv1FrVyN6jo4PktG: Starting PubSub service
[2026-09-03 10:42:12.833066000][th:585360][info] GossipPubSub /ip4/0.0.0.0/tcp/40001/p2p/12D3KooWP8NfaNdrQVc1rjjXVvSQ8Hmc7q5SAv1FrVyN6jo4PktG: PubSub subscribed to topic 'CRDT.Datastore.TEST.Channel.3.7.144'
[2026-09-03 10:42:12.833089000][th:585360][info] GossipPubSub Starting address monitoring system for mobile network changes
[2026-09-03 10:42:12.833090000][th:585360][info] GossipPubSub === CURRENT NETWORK STATE ===
[2026-09-03 10:42:12.833097000][th:585360][info] GossipPubSub Primary listening address: /ip4/0.0.0.0/tcp/40001/p2p/12D3KooWP8NfaNdrQVc1rjjXVvSQ8Hmc7q5SAv1FrVyN6jo4PktG
[2026-09-03 10:42:12.833099000][th:585360][info] GossipPubSub Host peer info addresses (0):
[2026-09-03 10:42:12.833100000][th:585360][info] GossipPubSub Additional addresses we track (0):
[2026-09-03 10:42:12.833101000][th:585360][info] GossipPubSub Listening addresses (1):
[2026-09-03 10:42:12.833102000][th:585360][info] GossipPubSub   -> /ip4/0.0.0.0/tcp/40001/p2p/12D3KooWP8NfaNdrQVc1rjjXVvSQ8Hmc7q5SAv1FrVyN6jo4PktG
[2026-09-03 10:42:12.833103000][th:585360][info] GossipPubSub Interface addresses (0):
[2026-09-03 10:42:12.833103000][th:585360][info] GossipPubSub === RAW OBSERVED ADDRESS DEBUG ===
[2026-09-03 10:42:12.833105000][th:585360][info] GossipPubSub Local address: /ip4/0.0.0.0/tcp/40001/p2p/12D3KooWP8NfaNdrQVc1rjjXVvSQ8Hmc7q5SAv1FrVyN6jo4PktG -> 0 raw observed, 0 activated+confirmed
[2026-09-03 10:42:12.833106000][th:585360][info] GossipPubSub TOTAL: 0 raw observed addresses, 0 activated+confirmed addresses
[2026-09-03 10:42:12.833107000][th:585360][info] GossipPubSub === END RAW OBSERVED ADDRESS DEBUG ===
[2026-09-03 10:42:12.833108000][th:585360][info] GossipPubSub Observed addresses - all (0):
[2026-09-03 10:42:12.833109000][th:585360][info] GossipPubSub Observed addresses - confirmed only (0):
[2026-09-03 10:42:12.833110000][th:585360][info] GossipPubSub Relay addresses (0):
[2026-09-03 10:42:12.833113000][th:585360][warning] GossipPubSub Failed to get addresses from peer repository: not found
[2026-09-03 10:42:12.833291000][th:585360][info] GossipPubSub Found 1 valid network interfaces
[2026-09-03 10:42:12.833293000][th:585360][info] GossipPubSub Current network interfaces (1):
[2026-09-03 10:42:12.833294000][th:585360][info] GossipPubSub   -> 192.168.1.6
[2026-09-03 10:42:12.833295000][th:585360][info] GossipPubSub Active connections: 0
[2026-09-03 10:42:12.833295000][th:585360][info] GossipPubSub === PEER CONNECTION DETAILS ===
[2026-09-03 10:42:12.833296000][th:585360][info] GossipPubSub NOTE: Observed addresses need to be seen by 4+ different peer groups to become 'activated'
[2026-09-03 10:42:12.833297000][th:585360][info] GossipPubSub NOTE: Current connections: 0, so max possible observers: 0
[2026-09-03 10:42:12.833298000][th:585360][info] GossipPubSub === END PEER CONNECTION DETAILS ===
[2026-09-03 10:42:12.833298000][th:585360][info] GossipPubSub Connection manager stats:
[2026-09-03 10:42:12.833299000][th:585360][info] GossipPubSub   -> Max connections: 1000
[2026-09-03 10:42:12.833300000][th:585360][info] GossipPubSub   -> Current connections: 0
[2026-09-03 10:42:12.833301000][th:585360][info] GossipPubSub === END NETWORK STATE ===
[2026-09-03 10:42:12.833321000][th:585360][info] GossipPubSub /ip4/0.0.0.0/tcp/40001/p2p/12D3KooWP8NfaNdrQVc1rjjXVvSQ8Hmc7q5SAv1FrVyN6jo4PktG : PubSub service started
[2026-09-03 10:42:12][info][KeyPairFileStorage] Path to keypairs multi_node_finality_fault/restart-vote-validator-one/keypair
[2026-09-03 10:42:12][info][KeyPairFileStorage] Peer ID from public key: 12D3KooWCvJVdnRnas51vbT7JZYKqcYthQqKnVGC5YBQLvu1M9nD
Current limits: 16384 (soft), 9223372036854775807 (hard)
New limits set successfully: 16384 (soft), 9223372036854775807 (hard)
Initialized relay addresses
[2026-09-03 10:42:12.835281000][th:585327][info] GossipPubSub /ip4/0.0.0.0/tcp/54601/p2p/12D3KooWCvJVdnRnas51vbT7JZYKqcYthQqKnVGC5YBQLvu1M9nD: Starting PubSub service
[2026-09-03 10:42:12.835330000][th:585361][info] GossipPubSub Starting address monitoring system for mobile network changes
[2026-09-03 10:42:12.835332000][th:585361][info] GossipPubSub === CURRENT NETWORK STATE ===
[2026-09-03 10:42:12.835336000][th:585361][info] GossipPubSub Primary listening address: /ip4/0.0.0.0/tcp/54601/p2p/12D3KooWCvJVdnRnas51vbT7JZYKqcYthQqKnVGC5YBQLvu1M9nD
[2026-09-03 10:42:12.835337000][th:585361][info] GossipPubSub Host peer info addresses (0):
[2026-09-03 10:42:12.835337000][th:585361][info] GossipPubSub Additional addresses we track (0):
[2026-09-03 10:42:12.835338000][th:585361][info] GossipPubSub Listening addresses (1):
[2026-09-03 10:42:12.835339000][th:585361][info] GossipPubSub   -> /ip4/0.0.0.0/tcp/54601/p2p/12D3KooWCvJVdnRnas51vbT7JZYKqcYthQqKnVGC5YBQLvu1M9nD
[2026-09-03 10:42:12.835340000][th:585361][info] GossipPubSub Interface addresses (0):
[2026-09-03 10:42:12.835341000][th:585361][info] GossipPubSub === RAW OBSERVED ADDRESS DEBUG ===
[2026-09-03 10:42:12.835343000][th:585361][info] GossipPubSub Local address: /ip4/0.0.0.0/tcp/54601/p2p/12D3KooWCvJVdnRnas51vbT7JZYKqcYthQqKnVGC5YBQLvu1M9nD -> 0 raw observed, 0 activated+confirmed
[2026-09-03 10:42:12.835343000][th:585361][info] GossipPubSub TOTAL: 0 raw observed addresses, 0 activated+confirmed addresses
[2026-09-03 10:42:12.835347000][th:585361][info] GossipPubSub === END RAW OBSERVED ADDRESS DEBUG ===
[2026-09-03 10:42:12.835348000][th:585361][info] GossipPubSub Observed addresses - all (0):
[2026-09-03 10:42:12.835348000][th:585361][info] GossipPubSub Observed addresses - confirmed only (0):
[2026-09-03 10:42:12.835349000][th:585361][info] GossipPubSub Relay addresses (0):
[2026-09-03 10:42:12.835358000][th:585361][warning] GossipPubSub Failed to get addresses from peer repository: not found
[2026-09-03 10:42:12.835381000][th:585361][info] GossipPubSub Found 1 valid network interfaces
[2026-09-03 10:42:12.835383000][th:585361][info] GossipPubSub Current network interfaces (1):
[2026-09-03 10:42:12.835383000][th:585361][info] GossipPubSub   -> 192.168.1.6
[2026-09-03 10:42:12.835384000][th:585361][info] GossipPubSub Active connections: 0
[2026-09-03 10:42:12.835385000][th:585361][info] GossipPubSub === PEER CONNECTION DETAILS ===
[2026-09-03 10:42:12.835385000][th:585361][info] GossipPubSub NOTE: Observed addresses need to be seen by 4+ different peer groups to become 'activated'
[2026-09-03 10:42:12.835386000][th:585361][info] GossipPubSub NOTE: Current connections: 0, so max possible observers: 0
[2026-09-03 10:42:12.835387000][th:585361][info] GossipPubSub === END PEER CONNECTION DETAILS ===
[2026-09-03 10:42:12.835387000][th:585361][info] GossipPubSub Connection manager stats:
[2026-09-03 10:42:12.835388000][th:585361][info] GossipPubSub   -> Max connections: 1000
[2026-09-03 10:42:12.835389000][th:585361][info] GossipPubSub   -> Current connections: 0
[2026-09-03 10:42:12.835389000][th:585361][info] GossipPubSub === END NETWORK STATE ===
[2026-09-03 10:42:12.835555000][th:585361][info] GossipPubSub /ip4/0.0.0.0/tcp/54601/p2p/12D3KooWCvJVdnRnas51vbT7JZYKqcYthQqKnVGC5YBQLvu1M9nD : PubSub service started
[2026-09-03 10:42:12][info][GlobalDB] Opening database /Users/henriqueklein/gnus/SuperGenius/multi_node_finality_fault/restart-vote-validator-one/rocksdb
[2026-09-03 10:42:12][debug][GraphsyncDAGSyncer] GraphSyncer created 5098825784 
[2026-09-03 10:42:12][info][CrdtDatastore] crdt Datastore created. Number of heads: 0 Current max-height: 0
[2026-09-03 10:42:12][info][GeniusAccount] Secure storage ID path: /Users/henriqueklein/gnus/SuperGenius/multi_node_finality_fault/restart-vote-validator-one/account/secure_storage_id
[2026-09-03 10:42:12][error][GeniusAccount] Could not find existing Genius address, generating one from a random mnemonic
[2026-09-03 10:42:12][warning][UTXOManager] Found UTXOs in storage, but there were none
[2026-09-03 10:42:12][info][Blockchain] [a8f62ab3] Blockchain instance created with authorized full node: 8a33bdf1
[2026-09-03 10:42:12][error][ValidatorRegistry] InitializeCache: registry content not found during cache init
[2026-09-03 10:42:12][info][CRDTCallbackManager] Successfully registered new data callback for pattern: '/?gnus-validator-registry'
[2026-09-03 10:42:12][info][ValidatorRegistry] RegisterFilter: result=true
[2026-09-03 10:42:12][info][ValidatorRegistry] New: instance ready
[2026-09-03 10:42:12.868622000][th:585361][info] GossipPubSub /ip4/0.0.0.0/tcp/54601/p2p/12D3KooWCvJVdnRnas51vbT7JZYKqcYthQqKnVGC5YBQLvu1M9nD: PubSub subscribed to topic 'gnus-validator-registry.3.7.144'
[2026-09-03 10:42:12][info][CRDTCallbackManager] Successfully registered new data callback for pattern: '^/?cert/[^/]+'
[2026-09-03 10:42:12.868647000][th:585361][info] GossipPubSub /ip4/0.0.0.0/tcp/54601/p2p/12D3KooWCvJVdnRnas51vbT7JZYKqcYthQqKnVGC5YBQLvu1M9nD: PubSub subscribed to topic 'consensus-channel-.3.7.144'
[2026-09-03 10:42:12.868664000][th:585361][info] GossipPubSub /ip4/0.0.0.0/tcp/54601/p2p/12D3KooWCvJVdnRnas51vbT7JZYKqcYthQqKnVGC5YBQLvu1M9nD: PubSub subscribed to topic 'consensus-channel-.3.7.144#datastore.3.7.144'
[2026-09-03 10:42:12][warning][Blockchain] [a8f62ab3] Failed to request validator registry during blockchain init
[2026-09-03 10:42:12][info][CRDTCallbackManager] Successfully registered new data callback for pattern: '/?gnus-genesis-block'
[2026-09-03 10:42:12][info][CRDTCallbackManager] Successfully registered new data callback for pattern: '/?gnus-account-creation-.*'
[2026-09-03 10:42:12][info][CRDTCallbackManager] Successfully registered new data callback for pattern: '^/?/bc-144/tx/[^/]+'
[2026-09-03 10:42:12][info][CRDTCallbackManager] Successfully registered deleted data callback for pattern: '^/?/bc-144/tx/[^/]+'
[2026-09-03 10:42:12][info][CRDTCallbackManager] Successfully registered new data callback for pattern: '^/?/bc-963/tx/[^/]+'
[2026-09-03 10:42:12][info][CRDTCallbackManager] Successfully registered deleted data callback for pattern: '^/?/bc-963/tx/[^/]+'
[2026-09-03 10:42:12][info][CRDTCallbackManager] Successfully registered new data callback for pattern: '^/?/bc-369/tx/[^/]+'
[2026-09-03 10:42:12][info][CRDTCallbackManager] Successfully registered deleted data callback for pattern: '^/?/bc-369/tx/[^/]+'
[2026-09-03 10:42:12][info][KeyPairFileStorage] Path to keypairs multi_node_finality_fault/restart-vote-validator-two/keypair
[2026-09-03 10:42:12][info][KeyPairFileStorage] Peer ID from public key: 12D3KooWS7my92Bzps3Wims3hThKupKcz8HhHdc8cdTYe6Zcx2r6
Current limits: 16384 (soft), 9223372036854775807 (hard)
New limits set successfully: 16384 (soft), 9223372036854775807 (hard)
Initialized relay addresses
[2026-09-03 10:42:12.870488000][th:585327][info] GossipPubSub /ip4/0.0.0.0/tcp/54602/p2p/12D3KooWS7my92Bzps3Wims3hThKupKcz8HhHdc8cdTYe6Zcx2r6: Starting PubSub service
[2026-09-03 10:42:12.870538000][th:585382][info] GossipPubSub Starting address monitoring system for mobile network changes
[2026-09-03 10:42:12.870540000][th:585382][info] GossipPubSub === CURRENT NETWORK STATE ===
[2026-09-03 10:42:12.870546000][th:585382][info] GossipPubSub Primary listening address: /ip4/0.0.0.0/tcp/54602/p2p/12D3KooWS7my92Bzps3Wims3hThKupKcz8HhHdc8cdTYe6Zcx2r6
[2026-09-03 10:42:12.870547000][th:585382][info] GossipPubSub Host peer info addresses (0):
[2026-09-03 10:42:12.870547000][th:585382][info] GossipPubSub Additional addresses we track (0):
[2026-09-03 10:42:12.870548000][th:585382][info] GossipPubSub Listening addresses (1):
[2026-09-03 10:42:12.870549000][th:585382][info] GossipPubSub   -> /ip4/0.0.0.0/tcp/54602/p2p/12D3KooWS7my92Bzps3Wims3hThKupKcz8HhHdc8cdTYe6Zcx2r6
[2026-09-03 10:42:12.870550000][th:585382][info] GossipPubSub Interface addresses (0):
[2026-09-03 10:42:12.870550000][th:585382][info] GossipPubSub === RAW OBSERVED ADDRESS DEBUG ===
[2026-09-03 10:42:12.870552000][th:585382][info] GossipPubSub Local address: /ip4/0.0.0.0/tcp/54602/p2p/12D3KooWS7my92Bzps3Wims3hThKupKcz8HhHdc8cdTYe6Zcx2r6 -> 0 raw observed, 0 activated+confirmed
[2026-09-03 10:42:12.870553000][th:585382][info] GossipPubSub TOTAL: 0 raw observed addresses, 0 activated+confirmed addresses
[2026-09-03 10:42:12.870553000][th:585382][info] GossipPubSub === END RAW OBSERVED ADDRESS DEBUG ===
[2026-09-03 10:42:12.870554000][th:585382][info] GossipPubSub Observed addresses - all (0):
[2026-09-03 10:42:12.870555000][th:585382][info] GossipPubSub Observed addresses - confirmed only (0):
[2026-09-03 10:42:12.870555000][th:585382][info] GossipPubSub Relay addresses (0):
[2026-09-03 10:42:12.870557000][th:585382][warning] GossipPubSub Failed to get addresses from peer repository: not found
[2026-09-03 10:42:12.870589000][th:585382][info] GossipPubSub Found 1 valid network interfaces
[2026-09-03 10:42:12.870591000][th:585382][info] GossipPubSub Current network interfaces (1):
[2026-09-03 10:42:12.870591000][th:585382][info] GossipPubSub   -> 192.168.1.6
[2026-09-03 10:42:12.870592000][th:585382][info] GossipPubSub Active connections: 0
[2026-09-03 10:42:12.870593000][th:585382][info] GossipPubSub === PEER CONNECTION DETAILS ===
[2026-09-03 10:42:12.870594000][th:585382][info] GossipPubSub NOTE: Observed addresses need to be seen by 4+ different peer groups to become 'activated'
[2026-09-03 10:42:12.870595000][th:585382][info] GossipPubSub NOTE: Current connections: 0, so max possible observers: 0
[2026-09-03 10:42:12.870595000][th:585382][info] GossipPubSub === END PEER CONNECTION DETAILS ===
[2026-09-03 10:42:12.870596000][th:585382][info] GossipPubSub Connection manager stats:
[2026-09-03 10:42:12.870596000][th:585382][info] GossipPubSub   -> Max connections: 1000
[2026-09-03 10:42:12.870597000][th:585382][info] GossipPubSub   -> Current connections: 0
[2026-09-03 10:42:12.870598000][th:585382][info] GossipPubSub === END NETWORK STATE ===
[2026-09-03 10:42:12.870739000][th:585382][info] GossipPubSub /ip4/0.0.0.0/tcp/54602/p2p/12D3KooWS7my92Bzps3Wims3hThKupKcz8HhHdc8cdTYe6Zcx2r6 : PubSub service started
[2026-09-03 10:42:12][info][GlobalDB] Opening database /Users/henriqueklein/gnus/SuperGenius/multi_node_finality_fault/restart-vote-validator-two/rocksdb
[2026-09-03 10:42:12][debug][GraphsyncDAGSyncer] GraphSyncer created 4830823864 
[2026-09-03 10:42:12][info][CrdtDatastore] crdt Datastore created. Number of heads: 0 Current max-height: 0
[2026-09-03 10:42:12][info][GeniusAccount] Secure storage ID path: /Users/henriqueklein/gnus/SuperGenius/multi_node_finality_fault/restart-vote-validator-two/account/secure_storage_id
[2026-09-03 10:42:12][error][GeniusAccount] Could not find existing Genius address, generating one from a random mnemonic
[2026-09-03 10:42:12][warning][UTXOManager] Found UTXOs in storage, but there were none
[2026-09-03 10:42:12][info][Blockchain] [d3e0ef79] Blockchain instance created with authorized full node: 8a33bdf1
[2026-09-03 10:42:12][error][ValidatorRegistry] InitializeCache: registry content not found during cache init
[2026-09-03 10:42:12][info][CRDTCallbackManager] Successfully registered new data callback for pattern: '/?gnus-validator-registry'
[2026-09-03 10:42:12][info][ValidatorRegistry] RegisterFilter: result=true
[2026-09-03 10:42:12][info][ValidatorRegistry] New: instance ready
[2026-09-03 10:42:12.902821000][th:585382][info] GossipPubSub /ip4/0.0.0.0/tcp/54602/p2p/12D3KooWS7my92Bzps3Wims3hThKupKcz8HhHdc8cdTYe6Zcx2r6: PubSub subscribed to topic 'gnus-validator-registry.3.7.144'
[2026-09-03 10:42:12][info][CRDTCallbackManager] Successfully registered new data callback for pattern: '^/?cert/[^/]+'
[2026-09-03 10:42:12.902857000][th:585382][info] GossipPubSub /ip4/0.0.0.0/tcp/54602/p2p/12D3KooWS7my92Bzps3Wims3hThKupKcz8HhHdc8cdTYe6Zcx2r6: PubSub subscribed to topic 'consensus-channel-.3.7.144'
[2026-09-03 10:42:12][warning][Blockchain] [d3e0ef79] Failed to request validator registry during blockchain init
[2026-09-03 10:42:12][info][CRDTCallbackManager] Successfully registered new data callback for pattern: '/?gnus-genesis-block'
[2026-09-03 10:42:12][info][CRDTCallbackManager] Successfully registered new data callback for pattern: '/?gnus-account-creation-.*'
[2026-09-03 10:42:12][info][CRDTCallbackManager] Successfully registered new data callback for pattern: '^/?/bc-144/tx/[^/]+'
[2026-09-03 10:42:12][info][CRDTCallbackManager] Successfully registered deleted data callback for pattern: '^/?/bc-144/tx/[^/]+'
[2026-09-03 10:42:12][info][CRDTCallbackManager] Successfully registered new data callback for pattern: '^/?/bc-963/tx/[^/]+'
[2026-09-03 10:42:12][info][CRDTCallbackManager] Successfully registered deleted data callback for pattern: '^/?/bc-963/tx/[^/]+'
[2026-09-03 10:42:12][info][CRDTCallbackManager] Successfully registered new data callback for pattern: '^/?/bc-369/tx/[^/]+'
[2026-09-03 10:42:12][info][CRDTCallbackManager] Successfully registered deleted data callback for pattern: '^/?/bc-369/tx/[^/]+'
[2026-09-03 10:42:12.902902000][th:585382][info] GossipPubSub /ip4/0.0.0.0/tcp/54602/p2p/12D3KooWS7my92Bzps3Wims3hThKupKcz8HhHdc8cdTYe6Zcx2r6: PubSub subscribed to topic 'consensus-channel-.3.7.144#datastore.3.7.144'
[2026-09-03 10:42:12][info][KeyPairFileStorage] Path to keypairs multi_node_finality_fault/restart-vote-validator-three/keypair
[2026-09-03 10:42:12][info][KeyPairFileStorage] Peer ID from public key: 12D3KooWJ66qYpEZPrRHriBr8QjMnb7U73QuZh9SicviskGukaX2
Current limits: 16384 (soft), 9223372036854775807 (hard)
New limits set successfully: 16384 (soft), 9223372036854775807 (hard)
Initialized relay addresses
[2026-09-03 10:42:12.904778000][th:585327][info] GossipPubSub /ip4/0.0.0.0/tcp/54603/p2p/12D3KooWJ66qYpEZPrRHriBr8QjMnb7U73QuZh9SicviskGukaX2: Starting PubSub service
[2026-09-03 10:42:12.904828000][th:585404][info] GossipPubSub Starting address monitoring system for mobile network changes
[2026-09-03 10:42:12.904829000][th:585404][info] GossipPubSub === CURRENT NETWORK STATE ===
[2026-09-03 10:42:12.904835000][th:585404][info] GossipPubSub Primary listening address: /ip4/0.0.0.0/tcp/54603/p2p/12D3KooWJ66qYpEZPrRHriBr8QjMnb7U73QuZh9SicviskGukaX2
[2026-09-03 10:42:12.904836000][th:585404][info] GossipPubSub Host peer info addresses (0):
[2026-09-03 10:42:12.904837000][th:585404][info] GossipPubSub Additional addresses we track (0):
[2026-09-03 10:42:12.904838000][th:585404][info] GossipPubSub Listening addresses (1):
[2026-09-03 10:42:12.904839000][th:585404][info] GossipPubSub   -> /ip4/0.0.0.0/tcp/54603/p2p/12D3KooWJ66qYpEZPrRHriBr8QjMnb7U73QuZh9SicviskGukaX2
[2026-09-03 10:42:12.904839000][th:585404][info] GossipPubSub Interface addresses (0):
[2026-09-03 10:42:12.904840000][th:585404][info] GossipPubSub === RAW OBSERVED ADDRESS DEBUG ===
[2026-09-03 10:42:12.904842000][th:585404][info] GossipPubSub Local address: /ip4/0.0.0.0/tcp/54603/p2p/12D3KooWJ66qYpEZPrRHriBr8QjMnb7U73QuZh9SicviskGukaX2 -> 0 raw observed, 0 activated+confirmed
[2026-09-03 10:42:12.904843000][th:585404][info] GossipPubSub TOTAL: 0 raw observed addresses, 0 activated+confirmed addresses
[2026-09-03 10:42:12.904843000][th:585404][info] GossipPubSub === END RAW OBSERVED ADDRESS DEBUG ===
[2026-09-03 10:42:12.904844000][th:585404][info] GossipPubSub Observed addresses - all (0):
[2026-09-03 10:42:12.904845000][th:585404][info] GossipPubSub Observed addresses - confirmed only (0):
[2026-09-03 10:42:12.904846000][th:585404][info] GossipPubSub Relay addresses (0):
[2026-09-03 10:42:12.904847000][th:585404][warning] GossipPubSub Failed to get addresses from peer repository: not found
[2026-09-03 10:42:12.904878000][th:585404][info] GossipPubSub Found 1 valid network interfaces
[2026-09-03 10:42:12.904879000][th:585404][info] GossipPubSub Current network interfaces (1):
[2026-09-03 10:42:12.904880000][th:585404][info] GossipPubSub   -> 192.168.1.6
[2026-09-03 10:42:12.904881000][th:585404][info] GossipPubSub Active connections: 0
[2026-09-03 10:42:12.904882000][th:585404][info] GossipPubSub === PEER CONNECTION DETAILS ===
[2026-09-03 10:42:12.904882000][th:585404][info] GossipPubSub NOTE: Observed addresses need to be seen by 4+ different peer groups to become 'activated'
[2026-09-03 10:42:12.904883000][th:585404][info] GossipPubSub NOTE: Current connections: 0, so max possible observers: 0
[2026-09-03 10:42:12.904884000][th:585404][info] GossipPubSub === END PEER CONNECTION DETAILS ===
[2026-09-03 10:42:12.904884000][th:585404][info] GossipPubSub Connection manager stats:
[2026-09-03 10:42:12.904885000][th:585404][info] GossipPubSub   -> Max connections: 1000
[2026-09-03 10:42:12.904886000][th:585404][info] GossipPubSub   -> Current connections: 0
[2026-09-03 10:42:12.904887000][th:585404][info] GossipPubSub === END NETWORK STATE ===
[2026-09-03 10:42:12.905008000][th:585404][info] GossipPubSub /ip4/0.0.0.0/tcp/54603/p2p/12D3KooWJ66qYpEZPrRHriBr8QjMnb7U73QuZh9SicviskGukaX2 : PubSub service started
[2026-09-03 10:42:12][info][GlobalDB] Opening database /Users/henriqueklein/gnus/SuperGenius/multi_node_finality_fault/restart-vote-validator-three/rocksdb
[2026-09-03 10:42:12][debug][GraphsyncDAGSyncer] GraphSyncer created 4829791896 
[2026-09-03 10:42:12][info][CrdtDatastore] crdt Datastore created. Number of heads: 0 Current max-height: 0
[2026-09-03 10:42:12][info][GeniusAccount] Secure storage ID path: /Users/henriqueklein/gnus/SuperGenius/multi_node_finality_fault/restart-vote-validator-three/account/secure_storage_id
[2026-09-03 10:42:12][error][GeniusAccount] Could not find existing Genius address, generating one from a random mnemonic
[2026-09-03 10:42:12][warning][UTXOManager] Found UTXOs in storage, but there were none
[2026-09-03 10:42:12][info][Blockchain] [89d81082] Blockchain instance created with authorized full node: 8a33bdf1
[2026-09-03 10:42:12][error][ValidatorRegistry] InitializeCache: registry content not found during cache init
[2026-09-03 10:42:12][info][CRDTCallbackManager] Successfully registered new data callback for pattern: '/?gnus-validator-registry'
[2026-09-03 10:42:12][info][ValidatorRegistry] RegisterFilter: result=true
[2026-09-03 10:42:12][info][ValidatorRegistry] New: instance ready
[2026-09-03 10:42:12.936936000][th:585404][info] GossipPubSub /ip4/0.0.0.0/tcp/54603/p2p/12D3KooWJ66qYpEZPrRHriBr8QjMnb7U73QuZh9SicviskGukaX2: PubSub subscribed to topic 'gnus-validator-registry.3.7.144'
[2026-09-03 10:42:12][info][CRDTCallbackManager] Successfully registered new data callback for pattern: '^/?cert/[^/]+'
[2026-09-03 10:42:12.936957000][th:585404][info] GossipPubSub /ip4/0.0.0.0/tcp/54603/p2p/12D3KooWJ66qYpEZPrRHriBr8QjMnb7U73QuZh9SicviskGukaX2: PubSub subscribed to topic 'consensus-channel-.3.7.144'
[2026-09-03 10:42:12][warning][Blockchain] [89d81082] Failed to request validator registry during blockchain init
[2026-09-03 10:42:12][info][CRDTCallbackManager] Successfully registered new data callback for pattern: '/?gnus-genesis-block'
[2026-09-03 10:42:12][info][CRDTCallbackManager] Successfully registered new data callback for pattern: '/?gnus-account-creation-.*'
[2026-09-03 10:42:12.936980000][th:585404][info] GossipPubSub /ip4/0.0.0.0/tcp/54603/p2p/12D3KooWJ66qYpEZPrRHriBr8QjMnb7U73QuZh9SicviskGukaX2: PubSub subscribed to topic 'consensus-channel-.3.7.144#datastore.3.7.144'
[2026-09-03 10:42:12][info][CRDTCallbackManager] Successfully registered new data callback for pattern: '^/?/bc-144/tx/[^/]+'
[2026-09-03 10:42:12][info][CRDTCallbackManager] Successfully registered deleted data callback for pattern: '^/?/bc-144/tx/[^/]+'
[2026-09-03 10:42:12][info][CRDTCallbackManager] Successfully registered new data callback for pattern: '^/?/bc-963/tx/[^/]+'
[2026-09-03 10:42:12][info][CRDTCallbackManager] Successfully registered deleted data callback for pattern: '^/?/bc-963/tx/[^/]+'
[2026-09-03 10:42:12][info][CRDTCallbackManager] Successfully registered new data callback for pattern: '^/?/bc-369/tx/[^/]+'
[2026-09-03 10:42:12][info][CRDTCallbackManager] Successfully registered deleted data callback for pattern: '^/?/bc-369/tx/[^/]+'
[2026-09-03 10:42:12][info][KeyPairFileStorage] Path to keypairs multi_node_finality_fault/restart-vote-passive/keypair
[2026-09-03 10:42:12][info][KeyPairFileStorage] Peer ID from public key: 12D3KooW9qvHG1wURGYLjtgDU3S3Cc79CRaGzuyXGVnFiKPzmf9q
Current limits: 16384 (soft), 9223372036854775807 (hard)
New limits set successfully: 16384 (soft), 9223372036854775807 (hard)
Initialized relay addresses
[2026-09-03 10:42:12.938962000][th:585327][info] GossipPubSub /ip4/0.0.0.0/tcp/54604/p2p/12D3KooW9qvHG1wURGYLjtgDU3S3Cc79CRaGzuyXGVnFiKPzmf9q: Starting PubSub service
[2026-09-03 10:42:12.939021000][th:585425][info] GossipPubSub Starting address monitoring system for mobile network changes
[2026-09-03 10:42:12.939022000][th:585425][info] GossipPubSub === CURRENT NETWORK STATE ===
[2026-09-03 10:42:12.939028000][th:585425][info] GossipPubSub Primary listening address: /ip4/0.0.0.0/tcp/54604/p2p/12D3KooW9qvHG1wURGYLjtgDU3S3Cc79CRaGzuyXGVnFiKPzmf9q
[2026-09-03 10:42:12.939029000][th:585425][info] GossipPubSub Host peer info addresses (0):
[2026-09-03 10:42:12.939030000][th:585425][info] GossipPubSub Additional addresses we track (0):
[2026-09-03 10:42:12.939031000][th:585425][info] GossipPubSub Listening addresses (1):
[2026-09-03 10:42:12.939032000][th:585425][info] GossipPubSub   -> /ip4/0.0.0.0/tcp/54604/p2p/12D3KooW9qvHG1wURGYLjtgDU3S3Cc79CRaGzuyXGVnFiKPzmf9q
[2026-09-03 10:42:12.939032000][th:585425][info] GossipPubSub Interface addresses (0):
[2026-09-03 10:42:12.939033000][th:585425][info] GossipPubSub === RAW OBSERVED ADDRESS DEBUG ===
[2026-09-03 10:42:12.939035000][th:585425][info] GossipPubSub Local address: /ip4/0.0.0.0/tcp/54604/p2p/12D3KooW9qvHG1wURGYLjtgDU3S3Cc79CRaGzuyXGVnFiKPzmf9q -> 0 raw observed, 0 activated+confirmed
[2026-09-03 10:42:12.939036000][th:585425][info] GossipPubSub TOTAL: 0 raw observed addresses, 0 activated+confirmed addresses
[2026-09-03 10:42:12.939036000][th:585425][info] GossipPubSub === END RAW OBSERVED ADDRESS DEBUG ===
[2026-09-03 10:42:12.939037000][th:585425][info] GossipPubSub Observed addresses - all (0):
[2026-09-03 10:42:12.939038000][th:585425][info] GossipPubSub Observed addresses - confirmed only (0):
[2026-09-03 10:42:12.939039000][th:585425][info] GossipPubSub Relay addresses (0):
[2026-09-03 10:42:12.939041000][th:585425][warning] GossipPubSub Failed to get addresses from peer repository: not found
[2026-09-03 10:42:12.939072000][th:585425][info] GossipPubSub Found 1 valid network interfaces
[2026-09-03 10:42:12.939074000][th:585425][info] GossipPubSub Current network interfaces (1):
[2026-09-03 10:42:12.939075000][th:585425][info] GossipPubSub   -> 192.168.1.6
[2026-09-03 10:42:12.939075000][th:585425][info] GossipPubSub Active connections: 0
[2026-09-03 10:42:12.939076000][th:585425][info] GossipPubSub === PEER CONNECTION DETAILS ===
[2026-09-03 10:42:12.939077000][th:585425][info] GossipPubSub NOTE: Observed addresses need to be seen by 4+ different peer groups to become 'activated'
[2026-09-03 10:42:12.939078000][th:585425][info] GossipPubSub NOTE: Current connections: 0, so max possible observers: 0
[2026-09-03 10:42:12.939078000][th:585425][info] GossipPubSub === END PEER CONNECTION DETAILS ===
[2026-09-03 10:42:12.939079000][th:585425][info] GossipPubSub Connection manager stats:
[2026-09-03 10:42:12.939080000][th:585425][info] GossipPubSub   -> Max connections: 1000
[2026-09-03 10:42:12.939081000][th:585425][info] GossipPubSub   -> Current connections: 0
[2026-09-03 10:42:12.939081000][th:585425][info] GossipPubSub === END NETWORK STATE ===
[2026-09-03 10:42:12.939211000][th:585425][info] GossipPubSub /ip4/0.0.0.0/tcp/54604/p2p/12D3KooW9qvHG1wURGYLjtgDU3S3Cc79CRaGzuyXGVnFiKPzmf9q : PubSub service started
[2026-09-03 10:42:12][info][GlobalDB] Opening database /Users/henriqueklein/gnus/SuperGenius/multi_node_finality_fault/restart-vote-passive/rocksdb
[2026-09-03 10:42:12][debug][GraphsyncDAGSyncer] GraphSyncer created 4830918376 
[2026-09-03 10:42:12][info][CrdtDatastore] crdt Datastore created. Number of heads: 0 Current max-height: 0
[2026-09-03 10:42:12][info][GeniusAccount] Secure storage ID path: /Users/henriqueklein/gnus/SuperGenius/multi_node_finality_fault/restart-vote-passive/account/secure_storage_id
[2026-09-03 10:42:12][error][GeniusAccount] Could not find existing Genius address, generating one from a random mnemonic
[2026-09-03 10:42:12][warning][UTXOManager] Found UTXOs in storage, but there were none
[2026-09-03 10:42:12][info][Blockchain] [eaceb56b] Blockchain instance created with authorized full node: 8a33bdf1
[2026-09-03 10:42:12][error][ValidatorRegistry] InitializeCache: registry content not found during cache init
[2026-09-03 10:42:12][info][CRDTCallbackManager] Successfully registered new data callback for pattern: '/?gnus-validator-registry'
[2026-09-03 10:42:12][info][ValidatorRegistry] RegisterFilter: result=true
[2026-09-03 10:42:12][info][ValidatorRegistry] New: instance ready
[2026-09-03 10:42:12.980151000][th:585425][info] GossipPubSub /ip4/0.0.0.0/tcp/54604/p2p/12D3KooW9qvHG1wURGYLjtgDU3S3Cc79CRaGzuyXGVnFiKPzmf9q: PubSub subscribed to topic 'gnus-validator-registry.3.7.144'
[2026-09-03 10:42:12][info][CRDTCallbackManager] Successfully registered new data callback for pattern: '^/?cert/[^/]+'
[2026-09-03 10:42:12.980173000][th:585425][info] GossipPubSub /ip4/0.0.0.0/tcp/54604/p2p/12D3KooW9qvHG1wURGYLjtgDU3S3Cc79CRaGzuyXGVnFiKPzmf9q: PubSub subscribed to topic 'consensus-channel-.3.7.144'
[2026-09-03 10:42:12][warning][Blockchain] [eaceb56b] Failed to request validator registry during blockchain init
[2026-09-03 10:42:12][info][CRDTCallbackManager] Successfully registered new data callback for pattern: '/?gnus-genesis-block'
[2026-09-03 10:42:12.980196000][th:585425][info] GossipPubSub /ip4/0.0.0.0/tcp/54604/p2p/12D3KooW9qvHG1wURGYLjtgDU3S3Cc79CRaGzuyXGVnFiKPzmf9q: PubSub subscribed to topic 'consensus-channel-.3.7.144#datastore.3.7.144'
[2026-09-03 10:42:12][info][CRDTCallbackManager] Successfully registered new data callback for pattern: '/?gnus-account-creation-.*'
[2026-09-03 10:42:12][info][CRDTCallbackManager] Successfully registered new data callback for pattern: '^/?/bc-144/tx/[^/]+'
[2026-09-03 10:42:12][info][CRDTCallbackManager] Successfully registered deleted data callback for pattern: '^/?/bc-144/tx/[^/]+'
[2026-09-03 10:42:12][info][CRDTCallbackManager] Successfully registered new data callback for pattern: '^/?/bc-963/tx/[^/]+'
[2026-09-03 10:42:12][info][CRDTCallbackManager] Successfully registered deleted data callback for pattern: '^/?/bc-963/tx/[^/]+'
[2026-09-03 10:42:12][info][CRDTCallbackManager] Successfully registered new data callback for pattern: '^/?/bc-369/tx/[^/]+'
[2026-09-03 10:42:12][info][CRDTCallbackManager] Successfully registered deleted data callback for pattern: '^/?/bc-369/tx/[^/]+'
[2026-09-03 10:42:12][info][CrdtDatastore] Topics { name="gnus-validator-registry" }
[2026-09-03 10:42:12][info][CRDTCallbackManager] Executing callback for key '/gnus-validator-registry' matching pattern '/?gnus-validator-registry'
[2026-09-03 10:42:12][info][ValidatorRegistry] RegistryUpdateReceived: cache updated and initialized
[2026-09-03 10:42:12][debug][GraphsyncDAGSyncer] addNode: Added node QmdjXFD2u1pdR7DsKxG3VTWD2hcLoXy11NgMc23ASTxQrx on dagService 
[2026-09-03 10:42:12][info][ValidatorRegistry] StoreRegistryUpdate: stored registry update CID QmdjXFD2u1pdR7DsKxG3VTWD2hcLoXy11NgMc23ASTxQrx
[2026-09-03 10:42:12][info][ValidatorRegistry] StoreRegistryUpdate: success
[2026-09-03 10:42:12][info][CrdtDatastore] Topics { name="gnus-validator-registry" }
[2026-09-03 10:42:12][info][CRDTCallbackManager] Executing callback for key '/gnus-validator-registry' matching pattern '/?gnus-validator-registry'
[2026-09-03 10:42:12][info][ValidatorRegistry] RegistryUpdateReceived: cache updated and initialized
[2026-09-03 10:42:12][debug][GraphsyncDAGSyncer] addNode: Added node QmdjXFD2u1pdR7DsKxG3VTWD2hcLoXy11NgMc23ASTxQrx on dagService 
[2026-09-03 10:42:13][info][ValidatorRegistry] StoreRegistryUpdate: stored registry update CID QmdjXFD2u1pdR7DsKxG3VTWD2hcLoXy11NgMc23ASTxQrx
[2026-09-03 10:42:13][info][ValidatorRegistry] StoreRegistryUpdate: success
[2026-09-03 10:42:13][info][CrdtDatastore] Topics { name="gnus-validator-registry" }
[2026-09-03 10:42:13][info][CRDTCallbackManager] Executing callback for key '/gnus-validator-registry' matching pattern '/?gnus-validator-registry'
[2026-09-03 10:42:13][info][ValidatorRegistry] RegistryUpdateReceived: cache updated and initialized
[2026-09-03 10:42:13][debug][GraphsyncDAGSyncer] addNode: Added node QmdjXFD2u1pdR7DsKxG3VTWD2hcLoXy11NgMc23ASTxQrx on dagService 
[2026-09-03 10:42:13][info][ValidatorRegistry] StoreRegistryUpdate: stored registry update CID QmdjXFD2u1pdR7DsKxG3VTWD2hcLoXy11NgMc23ASTxQrx
[2026-09-03 10:42:13][info][ValidatorRegistry] StoreRegistryUpdate: success
[2026-09-03 10:42:13][info][CrdtDatastore] Topics { name="gnus-validator-registry" }
[2026-09-03 10:42:13][info][CRDTCallbackManager] Executing callback for key '/gnus-validator-registry' matching pattern '/?gnus-validator-registry'
[2026-09-03 10:42:13][info][ValidatorRegistry] RegistryUpdateReceived: cache updated and initialized
[2026-09-03 10:42:13][debug][GraphsyncDAGSyncer] addNode: Added node QmdjXFD2u1pdR7DsKxG3VTWD2hcLoXy11NgMc23ASTxQrx on dagService 
[2026-09-03 10:42:13][info][ValidatorRegistry] StoreRegistryUpdate: stored registry update CID QmdjXFD2u1pdR7DsKxG3VTWD2hcLoXy11NgMc23ASTxQrx
[2026-09-03 10:42:13][info][ValidatorRegistry] StoreRegistryUpdate: success
[2026-09-03 10:42:13][info][TransactionManager] [a8f62ab3 - full: false] ChangeTransactionState: Temp tracking entry created tx=5f5f20033dde6a2e40ae4f152d3afce9553d5d897201451316a2edb30747f5ec
[2026-09-03 10:42:15][info][CRDTCallbackManager] Successfully unregistered new data callback for pattern: '^/?/bc-144/tx/[^/]+'
[2026-09-03 10:42:15][info][CRDTCallbackManager] Successfully unregistered deleted data callback for pattern: '^/?/bc-144/tx/[^/]+'
[2026-09-03 10:42:15][info][CRDTCallbackManager] Successfully unregistered new data callback for pattern: '^/?/bc-963/tx/[^/]+'
[2026-09-03 10:42:15][info][CRDTCallbackManager] Successfully unregistered deleted data callback for pattern: '^/?/bc-963/tx/[^/]+'
[2026-09-03 10:42:15][info][CRDTCallbackManager] Successfully unregistered new data callback for pattern: '^/?/bc-369/tx/[^/]+'
[2026-09-03 10:42:15][info][CRDTCallbackManager] Successfully unregistered deleted data callback for pattern: '^/?/bc-369/tx/[^/]+'
[2026-09-03 10:42:15][info][TransactionManager] [a8f62ab3 - full: false] ~TransactionManager: Metrics — cert_fallback(success=0 failure=0) validation(approve=1 reject=0) tracking(insert=1 confirm=0 fail=0)
[2026-09-03 10:42:15][info][Blockchain] [a8f62ab3] Stopping blockchain
[2026-09-03 10:42:15][info][CRDTCallbackManager] Successfully unregistered new data callback for pattern: '/?gnus-genesis-block'
[2026-09-03 10:42:15][info][CRDTCallbackManager] Successfully unregistered new data callback for pattern: '/?gnus-account-creation-.*'
[2026-09-03 10:42:15][info][CRDTCallbackManager] Successfully unregistered new data callback for pattern: '/?gnus-validator-registry'
[2026-09-03 10:42:15][debug][GlobalDB] ~GlobalDB CALLED with count 6 on multi_node_finality_fault/restart-vote-validator-one/rocksdb 
[2026-09-03 10:42:15][info][GlobalDB] GlobalDB shutdown start
[2026-09-03 10:42:15][info][CrdtDatastore] CancelAndCloseNow: begin (pending_jobs=0, self_queue=0, root_queue=0, pending_roots=0, active_root=false)
[2026-09-03 10:42:15][debug][GraphsyncDAGSyncer] Stopping Dagsyncer
[2026-09-03 10:42:15][debug][GraphsyncDAGSyncer] Dagsyncer Stopped
[2026-09-03 10:42:15][info][CrdtDatastore] CancelAndCloseNow: CRDT workers stopped
[2026-09-03 10:42:15][warning][CrdtDatastore] CancelAndCloseNow called but shutdown has already started
[2026-09-03 10:42:15][debug][GraphsyncDAGSyncer] ~GraphsyncDAGSyncer CALLED
[2026-09-03 10:42:15][info][GlobalDB] GlobalDB shutdown finished
[2026-09-03 10:42:15.908727000][th:585361][error] GossipPubSub Address monitoring timer error: Operation canceled
[2026-09-03 10:42:16][info][KeyPairFileStorage] Path to keypairs multi_node_finality_fault/restart-vote-validator-one/keypair
[2026-09-03 10:42:16][info][KeyPairFileStorage] Peer ID from public key: 12D3KooWCvJVdnRnas51vbT7JZYKqcYthQqKnVGC5YBQLvu1M9nD
Current limits: 16384 (soft), 9223372036854775807 (hard)
New limits set successfully: 16384 (soft), 9223372036854775807 (hard)
Initialized relay addresses
[2026-09-03 10:42:16.914235000][th:585327][info] GossipPubSub /ip4/0.0.0.0/tcp/54601/p2p/12D3KooWCvJVdnRnas51vbT7JZYKqcYthQqKnVGC5YBQLvu1M9nD: Starting PubSub service
[2026-09-03 10:42:16.914347000][th:585793][info] GossipPubSub Starting address monitoring system for mobile network changes
[2026-09-03 10:42:16.914349000][th:585793][info] GossipPubSub === CURRENT NETWORK STATE ===
[2026-09-03 10:42:16.914360000][th:585793][info] GossipPubSub Primary listening address: /ip4/0.0.0.0/tcp/54601/p2p/12D3KooWCvJVdnRnas51vbT7JZYKqcYthQqKnVGC5YBQLvu1M9nD
[2026-09-03 10:42:16.914361000][th:585793][info] GossipPubSub Host peer info addresses (0):
[2026-09-03 10:42:16.914363000][th:585793][info] GossipPubSub Additional addresses we track (0):
[2026-09-03 10:42:16.914364000][th:585793][info] GossipPubSub Listening addresses (1):
[2026-09-03 10:42:16.914365000][th:585793][info] GossipPubSub   -> /ip4/0.0.0.0/tcp/54601/p2p/12D3KooWCvJVdnRnas51vbT7JZYKqcYthQqKnVGC5YBQLvu1M9nD
[2026-09-03 10:42:16.914366000][th:585793][info] GossipPubSub Interface addresses (0):
[2026-09-03 10:42:16.914367000][th:585793][info] GossipPubSub === RAW OBSERVED ADDRESS DEBUG ===
[2026-09-03 10:42:16.914370000][th:585793][info] GossipPubSub Local address: /ip4/0.0.0.0/tcp/54601/p2p/12D3KooWCvJVdnRnas51vbT7JZYKqcYthQqKnVGC5YBQLvu1M9nD -> 0 raw observed, 0 activated+confirmed
[2026-09-03 10:42:16.914372000][th:585793][info] GossipPubSub TOTAL: 0 raw observed addresses, 0 activated+confirmed addresses
[2026-09-03 10:42:16.914372000][th:585793][info] GossipPubSub === END RAW OBSERVED ADDRESS DEBUG ===
[2026-09-03 10:42:16.914373000][th:585793][info] GossipPubSub Observed addresses - all (0):
[2026-09-03 10:42:16.914374000][th:585793][info] GossipPubSub Observed addresses - confirmed only (0):
[2026-09-03 10:42:16.914375000][th:585793][info] GossipPubSub Relay addresses (0):
[2026-09-03 10:42:16.914378000][th:585793][warning] GossipPubSub Failed to get addresses from peer repository: not found
[2026-09-03 10:42:16.914430000][th:585793][info] GossipPubSub Found 1 valid network interfaces
[2026-09-03 10:42:16.914432000][th:585793][info] GossipPubSub Current network interfaces (1):
[2026-09-03 10:42:16.914433000][th:585793][info] GossipPubSub   -> 192.168.1.6
[2026-09-03 10:42:16.914434000][th:585793][info] GossipPubSub Active connections: 0
[2026-09-03 10:42:16.914435000][th:585793][info] GossipPubSub === PEER CONNECTION DETAILS ===
[2026-09-03 10:42:16.914436000][th:585793][info] GossipPubSub NOTE: Observed addresses need to be seen by 4+ different peer groups to become 'activated'
[2026-09-03 10:42:16.914437000][th:585793][info] GossipPubSub NOTE: Current connections: 0, so max possible observers: 0
[2026-09-03 10:42:16.914439000][th:585793][info] GossipPubSub === END PEER CONNECTION DETAILS ===
[2026-09-03 10:42:16.914439000][th:585793][info] GossipPubSub Connection manager stats:
[2026-09-03 10:42:16.914440000][th:585793][info] GossipPubSub   -> Max connections: 1000
[2026-09-03 10:42:16.914441000][th:585793][info] GossipPubSub   -> Current connections: 0
[2026-09-03 10:42:16.914442000][th:585793][info] GossipPubSub === END NETWORK STATE ===
[2026-09-03 10:42:16.914653000][th:585793][info] GossipPubSub /ip4/0.0.0.0/tcp/54601/p2p/12D3KooWCvJVdnRnas51vbT7JZYKqcYthQqKnVGC5YBQLvu1M9nD : PubSub service started
[2026-09-03 10:42:16][info][GlobalDB] Opening database /Users/henriqueklein/gnus/SuperGenius/multi_node_finality_fault/restart-vote-validator-one/rocksdb
[2026-09-03 10:42:16][debug][GraphsyncDAGSyncer] GraphSyncer created 4830957256 
[2026-09-03 10:42:16][info][CrdtDatastore] crdt Datastore created. Number of heads: 1 Current max-height: 1
[2026-09-03 10:42:16][info][GeniusAccount] Secure storage ID path: /Users/henriqueklein/gnus/SuperGenius/multi_node_finality_fault/restart-vote-validator-one/account/secure_storage_id
[2026-09-03 10:42:16][info][GeniusAccount] Loaded public key from file: a8f62ab32d37a1bc... (length: 128)
[2026-09-03 10:42:16][info][GeniusAccount] Successfully loaded key_seed from storage
[2026-09-03 10:42:16][info][GeniusAccount] Validation successful: key_seed matches stored public key
[2026-09-03 10:42:16][warning][UTXOManager] Found UTXOs in storage, but there were none
[2026-09-03 10:42:16][info][Blockchain] [a8f62ab3] Blockchain instance created with authorized full node: 8a33bdf1
[2026-09-03 10:42:16][info][ValidatorRegistry] InitializeCache: cache initialized with CID QmdjXFD2u1pdR7DsKxG3VTWD2hcLoXy11NgMc23ASTxQrx
[2026-09-03 10:42:16][info][CRDTCallbackManager] Successfully registered new data callback for pattern: '/?gnus-validator-registry'
[2026-09-03 10:42:16][info][ValidatorRegistry] RegisterFilter: result=true
[2026-09-03 10:42:16][info][ValidatorRegistry] New: instance ready
[2026-09-03 10:42:16.943713000][th:585793][info] GossipPubSub /ip4/0.0.0.0/tcp/54601/p2p/12D3KooWCvJVdnRnas51vbT7JZYKqcYthQqKnVGC5YBQLvu1M9nD: PubSub subscribed to topic 'gnus-validator-registry.3.7.144'
[2026-09-03 10:42:16.943736000][th:585793][info] GossipPubSub /ip4/0.0.0.0/tcp/54601/p2p/12D3KooWCvJVdnRnas51vbT7JZYKqcYthQqKnVGC5YBQLvu1M9nD: PubSub subscribed to topic 'consensus-channel-.3.7.144'
[2026-09-03 10:42:16][info][CRDTCallbackManager] Successfully registered new data callback for pattern: '^/?cert/[^/]+'
[2026-09-03 10:42:16.945098000][th:585793][info] GossipPubSub /ip4/0.0.0.0/tcp/54601/p2p/12D3KooWCvJVdnRnas51vbT7JZYKqcYthQqKnVGC5YBQLvu1M9nD: PubSub subscribed to topic 'consensus-channel-.3.7.144#datastore.3.7.144'
[2026-09-03 10:42:16][info][CRDTCallbackManager] Successfully registered new data callback for pattern: '/?gnus-genesis-block'
[2026-09-03 10:42:16][info][CRDTCallbackManager] Successfully registered new data callback for pattern: '/?gnus-account-creation-.*'
[2026-09-03 10:42:16][info][CRDTCallbackManager] Successfully registered new data callback for pattern: '^/?/bc-144/tx/[^/]+'
[2026-09-03 10:42:16][info][CRDTCallbackManager] Successfully registered deleted data callback for pattern: '^/?/bc-144/tx/[^/]+'
[2026-09-03 10:42:16][info][CRDTCallbackManager] Successfully registered new data callback for pattern: '^/?/bc-963/tx/[^/]+'
[2026-09-03 10:42:16][info][CRDTCallbackManager] Successfully registered deleted data callback for pattern: '^/?/bc-963/tx/[^/]+'
[2026-09-03 10:42:16][info][CRDTCallbackManager] Successfully registered new data callback for pattern: '^/?/bc-369/tx/[^/]+'
[2026-09-03 10:42:16][info][CRDTCallbackManager] Successfully registered deleted data callback for pattern: '^/?/bc-369/tx/[^/]+'
[2026-09-03 10:42:16.946454000][th:585793][info] GossipPubSub Adding new peer: 12D3KooWS7my92Bzps3Wims3hThKupKcz8HhHdc8cdTYe6Zcx2r6
[2026-09-03 10:42:16.946539000][th:585793][info] GossipPubSub Adding new peer: 12D3KooWJ66qYpEZPrRHriBr8QjMnb7U73QuZh9SicviskGukaX2
[2026-09-03 10:42:16.946596000][th:585793][info] GossipPubSub Adding new peer: 12D3KooW9qvHG1wURGYLjtgDU3S3Cc79CRaGzuyXGVnFiKPzmf9q
[2026-09-03 10:42:16.946631000][th:585382][info] GossipPubSub Adding new peer: 12D3KooWCvJVdnRnas51vbT7JZYKqcYthQqKnVGC5YBQLvu1M9nD
[2026-09-03 10:42:16.946705000][th:585382][info] GossipPubSub Adding new peer: 12D3KooWJ66qYpEZPrRHriBr8QjMnb7U73QuZh9SicviskGukaX2
[2026-09-03 10:42:16.946763000][th:585382][info] GossipPubSub Adding new peer: 12D3KooW9qvHG1wURGYLjtgDU3S3Cc79CRaGzuyXGVnFiKPzmf9q
[2026-09-03 10:42:16.946791000][th:585404][info] GossipPubSub Adding new peer: 12D3KooWCvJVdnRnas51vbT7JZYKqcYthQqKnVGC5YBQLvu1M9nD
[2026-09-03 10:42:16.946848000][th:585404][info] GossipPubSub Adding new peer: 12D3KooWS7my92Bzps3Wims3hThKupKcz8HhHdc8cdTYe6Zcx2r6
[2026-09-03 10:42:16.946901000][th:585404][info] GossipPubSub Adding new peer: 12D3KooW9qvHG1wURGYLjtgDU3S3Cc79CRaGzuyXGVnFiKPzmf9q
[2026-09-03 10:42:16.946943000][th:585425][info] GossipPubSub Adding new peer: 12D3KooWCvJVdnRnas51vbT7JZYKqcYthQqKnVGC5YBQLvu1M9nD
[2026-09-03 10:42:16.946994000][th:585425][info] GossipPubSub Adding new peer: 12D3KooWS7my92Bzps3Wims3hThKupKcz8HhHdc8cdTYe6Zcx2r6
[2026-09-03 10:42:16.947046000][th:585425][info] GossipPubSub Adding new peer: 12D3KooWJ66qYpEZPrRHriBr8QjMnb7U73QuZh9SicviskGukaX2
[2026-09-03 10:42:16][info][TransactionManager] [a8f62ab3 - full: false] ChangeTransactionState: Temp tracking entry created tx=5f5f20033dde6a2e40ae4f152d3afce9553d5d897201451316a2edb30747f5ec
[2026-09-03 10:42:17][info][TransactionManager] [89d81082 - full: false] ChangeTransactionState: Temp tracking entry created tx=5f5f20033dde6a2e40ae4f152d3afce9553d5d897201451316a2edb30747f5ec
[2026-09-03 10:42:17][info][TransactionManager] [eaceb56b - full: false] ChangeTransactionState: Temp tracking entry created tx=5f5f20033dde6a2e40ae4f152d3afce9553d5d897201451316a2edb30747f5ec
[2026-09-03 10:42:17][info][TransactionManager] [d3e0ef79 - full: false] ChangeTransactionState: Temp tracking entry created tx=5f5f20033dde6a2e40ae4f152d3afce9553d5d897201451316a2edb30747f5ec
[2026-09-03 10:42:21][info][CrdtDatastore] Topics { name="consensus-channel-.3.7.144#datastore" }
[2026-09-03 10:42:21][info][CRDTCallbackManager] Executing callback for key '/cert/mint-v2:test:0000000000000000000000000000000000000000000000000000000000000000:42:a8f62ab32d37a1bc86a2b37bb7de3a0bb7108fb184a8209ef1271bf19d1a75f0e2eafe0d58868242f44d81e8bb0148080d983956a39ca1e9c403b5952c97cbfd:cccccccccccccccccccccccccccccccccccccccccccccccccccccccccccccccc' matching pattern '^/?cert/[^/]+'
[2026-09-03 10:42:21][debug][GraphsyncDAGSyncer] addNode: Added node QmWjui9nxmskNpg6GwX2gZYh6RStEgGzNeARZg5jG7n6Bt on dagService 
[2026-09-03 10:42:21][info][UTXOManager] Stored 1 UTXOs for address a8f62ab32d37a1bc86a2b37bb7de3a0bb7108fb184a8209ef1271bf19d1a75f0e2eafe0d58868242f44d81e8bb0148080d983956a39ca1e9c403b5952c97cbfd
[2026-09-03 10:42:21][info][UTXOManager] Stored 2 UTXOs for address a8f62ab32d37a1bc86a2b37bb7de3a0bb7108fb184a8209ef1271bf19d1a75f0e2eafe0d58868242f44d81e8bb0148080d983956a39ca1e9c403b5952c97cbfd
[2026-09-03 10:42:21][warning][TransactionManager] [89d81082 - full: false] Mint-v2 5f5f20033dde6a2e40ae4f152d3afce9553d5d897201451316a2edb30747f5ec did not consume every burn input (already consumed or missing); burn outpoint metadata may have been rebuilt with zero amount
[2026-09-03 10:42:21][info][TransactionManager] [89d81082 - full: false] Created tokens (mint-v2), amount 42 balance 0
[2026-09-03 10:42:21][info][TransactionManager] [89d81082 - full: false] ChangeTransactionState: Tracking entry confirmed tx=5f5f20033dde6a2e40ae4f152d3afce9553d5d897201451316a2edb30747f5ec
[2026-09-03 10:42:21][info][UTXOManager] Created checkpoint owner=89d81082176a1efead0fa06d6f4bde9eabc4081007b1fa0240a71a7aca739ddde4c0dd1e9377fcd18041b6a0de6761187260f1b572aab798ae3f8b2f66a87d11 epoch=1 utxo_count=0
[2026-09-03 10:42:21][debug][GraphsyncDAGSyncer] Registered new peer 12D3KooWJ66qYpEZPrRHriBr8QjMnb7U73QuZh9SicviskGukaX2 with key 0
[2026-09-03 10:42:21][debug][GraphsyncDAGSyncer] Added route for CID QmWjui9nxmskNpg6GwX2gZYh6RStEgGzNeARZg5jG7n6Bt to peer 12D3KooWJ66qYpEZPrRHriBr8QjMnb7U73QuZh9SicviskGukaX2 (key 0, route_count=1)
[2026-09-03 10:42:21][debug][GraphsyncDAGSyncer] Registered new peer 12D3KooWJ66qYpEZPrRHriBr8QjMnb7U73QuZh9SicviskGukaX2 with key 0
[2026-09-03 10:42:21][debug][GraphsyncDAGSyncer] Added route for CID QmWjui9nxmskNpg6GwX2gZYh6RStEgGzNeARZg5jG7n6Bt to peer 12D3KooWJ66qYpEZPrRHriBr8QjMnb7U73QuZh9SicviskGukaX2 (key 0, route_count=1)
[2026-09-03 10:42:21][debug][GraphsyncDAGSyncer] Registered new peer 12D3KooWJ66qYpEZPrRHriBr8QjMnb7U73QuZh9SicviskGukaX2 with key 0
[2026-09-03 10:42:21][debug][GraphsyncDAGSyncer] Added route for CID QmWjui9nxmskNpg6GwX2gZYh6RStEgGzNeARZg5jG7n6Bt to peer 12D3KooWJ66qYpEZPrRHriBr8QjMnb7U73QuZh9SicviskGukaX2 (key 0, route_count=1)
[2026-09-03 10:42:22][debug][GraphsyncDAGSyncer] Block initialized without content to LRU cache: CID QmWjui9nxmskNpg6GwX2gZYh6RStEgGzNeARZg5jG7n6Bt, cache size: 1
[2026-09-03 10:42:22][debug][GraphsyncDAGSyncer] Requesting Node QmWjui9nxmskNpg6GwX2gZYh6RStEgGzNeARZg5jG7n6Bt on this 4830957256
[2026-09-03 10:42:22][debug][GraphsyncDAGSyncer] Return node for CID QmWjui9nxmskNpg6GwX2gZYh6RStEgGzNeARZg5jG7n6Bt instance=4829791896
[2026-09-03 10:42:22.003933000][th:585793][warning] graphsync Request 1 for CID QmWjui9nxmskNpg6GwX2gZYh6RStEgGzNeARZg5jG7n6Bt got RS_FULL_CONTENT but no blocks received yet
[2026-09-03 10:42:22][debug][GraphsyncDAGSyncer] request progress: code=FULL_CONTENT, extensions=(graphsync/response-metadata: 0x80) (graphsync/do-not-send-cids: 0x80) 
[2026-09-03 10:42:22][debug][GraphsyncDAGSyncer] HasBlock: false, cid: QmWjui9nxmskNpg6GwX2gZYh6RStEgGzNeARZg5jG7n6Bt
[2026-09-03 10:42:22][debug][GraphsyncDAGSyncer] Existing block updated in LRU cache: CID QmWjui9nxmskNpg6GwX2gZYh6RStEgGzNeARZg5jG7n6Bt
[2026-09-03 10:42:22][debug][GraphsyncDAGSyncer] Node added to dagService. CID: QmWjui9nxmskNpg6GwX2gZYh6RStEgGzNeARZg5jG7n6Bt, links: []
[2026-09-03 10:42:22][debug][GraphsyncDAGSyncer] Seeing if peer 12D3KooWJ66qYpEZPrRHriBr8QjMnb7U73QuZh9SicviskGukaX2 has links to AddRoute
[2026-09-03 10:42:22][info][GraphsyncDAGSyncer] TraverseCIDsLinks: Checking links on { cid="QmWjui9nxmskNpg6GwX2gZYh6RStEgGzNeARZg5jG7n6Bt", name="" }
[2026-09-03 10:42:22][info][GraphsyncDAGSyncer] TraverseCIDsLinks: Completed traversal. Links to fetch: 0, Visited: 0
[2026-09-03 10:42:22][debug][GraphsyncDAGSyncer] Block initialized without content to LRU cache: CID QmWjui9nxmskNpg6GwX2gZYh6RStEgGzNeARZg5jG7n6Bt, cache size: 1
[2026-09-03 10:42:22][debug][GraphsyncDAGSyncer] Requesting Node QmWjui9nxmskNpg6GwX2gZYh6RStEgGzNeARZg5jG7n6Bt on this 4830823864
[2026-09-03 10:42:22][debug][GraphsyncDAGSyncer] Return node for CID QmWjui9nxmskNpg6GwX2gZYh6RStEgGzNeARZg5jG7n6Bt instance=4829791896
[2026-09-03 10:42:22.024059000][th:585382][warning] graphsync Request 1 for CID QmWjui9nxmskNpg6GwX2gZYh6RStEgGzNeARZg5jG7n6Bt got RS_FULL_CONTENT but no blocks received yet
[2026-09-03 10:42:22][debug][GraphsyncDAGSyncer] request progress: code=FULL_CONTENT, extensions=(graphsync/response-metadata: 0x80) (graphsync/do-not-send-cids: 0x80) 
[2026-09-03 10:42:22][debug][GraphsyncDAGSyncer] HasBlock: false, cid: QmWjui9nxmskNpg6GwX2gZYh6RStEgGzNeARZg5jG7n6Bt
[2026-09-03 10:42:22][debug][GraphsyncDAGSyncer] Existing block updated in LRU cache: CID QmWjui9nxmskNpg6GwX2gZYh6RStEgGzNeARZg5jG7n6Bt
[2026-09-03 10:42:22][debug][GraphsyncDAGSyncer] Node added to dagService. CID: QmWjui9nxmskNpg6GwX2gZYh6RStEgGzNeARZg5jG7n6Bt, links: []
[2026-09-03 10:42:22][debug][GraphsyncDAGSyncer] Seeing if peer 12D3KooWJ66qYpEZPrRHriBr8QjMnb7U73QuZh9SicviskGukaX2 has links to AddRoute
[2026-09-03 10:42:22][info][GraphsyncDAGSyncer] TraverseCIDsLinks: Checking links on { cid="QmWjui9nxmskNpg6GwX2gZYh6RStEgGzNeARZg5jG7n6Bt", name="" }
[2026-09-03 10:42:22][info][GraphsyncDAGSyncer] TraverseCIDsLinks: Completed traversal. Links to fetch: 0, Visited: 0
[2026-09-03 10:42:22][debug][GraphsyncDAGSyncer] Return node for CID QmWjui9nxmskNpg6GwX2gZYh6RStEgGzNeARZg5jG7n6Bt instance=4830957256
[2026-09-03 10:42:22][debug][GraphsyncDAGSyncer] Block initialized without content to LRU cache: CID QmWjui9nxmskNpg6GwX2gZYh6RStEgGzNeARZg5jG7n6Bt, cache size: 1
[2026-09-03 10:42:22][debug][GraphsyncDAGSyncer] Requesting Node QmWjui9nxmskNpg6GwX2gZYh6RStEgGzNeARZg5jG7n6Bt on this 4830918376
[2026-09-03 10:42:22][debug][GraphsyncDAGSyncer] Return node for CID QmWjui9nxmskNpg6GwX2gZYh6RStEgGzNeARZg5jG7n6Bt instance=4830823864
[2026-09-03 10:42:22][info][CRDTCallbackManager] Executing callback for key '/cert/mint-v2:test:0000000000000000000000000000000000000000000000000000000000000000:42:a8f62ab32d37a1bc86a2b37bb7de3a0bb7108fb184a8209ef1271bf19d1a75f0e2eafe0d58868242f44d81e8bb0148080d983956a39ca1e9c403b5952c97cbfd:cccccccccccccccccccccccccccccccccccccccccccccccccccccccccccccccc' matching pattern '^/?cert/[^/]+'
[2026-09-03 10:42:22][debug][GraphsyncDAGSyncer] Return node for CID QmWjui9nxmskNpg6GwX2gZYh6RStEgGzNeARZg5jG7n6Bt instance=4829791896
[2026-09-03 10:42:22.125473000][th:585425][warning] graphsync Request 1 for CID QmWjui9nxmskNpg6GwX2gZYh6RStEgGzNeARZg5jG7n6Bt got RS_FULL_CONTENT but no blocks received yet
[2026-09-03 10:42:22][debug][GraphsyncDAGSyncer] request progress: code=FULL_CONTENT, extensions=(graphsync/response-metadata: 0x80) (graphsync/do-not-send-cids: 0x80) 
[2026-09-03 10:42:22][debug][GraphsyncDAGSyncer] HasBlock: false, cid: QmWjui9nxmskNpg6GwX2gZYh6RStEgGzNeARZg5jG7n6Bt
[2026-09-03 10:42:22][debug][GraphsyncDAGSyncer] Existing block updated in LRU cache: CID QmWjui9nxmskNpg6GwX2gZYh6RStEgGzNeARZg5jG7n6Bt
[2026-09-03 10:42:22][debug][GraphsyncDAGSyncer] Node added to dagService. CID: QmWjui9nxmskNpg6GwX2gZYh6RStEgGzNeARZg5jG7n6Bt, links: []
[2026-09-03 10:42:22][debug][GraphsyncDAGSyncer] Seeing if peer 12D3KooWJ66qYpEZPrRHriBr8QjMnb7U73QuZh9SicviskGukaX2 has links to AddRoute
[2026-09-03 10:42:22][info][GraphsyncDAGSyncer] TraverseCIDsLinks: Checking links on { cid="QmWjui9nxmskNpg6GwX2gZYh6RStEgGzNeARZg5jG7n6Bt", name="" }
[2026-09-03 10:42:22][info][GraphsyncDAGSyncer] TraverseCIDsLinks: Completed traversal. Links to fetch: 0, Visited: 0
[2026-09-03 10:42:22][debug][GraphsyncDAGSyncer] addNode: Added node QmWjui9nxmskNpg6GwX2gZYh6RStEgGzNeARZg5jG7n6Bt on dagService 
[2026-09-03 10:42:22][debug][GraphsyncDAGSyncer] Block removed from LRU cache: CID QmWjui9nxmskNpg6GwX2gZYh6RStEgGzNeARZg5jG7n6Bt
[2026-09-03 10:42:22][info][CRDTCallbackManager] Executing callback for key '/cert/mint-v2:test:0000000000000000000000000000000000000000000000000000000000000000:42:a8f62ab32d37a1bc86a2b37bb7de3a0bb7108fb184a8209ef1271bf19d1a75f0e2eafe0d58868242f44d81e8bb0148080d983956a39ca1e9c403b5952c97cbfd:cccccccccccccccccccccccccccccccccccccccccccccccccccccccccccccccc' matching pattern '^/?cert/[^/]+'
[2026-09-03 10:42:22][debug][GraphsyncDAGSyncer] addNode: Added node QmWjui9nxmskNpg6GwX2gZYh6RStEgGzNeARZg5jG7n6Bt on dagService 
[2026-09-03 10:42:22][debug][GraphsyncDAGSyncer] Block removed from LRU cache: CID QmWjui9nxmskNpg6GwX2gZYh6RStEgGzNeARZg5jG7n6Bt
[2026-09-03 10:42:22][debug][GraphsyncDAGSyncer] Return node for CID QmWjui9nxmskNpg6GwX2gZYh6RStEgGzNeARZg5jG7n6Bt instance=4830918376
[2026-09-03 10:42:22][info][CRDTCallbackManager] Executing callback for key '/cert/mint-v2:test:0000000000000000000000000000000000000000000000000000000000000000:42:a8f62ab32d37a1bc86a2b37bb7de3a0bb7108fb184a8209ef1271bf19d1a75f0e2eafe0d58868242f44d81e8bb0148080d983956a39ca1e9c403b5952c97cbfd:cccccccccccccccccccccccccccccccccccccccccccccccccccccccccccccccc' matching pattern '^/?cert/[^/]+'
[2026-09-03 10:42:22][debug][GraphsyncDAGSyncer] addNode: Added node QmWjui9nxmskNpg6GwX2gZYh6RStEgGzNeARZg5jG7n6Bt on dagService 
[2026-09-03 10:42:22][debug][GraphsyncDAGSyncer] Block removed from LRU cache: CID QmWjui9nxmskNpg6GwX2gZYh6RStEgGzNeARZg5jG7n6Bt
[2026-09-03 10:42:22][info][UTXOManager] Stored 1 UTXOs for address a8f62ab32d37a1bc86a2b37bb7de3a0bb7108fb184a8209ef1271bf19d1a75f0e2eafe0d58868242f44d81e8bb0148080d983956a39ca1e9c403b5952c97cbfd
[2026-09-03 10:42:22][info][UTXOManager] Stored 1 UTXOs for address a8f62ab32d37a1bc86a2b37bb7de3a0bb7108fb184a8209ef1271bf19d1a75f0e2eafe0d58868242f44d81e8bb0148080d983956a39ca1e9c403b5952c97cbfd
[2026-09-03 10:42:22][info][UTXOManager] Stored 2 UTXOs for address a8f62ab32d37a1bc86a2b37bb7de3a0bb7108fb184a8209ef1271bf19d1a75f0e2eafe0d58868242f44d81e8bb0148080d983956a39ca1e9c403b5952c97cbfd
[2026-09-03 10:42:22][warning][TransactionManager] [eaceb56b - full: false] Mint-v2 5f5f20033dde6a2e40ae4f152d3afce9553d5d897201451316a2edb30747f5ec did not consume every burn input (already consumed or missing); burn outpoint metadata may have been rebuilt with zero amount
[2026-09-03 10:42:22][info][TransactionManager] [eaceb56b - full: false] Created tokens (mint-v2), amount 42 balance 0
[2026-09-03 10:42:22][info][UTXOManager] Stored 2 UTXOs for address a8f62ab32d37a1bc86a2b37bb7de3a0bb7108fb184a8209ef1271bf19d1a75f0e2eafe0d58868242f44d81e8bb0148080d983956a39ca1e9c403b5952c97cbfd
[2026-09-03 10:42:22][warning][TransactionManager] [a8f62ab3 - full: false] Mint-v2 5f5f20033dde6a2e40ae4f152d3afce9553d5d897201451316a2edb30747f5ec did not consume every burn input (already consumed or missing); burn outpoint metadata may have been rebuilt with zero amount
[2026-09-03 10:42:22][info][TransactionManager] [a8f62ab3 - full: false] Created tokens (mint-v2), amount 42 balance 42
[2026-09-03 10:42:22][info][TransactionManager] [eaceb56b - full: false] ChangeTransactionState: Tracking entry confirmed tx=5f5f20033dde6a2e40ae4f152d3afce9553d5d897201451316a2edb30747f5ec
[2026-09-03 10:42:22][info][TransactionManager] [a8f62ab3 - full: false] ChangeTransactionState: Tracking entry confirmed tx=5f5f20033dde6a2e40ae4f152d3afce9553d5d897201451316a2edb30747f5ec
[2026-09-03 10:42:22][info][UTXOManager] Stored 1 UTXOs for address a8f62ab32d37a1bc86a2b37bb7de3a0bb7108fb184a8209ef1271bf19d1a75f0e2eafe0d58868242f44d81e8bb0148080d983956a39ca1e9c403b5952c97cbfd
[2026-09-03 10:42:22][info][UTXOManager] Created checkpoint owner=eaceb56ba6ab70321f08fe337e96adcedd3aefac48ac65e8f64f89a4c3f33c7f82246dacbc73fddb092f092f0ff19465d9e8dc434337d4cb2abb476f094e59e2 epoch=1 utxo_count=0
[2026-09-03 10:42:22][info][UTXOManager] Stored 2 UTXOs for address a8f62ab32d37a1bc86a2b37bb7de3a0bb7108fb184a8209ef1271bf19d1a75f0e2eafe0d58868242f44d81e8bb0148080d983956a39ca1e9c403b5952c97cbfd
[2026-09-03 10:42:22][warning][TransactionManager] [d3e0ef79 - full: false] Mint-v2 5f5f20033dde6a2e40ae4f152d3afce9553d5d897201451316a2edb30747f5ec did not consume every burn input (already consumed or missing); burn outpoint metadata may have been rebuilt with zero amount
[2026-09-03 10:42:22][info][TransactionManager] [d3e0ef79 - full: false] Created tokens (mint-v2), amount 42 balance 0
[2026-09-03 10:42:22][info][UTXOManager] Created checkpoint owner=a8f62ab32d37a1bc86a2b37bb7de3a0bb7108fb184a8209ef1271bf19d1a75f0e2eafe0d58868242f44d81e8bb0148080d983956a39ca1e9c403b5952c97cbfd epoch=1 utxo_count=1
[2026-09-03 10:42:22][info][TransactionManager] [d3e0ef79 - full: false] ChangeTransactionState: Tracking entry confirmed tx=5f5f20033dde6a2e40ae4f152d3afce9553d5d897201451316a2edb30747f5ec
[2026-09-03 10:42:22][info][UTXOManager] Created checkpoint owner=d3e0ef79475d6f5c005d584df49b6f6a9092ea4734dc9120dd3f53c04e94ba507fa8438dc73779d71ca55fe911e1cade6ac43e1d39e0cc180b6e230b38e31ef0 epoch=1 utxo_count=0
[2026-09-03 10:42:22][info][CRDTCallbackManager] Successfully unregistered new data callback for pattern: '^/?/bc-144/tx/[^/]+'
[2026-09-03 10:42:22][info][CRDTCallbackManager] Successfully unregistered deleted data callback for pattern: '^/?/bc-144/tx/[^/]+'
[2026-09-03 10:42:22][info][CRDTCallbackManager] Successfully unregistered new data callback for pattern: '^/?/bc-963/tx/[^/]+'
[2026-09-03 10:42:22][info][CRDTCallbackManager] Successfully unregistered deleted data callback for pattern: '^/?/bc-963/tx/[^/]+'
[2026-09-03 10:42:22][info][CRDTCallbackManager] Successfully unregistered new data callback for pattern: '^/?/bc-369/tx/[^/]+'
[2026-09-03 10:42:22][info][CRDTCallbackManager] Successfully unregistered deleted data callback for pattern: '^/?/bc-369/tx/[^/]+'
[2026-09-03 10:42:22][info][TransactionManager] [a8f62ab3 - full: false] ~TransactionManager: Metrics — cert_fallback(success=0 failure=0) validation(approve=1 reject=0) tracking(insert=1 confirm=1 fail=0)
[2026-09-03 10:42:22][info][Blockchain] [a8f62ab3] Stopping blockchain
[2026-09-03 10:42:22][info][CRDTCallbackManager] Successfully unregistered new data callback for pattern: '/?gnus-genesis-block'
[2026-09-03 10:42:22][info][CRDTCallbackManager] Successfully unregistered new data callback for pattern: '/?gnus-account-creation-.*'
[2026-09-03 10:42:22][info][CRDTCallbackManager] Successfully unregistered new data callback for pattern: '/?gnus-validator-registry'
[2026-09-03 10:42:22][debug][GlobalDB] ~GlobalDB CALLED with count 6 on multi_node_finality_fault/restart-vote-validator-one/rocksdb 
[2026-09-03 10:42:22][info][GlobalDB] GlobalDB shutdown start
[2026-09-03 10:42:22][info][CrdtDatastore] CancelAndCloseNow: begin (pending_jobs=1, self_queue=0, root_queue=0, pending_roots=0, active_root=false)
[2026-09-03 10:42:22][debug][GraphsyncDAGSyncer] Stopping Dagsyncer
[2026-09-03 10:42:22][debug][GraphsyncDAGSyncer] Dagsyncer Stopped
[2026-09-03 10:42:22.741121000][th:585404][error] graphsync Varint Error msg=Stream: closed by remote peer
[2026-09-03 10:42:22.741127000][th:585404][info] graphsync stream read error, peer=u1M9nD, msg=stream is not readable
[2026-09-03 10:42:22.741201000][th:585793][error] graphsync Varint Error msg=Stream: closed by this host
[2026-09-03 10:42:23][info][CrdtDatastore] CancelAndCloseNow: CRDT workers stopped
[2026-09-03 10:42:23][warning][CrdtDatastore] CancelAndCloseNow called but shutdown has already started
[2026-09-03 10:42:23][debug][GraphsyncDAGSyncer] ~GraphsyncDAGSyncer CALLED
[2026-09-03 10:42:23][info][GlobalDB] GlobalDB shutdown finished
[2026-09-03 10:42:23.014013000][th:585793][error] GossipPubSub Address monitoring timer error: Operation canceled
[2026-09-03 10:42:24][info][KeyPairFileStorage] Path to keypairs multi_node_finality_fault/restart-vote-validator-one/keypair
[2026-09-03 10:42:24][info][KeyPairFileStorage] Peer ID from public key: 12D3KooWCvJVdnRnas51vbT7JZYKqcYthQqKnVGC5YBQLvu1M9nD
Current limits: 16384 (soft), 9223372036854775807 (hard)
New limits set successfully: 16384 (soft), 9223372036854775807 (hard)
Initialized relay addresses
[2026-09-03 10:42:24.028427000][th:585327][info] GossipPubSub /ip4/0.0.0.0/tcp/54601/p2p/12D3KooWCvJVdnRnas51vbT7JZYKqcYthQqKnVGC5YBQLvu1M9nD: Starting PubSub service
[2026-09-03 10:42:24.028625000][th:586430][info] GossipPubSub Starting address monitoring system for mobile network changes
[2026-09-03 10:42:24.028633000][th:586430][info] GossipPubSub === CURRENT NETWORK STATE ===
[2026-09-03 10:42:24.028651000][th:586430][info] GossipPubSub Primary listening address: /ip4/0.0.0.0/tcp/54601/p2p/12D3KooWCvJVdnRnas51vbT7JZYKqcYthQqKnVGC5YBQLvu1M9nD
[2026-09-03 10:42:24.028653000][th:586430][info] GossipPubSub Host peer info addresses (0):
[2026-09-03 10:42:24.028655000][th:586430][info] GossipPubSub Additional addresses we track (0):
[2026-09-03 10:42:24.028656000][th:586430][info] GossipPubSub Listening addresses (1):
[2026-09-03 10:42:24.028658000][th:586430][info] GossipPubSub   -> /ip4/0.0.0.0/tcp/54601/p2p/12D3KooWCvJVdnRnas51vbT7JZYKqcYthQqKnVGC5YBQLvu1M9nD
[2026-09-03 10:42:24.028660000][th:586430][info] GossipPubSub Interface addresses (0):
[2026-09-03 10:42:24.028661000][th:586430][info] GossipPubSub === RAW OBSERVED ADDRESS DEBUG ===
[2026-09-03 10:42:24.028664000][th:586430][info] GossipPubSub Local address: /ip4/0.0.0.0/tcp/54601/p2p/12D3KooWCvJVdnRnas51vbT7JZYKqcYthQqKnVGC5YBQLvu1M9nD -> 0 raw observed, 0 activated+confirmed
[2026-09-03 10:42:24.028666000][th:586430][info] GossipPubSub TOTAL: 0 raw observed addresses, 0 activated+confirmed addresses
[2026-09-03 10:42:24.028668000][th:586430][info] GossipPubSub === END RAW OBSERVED ADDRESS DEBUG ===
[2026-09-03 10:42:24.028669000][th:586430][info] GossipPubSub Observed addresses - all (0):
[2026-09-03 10:42:24.028670000][th:586430][info] GossipPubSub Observed addresses - confirmed only (0):
[2026-09-03 10:42:24.028671000][th:586430][info] GossipPubSub Relay addresses (0):
[2026-09-03 10:42:24.028676000][th:586430][warning] GossipPubSub Failed to get addresses from peer repository: not found
[2026-09-03 10:42:24.028774000][th:586430][info] GossipPubSub Found 1 valid network interfaces
[2026-09-03 10:42:24.028779000][th:586430][info] GossipPubSub Current network interfaces (1):
[2026-09-03 10:42:24.028780000][th:586430][info] GossipPubSub   -> 192.168.1.6
[2026-09-03 10:42:24.028782000][th:586430][info] GossipPubSub Active connections: 0
[2026-09-03 10:42:24.028783000][th:586430][info] GossipPubSub === PEER CONNECTION DETAILS ===
[2026-09-03 10:42:24.028784000][th:586430][info] GossipPubSub NOTE: Observed addresses need to be seen by 4+ different peer groups to become 'activated'
[2026-09-03 10:42:24.028785000][th:586430][info] GossipPubSub NOTE: Current connections: 0, so max possible observers: 0
[2026-09-03 10:42:24.028786000][th:586430][info] GossipPubSub === END PEER CONNECTION DETAILS ===
[2026-09-03 10:42:24.028789000][th:586430][info] GossipPubSub Connection manager stats:
[2026-09-03 10:42:24.028790000][th:586430][info] GossipPubSub   -> Max connections: 1000
[2026-09-03 10:42:24.028792000][th:586430][info] GossipPubSub   -> Current connections: 0
[2026-09-03 10:42:24.028793000][th:586430][info] GossipPubSub === END NETWORK STATE ===
[2026-09-03 10:42:24.029217000][th:586430][info] GossipPubSub /ip4/0.0.0.0/tcp/54601/p2p/12D3KooWCvJVdnRnas51vbT7JZYKqcYthQqKnVGC5YBQLvu1M9nD : PubSub service started
[2026-09-03 10:42:24][info][GlobalDB] Opening database /Users/henriqueklein/gnus/SuperGenius/multi_node_finality_fault/restart-vote-validator-one/rocksdb
[2026-09-03 10:42:24][debug][GraphsyncDAGSyncer] GraphSyncer created 4419781112 
[2026-09-03 10:42:24][info][CrdtDatastore] crdt Datastore created. Number of heads: 2 Current max-height: 18446744073709551615
[2026-09-03 10:42:24][info][GeniusAccount] Secure storage ID path: /Users/henriqueklein/gnus/SuperGenius/multi_node_finality_fault/restart-vote-validator-one/account/secure_storage_id
[2026-09-03 10:42:24][info][GeniusAccount] Loaded public key from file: a8f62ab32d37a1bc... (length: 128)
[2026-09-03 10:42:24][info][GeniusAccount] Successfully loaded key_seed from storage
[2026-09-03 10:42:24][info][GeniusAccount] Validation successful: key_seed matches stored public key
[2026-09-03 10:42:24][warning][UTXOManager] Skipping malformed UTXO key /utxo-checkpoint/a8f62ab32d37a1bc86a2b37bb7de3a0bb7108fb184a8209ef1271bf19d1a75f0e2eafe0d58868242f44d81e8bb0148080d983956a39ca1e9c403b5952c97cbfd/1
[2026-09-03 10:42:24][warning][UTXOManager] Skipping malformed UTXO key /utxo-checkpoint/a8f62ab32d37a1bc86a2b37bb7de3a0bb7108fb184a8209ef1271bf19d1a75f0e2eafe0d58868242f44d81e8bb0148080d983956a39ca1e9c403b5952c97cbfd/latest
[2026-09-03 10:42:24][info][Blockchain] [a8f62ab3] Blockchain instance created with authorized full node: 8a33bdf1
[2026-09-03 10:42:24][info][ValidatorRegistry] InitializeCache: cache initialized with CID QmdjXFD2u1pdR7DsKxG3VTWD2hcLoXy11NgMc23ASTxQrx
[2026-09-03 10:42:24][info][CRDTCallbackManager] Successfully registered new data callback for pattern: '/?gnus-validator-registry'
[2026-09-03 10:42:24][info][ValidatorRegistry] RegisterFilter: result=true
[2026-09-03 10:42:24][info][ValidatorRegistry] New: instance ready
[2026-09-03 10:42:24.060440000][th:586430][info] GossipPubSub /ip4/0.0.0.0/tcp/54601/p2p/12D3KooWCvJVdnRnas51vbT7JZYKqcYthQqKnVGC5YBQLvu1M9nD: PubSub subscribed to topic 'gnus-validator-registry.3.7.144'
[2026-09-03 10:42:24.060474000][th:586430][info] GossipPubSub /ip4/0.0.0.0/tcp/54601/p2p/12D3KooWCvJVdnRnas51vbT7JZYKqcYthQqKnVGC5YBQLvu1M9nD: PubSub subscribed to topic 'consensus-channel-.3.7.144'
[2026-09-03 10:42:24][info][CRDTCallbackManager] Successfully registered new data callback for pattern: '^/?cert/[^/]+'
[2026-09-03 10:42:24.060510000][th:586430][info] GossipPubSub /ip4/0.0.0.0/tcp/54601/p2p/12D3KooWCvJVdnRnas51vbT7JZYKqcYthQqKnVGC5YBQLvu1M9nD: PubSub subscribed to topic 'consensus-channel-.3.7.144#datastore.3.7.144'
[2026-09-03 10:42:24][info][CRDTCallbackManager] Successfully registered new data callback for pattern: '/?gnus-genesis-block'
[2026-09-03 10:42:24][info][CRDTCallbackManager] Successfully registered new data callback for pattern: '/?gnus-account-creation-.*'
[2026-09-03 10:42:24][info][CRDTCallbackManager] Successfully registered new data callback for pattern: '^/?/bc-144/tx/[^/]+'
[2026-09-03 10:42:24][info][CRDTCallbackManager] Successfully registered deleted data callback for pattern: '^/?/bc-144/tx/[^/]+'
[2026-09-03 10:42:24][info][CRDTCallbackManager] Successfully registered new data callback for pattern: '^/?/bc-963/tx/[^/]+'
[2026-09-03 10:42:24][info][CRDTCallbackManager] Successfully registered deleted data callback for pattern: '^/?/bc-963/tx/[^/]+'
[2026-09-03 10:42:24][info][CRDTCallbackManager] Successfully registered new data callback for pattern: '^/?/bc-369/tx/[^/]+'
[2026-09-03 10:42:24][info][CRDTCallbackManager] Successfully registered deleted data callback for pattern: '^/?/bc-369/tx/[^/]+'
[2026-09-03 10:42:24][info][CRDTCallbackManager] Successfully unregistered new data callback for pattern: '^/?/bc-144/tx/[^/]+'
[2026-09-03 10:42:24][info][CRDTCallbackManager] Successfully unregistered deleted data callback for pattern: '^/?/bc-144/tx/[^/]+'
[2026-09-03 10:42:24][info][CRDTCallbackManager] Successfully unregistered new data callback for pattern: '^/?/bc-963/tx/[^/]+'
[2026-09-03 10:42:24][info][CRDTCallbackManager] Successfully unregistered deleted data callback for pattern: '^/?/bc-963/tx/[^/]+'
[2026-09-03 10:42:24][info][CRDTCallbackManager] Successfully unregistered new data callback for pattern: '^/?/bc-369/tx/[^/]+'
[2026-09-03 10:42:24][info][CRDTCallbackManager] Successfully unregistered deleted data callback for pattern: '^/?/bc-369/tx/[^/]+'
[2026-09-03 10:42:24][info][TransactionManager] [d3e0ef79 - full: false] ~TransactionManager: Metrics — cert_fallback(success=0 failure=0) validation(approve=1 reject=0) tracking(insert=1 confirm=1 fail=0)
[2026-09-03 10:42:24][info][Blockchain] [d3e0ef79] Stopping blockchain
[2026-09-03 10:42:24][info][CRDTCallbackManager] Successfully unregistered new data callback for pattern: '/?gnus-genesis-block'
[2026-09-03 10:42:24][info][CRDTCallbackManager] Successfully unregistered new data callback for pattern: '/?gnus-account-creation-.*'
[2026-09-03 10:42:24][info][CRDTCallbackManager] Successfully unregistered new data callback for pattern: '/?gnus-validator-registry'
[2026-09-03 10:42:24][debug][GlobalDB] ~GlobalDB CALLED with count 6 on multi_node_finality_fault/restart-vote-validator-two/rocksdb 
[2026-09-03 10:42:24][info][GlobalDB] GlobalDB shutdown start
[2026-09-03 10:42:24][info][CrdtDatastore] CancelAndCloseNow: begin (pending_jobs=1, self_queue=0, root_queue=0, pending_roots=0, active_root=false)
[2026-09-03 10:42:24][debug][GraphsyncDAGSyncer] Stopping Dagsyncer
[2026-09-03 10:42:24][debug][GraphsyncDAGSyncer] Dagsyncer Stopped
[2026-09-03 10:42:24.061174000][th:585404][error] graphsync Varint Error msg=Stream: closed by remote peer
[2026-09-03 10:42:24.061183000][th:585404][info] graphsync stream read error, peer=Zcx2r6, msg=stream is not readable
[2026-09-03 10:42:24.061272000][th:585382][error] graphsync Varint Error msg=Stream: closed by this host
[2026-09-03 10:42:24][info][CrdtDatastore] CancelAndCloseNow: CRDT workers stopped
[2026-09-03 10:42:24][warning][CrdtDatastore] CancelAndCloseNow called but shutdown has already started
[2026-09-03 10:42:24][debug][GraphsyncDAGSyncer] ~GraphsyncDAGSyncer CALLED
[2026-09-03 10:42:24][info][GlobalDB] GlobalDB shutdown finished
[2026-09-03 10:42:24.558682000][th:585382][error] GossipPubSub Address monitoring timer error: Operation canceled
[2026-09-03 10:42:25][info][KeyPairFileStorage] Path to keypairs multi_node_finality_fault/restart-vote-validator-two/keypair
[2026-09-03 10:42:25][info][KeyPairFileStorage] Peer ID from public key: 12D3KooWS7my92Bzps3Wims3hThKupKcz8HhHdc8cdTYe6Zcx2r6
Current limits: 16384 (soft), 9223372036854775807 (hard)
New limits set successfully: 16384 (soft), 9223372036854775807 (hard)
Initialized relay addresses
[2026-09-03 10:42:25.574326000][th:585327][info] GossipPubSub /ip4/0.0.0.0/tcp/54602/p2p/12D3KooWS7my92Bzps3Wims3hThKupKcz8HhHdc8cdTYe6Zcx2r6: Starting PubSub service
[2026-09-03 10:42:25.574608000][th:586660][info] GossipPubSub Starting address monitoring system for mobile network changes
[2026-09-03 10:42:25.574618000][th:586660][info] GossipPubSub === CURRENT NETWORK STATE ===
[2026-09-03 10:42:25.574638000][th:586660][info] GossipPubSub Primary listening address: /ip4/0.0.0.0/tcp/54602/p2p/12D3KooWS7my92Bzps3Wims3hThKupKcz8HhHdc8cdTYe6Zcx2r6
[2026-09-03 10:42:25.574640000][th:586660][info] GossipPubSub Host peer info addresses (0):
[2026-09-03 10:42:25.574642000][th:586660][info] GossipPubSub Additional addresses we track (0):
[2026-09-03 10:42:25.574643000][th:586660][info] GossipPubSub Listening addresses (1):
[2026-09-03 10:42:25.574645000][th:586660][info] GossipPubSub   -> /ip4/0.0.0.0/tcp/54602/p2p/12D3KooWS7my92Bzps3Wims3hThKupKcz8HhHdc8cdTYe6Zcx2r6
[2026-09-03 10:42:25.574646000][th:586660][info] GossipPubSub Interface addresses (0):
[2026-09-03 10:42:25.574647000][th:586660][info] GossipPubSub === RAW OBSERVED ADDRESS DEBUG ===
[2026-09-03 10:42:25.574650000][th:586660][info] GossipPubSub Local address: /ip4/0.0.0.0/tcp/54602/p2p/12D3KooWS7my92Bzps3Wims3hThKupKcz8HhHdc8cdTYe6Zcx2r6 -> 0 raw observed, 0 activated+confirmed
[2026-09-03 10:42:25.574653000][th:586660][info] GossipPubSub TOTAL: 0 raw observed addresses, 0 activated+confirmed addresses
[2026-09-03 10:42:25.574654000][th:586660][info] GossipPubSub === END RAW OBSERVED ADDRESS DEBUG ===
[2026-09-03 10:42:25.574655000][th:586660][info] GossipPubSub Observed addresses - all (0):
[2026-09-03 10:42:25.574656000][th:586660][info] GossipPubSub Observed addresses - confirmed only (0):
[2026-09-03 10:42:25.574657000][th:586660][info] GossipPubSub Relay addresses (0):
[2026-09-03 10:42:25.574661000][th:586660][warning] GossipPubSub Failed to get addresses from peer repository: not found
[2026-09-03 10:42:25.574742000][th:586660][info] GossipPubSub Found 1 valid network interfaces
[2026-09-03 10:42:25.574746000][th:586660][info] GossipPubSub Current network interfaces (1):
[2026-09-03 10:42:25.574748000][th:586660][info] GossipPubSub   -> 192.168.1.6
[2026-09-03 10:42:25.574751000][th:586660][info] GossipPubSub Active connections: 0
[2026-09-03 10:42:25.574752000][th:586660][info] GossipPubSub === PEER CONNECTION DETAILS ===
[2026-09-03 10:42:25.574754000][th:586660][info] GossipPubSub NOTE: Observed addresses need to be seen by 4+ different peer groups to become 'activated'
[2026-09-03 10:42:25.574756000][th:586660][info] GossipPubSub NOTE: Current connections: 0, so max possible observers: 0
[2026-09-03 10:42:25.574757000][th:586660][info] GossipPubSub === END PEER CONNECTION DETAILS ===
[2026-09-03 10:42:25.574758000][th:586660][info] GossipPubSub Connection manager stats:
[2026-09-03 10:42:25.574769000][th:586660][info] GossipPubSub   -> Max connections: 1000
[2026-09-03 10:42:25.574771000][th:586660][info] GossipPubSub   -> Current connections: 0
[2026-09-03 10:42:25.574772000][th:586660][info] GossipPubSub === END NETWORK STATE ===
[2026-09-03 10:42:25.575123000][th:586660][info] GossipPubSub /ip4/0.0.0.0/tcp/54602/p2p/12D3KooWS7my92Bzps3Wims3hThKupKcz8HhHdc8cdTYe6Zcx2r6 : PubSub service started
[2026-09-03 10:42:25][info][GlobalDB] Opening database /Users/henriqueklein/gnus/SuperGenius/multi_node_finality_fault/restart-vote-validator-two/rocksdb
[2026-09-03 10:42:25][debug][GraphsyncDAGSyncer] GraphSyncer created 4419792648 
[2026-09-03 10:42:25][info][CrdtDatastore] crdt Datastore created. Number of heads: 2 Current max-height: 18446744073709551615
[2026-09-03 10:42:25][info][GeniusAccount] Secure storage ID path: /Users/henriqueklein/gnus/SuperGenius/multi_node_finality_fault/restart-vote-validator-two/account/secure_storage_id
[2026-09-03 10:42:25][info][GeniusAccount] Loaded public key from file: d3e0ef79475d6f5c... (length: 128)
[2026-09-03 10:42:25][info][GeniusAccount] Successfully loaded key_seed from storage
[2026-09-03 10:42:25][info][GeniusAccount] Validation successful: key_seed matches stored public key
[2026-09-03 10:42:25][warning][UTXOManager] Skipping malformed UTXO key /utxo-checkpoint/d3e0ef79475d6f5c005d584df49b6f6a9092ea4734dc9120dd3f53c04e94ba507fa8438dc73779d71ca55fe911e1cade6ac43e1d39e0cc180b6e230b38e31ef0/1
[2026-09-03 10:42:25][warning][UTXOManager] Skipping malformed UTXO key /utxo-checkpoint/d3e0ef79475d6f5c005d584df49b6f6a9092ea4734dc9120dd3f53c04e94ba507fa8438dc73779d71ca55fe911e1cade6ac43e1d39e0cc180b6e230b38e31ef0/latest
[2026-09-03 10:42:25][info][Blockchain] [d3e0ef79] Blockchain instance created with authorized full node: 8a33bdf1
[2026-09-03 10:42:25][info][ValidatorRegistry] InitializeCache: cache initialized with CID QmdjXFD2u1pdR7DsKxG3VTWD2hcLoXy11NgMc23ASTxQrx
[2026-09-03 10:42:25][info][CRDTCallbackManager] Successfully registered new data callback for pattern: '/?gnus-validator-registry'
[2026-09-03 10:42:25][info][ValidatorRegistry] RegisterFilter: result=true
[2026-09-03 10:42:25][info][ValidatorRegistry] New: instance ready
[2026-09-03 10:42:25.608134000][th:586660][info] GossipPubSub /ip4/0.0.0.0/tcp/54602/p2p/12D3KooWS7my92Bzps3Wims3hThKupKcz8HhHdc8cdTYe6Zcx2r6: PubSub subscribed to topic 'gnus-validator-registry.3.7.144'
[2026-09-03 10:42:25.608179000][th:586660][info] GossipPubSub /ip4/0.0.0.0/tcp/54602/p2p/12D3KooWS7my92Bzps3Wims3hThKupKcz8HhHdc8cdTYe6Zcx2r6: PubSub subscribed to topic 'consensus-channel-.3.7.144'
[2026-09-03 10:42:25][info][CRDTCallbackManager] Successfully registered new data callback for pattern: '^/?cert/[^/]+'
[2026-09-03 10:42:25.608272000][th:586660][info] GossipPubSub /ip4/0.0.0.0/tcp/54602/p2p/12D3KooWS7my92Bzps3Wims3hThKupKcz8HhHdc8cdTYe6Zcx2r6: PubSub subscribed to topic 'consensus-channel-.3.7.144#datastore.3.7.144'
[2026-09-03 10:42:25][info][CRDTCallbackManager] Successfully registered new data callback for pattern: '/?gnus-genesis-block'
[2026-09-03 10:42:25][info][CRDTCallbackManager] Successfully registered new data callback for pattern: '/?gnus-account-creation-.*'
[2026-09-03 10:42:25][info][CRDTCallbackManager] Successfully registered new data callback for pattern: '^/?/bc-144/tx/[^/]+'
[2026-09-03 10:42:25][info][CRDTCallbackManager] Successfully registered deleted data callback for pattern: '^/?/bc-144/tx/[^/]+'
[2026-09-03 10:42:25][info][CRDTCallbackManager] Successfully registered new data callback for pattern: '^/?/bc-963/tx/[^/]+'
[2026-09-03 10:42:25][info][CRDTCallbackManager] Successfully registered deleted data callback for pattern: '^/?/bc-963/tx/[^/]+'
[2026-09-03 10:42:25][info][CRDTCallbackManager] Successfully registered new data callback for pattern: '^/?/bc-369/tx/[^/]+'
[2026-09-03 10:42:25][info][CRDTCallbackManager] Successfully registered deleted data callback for pattern: '^/?/bc-369/tx/[^/]+'
[2026-09-03 10:42:25][info][CRDTCallbackManager] Successfully unregistered new data callback for pattern: '^/?/bc-144/tx/[^/]+'
[2026-09-03 10:42:25][info][CRDTCallbackManager] Successfully unregistered deleted data callback for pattern: '^/?/bc-144/tx/[^/]+'
[2026-09-03 10:42:25][info][CRDTCallbackManager] Successfully unregistered new data callback for pattern: '^/?/bc-963/tx/[^/]+'
[2026-09-03 10:42:25][info][CRDTCallbackManager] Successfully unregistered deleted data callback for pattern: '^/?/bc-963/tx/[^/]+'
[2026-09-03 10:42:25][info][CRDTCallbackManager] Successfully unregistered new data callback for pattern: '^/?/bc-369/tx/[^/]+'
[2026-09-03 10:42:25][info][CRDTCallbackManager] Successfully unregistered deleted data callback for pattern: '^/?/bc-369/tx/[^/]+'
[2026-09-03 10:42:25][info][TransactionManager] [89d81082 - full: false] ~TransactionManager: Metrics — cert_fallback(success=0 failure=0) validation(approve=1 reject=0) tracking(insert=1 confirm=1 fail=0)
[2026-09-03 10:42:25][info][Blockchain] [89d81082] Stopping blockchain
[2026-09-03 10:42:25][info][CRDTCallbackManager] Successfully unregistered new data callback for pattern: '/?gnus-genesis-block'
[2026-09-03 10:42:25][info][CRDTCallbackManager] Successfully unregistered new data callback for pattern: '/?gnus-account-creation-.*'
[2026-09-03 10:42:25][info][CRDTCallbackManager] Successfully unregistered new data callback for pattern: '/?gnus-validator-registry'
[2026-09-03 10:42:25][debug][GlobalDB] ~GlobalDB CALLED with count 6 on multi_node_finality_fault/restart-vote-validator-three/rocksdb 
[2026-09-03 10:42:25][info][GlobalDB] GlobalDB shutdown start
[2026-09-03 10:42:25][info][CrdtDatastore] CancelAndCloseNow: begin (pending_jobs=1, self_queue=0, root_queue=0, pending_roots=0, active_root=false)
[2026-09-03 10:42:25][debug][GraphsyncDAGSyncer] Stopping Dagsyncer
[2026-09-03 10:42:25][debug][GraphsyncDAGSyncer] Dagsyncer Stopped
[2026-09-03 10:42:25.609029000][th:585425][error] graphsync Varint Error msg=Stream: closed by remote peer
[2026-09-03 10:42:25.609039000][th:585425][info] graphsync stream read error, peer=GukaX2, msg=stream is not readable
[2026-09-03 10:42:25.609232000][th:585404][error] graphsync Varint Error msg=Stream: closed by this host
[2026-09-03 10:42:25][info][CrdtDatastore] CancelAndCloseNow: CRDT workers stopped
[2026-09-03 10:42:25][warning][CrdtDatastore] CancelAndCloseNow called but shutdown has already started
[2026-09-03 10:42:25][debug][GraphsyncDAGSyncer] ~GraphsyncDAGSyncer CALLED
[2026-09-03 10:42:25][info][GlobalDB] GlobalDB shutdown finished
[2026-09-03 10:42:25.635517000][th:585404][error] GossipPubSub Address monitoring timer error: Operation canceled
[2026-09-03 10:42:26][info][KeyPairFileStorage] Path to keypairs multi_node_finality_fault/restart-vote-validator-three/keypair
[2026-09-03 10:42:26][info][KeyPairFileStorage] Peer ID from public key: 12D3KooWJ66qYpEZPrRHriBr8QjMnb7U73QuZh9SicviskGukaX2
Current limits: 16384 (soft), 9223372036854775807 (hard)
New limits set successfully: 16384 (soft), 9223372036854775807 (hard)
Initialized relay addresses
[2026-09-03 10:42:26.651376000][th:585327][info] GossipPubSub /ip4/0.0.0.0/tcp/54603/p2p/12D3KooWJ66qYpEZPrRHriBr8QjMnb7U73QuZh9SicviskGukaX2: Starting PubSub service
[2026-09-03 10:42:26.651606000][th:586735][info] GossipPubSub Starting address monitoring system for mobile network changes
[2026-09-03 10:42:26.651617000][th:586735][info] GossipPubSub === CURRENT NETWORK STATE ===
[2026-09-03 10:42:26.651637000][th:586735][info] GossipPubSub Primary listening address: /ip4/0.0.0.0/tcp/54603/p2p/12D3KooWJ66qYpEZPrRHriBr8QjMnb7U73QuZh9SicviskGukaX2
[2026-09-03 10:42:26.651640000][th:586735][info] GossipPubSub Host peer info addresses (0):
[2026-09-03 10:42:26.651641000][th:586735][info] GossipPubSub Additional addresses we track (0):
[2026-09-03 10:42:26.651643000][th:586735][info] GossipPubSub Listening addresses (1):
[2026-09-03 10:42:26.651644000][th:586735][info] GossipPubSub   -> /ip4/0.0.0.0/tcp/54603/p2p/12D3KooWJ66qYpEZPrRHriBr8QjMnb7U73QuZh9SicviskGukaX2
[2026-09-03 10:42:26.651646000][th:586735][info] GossipPubSub Interface addresses (0):
[2026-09-03 10:42:26.651647000][th:586735][info] GossipPubSub === RAW OBSERVED ADDRESS DEBUG ===
[2026-09-03 10:42:26.651650000][th:586735][info] GossipPubSub Local address: /ip4/0.0.0.0/tcp/54603/p2p/12D3KooWJ66qYpEZPrRHriBr8QjMnb7U73QuZh9SicviskGukaX2 -> 0 raw observed, 0 activated+confirmed
[2026-09-03 10:42:26.651653000][th:586735][info] GossipPubSub TOTAL: 0 raw observed addresses, 0 activated+confirmed addresses
[2026-09-03 10:42:26.651654000][th:586735][info] GossipPubSub === END RAW OBSERVED ADDRESS DEBUG ===
[2026-09-03 10:42:26.651656000][th:586735][info] GossipPubSub Observed addresses - all (0):
[2026-09-03 10:42:26.651657000][th:586735][info] GossipPubSub Observed addresses - confirmed only (0):
[2026-09-03 10:42:26.651658000][th:586735][info] GossipPubSub Relay addresses (0):
[2026-09-03 10:42:26.651662000][th:586735][warning] GossipPubSub Failed to get addresses from peer repository: not found
[2026-09-03 10:42:26.651754000][th:586735][info] GossipPubSub Found 1 valid network interfaces
[2026-09-03 10:42:26.651763000][th:586735][info] GossipPubSub Current network interfaces (1):
[2026-09-03 10:42:26.651764000][th:586735][info] GossipPubSub   -> 192.168.1.6
[2026-09-03 10:42:26.651766000][th:586735][info] GossipPubSub Active connections: 0
[2026-09-03 10:42:26.651767000][th:586735][info] GossipPubSub === PEER CONNECTION DETAILS ===
[2026-09-03 10:42:26.651768000][th:586735][info] GossipPubSub NOTE: Observed addresses need to be seen by 4+ different peer groups to become 'activated'
[2026-09-03 10:42:26.651770000][th:586735][info] GossipPubSub NOTE: Current connections: 0, so max possible observers: 0
[2026-09-03 10:42:26.651771000][th:586735][info] GossipPubSub === END PEER CONNECTION DETAILS ===
[2026-09-03 10:42:26.651772000][th:586735][info] GossipPubSub Connection manager stats:
[2026-09-03 10:42:26.651774000][th:586735][info] GossipPubSub   -> Max connections: 1000
[2026-09-03 10:42:26.651792000][th:586735][info] GossipPubSub   -> Current connections: 0
[2026-09-03 10:42:26.651796000][th:586735][info] GossipPubSub === END NETWORK STATE ===
[2026-09-03 10:42:26.652238000][th:586735][info] GossipPubSub /ip4/0.0.0.0/tcp/54603/p2p/12D3KooWJ66qYpEZPrRHriBr8QjMnb7U73QuZh9SicviskGukaX2 : PubSub service started
[2026-09-03 10:42:26][info][GlobalDB] Opening database /Users/henriqueklein/gnus/SuperGenius/multi_node_finality_fault/restart-vote-validator-three/rocksdb
[2026-09-03 10:42:26][debug][GraphsyncDAGSyncer] GraphSyncer created 4420845336 
[2026-09-03 10:42:26][info][CrdtDatastore] crdt Datastore created. Number of heads: 2 Current max-height: 18446744073709551615
[2026-09-03 10:42:26][info][GeniusAccount] Secure storage ID path: /Users/henriqueklein/gnus/SuperGenius/multi_node_finality_fault/restart-vote-validator-three/account/secure_storage_id
[2026-09-03 10:42:26][info][GeniusAccount] Loaded public key from file: 89d81082176a1efe... (length: 128)
[2026-09-03 10:42:26][info][GeniusAccount] Successfully loaded key_seed from storage
[2026-09-03 10:42:26][info][GeniusAccount] Validation successful: key_seed matches stored public key
[2026-09-03 10:42:26][warning][UTXOManager] Skipping malformed UTXO key /utxo-checkpoint/89d81082176a1efead0fa06d6f4bde9eabc4081007b1fa0240a71a7aca739ddde4c0dd1e9377fcd18041b6a0de6761187260f1b572aab798ae3f8b2f66a87d11/1
[2026-09-03 10:42:26][warning][UTXOManager] Skipping malformed UTXO key /utxo-checkpoint/89d81082176a1efead0fa06d6f4bde9eabc4081007b1fa0240a71a7aca739ddde4c0dd1e9377fcd18041b6a0de6761187260f1b572aab798ae3f8b2f66a87d11/latest
[2026-09-03 10:42:26][info][Blockchain] [89d81082] Blockchain instance created with authorized full node: 8a33bdf1
[2026-09-03 10:42:26][info][ValidatorRegistry] InitializeCache: cache initialized with CID QmdjXFD2u1pdR7DsKxG3VTWD2hcLoXy11NgMc23ASTxQrx
[2026-09-03 10:42:26][info][CRDTCallbackManager] Successfully registered new data callback for pattern: '/?gnus-validator-registry'
[2026-09-03 10:42:26][info][ValidatorRegistry] RegisterFilter: result=true
[2026-09-03 10:42:26][info][ValidatorRegistry] New: instance ready
[2026-09-03 10:42:26.682419000][th:586735][info] GossipPubSub /ip4/0.0.0.0/tcp/54603/p2p/12D3KooWJ66qYpEZPrRHriBr8QjMnb7U73QuZh9SicviskGukaX2: PubSub subscribed to topic 'gnus-validator-registry.3.7.144'
[2026-09-03 10:42:26][info][CRDTCallbackManager] Successfully registered new data callback for pattern: '^/?cert/[^/]+'
[2026-09-03 10:42:26.682481000][th:586735][info] GossipPubSub /ip4/0.0.0.0/tcp/54603/p2p/12D3KooWJ66qYpEZPrRHriBr8QjMnb7U73QuZh9SicviskGukaX2: PubSub subscribed to topic 'consensus-channel-.3.7.144'
[2026-09-03 10:42:26.682506000][th:586735][info] GossipPubSub /ip4/0.0.0.0/tcp/54603/p2p/12D3KooWJ66qYpEZPrRHriBr8QjMnb7U73QuZh9SicviskGukaX2: PubSub subscribed to topic 'consensus-channel-.3.7.144#datastore.3.7.144'
[2026-09-03 10:42:26][info][CRDTCallbackManager] Successfully registered new data callback for pattern: '/?gnus-genesis-block'
[2026-09-03 10:42:26][info][CRDTCallbackManager] Successfully registered new data callback for pattern: '/?gnus-account-creation-.*'
[2026-09-03 10:42:26][info][CRDTCallbackManager] Successfully registered new data callback for pattern: '^/?/bc-144/tx/[^/]+'
[2026-09-03 10:42:26][info][CRDTCallbackManager] Successfully registered deleted data callback for pattern: '^/?/bc-144/tx/[^/]+'
[2026-09-03 10:42:26][info][CRDTCallbackManager] Successfully registered new data callback for pattern: '^/?/bc-963/tx/[^/]+'
[2026-09-03 10:42:26][info][CRDTCallbackManager] Successfully registered deleted data callback for pattern: '^/?/bc-963/tx/[^/]+'
[2026-09-03 10:42:26][info][CRDTCallbackManager] Successfully registered new data callback for pattern: '^/?/bc-369/tx/[^/]+'
[2026-09-03 10:42:26][info][CRDTCallbackManager] Successfully registered deleted data callback for pattern: '^/?/bc-369/tx/[^/]+'
[2026-09-03 10:42:26][info][CRDTCallbackManager] Successfully unregistered new data callback for pattern: '^/?/bc-144/tx/[^/]+'
[2026-09-03 10:42:26][info][CRDTCallbackManager] Successfully unregistered deleted data callback for pattern: '^/?/bc-144/tx/[^/]+'
[2026-09-03 10:42:26][info][CRDTCallbackManager] Successfully unregistered new data callback for pattern: '^/?/bc-963/tx/[^/]+'
[2026-09-03 10:42:26][info][CRDTCallbackManager] Successfully unregistered deleted data callback for pattern: '^/?/bc-963/tx/[^/]+'
[2026-09-03 10:42:26][info][CRDTCallbackManager] Successfully unregistered new data callback for pattern: '^/?/bc-369/tx/[^/]+'
[2026-09-03 10:42:26][info][CRDTCallbackManager] Successfully unregistered deleted data callback for pattern: '^/?/bc-369/tx/[^/]+'
[2026-09-03 10:42:26][info][TransactionManager] [eaceb56b - full: false] ~TransactionManager: Metrics — cert_fallback(success=0 failure=0) validation(approve=1 reject=0) tracking(insert=1 confirm=1 fail=0)
[2026-09-03 10:42:26][info][Blockchain] [eaceb56b] Stopping blockchain
[2026-09-03 10:42:26][info][CRDTCallbackManager] Successfully unregistered new data callback for pattern: '/?gnus-genesis-block'
[2026-09-03 10:42:26][info][CRDTCallbackManager] Successfully unregistered new data callback for pattern: '/?gnus-account-creation-.*'
[2026-09-03 10:42:26][info][CRDTCallbackManager] Successfully unregistered new data callback for pattern: '/?gnus-validator-registry'
[2026-09-03 10:42:26][debug][GlobalDB] ~GlobalDB CALLED with count 6 on multi_node_finality_fault/restart-vote-passive/rocksdb 
[2026-09-03 10:42:26][info][GlobalDB] GlobalDB shutdown start
[2026-09-03 10:42:26][info][CrdtDatastore] CancelAndCloseNow: begin (pending_jobs=1, self_queue=0, root_queue=0, pending_roots=0, active_root=false)
[2026-09-03 10:42:26][debug][GraphsyncDAGSyncer] Stopping Dagsyncer
[2026-09-03 10:42:26][debug][GraphsyncDAGSyncer] Dagsyncer Stopped
[2026-09-03 10:42:27][info][CrdtDatastore] CancelAndCloseNow: CRDT workers stopped
[2026-09-03 10:42:27][warning][CrdtDatastore] CancelAndCloseNow called but shutdown has already started
[2026-09-03 10:42:27][debug][GraphsyncDAGSyncer] ~GraphsyncDAGSyncer CALLED
[2026-09-03 10:42:27][info][GlobalDB] GlobalDB shutdown finished
[2026-09-03 10:42:27.183777000][th:585425][error] GossipPubSub Address monitoring timer error: Operation canceled
[2026-09-03 10:42:28][info][KeyPairFileStorage] Path to keypairs multi_node_finality_fault/restart-vote-passive/keypair
[2026-09-03 10:42:28][info][KeyPairFileStorage] Peer ID from public key: 12D3KooW9qvHG1wURGYLjtgDU3S3Cc79CRaGzuyXGVnFiKPzmf9q
Current limits: 16384 (soft), 9223372036854775807 (hard)
New limits set successfully: 16384 (soft), 9223372036854775807 (hard)
Initialized relay addresses
[2026-09-03 10:42:28.195636000][th:585327][info] GossipPubSub /ip4/0.0.0.0/tcp/54604/p2p/12D3KooW9qvHG1wURGYLjtgDU3S3Cc79CRaGzuyXGVnFiKPzmf9q: Starting PubSub service
[2026-09-03 10:42:28.195717000][th:586876][info] GossipPubSub Starting address monitoring system for mobile network changes
[2026-09-03 10:42:28.195719000][th:586876][info] GossipPubSub === CURRENT NETWORK STATE ===
[2026-09-03 10:42:28.195728000][th:586876][info] GossipPubSub Primary listening address: /ip4/0.0.0.0/tcp/54604/p2p/12D3KooW9qvHG1wURGYLjtgDU3S3Cc79CRaGzuyXGVnFiKPzmf9q
[2026-09-03 10:42:28.195730000][th:586876][info] GossipPubSub Host peer info addresses (0):
[2026-09-03 10:42:28.195731000][th:586876][info] GossipPubSub Additional addresses we track (0):
[2026-09-03 10:42:28.195733000][th:586876][info] GossipPubSub Listening addresses (1):
[2026-09-03 10:42:28.195734000][th:586876][info] GossipPubSub   -> /ip4/0.0.0.0/tcp/54604/p2p/12D3KooW9qvHG1wURGYLjtgDU3S3Cc79CRaGzuyXGVnFiKPzmf9q
[2026-09-03 10:42:28.195735000][th:586876][info] GossipPubSub Interface addresses (0):
[2026-09-03 10:42:28.195736000][th:586876][info] GossipPubSub === RAW OBSERVED ADDRESS DEBUG ===
[2026-09-03 10:42:28.195738000][th:586876][info] GossipPubSub Local address: /ip4/0.0.0.0/tcp/54604/p2p/12D3KooW9qvHG1wURGYLjtgDU3S3Cc79CRaGzuyXGVnFiKPzmf9q -> 0 raw observed, 0 activated+confirmed
[2026-09-03 10:42:28.195740000][th:586876][info] GossipPubSub TOTAL: 0 raw observed addresses, 0 activated+confirmed addresses
[2026-09-03 10:42:28.195741000][th:586876][info] GossipPubSub === END RAW OBSERVED ADDRESS DEBUG ===
[2026-09-03 10:42:28.195742000][th:586876][info] GossipPubSub Observed addresses - all (0):
[2026-09-03 10:42:28.195743000][th:586876][info] GossipPubSub Observed addresses - confirmed only (0):
[2026-09-03 10:42:28.195744000][th:586876][info] GossipPubSub Relay addresses (0):
[2026-09-03 10:42:28.195746000][th:586876][warning] GossipPubSub Failed to get addresses from peer repository: not found
[2026-09-03 10:42:28.195789000][th:586876][info] GossipPubSub Found 1 valid network interfaces
[2026-09-03 10:42:28.195791000][th:586876][info] GossipPubSub Current network interfaces (1):
[2026-09-03 10:42:28.195792000][th:586876][info] GossipPubSub   -> 192.168.1.6
[2026-09-03 10:42:28.195793000][th:586876][info] GossipPubSub Active connections: 0
[2026-09-03 10:42:28.195794000][th:586876][info] GossipPubSub === PEER CONNECTION DETAILS ===
[2026-09-03 10:42:28.195795000][th:586876][info] GossipPubSub NOTE: Observed addresses need to be seen by 4+ different peer groups to become 'activated'
[2026-09-03 10:42:28.195796000][th:586876][info] GossipPubSub NOTE: Current connections: 0, so max possible observers: 0
[2026-09-03 10:42:28.195797000][th:586876][info] GossipPubSub === END PEER CONNECTION DETAILS ===
[2026-09-03 10:42:28.195797000][th:586876][info] GossipPubSub Connection manager stats:
[2026-09-03 10:42:28.195798000][th:586876][info] GossipPubSub   -> Max connections: 1000
[2026-09-03 10:42:28.195799000][th:586876][info] GossipPubSub   -> Current connections: 0
[2026-09-03 10:42:28.195800000][th:586876][info] GossipPubSub === END NETWORK STATE ===
[2026-09-03 10:42:28.195961000][th:586876][info] GossipPubSub /ip4/0.0.0.0/tcp/54604/p2p/12D3KooW9qvHG1wURGYLjtgDU3S3Cc79CRaGzuyXGVnFiKPzmf9q : PubSub service started
[2026-09-03 10:42:28][info][GlobalDB] Opening database /Users/henriqueklein/gnus/SuperGenius/multi_node_finality_fault/restart-vote-passive/rocksdb
[2026-09-03 10:42:28][debug][GraphsyncDAGSyncer] GraphSyncer created 4830814904 
[2026-09-03 10:42:28][info][CrdtDatastore] crdt Datastore created. Number of heads: 2 Current max-height: 18446744073709551615
[2026-09-03 10:42:28][info][GeniusAccount] Secure storage ID path: /Users/henriqueklein/gnus/SuperGenius/multi_node_finality_fault/restart-vote-passive/account/secure_storage_id
[2026-09-03 10:42:28][info][GeniusAccount] Loaded public key from file: eaceb56ba6ab7032... (length: 128)
[2026-09-03 10:42:28][info][GeniusAccount] Successfully loaded key_seed from storage
[2026-09-03 10:42:28][info][GeniusAccount] Validation successful: key_seed matches stored public key
[2026-09-03 10:42:28][warning][UTXOManager] Skipping malformed UTXO key /utxo-checkpoint/eaceb56ba6ab70321f08fe337e96adcedd3aefac48ac65e8f64f89a4c3f33c7f82246dacbc73fddb092f092f0ff19465d9e8dc434337d4cb2abb476f094e59e2/1
[2026-09-03 10:42:28][warning][UTXOManager] Skipping malformed UTXO key /utxo-checkpoint/eaceb56ba6ab70321f08fe337e96adcedd3aefac48ac65e8f64f89a4c3f33c7f82246dacbc73fddb092f092f0ff19465d9e8dc434337d4cb2abb476f094e59e2/latest
[2026-09-03 10:42:28][info][Blockchain] [eaceb56b] Blockchain instance created with authorized full node: 8a33bdf1
[2026-09-03 10:42:28][info][ValidatorRegistry] InitializeCache: cache initialized with CID QmdjXFD2u1pdR7DsKxG3VTWD2hcLoXy11NgMc23ASTxQrx
[2026-09-03 10:42:28][info][CRDTCallbackManager] Successfully registered new data callback for pattern: '/?gnus-validator-registry'
[2026-09-03 10:42:28][info][ValidatorRegistry] RegisterFilter: result=true
[2026-09-03 10:42:28][info][ValidatorRegistry] New: instance ready
[2026-09-03 10:42:28.219528000][th:586876][info] GossipPubSub /ip4/0.0.0.0/tcp/54604/p2p/12D3KooW9qvHG1wURGYLjtgDU3S3Cc79CRaGzuyXGVnFiKPzmf9q: PubSub subscribed to topic 'gnus-validator-registry.3.7.144'
[2026-09-03 10:42:28][info][CRDTCallbackManager] Successfully registered new data callback for pattern: '^/?cert/[^/]+'
[2026-09-03 10:42:28.219550000][th:586876][info] GossipPubSub /ip4/0.0.0.0/tcp/54604/p2p/12D3KooW9qvHG1wURGYLjtgDU3S3Cc79CRaGzuyXGVnFiKPzmf9q: PubSub subscribed to topic 'consensus-channel-.3.7.144'
[2026-09-03 10:42:28.219570000][th:586876][info] GossipPubSub /ip4/0.0.0.0/tcp/54604/p2p/12D3KooW9qvHG1wURGYLjtgDU3S3Cc79CRaGzuyXGVnFiKPzmf9q: PubSub subscribed to topic 'consensus-channel-.3.7.144#datastore.3.7.144'
[2026-09-03 10:42:28][info][CRDTCallbackManager] Successfully registered new data callback for pattern: '/?gnus-genesis-block'
[2026-09-03 10:42:28][info][CRDTCallbackManager] Successfully registered new data callback for pattern: '/?gnus-account-creation-.*'
[2026-09-03 10:42:28][info][CRDTCallbackManager] Successfully registered new data callback for pattern: '^/?/bc-144/tx/[^/]+'
[2026-09-03 10:42:28][info][CRDTCallbackManager] Successfully registered deleted data callback for pattern: '^/?/bc-144/tx/[^/]+'
[2026-09-03 10:42:28][info][CRDTCallbackManager] Successfully registered new data callback for pattern: '^/?/bc-963/tx/[^/]+'
[2026-09-03 10:42:28][info][CRDTCallbackManager] Successfully registered deleted data callback for pattern: '^/?/bc-963/tx/[^/]+'
[2026-09-03 10:42:28][info][CRDTCallbackManager] Successfully registered new data callback for pattern: '^/?/bc-369/tx/[^/]+'
[2026-09-03 10:42:28][info][CRDTCallbackManager] Successfully registered deleted data callback for pattern: '^/?/bc-369/tx/[^/]+'
[2026-09-03 10:42:28.219725000][th:586430][info] GossipPubSub Adding new peer: 12D3KooWS7my92Bzps3Wims3hThKupKcz8HhHdc8cdTYe6Zcx2r6
[2026-09-03 10:42:28.219782000][th:586430][info] GossipPubSub Adding new peer: 12D3KooWJ66qYpEZPrRHriBr8QjMnb7U73QuZh9SicviskGukaX2
[2026-09-03 10:42:28.219835000][th:586430][info] GossipPubSub Adding new peer: 12D3KooW9qvHG1wURGYLjtgDU3S3Cc79CRaGzuyXGVnFiKPzmf9q
[2026-09-03 10:42:28.219890000][th:586660][info] GossipPubSub Adding new peer: 12D3KooWCvJVdnRnas51vbT7JZYKqcYthQqKnVGC5YBQLvu1M9nD
[2026-09-03 10:42:28.219944000][th:586660][info] GossipPubSub Adding new peer: 12D3KooWJ66qYpEZPrRHriBr8QjMnb7U73QuZh9SicviskGukaX2
[2026-09-03 10:42:28.219997000][th:586660][info] GossipPubSub Adding new peer: 12D3KooW9qvHG1wURGYLjtgDU3S3Cc79CRaGzuyXGVnFiKPzmf9q
[2026-09-03 10:42:28.220051000][th:586735][info] GossipPubSub Adding new peer: 12D3KooWCvJVdnRnas51vbT7JZYKqcYthQqKnVGC5YBQLvu1M9nD
[2026-09-03 10:42:28.220101000][th:586735][info] GossipPubSub Adding new peer: 12D3KooWS7my92Bzps3Wims3hThKupKcz8HhHdc8cdTYe6Zcx2r6
[2026-09-03 10:42:28.220154000][th:586735][info] GossipPubSub Adding new peer: 12D3KooW9qvHG1wURGYLjtgDU3S3Cc79CRaGzuyXGVnFiKPzmf9q
[2026-09-03 10:42:28.220205000][th:586876][info] GossipPubSub Adding new peer: 12D3KooWCvJVdnRnas51vbT7JZYKqcYthQqKnVGC5YBQLvu1M9nD
[2026-09-03 10:42:28.220256000][th:586876][info] GossipPubSub Adding new peer: 12D3KooWS7my92Bzps3Wims3hThKupKcz8HhHdc8cdTYe6Zcx2r6
[2026-09-03 10:42:28.220308000][th:586876][info] GossipPubSub Adding new peer: 12D3KooWJ66qYpEZPrRHriBr8QjMnb7U73QuZh9SicviskGukaX2
[2026-09-03 10:42:28][info][CRDTCallbackManager] Successfully unregistered new data callback for pattern: '^/?/bc-144/tx/[^/]+'
[2026-09-03 10:42:28][info][CRDTCallbackManager] Successfully unregistered deleted data callback for pattern: '^/?/bc-144/tx/[^/]+'
[2026-09-03 10:42:28][info][CRDTCallbackManager] Successfully unregistered new data callback for pattern: '^/?/bc-963/tx/[^/]+'
[2026-09-03 10:42:28][info][CRDTCallbackManager] Successfully unregistered deleted data callback for pattern: '^/?/bc-963/tx/[^/]+'
[2026-09-03 10:42:28][info][CRDTCallbackManager] Successfully unregistered new data callback for pattern: '^/?/bc-369/tx/[^/]+'
[2026-09-03 10:42:28][info][CRDTCallbackManager] Successfully unregistered deleted data callback for pattern: '^/?/bc-369/tx/[^/]+'
[2026-09-03 10:42:28][info][TransactionManager] [a8f62ab3 - full: false] ~TransactionManager: Metrics — cert_fallback(success=0 failure=0) validation(approve=0 reject=0) tracking(insert=0 confirm=0 fail=0)
[2026-09-03 10:42:28][info][Blockchain] [a8f62ab3] Stopping blockchain
[2026-09-03 10:42:28][info][CRDTCallbackManager] Successfully unregistered new data callback for pattern: '/?gnus-genesis-block'
[2026-09-03 10:42:28][info][CRDTCallbackManager] Successfully unregistered new data callback for pattern: '/?gnus-account-creation-.*'
[2026-09-03 10:42:28][info][CRDTCallbackManager] Successfully unregistered new data callback for pattern: '/?gnus-validator-registry'
[2026-09-03 10:42:28][debug][GlobalDB] ~GlobalDB CALLED with count 6 on multi_node_finality_fault/restart-vote-validator-one/rocksdb 
[2026-09-03 10:42:28][info][GlobalDB] GlobalDB shutdown start
[2026-09-03 10:42:28][info][CrdtDatastore] CancelAndCloseNow: begin (pending_jobs=0, self_queue=0, root_queue=0, pending_roots=0, active_root=false)
[2026-09-03 10:42:28][debug][GraphsyncDAGSyncer] Stopping Dagsyncer
[2026-09-03 10:42:28][debug][GraphsyncDAGSyncer] Dagsyncer Stopped
[2026-09-03 10:42:28][info][CrdtDatastore] CancelAndCloseNow: CRDT workers stopped
[2026-09-03 10:42:28][warning][CrdtDatastore] CancelAndCloseNow called but shutdown has already started
[2026-09-03 10:42:28][debug][GraphsyncDAGSyncer] ~GraphsyncDAGSyncer CALLED
[2026-09-03 10:42:28][info][GlobalDB] GlobalDB shutdown finished
[2026-09-03 10:42:28.628654000][th:586430][error] GossipPubSub Address monitoring timer error: Operation canceled
[2026-09-03 10:42:29][info][CRDTCallbackManager] Successfully unregistered new data callback for pattern: '^/?/bc-144/tx/[^/]+'
[2026-09-03 10:42:29][info][CRDTCallbackManager] Successfully unregistered deleted data callback for pattern: '^/?/bc-144/tx/[^/]+'
[2026-09-03 10:42:29][info][CRDTCallbackManager] Successfully unregistered new data callback for pattern: '^/?/bc-963/tx/[^/]+'
[2026-09-03 10:42:29][info][CRDTCallbackManager] Successfully unregistered deleted data callback for pattern: '^/?/bc-963/tx/[^/]+'
[2026-09-03 10:42:29][info][CRDTCallbackManager] Successfully unregistered new data callback for pattern: '^/?/bc-369/tx/[^/]+'
[2026-09-03 10:42:29][info][CRDTCallbackManager] Successfully unregistered deleted data callback for pattern: '^/?/bc-369/tx/[^/]+'
[2026-09-03 10:42:29][info][TransactionManager] [d3e0ef79 - full: false] ~TransactionManager: Metrics — cert_fallback(success=0 failure=0) validation(approve=0 reject=0) tracking(insert=0 confirm=0 fail=0)
[2026-09-03 10:42:29][info][Blockchain] [d3e0ef79] Stopping blockchain
[2026-09-03 10:42:29][info][CRDTCallbackManager] Successfully unregistered new data callback for pattern: '/?gnus-genesis-block'
[2026-09-03 10:42:29][info][CRDTCallbackManager] Successfully unregistered new data callback for pattern: '/?gnus-account-creation-.*'
[2026-09-03 10:42:29][info][CRDTCallbackManager] Successfully unregistered new data callback for pattern: '/?gnus-validator-registry'
[2026-09-03 10:42:29][debug][GlobalDB] ~GlobalDB CALLED with count 6 on multi_node_finality_fault/restart-vote-validator-two/rocksdb 
[2026-09-03 10:42:29][info][GlobalDB] GlobalDB shutdown start
[2026-09-03 10:42:29][info][CrdtDatastore] CancelAndCloseNow: begin (pending_jobs=0, self_queue=0, root_queue=0, pending_roots=0, active_root=false)
[2026-09-03 10:42:29][debug][GraphsyncDAGSyncer] Stopping Dagsyncer
[2026-09-03 10:42:29][debug][GraphsyncDAGSyncer] Dagsyncer Stopped
[2026-09-03 10:42:29][info][CrdtDatastore] CancelAndCloseNow: CRDT workers stopped
[2026-09-03 10:42:29][warning][CrdtDatastore] CancelAndCloseNow called but shutdown has already started
[2026-09-03 10:42:29][debug][GraphsyncDAGSyncer] ~GraphsyncDAGSyncer CALLED
[2026-09-03 10:42:29][info][GlobalDB] GlobalDB shutdown finished
[2026-09-03 10:42:29.667371000][th:586660][error] GossipPubSub Address monitoring timer error: Operation canceled
[2026-09-03 10:42:30][info][CRDTCallbackManager] Successfully unregistered new data callback for pattern: '^/?/bc-144/tx/[^/]+'
[2026-09-03 10:42:30][info][CRDTCallbackManager] Successfully unregistered deleted data callback for pattern: '^/?/bc-144/tx/[^/]+'
[2026-09-03 10:42:30][info][CRDTCallbackManager] Successfully unregistered new data callback for pattern: '^/?/bc-963/tx/[^/]+'
[2026-09-03 10:42:30][info][CRDTCallbackManager] Successfully unregistered deleted data callback for pattern: '^/?/bc-963/tx/[^/]+'
[2026-09-03 10:42:30][info][CRDTCallbackManager] Successfully unregistered new data callback for pattern: '^/?/bc-369/tx/[^/]+'
[2026-09-03 10:42:30][info][CRDTCallbackManager] Successfully unregistered deleted data callback for pattern: '^/?/bc-369/tx/[^/]+'
[2026-09-03 10:42:30][info][TransactionManager] [89d81082 - full: false] ~TransactionManager: Metrics — cert_fallback(success=0 failure=0) validation(approve=0 reject=0) tracking(insert=0 confirm=0 fail=0)
[2026-09-03 10:42:30][info][Blockchain] [89d81082] Stopping blockchain
[2026-09-03 10:42:30][info][CRDTCallbackManager] Successfully unregistered new data callback for pattern: '/?gnus-genesis-block'
[2026-09-03 10:42:30][info][CRDTCallbackManager] Successfully unregistered new data callback for pattern: '/?gnus-account-creation-.*'
[2026-09-03 10:42:30][info][CRDTCallbackManager] Successfully unregistered new data callback for pattern: '/?gnus-validator-registry'
[2026-09-03 10:42:30][debug][GlobalDB] ~GlobalDB CALLED with count 6 on multi_node_finality_fault/restart-vote-validator-three/rocksdb 
[2026-09-03 10:42:30][info][GlobalDB] GlobalDB shutdown start
[2026-09-03 10:42:30][info][CrdtDatastore] CancelAndCloseNow: begin (pending_jobs=0, self_queue=0, root_queue=0, pending_roots=0, active_root=false)
[2026-09-03 10:42:30][debug][GraphsyncDAGSyncer] Stopping Dagsyncer
[2026-09-03 10:42:30][debug][GraphsyncDAGSyncer] Dagsyncer Stopped
[2026-09-03 10:42:30][info][CrdtDatastore] CancelAndCloseNow: CRDT workers stopped
[2026-09-03 10:42:30][warning][CrdtDatastore] CancelAndCloseNow called but shutdown has already started
[2026-09-03 10:42:30][debug][GraphsyncDAGSyncer] ~GraphsyncDAGSyncer CALLED
[2026-09-03 10:42:30][info][GlobalDB] GlobalDB shutdown finished
[2026-09-03 10:42:30.741388000][th:586735][error] GossipPubSub Address monitoring timer error: Operation canceled
[2026-09-03 10:42:31][info][CRDTCallbackManager] Successfully unregistered new data callback for pattern: '^/?/bc-144/tx/[^/]+'
[2026-09-03 10:42:31][info][CRDTCallbackManager] Successfully unregistered deleted data callback for pattern: '^/?/bc-144/tx/[^/]+'
[2026-09-03 10:42:31][info][CRDTCallbackManager] Successfully unregistered new data callback for pattern: '^/?/bc-963/tx/[^/]+'
[2026-09-03 10:42:31][info][CRDTCallbackManager] Successfully unregistered deleted data callback for pattern: '^/?/bc-963/tx/[^/]+'
[2026-09-03 10:42:31][info][CRDTCallbackManager] Successfully unregistered new data callback for pattern: '^/?/bc-369/tx/[^/]+'
[2026-09-03 10:42:31][info][CRDTCallbackManager] Successfully unregistered deleted data callback for pattern: '^/?/bc-369/tx/[^/]+'
[2026-09-03 10:42:31][info][TransactionManager] [eaceb56b - full: false] ~TransactionManager: Metrics — cert_fallback(success=0 failure=0) validation(approve=0 reject=0) tracking(insert=0 confirm=0 fail=0)
[2026-09-03 10:42:31][info][Blockchain] [eaceb56b] Stopping blockchain
[2026-09-03 10:42:31][info][CRDTCallbackManager] Successfully unregistered new data callback for pattern: '/?gnus-genesis-block'
[2026-09-03 10:42:31][info][CRDTCallbackManager] Successfully unregistered new data callback for pattern: '/?gnus-account-creation-.*'
[2026-09-03 10:42:31][info][CRDTCallbackManager] Successfully unregistered new data callback for pattern: '/?gnus-validator-registry'
[2026-09-03 10:42:31][debug][GlobalDB] ~GlobalDB CALLED with count 6 on multi_node_finality_fault/restart-vote-passive/rocksdb 
[2026-09-03 10:42:31][info][GlobalDB] GlobalDB shutdown start
[2026-09-03 10:42:31][info][CrdtDatastore] CancelAndCloseNow: begin (pending_jobs=0, self_queue=0, root_queue=0, pending_roots=0, active_root=false)
[2026-09-03 10:42:31][debug][GraphsyncDAGSyncer] Stopping Dagsyncer
[2026-09-03 10:42:31][debug][GraphsyncDAGSyncer] Dagsyncer Stopped
[2026-09-03 10:42:31][info][CrdtDatastore] CancelAndCloseNow: CRDT workers stopped
[2026-09-03 10:42:31][warning][CrdtDatastore] CancelAndCloseNow called but shutdown has already started
[2026-09-03 10:42:31][debug][GraphsyncDAGSyncer] ~GraphsyncDAGSyncer CALLED
[2026-09-03 10:42:31][info][GlobalDB] GlobalDB shutdown finished
[2026-09-03 10:42:31.765823000][th:586876][error] GossipPubSub Address monitoring timer error: Operation canceled
[2026-09-03 10:42:32][info][KeyPairFileStorage] Path to keypairs multi_node_finality_fault/restart-certificate-validator-one/keypair
[2026-09-03 10:42:32][info][KeyPairFileStorage] Peer ID from public key: 12D3KooWJtBQkxJirqKcrp2TtrNFRTUWXuxoyYuoEacUrgZhazCn
Current limits: 16384 (soft), 9223372036854775807 (hard)
New limits set successfully: 16384 (soft), 9223372036854775807 (hard)
Initialized relay addresses
[2026-09-03 10:42:32.779672000][th:585327][info] GossipPubSub /ip4/0.0.0.0/tcp/54611/p2p/12D3KooWJtBQkxJirqKcrp2TtrNFRTUWXuxoyYuoEacUrgZhazCn: Starting PubSub service
[2026-09-03 10:42:32.779909000][th:587274][info] GossipPubSub Starting address monitoring system for mobile network changes
[2026-09-03 10:42:32.779921000][th:587274][info] GossipPubSub === CURRENT NETWORK STATE ===
[2026-09-03 10:42:32.779941000][th:587274][info] GossipPubSub Primary listening address: /ip4/0.0.0.0/tcp/54611/p2p/12D3KooWJtBQkxJirqKcrp2TtrNFRTUWXuxoyYuoEacUrgZhazCn
[2026-09-03 10:42:32.779944000][th:587274][info] GossipPubSub Host peer info addresses (0):
[2026-09-03 10:42:32.779945000][th:587274][info] GossipPubSub Additional addresses we track (0):
[2026-09-03 10:42:32.779947000][th:587274][info] GossipPubSub Listening addresses (1):
[2026-09-03 10:42:32.779948000][th:587274][info] GossipPubSub   -> /ip4/0.0.0.0/tcp/54611/p2p/12D3KooWJtBQkxJirqKcrp2TtrNFRTUWXuxoyYuoEacUrgZhazCn
[2026-09-03 10:42:32.779950000][th:587274][info] GossipPubSub Interface addresses (0):
[2026-09-03 10:42:32.779951000][th:587274][info] GossipPubSub === RAW OBSERVED ADDRESS DEBUG ===
[2026-09-03 10:42:32.779954000][th:587274][info] GossipPubSub Local address: /ip4/0.0.0.0/tcp/54611/p2p/12D3KooWJtBQkxJirqKcrp2TtrNFRTUWXuxoyYuoEacUrgZhazCn -> 0 raw observed, 0 activated+confirmed
[2026-09-03 10:42:32.779956000][th:587274][info] GossipPubSub TOTAL: 0 raw observed addresses, 0 activated+confirmed addresses
[2026-09-03 10:42:32.779958000][th:587274][info] GossipPubSub === END RAW OBSERVED ADDRESS DEBUG ===
[2026-09-03 10:42:32.779959000][th:587274][info] GossipPubSub Observed addresses - all (0):
[2026-09-03 10:42:32.779960000][th:587274][info] GossipPubSub Observed addresses - confirmed only (0):
[2026-09-03 10:42:32.779961000][th:587274][info] GossipPubSub Relay addresses (0):
[2026-09-03 10:42:32.779965000][th:587274][warning] GossipPubSub Failed to get addresses from peer repository: not found
[2026-09-03 10:42:32.780056000][th:587274][info] GossipPubSub Found 1 valid network interfaces
[2026-09-03 10:42:32.780065000][th:587274][info] GossipPubSub Current network interfaces (1):
[2026-09-03 10:42:32.780066000][th:587274][info] GossipPubSub   -> 192.168.1.6
[2026-09-03 10:42:32.780068000][th:587274][info] GossipPubSub Active connections: 0
[2026-09-03 10:42:32.780069000][th:587274][info] GossipPubSub === PEER CONNECTION DETAILS ===
[2026-09-03 10:42:32.780070000][th:587274][info] GossipPubSub NOTE: Observed addresses need to be seen by 4+ different peer groups to become 'activated'
[2026-09-03 10:42:32.780071000][th:587274][info] GossipPubSub NOTE: Current connections: 0, so max possible observers: 0
[2026-09-03 10:42:32.780072000][th:587274][info] GossipPubSub === END PEER CONNECTION DETAILS ===
[2026-09-03 10:42:32.780073000][th:587274][info] GossipPubSub Connection manager stats:
[2026-09-03 10:42:32.780075000][th:587274][info] GossipPubSub   -> Max connections: 1000
[2026-09-03 10:42:32.780076000][th:587274][info] GossipPubSub   -> Current connections: 0
[2026-09-03 10:42:32.780079000][th:587274][info] GossipPubSub === END NETWORK STATE ===
[2026-09-03 10:42:32.780518000][th:587274][info] GossipPubSub /ip4/0.0.0.0/tcp/54611/p2p/12D3KooWJtBQkxJirqKcrp2TtrNFRTUWXuxoyYuoEacUrgZhazCn : PubSub service started
[2026-09-03 10:42:32][info][GlobalDB] Opening database /Users/henriqueklein/gnus/SuperGenius/multi_node_finality_fault/restart-certificate-validator-one/rocksdb
[2026-09-03 10:42:32][debug][GraphsyncDAGSyncer] GraphSyncer created 4415578648 
[2026-09-03 10:42:32][info][CrdtDatastore] crdt Datastore created. Number of heads: 0 Current max-height: 0
[2026-09-03 10:42:32][info][GeniusAccount] Secure storage ID path: /Users/henriqueklein/gnus/SuperGenius/multi_node_finality_fault/restart-certificate-validator-one/account/secure_storage_id
[2026-09-03 10:42:32][error][GeniusAccount] Could not find existing Genius address, generating one from a random mnemonic
[2026-09-03 10:42:32][warning][UTXOManager] Found UTXOs in storage, but there were none
[2026-09-03 10:42:32][info][Blockchain] [77e5b93b] Blockchain instance created with authorized full node: 8a33bdf1
[2026-09-03 10:42:32][error][ValidatorRegistry] InitializeCache: registry content not found during cache init
[2026-09-03 10:42:32][info][CRDTCallbackManager] Successfully registered new data callback for pattern: '/?gnus-validator-registry'
[2026-09-03 10:42:32][info][ValidatorRegistry] RegisterFilter: result=true
[2026-09-03 10:42:32][info][ValidatorRegistry] New: instance ready
[2026-09-03 10:42:32.828097000][th:587274][info] GossipPubSub /ip4/0.0.0.0/tcp/54611/p2p/12D3KooWJtBQkxJirqKcrp2TtrNFRTUWXuxoyYuoEacUrgZhazCn: PubSub subscribed to topic 'gnus-validator-registry.3.7.144'
[2026-09-03 10:42:32][info][CRDTCallbackManager] Successfully registered new data callback for pattern: '^/?cert/[^/]+'
[2026-09-03 10:42:32.828151000][th:587274][info] GossipPubSub /ip4/0.0.0.0/tcp/54611/p2p/12D3KooWJtBQkxJirqKcrp2TtrNFRTUWXuxoyYuoEacUrgZhazCn: PubSub subscribed to topic 'consensus-channel-.3.7.144'
[2026-09-03 10:42:32.828192000][th:587274][info] GossipPubSub /ip4/0.0.0.0/tcp/54611/p2p/12D3KooWJtBQkxJirqKcrp2TtrNFRTUWXuxoyYuoEacUrgZhazCn: PubSub subscribed to topic 'consensus-channel-.3.7.144#datastore.3.7.144'
[2026-09-03 10:42:32][warning][Blockchain] [77e5b93b] Failed to request validator registry during blockchain init
[2026-09-03 10:42:32][info][CRDTCallbackManager] Successfully registered new data callback for pattern: '/?gnus-genesis-block'
[2026-09-03 10:42:32][info][CRDTCallbackManager] Successfully registered new data callback for pattern: '/?gnus-account-creation-.*'
[2026-09-03 10:42:32][info][CRDTCallbackManager] Successfully registered new data callback for pattern: '^/?/bc-144/tx/[^/]+'
[2026-09-03 10:42:32][info][CRDTCallbackManager] Successfully registered deleted data callback for pattern: '^/?/bc-144/tx/[^/]+'
[2026-09-03 10:42:32][info][CRDTCallbackManager] Successfully registered new data callback for pattern: '^/?/bc-963/tx/[^/]+'
[2026-09-03 10:42:32][info][CRDTCallbackManager] Successfully registered deleted data callback for pattern: '^/?/bc-963/tx/[^/]+'
[2026-09-03 10:42:32][info][CRDTCallbackManager] Successfully registered new data callback for pattern: '^/?/bc-369/tx/[^/]+'
[2026-09-03 10:42:32][info][CRDTCallbackManager] Successfully registered deleted data callback for pattern: '^/?/bc-369/tx/[^/]+'
[2026-09-03 10:42:32][info][KeyPairFileStorage] Path to keypairs multi_node_finality_fault/restart-certificate-validator-two/keypair
[2026-09-03 10:42:32][info][KeyPairFileStorage] Peer ID from public key: 12D3KooWJpGJDMf5vcoKN3ved1snNNSRn1bnyqKbQPpdCm4QXWD5
Current limits: 16384 (soft), 9223372036854775807 (hard)
New limits set successfully: 16384 (soft), 9223372036854775807 (hard)
Initialized relay addresses
[2026-09-03 10:42:32.831463000][th:585327][info] GossipPubSub /ip4/0.0.0.0/tcp/54612/p2p/12D3KooWJpGJDMf5vcoKN3ved1snNNSRn1bnyqKbQPpdCm4QXWD5: Starting PubSub service
[2026-09-03 10:42:32.831629000][th:587296][info] GossipPubSub Starting address monitoring system for mobile network changes
[2026-09-03 10:42:32.831632000][th:587296][info] GossipPubSub === CURRENT NETWORK STATE ===
[2026-09-03 10:42:32.831646000][th:587296][info] GossipPubSub Primary listening address: /ip4/0.0.0.0/tcp/54612/p2p/12D3KooWJpGJDMf5vcoKN3ved1snNNSRn1bnyqKbQPpdCm4QXWD5
[2026-09-03 10:42:32.831649000][th:587296][info] GossipPubSub Host peer info addresses (0):
[2026-09-03 10:42:32.831650000][th:587296][info] GossipPubSub Additional addresses we track (0):
[2026-09-03 10:42:32.831652000][th:587296][info] GossipPubSub Listening addresses (1):
[2026-09-03 10:42:32.831653000][th:587296][info] GossipPubSub   -> /ip4/0.0.0.0/tcp/54612/p2p/12D3KooWJpGJDMf5vcoKN3ved1snNNSRn1bnyqKbQPpdCm4QXWD5
[2026-09-03 10:42:32.831654000][th:587296][info] GossipPubSub Interface addresses (0):
[2026-09-03 10:42:32.831655000][th:587296][info] GossipPubSub === RAW OBSERVED ADDRESS DEBUG ===
[2026-09-03 10:42:32.831658000][th:587296][info] GossipPubSub Local address: /ip4/0.0.0.0/tcp/54612/p2p/12D3KooWJpGJDMf5vcoKN3ved1snNNSRn1bnyqKbQPpdCm4QXWD5 -> 0 raw observed, 0 activated+confirmed
[2026-09-03 10:42:32.831660000][th:587296][info] GossipPubSub TOTAL: 0 raw observed addresses, 0 activated+confirmed addresses
[2026-09-03 10:42:32.831661000][th:587296][info] GossipPubSub === END RAW OBSERVED ADDRESS DEBUG ===
[2026-09-03 10:42:32.831669000][th:587296][info] GossipPubSub Observed addresses - all (0):
[2026-09-03 10:42:32.831671000][th:587296][info] GossipPubSub Observed addresses - confirmed only (0):
[2026-09-03 10:42:32.831672000][th:587296][info] GossipPubSub Relay addresses (0):
[2026-09-03 10:42:32.831675000][th:587296][warning] GossipPubSub Failed to get addresses from peer repository: not found
[2026-09-03 10:42:32.831755000][th:587296][info] GossipPubSub Found 1 valid network interfaces
[2026-09-03 10:42:32.831757000][th:587296][info] GossipPubSub Current network interfaces (1):
[2026-09-03 10:42:32.831758000][th:587296][info] GossipPubSub   -> 192.168.1.6
[2026-09-03 10:42:32.831760000][th:587296][info] GossipPubSub Active connections: 0
[2026-09-03 10:42:32.831761000][th:587296][info] GossipPubSub === PEER CONNECTION DETAILS ===
[2026-09-03 10:42:32.831762000][th:587296][info] GossipPubSub NOTE: Observed addresses need to be seen by 4+ different peer groups to become 'activated'
[2026-09-03 10:42:32.831763000][th:587296][info] GossipPubSub NOTE: Current connections: 0, so max possible observers: 0
[2026-09-03 10:42:32.831764000][th:587296][info] GossipPubSub === END PEER CONNECTION DETAILS ===
[2026-09-03 10:42:32.831765000][th:587296][info] GossipPubSub Connection manager stats:
[2026-09-03 10:42:32.831767000][th:587296][info] GossipPubSub   -> Max connections: 1000
[2026-09-03 10:42:32.831768000][th:587296][info] GossipPubSub   -> Current connections: 0
[2026-09-03 10:42:32.831769000][th:587296][info] GossipPubSub === END NETWORK STATE ===
[2026-09-03 10:42:32.832116000][th:587296][info] GossipPubSub /ip4/0.0.0.0/tcp/54612/p2p/12D3KooWJpGJDMf5vcoKN3ved1snNNSRn1bnyqKbQPpdCm4QXWD5 : PubSub service started
[2026-09-03 10:42:32][info][GlobalDB] Opening database /Users/henriqueklein/gnus/SuperGenius/multi_node_finality_fault/restart-certificate-validator-two/rocksdb
[2026-09-03 10:42:32][debug][GraphsyncDAGSyncer] GraphSyncer created 4419860904 
[2026-09-03 10:42:32][info][CrdtDatastore] crdt Datastore created. Number of heads: 0 Current max-height: 0
[2026-09-03 10:42:32][info][GeniusAccount] Secure storage ID path: /Users/henriqueklein/gnus/SuperGenius/multi_node_finality_fault/restart-certificate-validator-two/account/secure_storage_id
[2026-09-03 10:42:32][error][GeniusAccount] Could not find existing Genius address, generating one from a random mnemonic
[2026-09-03 10:42:32][warning][UTXOManager] Found UTXOs in storage, but there were none
[2026-09-03 10:42:32][info][Blockchain] [d464dc21] Blockchain instance created with authorized full node: 8a33bdf1
[2026-09-03 10:42:32][error][ValidatorRegistry] InitializeCache: registry content not found during cache init
[2026-09-03 10:42:32][info][CRDTCallbackManager] Successfully registered new data callback for pattern: '/?gnus-validator-registry'
[2026-09-03 10:42:32][info][ValidatorRegistry] RegisterFilter: result=true
[2026-09-03 10:42:32][info][ValidatorRegistry] New: instance ready
[2026-09-03 10:42:32.877471000][th:587296][info] GossipPubSub /ip4/0.0.0.0/tcp/54612/p2p/12D3KooWJpGJDMf5vcoKN3ved1snNNSRn1bnyqKbQPpdCm4QXWD5: PubSub subscribed to topic 'gnus-validator-registry.3.7.144'
[2026-09-03 10:42:32][info][CRDTCallbackManager] Successfully registered new data callback for pattern: '^/?cert/[^/]+'
[2026-09-03 10:42:32.877504000][th:587296][info] GossipPubSub /ip4/0.0.0.0/tcp/54612/p2p/12D3KooWJpGJDMf5vcoKN3ved1snNNSRn1bnyqKbQPpdCm4QXWD5: PubSub subscribed to topic 'consensus-channel-.3.7.144'
[2026-09-03 10:42:32.877519000][th:587296][info] GossipPubSub /ip4/0.0.0.0/tcp/54612/p2p/12D3KooWJpGJDMf5vcoKN3ved1snNNSRn1bnyqKbQPpdCm4QXWD5: PubSub subscribed to topic 'consensus-channel-.3.7.144#datastore.3.7.144'
[2026-09-03 10:42:32][warning][Blockchain] [d464dc21] Failed to request validator registry during blockchain init
[2026-09-03 10:42:32][info][CRDTCallbackManager] Successfully registered new data callback for pattern: '/?gnus-genesis-block'
[2026-09-03 10:42:32][info][CRDTCallbackManager] Successfully registered new data callback for pattern: '/?gnus-account-creation-.*'
[2026-09-03 10:42:32][info][CRDTCallbackManager] Successfully registered new data callback for pattern: '^/?/bc-144/tx/[^/]+'
[2026-09-03 10:42:32][info][CRDTCallbackManager] Successfully registered deleted data callback for pattern: '^/?/bc-144/tx/[^/]+'
[2026-09-03 10:42:32][info][CRDTCallbackManager] Successfully registered new data callback for pattern: '^/?/bc-963/tx/[^/]+'
[2026-09-03 10:42:32][info][CRDTCallbackManager] Successfully registered deleted data callback for pattern: '^/?/bc-963/tx/[^/]+'
[2026-09-03 10:42:32][info][CRDTCallbackManager] Successfully registered new data callback for pattern: '^/?/bc-369/tx/[^/]+'
[2026-09-03 10:42:32][info][CRDTCallbackManager] Successfully registered deleted data callback for pattern: '^/?/bc-369/tx/[^/]+'
[2026-09-03 10:42:32][info][KeyPairFileStorage] Path to keypairs multi_node_finality_fault/restart-certificate-validator-three/keypair
[2026-09-03 10:42:32][info][KeyPairFileStorage] Peer ID from public key: 12D3KooWFvCsxe2ZCGjn2ivov2ey9ptPBJwkgg9gL5d2VMdtz7nj
Current limits: 16384 (soft), 9223372036854775807 (hard)
New limits set successfully: 16384 (soft), 9223372036854775807 (hard)
Initialized relay addresses
[2026-09-03 10:42:32.880990000][th:585327][info] GossipPubSub /ip4/0.0.0.0/tcp/54613/p2p/12D3KooWFvCsxe2ZCGjn2ivov2ey9ptPBJwkgg9gL5d2VMdtz7nj: Starting PubSub service
[2026-09-03 10:42:32.881130000][th:587318][info] GossipPubSub Starting address monitoring system for mobile network changes
[2026-09-03 10:42:32.881134000][th:587318][info] GossipPubSub === CURRENT NETWORK STATE ===
[2026-09-03 10:42:32.881148000][th:587318][info] GossipPubSub Primary listening address: /ip4/0.0.0.0/tcp/54613/p2p/12D3KooWFvCsxe2ZCGjn2ivov2ey9ptPBJwkgg9gL5d2VMdtz7nj
[2026-09-03 10:42:32.881150000][th:587318][info] GossipPubSub Host peer info addresses (0):
[2026-09-03 10:42:32.881152000][th:587318][info] GossipPubSub Additional addresses we track (0):
[2026-09-03 10:42:32.881154000][th:587318][info] GossipPubSub Listening addresses (1):
[2026-09-03 10:42:32.881155000][th:587318][info] GossipPubSub   -> /ip4/0.0.0.0/tcp/54613/p2p/12D3KooWFvCsxe2ZCGjn2ivov2ey9ptPBJwkgg9gL5d2VMdtz7nj
[2026-09-03 10:42:32.881158000][th:587318][info] GossipPubSub Interface addresses (0):
[2026-09-03 10:42:32.881159000][th:587318][info] GossipPubSub === RAW OBSERVED ADDRESS DEBUG ===
[2026-09-03 10:42:32.881162000][th:587318][info] GossipPubSub Local address: /ip4/0.0.0.0/tcp/54613/p2p/12D3KooWFvCsxe2ZCGjn2ivov2ey9ptPBJwkgg9gL5d2VMdtz7nj -> 0 raw observed, 0 activated+confirmed
[2026-09-03 10:42:32.881165000][th:587318][info] GossipPubSub TOTAL: 0 raw observed addresses, 0 activated+confirmed addresses
[2026-09-03 10:42:32.881166000][th:587318][info] GossipPubSub === END RAW OBSERVED ADDRESS DEBUG ===
[2026-09-03 10:42:32.881168000][th:587318][info] GossipPubSub Observed addresses - all (0):
[2026-09-03 10:42:32.881170000][th:587318][info] GossipPubSub Observed addresses - confirmed only (0):
[2026-09-03 10:42:32.881171000][th:587318][info] GossipPubSub Relay addresses (0):
[2026-09-03 10:42:32.881175000][th:587318][warning] GossipPubSub Failed to get addresses from peer repository: not found
[2026-09-03 10:42:32.881239000][th:587318][info] GossipPubSub Found 1 valid network interfaces
[2026-09-03 10:42:32.881243000][th:587318][info] GossipPubSub Current network interfaces (1):
[2026-09-03 10:42:32.881244000][th:587318][info] GossipPubSub   -> 192.168.1.6
[2026-09-03 10:42:32.881247000][th:587318][info] GossipPubSub Active connections: 0
[2026-09-03 10:42:32.881248000][th:587318][info] GossipPubSub === PEER CONNECTION DETAILS ===
[2026-09-03 10:42:32.881250000][th:587318][info] GossipPubSub NOTE: Observed addresses need to be seen by 4+ different peer groups to become 'activated'
[2026-09-03 10:42:32.881252000][th:587318][info] GossipPubSub NOTE: Current connections: 0, so max possible observers: 0
[2026-09-03 10:42:32.881253000][th:587318][info] GossipPubSub === END PEER CONNECTION DETAILS ===
[2026-09-03 10:42:32.881254000][th:587318][info] GossipPubSub Connection manager stats:
[2026-09-03 10:42:32.881256000][th:587318][info] GossipPubSub   -> Max connections: 1000
[2026-09-03 10:42:32.881257000][th:587318][info] GossipPubSub   -> Current connections: 0
[2026-09-03 10:42:32.881258000][th:587318][info] GossipPubSub === END NETWORK STATE ===
[2026-09-03 10:42:32.881472000][th:587318][info] GossipPubSub /ip4/0.0.0.0/tcp/54613/p2p/12D3KooWFvCsxe2ZCGjn2ivov2ey9ptPBJwkgg9gL5d2VMdtz7nj : PubSub service started
[2026-09-03 10:42:32][info][GlobalDB] Opening database /Users/henriqueklein/gnus/SuperGenius/multi_node_finality_fault/restart-certificate-validator-three/rocksdb
[2026-09-03 10:42:32][debug][GraphsyncDAGSyncer] GraphSyncer created 4829823960 
[2026-09-03 10:42:32][info][CrdtDatastore] crdt Datastore created. Number of heads: 0 Current max-height: 0
[2026-09-03 10:42:32][info][GeniusAccount] Secure storage ID path: /Users/henriqueklein/gnus/SuperGenius/multi_node_finality_fault/restart-certificate-validator-three/account/secure_storage_id
[2026-09-03 10:42:32][error][GeniusAccount] Could not find existing Genius address, generating one from a random mnemonic
[2026-09-03 10:42:32][warning][UTXOManager] Found UTXOs in storage, but there were none
[2026-09-03 10:42:32][info][Blockchain] [562f5c48] Blockchain instance created with authorized full node: 8a33bdf1
[2026-09-03 10:42:32][error][ValidatorRegistry] InitializeCache: registry content not found during cache init
[2026-09-03 10:42:32][info][CRDTCallbackManager] Successfully registered new data callback for pattern: '/?gnus-validator-registry'
[2026-09-03 10:42:32][info][ValidatorRegistry] RegisterFilter: result=true
[2026-09-03 10:42:32][info][ValidatorRegistry] New: instance ready
[2026-09-03 10:42:32.918724000][th:587318][info] GossipPubSub /ip4/0.0.0.0/tcp/54613/p2p/12D3KooWFvCsxe2ZCGjn2ivov2ey9ptPBJwkgg9gL5d2VMdtz7nj: PubSub subscribed to topic 'gnus-validator-registry.3.7.144'
[2026-09-03 10:42:32][info][CRDTCallbackManager] Successfully registered new data callback for pattern: '^/?cert/[^/]+'
[2026-09-03 10:42:32.918752000][th:587318][info] GossipPubSub /ip4/0.0.0.0/tcp/54613/p2p/12D3KooWFvCsxe2ZCGjn2ivov2ey9ptPBJwkgg9gL5d2VMdtz7nj: PubSub subscribed to topic 'consensus-channel-.3.7.144'
[2026-09-03 10:42:32][warning][Blockchain] [562f5c48] Failed to request validator registry during blockchain init
[2026-09-03 10:42:32][info][CRDTCallbackManager] Successfully registered new data callback for pattern: '/?gnus-genesis-block'
[2026-09-03 10:42:32][info][CRDTCallbackManager] Successfully registered new data callback for pattern: '/?gnus-account-creation-.*'
[2026-09-03 10:42:32.918781000][th:587318][info] GossipPubSub /ip4/0.0.0.0/tcp/54613/p2p/12D3KooWFvCsxe2ZCGjn2ivov2ey9ptPBJwkgg9gL5d2VMdtz7nj: PubSub subscribed to topic 'consensus-channel-.3.7.144#datastore.3.7.144'
[2026-09-03 10:42:32][info][CRDTCallbackManager] Successfully registered new data callback for pattern: '^/?/bc-144/tx/[^/]+'
[2026-09-03 10:42:32][info][CRDTCallbackManager] Successfully registered deleted data callback for pattern: '^/?/bc-144/tx/[^/]+'
[2026-09-03 10:42:32][info][CRDTCallbackManager] Successfully registered new data callback for pattern: '^/?/bc-963/tx/[^/]+'
[2026-09-03 10:42:32][info][CRDTCallbackManager] Successfully registered deleted data callback for pattern: '^/?/bc-963/tx/[^/]+'
[2026-09-03 10:42:32][info][CRDTCallbackManager] Successfully registered new data callback for pattern: '^/?/bc-369/tx/[^/]+'
[2026-09-03 10:42:32][info][CRDTCallbackManager] Successfully registered deleted data callback for pattern: '^/?/bc-369/tx/[^/]+'
[2026-09-03 10:42:32][info][KeyPairFileStorage] Path to keypairs multi_node_finality_fault/restart-certificate-passive/keypair
[2026-09-03 10:42:32][info][KeyPairFileStorage] Peer ID from public key: 12D3KooWN41BfjSS2hAccnRKZodGhS4idA3xeZuebkD8xen4rXGC
Current limits: 16384 (soft), 9223372036854775807 (hard)
New limits set successfully: 16384 (soft), 9223372036854775807 (hard)
Initialized relay addresses
[2026-09-03 10:42:32.920643000][th:585327][info] GossipPubSub /ip4/0.0.0.0/tcp/54614/p2p/12D3KooWN41BfjSS2hAccnRKZodGhS4idA3xeZuebkD8xen4rXGC: Starting PubSub service
[2026-09-03 10:42:32.920700000][th:587340][info] GossipPubSub Starting address monitoring system for mobile network changes
[2026-09-03 10:42:32.920702000][th:587340][info] GossipPubSub === CURRENT NETWORK STATE ===
[2026-09-03 10:42:32.920709000][th:587340][info] GossipPubSub Primary listening address: /ip4/0.0.0.0/tcp/54614/p2p/12D3KooWN41BfjSS2hAccnRKZodGhS4idA3xeZuebkD8xen4rXGC
[2026-09-03 10:42:32.920710000][th:587340][info] GossipPubSub Host peer info addresses (0):
[2026-09-03 10:42:32.920711000][th:587340][info] GossipPubSub Additional addresses we track (0):
[2026-09-03 10:42:32.920712000][th:587340][info] GossipPubSub Listening addresses (1):
[2026-09-03 10:42:32.920713000][th:587340][info] GossipPubSub   -> /ip4/0.0.0.0/tcp/54614/p2p/12D3KooWN41BfjSS2hAccnRKZodGhS4idA3xeZuebkD8xen4rXGC
[2026-09-03 10:42:32.920714000][th:587340][info] GossipPubSub Interface addresses (0):
[2026-09-03 10:42:32.920714000][th:587340][info] GossipPubSub === RAW OBSERVED ADDRESS DEBUG ===
[2026-09-03 10:42:32.920716000][th:587340][info] GossipPubSub Local address: /ip4/0.0.0.0/tcp/54614/p2p/12D3KooWN41BfjSS2hAccnRKZodGhS4idA3xeZuebkD8xen4rXGC -> 0 raw observed, 0 activated+confirmed
[2026-09-03 10:42:32.920718000][th:587340][info] GossipPubSub TOTAL: 0 raw observed addresses, 0 activated+confirmed addresses
[2026-09-03 10:42:32.920718000][th:587340][info] GossipPubSub === END RAW OBSERVED ADDRESS DEBUG ===
[2026-09-03 10:42:32.920719000][th:587340][info] GossipPubSub Observed addresses - all (0):
[2026-09-03 10:42:32.920720000][th:587340][info] GossipPubSub Observed addresses - confirmed only (0):
[2026-09-03 10:42:32.920721000][th:587340][info] GossipPubSub Relay addresses (0):
[2026-09-03 10:42:32.920723000][th:587340][warning] GossipPubSub Failed to get addresses from peer repository: not found
[2026-09-03 10:42:32.920756000][th:587340][info] GossipPubSub Found 1 valid network interfaces
[2026-09-03 10:42:32.920757000][th:587340][info] GossipPubSub Current network interfaces (1):
[2026-09-03 10:42:32.920758000][th:587340][info] GossipPubSub   -> 192.168.1.6
[2026-09-03 10:42:32.920759000][th:587340][info] GossipPubSub Active connections: 0
[2026-09-03 10:42:32.920760000][th:587340][info] GossipPubSub === PEER CONNECTION DETAILS ===
[2026-09-03 10:42:32.920761000][th:587340][info] GossipPubSub NOTE: Observed addresses need to be seen by 4+ different peer groups to become 'activated'
[2026-09-03 10:42:32.920762000][th:587340][info] GossipPubSub NOTE: Current connections: 0, so max possible observers: 0
[2026-09-03 10:42:32.920763000][th:587340][info] GossipPubSub === END PEER CONNECTION DETAILS ===
[2026-09-03 10:42:32.920763000][th:587340][info] GossipPubSub Connection manager stats:
[2026-09-03 10:42:32.920764000][th:587340][info] GossipPubSub   -> Max connections: 1000
[2026-09-03 10:42:32.920765000][th:587340][info] GossipPubSub   -> Current connections: 0
[2026-09-03 10:42:32.920765000][th:587340][info] GossipPubSub === END NETWORK STATE ===
[2026-09-03 10:42:32.920900000][th:587340][info] GossipPubSub /ip4/0.0.0.0/tcp/54614/p2p/12D3KooWN41BfjSS2hAccnRKZodGhS4idA3xeZuebkD8xen4rXGC : PubSub service started
[2026-09-03 10:42:32][info][GlobalDB] Opening database /Users/henriqueklein/gnus/SuperGenius/multi_node_finality_fault/restart-certificate-passive/rocksdb
[2026-09-03 10:42:32][debug][GraphsyncDAGSyncer] GraphSyncer created 5098843672 
[2026-09-03 10:42:32][info][CrdtDatastore] crdt Datastore created. Number of heads: 0 Current max-height: 0
[2026-09-03 10:42:32][info][GeniusAccount] Secure storage ID path: /Users/henriqueklein/gnus/SuperGenius/multi_node_finality_fault/restart-certificate-passive/account/secure_storage_id
[2026-09-03 10:42:32][error][GeniusAccount] Could not find existing Genius address, generating one from a random mnemonic
[2026-09-03 10:42:32][warning][UTXOManager] Found UTXOs in storage, but there were none
[2026-09-03 10:42:32][info][Blockchain] [9f43c4fd] Blockchain instance created with authorized full node: 8a33bdf1
[2026-09-03 10:42:32][error][ValidatorRegistry] InitializeCache: registry content not found during cache init
[2026-09-03 10:42:32][info][CRDTCallbackManager] Successfully registered new data callback for pattern: '/?gnus-validator-registry'
[2026-09-03 10:42:32][info][ValidatorRegistry] RegisterFilter: result=true
[2026-09-03 10:42:32][info][ValidatorRegistry] New: instance ready
[2026-09-03 10:42:32.954918000][th:587340][info] GossipPubSub /ip4/0.0.0.0/tcp/54614/p2p/12D3KooWN41BfjSS2hAccnRKZodGhS4idA3xeZuebkD8xen4rXGC: PubSub subscribed to topic 'gnus-validator-registry.3.7.144'
[2026-09-03 10:42:32][info][CRDTCallbackManager] Successfully registered new data callback for pattern: '^/?cert/[^/]+'
[2026-09-03 10:42:32.954946000][th:587340][info] GossipPubSub /ip4/0.0.0.0/tcp/54614/p2p/12D3KooWN41BfjSS2hAccnRKZodGhS4idA3xeZuebkD8xen4rXGC: PubSub subscribed to topic 'consensus-channel-.3.7.144'
[2026-09-03 10:42:32][warning][Blockchain] [9f43c4fd] Failed to request validator registry during blockchain init
[2026-09-03 10:42:32][info][CRDTCallbackManager] Successfully registered new data callback for pattern: '/?gnus-genesis-block'
[2026-09-03 10:42:32.954967000][th:587340][info] GossipPubSub /ip4/0.0.0.0/tcp/54614/p2p/12D3KooWN41BfjSS2hAccnRKZodGhS4idA3xeZuebkD8xen4rXGC: PubSub subscribed to topic 'consensus-channel-.3.7.144#datastore.3.7.144'
[2026-09-03 10:42:32][info][CRDTCallbackManager] Successfully registered new data callback for pattern: '/?gnus-account-creation-.*'
[2026-09-03 10:42:32][info][CRDTCallbackManager] Successfully registered new data callback for pattern: '^/?/bc-144/tx/[^/]+'
[2026-09-03 10:42:32][info][CRDTCallbackManager] Successfully registered deleted data callback for pattern: '^/?/bc-144/tx/[^/]+'
[2026-09-03 10:42:32][info][CRDTCallbackManager] Successfully registered new data callback for pattern: '^/?/bc-963/tx/[^/]+'
[2026-09-03 10:42:32][info][CRDTCallbackManager] Successfully registered deleted data callback for pattern: '^/?/bc-963/tx/[^/]+'
[2026-09-03 10:42:32][info][CRDTCallbackManager] Successfully registered new data callback for pattern: '^/?/bc-369/tx/[^/]+'
[2026-09-03 10:42:32][info][CRDTCallbackManager] Successfully registered deleted data callback for pattern: '^/?/bc-369/tx/[^/]+'
[2026-09-03 10:42:32][info][CrdtDatastore] Topics { name="gnus-validator-registry" }
[2026-09-03 10:42:32][info][CRDTCallbackManager] Executing callback for key '/gnus-validator-registry' matching pattern '/?gnus-validator-registry'
[2026-09-03 10:42:32][info][ValidatorRegistry] RegistryUpdateReceived: cache updated and initialized
[2026-09-03 10:42:32][debug][GraphsyncDAGSyncer] addNode: Added node QmSRdehJG3jSSpPZDEEW4UtSgqxSYxs96rBDKSRsWBbXHQ on dagService 
[2026-09-03 10:42:32][info][ValidatorRegistry] StoreRegistryUpdate: stored registry update CID QmSRdehJG3jSSpPZDEEW4UtSgqxSYxs96rBDKSRsWBbXHQ
[2026-09-03 10:42:32][info][ValidatorRegistry] StoreRegistryUpdate: success
[2026-09-03 10:42:32][info][CrdtDatastore] Topics { name="gnus-validator-registry" }
[2026-09-03 10:42:32][info][CRDTCallbackManager] Executing callback for key '/gnus-validator-registry' matching pattern '/?gnus-validator-registry'
[2026-09-03 10:42:32][info][ValidatorRegistry] RegistryUpdateReceived: cache updated and initialized
[2026-09-03 10:42:32][debug][GraphsyncDAGSyncer] addNode: Added node QmSRdehJG3jSSpPZDEEW4UtSgqxSYxs96rBDKSRsWBbXHQ on dagService 
[2026-09-03 10:42:32][info][ValidatorRegistry] StoreRegistryUpdate: stored registry update CID QmSRdehJG3jSSpPZDEEW4UtSgqxSYxs96rBDKSRsWBbXHQ
[2026-09-03 10:42:32][info][ValidatorRegistry] StoreRegistryUpdate: success
[2026-09-03 10:42:32][info][CrdtDatastore] Topics { name="gnus-validator-registry" }
[2026-09-03 10:42:32][info][CRDTCallbackManager] Executing callback for key '/gnus-validator-registry' matching pattern '/?gnus-validator-registry'
[2026-09-03 10:42:32][info][ValidatorRegistry] RegistryUpdateReceived: cache updated and initialized
[2026-09-03 10:42:32][debug][GraphsyncDAGSyncer] addNode: Added node QmSRdehJG3jSSpPZDEEW4UtSgqxSYxs96rBDKSRsWBbXHQ on dagService 
[2026-09-03 10:42:32][info][ValidatorRegistry] StoreRegistryUpdate: stored registry update CID QmSRdehJG3jSSpPZDEEW4UtSgqxSYxs96rBDKSRsWBbXHQ
[2026-09-03 10:42:32][info][ValidatorRegistry] StoreRegistryUpdate: success
[2026-09-03 10:42:32][info][CrdtDatastore] Topics { name="gnus-validator-registry" }
[2026-09-03 10:42:32][info][CRDTCallbackManager] Executing callback for key '/gnus-validator-registry' matching pattern '/?gnus-validator-registry'
[2026-09-03 10:42:32][info][ValidatorRegistry] RegistryUpdateReceived: cache updated and initialized
[2026-09-03 10:42:32][debug][GraphsyncDAGSyncer] addNode: Added node QmSRdehJG3jSSpPZDEEW4UtSgqxSYxs96rBDKSRsWBbXHQ on dagService 
[2026-09-03 10:42:33][info][ValidatorRegistry] StoreRegistryUpdate: stored registry update CID QmSRdehJG3jSSpPZDEEW4UtSgqxSYxs96rBDKSRsWBbXHQ
[2026-09-03 10:42:33][info][ValidatorRegistry] StoreRegistryUpdate: success
[2026-09-03 10:42:33.003663000][th:587274][info] GossipPubSub Adding new peer: 12D3KooWJpGJDMf5vcoKN3ved1snNNSRn1bnyqKbQPpdCm4QXWD5
[2026-09-03 10:42:33.003737000][th:587274][info] GossipPubSub Adding new peer: 12D3KooWFvCsxe2ZCGjn2ivov2ey9ptPBJwkgg9gL5d2VMdtz7nj
[2026-09-03 10:42:33.003791000][th:587274][info] GossipPubSub Adding new peer: 12D3KooWN41BfjSS2hAccnRKZodGhS4idA3xeZuebkD8xen4rXGC
[2026-09-03 10:42:33.003829000][th:587296][info] GossipPubSub Adding new peer: 12D3KooWJtBQkxJirqKcrp2TtrNFRTUWXuxoyYuoEacUrgZhazCn
[2026-09-03 10:42:33.003893000][th:587296][info] GossipPubSub Adding new peer: 12D3KooWFvCsxe2ZCGjn2ivov2ey9ptPBJwkgg9gL5d2VMdtz7nj
[2026-09-03 10:42:33.003948000][th:587296][info] GossipPubSub Adding new peer: 12D3KooWN41BfjSS2hAccnRKZodGhS4idA3xeZuebkD8xen4rXGC
[2026-09-03 10:42:33.003983000][th:587318][info] GossipPubSub Adding new peer: 12D3KooWJtBQkxJirqKcrp2TtrNFRTUWXuxoyYuoEacUrgZhazCn
[2026-09-03 10:42:33.004035000][th:587318][info] GossipPubSub Adding new peer: 12D3KooWJpGJDMf5vcoKN3ved1snNNSRn1bnyqKbQPpdCm4QXWD5
[2026-09-03 10:42:33.004087000][th:587318][info] GossipPubSub Adding new peer: 12D3KooWN41BfjSS2hAccnRKZodGhS4idA3xeZuebkD8xen4rXGC
[2026-09-03 10:42:33.004143000][th:587340][info] GossipPubSub Adding new peer: 12D3KooWJtBQkxJirqKcrp2TtrNFRTUWXuxoyYuoEacUrgZhazCn
[2026-09-03 10:42:33.004211000][th:587340][info] GossipPubSub Adding new peer: 12D3KooWJpGJDMf5vcoKN3ved1snNNSRn1bnyqKbQPpdCm4QXWD5
[2026-09-03 10:42:33.004267000][th:587340][info] GossipPubSub Adding new peer: 12D3KooWFvCsxe2ZCGjn2ivov2ey9ptPBJwkgg9gL5d2VMdtz7nj
[2026-09-03 10:42:33][info][TransactionManager] [77e5b93b - full: false] ChangeTransactionState: Temp tracking entry created tx=553e451328784d7b1a8ddc21433bf1a627b547a884f0f02fc5604bd6b8aeb52e
26.09.03 10:42:33[38;2;128;128;128m.085544[0m  [38;2;255;069;000m[1mError   [0m  [1mNoiseHandshake[0m  [1mNoise handshake failed, Message is too short with 12D3KooWFvCsxe2ZCGjn2ivov2ey9ptPBJwkgg9gL5d2VMdtz7nj on address /ip4/192.168.1.6/tcp/54613[0m
26.09.03 10:42:33[38;2;128;128;128m.085561[0m  [38;2;255;069;000m[1mError   [0m  [1mNoiseHandshake[0m  [1mNoise handshake failed, Message is too short with 12D3KooWJtBQkxJirqKcrp2TtrNFRTUWXuxoyYuoEacUrgZhazCn on address /ip4/192.168.1.6/tcp/54611[0m
[2026-09-03 10:42:33][info][TransactionManager] [9f43c4fd - full: false] ChangeTransactionState: Temp tracking entry created tx=553e451328784d7b1a8ddc21433bf1a627b547a884f0f02fc5604bd6b8aeb52e
[2026-09-03 10:42:33][info][TransactionManager] [d464dc21 - full: false] ChangeTransactionState: Temp tracking entry created tx=553e451328784d7b1a8ddc21433bf1a627b547a884f0f02fc5604bd6b8aeb52e
[2026-09-03 10:42:33][info][TransactionManager] [562f5c48 - full: false] ChangeTransactionState: Temp tracking entry created tx=553e451328784d7b1a8ddc21433bf1a627b547a884f0f02fc5604bd6b8aeb52e
[2026-09-03 10:42:35][error][ConsensusManager] HandleVote: ignored: proposal has not won frozen slot arbitration proposal_id=fd0370c0
[2026-09-03 10:42:35][error][ConsensusManager] HandleVote: ignored: proposal has not won frozen slot arbitration proposal_id=fd0370c0
[2026-09-03 10:42:35][error][ConsensusManager] HandleVote: ignored: proposal has not won frozen slot arbitration proposal_id=fd0370c0
[2026-09-03 10:42:35][error][ConsensusManager] HandleVote: ignored: proposal has not won frozen slot arbitration proposal_id=fd0370c0
[2026-09-03 10:42:37][info][CrdtDatastore] Topics { name="consensus-channel-.3.7.144#datastore" }
[2026-09-03 10:42:37][info][CRDTCallbackManager] Executing callback for key '/cert/mint-v2:test:0000000000000000000000000000000000000000000000000000000000000000:42:77e5b93b48029a7c426644b78b42acd37c6cd46bb50caa8129b258acee39c93ef9db4cd6736c054aba67b7190f2f69aa956a591bf5846fcd82b30138f8694f58:cccccccccccccccccccccccccccccccccccccccccccccccccccccccccccccccc' matching pattern '^/?cert/[^/]+'
[2026-09-03 10:42:37][debug][GraphsyncDAGSyncer] addNode: Added node QmbNDsXhgg4AXojP4MVXhKfogP4SMckqcnkLPQ5uTSFMEU on dagService 
[2026-09-03 10:42:37][debug][GraphsyncDAGSyncer] Registered new peer 12D3KooWJpGJDMf5vcoKN3ved1snNNSRn1bnyqKbQPpdCm4QXWD5 with key 0
[2026-09-03 10:42:37][debug][GraphsyncDAGSyncer] Registered new peer 12D3KooWJpGJDMf5vcoKN3ved1snNNSRn1bnyqKbQPpdCm4QXWD5 with key 0
[2026-09-03 10:42:37][debug][GraphsyncDAGSyncer] Added route for CID QmbNDsXhgg4AXojP4MVXhKfogP4SMckqcnkLPQ5uTSFMEU to peer 12D3KooWJpGJDMf5vcoKN3ved1snNNSRn1bnyqKbQPpdCm4QXWD5 (key 0, route_count=1)
[2026-09-03 10:42:37][debug][GraphsyncDAGSyncer] Added route for CID QmbNDsXhgg4AXojP4MVXhKfogP4SMckqcnkLPQ5uTSFMEU to peer 12D3KooWJpGJDMf5vcoKN3ved1snNNSRn1bnyqKbQPpdCm4QXWD5 (key 0, route_count=1)
[2026-09-03 10:42:37][debug][GraphsyncDAGSyncer] Registered new peer 12D3KooWJpGJDMf5vcoKN3ved1snNNSRn1bnyqKbQPpdCm4QXWD5 with key 0
[2026-09-03 10:42:37][debug][GraphsyncDAGSyncer] Added route for CID QmbNDsXhgg4AXojP4MVXhKfogP4SMckqcnkLPQ5uTSFMEU to peer 12D3KooWJpGJDMf5vcoKN3ved1snNNSRn1bnyqKbQPpdCm4QXWD5 (key 0, route_count=1)
[2026-09-03 10:42:37][debug][GraphsyncDAGSyncer] Block initialized without content to LRU cache: CID QmbNDsXhgg4AXojP4MVXhKfogP4SMckqcnkLPQ5uTSFMEU, cache size: 1
[2026-09-03 10:42:37][debug][GraphsyncDAGSyncer] Requesting Node QmbNDsXhgg4AXojP4MVXhKfogP4SMckqcnkLPQ5uTSFMEU on this 5098843672
[2026-09-03 10:42:37][debug][GraphsyncDAGSyncer] Return node for CID QmbNDsXhgg4AXojP4MVXhKfogP4SMckqcnkLPQ5uTSFMEU instance=4419860904
[2026-09-03 10:42:37.517121000][th:587340][warning] graphsync Request 1 for CID QmbNDsXhgg4AXojP4MVXhKfogP4SMckqcnkLPQ5uTSFMEU got RS_FULL_CONTENT but no blocks received yet
[2026-09-03 10:42:37][debug][GraphsyncDAGSyncer] request progress: code=FULL_CONTENT, extensions=(graphsync/response-metadata: 0x80) (graphsync/do-not-send-cids: 0x80) 
[2026-09-03 10:42:37][debug][GraphsyncDAGSyncer] HasBlock: false, cid: QmbNDsXhgg4AXojP4MVXhKfogP4SMckqcnkLPQ5uTSFMEU
[2026-09-03 10:42:37][debug][GraphsyncDAGSyncer] Existing block updated in LRU cache: CID QmbNDsXhgg4AXojP4MVXhKfogP4SMckqcnkLPQ5uTSFMEU
[2026-09-03 10:42:37][debug][GraphsyncDAGSyncer] Node added to dagService. CID: QmbNDsXhgg4AXojP4MVXhKfogP4SMckqcnkLPQ5uTSFMEU, links: []
[2026-09-03 10:42:37][debug][GraphsyncDAGSyncer] Seeing if peer 12D3KooWJpGJDMf5vcoKN3ved1snNNSRn1bnyqKbQPpdCm4QXWD5 has links to AddRoute
[2026-09-03 10:42:37][info][GraphsyncDAGSyncer] TraverseCIDsLinks: Checking links on { cid="QmbNDsXhgg4AXojP4MVXhKfogP4SMckqcnkLPQ5uTSFMEU", name="" }
[2026-09-03 10:42:37][info][GraphsyncDAGSyncer] TraverseCIDsLinks: Completed traversal. Links to fetch: 0, Visited: 0
[2026-09-03 10:42:37][debug][GraphsyncDAGSyncer] Return node for CID QmbNDsXhgg4AXojP4MVXhKfogP4SMckqcnkLPQ5uTSFMEU instance=5098843672
[2026-09-03 10:42:37][info][CRDTCallbackManager] Executing callback for key '/cert/mint-v2:test:0000000000000000000000000000000000000000000000000000000000000000:42:77e5b93b48029a7c426644b78b42acd37c6cd46bb50caa8129b258acee39c93ef9db4cd6736c054aba67b7190f2f69aa956a591bf5846fcd82b30138f8694f58:cccccccccccccccccccccccccccccccccccccccccccccccccccccccccccccccc' matching pattern '^/?cert/[^/]+'
[2026-09-03 10:42:37][debug][GraphsyncDAGSyncer] addNode: Added node QmbNDsXhgg4AXojP4MVXhKfogP4SMckqcnkLPQ5uTSFMEU on dagService 
[2026-09-03 10:42:37][debug][GraphsyncDAGSyncer] Block removed from LRU cache: CID QmbNDsXhgg4AXojP4MVXhKfogP4SMckqcnkLPQ5uTSFMEU
[2026-09-03 10:42:37][debug][GraphsyncDAGSyncer] Registered new peer 12D3KooWN41BfjSS2hAccnRKZodGhS4idA3xeZuebkD8xen4rXGC with key 1
[2026-09-03 10:42:37][debug][GraphsyncDAGSyncer] Added route for CID QmbNDsXhgg4AXojP4MVXhKfogP4SMckqcnkLPQ5uTSFMEU to peer 12D3KooWN41BfjSS2hAccnRKZodGhS4idA3xeZuebkD8xen4rXGC (key 1, route_count=2)
[2026-09-03 10:42:37][debug][GraphsyncDAGSyncer] Registered new peer 12D3KooWN41BfjSS2hAccnRKZodGhS4idA3xeZuebkD8xen4rXGC with key 1
[2026-09-03 10:42:37][debug][GraphsyncDAGSyncer] Added route for CID QmbNDsXhgg4AXojP4MVXhKfogP4SMckqcnkLPQ5uTSFMEU to peer 12D3KooWN41BfjSS2hAccnRKZodGhS4idA3xeZuebkD8xen4rXGC (key 1, route_count=2)
[2026-09-03 10:42:37][debug][GraphsyncDAGSyncer] Block initialized without content to LRU cache: CID QmbNDsXhgg4AXojP4MVXhKfogP4SMckqcnkLPQ5uTSFMEU, cache size: 1
[2026-09-03 10:42:37][debug][GraphsyncDAGSyncer] Requesting Node QmbNDsXhgg4AXojP4MVXhKfogP4SMckqcnkLPQ5uTSFMEU on this 4415578648
[2026-09-03 10:42:37][debug][GraphsyncDAGSyncer] Return node for CID QmbNDsXhgg4AXojP4MVXhKfogP4SMckqcnkLPQ5uTSFMEU instance=4419860904
[2026-09-03 10:42:37.905224000][th:587274][warning] graphsync Request 1 for CID QmbNDsXhgg4AXojP4MVXhKfogP4SMckqcnkLPQ5uTSFMEU got RS_FULL_CONTENT but no blocks received yet
[2026-09-03 10:42:37][debug][GraphsyncDAGSyncer] request progress: code=FULL_CONTENT, extensions=(graphsync/response-metadata: 0x80) (graphsync/do-not-send-cids: 0x80) 
[2026-09-03 10:42:37][debug][GraphsyncDAGSyncer] HasBlock: false, cid: QmbNDsXhgg4AXojP4MVXhKfogP4SMckqcnkLPQ5uTSFMEU
[2026-09-03 10:42:37][debug][GraphsyncDAGSyncer] Existing block updated in LRU cache: CID QmbNDsXhgg4AXojP4MVXhKfogP4SMckqcnkLPQ5uTSFMEU
[2026-09-03 10:42:37][debug][GraphsyncDAGSyncer] Node added to dagService. CID: QmbNDsXhgg4AXojP4MVXhKfogP4SMckqcnkLPQ5uTSFMEU, links: []
[2026-09-03 10:42:37][debug][GraphsyncDAGSyncer] Seeing if peer 12D3KooWJpGJDMf5vcoKN3ved1snNNSRn1bnyqKbQPpdCm4QXWD5 has links to AddRoute
[2026-09-03 10:42:37][info][GraphsyncDAGSyncer] TraverseCIDsLinks: Checking links on { cid="QmbNDsXhgg4AXojP4MVXhKfogP4SMckqcnkLPQ5uTSFMEU", name="" }
[2026-09-03 10:42:37][info][GraphsyncDAGSyncer] TraverseCIDsLinks: Completed traversal. Links to fetch: 0, Visited: 0
[2026-09-03 10:42:37][debug][GraphsyncDAGSyncer] Block initialized without content to LRU cache: CID QmbNDsXhgg4AXojP4MVXhKfogP4SMckqcnkLPQ5uTSFMEU, cache size: 1
[2026-09-03 10:42:37][debug][GraphsyncDAGSyncer] Requesting Node QmbNDsXhgg4AXojP4MVXhKfogP4SMckqcnkLPQ5uTSFMEU on this 4829823960
[2026-09-03 10:42:37][debug][GraphsyncDAGSyncer] Return node for CID QmbNDsXhgg4AXojP4MVXhKfogP4SMckqcnkLPQ5uTSFMEU instance=4419860904
[2026-09-03 10:42:37.986632000][th:587318][warning] graphsync Request 1 for CID QmbNDsXhgg4AXojP4MVXhKfogP4SMckqcnkLPQ5uTSFMEU got RS_FULL_CONTENT but no blocks received yet
[2026-09-03 10:42:37][debug][GraphsyncDAGSyncer] request progress: code=FULL_CONTENT, extensions=(graphsync/response-metadata: 0x80) (graphsync/do-not-send-cids: 0x80) 
[2026-09-03 10:42:37][debug][GraphsyncDAGSyncer] HasBlock: false, cid: QmbNDsXhgg4AXojP4MVXhKfogP4SMckqcnkLPQ5uTSFMEU
[2026-09-03 10:42:37][debug][GraphsyncDAGSyncer] Existing block updated in LRU cache: CID QmbNDsXhgg4AXojP4MVXhKfogP4SMckqcnkLPQ5uTSFMEU
[2026-09-03 10:42:37][debug][GraphsyncDAGSyncer] Node added to dagService. CID: QmbNDsXhgg4AXojP4MVXhKfogP4SMckqcnkLPQ5uTSFMEU, links: []
[2026-09-03 10:42:37][debug][GraphsyncDAGSyncer] Seeing if peer 12D3KooWJpGJDMf5vcoKN3ved1snNNSRn1bnyqKbQPpdCm4QXWD5 has links to AddRoute
[2026-09-03 10:42:37][info][GraphsyncDAGSyncer] TraverseCIDsLinks: Checking links on { cid="QmbNDsXhgg4AXojP4MVXhKfogP4SMckqcnkLPQ5uTSFMEU", name="" }
[2026-09-03 10:42:37][info][GraphsyncDAGSyncer] TraverseCIDsLinks: Completed traversal. Links to fetch: 0, Visited: 0
[2026-09-03 10:42:38][debug][GraphsyncDAGSyncer] Return node for CID QmbNDsXhgg4AXojP4MVXhKfogP4SMckqcnkLPQ5uTSFMEU instance=4415578648
[2026-09-03 10:42:38][info][CRDTCallbackManager] Executing callback for key '/cert/mint-v2:test:0000000000000000000000000000000000000000000000000000000000000000:42:77e5b93b48029a7c426644b78b42acd37c6cd46bb50caa8129b258acee39c93ef9db4cd6736c054aba67b7190f2f69aa956a591bf5846fcd82b30138f8694f58:cccccccccccccccccccccccccccccccccccccccccccccccccccccccccccccccc' matching pattern '^/?cert/[^/]+'
[2026-09-03 10:42:38][info][UTXOManager] Stored 1 UTXOs for address 77e5b93b48029a7c426644b78b42acd37c6cd46bb50caa8129b258acee39c93ef9db4cd6736c054aba67b7190f2f69aa956a591bf5846fcd82b30138f8694f58
[2026-09-03 10:42:38][info][UTXOManager] Stored 2 UTXOs for address 77e5b93b48029a7c426644b78b42acd37c6cd46bb50caa8129b258acee39c93ef9db4cd6736c054aba67b7190f2f69aa956a591bf5846fcd82b30138f8694f58
[2026-09-03 10:42:38][warning][TransactionManager] [9f43c4fd - full: false] Mint-v2 553e451328784d7b1a8ddc21433bf1a627b547a884f0f02fc5604bd6b8aeb52e did not consume every burn input (already consumed or missing); burn outpoint metadata may have been rebuilt with zero amount
[2026-09-03 10:42:38][info][TransactionManager] [9f43c4fd - full: false] Created tokens (mint-v2), amount 42 balance 0
[2026-09-03 10:42:38][debug][GraphsyncDAGSyncer] addNode: Added node QmbNDsXhgg4AXojP4MVXhKfogP4SMckqcnkLPQ5uTSFMEU on dagService 
[2026-09-03 10:42:38][debug][GraphsyncDAGSyncer] Block removed from LRU cache: CID QmbNDsXhgg4AXojP4MVXhKfogP4SMckqcnkLPQ5uTSFMEU
[2026-09-03 10:42:38][info][TransactionManager] [9f43c4fd - full: false] ChangeTransactionState: Tracking entry confirmed tx=553e451328784d7b1a8ddc21433bf1a627b547a884f0f02fc5604bd6b8aeb52e
[2026-09-03 10:42:38][info][UTXOManager] Created checkpoint owner=9f43c4fd77dbe0817518fe189c22878bd791e0c524fc98ec67ee3199ad5cd45b57d4f78d0894d82c698e079490741c2f0d18523535768bee58f975d56cce55d8 epoch=1 utxo_count=0
[2026-09-03 10:42:38][debug][GraphsyncDAGSyncer] Return node for CID QmbNDsXhgg4AXojP4MVXhKfogP4SMckqcnkLPQ5uTSFMEU instance=4829823960
[2026-09-03 10:42:38][info][CRDTCallbackManager] Executing callback for key '/cert/mint-v2:test:0000000000000000000000000000000000000000000000000000000000000000:42:77e5b93b48029a7c426644b78b42acd37c6cd46bb50caa8129b258acee39c93ef9db4cd6736c054aba67b7190f2f69aa956a591bf5846fcd82b30138f8694f58:cccccccccccccccccccccccccccccccccccccccccccccccccccccccccccccccc' matching pattern '^/?cert/[^/]+'
[2026-09-03 10:42:38][debug][GraphsyncDAGSyncer] addNode: Added node QmbNDsXhgg4AXojP4MVXhKfogP4SMckqcnkLPQ5uTSFMEU on dagService 
[2026-09-03 10:42:38][debug][GraphsyncDAGSyncer] Block removed from LRU cache: CID QmbNDsXhgg4AXojP4MVXhKfogP4SMckqcnkLPQ5uTSFMEU
[2026-09-03 10:42:38][info][CRDTCallbackManager] Successfully unregistered new data callback for pattern: '^/?/bc-144/tx/[^/]+'
[2026-09-03 10:42:38][info][CRDTCallbackManager] Successfully unregistered deleted data callback for pattern: '^/?/bc-144/tx/[^/]+'
[2026-09-03 10:42:38][info][CRDTCallbackManager] Successfully unregistered new data callback for pattern: '^/?/bc-963/tx/[^/]+'
[2026-09-03 10:42:38][info][CRDTCallbackManager] Successfully unregistered deleted data callback for pattern: '^/?/bc-963/tx/[^/]+'
[2026-09-03 10:42:38][info][CRDTCallbackManager] Successfully unregistered new data callback for pattern: '^/?/bc-369/tx/[^/]+'
[2026-09-03 10:42:38][info][CRDTCallbackManager] Successfully unregistered deleted data callback for pattern: '^/?/bc-369/tx/[^/]+'
[2026-09-03 10:42:38][info][TransactionManager] [d464dc21 - full: false] ~TransactionManager: Metrics — cert_fallback(success=0 failure=0) validation(approve=1 reject=0) tracking(insert=1 confirm=0 fail=0)
[2026-09-03 10:42:38][info][Blockchain] [d464dc21] Stopping blockchain
[2026-09-03 10:42:38][info][CRDTCallbackManager] Successfully unregistered new data callback for pattern: '/?gnus-genesis-block'
[2026-09-03 10:42:38][info][CRDTCallbackManager] Successfully unregistered new data callback for pattern: '/?gnus-account-creation-.*'
[2026-09-03 10:42:38][info][CRDTCallbackManager] Successfully unregistered new data callback for pattern: '/?gnus-validator-registry'
[2026-09-03 10:42:38][debug][GlobalDB] ~GlobalDB CALLED with count 6 on multi_node_finality_fault/restart-certificate-validator-two/rocksdb 
[2026-09-03 10:42:38][info][GlobalDB] GlobalDB shutdown start
[2026-09-03 10:42:38][info][CrdtDatastore] CancelAndCloseNow: begin (pending_jobs=0, self_queue=0, root_queue=0, pending_roots=0, active_root=false)
[2026-09-03 10:42:38][debug][GraphsyncDAGSyncer] Stopping Dagsyncer
[2026-09-03 10:42:38][debug][GraphsyncDAGSyncer] Dagsyncer Stopped
[2026-09-03 10:42:38.135947000][th:587318][error] graphsync Varint Error msg=Stream: closed by remote peer
[2026-09-03 10:42:38.135952000][th:587318][info] graphsync stream read error, peer=4QXWD5, msg=stream is not readable
[2026-09-03 10:42:38.135961000][th:587274][error] graphsync Varint Error msg=Stream: closed by remote peer
[2026-09-03 10:42:38.135964000][th:587274][info] graphsync stream read error, peer=4QXWD5, msg=stream is not readable
[2026-09-03 10:42:38.135967000][th:587340][error] graphsync Varint Error msg=Stream: closed by remote peer
[2026-09-03 10:42:38.135971000][th:587340][info] graphsync stream read error, peer=4QXWD5, msg=stream is not readable
[2026-09-03 10:42:38.136010000][th:587296][error] graphsync Varint Error msg=Stream: closed by this host
[2026-09-03 10:42:38.136020000][th:587296][error] graphsync Varint Error msg=Stream: closed by this host
[2026-09-03 10:42:38.136044000][th:587296][error] graphsync Varint Error msg=Stream: closed by this host
[2026-09-03 10:42:38][info][CrdtDatastore] CancelAndCloseNow: CRDT workers stopped
[2026-09-03 10:42:38][warning][CrdtDatastore] CancelAndCloseNow called but shutdown has already started
[2026-09-03 10:42:38][debug][GraphsyncDAGSyncer] ~GraphsyncDAGSyncer CALLED
[2026-09-03 10:42:38][info][GlobalDB] GlobalDB shutdown finished
[2026-09-03 10:42:38.445495000][th:587296][error] GossipPubSub Address monitoring timer error: Operation canceled
[2026-09-03 10:42:38][info][UTXOManager] Stored 1 UTXOs for address 77e5b93b48029a7c426644b78b42acd37c6cd46bb50caa8129b258acee39c93ef9db4cd6736c054aba67b7190f2f69aa956a591bf5846fcd82b30138f8694f58
[2026-09-03 10:42:38][info][UTXOManager] Stored 2 UTXOs for address 77e5b93b48029a7c426644b78b42acd37c6cd46bb50caa8129b258acee39c93ef9db4cd6736c054aba67b7190f2f69aa956a591bf5846fcd82b30138f8694f58
[2026-09-03 10:42:38][warning][TransactionManager] [77e5b93b - full: false] Mint-v2 553e451328784d7b1a8ddc21433bf1a627b547a884f0f02fc5604bd6b8aeb52e did not consume every burn input (already consumed or missing); burn outpoint metadata may have been rebuilt with zero amount
[2026-09-03 10:42:38][info][TransactionManager] [77e5b93b - full: false] Created tokens (mint-v2), amount 42 balance 42
[2026-09-03 10:42:38][info][TransactionManager] [77e5b93b - full: false] ChangeTransactionState: Tracking entry confirmed tx=553e451328784d7b1a8ddc21433bf1a627b547a884f0f02fc5604bd6b8aeb52e
[2026-09-03 10:42:38][info][UTXOManager] Created checkpoint owner=77e5b93b48029a7c426644b78b42acd37c6cd46bb50caa8129b258acee39c93ef9db4cd6736c054aba67b7190f2f69aa956a591bf5846fcd82b30138f8694f58 epoch=1 utxo_count=1
[2026-09-03 10:42:38][info][UTXOManager] Stored 1 UTXOs for address 77e5b93b48029a7c426644b78b42acd37c6cd46bb50caa8129b258acee39c93ef9db4cd6736c054aba67b7190f2f69aa956a591bf5846fcd82b30138f8694f58
[2026-09-03 10:42:38][info][UTXOManager] Stored 2 UTXOs for address 77e5b93b48029a7c426644b78b42acd37c6cd46bb50caa8129b258acee39c93ef9db4cd6736c054aba67b7190f2f69aa956a591bf5846fcd82b30138f8694f58
[2026-09-03 10:42:38][warning][TransactionManager] [562f5c48 - full: false] Mint-v2 553e451328784d7b1a8ddc21433bf1a627b547a884f0f02fc5604bd6b8aeb52e did not consume every burn input (already consumed or missing); burn outpoint metadata may have been rebuilt with zero amount
[2026-09-03 10:42:38][info][TransactionManager] [562f5c48 - full: false] Created tokens (mint-v2), amount 42 balance 0
[2026-09-03 10:42:38][info][TransactionManager] [562f5c48 - full: false] ChangeTransactionState: Tracking entry confirmed tx=553e451328784d7b1a8ddc21433bf1a627b547a884f0f02fc5604bd6b8aeb52e
[2026-09-03 10:42:38][info][UTXOManager] Created checkpoint owner=562f5c48a961a114bc46903f550c63541426afcc524715217a82d552500b8b3be639b4dfc4ffc43b0f978281553a0fe500b0b4fbe57fb03e67bcb95fff8a15f6 epoch=1 utxo_count=0
[2026-09-03 10:42:39][info][KeyPairFileStorage] Path to keypairs multi_node_finality_fault/restart-certificate-validator-two/keypair
[2026-09-03 10:42:39][info][KeyPairFileStorage] Peer ID from public key: 12D3KooWJpGJDMf5vcoKN3ved1snNNSRn1bnyqKbQPpdCm4QXWD5
Current limits: 16384 (soft), 9223372036854775807 (hard)
New limits set successfully: 16384 (soft), 9223372036854775807 (hard)
Initialized relay addresses
[2026-09-03 10:42:39.460934000][th:585327][info] GossipPubSub /ip4/0.0.0.0/tcp/54612/p2p/12D3KooWJpGJDMf5vcoKN3ved1snNNSRn1bnyqKbQPpdCm4QXWD5: Starting PubSub service
[2026-09-03 10:42:39.461174000][th:587872][info] GossipPubSub Starting address monitoring system for mobile network changes
[2026-09-03 10:42:39.461186000][th:587872][info] GossipPubSub === CURRENT NETWORK STATE ===
[2026-09-03 10:42:39.461262000][th:587872][info] GossipPubSub Primary listening address: /ip4/0.0.0.0/tcp/54612/p2p/12D3KooWJpGJDMf5vcoKN3ved1snNNSRn1bnyqKbQPpdCm4QXWD5
[2026-09-03 10:42:39.461272000][th:587872][info] GossipPubSub Host peer info addresses (0):
[2026-09-03 10:42:39.461274000][th:587872][info] GossipPubSub Additional addresses we track (0):
[2026-09-03 10:42:39.461276000][th:587872][info] GossipPubSub Listening addresses (1):
[2026-09-03 10:42:39.461278000][th:587872][info] GossipPubSub   -> /ip4/0.0.0.0/tcp/54612/p2p/12D3KooWJpGJDMf5vcoKN3ved1snNNSRn1bnyqKbQPpdCm4QXWD5
[2026-09-03 10:42:39.461280000][th:587872][info] GossipPubSub Interface addresses (0):
[2026-09-03 10:42:39.461281000][th:587872][info] GossipPubSub === RAW OBSERVED ADDRESS DEBUG ===
[2026-09-03 10:42:39.461286000][th:587872][info] GossipPubSub Local address: /ip4/0.0.0.0/tcp/54612/p2p/12D3KooWJpGJDMf5vcoKN3ved1snNNSRn1bnyqKbQPpdCm4QXWD5 -> 0 raw observed, 0 activated+confirmed
[2026-09-03 10:42:39.461288000][th:587872][info] GossipPubSub TOTAL: 0 raw observed addresses, 0 activated+confirmed addresses
[2026-09-03 10:42:39.461303000][th:587872][info] GossipPubSub === END RAW OBSERVED ADDRESS DEBUG ===
[2026-09-03 10:42:39.461305000][th:587872][info] GossipPubSub Observed addresses - all (0):
[2026-09-03 10:42:39.461306000][th:587872][info] GossipPubSub Observed addresses - confirmed only (0):
[2026-09-03 10:42:39.461307000][th:587872][info] GossipPubSub Relay addresses (0):
[2026-09-03 10:42:39.461312000][th:587872][warning] GossipPubSub Failed to get addresses from peer repository: not found
[2026-09-03 10:42:39.461408000][th:587872][info] GossipPubSub Found 1 valid network interfaces
[2026-09-03 10:42:39.461417000][th:587872][info] GossipPubSub Current network interfaces (1):
[2026-09-03 10:42:39.461418000][th:587872][info] GossipPubSub   -> 192.168.1.6
[2026-09-03 10:42:39.461420000][th:587872][info] GossipPubSub Active connections: 0
[2026-09-03 10:42:39.461421000][th:587872][info] GossipPubSub === PEER CONNECTION DETAILS ===
[2026-09-03 10:42:39.461423000][th:587872][info] GossipPubSub NOTE: Observed addresses need to be seen by 4+ different peer groups to become 'activated'
[2026-09-03 10:42:39.461424000][th:587872][info] GossipPubSub NOTE: Current connections: 0, so max possible observers: 0
[2026-09-03 10:42:39.461425000][th:587872][info] GossipPubSub === END PEER CONNECTION DETAILS ===
[2026-09-03 10:42:39.461426000][th:587872][info] GossipPubSub Connection manager stats:
[2026-09-03 10:42:39.461428000][th:587872][info] GossipPubSub   -> Max connections: 1000
[2026-09-03 10:42:39.461429000][th:587872][info] GossipPubSub   -> Current connections: 0
[2026-09-03 10:42:39.461430000][th:587872][info] GossipPubSub === END NETWORK STATE ===
[2026-09-03 10:42:39.461825000][th:587872][info] GossipPubSub /ip4/0.0.0.0/tcp/54612/p2p/12D3KooWJpGJDMf5vcoKN3ved1snNNSRn1bnyqKbQPpdCm4QXWD5 : PubSub service started
[2026-09-03 10:42:39][info][GlobalDB] Opening database /Users/henriqueklein/gnus/SuperGenius/multi_node_finality_fault/restart-certificate-validator-two/rocksdb
[2026-09-03 10:42:39][debug][GraphsyncDAGSyncer] GraphSyncer created 4420817368 
[2026-09-03 10:42:39][info][CrdtDatastore] crdt Datastore created. Number of heads: 2 Current max-height: 18446744073709551615
[2026-09-03 10:42:39][info][GeniusAccount] Secure storage ID path: /Users/henriqueklein/gnus/SuperGenius/multi_node_finality_fault/restart-certificate-validator-two/account/secure_storage_id
[2026-09-03 10:42:39][info][GeniusAccount] Loaded public key from file: d464dc218ca4dfe1... (length: 128)
[2026-09-03 10:42:39][info][GeniusAccount] Successfully loaded key_seed from storage
[2026-09-03 10:42:39][info][GeniusAccount] Validation successful: key_seed matches stored public key
[2026-09-03 10:42:39][warning][UTXOManager] Found UTXOs in storage, but there were none
[2026-09-03 10:42:39][info][Blockchain] [d464dc21] Blockchain instance created with authorized full node: 8a33bdf1
[2026-09-03 10:42:39][info][ValidatorRegistry] InitializeCache: cache initialized with CID QmSRdehJG3jSSpPZDEEW4UtSgqxSYxs96rBDKSRsWBbXHQ
[2026-09-03 10:42:39][info][CRDTCallbackManager] Successfully registered new data callback for pattern: '/?gnus-validator-registry'
[2026-09-03 10:42:39][info][ValidatorRegistry] RegisterFilter: result=true
[2026-09-03 10:42:39][info][ValidatorRegistry] New: instance ready
[2026-09-03 10:42:39.493561000][th:587872][info] GossipPubSub /ip4/0.0.0.0/tcp/54612/p2p/12D3KooWJpGJDMf5vcoKN3ved1snNNSRn1bnyqKbQPpdCm4QXWD5: PubSub subscribed to topic 'gnus-validator-registry.3.7.144'
[2026-09-03 10:42:39.493596000][th:587872][info] GossipPubSub /ip4/0.0.0.0/tcp/54612/p2p/12D3KooWJpGJDMf5vcoKN3ved1snNNSRn1bnyqKbQPpdCm4QXWD5: PubSub subscribed to topic 'consensus-channel-.3.7.144'
[2026-09-03 10:42:39][info][CRDTCallbackManager] Successfully registered new data callback for pattern: '^/?cert/[^/]+'
[2026-09-03 10:42:39.493621000][th:587872][info] GossipPubSub /ip4/0.0.0.0/tcp/54612/p2p/12D3KooWJpGJDMf5vcoKN3ved1snNNSRn1bnyqKbQPpdCm4QXWD5: PubSub subscribed to topic 'consensus-channel-.3.7.144#datastore.3.7.144'
[2026-09-03 10:42:39][warning][ConsensusManager] ProcessCommittedCertificate: No subject handler for certificate with key /cert/mint-v2:test:0000000000000000000000000000000000000000000000000000000000000000:42:77e5b93b48029a7c426644b78b42acd37c6cd46bb50caa8129b258acee39c93ef9db4cd6736c054aba67b7190f2f69aa956a591bf5846fcd82b30138f8694f58:cccccccccccccccccccccccccccccccccccccccccccccccccccccccccccccccc 
[2026-09-03 10:42:39][warning][ConsensusManager] ProcessCommittedCertificate: No subject handler for certificate with key /cert/mint-v2:test:0000000000000000000000000000000000000000000000000000000000000000:42:77e5b93b48029a7c426644b78b42acd37c6cd46bb50caa8129b258acee39c93ef9db4cd6736c054aba67b7190f2f69aa956a591bf5846fcd82b30138f8694f58:cccccccccccccccccccccccccccccccccccccccccccccccccccccccccccccccc 
[2026-09-03 10:42:39][info][CRDTCallbackManager] Successfully registered new data callback for pattern: '/?gnus-genesis-block'
[2026-09-03 10:42:39][info][CRDTCallbackManager] Successfully registered new data callback for pattern: '/?gnus-account-creation-.*'
[2026-09-03 10:42:39][info][UTXOManager] Stored 1 UTXOs for address 77e5b93b48029a7c426644b78b42acd37c6cd46bb50caa8129b258acee39c93ef9db4cd6736c054aba67b7190f2f69aa956a591bf5846fcd82b30138f8694f58
[2026-09-03 10:42:39][info][UTXOManager] Stored 2 UTXOs for address 77e5b93b48029a7c426644b78b42acd37c6cd46bb50caa8129b258acee39c93ef9db4cd6736c054aba67b7190f2f69aa956a591bf5846fcd82b30138f8694f58
[2026-09-03 10:42:39][warning][TransactionManager] [d464dc21 - full: false] Mint-v2 553e451328784d7b1a8ddc21433bf1a627b547a884f0f02fc5604bd6b8aeb52e did not consume every burn input (already consumed or missing); burn outpoint metadata may have been rebuilt with zero amount
[2026-09-03 10:42:39][info][TransactionManager] [d464dc21 - full: false] Created tokens (mint-v2), amount 42 balance 0
[2026-09-03 10:42:39][info][TransactionManager] [d464dc21 - full: false] ChangeTransactionState: Tracking entry confirmed tx=553e451328784d7b1a8ddc21433bf1a627b547a884f0f02fc5604bd6b8aeb52e
[2026-09-03 10:42:39][info][TransactionManager] [d464dc21 - full: false] OnConsensusCertificate: Standalone validator confirmed tx 553e451328784d7b1a8ddc21433bf1a627b547a884f0f02fc5604bd6b8aeb52e from certificate proposal_id=fd0370c05e627db309b6acf16fc8d5defd6677a98a9b10e8447b5ea1f9a8eb35
[2026-09-03 10:42:39][info][UTXOManager] Created checkpoint owner=d464dc218ca4dfe12cbbba8aca81b0903c303c982412563155996fd1b9c7901513e32c19873d91db13f643bdc1819823f4e40f82f06bace0a66d60f3b849ff56 epoch=1 utxo_count=0
[2026-09-03 10:42:39][info][CRDTCallbackManager] Successfully registered new data callback for pattern: '^/?/bc-144/tx/[^/]+'
[2026-09-03 10:42:39][info][CRDTCallbackManager] Successfully registered deleted data callback for pattern: '^/?/bc-144/tx/[^/]+'
[2026-09-03 10:42:39][info][CRDTCallbackManager] Successfully registered new data callback for pattern: '^/?/bc-963/tx/[^/]+'
[2026-09-03 10:42:39][info][CRDTCallbackManager] Successfully registered deleted data callback for pattern: '^/?/bc-963/tx/[^/]+'
[2026-09-03 10:42:39][info][CRDTCallbackManager] Successfully registered new data callback for pattern: '^/?/bc-369/tx/[^/]+'
[2026-09-03 10:42:39][info][CRDTCallbackManager] Successfully registered deleted data callback for pattern: '^/?/bc-369/tx/[^/]+'
[2026-09-03 10:42:39.538269000][th:587274][info] GossipPubSub Adding new peer: 12D3KooWJpGJDMf5vcoKN3ved1snNNSRn1bnyqKbQPpdCm4QXWD5
[2026-09-03 10:42:39.538361000][th:587274][info] GossipPubSub Adding new peer: 12D3KooWFvCsxe2ZCGjn2ivov2ey9ptPBJwkgg9gL5d2VMdtz7nj
[2026-09-03 10:42:39.538451000][th:587274][info] GossipPubSub Adding new peer: 12D3KooWN41BfjSS2hAccnRKZodGhS4idA3xeZuebkD8xen4rXGC
[2026-09-03 10:42:39.538542000][th:587872][info] GossipPubSub Adding new peer: 12D3KooWJtBQkxJirqKcrp2TtrNFRTUWXuxoyYuoEacUrgZhazCn
[2026-09-03 10:42:39.538630000][th:587872][info] GossipPubSub Adding new peer: 12D3KooWFvCsxe2ZCGjn2ivov2ey9ptPBJwkgg9gL5d2VMdtz7nj
[2026-09-03 10:42:39.538714000][th:587872][info] GossipPubSub Adding new peer: 12D3KooWN41BfjSS2hAccnRKZodGhS4idA3xeZuebkD8xen4rXGC
[2026-09-03 10:42:39.538801000][th:587318][info] GossipPubSub Adding new peer: 12D3KooWJtBQkxJirqKcrp2TtrNFRTUWXuxoyYuoEacUrgZhazCn
[2026-09-03 10:42:39.538887000][th:587318][info] GossipPubSub Adding new peer: 12D3KooWJpGJDMf5vcoKN3ved1snNNSRn1bnyqKbQPpdCm4QXWD5
[2026-09-03 10:42:39.538975000][th:587318][info] GossipPubSub Adding new peer: 12D3KooWN41BfjSS2hAccnRKZodGhS4idA3xeZuebkD8xen4rXGC
[2026-09-03 10:42:39.539062000][th:587340][info] GossipPubSub Adding new peer: 12D3KooWJtBQkxJirqKcrp2TtrNFRTUWXuxoyYuoEacUrgZhazCn
[2026-09-03 10:42:39.539145000][th:587340][info] GossipPubSub Adding new peer: 12D3KooWJpGJDMf5vcoKN3ved1snNNSRn1bnyqKbQPpdCm4QXWD5
[2026-09-03 10:42:39.539229000][th:587340][info] GossipPubSub Adding new peer: 12D3KooWFvCsxe2ZCGjn2ivov2ey9ptPBJwkgg9gL5d2VMdtz7nj
[2026-09-03 10:42:39][info][CRDTCallbackManager] Successfully unregistered new data callback for pattern: '^/?/bc-144/tx/[^/]+'
[2026-09-03 10:42:39][info][CRDTCallbackManager] Successfully unregistered deleted data callback for pattern: '^/?/bc-144/tx/[^/]+'
[2026-09-03 10:42:39][info][CRDTCallbackManager] Successfully unregistered new data callback for pattern: '^/?/bc-963/tx/[^/]+'
[2026-09-03 10:42:39][info][CRDTCallbackManager] Successfully unregistered deleted data callback for pattern: '^/?/bc-963/tx/[^/]+'
[2026-09-03 10:42:39][info][CRDTCallbackManager] Successfully unregistered new data callback for pattern: '^/?/bc-369/tx/[^/]+'
[2026-09-03 10:42:39][info][CRDTCallbackManager] Successfully unregistered deleted data callback for pattern: '^/?/bc-369/tx/[^/]+'
[2026-09-03 10:42:39][info][TransactionManager] [77e5b93b - full: false] ~TransactionManager: Metrics — cert_fallback(success=0 failure=0) validation(approve=1 reject=0) tracking(insert=1 confirm=1 fail=0)
[2026-09-03 10:42:39][info][Blockchain] [77e5b93b] Stopping blockchain
[2026-09-03 10:42:39][info][CRDTCallbackManager] Successfully unregistered new data callback for pattern: '/?gnus-genesis-block'
[2026-09-03 10:42:39][info][CRDTCallbackManager] Successfully unregistered new data callback for pattern: '/?gnus-account-creation-.*'
[2026-09-03 10:42:39][info][CRDTCallbackManager] Successfully unregistered new data callback for pattern: '/?gnus-validator-registry'
[2026-09-03 10:42:39][debug][GlobalDB] ~GlobalDB CALLED with count 6 on multi_node_finality_fault/restart-certificate-validator-one/rocksdb 
[2026-09-03 10:42:39][info][GlobalDB] GlobalDB shutdown start
[2026-09-03 10:42:39][info][CrdtDatastore] CancelAndCloseNow: begin (pending_jobs=1, self_queue=0, root_queue=0, pending_roots=0, active_root=false)
[2026-09-03 10:42:39][debug][GraphsyncDAGSyncer] Stopping Dagsyncer
[2026-09-03 10:42:39][debug][GraphsyncDAGSyncer] Dagsyncer Stopped
[2026-09-03 10:42:39][info][CrdtDatastore] CancelAndCloseNow: CRDT workers stopped
[2026-09-03 10:42:39][warning][CrdtDatastore] CancelAndCloseNow called but shutdown has already started
[2026-09-03 10:42:39][debug][GraphsyncDAGSyncer] ~GraphsyncDAGSyncer CALLED
[2026-09-03 10:42:39][info][GlobalDB] GlobalDB shutdown finished
[2026-09-03 10:42:39.926260000][th:587274][error] GossipPubSub Address monitoring timer error: Operation canceled
[2026-09-03 10:42:40][info][KeyPairFileStorage] Path to keypairs multi_node_finality_fault/restart-certificate-validator-one/keypair
[2026-09-03 10:42:40][info][KeyPairFileStorage] Peer ID from public key: 12D3KooWJtBQkxJirqKcrp2TtrNFRTUWXuxoyYuoEacUrgZhazCn
Current limits: 16384 (soft), 9223372036854775807 (hard)
New limits set successfully: 16384 (soft), 9223372036854775807 (hard)
Initialized relay addresses
[2026-09-03 10:42:40.939707000][th:585327][info] GossipPubSub /ip4/0.0.0.0/tcp/54611/p2p/12D3KooWJtBQkxJirqKcrp2TtrNFRTUWXuxoyYuoEacUrgZhazCn: Starting PubSub service
[2026-09-03 10:42:40.940030000][th:588016][info] GossipPubSub Starting address monitoring system for mobile network changes
[2026-09-03 10:42:40.940035000][th:588016][info] GossipPubSub === CURRENT NETWORK STATE ===
[2026-09-03 10:42:40.940058000][th:588016][info] GossipPubSub Primary listening address: /ip4/0.0.0.0/tcp/54611/p2p/12D3KooWJtBQkxJirqKcrp2TtrNFRTUWXuxoyYuoEacUrgZhazCn
[2026-09-03 10:42:40.940060000][th:588016][info] GossipPubSub Host peer info addresses (0):
[2026-09-03 10:42:40.940061000][th:588016][info] GossipPubSub Additional addresses we track (0):
[2026-09-03 10:42:40.940062000][th:588016][info] GossipPubSub Listening addresses (1):
[2026-09-03 10:42:40.940064000][th:588016][info] GossipPubSub   -> /ip4/0.0.0.0/tcp/54611/p2p/12D3KooWJtBQkxJirqKcrp2TtrNFRTUWXuxoyYuoEacUrgZhazCn
[2026-09-03 10:42:40.940066000][th:588016][info] GossipPubSub Interface addresses (0):
[2026-09-03 10:42:40.940066000][th:588016][info] GossipPubSub === RAW OBSERVED ADDRESS DEBUG ===
[2026-09-03 10:42:40.940071000][th:588016][info] GossipPubSub Local address: /ip4/0.0.0.0/tcp/54611/p2p/12D3KooWJtBQkxJirqKcrp2TtrNFRTUWXuxoyYuoEacUrgZhazCn -> 0 raw observed, 0 activated+confirmed
[2026-09-03 10:42:40.940073000][th:588016][info] GossipPubSub TOTAL: 0 raw observed addresses, 0 activated+confirmed addresses
[2026-09-03 10:42:40.940074000][th:588016][info] GossipPubSub === END RAW OBSERVED ADDRESS DEBUG ===
[2026-09-03 10:42:40.940075000][th:588016][info] GossipPubSub Observed addresses - all (0):
[2026-09-03 10:42:40.940076000][th:588016][info] GossipPubSub Observed addresses - confirmed only (0):
[2026-09-03 10:42:40.940077000][th:588016][info] GossipPubSub Relay addresses (0):
[2026-09-03 10:42:40.940080000][th:588016][warning] GossipPubSub Failed to get addresses from peer repository: not found
[2026-09-03 10:42:40.940178000][th:588016][info] GossipPubSub Found 1 valid network interfaces
[2026-09-03 10:42:40.940181000][th:588016][info] GossipPubSub Current network interfaces (1):
[2026-09-03 10:42:40.940182000][th:588016][info] GossipPubSub   -> 192.168.1.6
[2026-09-03 10:42:40.940184000][th:588016][info] GossipPubSub Active connections: 0
[2026-09-03 10:42:40.940185000][th:588016][info] GossipPubSub === PEER CONNECTION DETAILS ===
[2026-09-03 10:42:40.940186000][th:588016][info] GossipPubSub NOTE: Observed addresses need to be seen by 4+ different peer groups to become 'activated'
[2026-09-03 10:42:40.940187000][th:588016][info] GossipPubSub NOTE: Current connections: 0, so max possible observers: 0
[2026-09-03 10:42:40.940188000][th:588016][info] GossipPubSub === END PEER CONNECTION DETAILS ===
[2026-09-03 10:42:40.940189000][th:588016][info] GossipPubSub Connection manager stats:
[2026-09-03 10:42:40.940190000][th:588016][info] GossipPubSub   -> Max connections: 1000
[2026-09-03 10:42:40.940191000][th:588016][info] GossipPubSub   -> Current connections: 0
[2026-09-03 10:42:40.940192000][th:588016][info] GossipPubSub === END NETWORK STATE ===
[2026-09-03 10:42:40.940665000][th:588016][info] GossipPubSub /ip4/0.0.0.0/tcp/54611/p2p/12D3KooWJtBQkxJirqKcrp2TtrNFRTUWXuxoyYuoEacUrgZhazCn : PubSub service started
[2026-09-03 10:42:40][info][GlobalDB] Opening database /Users/henriqueklein/gnus/SuperGenius/multi_node_finality_fault/restart-certificate-validator-one/rocksdb
[2026-09-03 10:42:40][debug][GraphsyncDAGSyncer] GraphSyncer created 4419769512 
[2026-09-03 10:42:40][info][CrdtDatastore] crdt Datastore created. Number of heads: 2 Current max-height: 18446744073709551615
[2026-09-03 10:42:40][info][GeniusAccount] Secure storage ID path: /Users/henriqueklein/gnus/SuperGenius/multi_node_finality_fault/restart-certificate-validator-one/account/secure_storage_id
[2026-09-03 10:42:40][info][GeniusAccount] Loaded public key from file: 77e5b93b48029a7c... (length: 128)
[2026-09-03 10:42:40][info][GeniusAccount] Successfully loaded key_seed from storage
[2026-09-03 10:42:40][info][GeniusAccount] Validation successful: key_seed matches stored public key
[2026-09-03 10:42:40][warning][UTXOManager] Skipping malformed UTXO key /utxo-checkpoint/77e5b93b48029a7c426644b78b42acd37c6cd46bb50caa8129b258acee39c93ef9db4cd6736c054aba67b7190f2f69aa956a591bf5846fcd82b30138f8694f58/1
[2026-09-03 10:42:40][warning][UTXOManager] Skipping malformed UTXO key /utxo-checkpoint/77e5b93b48029a7c426644b78b42acd37c6cd46bb50caa8129b258acee39c93ef9db4cd6736c054aba67b7190f2f69aa956a591bf5846fcd82b30138f8694f58/latest
[2026-09-03 10:42:40][info][Blockchain] [77e5b93b] Blockchain instance created with authorized full node: 8a33bdf1
[2026-09-03 10:42:40][info][ValidatorRegistry] InitializeCache: cache initialized with CID QmSRdehJG3jSSpPZDEEW4UtSgqxSYxs96rBDKSRsWBbXHQ
[2026-09-03 10:42:40][info][CRDTCallbackManager] Successfully registered new data callback for pattern: '/?gnus-validator-registry'
[2026-09-03 10:42:40][info][ValidatorRegistry] RegisterFilter: result=true
[2026-09-03 10:42:40][info][ValidatorRegistry] New: instance ready
[2026-09-03 10:42:40.967852000][th:588016][info] GossipPubSub /ip4/0.0.0.0/tcp/54611/p2p/12D3KooWJtBQkxJirqKcrp2TtrNFRTUWXuxoyYuoEacUrgZhazCn: PubSub subscribed to topic 'gnus-validator-registry.3.7.144'
[2026-09-03 10:42:40][info][CRDTCallbackManager] Successfully registered new data callback for pattern: '^/?cert/[^/]+'
[2026-09-03 10:42:40.967884000][th:588016][info] GossipPubSub /ip4/0.0.0.0/tcp/54611/p2p/12D3KooWJtBQkxJirqKcrp2TtrNFRTUWXuxoyYuoEacUrgZhazCn: PubSub subscribed to topic 'consensus-channel-.3.7.144'
[2026-09-03 10:42:40.967914000][th:588016][info] GossipPubSub /ip4/0.0.0.0/tcp/54611/p2p/12D3KooWJtBQkxJirqKcrp2TtrNFRTUWXuxoyYuoEacUrgZhazCn: PubSub subscribed to topic 'consensus-channel-.3.7.144#datastore.3.7.144'
[2026-09-03 10:42:40][info][CRDTCallbackManager] Successfully registered new data callback for pattern: '/?gnus-genesis-block'
[2026-09-03 10:42:40][info][CRDTCallbackManager] Successfully registered new data callback for pattern: '/?gnus-account-creation-.*'
[2026-09-03 10:42:40][info][CRDTCallbackManager] Successfully registered new data callback for pattern: '^/?/bc-144/tx/[^/]+'
[2026-09-03 10:42:40][info][CRDTCallbackManager] Successfully registered deleted data callback for pattern: '^/?/bc-144/tx/[^/]+'
[2026-09-03 10:42:40][info][CRDTCallbackManager] Successfully registered new data callback for pattern: '^/?/bc-963/tx/[^/]+'
[2026-09-03 10:42:40][info][CRDTCallbackManager] Successfully registered deleted data callback for pattern: '^/?/bc-963/tx/[^/]+'
[2026-09-03 10:42:40][info][CRDTCallbackManager] Successfully registered new data callback for pattern: '^/?/bc-369/tx/[^/]+'
[2026-09-03 10:42:40][info][CRDTCallbackManager] Successfully registered deleted data callback for pattern: '^/?/bc-369/tx/[^/]+'
[2026-09-03 10:42:40][info][CRDTCallbackManager] Successfully unregistered new data callback for pattern: '^/?/bc-144/tx/[^/]+'
[2026-09-03 10:42:40][info][CRDTCallbackManager] Successfully unregistered deleted data callback for pattern: '^/?/bc-144/tx/[^/]+'
[2026-09-03 10:42:40][info][CRDTCallbackManager] Successfully unregistered new data callback for pattern: '^/?/bc-963/tx/[^/]+'
[2026-09-03 10:42:40][info][CRDTCallbackManager] Successfully unregistered deleted data callback for pattern: '^/?/bc-963/tx/[^/]+'
[2026-09-03 10:42:40][info][CRDTCallbackManager] Successfully unregistered new data callback for pattern: '^/?/bc-369/tx/[^/]+'
[2026-09-03 10:42:40][info][CRDTCallbackManager] Successfully unregistered deleted data callback for pattern: '^/?/bc-369/tx/[^/]+'
[2026-09-03 10:42:40][info][TransactionManager] [d464dc21 - full: false] ~TransactionManager: Metrics — cert_fallback(success=1 failure=0) validation(approve=0 reject=0) tracking(insert=0 confirm=1 fail=0)
[2026-09-03 10:42:40][info][Blockchain] [d464dc21] Stopping blockchain
[2026-09-03 10:42:40][info][CRDTCallbackManager] Successfully unregistered new data callback for pattern: '/?gnus-genesis-block'
[2026-09-03 10:42:40][info][CRDTCallbackManager] Successfully unregistered new data callback for pattern: '/?gnus-account-creation-.*'
[2026-09-03 10:42:40][info][CRDTCallbackManager] Successfully unregistered new data callback for pattern: '/?gnus-validator-registry'
[2026-09-03 10:42:40][debug][GlobalDB] ~GlobalDB CALLED with count 6 on multi_node_finality_fault/restart-certificate-validator-two/rocksdb 
[2026-09-03 10:42:40][info][GlobalDB] GlobalDB shutdown start
[2026-09-03 10:42:40][info][CrdtDatastore] CancelAndCloseNow: begin (pending_jobs=0, self_queue=0, root_queue=0, pending_roots=0, active_root=false)
[2026-09-03 10:42:40][debug][GraphsyncDAGSyncer] Stopping Dagsyncer
[2026-09-03 10:42:40][debug][GraphsyncDAGSyncer] Dagsyncer Stopped
[2026-09-03 10:42:41][info][CrdtDatastore] CancelAndCloseNow: CRDT workers stopped
[2026-09-03 10:42:41][warning][CrdtDatastore] CancelAndCloseNow called but shutdown has already started
[2026-09-03 10:42:41][debug][GraphsyncDAGSyncer] ~GraphsyncDAGSyncer CALLED
[2026-09-03 10:42:41][info][GlobalDB] GlobalDB shutdown finished
[2026-09-03 10:42:41.012956000][th:587872][error] GossipPubSub Address monitoring timer error: Operation canceled
[2026-09-03 10:42:42][info][KeyPairFileStorage] Path to keypairs multi_node_finality_fault/restart-certificate-validator-two/keypair
[2026-09-03 10:42:42][info][KeyPairFileStorage] Peer ID from public key: 12D3KooWJpGJDMf5vcoKN3ved1snNNSRn1bnyqKbQPpdCm4QXWD5
Current limits: 16384 (soft), 9223372036854775807 (hard)
New limits set successfully: 16384 (soft), 9223372036854775807 (hard)
Initialized relay addresses
[2026-09-03 10:42:42.026787000][th:585327][info] GossipPubSub /ip4/0.0.0.0/tcp/54612/p2p/12D3KooWJpGJDMf5vcoKN3ved1snNNSRn1bnyqKbQPpdCm4QXWD5: Starting PubSub service
[2026-09-03 10:42:42.027001000][th:588137][info] GossipPubSub Starting address monitoring system for mobile network changes
[2026-09-03 10:42:42.027007000][th:588137][info] GossipPubSub === CURRENT NETWORK STATE ===
[2026-09-03 10:42:42.027023000][th:588137][info] GossipPubSub Primary listening address: /ip4/0.0.0.0/tcp/54612/p2p/12D3KooWJpGJDMf5vcoKN3ved1snNNSRn1bnyqKbQPpdCm4QXWD5
[2026-09-03 10:42:42.027025000][th:588137][info] GossipPubSub Host peer info addresses (0):
[2026-09-03 10:42:42.027026000][th:588137][info] GossipPubSub Additional addresses we track (0):
[2026-09-03 10:42:42.027027000][th:588137][info] GossipPubSub Listening addresses (1):
[2026-09-03 10:42:42.027028000][th:588137][info] GossipPubSub   -> /ip4/0.0.0.0/tcp/54612/p2p/12D3KooWJpGJDMf5vcoKN3ved1snNNSRn1bnyqKbQPpdCm4QXWD5
[2026-09-03 10:42:42.027029000][th:588137][info] GossipPubSub Interface addresses (0):
[2026-09-03 10:42:42.027030000][th:588137][info] GossipPubSub === RAW OBSERVED ADDRESS DEBUG ===
[2026-09-03 10:42:42.027033000][th:588137][info] GossipPubSub Local address: /ip4/0.0.0.0/tcp/54612/p2p/12D3KooWJpGJDMf5vcoKN3ved1snNNSRn1bnyqKbQPpdCm4QXWD5 -> 0 raw observed, 0 activated+confirmed
[2026-09-03 10:42:42.027035000][th:588137][info] GossipPubSub TOTAL: 0 raw observed addresses, 0 activated+confirmed addresses
[2026-09-03 10:42:42.027036000][th:588137][info] GossipPubSub === END RAW OBSERVED ADDRESS DEBUG ===
[2026-09-03 10:42:42.027038000][th:588137][info] GossipPubSub Observed addresses - all (0):
[2026-09-03 10:42:42.027039000][th:588137][info] GossipPubSub Observed addresses - confirmed only (0):
[2026-09-03 10:42:42.027040000][th:588137][info] GossipPubSub Relay addresses (0):
[2026-09-03 10:42:42.027044000][th:588137][warning] GossipPubSub Failed to get addresses from peer repository: not found
[2026-09-03 10:42:42.027119000][th:588137][info] GossipPubSub Found 1 valid network interfaces
[2026-09-03 10:42:42.027122000][th:588137][info] GossipPubSub Current network interfaces (1):
[2026-09-03 10:42:42.027123000][th:588137][info] GossipPubSub   -> 192.168.1.6
[2026-09-03 10:42:42.027124000][th:588137][info] GossipPubSub Active connections: 0
[2026-09-03 10:42:42.027125000][th:588137][info] GossipPubSub === PEER CONNECTION DETAILS ===
[2026-09-03 10:42:42.027126000][th:588137][info] GossipPubSub NOTE: Observed addresses need to be seen by 4+ different peer groups to become 'activated'
[2026-09-03 10:42:42.027127000][th:588137][info] GossipPubSub NOTE: Current connections: 0, so max possible observers: 0
[2026-09-03 10:42:42.027128000][th:588137][info] GossipPubSub === END PEER CONNECTION DETAILS ===
[2026-09-03 10:42:42.027129000][th:588137][info] GossipPubSub Connection manager stats:
[2026-09-03 10:42:42.027130000][th:588137][info] GossipPubSub   -> Max connections: 1000
[2026-09-03 10:42:42.027131000][th:588137][info] GossipPubSub   -> Current connections: 0
[2026-09-03 10:42:42.027131000][th:588137][info] GossipPubSub === END NETWORK STATE ===
[2026-09-03 10:42:42.027467000][th:588137][info] GossipPubSub /ip4/0.0.0.0/tcp/54612/p2p/12D3KooWJpGJDMf5vcoKN3ved1snNNSRn1bnyqKbQPpdCm4QXWD5 : PubSub service started
[2026-09-03 10:42:42][info][GlobalDB] Opening database /Users/henriqueklein/gnus/SuperGenius/multi_node_finality_fault/restart-certificate-validator-two/rocksdb
[2026-09-03 10:42:42][debug][GraphsyncDAGSyncer] GraphSyncer created 4415606168 
[2026-09-03 10:42:42][info][CrdtDatastore] crdt Datastore created. Number of heads: 2 Current max-height: 18446744073709551615
[2026-09-03 10:42:42][info][GeniusAccount] Secure storage ID path: /Users/henriqueklein/gnus/SuperGenius/multi_node_finality_fault/restart-certificate-validator-two/account/secure_storage_id
[2026-09-03 10:42:42][info][GeniusAccount] Loaded public key from file: d464dc218ca4dfe1... (length: 128)
[2026-09-03 10:42:42][info][GeniusAccount] Successfully loaded key_seed from storage
[2026-09-03 10:42:42][info][GeniusAccount] Validation successful: key_seed matches stored public key
[2026-09-03 10:42:42][warning][UTXOManager] Skipping malformed UTXO key /utxo-checkpoint/d464dc218ca4dfe12cbbba8aca81b0903c303c982412563155996fd1b9c7901513e32c19873d91db13f643bdc1819823f4e40f82f06bace0a66d60f3b849ff56/1
[2026-09-03 10:42:42][warning][UTXOManager] Skipping malformed UTXO key /utxo-checkpoint/d464dc218ca4dfe12cbbba8aca81b0903c303c982412563155996fd1b9c7901513e32c19873d91db13f643bdc1819823f4e40f82f06bace0a66d60f3b849ff56/latest
[2026-09-03 10:42:42][info][Blockchain] [d464dc21] Blockchain instance created with authorized full node: 8a33bdf1
[2026-09-03 10:42:42][info][ValidatorRegistry] InitializeCache: cache initialized with CID QmSRdehJG3jSSpPZDEEW4UtSgqxSYxs96rBDKSRsWBbXHQ
[2026-09-03 10:42:42][info][CRDTCallbackManager] Successfully registered new data callback for pattern: '/?gnus-validator-registry'
[2026-09-03 10:42:42][info][ValidatorRegistry] RegisterFilter: result=true
[2026-09-03 10:42:42][info][ValidatorRegistry] New: instance ready
[2026-09-03 10:42:42.057106000][th:588137][info] GossipPubSub /ip4/0.0.0.0/tcp/54612/p2p/12D3KooWJpGJDMf5vcoKN3ved1snNNSRn1bnyqKbQPpdCm4QXWD5: PubSub subscribed to topic 'gnus-validator-registry.3.7.144'
[2026-09-03 10:42:42.057135000][th:588137][info] GossipPubSub /ip4/0.0.0.0/tcp/54612/p2p/12D3KooWJpGJDMf5vcoKN3ved1snNNSRn1bnyqKbQPpdCm4QXWD5: PubSub subscribed to topic 'consensus-channel-.3.7.144'
[2026-09-03 10:42:42][info][CRDTCallbackManager] Successfully registered new data callback for pattern: '^/?cert/[^/]+'
[2026-09-03 10:42:42.057164000][th:588137][info] GossipPubSub /ip4/0.0.0.0/tcp/54612/p2p/12D3KooWJpGJDMf5vcoKN3ved1snNNSRn1bnyqKbQPpdCm4QXWD5: PubSub subscribed to topic 'consensus-channel-.3.7.144#datastore.3.7.144'
[2026-09-03 10:42:42][info][CRDTCallbackManager] Successfully registered new data callback for pattern: '/?gnus-genesis-block'
[2026-09-03 10:42:42][info][CRDTCallbackManager] Successfully registered new data callback for pattern: '/?gnus-account-creation-.*'
[2026-09-03 10:42:42][info][CRDTCallbackManager] Successfully registered new data callback for pattern: '^/?/bc-144/tx/[^/]+'
[2026-09-03 10:42:42][info][CRDTCallbackManager] Successfully registered deleted data callback for pattern: '^/?/bc-144/tx/[^/]+'
[2026-09-03 10:42:42][info][CRDTCallbackManager] Successfully registered new data callback for pattern: '^/?/bc-963/tx/[^/]+'
[2026-09-03 10:42:42][info][CRDTCallbackManager] Successfully registered deleted data callback for pattern: '^/?/bc-963/tx/[^/]+'
[2026-09-03 10:42:42][info][CRDTCallbackManager] Successfully registered new data callback for pattern: '^/?/bc-369/tx/[^/]+'
[2026-09-03 10:42:42][info][CRDTCallbackManager] Successfully registered deleted data callback for pattern: '^/?/bc-369/tx/[^/]+'
[2026-09-03 10:42:42][info][CRDTCallbackManager] Successfully unregistered new data callback for pattern: '^/?/bc-144/tx/[^/]+'
[2026-09-03 10:42:42][info][CRDTCallbackManager] Successfully unregistered deleted data callback for pattern: '^/?/bc-144/tx/[^/]+'
[2026-09-03 10:42:42][info][CRDTCallbackManager] Successfully unregistered new data callback for pattern: '^/?/bc-963/tx/[^/]+'
[2026-09-03 10:42:42][info][CRDTCallbackManager] Successfully unregistered deleted data callback for pattern: '^/?/bc-963/tx/[^/]+'
[2026-09-03 10:42:42][info][CRDTCallbackManager] Successfully unregistered new data callback for pattern: '^/?/bc-369/tx/[^/]+'
[2026-09-03 10:42:42][info][CRDTCallbackManager] Successfully unregistered deleted data callback for pattern: '^/?/bc-369/tx/[^/]+'
[2026-09-03 10:42:42][info][TransactionManager] [562f5c48 - full: false] ~TransactionManager: Metrics — cert_fallback(success=0 failure=0) validation(approve=1 reject=0) tracking(insert=1 confirm=1 fail=0)
[2026-09-03 10:42:42][info][Blockchain] [562f5c48] Stopping blockchain
[2026-09-03 10:42:42][info][CRDTCallbackManager] Successfully unregistered new data callback for pattern: '/?gnus-genesis-block'
[2026-09-03 10:42:42][info][CRDTCallbackManager] Successfully unregistered new data callback for pattern: '/?gnus-account-creation-.*'
[2026-09-03 10:42:42][info][CRDTCallbackManager] Successfully unregistered new data callback for pattern: '/?gnus-validator-registry'
[2026-09-03 10:42:42][debug][GlobalDB] ~GlobalDB CALLED with count 6 on multi_node_finality_fault/restart-certificate-validator-three/rocksdb 
[2026-09-03 10:42:42][info][GlobalDB] GlobalDB shutdown start
[2026-09-03 10:42:42][info][CrdtDatastore] CancelAndCloseNow: begin (pending_jobs=1, self_queue=0, root_queue=0, pending_roots=0, active_root=false)
[2026-09-03 10:42:42][debug][GraphsyncDAGSyncer] Stopping Dagsyncer
[2026-09-03 10:42:42][debug][GraphsyncDAGSyncer] Dagsyncer Stopped
[2026-09-03 10:42:42][info][CrdtDatastore] CancelAndCloseNow: CRDT workers stopped
[2026-09-03 10:42:42][warning][CrdtDatastore] CancelAndCloseNow called but shutdown has already started
[2026-09-03 10:42:42][debug][GraphsyncDAGSyncer] ~GraphsyncDAGSyncer CALLED
[2026-09-03 10:42:42][info][GlobalDB] GlobalDB shutdown finished
[2026-09-03 10:42:42.534462000][th:587318][error] GossipPubSub Address monitoring timer error: Operation canceled
[2026-09-03 10:42:42.834465000][th:585360][info] GossipPubSub === Address Refresh Cycle Started ===
[2026-09-03 10:42:42.834638000][th:585360][info] GossipPubSub Found 1 valid network interfaces
[2026-09-03 10:42:42.834924000][th:585360][info] GossipPubSub   -> New interface address: /ip4/192.168.1.6/tcp/40001/p2p/12D3KooWP8NfaNdrQVc1rjjXVvSQ8Hmc7q5SAv1FrVyN6jo4PktG
[2026-09-03 10:42:42.835019000][th:585360][info] GossipPubSub Successfully refreshed 1 addresses with 10-minute TTL
[2026-09-03 10:42:42.835027000][th:585360][info] GossipPubSub === Address Refresh Cycle Completed ===
[2026-09-03 10:42:42.835029000][th:585360][info] GossipPubSub === CURRENT NETWORK STATE ===
[2026-09-03 10:42:42.835052000][th:585360][info] GossipPubSub Primary listening address: /ip4/0.0.0.0/tcp/40001/p2p/12D3KooWP8NfaNdrQVc1rjjXVvSQ8Hmc7q5SAv1FrVyN6jo4PktG
[2026-09-03 10:42:42.835055000][th:585360][info] GossipPubSub Host peer info addresses (0):
[2026-09-03 10:42:42.835057000][th:585360][info] GossipPubSub Additional addresses we track (1):
[2026-09-03 10:42:42.835060000][th:585360][info] GossipPubSub   -> /ip4/192.168.1.6/tcp/40001/p2p/12D3KooWP8NfaNdrQVc1rjjXVvSQ8Hmc7q5SAv1FrVyN6jo4PktG
[2026-09-03 10:42:42.835063000][th:585360][info] GossipPubSub Listening addresses (1):
[2026-09-03 10:42:42.835068000][th:585360][info] GossipPubSub   -> /ip4/0.0.0.0/tcp/40001/p2p/12D3KooWP8NfaNdrQVc1rjjXVvSQ8Hmc7q5SAv1FrVyN6jo4PktG
[2026-09-03 10:42:42.835070000][th:585360][info] GossipPubSub Interface addresses (0):
[2026-09-03 10:42:42.835072000][th:585360][info] GossipPubSub === RAW OBSERVED ADDRESS DEBUG ===
[2026-09-03 10:42:42.835078000][th:585360][info] GossipPubSub Local address: /ip4/0.0.0.0/tcp/40001/p2p/12D3KooWP8NfaNdrQVc1rjjXVvSQ8Hmc7q5SAv1FrVyN6jo4PktG -> 0 raw observed, 0 activated+confirmed
[2026-09-03 10:42:42.835082000][th:585360][info] GossipPubSub TOTAL: 0 raw observed addresses, 0 activated+confirmed addresses
[2026-09-03 10:42:42.835084000][th:585360][info] GossipPubSub === END RAW OBSERVED ADDRESS DEBUG ===
[2026-09-03 10:42:42.835087000][th:585360][info] GossipPubSub Observed addresses - all (0):
[2026-09-03 10:42:42.835089000][th:585360][info] GossipPubSub Observed addresses - confirmed only (0):
[2026-09-03 10:42:42.835092000][th:585360][info] GossipPubSub Relay addresses (0):
[2026-09-03 10:42:42.835158000][th:585360][info] GossipPubSub Peer repository addresses (1):
[2026-09-03 10:42:42.835167000][th:585360][info] GossipPubSub   -> /ip4/192.168.1.6/tcp/40001/p2p/12D3KooWP8NfaNdrQVc1rjjXVvSQ8Hmc7q5SAv1FrVyN6jo4PktG
[2026-09-03 10:42:42.835277000][th:585360][info] GossipPubSub Found 1 valid network interfaces
[2026-09-03 10:42:42.835285000][th:585360][info] GossipPubSub Current network interfaces (1):
[2026-09-03 10:42:42.835309000][th:585360][info] GossipPubSub   -> 192.168.1.6
[2026-09-03 10:42:42.835314000][th:585360][info] GossipPubSub Active connections: 0
[2026-09-03 10:42:42.835316000][th:585360][info] GossipPubSub === PEER CONNECTION DETAILS ===
[2026-09-03 10:42:42.835318000][th:585360][info] GossipPubSub NOTE: Observed addresses need to be seen by 4+ different peer groups to become 'activated'
[2026-09-03 10:42:42.835321000][th:585360][info] GossipPubSub NOTE: Current connections: 0, so max possible observers: 0
[2026-09-03 10:42:42.835323000][th:585360][info] GossipPubSub === END PEER CONNECTION DETAILS ===
[2026-09-03 10:42:42.835325000][th:585360][info] GossipPubSub Connection manager stats:
[2026-09-03 10:42:42.835328000][th:585360][info] GossipPubSub   -> Max connections: 1000
[2026-09-03 10:42:42.835330000][th:585360][info] GossipPubSub   -> Current connections: 0
[2026-09-03 10:42:42.835332000][th:585360][info] GossipPubSub === END NETWORK STATE ===
[2026-09-03 10:42:43][info][KeyPairFileStorage] Path to keypairs multi_node_finality_fault/restart-certificate-validator-three/keypair
[2026-09-03 10:42:43][info][KeyPairFileStorage] Peer ID from public key: 12D3KooWFvCsxe2ZCGjn2ivov2ey9ptPBJwkgg9gL5d2VMdtz7nj
Current limits: 16384 (soft), 9223372036854775807 (hard)
New limits set successfully: 16384 (soft), 9223372036854775807 (hard)
Initialized relay addresses
[2026-09-03 10:42:43.546478000][th:585327][info] GossipPubSub /ip4/0.0.0.0/tcp/54613/p2p/12D3KooWFvCsxe2ZCGjn2ivov2ey9ptPBJwkgg9gL5d2VMdtz7nj: Starting PubSub service
[2026-09-03 10:42:43.546534000][th:588265][info] GossipPubSub Starting address monitoring system for mobile network changes
[2026-09-03 10:42:43.546536000][th:588265][info] GossipPubSub === CURRENT NETWORK STATE ===
[2026-09-03 10:42:43.546542000][th:588265][info] GossipPubSub Primary listening address: /ip4/0.0.0.0/tcp/54613/p2p/12D3KooWFvCsxe2ZCGjn2ivov2ey9ptPBJwkgg9gL5d2VMdtz7nj
[2026-09-03 10:42:43.546543000][th:588265][info] GossipPubSub Host peer info addresses (0):
[2026-09-03 10:42:43.546544000][th:588265][info] GossipPubSub Additional addresses we track (0):
[2026-09-03 10:42:43.546544000][th:588265][info] GossipPubSub Listening addresses (1):
[2026-09-03 10:42:43.546545000][th:588265][info] GossipPubSub   -> /ip4/0.0.0.0/tcp/54613/p2p/12D3KooWFvCsxe2ZCGjn2ivov2ey9ptPBJwkgg9gL5d2VMdtz7nj
[2026-09-03 10:42:43.546546000][th:588265][info] GossipPubSub Interface addresses (0):
[2026-09-03 10:42:43.546546000][th:588265][info] GossipPubSub === RAW OBSERVED ADDRESS DEBUG ===
[2026-09-03 10:42:43.546548000][th:588265][info] GossipPubSub Local address: /ip4/0.0.0.0/tcp/54613/p2p/12D3KooWFvCsxe2ZCGjn2ivov2ey9ptPBJwkgg9gL5d2VMdtz7nj -> 0 raw observed, 0 activated+confirmed
[2026-09-03 10:42:43.546549000][th:588265][info] GossipPubSub TOTAL: 0 raw observed addresses, 0 activated+confirmed addresses
[2026-09-03 10:42:43.546549000][th:588265][info] GossipPubSub === END RAW OBSERVED ADDRESS DEBUG ===
[2026-09-03 10:42:43.546550000][th:588265][info] GossipPubSub Observed addresses - all (0):
[2026-09-03 10:42:43.546551000][th:588265][info] GossipPubSub Observed addresses - confirmed only (0):
[2026-09-03 10:42:43.546551000][th:588265][info] GossipPubSub Relay addresses (0):
[2026-09-03 10:42:43.546553000][th:588265][warning] GossipPubSub Failed to get addresses from peer repository: not found
[2026-09-03 10:42:43.546582000][th:588265][info] GossipPubSub Found 1 valid network interfaces
[2026-09-03 10:42:43.546583000][th:588265][info] GossipPubSub Current network interfaces (1):
[2026-09-03 10:42:43.546584000][th:588265][info] GossipPubSub   -> 192.168.1.6
[2026-09-03 10:42:43.546585000][th:588265][info] GossipPubSub Active connections: 0
[2026-09-03 10:42:43.546585000][th:588265][info] GossipPubSub === PEER CONNECTION DETAILS ===
[2026-09-03 10:42:43.546586000][th:588265][info] GossipPubSub NOTE: Observed addresses need to be seen by 4+ different peer groups to become 'activated'
[2026-09-03 10:42:43.546586000][th:588265][info] GossipPubSub NOTE: Current connections: 0, so max possible observers: 0
[2026-09-03 10:42:43.546587000][th:588265][info] GossipPubSub === END PEER CONNECTION DETAILS ===
[2026-09-03 10:42:43.546587000][th:588265][info] GossipPubSub Connection manager stats:
[2026-09-03 10:42:43.546591000][th:588265][info] GossipPubSub   -> Max connections: 1000
[2026-09-03 10:42:43.546591000][th:588265][info] GossipPubSub   -> Current connections: 0
[2026-09-03 10:42:43.546592000][th:588265][info] GossipPubSub === END NETWORK STATE ===
[2026-09-03 10:42:43.546694000][th:588265][info] GossipPubSub /ip4/0.0.0.0/tcp/54613/p2p/12D3KooWFvCsxe2ZCGjn2ivov2ey9ptPBJwkgg9gL5d2VMdtz7nj : PubSub service started
[2026-09-03 10:42:43][info][GlobalDB] Opening database /Users/henriqueklein/gnus/SuperGenius/multi_node_finality_fault/restart-certificate-validator-three/rocksdb
[2026-09-03 10:42:43][debug][GraphsyncDAGSyncer] GraphSyncer created 5098323336 
[2026-09-03 10:42:43][info][CrdtDatastore] crdt Datastore created. Number of heads: 2 Current max-height: 18446744073709551615
[2026-09-03 10:42:43][info][GeniusAccount] Secure storage ID path: /Users/henriqueklein/gnus/SuperGenius/multi_node_finality_fault/restart-certificate-validator-three/account/secure_storage_id
[2026-09-03 10:42:43][info][GeniusAccount] Loaded public key from file: 562f5c48a961a114... (length: 128)
[2026-09-03 10:42:43][info][GeniusAccount] Successfully loaded key_seed from storage
[2026-09-03 10:42:43][info][GeniusAccount] Validation successful: key_seed matches stored public key
[2026-09-03 10:42:43][warning][UTXOManager] Skipping malformed UTXO key /utxo-checkpoint/562f5c48a961a114bc46903f550c63541426afcc524715217a82d552500b8b3be639b4dfc4ffc43b0f978281553a0fe500b0b4fbe57fb03e67bcb95fff8a15f6/1
[2026-09-03 10:42:43][warning][UTXOManager] Skipping malformed UTXO key /utxo-checkpoint/562f5c48a961a114bc46903f550c63541426afcc524715217a82d552500b8b3be639b4dfc4ffc43b0f978281553a0fe500b0b4fbe57fb03e67bcb95fff8a15f6/latest
[2026-09-03 10:42:43][info][Blockchain] [562f5c48] Blockchain instance created with authorized full node: 8a33bdf1
[2026-09-03 10:42:43][info][ValidatorRegistry] InitializeCache: cache initialized with CID QmSRdehJG3jSSpPZDEEW4UtSgqxSYxs96rBDKSRsWBbXHQ
[2026-09-03 10:42:43][info][CRDTCallbackManager] Successfully registered new data callback for pattern: '/?gnus-validator-registry'
[2026-09-03 10:42:43][info][ValidatorRegistry] RegisterFilter: result=true
[2026-09-03 10:42:43][info][ValidatorRegistry] New: instance ready
[2026-09-03 10:42:43.574751000][th:588265][info] GossipPubSub /ip4/0.0.0.0/tcp/54613/p2p/12D3KooWFvCsxe2ZCGjn2ivov2ey9ptPBJwkgg9gL5d2VMdtz7nj: PubSub subscribed to topic 'gnus-validator-registry.3.7.144'
[2026-09-03 10:42:43][info][CRDTCallbackManager] Successfully registered new data callback for pattern: '^/?cert/[^/]+'
[2026-09-03 10:42:43.574769000][th:588265][info] GossipPubSub /ip4/0.0.0.0/tcp/54613/p2p/12D3KooWFvCsxe2ZCGjn2ivov2ey9ptPBJwkgg9gL5d2VMdtz7nj: PubSub subscribed to topic 'consensus-channel-.3.7.144'
[2026-09-03 10:42:43][info][CRDTCallbackManager] Successfully registered new data callback for pattern: '/?gnus-genesis-block'
[2026-09-03 10:42:43.574786000][th:588265][info] GossipPubSub /ip4/0.0.0.0/tcp/54613/p2p/12D3KooWFvCsxe2ZCGjn2ivov2ey9ptPBJwkgg9gL5d2VMdtz7nj: PubSub subscribed to topic 'consensus-channel-.3.7.144#datastore.3.7.144'
[2026-09-03 10:42:43][info][CRDTCallbackManager] Successfully registered new data callback for pattern: '/?gnus-account-creation-.*'
[2026-09-03 10:42:43][info][CRDTCallbackManager] Successfully registered new data callback for pattern: '^/?/bc-144/tx/[^/]+'
[2026-09-03 10:42:43][info][CRDTCallbackManager] Successfully registered deleted data callback for pattern: '^/?/bc-144/tx/[^/]+'
[2026-09-03 10:42:43][info][CRDTCallbackManager] Successfully registered new data callback for pattern: '^/?/bc-963/tx/[^/]+'
[2026-09-03 10:42:43][info][CRDTCallbackManager] Successfully registered deleted data callback for pattern: '^/?/bc-963/tx/[^/]+'
[2026-09-03 10:42:43][info][CRDTCallbackManager] Successfully registered new data callback for pattern: '^/?/bc-369/tx/[^/]+'
[2026-09-03 10:42:43][info][CRDTCallbackManager] Successfully registered deleted data callback for pattern: '^/?/bc-369/tx/[^/]+'
[2026-09-03 10:42:43][info][CRDTCallbackManager] Successfully unregistered new data callback for pattern: '^/?/bc-144/tx/[^/]+'
[2026-09-03 10:42:43][info][CRDTCallbackManager] Successfully unregistered deleted data callback for pattern: '^/?/bc-144/tx/[^/]+'
[2026-09-03 10:42:43][info][CRDTCallbackManager] Successfully unregistered new data callback for pattern: '^/?/bc-963/tx/[^/]+'
[2026-09-03 10:42:43][info][CRDTCallbackManager] Successfully unregistered deleted data callback for pattern: '^/?/bc-963/tx/[^/]+'
[2026-09-03 10:42:43][info][CRDTCallbackManager] Successfully unregistered new data callback for pattern: '^/?/bc-369/tx/[^/]+'
[2026-09-03 10:42:43][info][CRDTCallbackManager] Successfully unregistered deleted data callback for pattern: '^/?/bc-369/tx/[^/]+'
[2026-09-03 10:42:43][info][TransactionManager] [9f43c4fd - full: false] ~TransactionManager: Metrics — cert_fallback(success=0 failure=0) validation(approve=1 reject=0) tracking(insert=1 confirm=1 fail=0)
[2026-09-03 10:42:43][info][Blockchain] [9f43c4fd] Stopping blockchain
[2026-09-03 10:42:43][info][CRDTCallbackManager] Successfully unregistered new data callback for pattern: '/?gnus-genesis-block'
[2026-09-03 10:42:43][info][CRDTCallbackManager] Successfully unregistered new data callback for pattern: '/?gnus-account-creation-.*'
[2026-09-03 10:42:43][info][CRDTCallbackManager] Successfully unregistered new data callback for pattern: '/?gnus-validator-registry'
[2026-09-03 10:42:43][debug][GlobalDB] ~GlobalDB CALLED with count 6 on multi_node_finality_fault/restart-certificate-passive/rocksdb 
[2026-09-03 10:42:43][info][GlobalDB] GlobalDB shutdown start
[2026-09-03 10:42:43][info][CrdtDatastore] CancelAndCloseNow: begin (pending_jobs=1, self_queue=0, root_queue=0, pending_roots=0, active_root=false)
[2026-09-03 10:42:43][debug][GraphsyncDAGSyncer] Stopping Dagsyncer
[2026-09-03 10:42:43][debug][GraphsyncDAGSyncer] Dagsyncer Stopped
[2026-09-03 10:42:43][info][CrdtDatastore] CancelAndCloseNow: CRDT workers stopped
[2026-09-03 10:42:43][warning][CrdtDatastore] CancelAndCloseNow called but shutdown has already started
[2026-09-03 10:42:43][debug][GraphsyncDAGSyncer] ~GraphsyncDAGSyncer CALLED
[2026-09-03 10:42:43][info][GlobalDB] GlobalDB shutdown finished
[2026-09-03 10:42:43.589160000][th:587340][error] GossipPubSub Address monitoring timer error: Operation canceled
[2026-09-03 10:42:44][info][KeyPairFileStorage] Path to keypairs multi_node_finality_fault/restart-certificate-passive/keypair
[2026-09-03 10:42:44][info][KeyPairFileStorage] Peer ID from public key: 12D3KooWN41BfjSS2hAccnRKZodGhS4idA3xeZuebkD8xen4rXGC
Current limits: 16384 (soft), 9223372036854775807 (hard)
New limits set successfully: 16384 (soft), 9223372036854775807 (hard)
Initialized relay addresses
[2026-09-03 10:42:44.604173000][th:585327][info] GossipPubSub /ip4/0.0.0.0/tcp/54614/p2p/12D3KooWN41BfjSS2hAccnRKZodGhS4idA3xeZuebkD8xen4rXGC: Starting PubSub service
[2026-09-03 10:42:44.604467000][th:588370][info] GossipPubSub Starting address monitoring system for mobile network changes
[2026-09-03 10:42:44.604480000][th:588370][info] GossipPubSub === CURRENT NETWORK STATE ===
[2026-09-03 10:42:44.604500000][th:588370][info] GossipPubSub Primary listening address: /ip4/0.0.0.0/tcp/54614/p2p/12D3KooWN41BfjSS2hAccnRKZodGhS4idA3xeZuebkD8xen4rXGC
[2026-09-03 10:42:44.604504000][th:588370][info] GossipPubSub Host peer info addresses (0):
[2026-09-03 10:42:44.604506000][th:588370][info] GossipPubSub Additional addresses we track (0):
[2026-09-03 10:42:44.604508000][th:588370][info] GossipPubSub Listening addresses (1):
[2026-09-03 10:42:44.604510000][th:588370][info] GossipPubSub   -> /ip4/0.0.0.0/tcp/54614/p2p/12D3KooWN41BfjSS2hAccnRKZodGhS4idA3xeZuebkD8xen4rXGC
[2026-09-03 10:42:44.604511000][th:588370][info] GossipPubSub Interface addresses (0):
[2026-09-03 10:42:44.604513000][th:588370][info] GossipPubSub === RAW OBSERVED ADDRESS DEBUG ===
[2026-09-03 10:42:44.604516000][th:588370][info] GossipPubSub Local address: /ip4/0.0.0.0/tcp/54614/p2p/12D3KooWN41BfjSS2hAccnRKZodGhS4idA3xeZuebkD8xen4rXGC -> 0 raw observed, 0 activated+confirmed
[2026-09-03 10:42:44.604519000][th:588370][info] GossipPubSub TOTAL: 0 raw observed addresses, 0 activated+confirmed addresses
[2026-09-03 10:42:44.604521000][th:588370][info] GossipPubSub === END RAW OBSERVED ADDRESS DEBUG ===
[2026-09-03 10:42:44.604522000][th:588370][info] GossipPubSub Observed addresses - all (0):
[2026-09-03 10:42:44.604523000][th:588370][info] GossipPubSub Observed addresses - confirmed only (0):
[2026-09-03 10:42:44.604524000][th:588370][info] GossipPubSub Relay addresses (0):
[2026-09-03 10:42:44.604529000][th:588370][warning] GossipPubSub Failed to get addresses from peer repository: not found
[2026-09-03 10:42:44.604629000][th:588370][info] GossipPubSub Found 1 valid network interfaces
[2026-09-03 10:42:44.604634000][th:588370][info] GossipPubSub Current network interfaces (1):
[2026-09-03 10:42:44.604635000][th:588370][info] GossipPubSub   -> 192.168.1.6
[2026-09-03 10:42:44.604637000][th:588370][info] GossipPubSub Active connections: 0
[2026-09-03 10:42:44.604638000][th:588370][info] GossipPubSub === PEER CONNECTION DETAILS ===
[2026-09-03 10:42:44.604646000][th:588370][info] GossipPubSub NOTE: Observed addresses need to be seen by 4+ different peer groups to become 'activated'
[2026-09-03 10:42:44.604648000][th:588370][info] GossipPubSub NOTE: Current connections: 0, so max possible observers: 0
[2026-09-03 10:42:44.604649000][th:588370][info] GossipPubSub === END PEER CONNECTION DETAILS ===
[2026-09-03 10:42:44.604651000][th:588370][info] GossipPubSub Connection manager stats:
[2026-09-03 10:42:44.604653000][th:588370][info] GossipPubSub   -> Max connections: 1000
[2026-09-03 10:42:44.604654000][th:588370][info] GossipPubSub   -> Current connections: 0
[2026-09-03 10:42:44.604655000][th:588370][info] GossipPubSub === END NETWORK STATE ===
[2026-09-03 10:42:44.605169000][th:588370][info] GossipPubSub /ip4/0.0.0.0/tcp/54614/p2p/12D3KooWN41BfjSS2hAccnRKZodGhS4idA3xeZuebkD8xen4rXGC : PubSub service started
[2026-09-03 10:42:44][info][GlobalDB] Opening database /Users/henriqueklein/gnus/SuperGenius/multi_node_finality_fault/restart-certificate-passive/rocksdb
[2026-09-03 10:42:44][debug][GraphsyncDAGSyncer] GraphSyncer created 4419816376 
[2026-09-03 10:42:44][info][CrdtDatastore] crdt Datastore created. Number of heads: 2 Current max-height: 18446744073709551615
[2026-09-03 10:42:44][info][GeniusAccount] Secure storage ID path: /Users/henriqueklein/gnus/SuperGenius/multi_node_finality_fault/restart-certificate-passive/account/secure_storage_id
[2026-09-03 10:42:44][info][GeniusAccount] Loaded public key from file: 9f43c4fd77dbe081... (length: 128)
[2026-09-03 10:42:44][info][GeniusAccount] Successfully loaded key_seed from storage
[2026-09-03 10:42:44][info][GeniusAccount] Validation successful: key_seed matches stored public key
[2026-09-03 10:42:44][warning][UTXOManager] Skipping malformed UTXO key /utxo-checkpoint/9f43c4fd77dbe0817518fe189c22878bd791e0c524fc98ec67ee3199ad5cd45b57d4f78d0894d82c698e079490741c2f0d18523535768bee58f975d56cce55d8/1
[2026-09-03 10:42:44][warning][UTXOManager] Skipping malformed UTXO key /utxo-checkpoint/9f43c4fd77dbe0817518fe189c22878bd791e0c524fc98ec67ee3199ad5cd45b57d4f78d0894d82c698e079490741c2f0d18523535768bee58f975d56cce55d8/latest
[2026-09-03 10:42:44][info][Blockchain] [9f43c4fd] Blockchain instance created with authorized full node: 8a33bdf1
[2026-09-03 10:42:44][info][ValidatorRegistry] InitializeCache: cache initialized with CID QmSRdehJG3jSSpPZDEEW4UtSgqxSYxs96rBDKSRsWBbXHQ
[2026-09-03 10:42:44][info][CRDTCallbackManager] Successfully registered new data callback for pattern: '/?gnus-validator-registry'
[2026-09-03 10:42:44][info][ValidatorRegistry] RegisterFilter: result=true
[2026-09-03 10:42:44][info][ValidatorRegistry] New: instance ready
[2026-09-03 10:42:44.635710000][th:588370][info] GossipPubSub /ip4/0.0.0.0/tcp/54614/p2p/12D3KooWN41BfjSS2hAccnRKZodGhS4idA3xeZuebkD8xen4rXGC: PubSub subscribed to topic 'gnus-validator-registry.3.7.144'
[2026-09-03 10:42:44][info][CRDTCallbackManager] Successfully registered new data callback for pattern: '^/?cert/[^/]+'
[2026-09-03 10:42:44.635747000][th:588370][info] GossipPubSub /ip4/0.0.0.0/tcp/54614/p2p/12D3KooWN41BfjSS2hAccnRKZodGhS4idA3xeZuebkD8xen4rXGC: PubSub subscribed to topic 'consensus-channel-.3.7.144'
[2026-09-03 10:42:44.635782000][th:588370][info] GossipPubSub /ip4/0.0.0.0/tcp/54614/p2p/12D3KooWN41BfjSS2hAccnRKZodGhS4idA3xeZuebkD8xen4rXGC: PubSub subscribed to topic 'consensus-channel-.3.7.144#datastore.3.7.144'
[2026-09-03 10:42:44][info][CRDTCallbackManager] Successfully registered new data callback for pattern: '/?gnus-genesis-block'
[2026-09-03 10:42:44][info][CRDTCallbackManager] Successfully registered new data callback for pattern: '/?gnus-account-creation-.*'
[2026-09-03 10:42:44][info][CRDTCallbackManager] Successfully registered new data callback for pattern: '^/?/bc-144/tx/[^/]+'
[2026-09-03 10:42:44][info][CRDTCallbackManager] Successfully registered deleted data callback for pattern: '^/?/bc-144/tx/[^/]+'
[2026-09-03 10:42:44][info][CRDTCallbackManager] Successfully registered new data callback for pattern: '^/?/bc-963/tx/[^/]+'
[2026-09-03 10:42:44][info][CRDTCallbackManager] Successfully registered deleted data callback for pattern: '^/?/bc-963/tx/[^/]+'
[2026-09-03 10:42:44][info][CRDTCallbackManager] Successfully registered new data callback for pattern: '^/?/bc-369/tx/[^/]+'
[2026-09-03 10:42:44][info][CRDTCallbackManager] Successfully registered deleted data callback for pattern: '^/?/bc-369/tx/[^/]+'
[2026-09-03 10:42:44.636112000][th:588016][info] GossipPubSub Adding new peer: 12D3KooWJpGJDMf5vcoKN3ved1snNNSRn1bnyqKbQPpdCm4QXWD5
[2026-09-03 10:42:44.636218000][th:588016][info] GossipPubSub Adding new peer: 12D3KooWFvCsxe2ZCGjn2ivov2ey9ptPBJwkgg9gL5d2VMdtz7nj
[2026-09-03 10:42:44.636306000][th:588016][info] GossipPubSub Adding new peer: 12D3KooWN41BfjSS2hAccnRKZodGhS4idA3xeZuebkD8xen4rXGC
[2026-09-03 10:42:44.636388000][th:588137][info] GossipPubSub Adding new peer: 12D3KooWJtBQkxJirqKcrp2TtrNFRTUWXuxoyYuoEacUrgZhazCn
[2026-09-03 10:42:44.636558000][th:588137][info] GossipPubSub Adding new peer: 12D3KooWFvCsxe2ZCGjn2ivov2ey9ptPBJwkgg9gL5d2VMdtz7nj
[2026-09-03 10:42:44.636639000][th:588137][info] GossipPubSub Adding new peer: 12D3KooWN41BfjSS2hAccnRKZodGhS4idA3xeZuebkD8xen4rXGC
[2026-09-03 10:42:44.636713000][th:588265][info] GossipPubSub Adding new peer: 12D3KooWJtBQkxJirqKcrp2TtrNFRTUWXuxoyYuoEacUrgZhazCn
[2026-09-03 10:42:44.636795000][th:588265][info] GossipPubSub Adding new peer: 12D3KooWJpGJDMf5vcoKN3ved1snNNSRn1bnyqKbQPpdCm4QXWD5
[2026-09-03 10:42:44.636879000][th:588265][info] GossipPubSub Adding new peer: 12D3KooWN41BfjSS2hAccnRKZodGhS4idA3xeZuebkD8xen4rXGC
[2026-09-03 10:42:44.636964000][th:588370][info] GossipPubSub Adding new peer: 12D3KooWJtBQkxJirqKcrp2TtrNFRTUWXuxoyYuoEacUrgZhazCn
[2026-09-03 10:42:44.637057000][th:588370][info] GossipPubSub Adding new peer: 12D3KooWJpGJDMf5vcoKN3ved1snNNSRn1bnyqKbQPpdCm4QXWD5
[2026-09-03 10:42:44.637133000][th:588370][info] GossipPubSub Adding new peer: 12D3KooWFvCsxe2ZCGjn2ivov2ey9ptPBJwkgg9gL5d2VMdtz7nj
[2026-09-03 10:42:44][info][CRDTCallbackManager] Successfully unregistered new data callback for pattern: '^/?/bc-144/tx/[^/]+'
[2026-09-03 10:42:44][info][CRDTCallbackManager] Successfully unregistered deleted data callback for pattern: '^/?/bc-144/tx/[^/]+'
[2026-09-03 10:42:44][info][CRDTCallbackManager] Successfully unregistered new data callback for pattern: '^/?/bc-963/tx/[^/]+'
[2026-09-03 10:42:44][info][CRDTCallbackManager] Successfully unregistered deleted data callback for pattern: '^/?/bc-963/tx/[^/]+'
[2026-09-03 10:42:44][info][CRDTCallbackManager] Successfully unregistered new data callback for pattern: '^/?/bc-369/tx/[^/]+'
[2026-09-03 10:42:44][info][CRDTCallbackManager] Successfully unregistered deleted data callback for pattern: '^/?/bc-369/tx/[^/]+'
[2026-09-03 10:42:44][info][TransactionManager] [77e5b93b - full: false] ~TransactionManager: Metrics — cert_fallback(success=0 failure=0) validation(approve=0 reject=0) tracking(insert=0 confirm=0 fail=0)
[2026-09-03 10:42:44][info][Blockchain] [77e5b93b] Stopping blockchain
[2026-09-03 10:42:44][info][CRDTCallbackManager] Successfully unregistered new data callback for pattern: '/?gnus-genesis-block'
[2026-09-03 10:42:44][info][CRDTCallbackManager] Successfully unregistered new data callback for pattern: '/?gnus-account-creation-.*'
[2026-09-03 10:42:44][info][CRDTCallbackManager] Successfully unregistered new data callback for pattern: '/?gnus-validator-registry'
[2026-09-03 10:42:44][debug][GlobalDB] ~GlobalDB CALLED with count 6 on multi_node_finality_fault/restart-certificate-validator-one/rocksdb 
[2026-09-03 10:42:44][info][GlobalDB] GlobalDB shutdown start
[2026-09-03 10:42:44][info][CrdtDatastore] CancelAndCloseNow: begin (pending_jobs=0, self_queue=0, root_queue=0, pending_roots=0, active_root=false)
[2026-09-03 10:42:44][debug][GraphsyncDAGSyncer] Stopping Dagsyncer
[2026-09-03 10:42:44][debug][GraphsyncDAGSyncer] Dagsyncer Stopped
[2026-09-03 10:42:45][info][CrdtDatastore] CancelAndCloseNow: CRDT workers stopped
[2026-09-03 10:42:45][warning][CrdtDatastore] CancelAndCloseNow called but shutdown has already started
[2026-09-03 10:42:45][debug][GraphsyncDAGSyncer] ~GraphsyncDAGSyncer CALLED
[2026-09-03 10:42:45][info][GlobalDB] GlobalDB shutdown finished
[2026-09-03 10:42:45.018329000][th:588016][error] GossipPubSub Address monitoring timer error: Operation canceled
[2026-09-03 10:42:46][info][CRDTCallbackManager] Successfully unregistered new data callback for pattern: '^/?/bc-144/tx/[^/]+'
[2026-09-03 10:42:46][info][CRDTCallbackManager] Successfully unregistered deleted data callback for pattern: '^/?/bc-144/tx/[^/]+'
[2026-09-03 10:42:46][info][CRDTCallbackManager] Successfully unregistered new data callback for pattern: '^/?/bc-963/tx/[^/]+'
[2026-09-03 10:42:46][info][CRDTCallbackManager] Successfully unregistered deleted data callback for pattern: '^/?/bc-963/tx/[^/]+'
[2026-09-03 10:42:46][info][CRDTCallbackManager] Successfully unregistered new data callback for pattern: '^/?/bc-369/tx/[^/]+'
[2026-09-03 10:42:46][info][CRDTCallbackManager] Successfully unregistered deleted data callback for pattern: '^/?/bc-369/tx/[^/]+'
[2026-09-03 10:42:46][info][TransactionManager] [d464dc21 - full: false] ~TransactionManager: Metrics — cert_fallback(success=0 failure=0) validation(approve=0 reject=0) tracking(insert=0 confirm=0 fail=0)
[2026-09-03 10:42:46][info][Blockchain] [d464dc21] Stopping blockchain
[2026-09-03 10:42:46][info][CRDTCallbackManager] Successfully unregistered new data callback for pattern: '/?gnus-genesis-block'
[2026-09-03 10:42:46][info][CRDTCallbackManager] Successfully unregistered new data callback for pattern: '/?gnus-account-creation-.*'
[2026-09-03 10:42:46][info][CRDTCallbackManager] Successfully unregistered new data callback for pattern: '/?gnus-validator-registry'
[2026-09-03 10:42:46][debug][GlobalDB] ~GlobalDB CALLED with count 6 on multi_node_finality_fault/restart-certificate-validator-two/rocksdb 
[2026-09-03 10:42:46][info][GlobalDB] GlobalDB shutdown start
[2026-09-03 10:42:46][info][CrdtDatastore] CancelAndCloseNow: begin (pending_jobs=0, self_queue=0, root_queue=0, pending_roots=0, active_root=false)
[2026-09-03 10:42:46][debug][GraphsyncDAGSyncer] Stopping Dagsyncer
[2026-09-03 10:42:46][debug][GraphsyncDAGSyncer] Dagsyncer Stopped
[2026-09-03 10:42:46][info][CrdtDatastore] CancelAndCloseNow: CRDT workers stopped
[2026-09-03 10:42:46][warning][CrdtDatastore] CancelAndCloseNow called but shutdown has already started
[2026-09-03 10:42:46][debug][GraphsyncDAGSyncer] ~GraphsyncDAGSyncer CALLED
[2026-09-03 10:42:46][info][GlobalDB] GlobalDB shutdown finished
[2026-09-03 10:42:46.109739000][th:588137][error] GossipPubSub Address monitoring timer error: Operation canceled
[2026-09-03 10:42:47][info][CRDTCallbackManager] Successfully unregistered new data callback for pattern: '^/?/bc-144/tx/[^/]+'
[2026-09-03 10:42:47][info][CRDTCallbackManager] Successfully unregistered deleted data callback for pattern: '^/?/bc-144/tx/[^/]+'
[2026-09-03 10:42:47][info][CRDTCallbackManager] Successfully unregistered new data callback for pattern: '^/?/bc-963/tx/[^/]+'
[2026-09-03 10:42:47][info][CRDTCallbackManager] Successfully unregistered deleted data callback for pattern: '^/?/bc-963/tx/[^/]+'
[2026-09-03 10:42:47][info][CRDTCallbackManager] Successfully unregistered new data callback for pattern: '^/?/bc-369/tx/[^/]+'
[2026-09-03 10:42:47][info][CRDTCallbackManager] Successfully unregistered deleted data callback for pattern: '^/?/bc-369/tx/[^/]+'
[2026-09-03 10:42:47][info][TransactionManager] [562f5c48 - full: false] ~TransactionManager: Metrics — cert_fallback(success=0 failure=0) validation(approve=0 reject=0) tracking(insert=0 confirm=0 fail=0)
[2026-09-03 10:42:47][info][Blockchain] [562f5c48] Stopping blockchain
[2026-09-03 10:42:47][info][CRDTCallbackManager] Successfully unregistered new data callback for pattern: '/?gnus-genesis-block'
[2026-09-03 10:42:47][info][CRDTCallbackManager] Successfully unregistered new data callback for pattern: '/?gnus-account-creation-.*'
[2026-09-03 10:42:47][info][CRDTCallbackManager] Successfully unregistered new data callback for pattern: '/?gnus-validator-registry'
[2026-09-03 10:42:47][debug][GlobalDB] ~GlobalDB CALLED with count 6 on multi_node_finality_fault/restart-certificate-validator-three/rocksdb 
[2026-09-03 10:42:47][info][GlobalDB] GlobalDB shutdown start
[2026-09-03 10:42:47][info][CrdtDatastore] CancelAndCloseNow: begin (pending_jobs=0, self_queue=0, root_queue=0, pending_roots=0, active_root=false)
[2026-09-03 10:42:47][debug][GraphsyncDAGSyncer] Stopping Dagsyncer
[2026-09-03 10:42:47][debug][GraphsyncDAGSyncer] Dagsyncer Stopped
[2026-09-03 10:42:47][info][CrdtDatastore] CancelAndCloseNow: CRDT workers stopped
[2026-09-03 10:42:47][warning][CrdtDatastore] CancelAndCloseNow called but shutdown has already started
[2026-09-03 10:42:47][debug][GraphsyncDAGSyncer] ~GraphsyncDAGSyncer CALLED
[2026-09-03 10:42:47][info][GlobalDB] GlobalDB shutdown finished
[2026-09-03 10:42:47.125734000][th:588265][error] GossipPubSub Address monitoring timer error: Operation canceled
[2026-09-03 10:42:48][info][CRDTCallbackManager] Successfully unregistered new data callback for pattern: '^/?/bc-144/tx/[^/]+'
[2026-09-03 10:42:48][info][CRDTCallbackManager] Successfully unregistered deleted data callback for pattern: '^/?/bc-144/tx/[^/]+'
[2026-09-03 10:42:48][info][CRDTCallbackManager] Successfully unregistered new data callback for pattern: '^/?/bc-963/tx/[^/]+'
[2026-09-03 10:42:48][info][CRDTCallbackManager] Successfully unregistered deleted data callback for pattern: '^/?/bc-963/tx/[^/]+'
[2026-09-03 10:42:48][info][CRDTCallbackManager] Successfully unregistered new data callback for pattern: '^/?/bc-369/tx/[^/]+'
[2026-09-03 10:42:48][info][CRDTCallbackManager] Successfully unregistered deleted data callback for pattern: '^/?/bc-369/tx/[^/]+'
[2026-09-03 10:42:48][info][TransactionManager] [9f43c4fd - full: false] ~TransactionManager: Metrics — cert_fallback(success=0 failure=0) validation(approve=0 reject=0) tracking(insert=0 confirm=0 fail=0)
[2026-09-03 10:42:48][info][Blockchain] [9f43c4fd] Stopping blockchain
[2026-09-03 10:42:48][info][CRDTCallbackManager] Successfully unregistered new data callback for pattern: '/?gnus-genesis-block'
[2026-09-03 10:42:48][info][CRDTCallbackManager] Successfully unregistered new data callback for pattern: '/?gnus-account-creation-.*'
[2026-09-03 10:42:48][info][CRDTCallbackManager] Successfully unregistered new data callback for pattern: '/?gnus-validator-registry'
[2026-09-03 10:42:48][debug][GlobalDB] ~GlobalDB CALLED with count 6 on multi_node_finality_fault/restart-certificate-passive/rocksdb 
[2026-09-03 10:42:48][info][GlobalDB] GlobalDB shutdown start
[2026-09-03 10:42:48][info][CrdtDatastore] CancelAndCloseNow: begin (pending_jobs=0, self_queue=0, root_queue=0, pending_roots=0, active_root=false)
[2026-09-03 10:42:48][debug][GraphsyncDAGSyncer] Stopping Dagsyncer
[2026-09-03 10:42:48][debug][GraphsyncDAGSyncer] Dagsyncer Stopped
[2026-09-03 10:42:48][info][CrdtDatastore] CancelAndCloseNow: CRDT workers stopped
[2026-09-03 10:42:48][warning][CrdtDatastore] CancelAndCloseNow called but shutdown has already started
[2026-09-03 10:42:48][debug][GraphsyncDAGSyncer] ~GraphsyncDAGSyncer CALLED
[2026-09-03 10:42:48][info][GlobalDB] GlobalDB shutdown finished
[2026-09-03 10:42:48.175268000][th:588370][error] GossipPubSub Address monitoring timer error: Operation canceled
[2026-09-03 10:42:49][info][KeyPairFileStorage] Path to keypairs multi_node_finality_fault/restart-mint-validator-one/keypair
[2026-09-03 10:42:49][info][KeyPairFileStorage] Peer ID from public key: 12D3KooWQSSqWnraG4kihedqLXntYSVwh7tq6FQJVsQhYsB4bf4k
Current limits: 16384 (soft), 9223372036854775807 (hard)
New limits set successfully: 16384 (soft), 9223372036854775807 (hard)
Initialized relay addresses
[2026-09-03 10:42:49.191652000][th:585327][info] GossipPubSub /ip4/0.0.0.0/tcp/54621/p2p/12D3KooWQSSqWnraG4kihedqLXntYSVwh7tq6FQJVsQhYsB4bf4k: Starting PubSub service
[2026-09-03 10:42:49.191854000][th:588756][info] GossipPubSub Starting address monitoring system for mobile network changes
[2026-09-03 10:42:49.191860000][th:588756][info] GossipPubSub === CURRENT NETWORK STATE ===
[2026-09-03 10:42:49.191874000][th:588756][info] GossipPubSub Primary listening address: /ip4/0.0.0.0/tcp/54621/p2p/12D3KooWQSSqWnraG4kihedqLXntYSVwh7tq6FQJVsQhYsB4bf4k
[2026-09-03 10:42:49.191877000][th:588756][info] GossipPubSub Host peer info addresses (0):
[2026-09-03 10:42:49.191878000][th:588756][info] GossipPubSub Additional addresses we track (0):
[2026-09-03 10:42:49.191880000][th:588756][info] GossipPubSub Listening addresses (1):
[2026-09-03 10:42:49.191881000][th:588756][info] GossipPubSub   -> /ip4/0.0.0.0/tcp/54621/p2p/12D3KooWQSSqWnraG4kihedqLXntYSVwh7tq6FQJVsQhYsB4bf4k
[2026-09-03 10:42:49.191883000][th:588756][info] GossipPubSub Interface addresses (0):
[2026-09-03 10:42:49.191884000][th:588756][info] GossipPubSub === RAW OBSERVED ADDRESS DEBUG ===
[2026-09-03 10:42:49.191886000][th:588756][info] GossipPubSub Local address: /ip4/0.0.0.0/tcp/54621/p2p/12D3KooWQSSqWnraG4kihedqLXntYSVwh7tq6FQJVsQhYsB4bf4k -> 0 raw observed, 0 activated+confirmed
[2026-09-03 10:42:49.191888000][th:588756][info] GossipPubSub TOTAL: 0 raw observed addresses, 0 activated+confirmed addresses
[2026-09-03 10:42:49.191890000][th:588756][info] GossipPubSub === END RAW OBSERVED ADDRESS DEBUG ===
[2026-09-03 10:42:49.191891000][th:588756][info] GossipPubSub Observed addresses - all (0):
[2026-09-03 10:42:49.191892000][th:588756][info] GossipPubSub Observed addresses - confirmed only (0):
[2026-09-03 10:42:49.191893000][th:588756][info] GossipPubSub Relay addresses (0):
[2026-09-03 10:42:49.191896000][th:588756][warning] GossipPubSub Failed to get addresses from peer repository: not found
[2026-09-03 10:42:49.191964000][th:588756][info] GossipPubSub Found 1 valid network interfaces
[2026-09-03 10:42:49.191968000][th:588756][info] GossipPubSub Current network interfaces (1):
[2026-09-03 10:42:49.191969000][th:588756][info] GossipPubSub   -> 192.168.1.6
[2026-09-03 10:42:49.191971000][th:588756][info] GossipPubSub Active connections: 0
[2026-09-03 10:42:49.191972000][th:588756][info] GossipPubSub === PEER CONNECTION DETAILS ===
[2026-09-03 10:42:49.191973000][th:588756][info] GossipPubSub NOTE: Observed addresses need to be seen by 4+ different peer groups to become 'activated'
[2026-09-03 10:42:49.191975000][th:588756][info] GossipPubSub NOTE: Current connections: 0, so max possible observers: 0
[2026-09-03 10:42:49.191983000][th:588756][info] GossipPubSub === END PEER CONNECTION DETAILS ===
[2026-09-03 10:42:49.191984000][th:588756][info] GossipPubSub Connection manager stats:
[2026-09-03 10:42:49.191985000][th:588756][info] GossipPubSub   -> Max connections: 1000
[2026-09-03 10:42:49.191986000][th:588756][info] GossipPubSub   -> Current connections: 0
[2026-09-03 10:42:49.191987000][th:588756][info] GossipPubSub === END NETWORK STATE ===
[2026-09-03 10:42:49.192280000][th:588756][info] GossipPubSub /ip4/0.0.0.0/tcp/54621/p2p/12D3KooWQSSqWnraG4kihedqLXntYSVwh7tq6FQJVsQhYsB4bf4k : PubSub service started
[2026-09-03 10:42:49][info][GlobalDB] Opening database /Users/henriqueklein/gnus/SuperGenius/multi_node_finality_fault/restart-mint-validator-one/rocksdb
[2026-09-03 10:42:49][debug][GraphsyncDAGSyncer] GraphSyncer created 4415579496 
[2026-09-03 10:42:49][info][CrdtDatastore] crdt Datastore created. Number of heads: 0 Current max-height: 0
[2026-09-03 10:42:49][info][GeniusAccount] Secure storage ID path: /Users/henriqueklein/gnus/SuperGenius/multi_node_finality_fault/restart-mint-validator-one/account/secure_storage_id
[2026-09-03 10:42:49][error][GeniusAccount] Could not find existing Genius address, generating one from a random mnemonic
[2026-09-03 10:42:49][warning][UTXOManager] Found UTXOs in storage, but there were none
[2026-09-03 10:42:49][info][Blockchain] [29685146] Blockchain instance created with authorized full node: 8a33bdf1
[2026-09-03 10:42:49][error][ValidatorRegistry] InitializeCache: registry content not found during cache init
[2026-09-03 10:42:49][info][CRDTCallbackManager] Successfully registered new data callback for pattern: '/?gnus-validator-registry'
[2026-09-03 10:42:49][info][ValidatorRegistry] RegisterFilter: result=true
[2026-09-03 10:42:49][info][ValidatorRegistry] New: instance ready
[2026-09-03 10:42:49.242690000][th:588756][info] GossipPubSub /ip4/0.0.0.0/tcp/54621/p2p/12D3KooWQSSqWnraG4kihedqLXntYSVwh7tq6FQJVsQhYsB4bf4k: PubSub subscribed to topic 'gnus-validator-registry.3.7.144'
[2026-09-03 10:42:49.242725000][th:588756][info] GossipPubSub /ip4/0.0.0.0/tcp/54621/p2p/12D3KooWQSSqWnraG4kihedqLXntYSVwh7tq6FQJVsQhYsB4bf4k: PubSub subscribed to topic 'consensus-channel-.3.7.144'
[2026-09-03 10:42:49][info][CRDTCallbackManager] Successfully registered new data callback for pattern: '^/?cert/[^/]+'
[2026-09-03 10:42:49.242762000][th:588756][info] GossipPubSub /ip4/0.0.0.0/tcp/54621/p2p/12D3KooWQSSqWnraG4kihedqLXntYSVwh7tq6FQJVsQhYsB4bf4k: PubSub subscribed to topic 'consensus-channel-.3.7.144#datastore.3.7.144'
[2026-09-03 10:42:49][warning][Blockchain] [29685146] Failed to request validator registry during blockchain init
[2026-09-03 10:42:49][info][CRDTCallbackManager] Successfully registered new data callback for pattern: '/?gnus-genesis-block'
[2026-09-03 10:42:49][info][CRDTCallbackManager] Successfully registered new data callback for pattern: '/?gnus-account-creation-.*'
[2026-09-03 10:42:49][info][CRDTCallbackManager] Successfully registered new data callback for pattern: '^/?/bc-144/tx/[^/]+'
[2026-09-03 10:42:49][info][CRDTCallbackManager] Successfully registered deleted data callback for pattern: '^/?/bc-144/tx/[^/]+'
[2026-09-03 10:42:49][info][CRDTCallbackManager] Successfully registered new data callback for pattern: '^/?/bc-963/tx/[^/]+'
[2026-09-03 10:42:49][info][CRDTCallbackManager] Successfully registered deleted data callback for pattern: '^/?/bc-963/tx/[^/]+'
[2026-09-03 10:42:49][info][CRDTCallbackManager] Successfully registered new data callback for pattern: '^/?/bc-369/tx/[^/]+'
[2026-09-03 10:42:49][info][CRDTCallbackManager] Successfully registered deleted data callback for pattern: '^/?/bc-369/tx/[^/]+'
[2026-09-03 10:42:49][info][KeyPairFileStorage] Path to keypairs multi_node_finality_fault/restart-mint-validator-two/keypair
[2026-09-03 10:42:49][info][KeyPairFileStorage] Peer ID from public key: 12D3KooWHXoMmm4sfKFe5GtcgzNTYRMuK8phsX69QNtfWs4AA9Lv
Current limits: 16384 (soft), 9223372036854775807 (hard)
New limits set successfully: 16384 (soft), 9223372036854775807 (hard)
Initialized relay addresses
[2026-09-03 10:42:49.245831000][th:585327][info] GossipPubSub /ip4/0.0.0.0/tcp/54622/p2p/12D3KooWHXoMmm4sfKFe5GtcgzNTYRMuK8phsX69QNtfWs4AA9Lv: Starting PubSub service
[2026-09-03 10:42:49.245971000][th:588777][info] GossipPubSub Starting address monitoring system for mobile network changes
[2026-09-03 10:42:49.245974000][th:588777][info] GossipPubSub === CURRENT NETWORK STATE ===
[2026-09-03 10:42:49.245987000][th:588777][info] GossipPubSub Primary listening address: /ip4/0.0.0.0/tcp/54622/p2p/12D3KooWHXoMmm4sfKFe5GtcgzNTYRMuK8phsX69QNtfWs4AA9Lv
[2026-09-03 10:42:49.245990000][th:588777][info] GossipPubSub Host peer info addresses (0):
[2026-09-03 10:42:49.245997000][th:588777][info] GossipPubSub Additional addresses we track (0):
[2026-09-03 10:42:49.246001000][th:588777][info] GossipPubSub Listening addresses (1):
[2026-09-03 10:42:49.246003000][th:588777][info] GossipPubSub   -> /ip4/0.0.0.0/tcp/54622/p2p/12D3KooWHXoMmm4sfKFe5GtcgzNTYRMuK8phsX69QNtfWs4AA9Lv
[2026-09-03 10:42:49.246005000][th:588777][info] GossipPubSub Interface addresses (0):
[2026-09-03 10:42:49.246006000][th:588777][info] GossipPubSub === RAW OBSERVED ADDRESS DEBUG ===
[2026-09-03 10:42:49.246009000][th:588777][info] GossipPubSub Local address: /ip4/0.0.0.0/tcp/54622/p2p/12D3KooWHXoMmm4sfKFe5GtcgzNTYRMuK8phsX69QNtfWs4AA9Lv -> 0 raw observed, 0 activated+confirmed
[2026-09-03 10:42:49.246011000][th:588777][info] GossipPubSub TOTAL: 0 raw observed addresses, 0 activated+confirmed addresses
[2026-09-03 10:42:49.246013000][th:588777][info] GossipPubSub === END RAW OBSERVED ADDRESS DEBUG ===
[2026-09-03 10:42:49.246014000][th:588777][info] GossipPubSub Observed addresses - all (0):
[2026-09-03 10:42:49.246015000][th:588777][info] GossipPubSub Observed addresses - confirmed only (0):
[2026-09-03 10:42:49.246016000][th:588777][info] GossipPubSub Relay addresses (0):
[2026-09-03 10:42:49.246020000][th:588777][warning] GossipPubSub Failed to get addresses from peer repository: not found
[2026-09-03 10:42:49.246096000][th:588777][info] GossipPubSub Found 1 valid network interfaces
[2026-09-03 10:42:49.246098000][th:588777][info] GossipPubSub Current network interfaces (1):
[2026-09-03 10:42:49.246099000][th:588777][info] GossipPubSub   -> 192.168.1.6
[2026-09-03 10:42:49.246101000][th:588777][info] GossipPubSub Active connections: 0
[2026-09-03 10:42:49.246101000][th:588777][info] GossipPubSub === PEER CONNECTION DETAILS ===
[2026-09-03 10:42:49.246103000][th:588777][info] GossipPubSub NOTE: Observed addresses need to be seen by 4+ different peer groups to become 'activated'
[2026-09-03 10:42:49.246104000][th:588777][info] GossipPubSub NOTE: Current connections: 0, so max possible observers: 0
[2026-09-03 10:42:49.246104000][th:588777][info] GossipPubSub === END PEER CONNECTION DETAILS ===
[2026-09-03 10:42:49.246105000][th:588777][info] GossipPubSub Connection manager stats:
[2026-09-03 10:42:49.246107000][th:588777][info] GossipPubSub   -> Max connections: 1000
[2026-09-03 10:42:49.246108000][th:588777][info] GossipPubSub   -> Current connections: 0
[2026-09-03 10:42:49.246109000][th:588777][info] GossipPubSub === END NETWORK STATE ===
[2026-09-03 10:42:49.246437000][th:588777][info] GossipPubSub /ip4/0.0.0.0/tcp/54622/p2p/12D3KooWHXoMmm4sfKFe5GtcgzNTYRMuK8phsX69QNtfWs4AA9Lv : PubSub service started
[2026-09-03 10:42:49][info][GlobalDB] Opening database /Users/henriqueklein/gnus/SuperGenius/multi_node_finality_fault/restart-mint-validator-two/rocksdb
[2026-09-03 10:42:49][debug][GraphsyncDAGSyncer] GraphSyncer created 4415641368 
[2026-09-03 10:42:49][info][CrdtDatastore] crdt Datastore created. Number of heads: 0 Current max-height: 0
[2026-09-03 10:42:49][info][GeniusAccount] Secure storage ID path: /Users/henriqueklein/gnus/SuperGenius/multi_node_finality_fault/restart-mint-validator-two/account/secure_storage_id
[2026-09-03 10:42:49][error][GeniusAccount] Could not find existing Genius address, generating one from a random mnemonic
[2026-09-03 10:42:49][warning][UTXOManager] Found UTXOs in storage, but there were none
[2026-09-03 10:42:49][info][Blockchain] [55174f21] Blockchain instance created with authorized full node: 8a33bdf1
[2026-09-03 10:42:49][error][ValidatorRegistry] InitializeCache: registry content not found during cache init
[2026-09-03 10:42:49][info][CRDTCallbackManager] Successfully registered new data callback for pattern: '/?gnus-validator-registry'
[2026-09-03 10:42:49][info][ValidatorRegistry] RegisterFilter: result=true
[2026-09-03 10:42:49][info][ValidatorRegistry] New: instance ready
[2026-09-03 10:42:49.289713000][th:588777][info] GossipPubSub /ip4/0.0.0.0/tcp/54622/p2p/12D3KooWHXoMmm4sfKFe5GtcgzNTYRMuK8phsX69QNtfWs4AA9Lv: PubSub subscribed to topic 'gnus-validator-registry.3.7.144'
[2026-09-03 10:42:49][info][CRDTCallbackManager] Successfully registered new data callback for pattern: '^/?cert/[^/]+'
[2026-09-03 10:42:49][warning][Blockchain] [55174f21] Failed to request validator registry during blockchain init
[2026-09-03 10:42:49][info][CRDTCallbackManager] Successfully registered new data callback for pattern: '/?gnus-genesis-block'
[2026-09-03 10:42:49][info][CRDTCallbackManager] Successfully registered new data callback for pattern: '/?gnus-account-creation-.*'
[2026-09-03 10:42:49][info][CRDTCallbackManager] Successfully registered new data callback for pattern: '^/?/bc-144/tx/[^/]+'
[2026-09-03 10:42:49][info][CRDTCallbackManager] Successfully registered deleted data callback for pattern: '^/?/bc-144/tx/[^/]+'
[2026-09-03 10:42:49][info][CRDTCallbackManager] Successfully registered new data callback for pattern: '^/?/bc-963/tx/[^/]+'
[2026-09-03 10:42:49][info][CRDTCallbackManager] Successfully registered deleted data callback for pattern: '^/?/bc-963/tx/[^/]+'
[2026-09-03 10:42:49][info][CRDTCallbackManager] Successfully registered new data callback for pattern: '^/?/bc-369/tx/[^/]+'
[2026-09-03 10:42:49][info][CRDTCallbackManager] Successfully registered deleted data callback for pattern: '^/?/bc-369/tx/[^/]+'
[2026-09-03 10:42:49][info][KeyPairFileStorage] Path to keypairs multi_node_finality_fault/restart-mint-validator-three/keypair
[2026-09-03 10:42:49.290410000][th:588777][info] GossipPubSub /ip4/0.0.0.0/tcp/54622/p2p/12D3KooWHXoMmm4sfKFe5GtcgzNTYRMuK8phsX69QNtfWs4AA9Lv: PubSub subscribed to topic 'consensus-channel-.3.7.144'
[2026-09-03 10:42:49.290934000][th:588777][info] GossipPubSub /ip4/0.0.0.0/tcp/54622/p2p/12D3KooWHXoMmm4sfKFe5GtcgzNTYRMuK8phsX69QNtfWs4AA9Lv: PubSub subscribed to topic 'consensus-channel-.3.7.144#datastore.3.7.144'
[2026-09-03 10:42:49][info][KeyPairFileStorage] Peer ID from public key: 12D3KooWFaNWrmCD8Hbh24qiRkbXP4P79pDBw1oesQxNoqSrWJTf
Current limits: 16384 (soft), 9223372036854775807 (hard)
New limits set successfully: 16384 (soft), 9223372036854775807 (hard)
Initialized relay addresses
[2026-09-03 10:42:49.294242000][th:585327][info] GossipPubSub /ip4/0.0.0.0/tcp/54623/p2p/12D3KooWFaNWrmCD8Hbh24qiRkbXP4P79pDBw1oesQxNoqSrWJTf: Starting PubSub service
[2026-09-03 10:42:49.294419000][th:588799][info] GossipPubSub Starting address monitoring system for mobile network changes
[2026-09-03 10:42:49.294423000][th:588799][info] GossipPubSub === CURRENT NETWORK STATE ===
[2026-09-03 10:42:49.294438000][th:588799][info] GossipPubSub Primary listening address: /ip4/0.0.0.0/tcp/54623/p2p/12D3KooWFaNWrmCD8Hbh24qiRkbXP4P79pDBw1oesQxNoqSrWJTf
[2026-09-03 10:42:49.294440000][th:588799][info] GossipPubSub Host peer info addresses (0):
[2026-09-03 10:42:49.294442000][th:588799][info] GossipPubSub Additional addresses we track (0):
[2026-09-03 10:42:49.294443000][th:588799][info] GossipPubSub Listening addresses (1):
[2026-09-03 10:42:49.294447000][th:588799][info] GossipPubSub   -> /ip4/0.0.0.0/tcp/54623/p2p/12D3KooWFaNWrmCD8Hbh24qiRkbXP4P79pDBw1oesQxNoqSrWJTf
[2026-09-03 10:42:49.294448000][th:588799][info] GossipPubSub Interface addresses (0):
[2026-09-03 10:42:49.294449000][th:588799][info] GossipPubSub === RAW OBSERVED ADDRESS DEBUG ===
[2026-09-03 10:42:49.294452000][th:588799][info] GossipPubSub Local address: /ip4/0.0.0.0/tcp/54623/p2p/12D3KooWFaNWrmCD8Hbh24qiRkbXP4P79pDBw1oesQxNoqSrWJTf -> 0 raw observed, 0 activated+confirmed
[2026-09-03 10:42:49.294454000][th:588799][info] GossipPubSub TOTAL: 0 raw observed addresses, 0 activated+confirmed addresses
[2026-09-03 10:42:49.294455000][th:588799][info] GossipPubSub === END RAW OBSERVED ADDRESS DEBUG ===
[2026-09-03 10:42:49.294456000][th:588799][info] GossipPubSub Observed addresses - all (0):
[2026-09-03 10:42:49.294457000][th:588799][info] GossipPubSub Observed addresses - confirmed only (0):
[2026-09-03 10:42:49.294458000][th:588799][info] GossipPubSub Relay addresses (0):
[2026-09-03 10:42:49.294462000][th:588799][warning] GossipPubSub Failed to get addresses from peer repository: not found
[2026-09-03 10:42:49.294546000][th:588799][info] GossipPubSub Found 1 valid network interfaces
[2026-09-03 10:42:49.294549000][th:588799][info] GossipPubSub Current network interfaces (1):
[2026-09-03 10:42:49.294550000][th:588799][info] GossipPubSub   -> 192.168.1.6
[2026-09-03 10:42:49.294552000][th:588799][info] GossipPubSub Active connections: 0
[2026-09-03 10:42:49.294553000][th:588799][info] GossipPubSub === PEER CONNECTION DETAILS ===
[2026-09-03 10:42:49.294554000][th:588799][info] GossipPubSub NOTE: Observed addresses need to be seen by 4+ different peer groups to become 'activated'
[2026-09-03 10:42:49.294555000][th:588799][info] GossipPubSub NOTE: Current connections: 0, so max possible observers: 0
[2026-09-03 10:42:49.294556000][th:588799][info] GossipPubSub === END PEER CONNECTION DETAILS ===
[2026-09-03 10:42:49.294556000][th:588799][info] GossipPubSub Connection manager stats:
[2026-09-03 10:42:49.294558000][th:588799][info] GossipPubSub   -> Max connections: 1000
[2026-09-03 10:42:49.294559000][th:588799][info] GossipPubSub   -> Current connections: 0
[2026-09-03 10:42:49.294560000][th:588799][info] GossipPubSub === END NETWORK STATE ===
[2026-09-03 10:42:49.294960000][th:588799][info] GossipPubSub /ip4/0.0.0.0/tcp/54623/p2p/12D3KooWFaNWrmCD8Hbh24qiRkbXP4P79pDBw1oesQxNoqSrWJTf : PubSub service started
[2026-09-03 10:42:49][info][GlobalDB] Opening database /Users/henriqueklein/gnus/SuperGenius/multi_node_finality_fault/restart-mint-validator-three/rocksdb
[2026-09-03 10:42:49][debug][GraphsyncDAGSyncer] GraphSyncer created 4829899944 
[2026-09-03 10:42:49][info][CrdtDatastore] crdt Datastore created. Number of heads: 0 Current max-height: 0
[2026-09-03 10:42:49][info][GeniusAccount] Secure storage ID path: /Users/henriqueklein/gnus/SuperGenius/multi_node_finality_fault/restart-mint-validator-three/account/secure_storage_id
[2026-09-03 10:42:49][error][GeniusAccount] Could not find existing Genius address, generating one from a random mnemonic
[2026-09-03 10:42:49][warning][UTXOManager] Found UTXOs in storage, but there were none
[2026-09-03 10:42:49][info][Blockchain] [2037a8cd] Blockchain instance created with authorized full node: 8a33bdf1
[2026-09-03 10:42:49][error][ValidatorRegistry] InitializeCache: registry content not found during cache init
[2026-09-03 10:42:49][info][CRDTCallbackManager] Successfully registered new data callback for pattern: '/?gnus-validator-registry'
[2026-09-03 10:42:49][info][ValidatorRegistry] RegisterFilter: result=true
[2026-09-03 10:42:49][info][ValidatorRegistry] New: instance ready
[2026-09-03 10:42:49.332060000][th:588799][info] GossipPubSub /ip4/0.0.0.0/tcp/54623/p2p/12D3KooWFaNWrmCD8Hbh24qiRkbXP4P79pDBw1oesQxNoqSrWJTf: PubSub subscribed to topic 'gnus-validator-registry.3.7.144'
[2026-09-03 10:42:49][info][CRDTCallbackManager] Successfully registered new data callback for pattern: '^/?cert/[^/]+'
[2026-09-03 10:42:49.332083000][th:588799][info] GossipPubSub /ip4/0.0.0.0/tcp/54623/p2p/12D3KooWFaNWrmCD8Hbh24qiRkbXP4P79pDBw1oesQxNoqSrWJTf: PubSub subscribed to topic 'consensus-channel-.3.7.144'
[2026-09-03 10:42:49][warning][Blockchain] [2037a8cd] Failed to request validator registry during blockchain init
[2026-09-03 10:42:49][info][CRDTCallbackManager] Successfully registered new data callback for pattern: '/?gnus-genesis-block'
[2026-09-03 10:42:49][info][CRDTCallbackManager] Successfully registered new data callback for pattern: '/?gnus-account-creation-.*'
[2026-09-03 10:42:49.332107000][th:588799][info] GossipPubSub /ip4/0.0.0.0/tcp/54623/p2p/12D3KooWFaNWrmCD8Hbh24qiRkbXP4P79pDBw1oesQxNoqSrWJTf: PubSub subscribed to topic 'consensus-channel-.3.7.144#datastore.3.7.144'
[2026-09-03 10:42:49][info][CRDTCallbackManager] Successfully registered new data callback for pattern: '^/?/bc-144/tx/[^/]+'
[2026-09-03 10:42:49][info][CRDTCallbackManager] Successfully registered deleted data callback for pattern: '^/?/bc-144/tx/[^/]+'
[2026-09-03 10:42:49][info][CRDTCallbackManager] Successfully registered new data callback for pattern: '^/?/bc-963/tx/[^/]+'
[2026-09-03 10:42:49][info][CRDTCallbackManager] Successfully registered deleted data callback for pattern: '^/?/bc-963/tx/[^/]+'
[2026-09-03 10:42:49][info][CRDTCallbackManager] Successfully registered new data callback for pattern: '^/?/bc-369/tx/[^/]+'
[2026-09-03 10:42:49][info][CRDTCallbackManager] Successfully registered deleted data callback for pattern: '^/?/bc-369/tx/[^/]+'
[2026-09-03 10:42:49][info][KeyPairFileStorage] Path to keypairs multi_node_finality_fault/restart-mint-passive/keypair
[2026-09-03 10:42:49][info][KeyPairFileStorage] Peer ID from public key: 12D3KooWL3FV9ti353jYha57fKjz1P4apXrtaKNHZSy7VUpQutSs
Current limits: 16384 (soft), 9223372036854775807 (hard)
New limits set successfully: 16384 (soft), 9223372036854775807 (hard)
Initialized relay addresses
[2026-09-03 10:42:49.333923000][th:585327][info] GossipPubSub /ip4/0.0.0.0/tcp/54624/p2p/12D3KooWL3FV9ti353jYha57fKjz1P4apXrtaKNHZSy7VUpQutSs: Starting PubSub service
[2026-09-03 10:42:49.333977000][th:588820][info] GossipPubSub Starting address monitoring system for mobile network changes
[2026-09-03 10:42:49.333979000][th:588820][info] GossipPubSub === CURRENT NETWORK STATE ===
[2026-09-03 10:42:49.333986000][th:588820][info] GossipPubSub Primary listening address: /ip4/0.0.0.0/tcp/54624/p2p/12D3KooWL3FV9ti353jYha57fKjz1P4apXrtaKNHZSy7VUpQutSs
[2026-09-03 10:42:49.333987000][th:588820][info] GossipPubSub Host peer info addresses (0):
[2026-09-03 10:42:49.333988000][th:588820][info] GossipPubSub Additional addresses we track (0):
[2026-09-03 10:42:49.333989000][th:588820][info] GossipPubSub Listening addresses (1):
[2026-09-03 10:42:49.333990000][th:588820][info] GossipPubSub   -> /ip4/0.0.0.0/tcp/54624/p2p/12D3KooWL3FV9ti353jYha57fKjz1P4apXrtaKNHZSy7VUpQutSs
[2026-09-03 10:42:49.333991000][th:588820][info] GossipPubSub Interface addresses (0):
[2026-09-03 10:42:49.333991000][th:588820][info] GossipPubSub === RAW OBSERVED ADDRESS DEBUG ===
[2026-09-03 10:42:49.333993000][th:588820][info] GossipPubSub Local address: /ip4/0.0.0.0/tcp/54624/p2p/12D3KooWL3FV9ti353jYha57fKjz1P4apXrtaKNHZSy7VUpQutSs -> 0 raw observed, 0 activated+confirmed
[2026-09-03 10:42:49.333994000][th:588820][info] GossipPubSub TOTAL: 0 raw observed addresses, 0 activated+confirmed addresses
[2026-09-03 10:42:49.333995000][th:588820][info] GossipPubSub === END RAW OBSERVED ADDRESS DEBUG ===
[2026-09-03 10:42:49.333996000][th:588820][info] GossipPubSub Observed addresses - all (0):
[2026-09-03 10:42:49.333996000][th:588820][info] GossipPubSub Observed addresses - confirmed only (0):
[2026-09-03 10:42:49.333997000][th:588820][info] GossipPubSub Relay addresses (0):
[2026-09-03 10:42:49.333999000][th:588820][warning] GossipPubSub Failed to get addresses from peer repository: not found
[2026-09-03 10:42:49.334032000][th:588820][info] GossipPubSub Found 1 valid network interfaces
[2026-09-03 10:42:49.334034000][th:588820][info] GossipPubSub Current network interfaces (1):
[2026-09-03 10:42:49.334035000][th:588820][info] GossipPubSub   -> 192.168.1.6
[2026-09-03 10:42:49.334036000][th:588820][info] GossipPubSub Active connections: 0
[2026-09-03 10:42:49.334036000][th:588820][info] GossipPubSub === PEER CONNECTION DETAILS ===
[2026-09-03 10:42:49.334037000][th:588820][info] GossipPubSub NOTE: Observed addresses need to be seen by 4+ different peer groups to become 'activated'
[2026-09-03 10:42:49.334038000][th:588820][info] GossipPubSub NOTE: Current connections: 0, so max possible observers: 0
[2026-09-03 10:42:49.334038000][th:588820][info] GossipPubSub === END PEER CONNECTION DETAILS ===
[2026-09-03 10:42:49.334039000][th:588820][info] GossipPubSub Connection manager stats:
[2026-09-03 10:42:49.334040000][th:588820][info] GossipPubSub   -> Max connections: 1000
[2026-09-03 10:42:49.334040000][th:588820][info] GossipPubSub   -> Current connections: 0
[2026-09-03 10:42:49.334041000][th:588820][info] GossipPubSub === END NETWORK STATE ===
[2026-09-03 10:42:49.334166000][th:588820][info] GossipPubSub /ip4/0.0.0.0/tcp/54624/p2p/12D3KooWL3FV9ti353jYha57fKjz1P4apXrtaKNHZSy7VUpQutSs : PubSub service started
[2026-09-03 10:42:49][info][GlobalDB] Opening database /Users/henriqueklein/gnus/SuperGenius/multi_node_finality_fault/restart-mint-passive/rocksdb
[2026-09-03 10:42:49][debug][GraphsyncDAGSyncer] GraphSyncer created 4829903400 
[2026-09-03 10:42:49][info][CrdtDatastore] crdt Datastore created. Number of heads: 0 Current max-height: 0
[2026-09-03 10:42:49][info][GeniusAccount] Secure storage ID path: /Users/henriqueklein/gnus/SuperGenius/multi_node_finality_fault/restart-mint-passive/account/secure_storage_id
[2026-09-03 10:42:49][error][GeniusAccount] Could not find existing Genius address, generating one from a random mnemonic
[2026-09-03 10:42:49][warning][UTXOManager] Found UTXOs in storage, but there were none
[2026-09-03 10:42:49][info][Blockchain] [6e73c7a6] Blockchain instance created with authorized full node: 8a33bdf1
[2026-09-03 10:42:49][error][ValidatorRegistry] InitializeCache: registry content not found during cache init
[2026-09-03 10:42:49][info][CRDTCallbackManager] Successfully registered new data callback for pattern: '/?gnus-validator-registry'
[2026-09-03 10:42:49][info][ValidatorRegistry] RegisterFilter: result=true
[2026-09-03 10:42:49][info][ValidatorRegistry] New: instance ready
[2026-09-03 10:42:49.371648000][th:588820][info] GossipPubSub /ip4/0.0.0.0/tcp/54624/p2p/12D3KooWL3FV9ti353jYha57fKjz1P4apXrtaKNHZSy7VUpQutSs: PubSub subscribed to topic 'gnus-validator-registry.3.7.144'
[2026-09-03 10:42:49][info][CRDTCallbackManager] Successfully registered new data callback for pattern: '^/?cert/[^/]+'
[2026-09-03 10:42:49][warning][Blockchain] [6e73c7a6] Failed to request validator registry during blockchain init
[2026-09-03 10:42:49][info][CRDTCallbackManager] Successfully registered new data callback for pattern: '/?gnus-genesis-block'
[2026-09-03 10:42:49][info][CRDTCallbackManager] Successfully registered new data callback for pattern: '/?gnus-account-creation-.*'
[2026-09-03 10:42:49.371675000][th:588820][info] GossipPubSub /ip4/0.0.0.0/tcp/54624/p2p/12D3KooWL3FV9ti353jYha57fKjz1P4apXrtaKNHZSy7VUpQutSs: PubSub subscribed to topic 'consensus-channel-.3.7.144'
[2026-09-03 10:42:49][info][CRDTCallbackManager] Successfully registered new data callback for pattern: '^/?/bc-144/tx/[^/]+'
[2026-09-03 10:42:49][info][CRDTCallbackManager] Successfully registered deleted data callback for pattern: '^/?/bc-144/tx/[^/]+'
[2026-09-03 10:42:49][info][CRDTCallbackManager] Successfully registered new data callback for pattern: '^/?/bc-963/tx/[^/]+'
[2026-09-03 10:42:49][info][CRDTCallbackManager] Successfully registered deleted data callback for pattern: '^/?/bc-963/tx/[^/]+'
[2026-09-03 10:42:49.371706000][th:588820][info] GossipPubSub /ip4/0.0.0.0/tcp/54624/p2p/12D3KooWL3FV9ti353jYha57fKjz1P4apXrtaKNHZSy7VUpQutSs: PubSub subscribed to topic 'consensus-channel-.3.7.144#datastore.3.7.144'
[2026-09-03 10:42:49][info][CRDTCallbackManager] Successfully registered new data callback for pattern: '^/?/bc-369/tx/[^/]+'
[2026-09-03 10:42:49][info][CRDTCallbackManager] Successfully registered deleted data callback for pattern: '^/?/bc-369/tx/[^/]+'
[2026-09-03 10:42:49][info][CrdtDatastore] Topics { name="gnus-validator-registry" }
[2026-09-03 10:42:49][info][CRDTCallbackManager] Executing callback for key '/gnus-validator-registry' matching pattern '/?gnus-validator-registry'
[2026-09-03 10:42:49][info][ValidatorRegistry] RegistryUpdateReceived: cache updated and initialized
[2026-09-03 10:42:49][debug][GraphsyncDAGSyncer] addNode: Added node QmSfnoPyPXyDcP1kZj5t4JtZyU4Yb71BYi95PXHX8wmQGF on dagService 
[2026-09-03 10:42:49][info][ValidatorRegistry] StoreRegistryUpdate: stored registry update CID QmSfnoPyPXyDcP1kZj5t4JtZyU4Yb71BYi95PXHX8wmQGF
[2026-09-03 10:42:49][info][ValidatorRegistry] StoreRegistryUpdate: success
[2026-09-03 10:42:49][info][CrdtDatastore] Topics { name="gnus-validator-registry" }
[2026-09-03 10:42:49][info][CRDTCallbackManager] Executing callback for key '/gnus-validator-registry' matching pattern '/?gnus-validator-registry'
[2026-09-03 10:42:49][info][ValidatorRegistry] RegistryUpdateReceived: cache updated and initialized
[2026-09-03 10:42:49][debug][GraphsyncDAGSyncer] addNode: Added node QmSfnoPyPXyDcP1kZj5t4JtZyU4Yb71BYi95PXHX8wmQGF on dagService 
[2026-09-03 10:42:49][info][ValidatorRegistry] StoreRegistryUpdate: stored registry update CID QmSfnoPyPXyDcP1kZj5t4JtZyU4Yb71BYi95PXHX8wmQGF
[2026-09-03 10:42:49][info][ValidatorRegistry] StoreRegistryUpdate: success
[2026-09-03 10:42:49][info][CrdtDatastore] Topics { name="gnus-validator-registry" }
[2026-09-03 10:42:49][info][CRDTCallbackManager] Executing callback for key '/gnus-validator-registry' matching pattern '/?gnus-validator-registry'
[2026-09-03 10:42:49][info][ValidatorRegistry] RegistryUpdateReceived: cache updated and initialized
[2026-09-03 10:42:49][debug][GraphsyncDAGSyncer] addNode: Added node QmSfnoPyPXyDcP1kZj5t4JtZyU4Yb71BYi95PXHX8wmQGF on dagService 
[2026-09-03 10:42:49][info][ValidatorRegistry] StoreRegistryUpdate: stored registry update CID QmSfnoPyPXyDcP1kZj5t4JtZyU4Yb71BYi95PXHX8wmQGF
[2026-09-03 10:42:49][info][ValidatorRegistry] StoreRegistryUpdate: success
[2026-09-03 10:42:49][info][CrdtDatastore] Topics { name="gnus-validator-registry" }
[2026-09-03 10:42:49][info][CRDTCallbackManager] Executing callback for key '/gnus-validator-registry' matching pattern '/?gnus-validator-registry'
[2026-09-03 10:42:49][info][ValidatorRegistry] RegistryUpdateReceived: cache updated and initialized
[2026-09-03 10:42:49][debug][GraphsyncDAGSyncer] addNode: Added node QmSfnoPyPXyDcP1kZj5t4JtZyU4Yb71BYi95PXHX8wmQGF on dagService 
[2026-09-03 10:42:49][info][ValidatorRegistry] StoreRegistryUpdate: stored registry update CID QmSfnoPyPXyDcP1kZj5t4JtZyU4Yb71BYi95PXHX8wmQGF
[2026-09-03 10:42:49][info][ValidatorRegistry] StoreRegistryUpdate: success
[2026-09-03 10:42:49.423937000][th:588756][info] GossipPubSub Adding new peer: 12D3KooWHXoMmm4sfKFe5GtcgzNTYRMuK8phsX69QNtfWs4AA9Lv
[2026-09-03 10:42:49.424006000][th:588756][info] GossipPubSub Adding new peer: 12D3KooWFaNWrmCD8Hbh24qiRkbXP4P79pDBw1oesQxNoqSrWJTf
[2026-09-03 10:42:49.424071000][th:588756][info] GossipPubSub Adding new peer: 12D3KooWL3FV9ti353jYha57fKjz1P4apXrtaKNHZSy7VUpQutSs
[2026-09-03 10:42:49.424136000][th:588777][info] GossipPubSub Adding new peer: 12D3KooWQSSqWnraG4kihedqLXntYSVwh7tq6FQJVsQhYsB4bf4k
[2026-09-03 10:42:49.424197000][th:588777][info] GossipPubSub Adding new peer: 12D3KooWFaNWrmCD8Hbh24qiRkbXP4P79pDBw1oesQxNoqSrWJTf
[2026-09-03 10:42:49.424259000][th:588777][info] GossipPubSub Adding new peer: 12D3KooWL3FV9ti353jYha57fKjz1P4apXrtaKNHZSy7VUpQutSs
[2026-09-03 10:42:49.424319000][th:588799][info] GossipPubSub Adding new peer: 12D3KooWQSSqWnraG4kihedqLXntYSVwh7tq6FQJVsQhYsB4bf4k
[2026-09-03 10:42:49.424380000][th:588799][info] GossipPubSub Adding new peer: 12D3KooWHXoMmm4sfKFe5GtcgzNTYRMuK8phsX69QNtfWs4AA9Lv
[2026-09-03 10:42:49.424440000][th:588799][info] GossipPubSub Adding new peer: 12D3KooWL3FV9ti353jYha57fKjz1P4apXrtaKNHZSy7VUpQutSs
[2026-09-03 10:42:49.424500000][th:588820][info] GossipPubSub Adding new peer: 12D3KooWQSSqWnraG4kihedqLXntYSVwh7tq6FQJVsQhYsB4bf4k
[2026-09-03 10:42:49.424560000][th:588820][info] GossipPubSub Adding new peer: 12D3KooWHXoMmm4sfKFe5GtcgzNTYRMuK8phsX69QNtfWs4AA9Lv
[2026-09-03 10:42:49.424622000][th:588820][info] GossipPubSub Adding new peer: 12D3KooWFaNWrmCD8Hbh24qiRkbXP4P79pDBw1oesQxNoqSrWJTf
[2026-09-03 10:42:49][info][TransactionManager] [29685146 - full: false] ChangeTransactionState: Temp tracking entry created tx=b3266f0ea6ac9c007737fff2e7b24eb8a65ae0d13c6a4314aa3a13250302925b
26.09.03 10:42:49[38;2;128;128;128m.498118[0m  [38;2;255;069;000m[1mError   [0m  [1mNoiseHandshake[0m  [1mNoise handshake failed, Message is too short with 12D3KooWFaNWrmCD8Hbh24qiRkbXP4P79pDBw1oesQxNoqSrWJTf on address /ip4/192.168.1.6/tcp/54623[0m
26.09.03 10:42:49[38;2;128;128;128m.498124[0m  [38;2;255;069;000m[1mError   [0m  [1mNoiseHandshake[0m  [1mNoise handshake failed, Message is too short with 12D3KooWQSSqWnraG4kihedqLXntYSVwh7tq6FQJVsQhYsB4bf4k on address /ip4/192.168.1.6/tcp/54621[0m
[2026-09-03 10:42:49][info][TransactionManager] [6e73c7a6 - full: false] ChangeTransactionState: Temp tracking entry created tx=b3266f0ea6ac9c007737fff2e7b24eb8a65ae0d13c6a4314aa3a13250302925b
[2026-09-03 10:42:49][info][TransactionManager] [55174f21 - full: false] ChangeTransactionState: Temp tracking entry created tx=b3266f0ea6ac9c007737fff2e7b24eb8a65ae0d13c6a4314aa3a13250302925b
[2026-09-03 10:42:49][info][TransactionManager] [2037a8cd - full: false] ChangeTransactionState: Temp tracking entry created tx=b3266f0ea6ac9c007737fff2e7b24eb8a65ae0d13c6a4314aa3a13250302925b
[2026-09-03 10:42:51][error][ConsensusManager] HandleVote: ignored: proposal has not won frozen slot arbitration proposal_id=ee8e0950
[2026-09-03 10:42:51][error][ConsensusManager] HandleVote: ignored: proposal has not won frozen slot arbitration proposal_id=ee8e0950
[2026-09-03 10:42:51][error][ConsensusManager] HandleVote: ignored: proposal has not won frozen slot arbitration proposal_id=ee8e0950
[2026-09-03 10:42:51][error][ConsensusManager] HandleVote: ignored: proposal has not won frozen slot arbitration proposal_id=ee8e0950
[2026-09-03 10:42:53][info][CrdtDatastore] Topics { name="consensus-channel-.3.7.144#datastore" }
[2026-09-03 10:42:53][info][CRDTCallbackManager] Executing callback for key '/cert/mint-v2:test:0000000000000000000000000000000000000000000000000000000000000000:42:296851468682468fe000d2e5d4da833acc974b75674bbcc195ccae917772ee7cea2f1198213f426784290f54c7d1517e98c9b5f027e7d957424ec0955cd41298:cccccccccccccccccccccccccccccccccccccccccccccccccccccccccccccccc' matching pattern '^/?cert/[^/]+'
[2026-09-03 10:42:53][debug][GraphsyncDAGSyncer] addNode: Added node QmZqTKnCVUT9b26ByT34opXDQNXak3mUXEh4Y81MgRfJBF on dagService 
[2026-09-03 10:42:53][debug][GraphsyncDAGSyncer] Registered new peer 12D3KooWQSSqWnraG4kihedqLXntYSVwh7tq6FQJVsQhYsB4bf4k with key 0
[2026-09-03 10:42:53][debug][GraphsyncDAGSyncer] Registered new peer 12D3KooWQSSqWnraG4kihedqLXntYSVwh7tq6FQJVsQhYsB4bf4k with key 0
[2026-09-03 10:42:53][debug][GraphsyncDAGSyncer] Added route for CID QmZqTKnCVUT9b26ByT34opXDQNXak3mUXEh4Y81MgRfJBF to peer 12D3KooWQSSqWnraG4kihedqLXntYSVwh7tq6FQJVsQhYsB4bf4k (key 0, route_count=1)
[2026-09-03 10:42:53][debug][GraphsyncDAGSyncer] Added route for CID QmZqTKnCVUT9b26ByT34opXDQNXak3mUXEh4Y81MgRfJBF to peer 12D3KooWQSSqWnraG4kihedqLXntYSVwh7tq6FQJVsQhYsB4bf4k (key 0, route_count=1)
[2026-09-03 10:42:53][info][UTXOManager] Stored 1 UTXOs for address 296851468682468fe000d2e5d4da833acc974b75674bbcc195ccae917772ee7cea2f1198213f426784290f54c7d1517e98c9b5f027e7d957424ec0955cd41298
[2026-09-03 10:42:53][info][UTXOManager] Stored 2 UTXOs for address 296851468682468fe000d2e5d4da833acc974b75674bbcc195ccae917772ee7cea2f1198213f426784290f54c7d1517e98c9b5f027e7d957424ec0955cd41298
[2026-09-03 10:42:53][warning][TransactionManager] [29685146 - full: false] Mint-v2 b3266f0ea6ac9c007737fff2e7b24eb8a65ae0d13c6a4314aa3a13250302925b did not consume every burn input (already consumed or missing); burn outpoint metadata may have been rebuilt with zero amount
[2026-09-03 10:42:53][info][TransactionManager] [29685146 - full: false] Created tokens (mint-v2), amount 42 balance 42
[2026-09-03 10:42:53][debug][GraphsyncDAGSyncer] Registered new peer 12D3KooWQSSqWnraG4kihedqLXntYSVwh7tq6FQJVsQhYsB4bf4k with key 0
[2026-09-03 10:42:53][debug][GraphsyncDAGSyncer] Added route for CID QmZqTKnCVUT9b26ByT34opXDQNXak3mUXEh4Y81MgRfJBF to peer 12D3KooWQSSqWnraG4kihedqLXntYSVwh7tq6FQJVsQhYsB4bf4k (key 0, route_count=1)
[2026-09-03 10:42:53][info][Blockchain] [29685146] Stopping blockchain
[2026-09-03 10:42:53][error][TransactionManager] [29685146 - full: false] OnConsensusCertificate: Failed to change transaction state to CONFIRMED for hash b3266f0ea6ac9c007737fff2e7b24eb8a65ae0d13c6a4314aa3a13250302925b: Operation canceled
[2026-09-03 10:42:53][error][TransactionManager] [29685146 - full: false] Failed to process certificate proposal_id=ee8e095053ade2f71df874ff7bed332ac098ce32e7e62710229733fb69471abb error=Operation canceled
[2026-09-03 10:42:53][info][CRDTCallbackManager] Successfully unregistered new data callback for pattern: '^/?/bc-144/tx/[^/]+'
[2026-09-03 10:42:53][info][CRDTCallbackManager] Successfully unregistered deleted data callback for pattern: '^/?/bc-144/tx/[^/]+'
[2026-09-03 10:42:53][info][CRDTCallbackManager] Successfully unregistered new data callback for pattern: '^/?/bc-963/tx/[^/]+'
[2026-09-03 10:42:53][info][CRDTCallbackManager] Successfully unregistered deleted data callback for pattern: '^/?/bc-963/tx/[^/]+'
[2026-09-03 10:42:53][info][CRDTCallbackManager] Successfully unregistered new data callback for pattern: '^/?/bc-369/tx/[^/]+'
[2026-09-03 10:42:53][info][CRDTCallbackManager] Successfully unregistered deleted data callback for pattern: '^/?/bc-369/tx/[^/]+'
[2026-09-03 10:42:53][info][TransactionManager] [29685146 - full: false] ~TransactionManager: Metrics — cert_fallback(success=0 failure=0) validation(approve=1 reject=0) tracking(insert=1 confirm=0 fail=0)
[2026-09-03 10:42:53][info][CRDTCallbackManager] Successfully unregistered new data callback for pattern: '/?gnus-genesis-block'
[2026-09-03 10:42:53][info][CRDTCallbackManager] Successfully unregistered new data callback for pattern: '/?gnus-account-creation-.*'
[2026-09-03 10:42:53][info][CRDTCallbackManager] Successfully unregistered new data callback for pattern: '/?gnus-validator-registry'
[2026-09-03 10:42:53][debug][GlobalDB] ~GlobalDB CALLED with count 6 on multi_node_finality_fault/restart-mint-validator-one/rocksdb 
[2026-09-03 10:42:53][info][GlobalDB] GlobalDB shutdown start
[2026-09-03 10:42:53][info][CrdtDatastore] CancelAndCloseNow: begin (pending_jobs=0, self_queue=0, root_queue=0, pending_roots=0, active_root=false)
[2026-09-03 10:42:53][debug][GraphsyncDAGSyncer] Stopping Dagsyncer
[2026-09-03 10:42:53][debug][GraphsyncDAGSyncer] Dagsyncer Stopped
[2026-09-03 10:42:53][debug][GraphsyncDAGSyncer] Block initialized without content to LRU cache: CID QmZqTKnCVUT9b26ByT34opXDQNXak3mUXEh4Y81MgRfJBF, cache size: 1
[2026-09-03 10:42:53][debug][GraphsyncDAGSyncer] Requesting Node QmZqTKnCVUT9b26ByT34opXDQNXak3mUXEh4Y81MgRfJBF on this 4829903400
[2026-09-03 10:42:54][info][CrdtDatastore] CancelAndCloseNow: CRDT workers stopped
[2026-09-03 10:42:54][warning][CrdtDatastore] CancelAndCloseNow called but shutdown has already started
[2026-09-03 10:42:54][debug][GraphsyncDAGSyncer] ~GraphsyncDAGSyncer CALLED
[2026-09-03 10:42:54][info][GlobalDB] GlobalDB shutdown finished
[2026-09-03 10:42:54.314125000][th:588756][error] GossipPubSub Address monitoring timer error: Operation canceled
[2026-09-03 10:42:54][debug][GraphsyncDAGSyncer] Block initialized without content to LRU cache: CID QmZqTKnCVUT9b26ByT34opXDQNXak3mUXEh4Y81MgRfJBF, cache size: 1
[2026-09-03 10:42:54][debug][GraphsyncDAGSyncer] Requesting Node QmZqTKnCVUT9b26ByT34opXDQNXak3mUXEh4Y81MgRfJBF on this 4415641368
[2026-09-03 10:42:54][debug][GraphsyncDAGSyncer] Block initialized without content to LRU cache: CID QmZqTKnCVUT9b26ByT34opXDQNXak3mUXEh4Y81MgRfJBF, cache size: 1
[2026-09-03 10:42:54][debug][GraphsyncDAGSyncer] Requesting Node QmZqTKnCVUT9b26ByT34opXDQNXak3mUXEh4Y81MgRfJBF on this 4829899944
[2026-09-03 10:42:54.413852000][th:588799][error] graphsync cannot connect, peer=B4bf4k, msg='Address already in use' state=1
[2026-09-03 10:42:54][debug][GraphsyncDAGSyncer] request progress: code=CANNOT_CONNECT, extensions=
[2026-09-03 10:42:54][warning][GraphsyncDAGSyncer] Request failed for CID QmZqTKnCVUT9b26ByT34opXDQNXak3mUXEh4Y81MgRfJBF from peer 12D3KooWQSSqWnraG4kihedqLXntYSVwh7tq6FQJVsQhYsB4bf4k with connection error CANNOT_CONNECT. Blacklisting peer and trying fallback.
[2026-09-03 10:42:54][debug][GraphsyncDAGSyncer] Erasing route for CID QmZqTKnCVUT9b26ByT34opXDQNXak3mUXEh4Y81MgRfJBF to blacklisted peer
[2026-09-03 10:42:54][error][GraphsyncDAGSyncer] No usable route candidates left for CID QmZqTKnCVUT9b26ByT34opXDQNXak3mUXEh4Y81MgRfJBF
[2026-09-03 10:42:55.325047000][th:588777][error] graphsync cannot connect, peer=B4bf4k, msg='Connection reset by peer' state=1
[2026-09-03 10:42:55][debug][GraphsyncDAGSyncer] request progress: code=CANNOT_CONNECT, extensions=
[2026-09-03 10:42:55][info][KeyPairFileStorage] Path to keypairs multi_node_finality_fault/restart-mint-validator-one/keypair
[2026-09-03 10:42:55.325332000][th:588820][error] graphsync Varint Error msg=Connection reset by peer
[2026-09-03 10:42:55.325459000][th:588820][info] graphsync stream read error, peer=B4bf4k, msg=stream is not readable
[2026-09-03 10:42:55][debug][GraphsyncDAGSyncer] request progress: code=CONNECTION_ERROR, extensions=
[2026-09-03 10:42:55][info][KeyPairFileStorage] Peer ID from public key: 12D3KooWQSSqWnraG4kihedqLXntYSVwh7tq6FQJVsQhYsB4bf4k
Current limits: 16384 (soft), 9223372036854775807 (hard)
New limits set successfully: 16384 (soft), 9223372036854775807 (hard)
Initialized relay addresses
[2026-09-03 10:42:55.329724000][th:585327][info] GossipPubSub /ip4/0.0.0.0/tcp/54621/p2p/12D3KooWQSSqWnraG4kihedqLXntYSVwh7tq6FQJVsQhYsB4bf4k: Starting PubSub service
[2026-09-03 10:42:55.329908000][th:589339][info] GossipPubSub Starting address monitoring system for mobile network changes
[2026-09-03 10:42:55.329917000][th:589339][info] GossipPubSub === CURRENT NETWORK STATE ===
[2026-09-03 10:42:55.329932000][th:589339][info] GossipPubSub Primary listening address: /ip4/0.0.0.0/tcp/54621/p2p/12D3KooWQSSqWnraG4kihedqLXntYSVwh7tq6FQJVsQhYsB4bf4k
[2026-09-03 10:42:55.329935000][th:589339][info] GossipPubSub Host peer info addresses (0):
[2026-09-03 10:42:55.329936000][th:589339][info] GossipPubSub Additional addresses we track (0):
[2026-09-03 10:42:55.329938000][th:589339][info] GossipPubSub Listening addresses (1):
[2026-09-03 10:42:55.329939000][th:589339][info] GossipPubSub   -> /ip4/0.0.0.0/tcp/54621/p2p/12D3KooWQSSqWnraG4kihedqLXntYSVwh7tq6FQJVsQhYsB4bf4k
[2026-09-03 10:42:55.329940000][th:589339][info] GossipPubSub Interface addresses (0):
[2026-09-03 10:42:55.329941000][th:589339][info] GossipPubSub === RAW OBSERVED ADDRESS DEBUG ===
[2026-09-03 10:42:55.329944000][th:589339][info] GossipPubSub Local address: /ip4/0.0.0.0/tcp/54621/p2p/12D3KooWQSSqWnraG4kihedqLXntYSVwh7tq6FQJVsQhYsB4bf4k -> 0 raw observed, 0 activated+confirmed
[2026-09-03 10:42:55.329946000][th:589339][info] GossipPubSub TOTAL: 0 raw observed addresses, 0 activated+confirmed addresses
[2026-09-03 10:42:55.329948000][th:589339][info] GossipPubSub === END RAW OBSERVED ADDRESS DEBUG ===
[2026-09-03 10:42:55.329949000][th:589339][info] GossipPubSub Observed addresses - all (0):
[2026-09-03 10:42:55.329950000][th:589339][info] GossipPubSub Observed addresses - confirmed only (0):
[2026-09-03 10:42:55.329951000][th:589339][info] GossipPubSub Relay addresses (0):
[2026-09-03 10:42:55.329954000][th:589339][warning] GossipPubSub Failed to get addresses from peer repository: not found
[2026-09-03 10:42:55.330034000][th:589339][info] GossipPubSub Found 1 valid network interfaces
[2026-09-03 10:42:55.330040000][th:589339][info] GossipPubSub Current network interfaces (1):
[2026-09-03 10:42:55.330041000][th:589339][info] GossipPubSub   -> 192.168.1.6
[2026-09-03 10:42:55.330043000][th:589339][info] GossipPubSub Active connections: 0
[2026-09-03 10:42:55.330044000][th:589339][info] GossipPubSub === PEER CONNECTION DETAILS ===
[2026-09-03 10:42:55.330045000][th:589339][info] GossipPubSub NOTE: Observed addresses need to be seen by 4+ different peer groups to become 'activated'
[2026-09-03 10:42:55.330046000][th:589339][info] GossipPubSub NOTE: Current connections: 0, so max possible observers: 0
[2026-09-03 10:42:55.330047000][th:589339][info] GossipPubSub === END PEER CONNECTION DETAILS ===
[2026-09-03 10:42:55.330048000][th:589339][info] GossipPubSub Connection manager stats:
[2026-09-03 10:42:55.330050000][th:589339][info] GossipPubSub   -> Max connections: 1000
[2026-09-03 10:42:55.330051000][th:589339][info] GossipPubSub   -> Current connections: 0
[2026-09-03 10:42:55.330054000][th:589339][info] GossipPubSub === END NETWORK STATE ===
[2026-09-03 10:42:55.330408000][th:589339][info] GossipPubSub /ip4/0.0.0.0/tcp/54621/p2p/12D3KooWQSSqWnraG4kihedqLXntYSVwh7tq6FQJVsQhYsB4bf4k : PubSub service started
[2026-09-03 10:42:55][info][GlobalDB] Opening database /Users/henriqueklein/gnus/SuperGenius/multi_node_finality_fault/restart-mint-validator-one/rocksdb
[2026-09-03 10:42:55][warning][GraphsyncDAGSyncer] Request failed for CID QmZqTKnCVUT9b26ByT34opXDQNXak3mUXEh4Y81MgRfJBF from peer 12D3KooWQSSqWnraG4kihedqLXntYSVwh7tq6FQJVsQhYsB4bf4k with connection error CONNECTION_ERROR. Blacklisting peer and trying fallback.
[2026-09-03 10:42:55][debug][GraphsyncDAGSyncer] Erasing route for CID QmZqTKnCVUT9b26ByT34opXDQNXak3mUXEh4Y81MgRfJBF to blacklisted peer
[2026-09-03 10:42:55][error][GraphsyncDAGSyncer] No usable route candidates left for CID QmZqTKnCVUT9b26ByT34opXDQNXak3mUXEh4Y81MgRfJBF
[2026-09-03 10:42:55][debug][GraphsyncDAGSyncer] GraphSyncer created 4420835144 
[2026-09-03 10:42:55][info][CrdtDatastore] crdt Datastore created. Number of heads: 2 Current max-height: 18446744073709551615
[2026-09-03 10:42:55][info][GeniusAccount] Secure storage ID path: /Users/henriqueklein/gnus/SuperGenius/multi_node_finality_fault/restart-mint-validator-one/account/secure_storage_id
[2026-09-03 10:42:55][info][GeniusAccount] Loaded public key from file: 296851468682468f... (length: 128)
[2026-09-03 10:42:55][info][GeniusAccount] Successfully loaded key_seed from storage
[2026-09-03 10:42:55][info][GeniusAccount] Validation successful: key_seed matches stored public key
[2026-09-03 10:42:55][info][Blockchain] [29685146] Blockchain instance created with authorized full node: 8a33bdf1
[2026-09-03 10:42:55][info][ValidatorRegistry] InitializeCache: cache initialized with CID QmSfnoPyPXyDcP1kZj5t4JtZyU4Yb71BYi95PXHX8wmQGF
[2026-09-03 10:42:55][info][CRDTCallbackManager] Successfully registered new data callback for pattern: '/?gnus-validator-registry'
[2026-09-03 10:42:55][info][ValidatorRegistry] RegisterFilter: result=true
[2026-09-03 10:42:55][info][ValidatorRegistry] New: instance ready
[2026-09-03 10:42:55.363163000][th:589339][info] GossipPubSub /ip4/0.0.0.0/tcp/54621/p2p/12D3KooWQSSqWnraG4kihedqLXntYSVwh7tq6FQJVsQhYsB4bf4k: PubSub subscribed to topic 'gnus-validator-registry.3.7.144'
[2026-09-03 10:42:55.363200000][th:589339][info] GossipPubSub /ip4/0.0.0.0/tcp/54621/p2p/12D3KooWQSSqWnraG4kihedqLXntYSVwh7tq6FQJVsQhYsB4bf4k: PubSub subscribed to topic 'consensus-channel-.3.7.144'
[2026-09-03 10:42:55][info][CRDTCallbackManager] Successfully registered new data callback for pattern: '^/?cert/[^/]+'
[2026-09-03 10:42:55.363238000][th:589339][info] GossipPubSub /ip4/0.0.0.0/tcp/54621/p2p/12D3KooWQSSqWnraG4kihedqLXntYSVwh7tq6FQJVsQhYsB4bf4k: PubSub subscribed to topic 'consensus-channel-.3.7.144#datastore.3.7.144'
[2026-09-03 10:42:55][warning][ConsensusManager] ProcessCommittedCertificate: No subject handler for certificate with key /cert/mint-v2:test:0000000000000000000000000000000000000000000000000000000000000000:42:296851468682468fe000d2e5d4da833acc974b75674bbcc195ccae917772ee7cea2f1198213f426784290f54c7d1517e98c9b5f027e7d957424ec0955cd41298:cccccccccccccccccccccccccccccccccccccccccccccccccccccccccccccccc 
[2026-09-03 10:42:55][warning][ConsensusManager] ProcessCommittedCertificate: No subject handler for certificate with key /cert/mint-v2:test:0000000000000000000000000000000000000000000000000000000000000000:42:296851468682468fe000d2e5d4da833acc974b75674bbcc195ccae917772ee7cea2f1198213f426784290f54c7d1517e98c9b5f027e7d957424ec0955cd41298:cccccccccccccccccccccccccccccccccccccccccccccccccccccccccccccccc 
[2026-09-03 10:42:55][info][CRDTCallbackManager] Successfully registered new data callback for pattern: '/?gnus-genesis-block'
[2026-09-03 10:42:55][info][CRDTCallbackManager] Successfully registered new data callback for pattern: '/?gnus-account-creation-.*'
[2026-09-03 10:42:55][info][UTXOManager] Stored 2 UTXOs for address 296851468682468fe000d2e5d4da833acc974b75674bbcc195ccae917772ee7cea2f1198213f426784290f54c7d1517e98c9b5f027e7d957424ec0955cd41298
[2026-09-03 10:42:55][warning][TransactionManager] [29685146 - full: false] Mint-v2 b3266f0ea6ac9c007737fff2e7b24eb8a65ae0d13c6a4314aa3a13250302925b did not consume every burn input (already consumed or missing); burn outpoint metadata may have been rebuilt with zero amount
[2026-09-03 10:42:55][info][TransactionManager] [29685146 - full: false] Created tokens (mint-v2), amount 42 balance 42
[2026-09-03 10:42:55][info][TransactionManager] [29685146 - full: false] ChangeTransactionState: Tracking entry confirmed tx=b3266f0ea6ac9c007737fff2e7b24eb8a65ae0d13c6a4314aa3a13250302925b
[2026-09-03 10:42:55][info][TransactionManager] [29685146 - full: false] OnConsensusCertificate: Standalone validator confirmed tx b3266f0ea6ac9c007737fff2e7b24eb8a65ae0d13c6a4314aa3a13250302925b from certificate proposal_id=ee8e095053ade2f71df874ff7bed332ac098ce32e7e62710229733fb69471abb
[2026-09-03 10:42:55][info][UTXOManager] Created checkpoint owner=296851468682468fe000d2e5d4da833acc974b75674bbcc195ccae917772ee7cea2f1198213f426784290f54c7d1517e98c9b5f027e7d957424ec0955cd41298 epoch=1 utxo_count=1
[2026-09-03 10:42:55][info][CRDTCallbackManager] Successfully registered new data callback for pattern: '^/?/bc-144/tx/[^/]+'
[2026-09-03 10:42:55][info][CRDTCallbackManager] Successfully registered deleted data callback for pattern: '^/?/bc-144/tx/[^/]+'
[2026-09-03 10:42:55][info][CRDTCallbackManager] Successfully registered new data callback for pattern: '^/?/bc-963/tx/[^/]+'
[2026-09-03 10:42:55][info][CRDTCallbackManager] Successfully registered deleted data callback for pattern: '^/?/bc-963/tx/[^/]+'
[2026-09-03 10:42:55][info][CRDTCallbackManager] Successfully registered new data callback for pattern: '^/?/bc-369/tx/[^/]+'
[2026-09-03 10:42:55][info][CRDTCallbackManager] Successfully registered deleted data callback for pattern: '^/?/bc-369/tx/[^/]+'
[2026-09-03 10:42:55.403476000][th:589339][info] GossipPubSub Adding new peer: 12D3KooWHXoMmm4sfKFe5GtcgzNTYRMuK8phsX69QNtfWs4AA9Lv
[2026-09-03 10:42:55.403570000][th:589339][info] GossipPubSub Adding new peer: 12D3KooWFaNWrmCD8Hbh24qiRkbXP4P79pDBw1oesQxNoqSrWJTf
[2026-09-03 10:42:55.403643000][th:589339][info] GossipPubSub Adding new peer: 12D3KooWL3FV9ti353jYha57fKjz1P4apXrtaKNHZSy7VUpQutSs
[2026-09-03 10:42:55.403706000][th:588777][info] GossipPubSub Adding new peer: 12D3KooWQSSqWnraG4kihedqLXntYSVwh7tq6FQJVsQhYsB4bf4k
[2026-09-03 10:42:55.403794000][th:588777][info] GossipPubSub Adding new peer: 12D3KooWFaNWrmCD8Hbh24qiRkbXP4P79pDBw1oesQxNoqSrWJTf
[2026-09-03 10:42:55.403859000][th:588777][info] GossipPubSub Adding new peer: 12D3KooWL3FV9ti353jYha57fKjz1P4apXrtaKNHZSy7VUpQutSs
[2026-09-03 10:42:55.403911000][th:588799][info] GossipPubSub Adding new peer: 12D3KooWQSSqWnraG4kihedqLXntYSVwh7tq6FQJVsQhYsB4bf4k
[2026-09-03 10:42:55.403984000][th:588799][info] GossipPubSub Adding new peer: 12D3KooWHXoMmm4sfKFe5GtcgzNTYRMuK8phsX69QNtfWs4AA9Lv
[2026-09-03 10:42:55.404055000][th:588799][info] GossipPubSub Adding new peer: 12D3KooWL3FV9ti353jYha57fKjz1P4apXrtaKNHZSy7VUpQutSs
[2026-09-03 10:42:55.404132000][th:588820][info] GossipPubSub Adding new peer: 12D3KooWQSSqWnraG4kihedqLXntYSVwh7tq6FQJVsQhYsB4bf4k
[2026-09-03 10:42:55.404200000][th:588820][info] GossipPubSub Adding new peer: 12D3KooWHXoMmm4sfKFe5GtcgzNTYRMuK8phsX69QNtfWs4AA9Lv
[2026-09-03 10:42:55.404270000][th:588820][info] GossipPubSub Adding new peer: 12D3KooWFaNWrmCD8Hbh24qiRkbXP4P79pDBw1oesQxNoqSrWJTf
[2026-09-03 10:42:55][warning][GraphsyncDAGSyncer] Request failed for CID QmZqTKnCVUT9b26ByT34opXDQNXak3mUXEh4Y81MgRfJBF from peer 12D3KooWQSSqWnraG4kihedqLXntYSVwh7tq6FQJVsQhYsB4bf4k with connection error CANNOT_CONNECT. Blacklisting peer and trying fallback.
[2026-09-03 10:42:55][debug][GraphsyncDAGSyncer] Erasing route for CID QmZqTKnCVUT9b26ByT34opXDQNXak3mUXEh4Y81MgRfJBF to blacklisted peer
[2026-09-03 10:42:55][error][GraphsyncDAGSyncer] No usable route candidates left for CID QmZqTKnCVUT9b26ByT34opXDQNXak3mUXEh4Y81MgRfJBF
[2026-09-03 10:43:12.836321000][th:585360][info] GossipPubSub === Address Refresh Cycle Started ===
[2026-09-03 10:43:12.836419000][th:585360][info] GossipPubSub Found 1 valid network interfaces
[2026-09-03 10:43:12.836515000][th:585360][info] GossipPubSub   -> New interface address: /ip4/192.168.1.6/tcp/40001/p2p/12D3KooWP8NfaNdrQVc1rjjXVvSQ8Hmc7q5SAv1FrVyN6jo4PktG
[2026-09-03 10:43:12.836545000][th:585360][info] GossipPubSub Successfully refreshed 1 addresses with 10-minute TTL
[2026-09-03 10:43:12.836548000][th:585360][info] GossipPubSub === Address Refresh Cycle Completed ===
[2026-09-03 10:43:12.836548000][th:585360][info] GossipPubSub === CURRENT NETWORK STATE ===
[2026-09-03 10:43:12.836560000][th:585360][info] GossipPubSub Primary listening address: /ip4/0.0.0.0/tcp/40001/p2p/12D3KooWP8NfaNdrQVc1rjjXVvSQ8Hmc7q5SAv1FrVyN6jo4PktG
[2026-09-03 10:43:12.836561000][th:585360][info] GossipPubSub Host peer info addresses (0):
[2026-09-03 10:43:12.836561000][th:585360][info] GossipPubSub Additional addresses we track (1):
[2026-09-03 10:43:12.836563000][th:585360][info] GossipPubSub   -> /ip4/192.168.1.6/tcp/40001/p2p/12D3KooWP8NfaNdrQVc1rjjXVvSQ8Hmc7q5SAv1FrVyN6jo4PktG
[2026-09-03 10:43:12.836564000][th:585360][info] GossipPubSub Listening addresses (1):
[2026-09-03 10:43:12.836565000][th:585360][info] GossipPubSub   -> /ip4/0.0.0.0/tcp/40001/p2p/12D3KooWP8NfaNdrQVc1rjjXVvSQ8Hmc7q5SAv1FrVyN6jo4PktG
[2026-09-03 10:43:12.836566000][th:585360][info] GossipPubSub Interface addresses (0):
[2026-09-03 10:43:12.836566000][th:585360][info] GossipPubSub === RAW OBSERVED ADDRESS DEBUG ===
[2026-09-03 10:43:12.836569000][th:585360][info] GossipPubSub Local address: /ip4/0.0.0.0/tcp/40001/p2p/12D3KooWP8NfaNdrQVc1rjjXVvSQ8Hmc7q5SAv1FrVyN6jo4PktG -> 0 raw observed, 0 activated+confirmed
[2026-09-03 10:43:12.836570000][th:585360][info] GossipPubSub TOTAL: 0 raw observed addresses, 0 activated+confirmed addresses
[2026-09-03 10:43:12.836571000][th:585360][info] GossipPubSub === END RAW OBSERVED ADDRESS DEBUG ===
[2026-09-03 10:43:12.836572000][th:585360][info] GossipPubSub Observed addresses - all (0):
[2026-09-03 10:43:12.836573000][th:585360][info] GossipPubSub Observed addresses - confirmed only (0):
[2026-09-03 10:43:12.836574000][th:585360][info] GossipPubSub Relay addresses (0):
[2026-09-03 10:43:12.836600000][th:585360][info] GossipPubSub Peer repository addresses (1):
[2026-09-03 10:43:12.836601000][th:585360][info] GossipPubSub   -> /ip4/192.168.1.6/tcp/40001/p2p/12D3KooWP8NfaNdrQVc1rjjXVvSQ8Hmc7q5SAv1FrVyN6jo4PktG
[2026-09-03 10:43:12.836637000][th:585360][info] GossipPubSub Found 1 valid network interfaces
[2026-09-03 10:43:12.836639000][th:585360][info] GossipPubSub Current network interfaces (1):
[2026-09-03 10:43:12.836640000][th:585360][info] GossipPubSub   -> 192.168.1.6
[2026-09-03 10:43:12.836641000][th:585360][info] GossipPubSub Active connections: 0
[2026-09-03 10:43:12.836642000][th:585360][info] GossipPubSub === PEER CONNECTION DETAILS ===
[2026-09-03 10:43:12.836643000][th:585360][info] GossipPubSub NOTE: Observed addresses need to be seen by 4+ different peer groups to become 'activated'
[2026-09-03 10:43:12.836644000][th:585360][info] GossipPubSub NOTE: Current connections: 0, so max possible observers: 0
[2026-09-03 10:43:12.836645000][th:585360][info] GossipPubSub === END PEER CONNECTION DETAILS ===
[2026-09-03 10:43:12.836645000][th:585360][info] GossipPubSub Connection manager stats:
[2026-09-03 10:43:12.836647000][th:585360][info] GossipPubSub   -> Max connections: 1000
[2026-09-03 10:43:12.836647000][th:585360][info] GossipPubSub   -> Current connections: 0
[2026-09-03 10:43:12.836648000][th:585360][info] GossipPubSub === END NETWORK STATE ===
[2026-09-03 10:43:19.247239000][th:588777][info] GossipPubSub === Address Refresh Cycle Started ===
[2026-09-03 10:43:19.247355000][th:588777][info] GossipPubSub Found 1 valid network interfaces
[2026-09-03 10:43:19.247433000][th:588777][info] GossipPubSub   -> New interface address: /ip4/192.168.1.6/tcp/54622/p2p/12D3KooWHXoMmm4sfKFe5GtcgzNTYRMuK8phsX69QNtfWs4AA9Lv
[2026-09-03 10:43:19.247460000][th:588777][info] GossipPubSub Successfully refreshed 1 addresses with 10-minute TTL
[2026-09-03 10:43:19.247462000][th:588777][info] GossipPubSub === Address Refresh Cycle Completed ===
[2026-09-03 10:43:19.247463000][th:588777][info] GossipPubSub === CURRENT NETWORK STATE ===
[2026-09-03 10:43:19.247510000][th:588777][info] GossipPubSub Primary listening address: /ip4/0.0.0.0/tcp/54622/p2p/12D3KooWHXoMmm4sfKFe5GtcgzNTYRMuK8phsX69QNtfWs4AA9Lv
[2026-09-03 10:43:19.247511000][th:588777][info] GossipPubSub Host peer info addresses (1):
[2026-09-03 10:43:19.247513000][th:588777][info] GossipPubSub   -> /ip4/192.168.1.6/tcp/54622
[2026-09-03 10:43:19.247513000][th:588777][info] GossipPubSub Additional addresses we track (1):
[2026-09-03 10:43:19.247514000][th:588777][info] GossipPubSub   -> /ip4/192.168.1.6/tcp/54622/p2p/12D3KooWHXoMmm4sfKFe5GtcgzNTYRMuK8phsX69QNtfWs4AA9Lv
[2026-09-03 10:43:19.247516000][th:588777][info] GossipPubSub Listening addresses (1):
[2026-09-03 10:43:19.247516000][th:588777][info] GossipPubSub   -> /ip4/0.0.0.0/tcp/54622/p2p/12D3KooWHXoMmm4sfKFe5GtcgzNTYRMuK8phsX69QNtfWs4AA9Lv
[2026-09-03 10:43:19.247546000][th:588777][info] GossipPubSub Interface addresses (1):
[2026-09-03 10:43:19.247548000][th:588777][info] GossipPubSub   -> /ip4/192.168.1.6/tcp/54622
[2026-09-03 10:43:19.247548000][th:588777][info] GossipPubSub === RAW OBSERVED ADDRESS DEBUG ===
[2026-09-03 10:43:19.247579000][th:588777][info] GossipPubSub Local address: /ip4/0.0.0.0/tcp/54622/p2p/12D3KooWHXoMmm4sfKFe5GtcgzNTYRMuK8phsX69QNtfWs4AA9Lv -> 0 raw observed, 0 activated+confirmed
[2026-09-03 10:43:19.247581000][th:588777][info] GossipPubSub Local address: /ip4/192.168.1.6/tcp/54622 -> 1 raw observed, 0 activated+confirmed
[2026-09-03 10:43:19.247582000][th:588777][info] GossipPubSub   RAW: /ip4/192.168.1.6/tcp/54622
[2026-09-03 10:43:19.247584000][th:588777][info] GossipPubSub TOTAL: 1 raw observed addresses, 0 activated+confirmed addresses
[2026-09-03 10:43:19.247585000][th:588777][info] GossipPubSub === END RAW OBSERVED ADDRESS DEBUG ===
[2026-09-03 10:43:19.247586000][th:588777][info] GossipPubSub Observed addresses - all (1):
[2026-09-03 10:43:19.247587000][th:588777][info] GossipPubSub   -> /ip4/192.168.1.6/tcp/54622
[2026-09-03 10:43:19.247588000][th:588777][info] GossipPubSub Observed addresses - confirmed only (0):
[2026-09-03 10:43:19.247589000][th:588777][info] GossipPubSub Relay addresses (0):
[2026-09-03 10:43:19.247613000][th:588777][info] GossipPubSub Peer repository addresses (1):
[2026-09-03 10:43:19.247614000][th:588777][info] GossipPubSub   -> /ip4/192.168.1.6/tcp/54622/p2p/12D3KooWHXoMmm4sfKFe5GtcgzNTYRMuK8phsX69QNtfWs4AA9Lv
[2026-09-03 10:43:19.247639000][th:588777][info] GossipPubSub Found 1 valid network interfaces
[2026-09-03 10:43:19.247640000][th:588777][info] GossipPubSub Current network interfaces (1):
[2026-09-03 10:43:19.247641000][th:588777][info] GossipPubSub   -> 192.168.1.6
[2026-09-03 10:43:19.247643000][th:588777][info] GossipPubSub Active connections: 3
[2026-09-03 10:43:19.247644000][th:588777][info] GossipPubSub === PEER CONNECTION DETAILS ===
[2026-09-03 10:43:19.247651000][th:588777][info] GossipPubSub   -> Connected to: B4bf4k at /ip4/192.168.1.6/tcp/54621
[2026-09-03 10:43:19.247657000][th:588777][info] GossipPubSub   -> Connected to: SrWJTf at /ip4/192.168.1.6/tcp/54623
[2026-09-03 10:43:19.247663000][th:588777][info] GossipPubSub   -> Connected to: pQutSs at /ip4/192.168.1.6/tcp/54624
[2026-09-03 10:43:19.247664000][th:588777][info] GossipPubSub NOTE: Observed addresses need to be seen by 4+ different peer groups to become 'activated'
[2026-09-03 10:43:19.247665000][th:588777][info] GossipPubSub NOTE: Current connections: 3, so max possible observers: 3
[2026-09-03 10:43:19.247666000][th:588777][info] GossipPubSub === END PEER CONNECTION DETAILS ===
[2026-09-03 10:43:19.247667000][th:588777][info] GossipPubSub Connection manager stats:
[2026-09-03 10:43:19.247668000][th:588777][info] GossipPubSub   -> Max connections: 1000
[2026-09-03 10:43:19.247669000][th:588777][info] GossipPubSub   -> Current connections: 3
[2026-09-03 10:43:19.247669000][th:588777][info] GossipPubSub === END NETWORK STATE ===
[2026-09-03 10:43:19.295695000][th:588799][info] GossipPubSub === Address Refresh Cycle Started ===
[2026-09-03 10:43:19.295789000][th:588799][info] GossipPubSub Found 1 valid network interfaces
[2026-09-03 10:43:19.295846000][th:588799][info] GossipPubSub   -> New interface address: /ip4/192.168.1.6/tcp/54623/p2p/12D3KooWFaNWrmCD8Hbh24qiRkbXP4P79pDBw1oesQxNoqSrWJTf
[2026-09-03 10:43:19.295863000][th:588799][info] GossipPubSub Successfully refreshed 1 addresses with 10-minute TTL
[2026-09-03 10:43:19.295865000][th:588799][info] GossipPubSub === Address Refresh Cycle Completed ===
[2026-09-03 10:43:19.295865000][th:588799][info] GossipPubSub === CURRENT NETWORK STATE ===
[2026-09-03 10:43:19.295900000][th:588799][info] GossipPubSub Primary listening address: /ip4/0.0.0.0/tcp/54623/p2p/12D3KooWFaNWrmCD8Hbh24qiRkbXP4P79pDBw1oesQxNoqSrWJTf
[2026-09-03 10:43:19.295902000][th:588799][info] GossipPubSub Host peer info addresses (1):
[2026-09-03 10:43:19.295902000][th:588799][info] GossipPubSub   -> /ip4/192.168.1.6/tcp/54623
[2026-09-03 10:43:19.295903000][th:588799][info] GossipPubSub Additional addresses we track (1):
[2026-09-03 10:43:19.295904000][th:588799][info] GossipPubSub   -> /ip4/192.168.1.6/tcp/54623/p2p/12D3KooWFaNWrmCD8Hbh24qiRkbXP4P79pDBw1oesQxNoqSrWJTf
[2026-09-03 10:43:19.295904000][th:588799][info] GossipPubSub Listening addresses (1):
[2026-09-03 10:43:19.295905000][th:588799][info] GossipPubSub   -> /ip4/0.0.0.0/tcp/54623/p2p/12D3KooWFaNWrmCD8Hbh24qiRkbXP4P79pDBw1oesQxNoqSrWJTf
[2026-09-03 10:43:19.295922000][th:588799][info] GossipPubSub Interface addresses (1):
[2026-09-03 10:43:19.295922000][th:588799][info] GossipPubSub   -> /ip4/192.168.1.6/tcp/54623
[2026-09-03 10:43:19.295923000][th:588799][info] GossipPubSub === RAW OBSERVED ADDRESS DEBUG ===
[2026-09-03 10:43:19.295939000][th:588799][info] GossipPubSub Local address: /ip4/0.0.0.0/tcp/54623/p2p/12D3KooWFaNWrmCD8Hbh24qiRkbXP4P79pDBw1oesQxNoqSrWJTf -> 0 raw observed, 0 activated+confirmed
[2026-09-03 10:43:19.295941000][th:588799][info] GossipPubSub Local address: /ip4/192.168.1.6/tcp/54623 -> 1 raw observed, 0 activated+confirmed
[2026-09-03 10:43:19.295941000][th:588799][info] GossipPubSub   RAW: /ip4/192.168.1.6/tcp/54623
[2026-09-03 10:43:19.295943000][th:588799][info] GossipPubSub TOTAL: 1 raw observed addresses, 0 activated+confirmed addresses
[2026-09-03 10:43:19.295943000][th:588799][info] GossipPubSub === END RAW OBSERVED ADDRESS DEBUG ===
[2026-09-03 10:43:19.295944000][th:588799][info] GossipPubSub Observed addresses - all (1):
[2026-09-03 10:43:19.295944000][th:588799][info] GossipPubSub   -> /ip4/192.168.1.6/tcp/54623
[2026-09-03 10:43:19.295945000][th:588799][info] GossipPubSub Observed addresses - confirmed only (0):
[2026-09-03 10:43:19.295946000][th:588799][info] GossipPubSub Relay addresses (0):
[2026-09-03 10:43:19.295959000][th:588799][info] GossipPubSub Peer repository addresses (1):
[2026-09-03 10:43:19.295960000][th:588799][info] GossipPubSub   -> /ip4/192.168.1.6/tcp/54623/p2p/12D3KooWFaNWrmCD8Hbh24qiRkbXP4P79pDBw1oesQxNoqSrWJTf
[2026-09-03 10:43:19.295974000][th:588799][info] GossipPubSub Found 1 valid network interfaces
[2026-09-03 10:43:19.295975000][th:588799][info] GossipPubSub Current network interfaces (1):
[2026-09-03 10:43:19.295976000][th:588799][info] GossipPubSub   -> 192.168.1.6
[2026-09-03 10:43:19.295977000][th:588799][info] GossipPubSub Active connections: 2
[2026-09-03 10:43:19.295978000][th:588799][info] GossipPubSub === PEER CONNECTION DETAILS ===
[2026-09-03 10:43:19.295983000][th:588799][info] GossipPubSub   -> Connected to: 4AA9Lv at /ip4/192.168.1.6/tcp/54622
[2026-09-03 10:43:19.295987000][th:588799][info] GossipPubSub   -> Connected to: pQutSs at /ip4/192.168.1.6/tcp/54624
[2026-09-03 10:43:19.295988000][th:588799][info] GossipPubSub NOTE: Observed addresses need to be seen by 4+ different peer groups to become 'activated'
[2026-09-03 10:43:19.295989000][th:588799][info] GossipPubSub NOTE: Current connections: 2, so max possible observers: 2
[2026-09-03 10:43:19.295990000][th:588799][info] GossipPubSub === END PEER CONNECTION DETAILS ===
[2026-09-03 10:43:19.295990000][th:588799][info] GossipPubSub Connection manager stats:
[2026-09-03 10:43:19.295991000][th:588799][info] GossipPubSub   -> Max connections: 1000
[2026-09-03 10:43:19.295992000][th:588799][info] GossipPubSub   -> Current connections: 2
[2026-09-03 10:43:19.295993000][th:588799][info] GossipPubSub === END NETWORK STATE ===
[2026-09-03 10:43:19.335174000][th:588820][info] GossipPubSub === Address Refresh Cycle Started ===
[2026-09-03 10:43:19.335246000][th:588820][info] GossipPubSub Found 1 valid network interfaces
[2026-09-03 10:43:19.335323000][th:588820][info] GossipPubSub   -> New interface address: /ip4/192.168.1.6/tcp/54624/p2p/12D3KooWL3FV9ti353jYha57fKjz1P4apXrtaKNHZSy7VUpQutSs
[2026-09-03 10:43:19.335351000][th:588820][info] GossipPubSub Successfully refreshed 1 addresses with 10-minute TTL
[2026-09-03 10:43:19.335352000][th:588820][info] GossipPubSub === Address Refresh Cycle Completed ===
[2026-09-03 10:43:19.335353000][th:588820][info] GossipPubSub === CURRENT NETWORK STATE ===
[2026-09-03 10:43:19.335403000][th:588820][info] GossipPubSub Primary listening address: /ip4/0.0.0.0/tcp/54624/p2p/12D3KooWL3FV9ti353jYha57fKjz1P4apXrtaKNHZSy7VUpQutSs
[2026-09-03 10:43:19.335405000][th:588820][info] GossipPubSub Host peer info addresses (1):
[2026-09-03 10:43:19.335406000][th:588820][info] GossipPubSub   -> /ip4/192.168.1.6/tcp/54624
[2026-09-03 10:43:19.335407000][th:588820][info] GossipPubSub Additional addresses we track (1):
[2026-09-03 10:43:19.335408000][th:588820][info] GossipPubSub   -> /ip4/192.168.1.6/tcp/54624/p2p/12D3KooWL3FV9ti353jYha57fKjz1P4apXrtaKNHZSy7VUpQutSs
[2026-09-03 10:43:19.335409000][th:588820][info] GossipPubSub Listening addresses (1):
[2026-09-03 10:43:19.335410000][th:588820][info] GossipPubSub   -> /ip4/0.0.0.0/tcp/54624/p2p/12D3KooWL3FV9ti353jYha57fKjz1P4apXrtaKNHZSy7VUpQutSs
[2026-09-03 10:43:19.335777000][th:588820][info] GossipPubSub Interface addresses (1):
[2026-09-03 10:43:19.335783000][th:588820][info] GossipPubSub   -> /ip4/192.168.1.6/tcp/54624
[2026-09-03 10:43:19.335784000][th:588820][info] GossipPubSub === RAW OBSERVED ADDRESS DEBUG ===
[2026-09-03 10:43:19.335820000][th:588820][info] GossipPubSub Local address: /ip4/0.0.0.0/tcp/54624/p2p/12D3KooWL3FV9ti353jYha57fKjz1P4apXrtaKNHZSy7VUpQutSs -> 0 raw observed, 0 activated+confirmed
[2026-09-03 10:43:19.335823000][th:588820][info] GossipPubSub Local address: /ip4/192.168.1.6/tcp/54624 -> 1 raw observed, 0 activated+confirmed
[2026-09-03 10:43:19.335824000][th:588820][info] GossipPubSub   RAW: /ip4/192.168.1.6/tcp/54624
[2026-09-03 10:43:19.335826000][th:588820][info] GossipPubSub TOTAL: 1 raw observed addresses, 0 activated+confirmed addresses
[2026-09-03 10:43:19.335827000][th:588820][info] GossipPubSub === END RAW OBSERVED ADDRESS DEBUG ===
[2026-09-03 10:43:19.335828000][th:588820][info] GossipPubSub Observed addresses - all (1):
[2026-09-03 10:43:19.335829000][th:588820][info] GossipPubSub   -> /ip4/192.168.1.6/tcp/54624
[2026-09-03 10:43:19.335830000][th:588820][info] GossipPubSub Observed addresses - confirmed only (0):
[2026-09-03 10:43:19.335831000][th:588820][info] GossipPubSub Relay addresses (0):
[2026-09-03 10:43:19.335856000][th:588820][info] GossipPubSub Peer repository addresses (1):
[2026-09-03 10:43:19.335857000][th:588820][info] GossipPubSub   -> /ip4/192.168.1.6/tcp/54624/p2p/12D3KooWL3FV9ti353jYha57fKjz1P4apXrtaKNHZSy7VUpQutSs
[2026-09-03 10:43:19.335883000][th:588820][info] GossipPubSub Found 1 valid network interfaces
[2026-09-03 10:43:19.335884000][th:588820][info] GossipPubSub Current network interfaces (1):
[2026-09-03 10:43:19.335885000][th:588820][info] GossipPubSub   -> 192.168.1.6
[2026-09-03 10:43:19.335887000][th:588820][info] GossipPubSub Active connections: 3
[2026-09-03 10:43:19.335887000][th:588820][info] GossipPubSub === PEER CONNECTION DETAILS ===
[2026-09-03 10:43:19.335894000][th:588820][info] GossipPubSub   -> Connected to: 4AA9Lv at /ip4/192.168.1.6/tcp/54622
[2026-09-03 10:43:19.335900000][th:588820][info] GossipPubSub   -> Connected to: B4bf4k at /ip4/192.168.1.6/tcp/54621
[2026-09-03 10:43:19.335906000][th:588820][info] GossipPubSub   -> Connected to: SrWJTf at /ip4/192.168.1.6/tcp/54623
[2026-09-03 10:43:19.335907000][th:588820][info] GossipPubSub NOTE: Observed addresses need to be seen by 4+ different peer groups to become 'activated'
[2026-09-03 10:43:19.335908000][th:588820][info] GossipPubSub NOTE: Current connections: 3, so max possible observers: 3
[2026-09-03 10:43:19.335909000][th:588820][info] GossipPubSub === END PEER CONNECTION DETAILS ===
[2026-09-03 10:43:19.335910000][th:588820][info] GossipPubSub Connection manager stats:
[2026-09-03 10:43:19.335911000][th:588820][info] GossipPubSub   -> Max connections: 1000
[2026-09-03 10:43:19.335912000][th:588820][info] GossipPubSub   -> Current connections: 3
[2026-09-03 10:43:19.335912000][th:588820][info] GossipPubSub === END NETWORK STATE ===
/Users/henriqueklein/gnus/SuperGenius/test/src/blockchain/multi_node_finality_fault_test.cpp:2499: Failure
Timed out waiting for condition: recreated Mint peer repaired its marker through normal certificate recovery (timeout: 25000ms)

/Users/henriqueklein/gnus/SuperGenius/test/src/blockchain/multi_node_finality_fault_test.cpp:1261: Failure
Value of: peer.consensus->CheckCertificateForSlot( slot )
  Actual: false
Expected: true

/Users/henriqueklein/gnus/SuperGenius/test/src/blockchain/multi_node_finality_fault_test.cpp:1273: Failure
Expected equality of these values:
  sgns::MultiNodeFinalityFaultTestAccess::MintEffects( *peer.transactions )
    Which is: 0
  1u
    Which is: 1

/Users/henriqueklein/gnus/SuperGenius/test/src/blockchain/multi_node_finality_fault_test.cpp:1261: Failure
Value of: peer.consensus->CheckCertificateForSlot( slot )
  Actual: false
Expected: true

/Users/henriqueklein/gnus/SuperGenius/test/src/blockchain/multi_node_finality_fault_test.cpp:1273: Failure
Expected equality of these values:
  sgns::MultiNodeFinalityFaultTestAccess::MintEffects( *peer.transactions )
    Which is: 0
  1u
    Which is: 1

/Users/henriqueklein/gnus/SuperGenius/test/src/blockchain/multi_node_finality_fault_test.cpp:1261: Failure
Value of: peer.consensus->CheckCertificateForSlot( slot )
  Actual: false
Expected: true

/Users/henriqueklein/gnus/SuperGenius/test/src/blockchain/multi_node_finality_fault_test.cpp:1273: Failure
Expected equality of these values:
  sgns::MultiNodeFinalityFaultTestAccess::MintEffects( *peer.transactions )
    Which is: 0
  1u
    Which is: 1

[2026-09-03 10:43:20][info][CRDTCallbackManager] Successfully unregistered new data callback for pattern: '^/?/bc-144/tx/[^/]+'
[2026-09-03 10:43:20][info][CRDTCallbackManager] Successfully unregistered deleted data callback for pattern: '^/?/bc-144/tx/[^/]+'
[2026-09-03 10:43:20][info][CRDTCallbackManager] Successfully unregistered new data callback for pattern: '^/?/bc-963/tx/[^/]+'
[2026-09-03 10:43:20][info][CRDTCallbackManager] Successfully unregistered deleted data callback for pattern: '^/?/bc-963/tx/[^/]+'
[2026-09-03 10:43:20][info][CRDTCallbackManager] Successfully unregistered new data callback for pattern: '^/?/bc-369/tx/[^/]+'
[2026-09-03 10:43:20][info][CRDTCallbackManager] Successfully unregistered deleted data callback for pattern: '^/?/bc-369/tx/[^/]+'
[2026-09-03 10:43:20][info][TransactionManager] [29685146 - full: false] ~TransactionManager: Metrics — cert_fallback(success=1 failure=0) validation(approve=0 reject=0) tracking(insert=0 confirm=1 fail=0)
[2026-09-03 10:43:20][info][Blockchain] [29685146] Stopping blockchain
[2026-09-03 10:43:20][info][CRDTCallbackManager] Successfully unregistered new data callback for pattern: '/?gnus-genesis-block'
[2026-09-03 10:43:20][info][CRDTCallbackManager] Successfully unregistered new data callback for pattern: '/?gnus-account-creation-.*'
[2026-09-03 10:43:20][info][CRDTCallbackManager] Successfully unregistered new data callback for pattern: '/?gnus-validator-registry'
[2026-09-03 10:43:20][debug][GlobalDB] ~GlobalDB CALLED with count 6 on multi_node_finality_fault/restart-mint-validator-one/rocksdb 
[2026-09-03 10:43:20][info][GlobalDB] GlobalDB shutdown start
[2026-09-03 10:43:20][info][CrdtDatastore] CancelAndCloseNow: begin (pending_jobs=0, self_queue=0, root_queue=0, pending_roots=0, active_root=false)
[2026-09-03 10:43:20][debug][GraphsyncDAGSyncer] Stopping Dagsyncer
[2026-09-03 10:43:20][debug][GraphsyncDAGSyncer] Dagsyncer Stopped
[2026-09-03 10:43:20][info][CrdtDatastore] CancelAndCloseNow: CRDT workers stopped
[2026-09-03 10:43:20][warning][CrdtDatastore] CancelAndCloseNow called but shutdown has already started
[2026-09-03 10:43:20][debug][GraphsyncDAGSyncer] ~GraphsyncDAGSyncer CALLED
[2026-09-03 10:43:20][info][GlobalDB] GlobalDB shutdown finished
[2026-09-03 10:43:20.697826000][th:589339][error] GossipPubSub Address monitoring timer error: Operation canceled
[2026-09-03 10:43:21][info][KeyPairFileStorage] Path to keypairs multi_node_finality_fault/restart-mint-validator-one/keypair
[2026-09-03 10:43:21][info][KeyPairFileStorage] Peer ID from public key: 12D3KooWQSSqWnraG4kihedqLXntYSVwh7tq6FQJVsQhYsB4bf4k
Current limits: 16384 (soft), 9223372036854775807 (hard)
New limits set successfully: 16384 (soft), 9223372036854775807 (hard)
Initialized relay addresses
[2026-09-03 10:43:21.701644000][th:585327][info] GossipPubSub /ip4/0.0.0.0/tcp/54621/p2p/12D3KooWQSSqWnraG4kihedqLXntYSVwh7tq6FQJVsQhYsB4bf4k: Starting PubSub service
[2026-09-03 10:43:21.701722000][th:591517][info] GossipPubSub Starting address monitoring system for mobile network changes
[2026-09-03 10:43:21.701724000][th:591517][info] GossipPubSub === CURRENT NETWORK STATE ===
[2026-09-03 10:43:21.701731000][th:591517][info] GossipPubSub Primary listening address: /ip4/0.0.0.0/tcp/54621/p2p/12D3KooWQSSqWnraG4kihedqLXntYSVwh7tq6FQJVsQhYsB4bf4k
[2026-09-03 10:43:21.701732000][th:591517][info] GossipPubSub Host peer info addresses (0):
[2026-09-03 10:43:21.701733000][th:591517][info] GossipPubSub Additional addresses we track (0):
[2026-09-03 10:43:21.701734000][th:591517][info] GossipPubSub Listening addresses (1):
[2026-09-03 10:43:21.701734000][th:591517][info] GossipPubSub   -> /ip4/0.0.0.0/tcp/54621/p2p/12D3KooWQSSqWnraG4kihedqLXntYSVwh7tq6FQJVsQhYsB4bf4k
[2026-09-03 10:43:21.701735000][th:591517][info] GossipPubSub Interface addresses (0):
[2026-09-03 10:43:21.701736000][th:591517][info] GossipPubSub === RAW OBSERVED ADDRESS DEBUG ===
[2026-09-03 10:43:21.701737000][th:591517][info] GossipPubSub Local address: /ip4/0.0.0.0/tcp/54621/p2p/12D3KooWQSSqWnraG4kihedqLXntYSVwh7tq6FQJVsQhYsB4bf4k -> 0 raw observed, 0 activated+confirmed
[2026-09-03 10:43:21.701738000][th:591517][info] GossipPubSub TOTAL: 0 raw observed addresses, 0 activated+confirmed addresses
[2026-09-03 10:43:21.701739000][th:591517][info] GossipPubSub === END RAW OBSERVED ADDRESS DEBUG ===
[2026-09-03 10:43:21.701739000][th:591517][info] GossipPubSub Observed addresses - all (0):
[2026-09-03 10:43:21.701740000][th:591517][info] GossipPubSub Observed addresses - confirmed only (0):
[2026-09-03 10:43:21.701747000][th:591517][info] GossipPubSub Relay addresses (0):
[2026-09-03 10:43:21.701748000][th:591517][warning] GossipPubSub Failed to get addresses from peer repository: not found
[2026-09-03 10:43:21.701781000][th:591517][info] GossipPubSub Found 1 valid network interfaces
[2026-09-03 10:43:21.701783000][th:591517][info] GossipPubSub Current network interfaces (1):
[2026-09-03 10:43:21.701784000][th:591517][info] GossipPubSub   -> 192.168.1.6
[2026-09-03 10:43:21.701785000][th:591517][info] GossipPubSub Active connections: 0
[2026-09-03 10:43:21.701785000][th:591517][info] GossipPubSub === PEER CONNECTION DETAILS ===
[2026-09-03 10:43:21.701786000][th:591517][info] GossipPubSub NOTE: Observed addresses need to be seen by 4+ different peer groups to become 'activated'
[2026-09-03 10:43:21.701786000][th:591517][info] GossipPubSub NOTE: Current connections: 0, so max possible observers: 0
[2026-09-03 10:43:21.701787000][th:591517][info] GossipPubSub === END PEER CONNECTION DETAILS ===
[2026-09-03 10:43:21.701787000][th:591517][info] GossipPubSub Connection manager stats:
[2026-09-03 10:43:21.701788000][th:591517][info] GossipPubSub   -> Max connections: 1000
[2026-09-03 10:43:21.701789000][th:591517][info] GossipPubSub   -> Current connections: 0
[2026-09-03 10:43:21.701789000][th:591517][info] GossipPubSub === END NETWORK STATE ===
[2026-09-03 10:43:21.701908000][th:591517][info] GossipPubSub /ip4/0.0.0.0/tcp/54621/p2p/12D3KooWQSSqWnraG4kihedqLXntYSVwh7tq6FQJVsQhYsB4bf4k : PubSub service started
[2026-09-03 10:43:21][info][GlobalDB] Opening database /Users/henriqueklein/gnus/SuperGenius/multi_node_finality_fault/restart-mint-validator-one/rocksdb
[2026-09-03 10:43:21][debug][GraphsyncDAGSyncer] GraphSyncer created 4419815144 
[2026-09-03 10:43:21][info][CrdtDatastore] crdt Datastore created. Number of heads: 2 Current max-height: 18446744073709551615
[2026-09-03 10:43:21][info][GeniusAccount] Secure storage ID path: /Users/henriqueklein/gnus/SuperGenius/multi_node_finality_fault/restart-mint-validator-one/account/secure_storage_id
[2026-09-03 10:43:21][info][GeniusAccount] Loaded public key from file: 296851468682468f... (length: 128)
[2026-09-03 10:43:21][info][GeniusAccount] Successfully loaded key_seed from storage
[2026-09-03 10:43:21][info][GeniusAccount] Validation successful: key_seed matches stored public key
[2026-09-03 10:43:21][warning][UTXOManager] Skipping malformed UTXO key /utxo-checkpoint/296851468682468fe000d2e5d4da833acc974b75674bbcc195ccae917772ee7cea2f1198213f426784290f54c7d1517e98c9b5f027e7d957424ec0955cd41298/1
[2026-09-03 10:43:21][warning][UTXOManager] Skipping malformed UTXO key /utxo-checkpoint/296851468682468fe000d2e5d4da833acc974b75674bbcc195ccae917772ee7cea2f1198213f426784290f54c7d1517e98c9b5f027e7d957424ec0955cd41298/latest
[2026-09-03 10:43:21][info][Blockchain] [29685146] Blockchain instance created with authorized full node: 8a33bdf1
[2026-09-03 10:43:21][info][ValidatorRegistry] InitializeCache: cache initialized with CID QmSfnoPyPXyDcP1kZj5t4JtZyU4Yb71BYi95PXHX8wmQGF
[2026-09-03 10:43:21][info][CRDTCallbackManager] Successfully registered new data callback for pattern: '/?gnus-validator-registry'
[2026-09-03 10:43:21][info][ValidatorRegistry] RegisterFilter: result=true
[2026-09-03 10:43:21][info][ValidatorRegistry] New: instance ready
[2026-09-03 10:43:21.738349000][th:591517][info] GossipPubSub /ip4/0.0.0.0/tcp/54621/p2p/12D3KooWQSSqWnraG4kihedqLXntYSVwh7tq6FQJVsQhYsB4bf4k: PubSub subscribed to topic 'gnus-validator-registry.3.7.144'
[2026-09-03 10:43:21][info][CRDTCallbackManager] Successfully registered new data callback for pattern: '^/?cert/[^/]+'
[2026-09-03 10:43:21.738389000][th:591517][info] GossipPubSub /ip4/0.0.0.0/tcp/54621/p2p/12D3KooWQSSqWnraG4kihedqLXntYSVwh7tq6FQJVsQhYsB4bf4k: PubSub subscribed to topic 'consensus-channel-.3.7.144'
[2026-09-03 10:43:21][info][CRDTCallbackManager] Successfully registered new data callback for pattern: '/?gnus-genesis-block'
[2026-09-03 10:43:21][info][CRDTCallbackManager] Successfully registered new data callback for pattern: '/?gnus-account-creation-.*'
[2026-09-03 10:43:21.738415000][th:591517][info] GossipPubSub /ip4/0.0.0.0/tcp/54621/p2p/12D3KooWQSSqWnraG4kihedqLXntYSVwh7tq6FQJVsQhYsB4bf4k: PubSub subscribed to topic 'consensus-channel-.3.7.144#datastore.3.7.144'
[2026-09-03 10:43:21][info][CRDTCallbackManager] Successfully registered new data callback for pattern: '^/?/bc-144/tx/[^/]+'
[2026-09-03 10:43:21][info][CRDTCallbackManager] Successfully registered deleted data callback for pattern: '^/?/bc-144/tx/[^/]+'
[2026-09-03 10:43:21][info][CRDTCallbackManager] Successfully registered new data callback for pattern: '^/?/bc-963/tx/[^/]+'
[2026-09-03 10:43:21][info][CRDTCallbackManager] Successfully registered deleted data callback for pattern: '^/?/bc-963/tx/[^/]+'
[2026-09-03 10:43:21][info][CRDTCallbackManager] Successfully registered new data callback for pattern: '^/?/bc-369/tx/[^/]+'
[2026-09-03 10:43:21][info][CRDTCallbackManager] Successfully registered deleted data callback for pattern: '^/?/bc-369/tx/[^/]+'
[2026-09-03 10:43:21][info][CRDTCallbackManager] Successfully unregistered new data callback for pattern: '^/?/bc-144/tx/[^/]+'
[2026-09-03 10:43:21][info][CRDTCallbackManager] Successfully unregistered deleted data callback for pattern: '^/?/bc-144/tx/[^/]+'
[2026-09-03 10:43:21][info][CRDTCallbackManager] Successfully unregistered new data callback for pattern: '^/?/bc-963/tx/[^/]+'
[2026-09-03 10:43:21][info][CRDTCallbackManager] Successfully unregistered deleted data callback for pattern: '^/?/bc-963/tx/[^/]+'
[2026-09-03 10:43:21][info][CRDTCallbackManager] Successfully unregistered new data callback for pattern: '^/?/bc-369/tx/[^/]+'
[2026-09-03 10:43:21][info][CRDTCallbackManager] Successfully unregistered deleted data callback for pattern: '^/?/bc-369/tx/[^/]+'
[2026-09-03 10:43:21][info][TransactionManager] [55174f21 - full: false] ~TransactionManager: Metrics — cert_fallback(success=0 failure=0) validation(approve=1 reject=0) tracking(insert=1 confirm=0 fail=0)
[2026-09-03 10:43:21][info][Blockchain] [55174f21] Stopping blockchain
[2026-09-03 10:43:21][info][CRDTCallbackManager] Successfully unregistered new data callback for pattern: '/?gnus-genesis-block'
[2026-09-03 10:43:21][info][CRDTCallbackManager] Successfully unregistered new data callback for pattern: '/?gnus-account-creation-.*'
[2026-09-03 10:43:21][info][CRDTCallbackManager] Successfully unregistered new data callback for pattern: '/?gnus-validator-registry'
[2026-09-03 10:43:21][debug][GlobalDB] ~GlobalDB CALLED with count 6 on multi_node_finality_fault/restart-mint-validator-two/rocksdb 
[2026-09-03 10:43:21][info][GlobalDB] GlobalDB shutdown start
[2026-09-03 10:43:21][info][CrdtDatastore] CancelAndCloseNow: begin (pending_jobs=1, self_queue=0, root_queue=0, pending_roots=0, active_root=false)
[2026-09-03 10:43:21][debug][GraphsyncDAGSyncer] Stopping Dagsyncer
[2026-09-03 10:43:21][debug][GraphsyncDAGSyncer] Dagsyncer Stopped
[2026-09-03 10:43:22][info][CrdtDatastore] CancelAndCloseNow: CRDT workers stopped
[2026-09-03 10:43:22][warning][CrdtDatastore] CancelAndCloseNow called but shutdown has already started
[2026-09-03 10:43:22][debug][GraphsyncDAGSyncer] ~GraphsyncDAGSyncer CALLED
[2026-09-03 10:43:22][info][GlobalDB] GlobalDB shutdown finished
[2026-09-03 10:43:22.197908000][th:588777][error] GossipPubSub Address monitoring timer error: Operation canceled
[2026-09-03 10:43:23][info][KeyPairFileStorage] Path to keypairs multi_node_finality_fault/restart-mint-validator-two/keypair
[2026-09-03 10:43:23][info][KeyPairFileStorage] Peer ID from public key: 12D3KooWHXoMmm4sfKFe5GtcgzNTYRMuK8phsX69QNtfWs4AA9Lv
Current limits: 16384 (soft), 9223372036854775807 (hard)
New limits set successfully: 16384 (soft), 9223372036854775807 (hard)
Initialized relay addresses
[2026-09-03 10:43:23.207234000][th:585327][info] GossipPubSub /ip4/0.0.0.0/tcp/54622/p2p/12D3KooWHXoMmm4sfKFe5GtcgzNTYRMuK8phsX69QNtfWs4AA9Lv: Starting PubSub service
[2026-09-03 10:43:23.207312000][th:591702][info] GossipPubSub Starting address monitoring system for mobile network changes
[2026-09-03 10:43:23.207314000][th:591702][info] GossipPubSub === CURRENT NETWORK STATE ===
[2026-09-03 10:43:23.207320000][th:591702][info] GossipPubSub Primary listening address: /ip4/0.0.0.0/tcp/54622/p2p/12D3KooWHXoMmm4sfKFe5GtcgzNTYRMuK8phsX69QNtfWs4AA9Lv
[2026-09-03 10:43:23.207321000][th:591702][info] GossipPubSub Host peer info addresses (0):
[2026-09-03 10:43:23.207322000][th:591702][info] GossipPubSub Additional addresses we track (0):
[2026-09-03 10:43:23.207323000][th:591702][info] GossipPubSub Listening addresses (1):
[2026-09-03 10:43:23.207323000][th:591702][info] GossipPubSub   -> /ip4/0.0.0.0/tcp/54622/p2p/12D3KooWHXoMmm4sfKFe5GtcgzNTYRMuK8phsX69QNtfWs4AA9Lv
[2026-09-03 10:43:23.207324000][th:591702][info] GossipPubSub Interface addresses (0):
[2026-09-03 10:43:23.207325000][th:591702][info] GossipPubSub === RAW OBSERVED ADDRESS DEBUG ===
[2026-09-03 10:43:23.207326000][th:591702][info] GossipPubSub Local address: /ip4/0.0.0.0/tcp/54622/p2p/12D3KooWHXoMmm4sfKFe5GtcgzNTYRMuK8phsX69QNtfWs4AA9Lv -> 0 raw observed, 0 activated+confirmed
[2026-09-03 10:43:23.207327000][th:591702][info] GossipPubSub TOTAL: 0 raw observed addresses, 0 activated+confirmed addresses
[2026-09-03 10:43:23.207328000][th:591702][info] GossipPubSub === END RAW OBSERVED ADDRESS DEBUG ===
[2026-09-03 10:43:23.207329000][th:591702][info] GossipPubSub Observed addresses - all (0):
[2026-09-03 10:43:23.207329000][th:591702][info] GossipPubSub Observed addresses - confirmed only (0):
[2026-09-03 10:43:23.207330000][th:591702][info] GossipPubSub Relay addresses (0):
[2026-09-03 10:43:23.207332000][th:591702][warning] GossipPubSub Failed to get addresses from peer repository: not found
[2026-09-03 10:43:23.207367000][th:591702][info] GossipPubSub Found 1 valid network interfaces
[2026-09-03 10:43:23.207368000][th:591702][info] GossipPubSub Current network interfaces (1):
[2026-09-03 10:43:23.207368000][th:591702][info] GossipPubSub   -> 192.168.1.6
[2026-09-03 10:43:23.207369000][th:591702][info] GossipPubSub Active connections: 0
[2026-09-03 10:43:23.207370000][th:591702][info] GossipPubSub === PEER CONNECTION DETAILS ===
[2026-09-03 10:43:23.207370000][th:591702][info] GossipPubSub NOTE: Observed addresses need to be seen by 4+ different peer groups to become 'activated'
[2026-09-03 10:43:23.207371000][th:591702][info] GossipPubSub NOTE: Current connections: 0, so max possible observers: 0
[2026-09-03 10:43:23.207371000][th:591702][info] GossipPubSub === END PEER CONNECTION DETAILS ===
[2026-09-03 10:43:23.207372000][th:591702][info] GossipPubSub Connection manager stats:
[2026-09-03 10:43:23.207373000][th:591702][info] GossipPubSub   -> Max connections: 1000
[2026-09-03 10:43:23.207373000][th:591702][info] GossipPubSub   -> Current connections: 0
[2026-09-03 10:43:23.207374000][th:591702][info] GossipPubSub === END NETWORK STATE ===
[2026-09-03 10:43:23.207504000][th:591702][info] GossipPubSub /ip4/0.0.0.0/tcp/54622/p2p/12D3KooWHXoMmm4sfKFe5GtcgzNTYRMuK8phsX69QNtfWs4AA9Lv : PubSub service started
[2026-09-03 10:43:23][info][GlobalDB] Opening database /Users/henriqueklein/gnus/SuperGenius/multi_node_finality_fault/restart-mint-validator-two/rocksdb
[2026-09-03 10:43:23][debug][GraphsyncDAGSyncer] GraphSyncer created 4415587320 
[2026-09-03 10:43:23][info][CrdtDatastore] crdt Datastore created. Number of heads: 1 Current max-height: 1
[2026-09-03 10:43:23][info][GeniusAccount] Secure storage ID path: /Users/henriqueklein/gnus/SuperGenius/multi_node_finality_fault/restart-mint-validator-two/account/secure_storage_id
[2026-09-03 10:43:23][info][GeniusAccount] Loaded public key from file: 55174f215f2779e6... (length: 128)
[2026-09-03 10:43:23][info][GeniusAccount] Successfully loaded key_seed from storage
[2026-09-03 10:43:23][info][GeniusAccount] Validation successful: key_seed matches stored public key
[2026-09-03 10:43:23][warning][UTXOManager] Found UTXOs in storage, but there were none
[2026-09-03 10:43:23][info][Blockchain] [55174f21] Blockchain instance created with authorized full node: 8a33bdf1
[2026-09-03 10:43:23][info][ValidatorRegistry] InitializeCache: cache initialized with CID QmSfnoPyPXyDcP1kZj5t4JtZyU4Yb71BYi95PXHX8wmQGF
[2026-09-03 10:43:23][info][CRDTCallbackManager] Successfully registered new data callback for pattern: '/?gnus-validator-registry'
[2026-09-03 10:43:23][info][ValidatorRegistry] RegisterFilter: result=true
[2026-09-03 10:43:23][info][ValidatorRegistry] New: instance ready
[2026-09-03 10:43:23.241402000][th:591702][info] GossipPubSub /ip4/0.0.0.0/tcp/54622/p2p/12D3KooWHXoMmm4sfKFe5GtcgzNTYRMuK8phsX69QNtfWs4AA9Lv: PubSub subscribed to topic 'gnus-validator-registry.3.7.144'
[2026-09-03 10:43:23.241449000][th:591702][info] GossipPubSub /ip4/0.0.0.0/tcp/54622/p2p/12D3KooWHXoMmm4sfKFe5GtcgzNTYRMuK8phsX69QNtfWs4AA9Lv: PubSub subscribed to topic 'consensus-channel-.3.7.144'
[2026-09-03 10:43:23][info][CRDTCallbackManager] Successfully registered new data callback for pattern: '^/?cert/[^/]+'
[2026-09-03 10:43:23][info][CRDTCallbackManager] Successfully registered new data callback for pattern: '/?gnus-genesis-block'
[2026-09-03 10:43:23][info][CRDTCallbackManager] Successfully registered new data callback for pattern: '/?gnus-account-creation-.*'
[2026-09-03 10:43:23][info][CRDTCallbackManager] Successfully registered new data callback for pattern: '^/?/bc-144/tx/[^/]+'
[2026-09-03 10:43:23][info][CRDTCallbackManager] Successfully registered deleted data callback for pattern: '^/?/bc-144/tx/[^/]+'
[2026-09-03 10:43:23.242230000][th:591702][info] GossipPubSub /ip4/0.0.0.0/tcp/54622/p2p/12D3KooWHXoMmm4sfKFe5GtcgzNTYRMuK8phsX69QNtfWs4AA9Lv: PubSub subscribed to topic 'consensus-channel-.3.7.144#datastore.3.7.144'
[2026-09-03 10:43:23][info][CRDTCallbackManager] Successfully registered new data callback for pattern: '^/?/bc-963/tx/[^/]+'
[2026-09-03 10:43:23][info][CRDTCallbackManager] Successfully registered deleted data callback for pattern: '^/?/bc-963/tx/[^/]+'
[2026-09-03 10:43:23][info][CRDTCallbackManager] Successfully registered new data callback for pattern: '^/?/bc-369/tx/[^/]+'
[2026-09-03 10:43:23][info][CRDTCallbackManager] Successfully registered deleted data callback for pattern: '^/?/bc-369/tx/[^/]+'
[2026-09-03 10:43:23][info][CRDTCallbackManager] Successfully unregistered new data callback for pattern: '^/?/bc-144/tx/[^/]+'
[2026-09-03 10:43:23][info][CRDTCallbackManager] Successfully unregistered deleted data callback for pattern: '^/?/bc-144/tx/[^/]+'
[2026-09-03 10:43:23][info][CRDTCallbackManager] Successfully unregistered new data callback for pattern: '^/?/bc-963/tx/[^/]+'
[2026-09-03 10:43:23][info][CRDTCallbackManager] Successfully unregistered deleted data callback for pattern: '^/?/bc-963/tx/[^/]+'
[2026-09-03 10:43:23][info][CRDTCallbackManager] Successfully unregistered new data callback for pattern: '^/?/bc-369/tx/[^/]+'
[2026-09-03 10:43:23][info][CRDTCallbackManager] Successfully unregistered deleted data callback for pattern: '^/?/bc-369/tx/[^/]+'
[2026-09-03 10:43:23][info][TransactionManager] [2037a8cd - full: false] ~TransactionManager: Metrics — cert_fallback(success=0 failure=0) validation(approve=1 reject=0) tracking(insert=1 confirm=0 fail=0)
[2026-09-03 10:43:23][info][Blockchain] [2037a8cd] Stopping blockchain
[2026-09-03 10:43:23][info][CRDTCallbackManager] Successfully unregistered new data callback for pattern: '/?gnus-genesis-block'
[2026-09-03 10:43:23][info][CRDTCallbackManager] Successfully unregistered new data callback for pattern: '/?gnus-account-creation-.*'
[2026-09-03 10:43:23][info][CRDTCallbackManager] Successfully unregistered new data callback for pattern: '/?gnus-validator-registry'
[2026-09-03 10:43:23][debug][GlobalDB] ~GlobalDB CALLED with count 6 on multi_node_finality_fault/restart-mint-validator-three/rocksdb 
[2026-09-03 10:43:23][info][GlobalDB] GlobalDB shutdown start
[2026-09-03 10:43:23][info][CrdtDatastore] CancelAndCloseNow: begin (pending_jobs=1, self_queue=0, root_queue=0, pending_roots=0, active_root=false)
[2026-09-03 10:43:23][debug][GraphsyncDAGSyncer] Stopping Dagsyncer
[2026-09-03 10:43:23][debug][GraphsyncDAGSyncer] Dagsyncer Stopped
[2026-09-03 10:43:23][info][CrdtDatastore] CancelAndCloseNow: CRDT workers stopped
[2026-09-03 10:43:23][warning][CrdtDatastore] CancelAndCloseNow called but shutdown has already started
[2026-09-03 10:43:23][debug][GraphsyncDAGSyncer] ~GraphsyncDAGSyncer CALLED
[2026-09-03 10:43:23][info][GlobalDB] GlobalDB shutdown finished
[2026-09-03 10:43:23.278525000][th:588799][error] GossipPubSub Address monitoring timer error: Operation canceled
[2026-09-03 10:43:24][info][KeyPairFileStorage] Path to keypairs multi_node_finality_fault/restart-mint-validator-three/keypair
[2026-09-03 10:43:24][info][KeyPairFileStorage] Peer ID from public key: 12D3KooWFaNWrmCD8Hbh24qiRkbXP4P79pDBw1oesQxNoqSrWJTf
Current limits: 16384 (soft), 9223372036854775807 (hard)
New limits set successfully: 16384 (soft), 9223372036854775807 (hard)
Initialized relay addresses
[2026-09-03 10:43:24.285093000][th:585327][info] GossipPubSub /ip4/0.0.0.0/tcp/54623/p2p/12D3KooWFaNWrmCD8Hbh24qiRkbXP4P79pDBw1oesQxNoqSrWJTf: Starting PubSub service
[2026-09-03 10:43:24.285186000][th:591873][info] GossipPubSub Starting address monitoring system for mobile network changes
[2026-09-03 10:43:24.285193000][th:591873][info] GossipPubSub === CURRENT NETWORK STATE ===
[2026-09-03 10:43:24.285205000][th:591873][info] GossipPubSub Primary listening address: /ip4/0.0.0.0/tcp/54623/p2p/12D3KooWFaNWrmCD8Hbh24qiRkbXP4P79pDBw1oesQxNoqSrWJTf
[2026-09-03 10:43:24.285206000][th:591873][info] GossipPubSub Host peer info addresses (0):
[2026-09-03 10:43:24.285208000][th:591873][info] GossipPubSub Additional addresses we track (0):
[2026-09-03 10:43:24.285209000][th:591873][info] GossipPubSub Listening addresses (1):
[2026-09-03 10:43:24.285210000][th:591873][info] GossipPubSub   -> /ip4/0.0.0.0/tcp/54623/p2p/12D3KooWFaNWrmCD8Hbh24qiRkbXP4P79pDBw1oesQxNoqSrWJTf
[2026-09-03 10:43:24.285211000][th:591873][info] GossipPubSub Interface addresses (0):
[2026-09-03 10:43:24.285212000][th:591873][info] GossipPubSub === RAW OBSERVED ADDRESS DEBUG ===
[2026-09-03 10:43:24.285214000][th:591873][info] GossipPubSub Local address: /ip4/0.0.0.0/tcp/54623/p2p/12D3KooWFaNWrmCD8Hbh24qiRkbXP4P79pDBw1oesQxNoqSrWJTf -> 0 raw observed, 0 activated+confirmed
[2026-09-03 10:43:24.285215000][th:591873][info] GossipPubSub TOTAL: 0 raw observed addresses, 0 activated+confirmed addresses
[2026-09-03 10:43:24.285216000][th:591873][info] GossipPubSub === END RAW OBSERVED ADDRESS DEBUG ===
[2026-09-03 10:43:24.285217000][th:591873][info] GossipPubSub Observed addresses - all (0):
[2026-09-03 10:43:24.285218000][th:591873][info] GossipPubSub Observed addresses - confirmed only (0):
[2026-09-03 10:43:24.285219000][th:591873][info] GossipPubSub Relay addresses (0):
[2026-09-03 10:43:24.285221000][th:591873][warning] GossipPubSub Failed to get addresses from peer repository: not found
[2026-09-03 10:43:24.285274000][th:591873][info] GossipPubSub Found 1 valid network interfaces
[2026-09-03 10:43:24.285276000][th:591873][info] GossipPubSub Current network interfaces (1):
[2026-09-03 10:43:24.285277000][th:591873][info] GossipPubSub   -> 192.168.1.6
[2026-09-03 10:43:24.285278000][th:591873][info] GossipPubSub Active connections: 0
[2026-09-03 10:43:24.285279000][th:591873][info] GossipPubSub === PEER CONNECTION DETAILS ===
[2026-09-03 10:43:24.285280000][th:591873][info] GossipPubSub NOTE: Observed addresses need to be seen by 4+ different peer groups to become 'activated'
[2026-09-03 10:43:24.285281000][th:591873][info] GossipPubSub NOTE: Current connections: 0, so max possible observers: 0
[2026-09-03 10:43:24.285282000][th:591873][info] GossipPubSub === END PEER CONNECTION DETAILS ===
[2026-09-03 10:43:24.285283000][th:591873][info] GossipPubSub Connection manager stats:
[2026-09-03 10:43:24.285284000][th:591873][info] GossipPubSub   -> Max connections: 1000
[2026-09-03 10:43:24.285285000][th:591873][info] GossipPubSub   -> Current connections: 0
[2026-09-03 10:43:24.285285000][th:591873][info] GossipPubSub === END NETWORK STATE ===
[2026-09-03 10:43:24.285502000][th:591873][info] GossipPubSub /ip4/0.0.0.0/tcp/54623/p2p/12D3KooWFaNWrmCD8Hbh24qiRkbXP4P79pDBw1oesQxNoqSrWJTf : PubSub service started
[2026-09-03 10:43:24][info][GlobalDB] Opening database /Users/henriqueklein/gnus/SuperGenius/multi_node_finality_fault/restart-mint-validator-three/rocksdb
[2026-09-03 10:43:24][debug][GraphsyncDAGSyncer] GraphSyncer created 4419816216 
[2026-09-03 10:43:24][info][CrdtDatastore] crdt Datastore created. Number of heads: 1 Current max-height: 1
[2026-09-03 10:43:24][info][GeniusAccount] Secure storage ID path: /Users/henriqueklein/gnus/SuperGenius/multi_node_finality_fault/restart-mint-validator-three/account/secure_storage_id
[2026-09-03 10:43:24][info][GeniusAccount] Loaded public key from file: 2037a8cd096fc06a... (length: 128)
[2026-09-03 10:43:24][info][GeniusAccount] Successfully loaded key_seed from storage
[2026-09-03 10:43:24][info][GeniusAccount] Validation successful: key_seed matches stored public key
[2026-09-03 10:43:24][warning][UTXOManager] Found UTXOs in storage, but there were none
[2026-09-03 10:43:24][info][Blockchain] [2037a8cd] Blockchain instance created with authorized full node: 8a33bdf1
[2026-09-03 10:43:24][info][ValidatorRegistry] InitializeCache: cache initialized with CID QmSfnoPyPXyDcP1kZj5t4JtZyU4Yb71BYi95PXHX8wmQGF
[2026-09-03 10:43:24][info][CRDTCallbackManager] Successfully registered new data callback for pattern: '/?gnus-validator-registry'
[2026-09-03 10:43:24][info][ValidatorRegistry] RegisterFilter: result=true
[2026-09-03 10:43:24][info][ValidatorRegistry] New: instance ready
[2026-09-03 10:43:24.312627000][th:591873][info] GossipPubSub /ip4/0.0.0.0/tcp/54623/p2p/12D3KooWFaNWrmCD8Hbh24qiRkbXP4P79pDBw1oesQxNoqSrWJTf: PubSub subscribed to topic 'gnus-validator-registry.3.7.144'
[2026-09-03 10:43:24.312657000][th:591873][info] GossipPubSub /ip4/0.0.0.0/tcp/54623/p2p/12D3KooWFaNWrmCD8Hbh24qiRkbXP4P79pDBw1oesQxNoqSrWJTf: PubSub subscribed to topic 'consensus-channel-.3.7.144'
[2026-09-03 10:43:24][info][CRDTCallbackManager] Successfully registered new data callback for pattern: '^/?cert/[^/]+'
[2026-09-03 10:43:24][info][CRDTCallbackManager] Successfully registered new data callback for pattern: '/?gnus-genesis-block'
[2026-09-03 10:43:24][info][CRDTCallbackManager] Successfully registered new data callback for pattern: '/?gnus-account-creation-.*'
[2026-09-03 10:43:24.313357000][th:591873][info] GossipPubSub /ip4/0.0.0.0/tcp/54623/p2p/12D3KooWFaNWrmCD8Hbh24qiRkbXP4P79pDBw1oesQxNoqSrWJTf: PubSub subscribed to topic 'consensus-channel-.3.7.144#datastore.3.7.144'
[2026-09-03 10:43:24][info][CRDTCallbackManager] Successfully registered new data callback for pattern: '^/?/bc-144/tx/[^/]+'
[2026-09-03 10:43:24][info][CRDTCallbackManager] Successfully registered deleted data callback for pattern: '^/?/bc-144/tx/[^/]+'
[2026-09-03 10:43:24][info][CRDTCallbackManager] Successfully registered new data callback for pattern: '^/?/bc-963/tx/[^/]+'
[2026-09-03 10:43:24][info][CRDTCallbackManager] Successfully registered deleted data callback for pattern: '^/?/bc-963/tx/[^/]+'
[2026-09-03 10:43:24][info][CRDTCallbackManager] Successfully registered new data callback for pattern: '^/?/bc-369/tx/[^/]+'
[2026-09-03 10:43:24][info][CRDTCallbackManager] Successfully registered deleted data callback for pattern: '^/?/bc-369/tx/[^/]+'
[2026-09-03 10:43:24][info][CRDTCallbackManager] Successfully unregistered new data callback for pattern: '^/?/bc-144/tx/[^/]+'
[2026-09-03 10:43:24][info][CRDTCallbackManager] Successfully unregistered deleted data callback for pattern: '^/?/bc-144/tx/[^/]+'
[2026-09-03 10:43:24][info][CRDTCallbackManager] Successfully unregistered new data callback for pattern: '^/?/bc-963/tx/[^/]+'
[2026-09-03 10:43:24][info][CRDTCallbackManager] Successfully unregistered deleted data callback for pattern: '^/?/bc-963/tx/[^/]+'
[2026-09-03 10:43:24][info][CRDTCallbackManager] Successfully unregistered new data callback for pattern: '^/?/bc-369/tx/[^/]+'
[2026-09-03 10:43:24][info][CRDTCallbackManager] Successfully unregistered deleted data callback for pattern: '^/?/bc-369/tx/[^/]+'
[2026-09-03 10:43:24][info][TransactionManager] [6e73c7a6 - full: false] ~TransactionManager: Metrics — cert_fallback(success=0 failure=0) validation(approve=1 reject=0) tracking(insert=1 confirm=0 fail=0)
[2026-09-03 10:43:24][info][Blockchain] [6e73c7a6] Stopping blockchain
[2026-09-03 10:43:24][info][CRDTCallbackManager] Successfully unregistered new data callback for pattern: '/?gnus-genesis-block'
[2026-09-03 10:43:24][info][CRDTCallbackManager] Successfully unregistered new data callback for pattern: '/?gnus-account-creation-.*'
[2026-09-03 10:43:24][info][CRDTCallbackManager] Successfully unregistered new data callback for pattern: '/?gnus-validator-registry'
[2026-09-03 10:43:24][debug][GlobalDB] ~GlobalDB CALLED with count 6 on multi_node_finality_fault/restart-mint-passive/rocksdb 
[2026-09-03 10:43:24][info][GlobalDB] GlobalDB shutdown start
[2026-09-03 10:43:24][info][CrdtDatastore] CancelAndCloseNow: begin (pending_jobs=1, self_queue=0, root_queue=0, pending_roots=0, active_root=false)
[2026-09-03 10:43:24][debug][GraphsyncDAGSyncer] Stopping Dagsyncer
[2026-09-03 10:43:24][debug][GraphsyncDAGSyncer] Dagsyncer Stopped
[2026-09-03 10:43:24][info][CrdtDatastore] CancelAndCloseNow: CRDT workers stopped
[2026-09-03 10:43:24][warning][CrdtDatastore] CancelAndCloseNow called but shutdown has already started
[2026-09-03 10:43:24][debug][GraphsyncDAGSyncer] ~GraphsyncDAGSyncer CALLED
[2026-09-03 10:43:24][info][GlobalDB] GlobalDB shutdown finished
[2026-09-03 10:43:24.363694000][th:588820][error] GossipPubSub Address monitoring timer error: Operation canceled
[2026-09-03 10:43:25][info][KeyPairFileStorage] Path to keypairs multi_node_finality_fault/restart-mint-passive/keypair
[2026-09-03 10:43:25][info][KeyPairFileStorage] Peer ID from public key: 12D3KooWL3FV9ti353jYha57fKjz1P4apXrtaKNHZSy7VUpQutSs
Current limits: 16384 (soft), 9223372036854775807 (hard)
New limits set successfully: 16384 (soft), 9223372036854775807 (hard)
Initialized relay addresses
[2026-09-03 10:43:25.369481000][th:585327][info] GossipPubSub /ip4/0.0.0.0/tcp/54624/p2p/12D3KooWL3FV9ti353jYha57fKjz1P4apXrtaKNHZSy7VUpQutSs: Starting PubSub service
[2026-09-03 10:43:25.369561000][th:591982][info] GossipPubSub Starting address monitoring system for mobile network changes
[2026-09-03 10:43:25.369563000][th:591982][info] GossipPubSub === CURRENT NETWORK STATE ===
[2026-09-03 10:43:25.369570000][th:591982][info] GossipPubSub Primary listening address: /ip4/0.0.0.0/tcp/54624/p2p/12D3KooWL3FV9ti353jYha57fKjz1P4apXrtaKNHZSy7VUpQutSs
[2026-09-03 10:43:25.369571000][th:591982][info] GossipPubSub Host peer info addresses (0):
[2026-09-03 10:43:25.369572000][th:591982][info] GossipPubSub Additional addresses we track (0):
[2026-09-03 10:43:25.369573000][th:591982][info] GossipPubSub Listening addresses (1):
[2026-09-03 10:43:25.369574000][th:591982][info] GossipPubSub   -> /ip4/0.0.0.0/tcp/54624/p2p/12D3KooWL3FV9ti353jYha57fKjz1P4apXrtaKNHZSy7VUpQutSs
[2026-09-03 10:43:25.369574000][th:591982][info] GossipPubSub Interface addresses (0):
[2026-09-03 10:43:25.369575000][th:591982][info] GossipPubSub === RAW OBSERVED ADDRESS DEBUG ===
[2026-09-03 10:43:25.369576000][th:591982][info] GossipPubSub Local address: /ip4/0.0.0.0/tcp/54624/p2p/12D3KooWL3FV9ti353jYha57fKjz1P4apXrtaKNHZSy7VUpQutSs -> 0 raw observed, 0 activated+confirmed
[2026-09-03 10:43:25.369577000][th:591982][info] GossipPubSub TOTAL: 0 raw observed addresses, 0 activated+confirmed addresses
[2026-09-03 10:43:25.369578000][th:591982][info] GossipPubSub === END RAW OBSERVED ADDRESS DEBUG ===
[2026-09-03 10:43:25.369579000][th:591982][info] GossipPubSub Observed addresses - all (0):
[2026-09-03 10:43:25.369579000][th:591982][info] GossipPubSub Observed addresses - confirmed only (0):
[2026-09-03 10:43:25.369580000][th:591982][info] GossipPubSub Relay addresses (0):
[2026-09-03 10:43:25.369581000][th:591982][warning] GossipPubSub Failed to get addresses from peer repository: not found
[2026-09-03 10:43:25.369615000][th:591982][info] GossipPubSub Found 1 valid network interfaces
[2026-09-03 10:43:25.369617000][th:591982][info] GossipPubSub Current network interfaces (1):
[2026-09-03 10:43:25.369617000][th:591982][info] GossipPubSub   -> 192.168.1.6
[2026-09-03 10:43:25.369618000][th:591982][info] GossipPubSub Active connections: 0
[2026-09-03 10:43:25.369619000][th:591982][info] GossipPubSub === PEER CONNECTION DETAILS ===
[2026-09-03 10:43:25.369619000][th:591982][info] GossipPubSub NOTE: Observed addresses need to be seen by 4+ different peer groups to become 'activated'
[2026-09-03 10:43:25.369620000][th:591982][info] GossipPubSub NOTE: Current connections: 0, so max possible observers: 0
[2026-09-03 10:43:25.369621000][th:591982][info] GossipPubSub === END PEER CONNECTION DETAILS ===
[2026-09-03 10:43:25.369621000][th:591982][info] GossipPubSub Connection manager stats:
[2026-09-03 10:43:25.369622000][th:591982][info] GossipPubSub   -> Max connections: 1000
[2026-09-03 10:43:25.369622000][th:591982][info] GossipPubSub   -> Current connections: 0
[2026-09-03 10:43:25.369623000][th:591982][info] GossipPubSub === END NETWORK STATE ===
[2026-09-03 10:43:25.369750000][th:591982][info] GossipPubSub /ip4/0.0.0.0/tcp/54624/p2p/12D3KooWL3FV9ti353jYha57fKjz1P4apXrtaKNHZSy7VUpQutSs : PubSub service started
[2026-09-03 10:43:25][info][GlobalDB] Opening database /Users/henriqueklein/gnus/SuperGenius/multi_node_finality_fault/restart-mint-passive/rocksdb
[2026-09-03 10:43:25][debug][GraphsyncDAGSyncer] GraphSyncer created 4420889384 
[2026-09-03 10:43:25][info][CrdtDatastore] crdt Datastore created. Number of heads: 1 Current max-height: 1
[2026-09-03 10:43:25][info][GeniusAccount] Secure storage ID path: /Users/henriqueklein/gnus/SuperGenius/multi_node_finality_fault/restart-mint-passive/account/secure_storage_id
[2026-09-03 10:43:25][info][GeniusAccount] Loaded public key from file: 6e73c7a6912c80e6... (length: 128)
[2026-09-03 10:43:25][info][GeniusAccount] Successfully loaded key_seed from storage
[2026-09-03 10:43:25][info][GeniusAccount] Validation successful: key_seed matches stored public key
[2026-09-03 10:43:25][warning][UTXOManager] Found UTXOs in storage, but there were none
[2026-09-03 10:43:25][info][Blockchain] [6e73c7a6] Blockchain instance created with authorized full node: 8a33bdf1
[2026-09-03 10:43:25][info][ValidatorRegistry] InitializeCache: cache initialized with CID QmSfnoPyPXyDcP1kZj5t4JtZyU4Yb71BYi95PXHX8wmQGF
[2026-09-03 10:43:25][info][CRDTCallbackManager] Successfully registered new data callback for pattern: '/?gnus-validator-registry'
[2026-09-03 10:43:25][info][ValidatorRegistry] RegisterFilter: result=true
[2026-09-03 10:43:25][info][ValidatorRegistry] New: instance ready
[2026-09-03 10:43:25.397318000][th:591982][info] GossipPubSub /ip4/0.0.0.0/tcp/54624/p2p/12D3KooWL3FV9ti353jYha57fKjz1P4apXrtaKNHZSy7VUpQutSs: PubSub subscribed to topic 'gnus-validator-registry.3.7.144'
[2026-09-03 10:43:25.397351000][th:591982][info] GossipPubSub /ip4/0.0.0.0/tcp/54624/p2p/12D3KooWL3FV9ti353jYha57fKjz1P4apXrtaKNHZSy7VUpQutSs: PubSub subscribed to topic 'consensus-channel-.3.7.144'
[2026-09-03 10:43:25][info][CRDTCallbackManager] Successfully registered new data callback for pattern: '^/?cert/[^/]+'
[2026-09-03 10:43:25.398510000][th:591982][info] GossipPubSub /ip4/0.0.0.0/tcp/54624/p2p/12D3KooWL3FV9ti353jYha57fKjz1P4apXrtaKNHZSy7VUpQutSs: PubSub subscribed to topic 'consensus-channel-.3.7.144#datastore.3.7.144'
[2026-09-03 10:43:25][info][CRDTCallbackManager] Successfully registered new data callback for pattern: '/?gnus-genesis-block'
[2026-09-03 10:43:25][info][CRDTCallbackManager] Successfully registered new data callback for pattern: '/?gnus-account-creation-.*'
[2026-09-03 10:43:25][info][CRDTCallbackManager] Successfully registered new data callback for pattern: '^/?/bc-144/tx/[^/]+'
[2026-09-03 10:43:25][info][CRDTCallbackManager] Successfully registered deleted data callback for pattern: '^/?/bc-144/tx/[^/]+'
[2026-09-03 10:43:25][info][CRDTCallbackManager] Successfully registered new data callback for pattern: '^/?/bc-963/tx/[^/]+'
[2026-09-03 10:43:25][info][CRDTCallbackManager] Successfully registered deleted data callback for pattern: '^/?/bc-963/tx/[^/]+'
[2026-09-03 10:43:25][info][CRDTCallbackManager] Successfully registered new data callback for pattern: '^/?/bc-369/tx/[^/]+'
[2026-09-03 10:43:25][info][CRDTCallbackManager] Successfully registered deleted data callback for pattern: '^/?/bc-369/tx/[^/]+'
[2026-09-03 10:43:25.398768000][th:591517][info] GossipPubSub Adding new peer: 12D3KooWHXoMmm4sfKFe5GtcgzNTYRMuK8phsX69QNtfWs4AA9Lv
[2026-09-03 10:43:25.398852000][th:591517][info] GossipPubSub Adding new peer: 12D3KooWFaNWrmCD8Hbh24qiRkbXP4P79pDBw1oesQxNoqSrWJTf
[2026-09-03 10:43:25.398921000][th:591517][info] GossipPubSub Adding new peer: 12D3KooWL3FV9ti353jYha57fKjz1P4apXrtaKNHZSy7VUpQutSs
[2026-09-03 10:43:25.398961000][th:591702][info] GossipPubSub Adding new peer: 12D3KooWQSSqWnraG4kihedqLXntYSVwh7tq6FQJVsQhYsB4bf4k
[2026-09-03 10:43:25.399030000][th:591702][info] GossipPubSub Adding new peer: 12D3KooWFaNWrmCD8Hbh24qiRkbXP4P79pDBw1oesQxNoqSrWJTf
[2026-09-03 10:43:25.399092000][th:591702][info] GossipPubSub Adding new peer: 12D3KooWL3FV9ti353jYha57fKjz1P4apXrtaKNHZSy7VUpQutSs
[2026-09-03 10:43:25.399261000][th:591873][info] GossipPubSub Adding new peer: 12D3KooWQSSqWnraG4kihedqLXntYSVwh7tq6FQJVsQhYsB4bf4k
[2026-09-03 10:43:25.399326000][th:591873][info] GossipPubSub Adding new peer: 12D3KooWHXoMmm4sfKFe5GtcgzNTYRMuK8phsX69QNtfWs4AA9Lv
[2026-09-03 10:43:25.399389000][th:591982][info] GossipPubSub Adding new peer: 12D3KooWQSSqWnraG4kihedqLXntYSVwh7tq6FQJVsQhYsB4bf4k
[2026-09-03 10:43:25.399394000][th:591873][info] GossipPubSub Adding new peer: 12D3KooWL3FV9ti353jYha57fKjz1P4apXrtaKNHZSy7VUpQutSs
[2026-09-03 10:43:25.399548000][th:591982][info] GossipPubSub Adding new peer: 12D3KooWHXoMmm4sfKFe5GtcgzNTYRMuK8phsX69QNtfWs4AA9Lv
[2026-09-03 10:43:25.399590000][th:591982][info] GossipPubSub Adding new peer: 12D3KooWFaNWrmCD8Hbh24qiRkbXP4P79pDBw1oesQxNoqSrWJTf
[2026-09-03 10:43:42.837781000][th:585360][info] GossipPubSub === Address Refresh Cycle Started ===
[2026-09-03 10:43:42.837941000][th:585360][info] GossipPubSub Found 1 valid network interfaces
[2026-09-03 10:43:42.838102000][th:585360][info] GossipPubSub   -> New interface address: /ip4/192.168.1.6/tcp/40001/p2p/12D3KooWP8NfaNdrQVc1rjjXVvSQ8Hmc7q5SAv1FrVyN6jo4PktG
[2026-09-03 10:43:42.838131000][th:585360][info] GossipPubSub Successfully refreshed 1 addresses with 10-minute TTL
[2026-09-03 10:43:42.838136000][th:585360][info] GossipPubSub === Address Refresh Cycle Completed ===
[2026-09-03 10:43:42.838137000][th:585360][info] GossipPubSub === CURRENT NETWORK STATE ===
[2026-09-03 10:43:42.838161000][th:585360][info] GossipPubSub Primary listening address: /ip4/0.0.0.0/tcp/40001/p2p/12D3KooWP8NfaNdrQVc1rjjXVvSQ8Hmc7q5SAv1FrVyN6jo4PktG
[2026-09-03 10:43:42.838162000][th:585360][info] GossipPubSub Host peer info addresses (0):
[2026-09-03 10:43:42.838163000][th:585360][info] GossipPubSub Additional addresses we track (1):
[2026-09-03 10:43:42.838166000][th:585360][info] GossipPubSub   -> /ip4/192.168.1.6/tcp/40001/p2p/12D3KooWP8NfaNdrQVc1rjjXVvSQ8Hmc7q5SAv1FrVyN6jo4PktG
[2026-09-03 10:43:42.838167000][th:585360][info] GossipPubSub Listening addresses (1):
[2026-09-03 10:43:42.838172000][th:585360][info] GossipPubSub   -> /ip4/0.0.0.0/tcp/40001/p2p/12D3KooWP8NfaNdrQVc1rjjXVvSQ8Hmc7q5SAv1FrVyN6jo4PktG
[2026-09-03 10:43:42.838173000][th:585360][info] GossipPubSub Interface addresses (0):
[2026-09-03 10:43:42.838174000][th:585360][info] GossipPubSub === RAW OBSERVED ADDRESS DEBUG ===
[2026-09-03 10:43:42.838178000][th:585360][info] GossipPubSub Local address: /ip4/0.0.0.0/tcp/40001/p2p/12D3KooWP8NfaNdrQVc1rjjXVvSQ8Hmc7q5SAv1FrVyN6jo4PktG -> 0 raw observed, 0 activated+confirmed
[2026-09-03 10:43:42.838180000][th:585360][info] GossipPubSub TOTAL: 0 raw observed addresses, 0 activated+confirmed addresses
[2026-09-03 10:43:42.838180000][th:585360][info] GossipPubSub === END RAW OBSERVED ADDRESS DEBUG ===
[2026-09-03 10:43:42.838182000][th:585360][info] GossipPubSub Observed addresses - all (0):
[2026-09-03 10:43:42.838185000][th:585360][info] GossipPubSub Observed addresses - confirmed only (0):
[2026-09-03 10:43:42.838186000][th:585360][info] GossipPubSub Relay addresses (0):
[2026-09-03 10:43:42.838205000][th:585360][info] GossipPubSub Peer repository addresses (1):
[2026-09-03 10:43:42.838206000][th:585360][info] GossipPubSub   -> /ip4/192.168.1.6/tcp/40001/p2p/12D3KooWP8NfaNdrQVc1rjjXVvSQ8Hmc7q5SAv1FrVyN6jo4PktG
[2026-09-03 10:43:42.838228000][th:585360][info] GossipPubSub Found 1 valid network interfaces
[2026-09-03 10:43:42.838229000][th:585360][info] GossipPubSub Current network interfaces (1):
[2026-09-03 10:43:42.838230000][th:585360][info] GossipPubSub   -> 192.168.1.6
[2026-09-03 10:43:42.838238000][th:585360][info] GossipPubSub Active connections: 0
[2026-09-03 10:43:42.838239000][th:585360][info] GossipPubSub === PEER CONNECTION DETAILS ===
[2026-09-03 10:43:42.838240000][th:585360][info] GossipPubSub NOTE: Observed addresses need to be seen by 4+ different peer groups to become 'activated'
[2026-09-03 10:43:42.838241000][th:585360][info] GossipPubSub NOTE: Current connections: 0, so max possible observers: 0
[2026-09-03 10:43:42.838242000][th:585360][info] GossipPubSub === END PEER CONNECTION DETAILS ===
[2026-09-03 10:43:42.838242000][th:585360][info] GossipPubSub Connection manager stats:
[2026-09-03 10:43:42.838243000][th:585360][info] GossipPubSub   -> Max connections: 1000
[2026-09-03 10:43:42.838244000][th:585360][info] GossipPubSub   -> Current connections: 0
[2026-09-03 10:43:42.838245000][th:585360][info] GossipPubSub === END NETWORK STATE ===
/Users/henriqueklein/gnus/SuperGenius/test/src/blockchain/multi_node_finality_fault_test.cpp:2512: Failure
Timed out waiting for condition: Mint-boundary recovery stayed exact after reopening every durable root (timeout: 20000ms)

/Users/henriqueklein/gnus/SuperGenius/test/src/blockchain/multi_node_finality_fault_test.cpp:1261: Failure
Value of: peer.consensus->CheckCertificateForSlot( slot )
  Actual: false
Expected: true

/Users/henriqueklein/gnus/SuperGenius/test/src/blockchain/multi_node_finality_fault_test.cpp:1261: Failure
Value of: peer.consensus->CheckCertificateForSlot( slot )
  Actual: false
Expected: true

/Users/henriqueklein/gnus/SuperGenius/test/src/blockchain/multi_node_finality_fault_test.cpp:1261: Failure
Value of: peer.consensus->CheckCertificateForSlot( slot )
  Actual: false
Expected: true

[2026-09-03 10:43:45][info][CRDTCallbackManager] Successfully unregistered new data callback for pattern: '^/?/bc-144/tx/[^/]+'
[2026-09-03 10:43:45][info][CRDTCallbackManager] Successfully unregistered deleted data callback for pattern: '^/?/bc-144/tx/[^/]+'
[2026-09-03 10:43:45][info][CRDTCallbackManager] Successfully unregistered new data callback for pattern: '^/?/bc-963/tx/[^/]+'
[2026-09-03 10:43:45][info][CRDTCallbackManager] Successfully unregistered deleted data callback for pattern: '^/?/bc-963/tx/[^/]+'
[2026-09-03 10:43:45][info][CRDTCallbackManager] Successfully unregistered new data callback for pattern: '^/?/bc-369/tx/[^/]+'
[2026-09-03 10:43:45][info][CRDTCallbackManager] Successfully unregistered deleted data callback for pattern: '^/?/bc-369/tx/[^/]+'
[2026-09-03 10:43:45][info][TransactionManager] [29685146 - full: false] ~TransactionManager: Metrics — cert_fallback(success=0 failure=0) validation(approve=0 reject=0) tracking(insert=0 confirm=0 fail=0)
[2026-09-03 10:43:45][info][Blockchain] [29685146] Stopping blockchain
[2026-09-03 10:43:45][info][CRDTCallbackManager] Successfully unregistered new data callback for pattern: '/?gnus-genesis-block'
[2026-09-03 10:43:45][info][CRDTCallbackManager] Successfully unregistered new data callback for pattern: '/?gnus-account-creation-.*'
[2026-09-03 10:43:45][info][CRDTCallbackManager] Successfully unregistered new data callback for pattern: '/?gnus-validator-registry'
[2026-09-03 10:43:45][debug][GlobalDB] ~GlobalDB CALLED with count 6 on multi_node_finality_fault/restart-mint-validator-one/rocksdb 
[2026-09-03 10:43:45][info][GlobalDB] GlobalDB shutdown start
[2026-09-03 10:43:45][info][CrdtDatastore] CancelAndCloseNow: begin (pending_jobs=0, self_queue=0, root_queue=0, pending_roots=0, active_root=false)
[2026-09-03 10:43:45][debug][GraphsyncDAGSyncer] Stopping Dagsyncer
[2026-09-03 10:43:45][debug][GraphsyncDAGSyncer] Dagsyncer Stopped
[2026-09-03 10:43:45][info][CrdtDatastore] CancelAndCloseNow: CRDT workers stopped
[2026-09-03 10:43:45][warning][CrdtDatastore] CancelAndCloseNow called but shutdown has already started
[2026-09-03 10:43:45][debug][GraphsyncDAGSyncer] ~GraphsyncDAGSyncer CALLED
[2026-09-03 10:43:45][info][GlobalDB] GlobalDB shutdown finished
[2026-09-03 10:43:45.558602000][th:591517][error] GossipPubSub Address monitoring timer error: Operation canceled
[2026-09-03 10:43:46][info][CRDTCallbackManager] Successfully unregistered new data callback for pattern: '^/?/bc-144/tx/[^/]+'
[2026-09-03 10:43:46][info][CRDTCallbackManager] Successfully unregistered deleted data callback for pattern: '^/?/bc-144/tx/[^/]+'
[2026-09-03 10:43:46][info][CRDTCallbackManager] Successfully unregistered new data callback for pattern: '^/?/bc-963/tx/[^/]+'
[2026-09-03 10:43:46][info][CRDTCallbackManager] Successfully unregistered deleted data callback for pattern: '^/?/bc-963/tx/[^/]+'
[2026-09-03 10:43:46][info][CRDTCallbackManager] Successfully unregistered new data callback for pattern: '^/?/bc-369/tx/[^/]+'
[2026-09-03 10:43:46][info][CRDTCallbackManager] Successfully unregistered deleted data callback for pattern: '^/?/bc-369/tx/[^/]+'
[2026-09-03 10:43:46][info][TransactionManager] [55174f21 - full: false] ~TransactionManager: Metrics — cert_fallback(success=0 failure=0) validation(approve=0 reject=0) tracking(insert=0 confirm=0 fail=0)
[2026-09-03 10:43:46][info][Blockchain] [55174f21] Stopping blockchain
[2026-09-03 10:43:46][info][CRDTCallbackManager] Successfully unregistered new data callback for pattern: '/?gnus-genesis-block'
[2026-09-03 10:43:46][info][CRDTCallbackManager] Successfully unregistered new data callback for pattern: '/?gnus-account-creation-.*'
[2026-09-03 10:43:46][info][CRDTCallbackManager] Successfully unregistered new data callback for pattern: '/?gnus-validator-registry'
[2026-09-03 10:43:46][debug][GlobalDB] ~GlobalDB CALLED with count 6 on multi_node_finality_fault/restart-mint-validator-two/rocksdb 
[2026-09-03 10:43:46][info][GlobalDB] GlobalDB shutdown start
[2026-09-03 10:43:46][info][CrdtDatastore] CancelAndCloseNow: begin (pending_jobs=0, self_queue=0, root_queue=0, pending_roots=0, active_root=false)
[2026-09-03 10:43:46][debug][GraphsyncDAGSyncer] Stopping Dagsyncer
[2026-09-03 10:43:46][debug][GraphsyncDAGSyncer] Dagsyncer Stopped
[2026-09-03 10:43:46][info][CrdtDatastore] CancelAndCloseNow: CRDT workers stopped
[2026-09-03 10:43:46][warning][CrdtDatastore] CancelAndCloseNow called but shutdown has already started
[2026-09-03 10:43:46][debug][GraphsyncDAGSyncer] ~GraphsyncDAGSyncer CALLED
[2026-09-03 10:43:46][info][GlobalDB] GlobalDB shutdown finished
[2026-09-03 10:43:46.592854000][th:591702][error] GossipPubSub Address monitoring timer error: Operation canceled
[2026-09-03 10:43:47][info][CRDTCallbackManager] Successfully unregistered new data callback for pattern: '^/?/bc-144/tx/[^/]+'
[2026-09-03 10:43:47][info][CRDTCallbackManager] Successfully unregistered deleted data callback for pattern: '^/?/bc-144/tx/[^/]+'
[2026-09-03 10:43:47][info][CRDTCallbackManager] Successfully unregistered new data callback for pattern: '^/?/bc-963/tx/[^/]+'
[2026-09-03 10:43:47][info][CRDTCallbackManager] Successfully unregistered deleted data callback for pattern: '^/?/bc-963/tx/[^/]+'
[2026-09-03 10:43:47][info][CRDTCallbackManager] Successfully unregistered new data callback for pattern: '^/?/bc-369/tx/[^/]+'
[2026-09-03 10:43:47][info][CRDTCallbackManager] Successfully unregistered deleted data callback for pattern: '^/?/bc-369/tx/[^/]+'
[2026-09-03 10:43:47][info][TransactionManager] [2037a8cd - full: false] ~TransactionManager: Metrics — cert_fallback(success=0 failure=0) validation(approve=0 reject=0) tracking(insert=0 confirm=0 fail=0)
[2026-09-03 10:43:47][info][Blockchain] [2037a8cd] Stopping blockchain
[2026-09-03 10:43:47][info][CRDTCallbackManager] Successfully unregistered new data callback for pattern: '/?gnus-genesis-block'
[2026-09-03 10:43:47][info][CRDTCallbackManager] Successfully unregistered new data callback for pattern: '/?gnus-account-creation-.*'
[2026-09-03 10:43:47][info][CRDTCallbackManager] Successfully unregistered new data callback for pattern: '/?gnus-validator-registry'
[2026-09-03 10:43:47][debug][GlobalDB] ~GlobalDB CALLED with count 6 on multi_node_finality_fault/restart-mint-validator-three/rocksdb 
[2026-09-03 10:43:47][info][GlobalDB] GlobalDB shutdown start
[2026-09-03 10:43:47][info][CrdtDatastore] CancelAndCloseNow: begin (pending_jobs=0, self_queue=0, root_queue=0, pending_roots=0, active_root=false)
[2026-09-03 10:43:47][debug][GraphsyncDAGSyncer] Stopping Dagsyncer
[2026-09-03 10:43:47][debug][GraphsyncDAGSyncer] Dagsyncer Stopped
[2026-09-03 10:43:47][info][CrdtDatastore] CancelAndCloseNow: CRDT workers stopped
[2026-09-03 10:43:47][warning][CrdtDatastore] CancelAndCloseNow called but shutdown has already started
[2026-09-03 10:43:47][debug][GraphsyncDAGSyncer] ~GraphsyncDAGSyncer CALLED
[2026-09-03 10:43:47][info][GlobalDB] GlobalDB shutdown finished
[2026-09-03 10:43:47.684913000][th:591873][error] GossipPubSub Address monitoring timer error: Operation canceled
[2026-09-03 10:43:48][info][CRDTCallbackManager] Successfully unregistered new data callback for pattern: '^/?/bc-144/tx/[^/]+'
[2026-09-03 10:43:48][info][CRDTCallbackManager] Successfully unregistered deleted data callback for pattern: '^/?/bc-144/tx/[^/]+'
[2026-09-03 10:43:48][info][CRDTCallbackManager] Successfully unregistered new data callback for pattern: '^/?/bc-963/tx/[^/]+'
[2026-09-03 10:43:48][info][CRDTCallbackManager] Successfully unregistered deleted data callback for pattern: '^/?/bc-963/tx/[^/]+'
[2026-09-03 10:43:48][info][CRDTCallbackManager] Successfully unregistered new data callback for pattern: '^/?/bc-369/tx/[^/]+'
[2026-09-03 10:43:48][info][CRDTCallbackManager] Successfully unregistered deleted data callback for pattern: '^/?/bc-369/tx/[^/]+'
[2026-09-03 10:43:48][info][TransactionManager] [6e73c7a6 - full: false] ~TransactionManager: Metrics — cert_fallback(success=0 failure=0) validation(approve=0 reject=0) tracking(insert=0 confirm=0 fail=0)
[2026-09-03 10:43:48][info][Blockchain] [6e73c7a6] Stopping blockchain
[2026-09-03 10:43:48][info][CRDTCallbackManager] Successfully unregistered new data callback for pattern: '/?gnus-genesis-block'
[2026-09-03 10:43:48][info][CRDTCallbackManager] Successfully unregistered new data callback for pattern: '/?gnus-account-creation-.*'
[2026-09-03 10:43:48][info][CRDTCallbackManager] Successfully unregistered new data callback for pattern: '/?gnus-validator-registry'
[2026-09-03 10:43:48][debug][GlobalDB] ~GlobalDB CALLED with count 6 on multi_node_finality_fault/restart-mint-passive/rocksdb 
[2026-09-03 10:43:48][info][GlobalDB] GlobalDB shutdown start
[2026-09-03 10:43:48][info][CrdtDatastore] CancelAndCloseNow: begin (pending_jobs=0, self_queue=0, root_queue=0, pending_roots=0, active_root=false)
[2026-09-03 10:43:48][debug][GraphsyncDAGSyncer] Stopping Dagsyncer
[2026-09-03 10:43:48][debug][GraphsyncDAGSyncer] Dagsyncer Stopped
[2026-09-03 10:43:48][info][CrdtDatastore] CancelAndCloseNow: CRDT workers stopped
[2026-09-03 10:43:48][warning][CrdtDatastore] CancelAndCloseNow called but shutdown has already started
[2026-09-03 10:43:48][debug][GraphsyncDAGSyncer] ~GraphsyncDAGSyncer CALLED
[2026-09-03 10:43:48][info][GlobalDB] GlobalDB shutdown finished
[2026-09-03 10:43:48.726355000][th:591982][error] GossipPubSub Address monitoring timer error: Operation canceled
[2026-09-03 10:43:49][debug][GlobalDB] ~GlobalDB CALLED with count 5 on CRDT.Datastore.TEST.unit_40685_1 
[2026-09-03 10:43:49][info][GlobalDB] GlobalDB shutdown start
[2026-09-03 10:43:49][info][CrdtDatastore] CancelAndCloseNow: begin (pending_jobs=0, self_queue=0, root_queue=0, pending_roots=0, active_root=false)
[2026-09-03 10:43:49][debug][GraphsyncDAGSyncer] Stopping Dagsyncer
[2026-09-03 10:43:49][debug][GraphsyncDAGSyncer] Dagsyncer Stopped
[2026-09-03 10:43:49][info][CrdtDatastore] CancelAndCloseNow: CRDT workers stopped
[2026-09-03 10:43:49][warning][CrdtDatastore] CancelAndCloseNow called but shutdown has already started
[2026-09-03 10:43:49][debug][GraphsyncDAGSyncer] ~GraphsyncDAGSyncer CALLED
[2026-09-03 10:43:49][info][GlobalDB] GlobalDB shutdown finished
[2026-09-03 10:43:49.802810000][th:585360][error] GossipPubSub Address monitoring timer error: Operation canceled
[  FAILED  ] FinalityFaultNetwork.RestartAtVoteCertificateAndMintDurableBoundariesRecoversExactlyOnce (98020 ms)
[----------] 1 test from FinalityFaultNetwork (98020 ms total)

[----------] Global test environment tear-down
[==========] 1 test from 1 test suite ran. (98020 ms total)
[  PASSED  ] 0 tests.
[  FAILED  ] 1 test, listed below:
[  FAILED  ] FinalityFaultNetwork.RestartAtVoteCertificateAndMintDurableBoundariesRecoversExactlyOnce

 1 FAILED TEST
