Running main() from /Users/henriqueklein/gnus/thirdparty/GTest/googletest/src/gtest_main.cc
[2026-08-27 14:58:28][info][KeyPairFileStorage] Path to keypairs CRDT.Datastore.TEST/unit_test_1
[2026-08-27 14:58:28][info][KeyPairFileStorage] Peer ID from public key: 12D3KooWMCDoZnozdSxqM9VJGQxJj596JFfKaFbmYCXYFg44hQxY
Current limits: 1048575 (soft), 9223372036854775807 (hard)
New limits set successfully: 16384 (soft), 9223372036854775807 (hard)
Initialized relay addresses
[2026-08-27 14:58:28][info][GlobalDB] Opening database /Users/henriqueklein/gnus/SuperGenius/CRDT.Datastore.TEST.unit_1
[2026-08-27 14:58:28][debug][GraphsyncDAGSyncer] GraphSyncer created 5311108184 
[2026-08-27 14:58:28][info][CrdtDatastore] crdt Datastore created. Number of heads: 0 Current max-height: 0
[2026-08-27 14:58:28.345023000][th:87985278][info] GossipPubSub /ip4/0.0.0.0/tcp/40001/p2p/12D3KooWMCDoZnozdSxqM9VJGQxJj596JFfKaFbmYCXYFg44hQxY: Starting PubSub service
[2026-08-27 14:58:28.345187000][th:87985307][info] GossipPubSub /ip4/0.0.0.0/tcp/40001/p2p/12D3KooWMCDoZnozdSxqM9VJGQxJj596JFfKaFbmYCXYFg44hQxY: PubSub subscribed to topic 'CRDT.Datastore.TEST.Channel.3.7.144'
[2026-08-27 14:58:28.345214000][th:87985307][info] GossipPubSub Starting address monitoring system for mobile network changes
[2026-08-27 14:58:28.345217000][th:87985307][info] GossipPubSub === CURRENT NETWORK STATE ===
[2026-08-27 14:58:28.345234000][th:87985307][info] GossipPubSub Primary listening address: /ip4/0.0.0.0/tcp/40001/p2p/12D3KooWMCDoZnozdSxqM9VJGQxJj596JFfKaFbmYCXYFg44hQxY
[2026-08-27 14:58:28.345237000][th:87985307][info] GossipPubSub Host peer info addresses (0):
[2026-08-27 14:58:28.345239000][th:87985307][info] GossipPubSub Additional addresses we track (0):
[2026-08-27 14:58:28.345241000][th:87985307][info] GossipPubSub Listening addresses (1):
[2026-08-27 14:58:28.345242000][th:87985307][info] GossipPubSub   -> /ip4/0.0.0.0/tcp/40001/p2p/12D3KooWMCDoZnozdSxqM9VJGQxJj596JFfKaFbmYCXYFg44hQxY
[2026-08-27 14:58:28.345244000][th:87985307][info] GossipPubSub Interface addresses (0):
[2026-08-27 14:58:28.345246000][th:87985307][info] GossipPubSub === RAW OBSERVED ADDRESS DEBUG ===
[2026-08-27 14:58:28.345248000][th:87985307][info] GossipPubSub Local address: /ip4/0.0.0.0/tcp/40001/p2p/12D3KooWMCDoZnozdSxqM9VJGQxJj596JFfKaFbmYCXYFg44hQxY -> 0 raw observed, 0 activated+confirmed
[2026-08-27 14:58:28.345250000][th:87985307][info] GossipPubSub TOTAL: 0 raw observed addresses, 0 activated+confirmed addresses
[2026-08-27 14:58:28.345251000][th:87985307][info] GossipPubSub === END RAW OBSERVED ADDRESS DEBUG ===
[2026-08-27 14:58:28.345253000][th:87985307][info] GossipPubSub Observed addresses - all (0):
[2026-08-27 14:58:28.345254000][th:87985307][info] GossipPubSub Observed addresses - confirmed only (0):
[2026-08-27 14:58:28.345256000][th:87985307][info] GossipPubSub Relay addresses (0):
[2026-08-27 14:58:28.345375000][th:87985307][warning] GossipPubSub Failed to get addresses from peer repository: not found
[2026-08-27 14:58:28.345517000][th:87985307][info] GossipPubSub Found 1 valid network interfaces
[2026-08-27 14:58:28.345521000][th:87985307][info] GossipPubSub Current network interfaces (1):
[2026-08-27 14:58:28.345523000][th:87985307][info] GossipPubSub   -> 192.168.1.6
[2026-08-27 14:58:28.345525000][th:87985307][info] GossipPubSub Active connections: 0
[2026-08-27 14:58:28.345527000][th:87985307][info] GossipPubSub === PEER CONNECTION DETAILS ===
[2026-08-27 14:58:28.345528000][th:87985307][info] GossipPubSub NOTE: Observed addresses need to be seen by 4+ different peer groups to become 'activated'
[2026-08-27 14:58:28.345530000][th:87985307][info] GossipPubSub NOTE: Current connections: 0, so max possible observers: 0
[2026-08-27 14:58:28.345531000][th:87985307][info] GossipPubSub === END PEER CONNECTION DETAILS ===
[2026-08-27 14:58:28.345533000][th:87985307][info] GossipPubSub Connection manager stats:
[2026-08-27 14:58:28.345534000][th:87985307][info] GossipPubSub   -> Max connections: 1000
[2026-08-27 14:58:28.345536000][th:87985307][info] GossipPubSub   -> Current connections: 0
[2026-08-27 14:58:28.345543000][th:87985307][info] GossipPubSub === END NETWORK STATE ===
[2026-08-27 14:58:28.345681000][th:87985307][info] GossipPubSub /ip4/0.0.0.0/tcp/40001/p2p/12D3KooWMCDoZnozdSxqM9VJGQxJj596JFfKaFbmYCXYFg44hQxY : PubSub service started
[2026-08-27 14:58:28][info][KeyPairFileStorage] Path to keypairs multi_node_finality_fault/publisher-loss-validator-one/keypair
[2026-08-27 14:58:28][info][KeyPairFileStorage] Peer ID from public key: 12D3KooWFPhqXykmqBCMgarFyawfpQfiX4oRLmgrzDfmUPgdAnJS
Current limits: 16384 (soft), 9223372036854775807 (hard)
New limits set successfully: 16384 (soft), 9223372036854775807 (hard)
Initialized relay addresses
[2026-08-27 14:58:28.347297000][th:87985278][info] GossipPubSub /ip4/0.0.0.0/tcp/54631/p2p/12D3KooWFPhqXykmqBCMgarFyawfpQfiX4oRLmgrzDfmUPgdAnJS: Starting PubSub service
[2026-08-27 14:58:28.347341000][th:87985308][info] GossipPubSub Starting address monitoring system for mobile network changes
[2026-08-27 14:58:28.347344000][th:87985308][info] GossipPubSub === CURRENT NETWORK STATE ===
[2026-08-27 14:58:28.347348000][th:87985308][info] GossipPubSub Primary listening address: /ip4/0.0.0.0/tcp/54631/p2p/12D3KooWFPhqXykmqBCMgarFyawfpQfiX4oRLmgrzDfmUPgdAnJS
[2026-08-27 14:58:28.347350000][th:87985308][info] GossipPubSub Host peer info addresses (0):
[2026-08-27 14:58:28.347352000][th:87985308][info] GossipPubSub Additional addresses we track (0):
[2026-08-27 14:58:28.347353000][th:87985308][info] GossipPubSub Listening addresses (1):
[2026-08-27 14:58:28.347355000][th:87985308][info] GossipPubSub   -> /ip4/0.0.0.0/tcp/54631/p2p/12D3KooWFPhqXykmqBCMgarFyawfpQfiX4oRLmgrzDfmUPgdAnJS
[2026-08-27 14:58:28.347356000][th:87985308][info] GossipPubSub Interface addresses (0):
[2026-08-27 14:58:28.347358000][th:87985308][info] GossipPubSub === RAW OBSERVED ADDRESS DEBUG ===
[2026-08-27 14:58:28.347360000][th:87985308][info] GossipPubSub Local address: /ip4/0.0.0.0/tcp/54631/p2p/12D3KooWFPhqXykmqBCMgarFyawfpQfiX4oRLmgrzDfmUPgdAnJS -> 0 raw observed, 0 activated+confirmed
[2026-08-27 14:58:28.347362000][th:87985308][info] GossipPubSub TOTAL: 0 raw observed addresses, 0 activated+confirmed addresses
[2026-08-27 14:58:28.347363000][th:87985308][info] GossipPubSub === END RAW OBSERVED ADDRESS DEBUG ===
[2026-08-27 14:58:28.347364000][th:87985308][info] GossipPubSub Observed addresses - all (0):
[2026-08-27 14:58:28.347366000][th:87985308][info] GossipPubSub Observed addresses - confirmed only (0):
[2026-08-27 14:58:28.347367000][th:87985308][info] GossipPubSub Relay addresses (0):
[2026-08-27 14:58:28.347370000][th:87985308][warning] GossipPubSub Failed to get addresses from peer repository: not found
[2026-08-27 14:58:28.347393000][th:87985308][info] GossipPubSub Found 1 valid network interfaces
[2026-08-27 14:58:28.347395000][th:87985308][info] GossipPubSub Current network interfaces (1):
[2026-08-27 14:58:28.347396000][th:87985308][info] GossipPubSub   -> 192.168.1.6
[2026-08-27 14:58:28.347398000][th:87985308][info] GossipPubSub Active connections: 0
[2026-08-27 14:58:28.347399000][th:87985308][info] GossipPubSub === PEER CONNECTION DETAILS ===
[2026-08-27 14:58:28.347401000][th:87985308][info] GossipPubSub NOTE: Observed addresses need to be seen by 4+ different peer groups to become 'activated'
[2026-08-27 14:58:28.347402000][th:87985308][info] GossipPubSub NOTE: Current connections: 0, so max possible observers: 0
[2026-08-27 14:58:28.347404000][th:87985308][info] GossipPubSub === END PEER CONNECTION DETAILS ===
[2026-08-27 14:58:28.347405000][th:87985308][info] GossipPubSub Connection manager stats:
[2026-08-27 14:58:28.347407000][th:87985308][info] GossipPubSub   -> Max connections: 1000
[2026-08-27 14:58:28.347408000][th:87985308][info] GossipPubSub   -> Current connections: 0
[2026-08-27 14:58:28.347409000][th:87985308][info] GossipPubSub === END NETWORK STATE ===
[2026-08-27 14:58:28.347560000][th:87985308][info] GossipPubSub /ip4/0.0.0.0/tcp/54631/p2p/12D3KooWFPhqXykmqBCMgarFyawfpQfiX4oRLmgrzDfmUPgdAnJS : PubSub service started
[2026-08-27 14:58:28][info][GlobalDB] Opening database /Users/henriqueklein/gnus/SuperGenius/multi_node_finality_fault/publisher-loss-validator-one/rocksdb
[2026-08-27 14:58:28][debug][GraphsyncDAGSyncer] GraphSyncer created 5292218200 
[2026-08-27 14:58:28][info][CrdtDatastore] crdt Datastore created. Number of heads: 0 Current max-height: 0
[2026-08-27 14:58:28][info][GeniusAccount] Secure storage ID path: /Users/henriqueklein/gnus/SuperGenius/multi_node_finality_fault/publisher-loss-validator-one/account/secure_storage_id
[2026-08-27 14:58:28][error][GeniusAccount] Could not find existing Genius address, generating one from a random mnemonic
[2026-08-27 14:58:28][warning][UTXOManager] Found UTXOs in storage, but there were none
[2026-08-27 14:58:28][info][Blockchain] [dd0936f5] Blockchain instance created with authorized full node: 8a33bdf1
[2026-08-27 14:58:28][error][ValidatorRegistry] InitializeCache: registry content not found during cache init
[2026-08-27 14:58:28][info][CRDTCallbackManager] Successfully registered new data callback for pattern: '/?gnus-validator-registry'
[2026-08-27 14:58:28][info][ValidatorRegistry] RegisterFilter: result=true
[2026-08-27 14:58:28][info][ValidatorRegistry] New: instance ready
[2026-08-27 14:58:28.388333000][th:87985308][info] GossipPubSub /ip4/0.0.0.0/tcp/54631/p2p/12D3KooWFPhqXykmqBCMgarFyawfpQfiX4oRLmgrzDfmUPgdAnJS: PubSub subscribed to topic 'gnus-validator-registry.3.7.144'
[2026-08-27 14:58:28][info][CRDTCallbackManager] Successfully registered new data callback for pattern: '^/?cert/[^/]+'
[2026-08-27 14:58:28.388357000][th:87985308][info] GossipPubSub /ip4/0.0.0.0/tcp/54631/p2p/12D3KooWFPhqXykmqBCMgarFyawfpQfiX4oRLmgrzDfmUPgdAnJS: PubSub subscribed to topic 'consensus-channel-.3.7.144'
[2026-08-27 14:58:28][warning][Blockchain] [dd0936f5] Failed to request validator registry during blockchain init
[2026-08-27 14:58:28][info][CRDTCallbackManager] Successfully registered new data callback for pattern: '/?gnus-genesis-block'
[2026-08-27 14:58:28][info][CRDTCallbackManager] Successfully registered new data callback for pattern: '/?gnus-account-creation-.*'
[2026-08-27 14:58:28.388398000][th:87985308][info] GossipPubSub /ip4/0.0.0.0/tcp/54631/p2p/12D3KooWFPhqXykmqBCMgarFyawfpQfiX4oRLmgrzDfmUPgdAnJS: PubSub subscribed to topic 'consensus-channel-.3.7.144#datastore.3.7.144'
[2026-08-27 14:58:28][info][CRDTCallbackManager] Successfully registered new data callback for pattern: '^/?/bc-144/tx/[^/]+'
[2026-08-27 14:58:28][info][CRDTCallbackManager] Successfully registered deleted data callback for pattern: '^/?/bc-144/tx/[^/]+'
[2026-08-27 14:58:28][info][CRDTCallbackManager] Successfully registered new data callback for pattern: '^/?/bc-963/tx/[^/]+'
[2026-08-27 14:58:28][info][CRDTCallbackManager] Successfully registered deleted data callback for pattern: '^/?/bc-963/tx/[^/]+'
[2026-08-27 14:58:28][info][CRDTCallbackManager] Successfully registered new data callback for pattern: '^/?/bc-369/tx/[^/]+'
[2026-08-27 14:58:28][info][CRDTCallbackManager] Successfully registered deleted data callback for pattern: '^/?/bc-369/tx/[^/]+'
[2026-08-27 14:58:28][info][KeyPairFileStorage] Path to keypairs multi_node_finality_fault/publisher-loss-validator-two/keypair
[2026-08-27 14:58:28][info][KeyPairFileStorage] Peer ID from public key: 12D3KooWRGmawwUF5iUdWjD9ST3zfVtVpGm2j2HgpAKc2ieEDXPC
Current limits: 16384 (soft), 9223372036854775807 (hard)
New limits set successfully: 16384 (soft), 9223372036854775807 (hard)
Initialized relay addresses
[2026-08-27 14:58:28.390029000][th:87985278][info] GossipPubSub /ip4/0.0.0.0/tcp/54632/p2p/12D3KooWRGmawwUF5iUdWjD9ST3zfVtVpGm2j2HgpAKc2ieEDXPC: Starting PubSub service
[2026-08-27 14:58:28.390070000][th:87985336][info] GossipPubSub Starting address monitoring system for mobile network changes
[2026-08-27 14:58:28.390076000][th:87985336][info] GossipPubSub === CURRENT NETWORK STATE ===
[2026-08-27 14:58:28.390083000][th:87985336][info] GossipPubSub Primary listening address: /ip4/0.0.0.0/tcp/54632/p2p/12D3KooWRGmawwUF5iUdWjD9ST3zfVtVpGm2j2HgpAKc2ieEDXPC
[2026-08-27 14:58:28.390087000][th:87985336][info] GossipPubSub Host peer info addresses (0):
[2026-08-27 14:58:28.390119000][th:87985336][info] GossipPubSub Additional addresses we track (0):
[2026-08-27 14:58:28.390123000][th:87985336][info] GossipPubSub Listening addresses (1):
[2026-08-27 14:58:28.390126000][th:87985336][info] GossipPubSub   -> /ip4/0.0.0.0/tcp/54632/p2p/12D3KooWRGmawwUF5iUdWjD9ST3zfVtVpGm2j2HgpAKc2ieEDXPC
[2026-08-27 14:58:28.390129000][th:87985336][info] GossipPubSub Interface addresses (0):
[2026-08-27 14:58:28.390131000][th:87985336][info] GossipPubSub === RAW OBSERVED ADDRESS DEBUG ===
[2026-08-27 14:58:28.390135000][th:87985336][info] GossipPubSub Local address: /ip4/0.0.0.0/tcp/54632/p2p/12D3KooWRGmawwUF5iUdWjD9ST3zfVtVpGm2j2HgpAKc2ieEDXPC -> 0 raw observed, 0 activated+confirmed
[2026-08-27 14:58:28.390137000][th:87985336][info] GossipPubSub TOTAL: 0 raw observed addresses, 0 activated+confirmed addresses
[2026-08-27 14:58:28.390139000][th:87985336][info] GossipPubSub === END RAW OBSERVED ADDRESS DEBUG ===
[2026-08-27 14:58:28.390141000][th:87985336][info] GossipPubSub Observed addresses - all (0):
[2026-08-27 14:58:28.390143000][th:87985336][info] GossipPubSub Observed addresses - confirmed only (0):
[2026-08-27 14:58:28.390146000][th:87985336][info] GossipPubSub Relay addresses (0):
[2026-08-27 14:58:28.390150000][th:87985336][warning] GossipPubSub Failed to get addresses from peer repository: not found
[2026-08-27 14:58:28.390184000][th:87985336][info] GossipPubSub Found 1 valid network interfaces
[2026-08-27 14:58:28.390193000][th:87985336][info] GossipPubSub Current network interfaces (1):
[2026-08-27 14:58:28.390196000][th:87985336][info] GossipPubSub   -> 192.168.1.6
[2026-08-27 14:58:28.390198000][th:87985336][info] GossipPubSub Active connections: 0
[2026-08-27 14:58:28.390200000][th:87985336][info] GossipPubSub === PEER CONNECTION DETAILS ===
[2026-08-27 14:58:28.390203000][th:87985336][info] GossipPubSub NOTE: Observed addresses need to be seen by 4+ different peer groups to become 'activated'
[2026-08-27 14:58:28.390205000][th:87985336][info] GossipPubSub NOTE: Current connections: 0, so max possible observers: 0
[2026-08-27 14:58:28.390209000][th:87985336][info] GossipPubSub === END PEER CONNECTION DETAILS ===
[2026-08-27 14:58:28.390212000][th:87985336][info] GossipPubSub Connection manager stats:
[2026-08-27 14:58:28.390214000][th:87985336][info] GossipPubSub   -> Max connections: 1000
[2026-08-27 14:58:28.390215000][th:87985336][info] GossipPubSub   -> Current connections: 0
[2026-08-27 14:58:28.390217000][th:87985336][info] GossipPubSub === END NETWORK STATE ===
[2026-08-27 14:58:28.390341000][th:87985336][info] GossipPubSub /ip4/0.0.0.0/tcp/54632/p2p/12D3KooWRGmawwUF5iUdWjD9ST3zfVtVpGm2j2HgpAKc2ieEDXPC : PubSub service started
[2026-08-27 14:58:28][info][GlobalDB] Opening database /Users/henriqueklein/gnus/SuperGenius/multi_node_finality_fault/publisher-loss-validator-two/rocksdb
[2026-08-27 14:58:28][debug][GraphsyncDAGSyncer] GraphSyncer created 5291257432 
[2026-08-27 14:58:28][info][CrdtDatastore] crdt Datastore created. Number of heads: 0 Current max-height: 0
[2026-08-27 14:58:28][info][GeniusAccount] Secure storage ID path: /Users/henriqueklein/gnus/SuperGenius/multi_node_finality_fault/publisher-loss-validator-two/account/secure_storage_id
[2026-08-27 14:58:28][error][GeniusAccount] Could not find existing Genius address, generating one from a random mnemonic
[2026-08-27 14:58:28][warning][UTXOManager] Found UTXOs in storage, but there were none
[2026-08-27 14:58:28][info][Blockchain] [9f2254fa] Blockchain instance created with authorized full node: 8a33bdf1
[2026-08-27 14:58:28][error][ValidatorRegistry] InitializeCache: registry content not found during cache init
[2026-08-27 14:58:28][info][CRDTCallbackManager] Successfully registered new data callback for pattern: '/?gnus-validator-registry'
[2026-08-27 14:58:28][info][ValidatorRegistry] RegisterFilter: result=true
[2026-08-27 14:58:28][info][ValidatorRegistry] New: instance ready
[2026-08-27 14:58:28.421460000][th:87985336][info] GossipPubSub /ip4/0.0.0.0/tcp/54632/p2p/12D3KooWRGmawwUF5iUdWjD9ST3zfVtVpGm2j2HgpAKc2ieEDXPC: PubSub subscribed to topic 'gnus-validator-registry.3.7.144'
[2026-08-27 14:58:28][info][CRDTCallbackManager] Successfully registered new data callback for pattern: '^/?cert/[^/]+'
[2026-08-27 14:58:28.421491000][th:87985336][info] GossipPubSub /ip4/0.0.0.0/tcp/54632/p2p/12D3KooWRGmawwUF5iUdWjD9ST3zfVtVpGm2j2HgpAKc2ieEDXPC: PubSub subscribed to topic 'consensus-channel-.3.7.144'
[2026-08-27 14:58:28][warning][Blockchain] [9f2254fa] Failed to request validator registry during blockchain init
[2026-08-27 14:58:28][info][CRDTCallbackManager] Successfully registered new data callback for pattern: '/?gnus-genesis-block'
[2026-08-27 14:58:28][info][CRDTCallbackManager] Successfully registered new data callback for pattern: '/?gnus-account-creation-.*'
[2026-08-27 14:58:28.421509000][th:87985336][info] GossipPubSub /ip4/0.0.0.0/tcp/54632/p2p/12D3KooWRGmawwUF5iUdWjD9ST3zfVtVpGm2j2HgpAKc2ieEDXPC: PubSub subscribed to topic 'consensus-channel-.3.7.144#datastore.3.7.144'
[2026-08-27 14:58:28][info][CRDTCallbackManager] Successfully registered new data callback for pattern: '^/?/bc-144/tx/[^/]+'
[2026-08-27 14:58:28][info][CRDTCallbackManager] Successfully registered deleted data callback for pattern: '^/?/bc-144/tx/[^/]+'
[2026-08-27 14:58:28][info][CRDTCallbackManager] Successfully registered new data callback for pattern: '^/?/bc-963/tx/[^/]+'
[2026-08-27 14:58:28][info][CRDTCallbackManager] Successfully registered deleted data callback for pattern: '^/?/bc-963/tx/[^/]+'
[2026-08-27 14:58:28][info][CRDTCallbackManager] Successfully registered new data callback for pattern: '^/?/bc-369/tx/[^/]+'
[2026-08-27 14:58:28][info][CRDTCallbackManager] Successfully registered deleted data callback for pattern: '^/?/bc-369/tx/[^/]+'
[2026-08-27 14:58:28][info][KeyPairFileStorage] Path to keypairs multi_node_finality_fault/publisher-loss-validator-three/keypair
[2026-08-27 14:58:28][info][KeyPairFileStorage] Peer ID from public key: 12D3KooWPpujJNd5m7WXsqakoGsFwFfLkr3k2J55BsvaUs4PrxBT
Current limits: 16384 (soft), 9223372036854775807 (hard)
New limits set successfully: 16384 (soft), 9223372036854775807 (hard)
Initialized relay addresses
[2026-08-27 14:58:28.423065000][th:87985278][info] GossipPubSub /ip4/0.0.0.0/tcp/54633/p2p/12D3KooWPpujJNd5m7WXsqakoGsFwFfLkr3k2J55BsvaUs4PrxBT: Starting PubSub service
[2026-08-27 14:58:28.423109000][th:87985370][info] GossipPubSub Starting address monitoring system for mobile network changes
[2026-08-27 14:58:28.423111000][th:87985370][info] GossipPubSub === CURRENT NETWORK STATE ===
[2026-08-27 14:58:28.423117000][th:87985370][info] GossipPubSub Primary listening address: /ip4/0.0.0.0/tcp/54633/p2p/12D3KooWPpujJNd5m7WXsqakoGsFwFfLkr3k2J55BsvaUs4PrxBT
[2026-08-27 14:58:28.423119000][th:87985370][info] GossipPubSub Host peer info addresses (0):
[2026-08-27 14:58:28.423121000][th:87985370][info] GossipPubSub Additional addresses we track (0):
[2026-08-27 14:58:28.423123000][th:87985370][info] GossipPubSub Listening addresses (1):
[2026-08-27 14:58:28.423124000][th:87985370][info] GossipPubSub   -> /ip4/0.0.0.0/tcp/54633/p2p/12D3KooWPpujJNd5m7WXsqakoGsFwFfLkr3k2J55BsvaUs4PrxBT
[2026-08-27 14:58:28.423126000][th:87985370][info] GossipPubSub Interface addresses (0):
[2026-08-27 14:58:28.423128000][th:87985370][info] GossipPubSub === RAW OBSERVED ADDRESS DEBUG ===
[2026-08-27 14:58:28.423130000][th:87985370][info] GossipPubSub Local address: /ip4/0.0.0.0/tcp/54633/p2p/12D3KooWPpujJNd5m7WXsqakoGsFwFfLkr3k2J55BsvaUs4PrxBT -> 0 raw observed, 0 activated+confirmed
[2026-08-27 14:58:28.423132000][th:87985370][info] GossipPubSub TOTAL: 0 raw observed addresses, 0 activated+confirmed addresses
[2026-08-27 14:58:28.423134000][th:87985370][info] GossipPubSub === END RAW OBSERVED ADDRESS DEBUG ===
[2026-08-27 14:58:28.423135000][th:87985370][info] GossipPubSub Observed addresses - all (0):
[2026-08-27 14:58:28.423137000][th:87985370][info] GossipPubSub Observed addresses - confirmed only (0):
[2026-08-27 14:58:28.423139000][th:87985370][info] GossipPubSub Relay addresses (0):
[2026-08-27 14:58:28.423145000][th:87985370][warning] GossipPubSub Failed to get addresses from peer repository: not found
[2026-08-27 14:58:28.423173000][th:87985370][info] GossipPubSub Found 1 valid network interfaces
[2026-08-27 14:58:28.423175000][th:87985370][info] GossipPubSub Current network interfaces (1):
[2026-08-27 14:58:28.423177000][th:87985370][info] GossipPubSub   -> 192.168.1.6
[2026-08-27 14:58:28.423178000][th:87985370][info] GossipPubSub Active connections: 0
[2026-08-27 14:58:28.423180000][th:87985370][info] GossipPubSub === PEER CONNECTION DETAILS ===
[2026-08-27 14:58:28.423181000][th:87985370][info] GossipPubSub NOTE: Observed addresses need to be seen by 4+ different peer groups to become 'activated'
[2026-08-27 14:58:28.423183000][th:87985370][info] GossipPubSub NOTE: Current connections: 0, so max possible observers: 0
[2026-08-27 14:58:28.423185000][th:87985370][info] GossipPubSub === END PEER CONNECTION DETAILS ===
[2026-08-27 14:58:28.423186000][th:87985370][info] GossipPubSub Connection manager stats:
[2026-08-27 14:58:28.423188000][th:87985370][info] GossipPubSub   -> Max connections: 1000
[2026-08-27 14:58:28.423189000][th:87985370][info] GossipPubSub   -> Current connections: 0
[2026-08-27 14:58:28.423191000][th:87985370][info] GossipPubSub === END NETWORK STATE ===
[2026-08-27 14:58:28.423293000][th:87985370][info] GossipPubSub /ip4/0.0.0.0/tcp/54633/p2p/12D3KooWPpujJNd5m7WXsqakoGsFwFfLkr3k2J55BsvaUs4PrxBT : PubSub service started
[2026-08-27 14:58:28][info][GlobalDB] Opening database /Users/henriqueklein/gnus/SuperGenius/multi_node_finality_fault/publisher-loss-validator-three/rocksdb
[2026-08-27 14:58:28][debug][GraphsyncDAGSyncer] GraphSyncer created 5291306344 
[2026-08-27 14:58:28][info][CrdtDatastore] crdt Datastore created. Number of heads: 0 Current max-height: 0
[2026-08-27 14:58:28][info][GeniusAccount] Secure storage ID path: /Users/henriqueklein/gnus/SuperGenius/multi_node_finality_fault/publisher-loss-validator-three/account/secure_storage_id
[2026-08-27 14:58:28][error][GeniusAccount] Could not find existing Genius address, generating one from a random mnemonic
[2026-08-27 14:58:28][warning][UTXOManager] Found UTXOs in storage, but there were none
[2026-08-27 14:58:28][info][Blockchain] [6da26983] Blockchain instance created with authorized full node: 8a33bdf1
[2026-08-27 14:58:28][error][ValidatorRegistry] InitializeCache: registry content not found during cache init
[2026-08-27 14:58:28][info][CRDTCallbackManager] Successfully registered new data callback for pattern: '/?gnus-validator-registry'
[2026-08-27 14:58:28][info][ValidatorRegistry] RegisterFilter: result=true
[2026-08-27 14:58:28][info][ValidatorRegistry] New: instance ready
[2026-08-27 14:58:28.456445000][th:87985370][info] GossipPubSub /ip4/0.0.0.0/tcp/54633/p2p/12D3KooWPpujJNd5m7WXsqakoGsFwFfLkr3k2J55BsvaUs4PrxBT: PubSub subscribed to topic 'gnus-validator-registry.3.7.144'
[2026-08-27 14:58:28][info][CRDTCallbackManager] Successfully registered new data callback for pattern: '^/?cert/[^/]+'
[2026-08-27 14:58:28.456470000][th:87985370][info] GossipPubSub /ip4/0.0.0.0/tcp/54633/p2p/12D3KooWPpujJNd5m7WXsqakoGsFwFfLkr3k2J55BsvaUs4PrxBT: PubSub subscribed to topic 'consensus-channel-.3.7.144'
[2026-08-27 14:58:28][warning][Blockchain] [6da26983] Failed to request validator registry during blockchain init
[2026-08-27 14:58:28][info][CRDTCallbackManager] Successfully registered new data callback for pattern: '/?gnus-genesis-block'
[2026-08-27 14:58:28][info][CRDTCallbackManager] Successfully registered new data callback for pattern: '/?gnus-account-creation-.*'
[2026-08-27 14:58:28.456489000][th:87985370][info] GossipPubSub /ip4/0.0.0.0/tcp/54633/p2p/12D3KooWPpujJNd5m7WXsqakoGsFwFfLkr3k2J55BsvaUs4PrxBT: PubSub subscribed to topic 'consensus-channel-.3.7.144#datastore.3.7.144'
[2026-08-27 14:58:28][info][CRDTCallbackManager] Successfully registered new data callback for pattern: '^/?/bc-144/tx/[^/]+'
[2026-08-27 14:58:28][info][CRDTCallbackManager] Successfully registered deleted data callback for pattern: '^/?/bc-144/tx/[^/]+'
[2026-08-27 14:58:28][info][CRDTCallbackManager] Successfully registered new data callback for pattern: '^/?/bc-963/tx/[^/]+'
[2026-08-27 14:58:28][info][CRDTCallbackManager] Successfully registered deleted data callback for pattern: '^/?/bc-963/tx/[^/]+'
[2026-08-27 14:58:28][info][CRDTCallbackManager] Successfully registered new data callback for pattern: '^/?/bc-369/tx/[^/]+'
[2026-08-27 14:58:28][info][CRDTCallbackManager] Successfully registered deleted data callback for pattern: '^/?/bc-369/tx/[^/]+'
[2026-08-27 14:58:28][info][KeyPairFileStorage] Path to keypairs multi_node_finality_fault/publisher-loss-passive/keypair
[2026-08-27 14:58:28][info][KeyPairFileStorage] Peer ID from public key: 12D3KooWJrfxZ8c2SxnHFrHRL1E8ge5D878yRGJs38p1C9ARrzHf
Current limits: 16384 (soft), 9223372036854775807 (hard)
New limits set successfully: 16384 (soft), 9223372036854775807 (hard)
Initialized relay addresses
[2026-08-27 14:58:28.458114000][th:87985278][info] GossipPubSub /ip4/0.0.0.0/tcp/54634/p2p/12D3KooWJrfxZ8c2SxnHFrHRL1E8ge5D878yRGJs38p1C9ARrzHf: Starting PubSub service
[2026-08-27 14:58:28.458157000][th:87985401][info] GossipPubSub Starting address monitoring system for mobile network changes
[2026-08-27 14:58:28.458160000][th:87985401][info] GossipPubSub === CURRENT NETWORK STATE ===
[2026-08-27 14:58:28.458165000][th:87985401][info] GossipPubSub Primary listening address: /ip4/0.0.0.0/tcp/54634/p2p/12D3KooWJrfxZ8c2SxnHFrHRL1E8ge5D878yRGJs38p1C9ARrzHf
[2026-08-27 14:58:28.458167000][th:87985401][info] GossipPubSub Host peer info addresses (0):
[2026-08-27 14:58:28.458169000][th:87985401][info] GossipPubSub Additional addresses we track (0):
[2026-08-27 14:58:28.458171000][th:87985401][info] GossipPubSub Listening addresses (1):
[2026-08-27 14:58:28.458173000][th:87985401][info] GossipPubSub   -> /ip4/0.0.0.0/tcp/54634/p2p/12D3KooWJrfxZ8c2SxnHFrHRL1E8ge5D878yRGJs38p1C9ARrzHf
[2026-08-27 14:58:28.458174000][th:87985401][info] GossipPubSub Interface addresses (0):
[2026-08-27 14:58:28.458176000][th:87985401][info] GossipPubSub === RAW OBSERVED ADDRESS DEBUG ===
[2026-08-27 14:58:28.458178000][th:87985401][info] GossipPubSub Local address: /ip4/0.0.0.0/tcp/54634/p2p/12D3KooWJrfxZ8c2SxnHFrHRL1E8ge5D878yRGJs38p1C9ARrzHf -> 0 raw observed, 0 activated+confirmed
[2026-08-27 14:58:28.458180000][th:87985401][info] GossipPubSub TOTAL: 0 raw observed addresses, 0 activated+confirmed addresses
[2026-08-27 14:58:28.458182000][th:87985401][info] GossipPubSub === END RAW OBSERVED ADDRESS DEBUG ===
[2026-08-27 14:58:28.458184000][th:87985401][info] GossipPubSub Observed addresses - all (0):
[2026-08-27 14:58:28.458185000][th:87985401][info] GossipPubSub Observed addresses - confirmed only (0):
[2026-08-27 14:58:28.458187000][th:87985401][info] GossipPubSub Relay addresses (0):
[2026-08-27 14:58:28.458190000][th:87985401][warning] GossipPubSub Failed to get addresses from peer repository: not found
[2026-08-27 14:58:28.458218000][th:87985401][info] GossipPubSub Found 1 valid network interfaces
[2026-08-27 14:58:28.458220000][th:87985401][info] GossipPubSub Current network interfaces (1):
[2026-08-27 14:58:28.458221000][th:87985401][info] GossipPubSub   -> 192.168.1.6
[2026-08-27 14:58:28.458223000][th:87985401][info] GossipPubSub Active connections: 0
[2026-08-27 14:58:28.458225000][th:87985401][info] GossipPubSub === PEER CONNECTION DETAILS ===
[2026-08-27 14:58:28.458227000][th:87985401][info] GossipPubSub NOTE: Observed addresses need to be seen by 4+ different peer groups to become 'activated'
[2026-08-27 14:58:28.458228000][th:87985401][info] GossipPubSub NOTE: Current connections: 0, so max possible observers: 0
[2026-08-27 14:58:28.458230000][th:87985401][info] GossipPubSub === END PEER CONNECTION DETAILS ===
[2026-08-27 14:58:28.458231000][th:87985401][info] GossipPubSub Connection manager stats:
[2026-08-27 14:58:28.458233000][th:87985401][info] GossipPubSub   -> Max connections: 1000
[2026-08-27 14:58:28.458234000][th:87985401][info] GossipPubSub   -> Current connections: 0
[2026-08-27 14:58:28.458236000][th:87985401][info] GossipPubSub === END NETWORK STATE ===
[2026-08-27 14:58:28.458323000][th:87985401][info] GossipPubSub /ip4/0.0.0.0/tcp/54634/p2p/12D3KooWJrfxZ8c2SxnHFrHRL1E8ge5D878yRGJs38p1C9ARrzHf : PubSub service started
[2026-08-27 14:58:28][info][GlobalDB] Opening database /Users/henriqueklein/gnus/SuperGenius/multi_node_finality_fault/publisher-loss-passive/rocksdb
[2026-08-27 14:58:28][debug][GraphsyncDAGSyncer] GraphSyncer created 5292290984 
[2026-08-27 14:58:28][info][CrdtDatastore] crdt Datastore created. Number of heads: 0 Current max-height: 0
[2026-08-27 14:58:28][info][GeniusAccount] Secure storage ID path: /Users/henriqueklein/gnus/SuperGenius/multi_node_finality_fault/publisher-loss-passive/account/secure_storage_id
[2026-08-27 14:58:28][error][GeniusAccount] Could not find existing Genius address, generating one from a random mnemonic
[2026-08-27 14:58:28][warning][UTXOManager] Found UTXOs in storage, but there were none
[2026-08-27 14:58:28][info][Blockchain] [f91ec397] Blockchain instance created with authorized full node: 8a33bdf1
[2026-08-27 14:58:28][error][ValidatorRegistry] InitializeCache: registry content not found during cache init
[2026-08-27 14:58:28][info][CRDTCallbackManager] Successfully registered new data callback for pattern: '/?gnus-validator-registry'
[2026-08-27 14:58:28][info][ValidatorRegistry] RegisterFilter: result=true
[2026-08-27 14:58:28][info][ValidatorRegistry] New: instance ready
[2026-08-27 14:58:28.486674000][th:87985401][info] GossipPubSub /ip4/0.0.0.0/tcp/54634/p2p/12D3KooWJrfxZ8c2SxnHFrHRL1E8ge5D878yRGJs38p1C9ARrzHf: PubSub subscribed to topic 'gnus-validator-registry.3.7.144'
[2026-08-27 14:58:28][info][CRDTCallbackManager] Successfully registered new data callback for pattern: '^/?cert/[^/]+'
[2026-08-27 14:58:28.486698000][th:87985401][info] GossipPubSub /ip4/0.0.0.0/tcp/54634/p2p/12D3KooWJrfxZ8c2SxnHFrHRL1E8ge5D878yRGJs38p1C9ARrzHf: PubSub subscribed to topic 'consensus-channel-.3.7.144'
[2026-08-27 14:58:28][warning][Blockchain] [f91ec397] Failed to request validator registry during blockchain init
[2026-08-27 14:58:28][info][CRDTCallbackManager] Successfully registered new data callback for pattern: '/?gnus-genesis-block'
[2026-08-27 14:58:28][info][CRDTCallbackManager] Successfully registered new data callback for pattern: '/?gnus-account-creation-.*'
[2026-08-27 14:58:28.486717000][th:87985401][info] GossipPubSub /ip4/0.0.0.0/tcp/54634/p2p/12D3KooWJrfxZ8c2SxnHFrHRL1E8ge5D878yRGJs38p1C9ARrzHf: PubSub subscribed to topic 'consensus-channel-.3.7.144#datastore.3.7.144'
[2026-08-27 14:58:28][info][CRDTCallbackManager] Successfully registered new data callback for pattern: '^/?/bc-144/tx/[^/]+'
[2026-08-27 14:58:28][info][CRDTCallbackManager] Successfully registered deleted data callback for pattern: '^/?/bc-144/tx/[^/]+'
[2026-08-27 14:58:28][info][CRDTCallbackManager] Successfully registered new data callback for pattern: '^/?/bc-963/tx/[^/]+'
[2026-08-27 14:58:28][info][CRDTCallbackManager] Successfully registered deleted data callback for pattern: '^/?/bc-963/tx/[^/]+'
[2026-08-27 14:58:28][info][CRDTCallbackManager] Successfully registered new data callback for pattern: '^/?/bc-369/tx/[^/]+'
[2026-08-27 14:58:28][info][CRDTCallbackManager] Successfully registered deleted data callback for pattern: '^/?/bc-369/tx/[^/]+'
[2026-08-27 14:58:28][info][CrdtDatastore] Topics { name="gnus-validator-registry" }
[2026-08-27 14:58:28][info][CRDTCallbackManager] Executing callback for key '/gnus-validator-registry' matching pattern '/?gnus-validator-registry'
[2026-08-27 14:58:28][info][ValidatorRegistry] RegistryUpdateReceived: cache updated and initialized
[2026-08-27 14:58:28][debug][GraphsyncDAGSyncer] addNode: Added node QmZtNY3BZfFh4HqdabKSRFkn4NZyNYoTanzeFuKViNdYF9 on dagService 
[2026-08-27 14:58:28][info][ValidatorRegistry] StoreRegistryUpdate: stored registry update CID QmZtNY3BZfFh4HqdabKSRFkn4NZyNYoTanzeFuKViNdYF9
[2026-08-27 14:58:28][info][ValidatorRegistry] StoreRegistryUpdate: success
[2026-08-27 14:58:28][info][CrdtDatastore] Topics { name="gnus-validator-registry" }
[2026-08-27 14:58:28][info][CRDTCallbackManager] Executing callback for key '/gnus-validator-registry' matching pattern '/?gnus-validator-registry'
[2026-08-27 14:58:28][info][ValidatorRegistry] RegistryUpdateReceived: cache updated and initialized
[2026-08-27 14:58:28][debug][GraphsyncDAGSyncer] addNode: Added node QmZtNY3BZfFh4HqdabKSRFkn4NZyNYoTanzeFuKViNdYF9 on dagService 
[2026-08-27 14:58:28][info][ValidatorRegistry] StoreRegistryUpdate: stored registry update CID QmZtNY3BZfFh4HqdabKSRFkn4NZyNYoTanzeFuKViNdYF9
[2026-08-27 14:58:28][info][ValidatorRegistry] StoreRegistryUpdate: success
[2026-08-27 14:58:28][info][CrdtDatastore] Topics { name="gnus-validator-registry" }
[2026-08-27 14:58:28][info][CRDTCallbackManager] Executing callback for key '/gnus-validator-registry' matching pattern '/?gnus-validator-registry'
[2026-08-27 14:58:28][info][ValidatorRegistry] RegistryUpdateReceived: cache updated and initialized
[2026-08-27 14:58:28][debug][GraphsyncDAGSyncer] addNode: Added node QmZtNY3BZfFh4HqdabKSRFkn4NZyNYoTanzeFuKViNdYF9 on dagService 
[2026-08-27 14:58:28][info][ValidatorRegistry] StoreRegistryUpdate: stored registry update CID QmZtNY3BZfFh4HqdabKSRFkn4NZyNYoTanzeFuKViNdYF9
[2026-08-27 14:58:28][info][ValidatorRegistry] StoreRegistryUpdate: success
[2026-08-27 14:58:28][info][CrdtDatastore] Topics { name="gnus-validator-registry" }
[2026-08-27 14:58:28][info][CRDTCallbackManager] Executing callback for key '/gnus-validator-registry' matching pattern '/?gnus-validator-registry'
[2026-08-27 14:58:28][info][ValidatorRegistry] RegistryUpdateReceived: cache updated and initialized
[2026-08-27 14:58:28][debug][GraphsyncDAGSyncer] addNode: Added node QmZtNY3BZfFh4HqdabKSRFkn4NZyNYoTanzeFuKViNdYF9 on dagService 
[2026-08-27 14:58:28][info][ValidatorRegistry] StoreRegistryUpdate: stored registry update CID QmZtNY3BZfFh4HqdabKSRFkn4NZyNYoTanzeFuKViNdYF9
[2026-08-27 14:58:28][info][ValidatorRegistry] StoreRegistryUpdate: success
[2026-08-27 14:58:28.524869000][th:87985308][info] GossipPubSub Adding new peer: 12D3KooWRGmawwUF5iUdWjD9ST3zfVtVpGm2j2HgpAKc2ieEDXPC
[2026-08-27 14:58:28.524959000][th:87985308][info] GossipPubSub Adding new peer: 12D3KooWPpujJNd5m7WXsqakoGsFwFfLkr3k2J55BsvaUs4PrxBT
[2026-08-27 14:58:28.524998000][th:87985336][info] GossipPubSub Adding new peer: 12D3KooWFPhqXykmqBCMgarFyawfpQfiX4oRLmgrzDfmUPgdAnJS
[2026-08-27 14:58:28.525037000][th:87985308][info] GossipPubSub Adding new peer: 12D3KooWJrfxZ8c2SxnHFrHRL1E8ge5D878yRGJs38p1C9ARrzHf
[2026-08-27 14:58:28.525076000][th:87985336][info] GossipPubSub Adding new peer: 12D3KooWPpujJNd5m7WXsqakoGsFwFfLkr3k2J55BsvaUs4PrxBT
[2026-08-27 14:58:28.525120000][th:87985370][info] GossipPubSub Adding new peer: 12D3KooWFPhqXykmqBCMgarFyawfpQfiX4oRLmgrzDfmUPgdAnJS
[2026-08-27 14:58:28.525153000][th:87985336][info] GossipPubSub Adding new peer: 12D3KooWJrfxZ8c2SxnHFrHRL1E8ge5D878yRGJs38p1C9ARrzHf
[2026-08-27 14:58:28.525231000][th:87985370][info] GossipPubSub Adding new peer: 12D3KooWRGmawwUF5iUdWjD9ST3zfVtVpGm2j2HgpAKc2ieEDXPC
[2026-08-27 14:58:28.525248000][th:87985401][info] GossipPubSub Adding new peer: 12D3KooWFPhqXykmqBCMgarFyawfpQfiX4oRLmgrzDfmUPgdAnJS
[2026-08-27 14:58:28.525354000][th:87985401][info] GossipPubSub Adding new peer: 12D3KooWRGmawwUF5iUdWjD9ST3zfVtVpGm2j2HgpAKc2ieEDXPC
[2026-08-27 14:58:28.525357000][th:87985370][info] GossipPubSub Adding new peer: 12D3KooWJrfxZ8c2SxnHFrHRL1E8ge5D878yRGJs38p1C9ARrzHf
[2026-08-27 14:58:28.525388000][th:87985401][info] GossipPubSub Adding new peer: 12D3KooWPpujJNd5m7WXsqakoGsFwFfLkr3k2J55BsvaUs4PrxBT
P12_PUBLISHER_READINESS_DIAG run=1 outcome=pass boundary=none state=ready error=none peer_identity=publisher-loss-validator-one-12D3KooWFPhqXykmqBCMgarFyawfpQfiX4oRLmgrzDfmUPgdAnJS,publisher-loss-validator-two-12D3KooWRGmawwUF5iUdWjD9ST3zfVtVpGm2j2HgpAKc2ieEDXPC,publisher-loss-validator-three-12D3KooWPpujJNd5m7WXsqakoGsFwFfLkr3k2J55BsvaUs4PrxBT,publisher-loss-passive-12D3KooWJrfxZ8c2SxnHFrHRL1E8ge5D878yRGJs38p1C9ARrzHf listener=publisher-loss-validator-one-port-54631-pubsub-started,publisher-loss-validator-two-port-54632-pubsub-started,publisher-loss-validator-three-port-54633-pubsub-started,publisher-loss-passive-port-54634-pubsub-started root_lifecycle=publisher-loss-validator-one-root-present-io-thread-joinable,publisher-loss-validator-two-root-present-io-thread-joinable,publisher-loss-validator-three-root-present-io-thread-joinable,publisher-loss-passive-root-present-io-thread-joinable intended_connectedness=publisher-loss-validator-one-to-publisher-loss-validator-two-connected,publisher-loss-validator-one-to-publisher-loss-validator-three-connected,publisher-loss-validator-one-to-publisher-loss-passive-connected,publisher-loss-validator-two-to-publisher-loss-validator-one-connected,publisher-loss-validator-two-to-publisher-loss-validator-three-not-connected,publisher-loss-validator-two-to-publisher-loss-passive-connected,publisher-loss-validator-three-to-publisher-loss-validator-one-connected,publisher-loss-validator-three-to-publisher-loss-validator-two-not-connected,publisher-loss-validator-three-to-publisher-loss-passive-connected,publisher-loss-passive-to-publisher-loss-validator-one-connected,publisher-loss-passive-to-publisher-loss-validator-two-connected,publisher-loss-passive-to-publisher-loss-validator-three-connected consensus_mesh=publisher-loss-validator-one-3,publisher-loss-validator-two-1,publisher-loss-validator-three-1,publisher-loss-passive-1
[2026-08-27 14:58:28][info][TransactionManager] [dd0936f5 - full: false] ChangeTransactionState: Temp tracking entry created tx=6b543ee3f5f28602dfe9dade8126dd2665ef1af3f4a9916acb1c24e8948cc0ed
[2026-08-27 14:58:28][info][TransactionManager] [f91ec397 - full: false] ChangeTransactionState: Temp tracking entry created tx=6b543ee3f5f28602dfe9dade8126dd2665ef1af3f4a9916acb1c24e8948cc0ed
[2026-08-27 14:58:28][info][TransactionManager] [9f2254fa - full: false] ChangeTransactionState: Temp tracking entry created tx=6b543ee3f5f28602dfe9dade8126dd2665ef1af3f4a9916acb1c24e8948cc0ed
[2026-08-27 14:58:28][info][TransactionManager] [6da26983 - full: false] ChangeTransactionState: Temp tracking entry created tx=6b543ee3f5f28602dfe9dade8126dd2665ef1af3f4a9916acb1c24e8948cc0ed
[2026-08-27 14:58:33][info][CrdtDatastore] Topics { name="consensus-channel-.3.7.144#datastore" }
[2026-08-27 14:58:33][info][CRDTCallbackManager] Executing callback for key '/cert/mint-v2:test:0000000000000000000000000000000000000000000000000000000000000000:42:dd0936f5d493df98978b7d2c4f921aaad6b52ba9ae96bbda5914c8e91b3fe96b8ed4fd5bbea88c8a1296dce3b3c0d6ac0c905041a5e1498370e132c462e9d767:cccccccccccccccccccccccccccccccccccccccccccccccccccccccccccccccc' matching pattern '^/?cert/[^/]+'
[2026-08-27 14:58:33][debug][GraphsyncDAGSyncer] addNode: Added node QmdaswYce16gv9v2Gu74pJ6dPc8hjZBpzECJJhjYPFGgq1 on dagService 
[2026-08-27 14:58:33][info][CRDTCallbackManager] Successfully unregistered new data callback for pattern: '^/?/bc-144/tx/[^/]+'
[2026-08-27 14:58:33][info][CRDTCallbackManager] Successfully unregistered deleted data callback for pattern: '^/?/bc-144/tx/[^/]+'
[2026-08-27 14:58:33][info][CRDTCallbackManager] Successfully unregistered new data callback for pattern: '^/?/bc-963/tx/[^/]+'
[2026-08-27 14:58:33][info][CRDTCallbackManager] Successfully unregistered deleted data callback for pattern: '^/?/bc-963/tx/[^/]+'
[2026-08-27 14:58:33][info][CRDTCallbackManager] Successfully unregistered new data callback for pattern: '^/?/bc-369/tx/[^/]+'
[2026-08-27 14:58:33][info][CRDTCallbackManager] Successfully unregistered deleted data callback for pattern: '^/?/bc-369/tx/[^/]+'
[2026-08-27 14:58:33][info][TransactionManager] [6da26983 - full: false] ~TransactionManager: Metrics — cert_fallback(success=0 failure=0) validation(approve=1 reject=0) tracking(insert=1 confirm=0 fail=0)
[2026-08-27 14:58:33][info][Blockchain] [6da26983] Stopping blockchain
[2026-08-27 14:58:33][debug][GraphsyncDAGSyncer] Registered new peer 12D3KooWPpujJNd5m7WXsqakoGsFwFfLkr3k2J55BsvaUs4PrxBT with key 0
[2026-08-27 14:58:33][debug][GraphsyncDAGSyncer] Added route for CID QmdaswYce16gv9v2Gu74pJ6dPc8hjZBpzECJJhjYPFGgq1 to peer 12D3KooWPpujJNd5m7WXsqakoGsFwFfLkr3k2J55BsvaUs4PrxBT (key 0, route_count=1)
[2026-08-27 14:58:33][debug][GraphsyncDAGSyncer] Registered new peer 12D3KooWPpujJNd5m7WXsqakoGsFwFfLkr3k2J55BsvaUs4PrxBT with key 0
[2026-08-27 14:58:33][debug][GraphsyncDAGSyncer] Registered new peer 12D3KooWPpujJNd5m7WXsqakoGsFwFfLkr3k2J55BsvaUs4PrxBT with key 0
[2026-08-27 14:58:33][debug][GraphsyncDAGSyncer] Added route for CID QmdaswYce16gv9v2Gu74pJ6dPc8hjZBpzECJJhjYPFGgq1 to peer 12D3KooWPpujJNd5m7WXsqakoGsFwFfLkr3k2J55BsvaUs4PrxBT (key 0, route_count=1)
[2026-08-27 14:58:33][debug][GraphsyncDAGSyncer] Added route for CID QmdaswYce16gv9v2Gu74pJ6dPc8hjZBpzECJJhjYPFGgq1 to peer 12D3KooWPpujJNd5m7WXsqakoGsFwFfLkr3k2J55BsvaUs4PrxBT (key 0, route_count=1)
[2026-08-27 14:58:33][info][CRDTCallbackManager] Successfully unregistered new data callback for pattern: '/?gnus-genesis-block'
[2026-08-27 14:58:33][info][CRDTCallbackManager] Successfully unregistered new data callback for pattern: '/?gnus-account-creation-.*'
[2026-08-27 14:58:33.064503000][th:87985370][error] GossipPubSub Address monitoring timer error: Operation canceled
[2026-08-27 14:58:33][error][PubSubBroadcasterExt] No message to process
[2026-08-27 14:58:33][error][ConsensusManager] OnConsensusMessage: ignored: message is empty
[2026-08-27 14:58:33][error][PubSubBroadcasterExt] No message to process
[2026-08-27 14:58:33][debug][GraphsyncDAGSyncer] Block initialized without content to LRU cache: CID QmdaswYce16gv9v2Gu74pJ6dPc8hjZBpzECJJhjYPFGgq1, cache size: 1
[2026-08-27 14:58:33][debug][GraphsyncDAGSyncer] Requesting Node QmdaswYce16gv9v2Gu74pJ6dPc8hjZBpzECJJhjYPFGgq1 on this 5292218200
[2026-08-27 14:58:33][debug][GraphsyncDAGSyncer] Block initialized without content to LRU cache: CID QmdaswYce16gv9v2Gu74pJ6dPc8hjZBpzECJJhjYPFGgq1, cache size: 1
[2026-08-27 14:58:33][debug][GraphsyncDAGSyncer] Requesting Node QmdaswYce16gv9v2Gu74pJ6dPc8hjZBpzECJJhjYPFGgq1 on this 5291257432
[2026-08-27 14:58:33][debug][GraphsyncDAGSyncer] Block initialized without content to LRU cache: CID QmdaswYce16gv9v2Gu74pJ6dPc8hjZBpzECJJhjYPFGgq1, cache size: 1
[2026-08-27 14:58:33][debug][GraphsyncDAGSyncer] Requesting Node QmdaswYce16gv9v2Gu74pJ6dPc8hjZBpzECJJhjYPFGgq1 on this 5292290984
[2026-08-27 14:58:33][info][CrdtDatastore] Topics { name="consensus-channel-.3.7.144#datastore" }
[2026-08-27 14:58:34][info][CrdtDatastore] Topics { name="consensus-channel-.3.7.144#datastore" }
[2026-08-27 14:58:34][info][CRDTCallbackManager] Successfully unregistered new data callback for pattern: '/?gnus-validator-registry'
[2026-08-27 14:58:34][debug][GlobalDB] ~GlobalDB CALLED with count 5 on multi_node_finality_fault/publisher-loss-validator-three/rocksdb 
[2026-08-27 14:58:34][info][GlobalDB] GlobalDB shutdown start
[2026-08-27 14:58:34][info][CrdtDatastore] CancelAndCloseNow: begin (pending_jobs=0, self_queue=0, root_queue=0, pending_roots=0, active_root=false)
[2026-08-27 14:58:34][debug][GraphsyncDAGSyncer] Stopping Dagsyncer
[2026-08-27 14:58:34][debug][GraphsyncDAGSyncer] Dagsyncer Stopped
[2026-08-27 14:58:35][info][CrdtDatastore] CancelAndCloseNow: CRDT workers stopped
[2026-08-27 14:58:35][warning][CrdtDatastore] CancelAndCloseNow called but shutdown has already started
[2026-08-27 14:58:35][debug][GraphsyncDAGSyncer] ~GraphsyncDAGSyncer CALLED
[2026-08-27 14:58:35.030776000][th:87985308][error] graphsync cannot connect, peer=4PrxBT, msg='Connection reset by peer' state=1
[2026-08-27 14:58:35][debug][GraphsyncDAGSyncer] request progress: code=CANNOT_CONNECT, extensions=
[2026-08-27 14:58:35.030843000][th:87985401][error] graphsync cannot connect, peer=4PrxBT, msg='Connection reset by peer' state=1
[2026-08-27 14:58:35.030907000][th:87985336][error] graphsync cannot connect, peer=4PrxBT, msg='Connection reset by peer' state=1
[2026-08-27 14:58:35][debug][GraphsyncDAGSyncer] request progress: code=CANNOT_CONNECT, extensions=
[2026-08-27 14:58:35][debug][GraphsyncDAGSyncer] request progress: code=CANNOT_CONNECT, extensions=
[2026-08-27 14:58:35][info][GlobalDB] GlobalDB shutdown finished
[2026-08-27 14:58:35][info][KeyPairFileStorage] Path to keypairs multi_node_finality_fault/publisher-loss-validator-three/keypair
[2026-08-27 14:58:35][info][KeyPairFileStorage] Peer ID from public key: 12D3KooWPpujJNd5m7WXsqakoGsFwFfLkr3k2J55BsvaUs4PrxBT
Current limits: 16384 (soft), 9223372036854775807 (hard)
New limits set successfully: 16384 (soft), 9223372036854775807 (hard)
Initialized relay addresses
[2026-08-27 14:58:35.034627000][th:87985278][info] GossipPubSub /ip4/0.0.0.0/tcp/54633/p2p/12D3KooWPpujJNd5m7WXsqakoGsFwFfLkr3k2J55BsvaUs4PrxBT: Starting PubSub service
[2026-08-27 14:58:35.034753000][th:87985591][info] GossipPubSub Starting address monitoring system for mobile network changes
[2026-08-27 14:58:35.034759000][th:87985591][info] GossipPubSub === CURRENT NETWORK STATE ===
[2026-08-27 14:58:35.034772000][th:87985591][info] GossipPubSub Primary listening address: /ip4/0.0.0.0/tcp/54633/p2p/12D3KooWPpujJNd5m7WXsqakoGsFwFfLkr3k2J55BsvaUs4PrxBT
[2026-08-27 14:58:35.034778000][th:87985591][info] GossipPubSub Host peer info addresses (0):
[2026-08-27 14:58:35.034782000][th:87985591][info] GossipPubSub Additional addresses we track (0):
[2026-08-27 14:58:35.034786000][th:87985591][info] GossipPubSub Listening addresses (1):
[2026-08-27 14:58:35.034791000][th:87985591][info] GossipPubSub   -> /ip4/0.0.0.0/tcp/54633/p2p/12D3KooWPpujJNd5m7WXsqakoGsFwFfLkr3k2J55BsvaUs4PrxBT
[2026-08-27 14:58:35.034795000][th:87985591][info] GossipPubSub Interface addresses (0):
[2026-08-27 14:58:35.034798000][th:87985591][info] GossipPubSub === RAW OBSERVED ADDRESS DEBUG ===
[2026-08-27 14:58:35.034804000][th:87985591][info] GossipPubSub Local address: /ip4/0.0.0.0/tcp/54633/p2p/12D3KooWPpujJNd5m7WXsqakoGsFwFfLkr3k2J55BsvaUs4PrxBT -> 0 raw observed, 0 activated+confirmed
[2026-08-27 14:58:35.034808000][th:87985591][info] GossipPubSub TOTAL: 0 raw observed addresses, 0 activated+confirmed addresses
[2026-08-27 14:58:35.034812000][th:87985591][info] GossipPubSub === END RAW OBSERVED ADDRESS DEBUG ===
[2026-08-27 14:58:35.034815000][th:87985591][info] GossipPubSub Observed addresses - all (0):
[2026-08-27 14:58:35.034818000][th:87985591][info] GossipPubSub Observed addresses - confirmed only (0):
[2026-08-27 14:58:35.034822000][th:87985591][info] GossipPubSub Relay addresses (0):
[2026-08-27 14:58:35.034826000][th:87985591][warning] GossipPubSub Failed to get addresses from peer repository: not found
[2026-08-27 14:58:35.034895000][th:87985591][info] GossipPubSub Found 1 valid network interfaces
[2026-08-27 14:58:35.034900000][th:87985591][info] GossipPubSub Current network interfaces (1):
[2026-08-27 14:58:35.034904000][th:87985591][info] GossipPubSub   -> 192.168.1.6
[2026-08-27 14:58:35.034907000][th:87985591][info] GossipPubSub Active connections: 0
[2026-08-27 14:58:35.034911000][th:87985591][info] GossipPubSub === PEER CONNECTION DETAILS ===
[2026-08-27 14:58:35.034914000][th:87985591][info] GossipPubSub NOTE: Observed addresses need to be seen by 4+ different peer groups to become 'activated'
[2026-08-27 14:58:35.034917000][th:87985591][info] GossipPubSub NOTE: Current connections: 0, so max possible observers: 0
[2026-08-27 14:58:35.034920000][th:87985591][info] GossipPubSub === END PEER CONNECTION DETAILS ===
[2026-08-27 14:58:35.034924000][th:87985591][info] GossipPubSub Connection manager stats:
[2026-08-27 14:58:35.034927000][th:87985591][info] GossipPubSub   -> Max connections: 1000
[2026-08-27 14:58:35.034930000][th:87985591][info] GossipPubSub   -> Current connections: 0
[2026-08-27 14:58:35.034933000][th:87985591][info] GossipPubSub === END NETWORK STATE ===
[2026-08-27 14:58:35.035188000][th:87985591][info] GossipPubSub /ip4/0.0.0.0/tcp/54633/p2p/12D3KooWPpujJNd5m7WXsqakoGsFwFfLkr3k2J55BsvaUs4PrxBT : PubSub service started
[2026-08-27 14:58:35][info][GlobalDB] Opening database /Users/henriqueklein/gnus/SuperGenius/multi_node_finality_fault/publisher-loss-validator-three/rocksdb
[2026-08-27 14:58:35][debug][GraphsyncDAGSyncer] GraphSyncer created 5291298280 
[2026-08-27 14:58:35][info][CrdtDatastore] crdt Datastore created. Number of heads: 2 Current max-height: 18446744073709551615
[2026-08-27 14:58:35][info][GeniusAccount] Secure storage ID path: /Users/henriqueklein/gnus/SuperGenius/multi_node_finality_fault/publisher-loss-validator-three/account/secure_storage_id
[2026-08-27 14:58:35][info][GeniusAccount] Loaded public key from file: 6da2698363c34775... (length: 128)
[2026-08-27 14:58:35][info][GeniusAccount] Successfully loaded key_seed from storage
[2026-08-27 14:58:35][info][GeniusAccount] Validation successful: key_seed matches stored public key
[2026-08-27 14:58:35][warning][UTXOManager] Found UTXOs in storage, but there were none
[2026-08-27 14:58:35][info][Blockchain] [6da26983] Blockchain instance created with authorized full node: 8a33bdf1
[2026-08-27 14:58:35][info][ValidatorRegistry] InitializeCache: cache initialized with CID QmZtNY3BZfFh4HqdabKSRFkn4NZyNYoTanzeFuKViNdYF9
[2026-08-27 14:58:35][info][CRDTCallbackManager] Successfully registered new data callback for pattern: '/?gnus-validator-registry'
[2026-08-27 14:58:35][info][ValidatorRegistry] RegisterFilter: result=true
[2026-08-27 14:58:35][info][ValidatorRegistry] New: instance ready
[2026-08-27 14:58:35.064812000][th:87985591][info] GossipPubSub /ip4/0.0.0.0/tcp/54633/p2p/12D3KooWPpujJNd5m7WXsqakoGsFwFfLkr3k2J55BsvaUs4PrxBT: PubSub subscribed to topic 'gnus-validator-registry.3.7.144'
[2026-08-27 14:58:35][info][CRDTCallbackManager] Successfully registered new data callback for pattern: '^/?cert/[^/]+'
[2026-08-27 14:58:35.064865000][th:87985591][info] GossipPubSub /ip4/0.0.0.0/tcp/54633/p2p/12D3KooWPpujJNd5m7WXsqakoGsFwFfLkr3k2J55BsvaUs4PrxBT: PubSub subscribed to topic 'consensus-channel-.3.7.144'
[2026-08-27 14:58:35.064899000][th:87985591][info] GossipPubSub /ip4/0.0.0.0/tcp/54633/p2p/12D3KooWPpujJNd5m7WXsqakoGsFwFfLkr3k2J55BsvaUs4PrxBT: PubSub subscribed to topic 'consensus-channel-.3.7.144#datastore.3.7.144'
[2026-08-27 14:58:35][warning][ConsensusManager] ProcessCommittedCertificate: No subject handler for certificate with key /cert/mint-v2:test:0000000000000000000000000000000000000000000000000000000000000000:42:dd0936f5d493df98978b7d2c4f921aaad6b52ba9ae96bbda5914c8e91b3fe96b8ed4fd5bbea88c8a1296dce3b3c0d6ac0c905041a5e1498370e132c462e9d767:cccccccccccccccccccccccccccccccccccccccccccccccccccccccccccccccc 
[2026-08-27 14:58:35][warning][GraphsyncDAGSyncer] Request failed for CID QmdaswYce16gv9v2Gu74pJ6dPc8hjZBpzECJJhjYPFGgq1 from peer 12D3KooWPpujJNd5m7WXsqakoGsFwFfLkr3k2J55BsvaUs4PrxBT with connection error CANNOT_CONNECT. Blacklisting peer and trying fallback.
[2026-08-27 14:58:35][warning][ConsensusManager] ProcessCommittedCertificate: No subject handler for certificate with key /cert/mint-v2:test:0000000000000000000000000000000000000000000000000000000000000000:42:dd0936f5d493df98978b7d2c4f921aaad6b52ba9ae96bbda5914c8e91b3fe96b8ed4fd5bbea88c8a1296dce3b3c0d6ac0c905041a5e1498370e132c462e9d767:cccccccccccccccccccccccccccccccccccccccccccccccccccccccccccccccc 
[2026-08-27 14:58:35][debug][GraphsyncDAGSyncer] Erasing route for CID QmdaswYce16gv9v2Gu74pJ6dPc8hjZBpzECJJhjYPFGgq1 to blacklisted peer
[2026-08-27 14:58:35][info][CRDTCallbackManager] Successfully registered new data callback for pattern: '/?gnus-genesis-block'
[2026-08-27 14:58:35][error][GraphsyncDAGSyncer] No usable route candidates left for CID QmdaswYce16gv9v2Gu74pJ6dPc8hjZBpzECJJhjYPFGgq1
[2026-08-27 14:58:35][info][CRDTCallbackManager] Successfully registered new data callback for pattern: '/?gnus-account-creation-.*'
[2026-08-27 14:58:35][warning][GraphsyncDAGSyncer] Request failed for CID QmdaswYce16gv9v2Gu74pJ6dPc8hjZBpzECJJhjYPFGgq1 from peer 12D3KooWPpujJNd5m7WXsqakoGsFwFfLkr3k2J55BsvaUs4PrxBT with connection error CANNOT_CONNECT. Blacklisting peer and trying fallback.
[2026-08-27 14:58:35][debug][GraphsyncDAGSyncer] Erasing route for CID QmdaswYce16gv9v2Gu74pJ6dPc8hjZBpzECJJhjYPFGgq1 to blacklisted peer
[2026-08-27 14:58:35][error][GraphsyncDAGSyncer] No usable route candidates left for CID QmdaswYce16gv9v2Gu74pJ6dPc8hjZBpzECJJhjYPFGgq1
[2026-08-27 14:58:35][info][CRDTCallbackManager] Executing callback for key '/cert/mint-v2:test:0000000000000000000000000000000000000000000000000000000000000000:42:dd0936f5d493df98978b7d2c4f921aaad6b52ba9ae96bbda5914c8e91b3fe96b8ed4fd5bbea88c8a1296dce3b3c0d6ac0c905041a5e1498370e132c462e9d767:cccccccccccccccccccccccccccccccccccccccccccccccccccccccccccccccc' matching pattern '^/?cert/[^/]+'
[2026-08-27 14:58:35][info][UTXOManager] Stored 1 UTXOs for address dd0936f5d493df98978b7d2c4f921aaad6b52ba9ae96bbda5914c8e91b3fe96b8ed4fd5bbea88c8a1296dce3b3c0d6ac0c905041a5e1498370e132c462e9d767
[2026-08-27 14:58:35][info][UTXOManager] Stored 2 UTXOs for address dd0936f5d493df98978b7d2c4f921aaad6b52ba9ae96bbda5914c8e91b3fe96b8ed4fd5bbea88c8a1296dce3b3c0d6ac0c905041a5e1498370e132c462e9d767
[2026-08-27 14:58:35][info][TransactionManager] [6da26983 - full: false] Created tokens (mint-v2), amount 42 balance 0
[2026-08-27 14:58:35][warning][GraphsyncDAGSyncer] Request failed for CID QmdaswYce16gv9v2Gu74pJ6dPc8hjZBpzECJJhjYPFGgq1 from peer 12D3KooWPpujJNd5m7WXsqakoGsFwFfLkr3k2J55BsvaUs4PrxBT with connection error CANNOT_CONNECT. Blacklisting peer and trying fallback.
[2026-08-27 14:58:35][debug][GraphsyncDAGSyncer] Erasing route for CID QmdaswYce16gv9v2Gu74pJ6dPc8hjZBpzECJJhjYPFGgq1 to blacklisted peer
[2026-08-27 14:58:35][debug][GraphsyncDAGSyncer] addNode: Added node QmUPohgBwrfCfqy1Ke22f5juEMEyugrV5zPwnYWtxUjrrb on dagService 
[2026-08-27 14:58:35][error][GraphsyncDAGSyncer] No usable route candidates left for CID QmdaswYce16gv9v2Gu74pJ6dPc8hjZBpzECJJhjYPFGgq1
[2026-08-27 14:58:35][info][CRDTCallbackManager] Executing callback for key '/cert/mint-v2:test:0000000000000000000000000000000000000000000000000000000000000000:42:dd0936f5d493df98978b7d2c4f921aaad6b52ba9ae96bbda5914c8e91b3fe96b8ed4fd5bbea88c8a1296dce3b3c0d6ac0c905041a5e1498370e132c462e9d767:cccccccccccccccccccccccccccccccccccccccccccccccccccccccccccccccc' matching pattern '^/?cert/[^/]+'
[2026-08-27 14:58:35][info][TransactionManager] [6da26983 - full: false] ChangeTransactionState: Tracking entry confirmed tx=6b543ee3f5f28602dfe9dade8126dd2665ef1af3f4a9916acb1c24e8948cc0ed
[2026-08-27 14:58:35][info][TransactionManager] [6da26983 - full: false] OnConsensusCertificate: Standalone validator confirmed tx 6b543ee3f5f28602dfe9dade8126dd2665ef1af3f4a9916acb1c24e8948cc0ed from certificate proposal_id=992138788debc030147f66380a4cdd80435c4da9a9352069890767d660fe2e9a
[2026-08-27 14:58:35][info][UTXOManager] Created checkpoint owner=6da2698363c347757774ad696d88e9876c23beb76206af30cb8348cb9909f263d8816061ea1bdf2fb4edc223cf2a3f689cceeb041358ab4be2ea59f3f7421457 epoch=1 utxo_count=0
[2026-08-27 14:58:35][debug][GraphsyncDAGSyncer] addNode: Added node Qmf3dGFd6YyB9k7JLcNruzdr6eJ4F9rLqeM8Eguj3N7oih on dagService 
[2026-08-27 14:58:35][info][CRDTCallbackManager] Successfully registered new data callback for pattern: '^/?/bc-144/tx/[^/]+'
[2026-08-27 14:58:35][info][CRDTCallbackManager] Successfully registered deleted data callback for pattern: '^/?/bc-144/tx/[^/]+'
[2026-08-27 14:58:35][info][CRDTCallbackManager] Successfully registered new data callback for pattern: '^/?/bc-963/tx/[^/]+'
[2026-08-27 14:58:35][info][CRDTCallbackManager] Successfully registered deleted data callback for pattern: '^/?/bc-963/tx/[^/]+'
[2026-08-27 14:58:35][info][CRDTCallbackManager] Successfully registered new data callback for pattern: '^/?/bc-369/tx/[^/]+'
[2026-08-27 14:58:35][info][CRDTCallbackManager] Successfully registered deleted data callback for pattern: '^/?/bc-369/tx/[^/]+'
[2026-08-27 14:58:35.125591000][th:87985308][info] GossipPubSub Adding new peer: 12D3KooWRGmawwUF5iUdWjD9ST3zfVtVpGm2j2HgpAKc2ieEDXPC
[2026-08-27 14:58:35.125722000][th:87985336][info] GossipPubSub Adding new peer: 12D3KooWFPhqXykmqBCMgarFyawfpQfiX4oRLmgrzDfmUPgdAnJS
[2026-08-27 14:58:35.125851000][th:87985591][info] GossipPubSub Adding new peer: 12D3KooWFPhqXykmqBCMgarFyawfpQfiX4oRLmgrzDfmUPgdAnJS
[2026-08-27 14:58:35.125973000][th:87985401][info] GossipPubSub Adding new peer: 12D3KooWFPhqXykmqBCMgarFyawfpQfiX4oRLmgrzDfmUPgdAnJS
[2026-08-27 14:58:35.127220000][th:87985308][info] GossipPubSub Adding new peer: 12D3KooWPpujJNd5m7WXsqakoGsFwFfLkr3k2J55BsvaUs4PrxBT
[2026-08-27 14:58:35.127228000][th:87985336][info] GossipPubSub Adding new peer: 12D3KooWPpujJNd5m7WXsqakoGsFwFfLkr3k2J55BsvaUs4PrxBT
[2026-08-27 14:58:35.130378000][th:87985401][info] GossipPubSub Adding new peer: 12D3KooWRGmawwUF5iUdWjD9ST3zfVtVpGm2j2HgpAKc2ieEDXPC
[2026-08-27 14:58:35.130373000][th:87985308][info] GossipPubSub Adding new peer: 12D3KooWJrfxZ8c2SxnHFrHRL1E8ge5D878yRGJs38p1C9ARrzHf
[2026-08-27 14:58:35.130416000][th:87985401][info] GossipPubSub Adding new peer: 12D3KooWPpujJNd5m7WXsqakoGsFwFfLkr3k2J55BsvaUs4PrxBT
[2026-08-27 14:58:35.130417000][th:87985336][info] GossipPubSub Adding new peer: 12D3KooWJrfxZ8c2SxnHFrHRL1E8ge5D878yRGJs38p1C9ARrzHf
[2026-08-27 14:58:35.127305000][th:87985591][info] GossipPubSub Adding new peer: 12D3KooWRGmawwUF5iUdWjD9ST3zfVtVpGm2j2HgpAKc2ieEDXPC
[2026-08-27 14:58:35.130505000][th:87985591][info] GossipPubSub Adding new peer: 12D3KooWJrfxZ8c2SxnHFrHRL1E8ge5D878yRGJs38p1C9ARrzHf
[2026-08-27 14:58:35][info][UTXOManager] Stored 1 UTXOs for address dd0936f5d493df98978b7d2c4f921aaad6b52ba9ae96bbda5914c8e91b3fe96b8ed4fd5bbea88c8a1296dce3b3c0d6ac0c905041a5e1498370e132c462e9d767
[2026-08-27 14:58:35][info][UTXOManager] Stored 2 UTXOs for address dd0936f5d493df98978b7d2c4f921aaad6b52ba9ae96bbda5914c8e91b3fe96b8ed4fd5bbea88c8a1296dce3b3c0d6ac0c905041a5e1498370e132c462e9d767
[2026-08-27 14:58:35][info][TransactionManager] [dd0936f5 - full: false] Created tokens (mint-v2), amount 42 balance 42
[2026-08-27 14:58:35][info][TransactionManager] [dd0936f5 - full: false] ChangeTransactionState: Tracking entry confirmed tx=6b543ee3f5f28602dfe9dade8126dd2665ef1af3f4a9916acb1c24e8948cc0ed
[2026-08-27 14:58:35][debug][GraphsyncDAGSyncer] Registered new peer 12D3KooWFPhqXykmqBCMgarFyawfpQfiX4oRLmgrzDfmUPgdAnJS with key 1
[2026-08-27 14:58:35][debug][GraphsyncDAGSyncer] Added route for CID QmUPohgBwrfCfqy1Ke22f5juEMEyugrV5zPwnYWtxUjrrb to peer 12D3KooWFPhqXykmqBCMgarFyawfpQfiX4oRLmgrzDfmUPgdAnJS (key 1, route_count=1)
[2026-08-27 14:58:35][debug][GraphsyncDAGSyncer] Registered new peer 12D3KooWFPhqXykmqBCMgarFyawfpQfiX4oRLmgrzDfmUPgdAnJS with key 1
[2026-08-27 14:58:35][info][UTXOManager] Created checkpoint owner=dd0936f5d493df98978b7d2c4f921aaad6b52ba9ae96bbda5914c8e91b3fe96b8ed4fd5bbea88c8a1296dce3b3c0d6ac0c905041a5e1498370e132c462e9d767 epoch=1 utxo_count=1
[2026-08-27 14:58:35][debug][GraphsyncDAGSyncer] Added route for CID QmUPohgBwrfCfqy1Ke22f5juEMEyugrV5zPwnYWtxUjrrb to peer 12D3KooWFPhqXykmqBCMgarFyawfpQfiX4oRLmgrzDfmUPgdAnJS (key 1, route_count=1)
[2026-08-27 14:58:35][info][UTXOManager] Stored 1 UTXOs for address dd0936f5d493df98978b7d2c4f921aaad6b52ba9ae96bbda5914c8e91b3fe96b8ed4fd5bbea88c8a1296dce3b3c0d6ac0c905041a5e1498370e132c462e9d767
[2026-08-27 14:58:35][debug][GraphsyncDAGSyncer] Registered new peer 12D3KooWRGmawwUF5iUdWjD9ST3zfVtVpGm2j2HgpAKc2ieEDXPC with key 1
[2026-08-27 14:58:35][debug][GraphsyncDAGSyncer] Registered new peer 12D3KooWRGmawwUF5iUdWjD9ST3zfVtVpGm2j2HgpAKc2ieEDXPC with key 2
[2026-08-27 14:58:35][debug][GraphsyncDAGSyncer] Added route for CID Qmf3dGFd6YyB9k7JLcNruzdr6eJ4F9rLqeM8Eguj3N7oih to peer 12D3KooWRGmawwUF5iUdWjD9ST3zfVtVpGm2j2HgpAKc2ieEDXPC (key 1, route_count=1)
[2026-08-27 14:58:35][debug][GraphsyncDAGSyncer] Added route for CID Qmf3dGFd6YyB9k7JLcNruzdr6eJ4F9rLqeM8Eguj3N7oih to peer 12D3KooWRGmawwUF5iUdWjD9ST3zfVtVpGm2j2HgpAKc2ieEDXPC (key 2, route_count=1)
[2026-08-27 14:58:35][info][UTXOManager] Stored 2 UTXOs for address dd0936f5d493df98978b7d2c4f921aaad6b52ba9ae96bbda5914c8e91b3fe96b8ed4fd5bbea88c8a1296dce3b3c0d6ac0c905041a5e1498370e132c462e9d767
[2026-08-27 14:58:35][info][TransactionManager] [9f2254fa - full: false] Created tokens (mint-v2), amount 42 balance 0
[2026-08-27 14:58:35][info][TransactionManager] [9f2254fa - full: false] ChangeTransactionState: Tracking entry confirmed tx=6b543ee3f5f28602dfe9dade8126dd2665ef1af3f4a9916acb1c24e8948cc0ed
[2026-08-27 14:58:35][info][UTXOManager] Created checkpoint owner=9f2254fa1c738b78795fa054fd75d2477b9d3c03f5c2c49d1b4b94ae0a7405c7d37cc1c39a4e47b376bfff65c1a4112f79a8ed3ec7235146af9a7ebef98cf7d1 epoch=1 utxo_count=0
[2026-08-27 14:58:35][debug][GraphsyncDAGSyncer] Registered new peer 12D3KooWFPhqXykmqBCMgarFyawfpQfiX4oRLmgrzDfmUPgdAnJS with key 0
[2026-08-27 14:58:35][debug][GraphsyncDAGSyncer] Added route for CID QmUPohgBwrfCfqy1Ke22f5juEMEyugrV5zPwnYWtxUjrrb to peer 12D3KooWFPhqXykmqBCMgarFyawfpQfiX4oRLmgrzDfmUPgdAnJS (key 0, route_count=1)
[2026-08-27 14:58:35][debug][GraphsyncDAGSyncer] Registered new peer 12D3KooWRGmawwUF5iUdWjD9ST3zfVtVpGm2j2HgpAKc2ieEDXPC with key 1
[2026-08-27 14:58:35][debug][GraphsyncDAGSyncer] Added route for CID Qmf3dGFd6YyB9k7JLcNruzdr6eJ4F9rLqeM8Eguj3N7oih to peer 12D3KooWRGmawwUF5iUdWjD9ST3zfVtVpGm2j2HgpAKc2ieEDXPC (key 1, route_count=1)
[2026-08-27 14:58:35][debug][GraphsyncDAGSyncer] Block initialized without content to LRU cache: CID Qmf3dGFd6YyB9k7JLcNruzdr6eJ4F9rLqeM8Eguj3N7oih, cache size: 2
[2026-08-27 14:58:35][debug][GraphsyncDAGSyncer] Requesting Node Qmf3dGFd6YyB9k7JLcNruzdr6eJ4F9rLqeM8Eguj3N7oih on this 5292218200
[2026-08-27 14:58:35][debug][GraphsyncDAGSyncer] Return node for CID Qmf3dGFd6YyB9k7JLcNruzdr6eJ4F9rLqeM8Eguj3N7oih instance=5291257432
[2026-08-27 14:58:35.443791000][th:87985308][warning] graphsync Request 2 for CID Qmf3dGFd6YyB9k7JLcNruzdr6eJ4F9rLqeM8Eguj3N7oih got RS_FULL_CONTENT but no blocks received yet
[2026-08-27 14:58:35][debug][GraphsyncDAGSyncer] request progress: code=FULL_CONTENT, extensions=(graphsync/do-not-send-cids: 0x80) (graphsync/response-metadata: 0x80) 
[2026-08-27 14:58:35][debug][GraphsyncDAGSyncer] HasBlock: false, cid: Qmf3dGFd6YyB9k7JLcNruzdr6eJ4F9rLqeM8Eguj3N7oih
[2026-08-27 14:58:35][debug][GraphsyncDAGSyncer] Existing block updated in LRU cache: CID Qmf3dGFd6YyB9k7JLcNruzdr6eJ4F9rLqeM8Eguj3N7oih
[2026-08-27 14:58:35][debug][GraphsyncDAGSyncer] Node added to dagService. CID: Qmf3dGFd6YyB9k7JLcNruzdr6eJ4F9rLqeM8Eguj3N7oih, links: []
[2026-08-27 14:58:35][debug][GraphsyncDAGSyncer] Seeing if peer 12D3KooWRGmawwUF5iUdWjD9ST3zfVtVpGm2j2HgpAKc2ieEDXPC has links to AddRoute
[2026-08-27 14:58:35][info][GraphsyncDAGSyncer] TraverseCIDsLinks: Checking links on { cid="Qmf3dGFd6YyB9k7JLcNruzdr6eJ4F9rLqeM8Eguj3N7oih", name="" }
[2026-08-27 14:58:35][info][GraphsyncDAGSyncer] TraverseCIDsLinks: Completed traversal. Links to fetch: 0, Visited: 0
[2026-08-27 14:58:35][debug][GraphsyncDAGSyncer] Block initialized without content to LRU cache: CID QmUPohgBwrfCfqy1Ke22f5juEMEyugrV5zPwnYWtxUjrrb, cache size: 2
[2026-08-27 14:58:35][debug][GraphsyncDAGSyncer] Requesting Node QmUPohgBwrfCfqy1Ke22f5juEMEyugrV5zPwnYWtxUjrrb on this 5291257432
[2026-08-27 14:58:35][debug][GraphsyncDAGSyncer] Return node for CID QmUPohgBwrfCfqy1Ke22f5juEMEyugrV5zPwnYWtxUjrrb instance=5292218200
[2026-08-27 14:58:35.462487000][th:87985336][warning] graphsync Request 2 for CID QmUPohgBwrfCfqy1Ke22f5juEMEyugrV5zPwnYWtxUjrrb got RS_FULL_CONTENT but no blocks received yet
[2026-08-27 14:58:35][debug][GraphsyncDAGSyncer] request progress: code=FULL_CONTENT, extensions=(graphsync/do-not-send-cids: 0x80) (graphsync/response-metadata: 0x80) 
[2026-08-27 14:58:35][debug][GraphsyncDAGSyncer] HasBlock: false, cid: QmUPohgBwrfCfqy1Ke22f5juEMEyugrV5zPwnYWtxUjrrb
[2026-08-27 14:58:35][debug][GraphsyncDAGSyncer] Existing block updated in LRU cache: CID QmUPohgBwrfCfqy1Ke22f5juEMEyugrV5zPwnYWtxUjrrb
[2026-08-27 14:58:35][debug][GraphsyncDAGSyncer] Node added to dagService. CID: QmUPohgBwrfCfqy1Ke22f5juEMEyugrV5zPwnYWtxUjrrb, links: []
[2026-08-27 14:58:35][debug][GraphsyncDAGSyncer] Seeing if peer 12D3KooWFPhqXykmqBCMgarFyawfpQfiX4oRLmgrzDfmUPgdAnJS has links to AddRoute
[2026-08-27 14:58:35][info][GraphsyncDAGSyncer] TraverseCIDsLinks: Checking links on { cid="QmUPohgBwrfCfqy1Ke22f5juEMEyugrV5zPwnYWtxUjrrb", name="" }
[2026-08-27 14:58:35][info][GraphsyncDAGSyncer] TraverseCIDsLinks: Completed traversal. Links to fetch: 0, Visited: 0
[2026-08-27 14:58:35][debug][GraphsyncDAGSyncer] Block initialized without content to LRU cache: CID QmUPohgBwrfCfqy1Ke22f5juEMEyugrV5zPwnYWtxUjrrb, cache size: 2
[2026-08-27 14:58:35][debug][GraphsyncDAGSyncer] Requesting Node QmUPohgBwrfCfqy1Ke22f5juEMEyugrV5zPwnYWtxUjrrb on this 5292290984
[2026-08-27 14:58:35][debug][GraphsyncDAGSyncer] Return node for CID QmUPohgBwrfCfqy1Ke22f5juEMEyugrV5zPwnYWtxUjrrb instance=5292218200
[2026-08-27 14:58:35.539803000][th:87985401][warning] graphsync Request 2 for CID QmUPohgBwrfCfqy1Ke22f5juEMEyugrV5zPwnYWtxUjrrb got RS_FULL_CONTENT but no blocks received yet
[2026-08-27 14:58:35][debug][GraphsyncDAGSyncer] request progress: code=FULL_CONTENT, extensions=(graphsync/response-metadata: 0x80) (graphsync/do-not-send-cids: 0x80) 
[2026-08-27 14:58:35][debug][GraphsyncDAGSyncer] HasBlock: false, cid: QmUPohgBwrfCfqy1Ke22f5juEMEyugrV5zPwnYWtxUjrrb
[2026-08-27 14:58:35][debug][GraphsyncDAGSyncer] Existing block updated in LRU cache: CID QmUPohgBwrfCfqy1Ke22f5juEMEyugrV5zPwnYWtxUjrrb
[2026-08-27 14:58:35][debug][GraphsyncDAGSyncer] Node added to dagService. CID: QmUPohgBwrfCfqy1Ke22f5juEMEyugrV5zPwnYWtxUjrrb, links: []
[2026-08-27 14:58:35][debug][GraphsyncDAGSyncer] Seeing if peer 12D3KooWFPhqXykmqBCMgarFyawfpQfiX4oRLmgrzDfmUPgdAnJS has links to AddRoute
[2026-08-27 14:58:35][info][GraphsyncDAGSyncer] TraverseCIDsLinks: Checking links on { cid="QmUPohgBwrfCfqy1Ke22f5juEMEyugrV5zPwnYWtxUjrrb", name="" }
[2026-08-27 14:58:35][info][GraphsyncDAGSyncer] TraverseCIDsLinks: Completed traversal. Links to fetch: 0, Visited: 0
[2026-08-27 14:58:35][debug][GraphsyncDAGSyncer] Return node for CID Qmf3dGFd6YyB9k7JLcNruzdr6eJ4F9rLqeM8Eguj3N7oih instance=5292218200
[2026-08-27 14:58:35][error][ConsensusManager] FilterCertificate: higher serialized certificate hash rejected key=/cert/mint-v2:test:0000000000000000000000000000000000000000000000000000000000000000:42:dd0936f5d493df98978b7d2c4f921aaad6b52ba9ae96bbda5914c8e91b3fe96b8ed4fd5bbea88c8a1296dce3b3c0d6ac0c905041a5e1498370e132c462e9d767:cccccccccccccccccccccccccccccccccccccccccccccccccccccccccccccccc
[2026-08-27 14:58:35][debug][GraphsyncDAGSyncer] addNode: Added node Qmf3dGFd6YyB9k7JLcNruzdr6eJ4F9rLqeM8Eguj3N7oih on dagService 
[2026-08-27 14:58:35][debug][GraphsyncDAGSyncer] Block removed from LRU cache: CID Qmf3dGFd6YyB9k7JLcNruzdr6eJ4F9rLqeM8Eguj3N7oih
[2026-08-27 14:58:35][debug][GraphsyncDAGSyncer] Block initialized without content to LRU cache: CID QmUPohgBwrfCfqy1Ke22f5juEMEyugrV5zPwnYWtxUjrrb, cache size: 1
[2026-08-27 14:58:35][debug][GraphsyncDAGSyncer] Requesting Node QmUPohgBwrfCfqy1Ke22f5juEMEyugrV5zPwnYWtxUjrrb on this 5291298280
[2026-08-27 14:58:35][debug][GraphsyncDAGSyncer] Return node for CID QmUPohgBwrfCfqy1Ke22f5juEMEyugrV5zPwnYWtxUjrrb instance=5292218200
[2026-08-27 14:58:35.565026000][th:87985591][warning] graphsync Request 1 for CID QmUPohgBwrfCfqy1Ke22f5juEMEyugrV5zPwnYWtxUjrrb got RS_FULL_CONTENT but no blocks received yet
[2026-08-27 14:58:35][debug][GraphsyncDAGSyncer] request progress: code=FULL_CONTENT, extensions=(graphsync/response-metadata: 0x80) (graphsync/do-not-send-cids: 0x80) 
[2026-08-27 14:58:35][debug][GraphsyncDAGSyncer] HasBlock: false, cid: QmUPohgBwrfCfqy1Ke22f5juEMEyugrV5zPwnYWtxUjrrb
[2026-08-27 14:58:35][debug][GraphsyncDAGSyncer] Existing block updated in LRU cache: CID QmUPohgBwrfCfqy1Ke22f5juEMEyugrV5zPwnYWtxUjrrb
[2026-08-27 14:58:35][debug][GraphsyncDAGSyncer] Node added to dagService. CID: QmUPohgBwrfCfqy1Ke22f5juEMEyugrV5zPwnYWtxUjrrb, links: []
[2026-08-27 14:58:35][debug][GraphsyncDAGSyncer] Seeing if peer 12D3KooWFPhqXykmqBCMgarFyawfpQfiX4oRLmgrzDfmUPgdAnJS has links to AddRoute
[2026-08-27 14:58:35][info][GraphsyncDAGSyncer] TraverseCIDsLinks: Checking links on { cid="QmUPohgBwrfCfqy1Ke22f5juEMEyugrV5zPwnYWtxUjrrb", name="" }
[2026-08-27 14:58:35][info][GraphsyncDAGSyncer] TraverseCIDsLinks: Completed traversal. Links to fetch: 0, Visited: 0
[2026-08-27 14:58:35][debug][GraphsyncDAGSyncer] Return node for CID QmUPohgBwrfCfqy1Ke22f5juEMEyugrV5zPwnYWtxUjrrb instance=5291257432
[2026-08-27 14:58:35][info][CRDTCallbackManager] Executing callback for key '/cert/mint-v2:test:0000000000000000000000000000000000000000000000000000000000000000:42:dd0936f5d493df98978b7d2c4f921aaad6b52ba9ae96bbda5914c8e91b3fe96b8ed4fd5bbea88c8a1296dce3b3c0d6ac0c905041a5e1498370e132c462e9d767:cccccccccccccccccccccccccccccccccccccccccccccccccccccccccccccccc' matching pattern '^/?cert/[^/]+'
[2026-08-27 14:58:35][debug][GraphsyncDAGSyncer] addNode: Added node QmUPohgBwrfCfqy1Ke22f5juEMEyugrV5zPwnYWtxUjrrb on dagService 
[2026-08-27 14:58:35][debug][GraphsyncDAGSyncer] Block removed from LRU cache: CID QmUPohgBwrfCfqy1Ke22f5juEMEyugrV5zPwnYWtxUjrrb
[2026-08-27 14:58:35][debug][GraphsyncDAGSyncer] Return node for CID QmUPohgBwrfCfqy1Ke22f5juEMEyugrV5zPwnYWtxUjrrb instance=5292290984
[2026-08-27 14:58:35][debug][GraphsyncDAGSyncer] Added route for CID Qmf3dGFd6YyB9k7JLcNruzdr6eJ4F9rLqeM8Eguj3N7oih to peer 12D3KooWRGmawwUF5iUdWjD9ST3zfVtVpGm2j2HgpAKc2ieEDXPC (key 2, route_count=1)
[2026-08-27 14:58:35][debug][GraphsyncDAGSyncer] Added route for CID Qmf3dGFd6YyB9k7JLcNruzdr6eJ4F9rLqeM8Eguj3N7oih to peer 12D3KooWRGmawwUF5iUdWjD9ST3zfVtVpGm2j2HgpAKc2ieEDXPC (key 1, route_count=1)
[2026-08-27 14:58:35][info][CRDTCallbackManager] Executing callback for key '/cert/mint-v2:test:0000000000000000000000000000000000000000000000000000000000000000:42:dd0936f5d493df98978b7d2c4f921aaad6b52ba9ae96bbda5914c8e91b3fe96b8ed4fd5bbea88c8a1296dce3b3c0d6ac0c905041a5e1498370e132c462e9d767:cccccccccccccccccccccccccccccccccccccccccccccccccccccccccccccccc' matching pattern '^/?cert/[^/]+'
[2026-08-27 14:58:35][debug][GraphsyncDAGSyncer] addNode: Added node QmUPohgBwrfCfqy1Ke22f5juEMEyugrV5zPwnYWtxUjrrb on dagService 
[2026-08-27 14:58:35][debug][GraphsyncDAGSyncer] Block removed from LRU cache: CID QmUPohgBwrfCfqy1Ke22f5juEMEyugrV5zPwnYWtxUjrrb
[2026-08-27 14:58:35][debug][GraphsyncDAGSyncer] Return node for CID QmUPohgBwrfCfqy1Ke22f5juEMEyugrV5zPwnYWtxUjrrb instance=5291298280
[2026-08-27 14:58:35][info][CRDTCallbackManager] Executing callback for key '/cert/mint-v2:test:0000000000000000000000000000000000000000000000000000000000000000:42:dd0936f5d493df98978b7d2c4f921aaad6b52ba9ae96bbda5914c8e91b3fe96b8ed4fd5bbea88c8a1296dce3b3c0d6ac0c905041a5e1498370e132c462e9d767:cccccccccccccccccccccccccccccccccccccccccccccccccccccccccccccccc' matching pattern '^/?cert/[^/]+'
[2026-08-27 14:58:35][info][UTXOManager] Created checkpoint owner=9f2254fa1c738b78795fa054fd75d2477b9d3c03f5c2c49d1b4b94ae0a7405c7d37cc1c39a4e47b376bfff65c1a4112f79a8ed3ec7235146af9a7ebef98cf7d1 epoch=1 utxo_count=0
[2026-08-27 14:58:35][debug][GraphsyncDAGSyncer] addNode: Added node QmUPohgBwrfCfqy1Ke22f5juEMEyugrV5zPwnYWtxUjrrb on dagService 
[2026-08-27 14:58:35][debug][GraphsyncDAGSyncer] Block removed from LRU cache: CID QmUPohgBwrfCfqy1Ke22f5juEMEyugrV5zPwnYWtxUjrrb
[2026-08-27 14:58:36][debug][GraphsyncDAGSyncer] Block initialized without content to LRU cache: CID Qmf3dGFd6YyB9k7JLcNruzdr6eJ4F9rLqeM8Eguj3N7oih, cache size: 2
[2026-08-27 14:58:36][debug][GraphsyncDAGSyncer] Requesting Node Qmf3dGFd6YyB9k7JLcNruzdr6eJ4F9rLqeM8Eguj3N7oih on this 5292290984
[2026-08-27 14:58:36][debug][GraphsyncDAGSyncer] Block initialized without content to LRU cache: CID Qmf3dGFd6YyB9k7JLcNruzdr6eJ4F9rLqeM8Eguj3N7oih, cache size: 1
[2026-08-27 14:58:36][debug][GraphsyncDAGSyncer] Requesting Node Qmf3dGFd6YyB9k7JLcNruzdr6eJ4F9rLqeM8Eguj3N7oih on this 5291298280
[2026-08-27 14:58:36][debug][GraphsyncDAGSyncer] Return node for CID Qmf3dGFd6YyB9k7JLcNruzdr6eJ4F9rLqeM8Eguj3N7oih instance=5291257432
[2026-08-27 14:58:36][debug][GraphsyncDAGSyncer] Return node for CID Qmf3dGFd6YyB9k7JLcNruzdr6eJ4F9rLqeM8Eguj3N7oih instance=5291257432
[2026-08-27 14:58:36.095054000][th:87985401][warning] graphsync Request 3 for CID Qmf3dGFd6YyB9k7JLcNruzdr6eJ4F9rLqeM8Eguj3N7oih got RS_FULL_CONTENT but no blocks received yet
[2026-08-27 14:58:36][debug][GraphsyncDAGSyncer] request progress: code=FULL_CONTENT, extensions=(graphsync/response-metadata: 0x80) (graphsync/do-not-send-cids: 0x80) 
[2026-08-27 14:58:36][debug][GraphsyncDAGSyncer] HasBlock: false, cid: Qmf3dGFd6YyB9k7JLcNruzdr6eJ4F9rLqeM8Eguj3N7oih
[2026-08-27 14:58:36][debug][GraphsyncDAGSyncer] Existing block updated in LRU cache: CID Qmf3dGFd6YyB9k7JLcNruzdr6eJ4F9rLqeM8Eguj3N7oih
[2026-08-27 14:58:36][debug][GraphsyncDAGSyncer] Node added to dagService. CID: Qmf3dGFd6YyB9k7JLcNruzdr6eJ4F9rLqeM8Eguj3N7oih, links: []
[2026-08-27 14:58:36.095158000][th:87985591][warning] graphsync Request 2 for CID Qmf3dGFd6YyB9k7JLcNruzdr6eJ4F9rLqeM8Eguj3N7oih got RS_FULL_CONTENT but no blocks received yet
[2026-08-27 14:58:36][debug][GraphsyncDAGSyncer] Seeing if peer 12D3KooWRGmawwUF5iUdWjD9ST3zfVtVpGm2j2HgpAKc2ieEDXPC has links to AddRoute
[2026-08-27 14:58:36][debug][GraphsyncDAGSyncer] request progress: code=FULL_CONTENT, extensions=(graphsync/do-not-send-cids: 0x80) (graphsync/response-metadata: 0x80) 
[2026-08-27 14:58:36][info][GraphsyncDAGSyncer] TraverseCIDsLinks: Checking links on { cid="Qmf3dGFd6YyB9k7JLcNruzdr6eJ4F9rLqeM8Eguj3N7oih", name="" }
[2026-08-27 14:58:36][info][GraphsyncDAGSyncer] TraverseCIDsLinks: Completed traversal. Links to fetch: 0, Visited: 0
[2026-08-27 14:58:36][debug][GraphsyncDAGSyncer] HasBlock: false, cid: Qmf3dGFd6YyB9k7JLcNruzdr6eJ4F9rLqeM8Eguj3N7oih
[2026-08-27 14:58:36][debug][GraphsyncDAGSyncer] Existing block updated in LRU cache: CID Qmf3dGFd6YyB9k7JLcNruzdr6eJ4F9rLqeM8Eguj3N7oih
[2026-08-27 14:58:36][debug][GraphsyncDAGSyncer] Node added to dagService. CID: Qmf3dGFd6YyB9k7JLcNruzdr6eJ4F9rLqeM8Eguj3N7oih, links: []
[2026-08-27 14:58:36][debug][GraphsyncDAGSyncer] Seeing if peer 12D3KooWRGmawwUF5iUdWjD9ST3zfVtVpGm2j2HgpAKc2ieEDXPC has links to AddRoute
[2026-08-27 14:58:36][info][GraphsyncDAGSyncer] TraverseCIDsLinks: Checking links on { cid="Qmf3dGFd6YyB9k7JLcNruzdr6eJ4F9rLqeM8Eguj3N7oih", name="" }
[2026-08-27 14:58:36][info][GraphsyncDAGSyncer] TraverseCIDsLinks: Completed traversal. Links to fetch: 0, Visited: 0
[2026-08-27 14:58:36][info][UTXOManager] Created checkpoint owner=6da2698363c347757774ad696d88e9876c23beb76206af30cb8348cb9909f263d8816061ea1bdf2fb4edc223cf2a3f689cceeb041358ab4be2ea59f3f7421457 epoch=1 utxo_count=0
[2026-08-27 14:58:36][info][UTXOManager] Stored 1 UTXOs for address dd0936f5d493df98978b7d2c4f921aaad6b52ba9ae96bbda5914c8e91b3fe96b8ed4fd5bbea88c8a1296dce3b3c0d6ac0c905041a5e1498370e132c462e9d767
[2026-08-27 14:58:36][info][UTXOManager] Stored 2 UTXOs for address dd0936f5d493df98978b7d2c4f921aaad6b52ba9ae96bbda5914c8e91b3fe96b8ed4fd5bbea88c8a1296dce3b3c0d6ac0c905041a5e1498370e132c462e9d767
[2026-08-27 14:58:36][info][TransactionManager] [f91ec397 - full: false] Created tokens (mint-v2), amount 42 balance 0
[2026-08-27 14:58:36][info][TransactionManager] [f91ec397 - full: false] ChangeTransactionState: Tracking entry confirmed tx=6b543ee3f5f28602dfe9dade8126dd2665ef1af3f4a9916acb1c24e8948cc0ed
[2026-08-27 14:58:36][info][UTXOManager] Created checkpoint owner=f91ec3975e906e9aa6ad7f7be991f397b96454f0930746a2f6f12beb43361b4d20501f704d000de04dbcdb7e6d246524fe09d34e58aeae4b62325e23b9e96453 epoch=1 utxo_count=0
[2026-08-27 14:58:36][debug][GraphsyncDAGSyncer] Return node for CID Qmf3dGFd6YyB9k7JLcNruzdr6eJ4F9rLqeM8Eguj3N7oih instance=5292290984
[2026-08-27 14:58:36][error][ConsensusManager] FilterCertificate: higher serialized certificate hash rejected key=/cert/mint-v2:test:0000000000000000000000000000000000000000000000000000000000000000:42:dd0936f5d493df98978b7d2c4f921aaad6b52ba9ae96bbda5914c8e91b3fe96b8ed4fd5bbea88c8a1296dce3b3c0d6ac0c905041a5e1498370e132c462e9d767:cccccccccccccccccccccccccccccccccccccccccccccccccccccccccccccccc
[2026-08-27 14:58:36][debug][GraphsyncDAGSyncer] addNode: Added node Qmf3dGFd6YyB9k7JLcNruzdr6eJ4F9rLqeM8Eguj3N7oih on dagService 
[2026-08-27 14:58:36][debug][GraphsyncDAGSyncer] Block removed from LRU cache: CID Qmf3dGFd6YyB9k7JLcNruzdr6eJ4F9rLqeM8Eguj3N7oih
[2026-08-27 14:58:36][debug][GraphsyncDAGSyncer] Return node for CID Qmf3dGFd6YyB9k7JLcNruzdr6eJ4F9rLqeM8Eguj3N7oih instance=5291298280
[2026-08-27 14:58:36][error][ConsensusManager] FilterCertificate: higher serialized certificate hash rejected key=/cert/mint-v2:test:0000000000000000000000000000000000000000000000000000000000000000:42:dd0936f5d493df98978b7d2c4f921aaad6b52ba9ae96bbda5914c8e91b3fe96b8ed4fd5bbea88c8a1296dce3b3c0d6ac0c905041a5e1498370e132c462e9d767:cccccccccccccccccccccccccccccccccccccccccccccccccccccccccccccccc
[2026-08-27 14:58:36][debug][GraphsyncDAGSyncer] addNode: Added node Qmf3dGFd6YyB9k7JLcNruzdr6eJ4F9rLqeM8Eguj3N7oih on dagService 
[2026-08-27 14:58:36][debug][GraphsyncDAGSyncer] Block removed from LRU cache: CID Qmf3dGFd6YyB9k7JLcNruzdr6eJ4F9rLqeM8Eguj3N7oih
[2026-08-27 14:58:36][info][CRDTCallbackManager] Successfully unregistered new data callback for pattern: '^/?/bc-144/tx/[^/]+'
[2026-08-27 14:58:36][info][CRDTCallbackManager] Successfully unregistered deleted data callback for pattern: '^/?/bc-144/tx/[^/]+'
[2026-08-27 14:58:36][info][CRDTCallbackManager] Successfully unregistered new data callback for pattern: '^/?/bc-963/tx/[^/]+'
[2026-08-27 14:58:36][info][CRDTCallbackManager] Successfully unregistered deleted data callback for pattern: '^/?/bc-963/tx/[^/]+'
[2026-08-27 14:58:36][info][CRDTCallbackManager] Successfully unregistered new data callback for pattern: '^/?/bc-369/tx/[^/]+'
[2026-08-27 14:58:36][info][CRDTCallbackManager] Successfully unregistered deleted data callback for pattern: '^/?/bc-369/tx/[^/]+'
[2026-08-27 14:58:36][info][TransactionManager] [dd0936f5 - full: false] ~TransactionManager: Metrics — cert_fallback(success=0 failure=0) validation(approve=1 reject=0) tracking(insert=1 confirm=1 fail=0)
[2026-08-27 14:58:36][info][Blockchain] [dd0936f5] Stopping blockchain
[2026-08-27 14:58:36][info][CRDTCallbackManager] Successfully unregistered new data callback for pattern: '/?gnus-genesis-block'
[2026-08-27 14:58:36][info][CRDTCallbackManager] Successfully unregistered new data callback for pattern: '/?gnus-account-creation-.*'
[2026-08-27 14:58:36][info][CRDTCallbackManager] Successfully unregistered new data callback for pattern: '/?gnus-validator-registry'
[2026-08-27 14:58:36.208493000][th:87985308][error] GossipPubSub Address monitoring timer error: Operation canceled
[2026-08-27 14:58:36][error][PubSubBroadcasterExt] No message to process
[2026-08-27 14:58:36][error][PubSubBroadcasterExt] No message to process
[2026-08-27 14:58:36.208593000][th:87985308][error] graphsync Varint Error msg=Connection: closed by this host
[2026-08-27 14:58:36.208597000][th:87985308][info] graphsync stream read error, peer=4PrxBT, msg=stream is not readable
[2026-08-27 14:58:36.208615000][th:87985308][error] graphsync Varint Error msg=Connection: closed by this host
[2026-08-27 14:58:36.208618000][th:87985308][info] graphsync stream read error, peer=eEDXPC, msg=stream is not readable
[2026-08-27 14:58:36.208633000][th:87985308][error] graphsync Varint Error msg=Connection: closed by this host
[2026-08-27 14:58:36.208635000][th:87985308][info] graphsync stream read error, peer=ARrzHf, msg=stream is not readable
[2026-08-27 14:58:37][debug][GlobalDB] ~GlobalDB CALLED with count 6 on multi_node_finality_fault/publisher-loss-validator-one/rocksdb 
[2026-08-27 14:58:37][info][GlobalDB] GlobalDB shutdown start
[2026-08-27 14:58:37][info][CrdtDatastore] CancelAndCloseNow: begin (pending_jobs=2, self_queue=0, root_queue=0, pending_roots=0, active_root=false)
[2026-08-27 14:58:37][debug][GraphsyncDAGSyncer] Stopping Dagsyncer
[2026-08-27 14:58:37][debug][GraphsyncDAGSyncer] Dagsyncer Stopped
[2026-08-27 14:58:37][info][CrdtDatastore] CancelAndCloseNow: CRDT workers stopped
[2026-08-27 14:58:37][warning][CrdtDatastore] CancelAndCloseNow called but shutdown has already started
[2026-08-27 14:58:37][debug][GraphsyncDAGSyncer] ~GraphsyncDAGSyncer CALLED
[2026-08-27 14:58:37.458123000][th:87985336][error] graphsync Varint Error msg=Connection reset by peer
[2026-08-27 14:58:37.458137000][th:87985336][info] graphsync stream read error, peer=gdAnJS, msg=stream is not readable
[2026-08-27 14:58:37][info][GlobalDB] GlobalDB shutdown finished
[2026-08-27 14:58:37.458157000][th:87985591][error] graphsync Varint Error msg=Connection reset by peer
[2026-08-27 14:58:37.458187000][th:87985401][error] graphsync Varint Error msg=Connection reset by peer
[2026-08-27 14:58:37.458205000][th:87985401][info] graphsync stream read error, peer=gdAnJS, msg=stream is not readable
[2026-08-27 14:58:37.458200000][th:87985591][info] graphsync stream read error, peer=gdAnJS, msg=stream is not readable
[2026-08-27 14:58:37][info][KeyPairFileStorage] Path to keypairs multi_node_finality_fault/publisher-loss-validator-one/keypair
[2026-08-27 14:58:37][info][KeyPairFileStorage] Peer ID from public key: 12D3KooWFPhqXykmqBCMgarFyawfpQfiX4oRLmgrzDfmUPgdAnJS
Current limits: 16384 (soft), 9223372036854775807 (hard)
New limits set successfully: 16384 (soft), 9223372036854775807 (hard)
Initialized relay addresses
[2026-08-27 14:58:37.459895000][th:87985278][info] GossipPubSub /ip4/0.0.0.0/tcp/54631/p2p/12D3KooWFPhqXykmqBCMgarFyawfpQfiX4oRLmgrzDfmUPgdAnJS: Starting PubSub service
[2026-08-27 14:58:37.459950000][th:87985658][info] GossipPubSub Starting address monitoring system for mobile network changes
[2026-08-27 14:58:37.459954000][th:87985658][info] GossipPubSub === CURRENT NETWORK STATE ===
[2026-08-27 14:58:37.459961000][th:87985658][info] GossipPubSub Primary listening address: /ip4/0.0.0.0/tcp/54631/p2p/12D3KooWFPhqXykmqBCMgarFyawfpQfiX4oRLmgrzDfmUPgdAnJS
[2026-08-27 14:58:37.459964000][th:87985658][info] GossipPubSub Host peer info addresses (0):
[2026-08-27 14:58:37.459967000][th:87985658][info] GossipPubSub Additional addresses we track (0):
[2026-08-27 14:58:37.459970000][th:87985658][info] GossipPubSub Listening addresses (1):
[2026-08-27 14:58:37.459972000][th:87985658][info] GossipPubSub   -> /ip4/0.0.0.0/tcp/54631/p2p/12D3KooWFPhqXykmqBCMgarFyawfpQfiX4oRLmgrzDfmUPgdAnJS
[2026-08-27 14:58:37.459975000][th:87985658][info] GossipPubSub Interface addresses (0):
[2026-08-27 14:58:37.459977000][th:87985658][info] GossipPubSub === RAW OBSERVED ADDRESS DEBUG ===
[2026-08-27 14:58:37.459981000][th:87985658][info] GossipPubSub Local address: /ip4/0.0.0.0/tcp/54631/p2p/12D3KooWFPhqXykmqBCMgarFyawfpQfiX4oRLmgrzDfmUPgdAnJS -> 0 raw observed, 0 activated+confirmed
[2026-08-27 14:58:37.459984000][th:87985658][info] GossipPubSub TOTAL: 0 raw observed addresses, 0 activated+confirmed addresses
[2026-08-27 14:58:37.459986000][th:87985658][info] GossipPubSub === END RAW OBSERVED ADDRESS DEBUG ===
[2026-08-27 14:58:37.459989000][th:87985658][info] GossipPubSub Observed addresses - all (0):
[2026-08-27 14:58:37.459991000][th:87985658][info] GossipPubSub Observed addresses - confirmed only (0):
[2026-08-27 14:58:37.459993000][th:87985658][info] GossipPubSub Relay addresses (0):
[2026-08-27 14:58:37.459997000][th:87985658][warning] GossipPubSub Failed to get addresses from peer repository: not found
[2026-08-27 14:58:37.460026000][th:87985658][info] GossipPubSub Found 1 valid network interfaces
[2026-08-27 14:58:37.460028000][th:87985658][info] GossipPubSub Current network interfaces (1):
[2026-08-27 14:58:37.460030000][th:87985658][info] GossipPubSub   -> 192.168.1.6
[2026-08-27 14:58:37.460032000][th:87985658][info] GossipPubSub Active connections: 0
[2026-08-27 14:58:37.460034000][th:87985658][info] GossipPubSub === PEER CONNECTION DETAILS ===
[2026-08-27 14:58:37.460036000][th:87985658][info] GossipPubSub NOTE: Observed addresses need to be seen by 4+ different peer groups to become 'activated'
[2026-08-27 14:58:37.460038000][th:87985658][info] GossipPubSub NOTE: Current connections: 0, so max possible observers: 0
[2026-08-27 14:58:37.460040000][th:87985658][info] GossipPubSub === END PEER CONNECTION DETAILS ===
[2026-08-27 14:58:37.460042000][th:87985658][info] GossipPubSub Connection manager stats:
[2026-08-27 14:58:37.460044000][th:87985658][info] GossipPubSub   -> Max connections: 1000
[2026-08-27 14:58:37.460046000][th:87985658][info] GossipPubSub   -> Current connections: 0
[2026-08-27 14:58:37.460048000][th:87985658][info] GossipPubSub === END NETWORK STATE ===
[2026-08-27 14:58:37.460142000][th:87985658][info] GossipPubSub /ip4/0.0.0.0/tcp/54631/p2p/12D3KooWFPhqXykmqBCMgarFyawfpQfiX4oRLmgrzDfmUPgdAnJS : PubSub service started
[2026-08-27 14:58:37][info][GlobalDB] Opening database /Users/henriqueklein/gnus/SuperGenius/multi_node_finality_fault/publisher-loss-validator-one/rocksdb
[2026-08-27 14:58:37][debug][GraphsyncDAGSyncer] GraphSyncer created 5311240488 
[2026-08-27 14:58:37][info][CrdtDatastore] crdt Datastore created. Number of heads: 3 Current max-height: 18446744073709551615
[2026-08-27 14:58:37][info][GeniusAccount] Secure storage ID path: /Users/henriqueklein/gnus/SuperGenius/multi_node_finality_fault/publisher-loss-validator-one/account/secure_storage_id
[2026-08-27 14:58:37][info][GeniusAccount] Loaded public key from file: dd0936f5d493df98... (length: 128)
[2026-08-27 14:58:37][info][GeniusAccount] Successfully loaded key_seed from storage
[2026-08-27 14:58:37][info][GeniusAccount] Validation successful: key_seed matches stored public key
[2026-08-27 14:58:37][warning][UTXOManager] Skipping malformed UTXO key /utxo-checkpoint/dd0936f5d493df98978b7d2c4f921aaad6b52ba9ae96bbda5914c8e91b3fe96b8ed4fd5bbea88c8a1296dce3b3c0d6ac0c905041a5e1498370e132c462e9d767/1
[2026-08-27 14:58:37][warning][UTXOManager] Skipping malformed UTXO key /utxo-checkpoint/dd0936f5d493df98978b7d2c4f921aaad6b52ba9ae96bbda5914c8e91b3fe96b8ed4fd5bbea88c8a1296dce3b3c0d6ac0c905041a5e1498370e132c462e9d767/latest
[2026-08-27 14:58:37][info][Blockchain] [dd0936f5] Blockchain instance created with authorized full node: 8a33bdf1
[2026-08-27 14:58:37][info][ValidatorRegistry] InitializeCache: cache initialized with CID QmZtNY3BZfFh4HqdabKSRFkn4NZyNYoTanzeFuKViNdYF9
[2026-08-27 14:58:37][info][CRDTCallbackManager] Successfully registered new data callback for pattern: '/?gnus-validator-registry'
[2026-08-27 14:58:37][info][ValidatorRegistry] RegisterFilter: result=true
[2026-08-27 14:58:37][info][ValidatorRegistry] New: instance ready
[2026-08-27 14:58:37.487367000][th:87985658][info] GossipPubSub /ip4/0.0.0.0/tcp/54631/p2p/12D3KooWFPhqXykmqBCMgarFyawfpQfiX4oRLmgrzDfmUPgdAnJS: PubSub subscribed to topic 'gnus-validator-registry.3.7.144'
[2026-08-27 14:58:37][info][CRDTCallbackManager] Successfully registered new data callback for pattern: '^/?cert/[^/]+'
[2026-08-27 14:58:37.487390000][th:87985658][info] GossipPubSub /ip4/0.0.0.0/tcp/54631/p2p/12D3KooWFPhqXykmqBCMgarFyawfpQfiX4oRLmgrzDfmUPgdAnJS: PubSub subscribed to topic 'consensus-channel-.3.7.144'
[2026-08-27 14:58:37.487410000][th:87985658][info] GossipPubSub /ip4/0.0.0.0/tcp/54631/p2p/12D3KooWFPhqXykmqBCMgarFyawfpQfiX4oRLmgrzDfmUPgdAnJS: PubSub subscribed to topic 'consensus-channel-.3.7.144#datastore.3.7.144'
[2026-08-27 14:58:37][info][CRDTCallbackManager] Successfully registered new data callback for pattern: '/?gnus-genesis-block'
[2026-08-27 14:58:37][info][CRDTCallbackManager] Successfully registered new data callback for pattern: '/?gnus-account-creation-.*'
[2026-08-27 14:58:37][info][CRDTCallbackManager] Successfully registered new data callback for pattern: '^/?/bc-144/tx/[^/]+'
[2026-08-27 14:58:37][info][CRDTCallbackManager] Successfully registered deleted data callback for pattern: '^/?/bc-144/tx/[^/]+'
[2026-08-27 14:58:37][info][CRDTCallbackManager] Successfully registered new data callback for pattern: '^/?/bc-963/tx/[^/]+'
[2026-08-27 14:58:37][info][CRDTCallbackManager] Successfully registered deleted data callback for pattern: '^/?/bc-963/tx/[^/]+'
[2026-08-27 14:58:37][info][CRDTCallbackManager] Successfully registered new data callback for pattern: '^/?/bc-369/tx/[^/]+'
[2026-08-27 14:58:37][info][CRDTCallbackManager] Successfully registered deleted data callback for pattern: '^/?/bc-369/tx/[^/]+'
[2026-08-27 14:58:37][info][CRDTCallbackManager] Successfully unregistered new data callback for pattern: '^/?/bc-144/tx/[^/]+'
[2026-08-27 14:58:37][info][CRDTCallbackManager] Successfully unregistered deleted data callback for pattern: '^/?/bc-144/tx/[^/]+'
[2026-08-27 14:58:37][info][CRDTCallbackManager] Successfully unregistered new data callback for pattern: '^/?/bc-963/tx/[^/]+'
[2026-08-27 14:58:37][info][CRDTCallbackManager] Successfully unregistered deleted data callback for pattern: '^/?/bc-963/tx/[^/]+'
[2026-08-27 14:58:37][info][CRDTCallbackManager] Successfully unregistered new data callback for pattern: '^/?/bc-369/tx/[^/]+'
[2026-08-27 14:58:37][info][CRDTCallbackManager] Successfully unregistered deleted data callback for pattern: '^/?/bc-369/tx/[^/]+'
[2026-08-27 14:58:37][info][TransactionManager] [9f2254fa - full: false] ~TransactionManager: Metrics — cert_fallback(success=0 failure=0) validation(approve=1 reject=0) tracking(insert=1 confirm=1 fail=0)
[2026-08-27 14:58:37][info][Blockchain] [9f2254fa] Stopping blockchain
[2026-08-27 14:58:37][info][CRDTCallbackManager] Successfully unregistered new data callback for pattern: '/?gnus-genesis-block'
[2026-08-27 14:58:37][info][CRDTCallbackManager] Successfully unregistered new data callback for pattern: '/?gnus-account-creation-.*'
[2026-08-27 14:58:37][info][CRDTCallbackManager] Successfully unregistered new data callback for pattern: '/?gnus-validator-registry'
[2026-08-27 14:58:37.487567000][th:87985336][error] GossipPubSub Address monitoring timer error: Operation canceled
[2026-08-27 14:58:37][error][PubSubBroadcasterExt] No message to process
[2026-08-27 14:58:37][error][PubSubBroadcasterExt] No message to process
[2026-08-27 14:58:37.487653000][th:87985336][error] graphsync Varint Error msg=Connection: closed by this host
[2026-08-27 14:58:37.487657000][th:87985336][info] graphsync stream read error, peer=ARrzHf, msg=stream is not readable
[2026-08-27 14:58:37.487677000][th:87985336][error] graphsync Varint Error msg=Connection: closed by this host
[2026-08-27 14:58:37.487680000][th:87985336][info] graphsync stream read error, peer=4PrxBT, msg=stream is not readable
[2026-08-27 14:58:38][debug][GlobalDB] ~GlobalDB CALLED with count 6 on multi_node_finality_fault/publisher-loss-validator-two/rocksdb 
[2026-08-27 14:58:38][info][GlobalDB] GlobalDB shutdown start
[2026-08-27 14:58:38][info][CrdtDatastore] CancelAndCloseNow: begin (pending_jobs=3, self_queue=0, root_queue=0, pending_roots=0, active_root=false)
[2026-08-27 14:58:38][debug][GraphsyncDAGSyncer] Stopping Dagsyncer
[2026-08-27 14:58:38][debug][GraphsyncDAGSyncer] Dagsyncer Stopped
[2026-08-27 14:58:38][info][CrdtDatastore] CancelAndCloseNow: CRDT workers stopped
[2026-08-27 14:58:38][warning][CrdtDatastore] CancelAndCloseNow called but shutdown has already started
[2026-08-27 14:58:38][debug][GraphsyncDAGSyncer] ~GraphsyncDAGSyncer CALLED
[2026-08-27 14:58:38.993044000][th:87985591][error] graphsync Varint Error msg=Connection reset by peer
[2026-08-27 14:58:38.993066000][th:87985591][info] graphsync stream read error, peer=eEDXPC, msg=stream is not readable
[2026-08-27 14:58:38][info][GlobalDB] GlobalDB shutdown finished
[2026-08-27 14:58:38.993085000][th:87985401][error] graphsync Varint Error msg=Connection reset by peer
[2026-08-27 14:58:38.993121000][th:87985401][info] graphsync stream read error, peer=eEDXPC, msg=stream is not readable
[2026-08-27 14:58:38][info][KeyPairFileStorage] Path to keypairs multi_node_finality_fault/publisher-loss-validator-two/keypair
[2026-08-27 14:58:38][info][KeyPairFileStorage] Peer ID from public key: 12D3KooWRGmawwUF5iUdWjD9ST3zfVtVpGm2j2HgpAKc2ieEDXPC
Current limits: 16384 (soft), 9223372036854775807 (hard)
New limits set successfully: 16384 (soft), 9223372036854775807 (hard)
Initialized relay addresses
[2026-08-27 14:58:38.995392000][th:87985278][info] GossipPubSub /ip4/0.0.0.0/tcp/54632/p2p/12D3KooWRGmawwUF5iUdWjD9ST3zfVtVpGm2j2HgpAKc2ieEDXPC: Starting PubSub service
[2026-08-27 14:58:38.995446000][th:87985698][info] GossipPubSub Starting address monitoring system for mobile network changes
[2026-08-27 14:58:38.995449000][th:87985698][info] GossipPubSub === CURRENT NETWORK STATE ===
[2026-08-27 14:58:38.995457000][th:87985698][info] GossipPubSub Primary listening address: /ip4/0.0.0.0/tcp/54632/p2p/12D3KooWRGmawwUF5iUdWjD9ST3zfVtVpGm2j2HgpAKc2ieEDXPC
[2026-08-27 14:58:38.995460000][th:87985698][info] GossipPubSub Host peer info addresses (0):
[2026-08-27 14:58:38.995463000][th:87985698][info] GossipPubSub Additional addresses we track (0):
[2026-08-27 14:58:38.995465000][th:87985698][info] GossipPubSub Listening addresses (1):
[2026-08-27 14:58:38.995468000][th:87985698][info] GossipPubSub   -> /ip4/0.0.0.0/tcp/54632/p2p/12D3KooWRGmawwUF5iUdWjD9ST3zfVtVpGm2j2HgpAKc2ieEDXPC
[2026-08-27 14:58:38.995471000][th:87985698][info] GossipPubSub Interface addresses (0):
[2026-08-27 14:58:38.995473000][th:87985698][info] GossipPubSub === RAW OBSERVED ADDRESS DEBUG ===
[2026-08-27 14:58:38.995477000][th:87985698][info] GossipPubSub Local address: /ip4/0.0.0.0/tcp/54632/p2p/12D3KooWRGmawwUF5iUdWjD9ST3zfVtVpGm2j2HgpAKc2ieEDXPC -> 0 raw observed, 0 activated+confirmed
[2026-08-27 14:58:38.995480000][th:87985698][info] GossipPubSub TOTAL: 0 raw observed addresses, 0 activated+confirmed addresses
[2026-08-27 14:58:38.995482000][th:87985698][info] GossipPubSub === END RAW OBSERVED ADDRESS DEBUG ===
[2026-08-27 14:58:38.995484000][th:87985698][info] GossipPubSub Observed addresses - all (0):
[2026-08-27 14:58:38.995487000][th:87985698][info] GossipPubSub Observed addresses - confirmed only (0):
[2026-08-27 14:58:38.995489000][th:87985698][info] GossipPubSub Relay addresses (0):
[2026-08-27 14:58:38.995492000][th:87985698][warning] GossipPubSub Failed to get addresses from peer repository: not found
[2026-08-27 14:58:38.995520000][th:87985698][info] GossipPubSub Found 1 valid network interfaces
[2026-08-27 14:58:38.995523000][th:87985698][info] GossipPubSub Current network interfaces (1):
[2026-08-27 14:58:38.995525000][th:87985698][info] GossipPubSub   -> 192.168.1.6
[2026-08-27 14:58:38.995527000][th:87985698][info] GossipPubSub Active connections: 0
[2026-08-27 14:58:38.995529000][th:87985698][info] GossipPubSub === PEER CONNECTION DETAILS ===
[2026-08-27 14:58:38.995531000][th:87985698][info] GossipPubSub NOTE: Observed addresses need to be seen by 4+ different peer groups to become 'activated'
[2026-08-27 14:58:38.995533000][th:87985698][info] GossipPubSub NOTE: Current connections: 0, so max possible observers: 0
[2026-08-27 14:58:38.995535000][th:87985698][info] GossipPubSub === END PEER CONNECTION DETAILS ===
[2026-08-27 14:58:38.995536000][th:87985698][info] GossipPubSub Connection manager stats:
[2026-08-27 14:58:38.995538000][th:87985698][info] GossipPubSub   -> Max connections: 1000
[2026-08-27 14:58:38.995540000][th:87985698][info] GossipPubSub   -> Current connections: 0
[2026-08-27 14:58:38.995542000][th:87985698][info] GossipPubSub === END NETWORK STATE ===
[2026-08-27 14:58:38.995639000][th:87985698][info] GossipPubSub /ip4/0.0.0.0/tcp/54632/p2p/12D3KooWRGmawwUF5iUdWjD9ST3zfVtVpGm2j2HgpAKc2ieEDXPC : PubSub service started
[2026-08-27 14:58:38][info][GlobalDB] Opening database /Users/henriqueklein/gnus/SuperGenius/multi_node_finality_fault/publisher-loss-validator-two/rocksdb
[2026-08-27 14:58:39][debug][GraphsyncDAGSyncer] GraphSyncer created 5310605656 
[2026-08-27 14:58:39][info][CrdtDatastore] crdt Datastore created. Number of heads: 3 Current max-height: 18446744073709551615
[2026-08-27 14:58:39][info][GeniusAccount] Secure storage ID path: /Users/henriqueklein/gnus/SuperGenius/multi_node_finality_fault/publisher-loss-validator-two/account/secure_storage_id
[2026-08-27 14:58:39][info][GeniusAccount] Loaded public key from file: 9f2254fa1c738b78... (length: 128)
[2026-08-27 14:58:39][info][GeniusAccount] Successfully loaded key_seed from storage
[2026-08-27 14:58:39][info][GeniusAccount] Validation successful: key_seed matches stored public key
[2026-08-27 14:58:39][warning][UTXOManager] Skipping malformed UTXO key /utxo-checkpoint/9f2254fa1c738b78795fa054fd75d2477b9d3c03f5c2c49d1b4b94ae0a7405c7d37cc1c39a4e47b376bfff65c1a4112f79a8ed3ec7235146af9a7ebef98cf7d1/1
[2026-08-27 14:58:39][warning][UTXOManager] Skipping malformed UTXO key /utxo-checkpoint/9f2254fa1c738b78795fa054fd75d2477b9d3c03f5c2c49d1b4b94ae0a7405c7d37cc1c39a4e47b376bfff65c1a4112f79a8ed3ec7235146af9a7ebef98cf7d1/latest
[2026-08-27 14:58:39][info][Blockchain] [9f2254fa] Blockchain instance created with authorized full node: 8a33bdf1
[2026-08-27 14:58:39][info][ValidatorRegistry] InitializeCache: cache initialized with CID QmZtNY3BZfFh4HqdabKSRFkn4NZyNYoTanzeFuKViNdYF9
[2026-08-27 14:58:39][info][CRDTCallbackManager] Successfully registered new data callback for pattern: '/?gnus-validator-registry'
[2026-08-27 14:58:39][info][ValidatorRegistry] RegisterFilter: result=true
[2026-08-27 14:58:39][info][ValidatorRegistry] New: instance ready
[2026-08-27 14:58:39.025533000][th:87985698][info] GossipPubSub /ip4/0.0.0.0/tcp/54632/p2p/12D3KooWRGmawwUF5iUdWjD9ST3zfVtVpGm2j2HgpAKc2ieEDXPC: PubSub subscribed to topic 'gnus-validator-registry.3.7.144'
[2026-08-27 14:58:39][info][CRDTCallbackManager] Successfully registered new data callback for pattern: '^/?cert/[^/]+'
[2026-08-27 14:58:39.025558000][th:87985698][info] GossipPubSub /ip4/0.0.0.0/tcp/54632/p2p/12D3KooWRGmawwUF5iUdWjD9ST3zfVtVpGm2j2HgpAKc2ieEDXPC: PubSub subscribed to topic 'consensus-channel-.3.7.144'
[2026-08-27 14:58:39.025578000][th:87985698][info] GossipPubSub /ip4/0.0.0.0/tcp/54632/p2p/12D3KooWRGmawwUF5iUdWjD9ST3zfVtVpGm2j2HgpAKc2ieEDXPC: PubSub subscribed to topic 'consensus-channel-.3.7.144#datastore.3.7.144'
[2026-08-27 14:58:39][info][CRDTCallbackManager] Successfully registered new data callback for pattern: '/?gnus-genesis-block'
[2026-08-27 14:58:39][info][CRDTCallbackManager] Successfully registered new data callback for pattern: '/?gnus-account-creation-.*'
[2026-08-27 14:58:39][info][CRDTCallbackManager] Successfully registered new data callback for pattern: '^/?/bc-144/tx/[^/]+'
[2026-08-27 14:58:39][info][CRDTCallbackManager] Successfully registered deleted data callback for pattern: '^/?/bc-144/tx/[^/]+'
[2026-08-27 14:58:39][info][CRDTCallbackManager] Successfully registered new data callback for pattern: '^/?/bc-963/tx/[^/]+'
[2026-08-27 14:58:39][info][CRDTCallbackManager] Successfully registered deleted data callback for pattern: '^/?/bc-963/tx/[^/]+'
[2026-08-27 14:58:39][info][CRDTCallbackManager] Successfully registered new data callback for pattern: '^/?/bc-369/tx/[^/]+'
[2026-08-27 14:58:39][info][CRDTCallbackManager] Successfully registered deleted data callback for pattern: '^/?/bc-369/tx/[^/]+'
[2026-08-27 14:58:39][info][CRDTCallbackManager] Successfully unregistered new data callback for pattern: '^/?/bc-144/tx/[^/]+'
[2026-08-27 14:58:39][info][CRDTCallbackManager] Successfully unregistered deleted data callback for pattern: '^/?/bc-144/tx/[^/]+'
[2026-08-27 14:58:39][info][CRDTCallbackManager] Successfully unregistered new data callback for pattern: '^/?/bc-963/tx/[^/]+'
[2026-08-27 14:58:39][info][CRDTCallbackManager] Successfully unregistered deleted data callback for pattern: '^/?/bc-963/tx/[^/]+'
[2026-08-27 14:58:39][info][CRDTCallbackManager] Successfully unregistered new data callback for pattern: '^/?/bc-369/tx/[^/]+'
[2026-08-27 14:58:39][info][CRDTCallbackManager] Successfully unregistered deleted data callback for pattern: '^/?/bc-369/tx/[^/]+'
[2026-08-27 14:58:39][info][TransactionManager] [6da26983 - full: false] ~TransactionManager: Metrics — cert_fallback(success=1 failure=0) validation(approve=0 reject=0) tracking(insert=0 confirm=1 fail=0)
[2026-08-27 14:58:39][info][Blockchain] [6da26983] Stopping blockchain
[2026-08-27 14:58:39][info][CRDTCallbackManager] Successfully unregistered new data callback for pattern: '/?gnus-genesis-block'
[2026-08-27 14:58:39][info][CRDTCallbackManager] Successfully unregistered new data callback for pattern: '/?gnus-account-creation-.*'
[2026-08-27 14:58:39][info][CRDTCallbackManager] Successfully unregistered new data callback for pattern: '/?gnus-validator-registry'
[2026-08-27 14:58:39.025734000][th:87985591][error] GossipPubSub Address monitoring timer error: Operation canceled
[2026-08-27 14:58:39][error][PubSubBroadcasterExt] No message to process
[2026-08-27 14:58:39][error][PubSubBroadcasterExt] No message to process
[2026-08-27 14:58:40][debug][GlobalDB] ~GlobalDB CALLED with count 6 on multi_node_finality_fault/publisher-loss-validator-three/rocksdb 
[2026-08-27 14:58:40][info][GlobalDB] GlobalDB shutdown start
[2026-08-27 14:58:40][info][CrdtDatastore] CancelAndCloseNow: begin (pending_jobs=2, self_queue=0, root_queue=0, pending_roots=0, active_root=false)
[2026-08-27 14:58:40][debug][GraphsyncDAGSyncer] Stopping Dagsyncer
[2026-08-27 14:58:40][debug][GraphsyncDAGSyncer] Dagsyncer Stopped
[2026-08-27 14:58:40][info][CrdtDatastore] CancelAndCloseNow: CRDT workers stopped
[2026-08-27 14:58:40][warning][CrdtDatastore] CancelAndCloseNow called but shutdown has already started
[2026-08-27 14:58:40][debug][GraphsyncDAGSyncer] ~GraphsyncDAGSyncer CALLED
[2026-08-27 14:58:40][info][GlobalDB] GlobalDB shutdown finished
[2026-08-27 14:58:40][info][KeyPairFileStorage] Path to keypairs multi_node_finality_fault/publisher-loss-validator-three/keypair
[2026-08-27 14:58:40][info][KeyPairFileStorage] Peer ID from public key: 12D3KooWPpujJNd5m7WXsqakoGsFwFfLkr3k2J55BsvaUs4PrxBT
Current limits: 16384 (soft), 9223372036854775807 (hard)
New limits set successfully: 16384 (soft), 9223372036854775807 (hard)
Initialized relay addresses
[2026-08-27 14:58:40.099910000][th:87985278][info] GossipPubSub /ip4/0.0.0.0/tcp/54633/p2p/12D3KooWPpujJNd5m7WXsqakoGsFwFfLkr3k2J55BsvaUs4PrxBT: Starting PubSub service
[2026-08-27 14:58:40.099992000][th:87985728][info] GossipPubSub Starting address monitoring system for mobile network changes
[2026-08-27 14:58:40.099998000][th:87985728][info] GossipPubSub === CURRENT NETWORK STATE ===
[2026-08-27 14:58:40.100007000][th:87985728][info] GossipPubSub Primary listening address: /ip4/0.0.0.0/tcp/54633/p2p/12D3KooWPpujJNd5m7WXsqakoGsFwFfLkr3k2J55BsvaUs4PrxBT
[2026-08-27 14:58:40.100010000][th:87985728][info] GossipPubSub Host peer info addresses (0):
[2026-08-27 14:58:40.100013000][th:87985728][info] GossipPubSub Additional addresses we track (0):
[2026-08-27 14:58:40.100015000][th:87985728][info] GossipPubSub Listening addresses (1):
[2026-08-27 14:58:40.100018000][th:87985728][info] GossipPubSub   -> /ip4/0.0.0.0/tcp/54633/p2p/12D3KooWPpujJNd5m7WXsqakoGsFwFfLkr3k2J55BsvaUs4PrxBT
[2026-08-27 14:58:40.100020000][th:87985728][info] GossipPubSub Interface addresses (0):
[2026-08-27 14:58:40.100022000][th:87985728][info] GossipPubSub === RAW OBSERVED ADDRESS DEBUG ===
[2026-08-27 14:58:40.100025000][th:87985728][info] GossipPubSub Local address: /ip4/0.0.0.0/tcp/54633/p2p/12D3KooWPpujJNd5m7WXsqakoGsFwFfLkr3k2J55BsvaUs4PrxBT -> 0 raw observed, 0 activated+confirmed
[2026-08-27 14:58:40.100028000][th:87985728][info] GossipPubSub TOTAL: 0 raw observed addresses, 0 activated+confirmed addresses
[2026-08-27 14:58:40.100030000][th:87985728][info] GossipPubSub === END RAW OBSERVED ADDRESS DEBUG ===
[2026-08-27 14:58:40.100032000][th:87985728][info] GossipPubSub Observed addresses - all (0):
[2026-08-27 14:58:40.100035000][th:87985728][info] GossipPubSub Observed addresses - confirmed only (0):
[2026-08-27 14:58:40.100037000][th:87985728][info] GossipPubSub Relay addresses (0):
[2026-08-27 14:58:40.100040000][th:87985728][warning] GossipPubSub Failed to get addresses from peer repository: not found
[2026-08-27 14:58:40.100073000][th:87985728][info] GossipPubSub Found 1 valid network interfaces
[2026-08-27 14:58:40.100076000][th:87985728][info] GossipPubSub Current network interfaces (1):
[2026-08-27 14:58:40.100078000][th:87985728][info] GossipPubSub   -> 192.168.1.6
[2026-08-27 14:58:40.100080000][th:87985728][info] GossipPubSub Active connections: 0
[2026-08-27 14:58:40.100083000][th:87985728][info] GossipPubSub === PEER CONNECTION DETAILS ===
[2026-08-27 14:58:40.100085000][th:87985728][info] GossipPubSub NOTE: Observed addresses need to be seen by 4+ different peer groups to become 'activated'
[2026-08-27 14:58:40.100087000][th:87985728][info] GossipPubSub NOTE: Current connections: 0, so max possible observers: 0
[2026-08-27 14:58:40.100089000][th:87985728][info] GossipPubSub === END PEER CONNECTION DETAILS ===
[2026-08-27 14:58:40.100091000][th:87985728][info] GossipPubSub Connection manager stats:
[2026-08-27 14:58:40.100093000][th:87985728][info] GossipPubSub   -> Max connections: 1000
[2026-08-27 14:58:40.100095000][th:87985728][info] GossipPubSub   -> Current connections: 0
[2026-08-27 14:58:40.100097000][th:87985728][info] GossipPubSub === END NETWORK STATE ===
[2026-08-27 14:58:40.100209000][th:87985728][info] GossipPubSub /ip4/0.0.0.0/tcp/54633/p2p/12D3KooWPpujJNd5m7WXsqakoGsFwFfLkr3k2J55BsvaUs4PrxBT : PubSub service started
[2026-08-27 14:58:40][info][GlobalDB] Opening database /Users/henriqueklein/gnus/SuperGenius/multi_node_finality_fault/publisher-loss-validator-three/rocksdb
[2026-08-27 14:58:40][debug][GraphsyncDAGSyncer] GraphSyncer created 5310651304 
[2026-08-27 14:58:40][info][CrdtDatastore] crdt Datastore created. Number of heads: 4 Current max-height: 18446744073709551615
[2026-08-27 14:58:40][info][GeniusAccount] Secure storage ID path: /Users/henriqueklein/gnus/SuperGenius/multi_node_finality_fault/publisher-loss-validator-three/account/secure_storage_id
[2026-08-27 14:58:40][info][GeniusAccount] Loaded public key from file: 6da2698363c34775... (length: 128)
[2026-08-27 14:58:40][info][GeniusAccount] Successfully loaded key_seed from storage
[2026-08-27 14:58:40][info][GeniusAccount] Validation successful: key_seed matches stored public key
[2026-08-27 14:58:40][warning][UTXOManager] Skipping malformed UTXO key /utxo-checkpoint/6da2698363c347757774ad696d88e9876c23beb76206af30cb8348cb9909f263d8816061ea1bdf2fb4edc223cf2a3f689cceeb041358ab4be2ea59f3f7421457/1
[2026-08-27 14:58:40][warning][UTXOManager] Skipping malformed UTXO key /utxo-checkpoint/6da2698363c347757774ad696d88e9876c23beb76206af30cb8348cb9909f263d8816061ea1bdf2fb4edc223cf2a3f689cceeb041358ab4be2ea59f3f7421457/latest
[2026-08-27 14:58:40][info][Blockchain] [6da26983] Blockchain instance created with authorized full node: 8a33bdf1
[2026-08-27 14:58:40][info][ValidatorRegistry] InitializeCache: cache initialized with CID QmZtNY3BZfFh4HqdabKSRFkn4NZyNYoTanzeFuKViNdYF9
[2026-08-27 14:58:40][info][CRDTCallbackManager] Successfully registered new data callback for pattern: '/?gnus-validator-registry'
[2026-08-27 14:58:40][info][ValidatorRegistry] RegisterFilter: result=true
[2026-08-27 14:58:40][info][ValidatorRegistry] New: instance ready
[2026-08-27 14:58:40][info][CRDTCallbackManager] Successfully registered new data callback for pattern: '^/?cert/[^/]+'
[2026-08-27 14:58:40][info][CRDTCallbackManager] Successfully registered new data callback for pattern: '/?gnus-genesis-block'
[2026-08-27 14:58:40][info][CRDTCallbackManager] Successfully registered new data callback for pattern: '/?gnus-account-creation-.*'
[2026-08-27 14:58:40][info][CRDTCallbackManager] Successfully registered new data callback for pattern: '^/?/bc-144/tx/[^/]+'
[2026-08-27 14:58:40][info][CRDTCallbackManager] Successfully registered deleted data callback for pattern: '^/?/bc-144/tx/[^/]+'
[2026-08-27 14:58:40.126579000][th:87985728][info] GossipPubSub /ip4/0.0.0.0/tcp/54633/p2p/12D3KooWPpujJNd5m7WXsqakoGsFwFfLkr3k2J55BsvaUs4PrxBT: PubSub subscribed to topic 'gnus-validator-registry.3.7.144'
[2026-08-27 14:58:40][info][CRDTCallbackManager] Successfully registered new data callback for pattern: '^/?/bc-963/tx/[^/]+'
[2026-08-27 14:58:40][info][CRDTCallbackManager] Successfully registered deleted data callback for pattern: '^/?/bc-963/tx/[^/]+'
[2026-08-27 14:58:40][info][CRDTCallbackManager] Successfully registered new data callback for pattern: '^/?/bc-369/tx/[^/]+'
[2026-08-27 14:58:40][info][CRDTCallbackManager] Successfully registered deleted data callback for pattern: '^/?/bc-369/tx/[^/]+'
[2026-08-27 14:58:40.129187000][th:87985728][info] GossipPubSub /ip4/0.0.0.0/tcp/54633/p2p/12D3KooWPpujJNd5m7WXsqakoGsFwFfLkr3k2J55BsvaUs4PrxBT: PubSub subscribed to topic 'consensus-channel-.3.7.144'
[2026-08-27 14:58:40][info][CRDTCallbackManager] Successfully unregistered new data callback for pattern: '^/?/bc-144/tx/[^/]+'
[2026-08-27 14:58:40.129195000][th:87985728][info] GossipPubSub /ip4/0.0.0.0/tcp/54633/p2p/12D3KooWPpujJNd5m7WXsqakoGsFwFfLkr3k2J55BsvaUs4PrxBT: PubSub subscribed to topic 'consensus-channel-.3.7.144#datastore.3.7.144'
[2026-08-27 14:58:40][info][CRDTCallbackManager] Successfully unregistered deleted data callback for pattern: '^/?/bc-144/tx/[^/]+'
[2026-08-27 14:58:40][info][CRDTCallbackManager] Successfully unregistered new data callback for pattern: '^/?/bc-963/tx/[^/]+'
[2026-08-27 14:58:40][info][CRDTCallbackManager] Successfully unregistered deleted data callback for pattern: '^/?/bc-963/tx/[^/]+'
[2026-08-27 14:58:40][info][CRDTCallbackManager] Successfully unregistered new data callback for pattern: '^/?/bc-369/tx/[^/]+'
[2026-08-27 14:58:40][info][CRDTCallbackManager] Successfully unregistered deleted data callback for pattern: '^/?/bc-369/tx/[^/]+'
[2026-08-27 14:58:40][info][TransactionManager] [f91ec397 - full: false] ~TransactionManager: Metrics — cert_fallback(success=0 failure=0) validation(approve=1 reject=0) tracking(insert=1 confirm=1 fail=0)
[2026-08-27 14:58:40][info][Blockchain] [f91ec397] Stopping blockchain
[2026-08-27 14:58:40][info][CRDTCallbackManager] Successfully unregistered new data callback for pattern: '/?gnus-genesis-block'
[2026-08-27 14:58:40][info][CRDTCallbackManager] Successfully unregistered new data callback for pattern: '/?gnus-account-creation-.*'
[2026-08-27 14:58:40][info][CRDTCallbackManager] Successfully unregistered new data callback for pattern: '/?gnus-validator-registry'
[2026-08-27 14:58:40.129441000][th:87985401][error] GossipPubSub Address monitoring timer error: Operation canceled
[2026-08-27 14:58:40][error][PubSubBroadcasterExt] No message to process
[2026-08-27 14:58:40][error][PubSubBroadcasterExt] No message to process
[2026-08-27 14:58:41][debug][GlobalDB] ~GlobalDB CALLED with count 6 on multi_node_finality_fault/publisher-loss-passive/rocksdb 
[2026-08-27 14:58:41][info][GlobalDB] GlobalDB shutdown start
[2026-08-27 14:58:41][info][CrdtDatastore] CancelAndCloseNow: begin (pending_jobs=3, self_queue=0, root_queue=0, pending_roots=0, active_root=false)
[2026-08-27 14:58:41][debug][GraphsyncDAGSyncer] Stopping Dagsyncer
[2026-08-27 14:58:41][debug][GraphsyncDAGSyncer] Dagsyncer Stopped
[2026-08-27 14:58:41][info][CrdtDatastore] CancelAndCloseNow: CRDT workers stopped
[2026-08-27 14:58:41][warning][CrdtDatastore] CancelAndCloseNow called but shutdown has already started
[2026-08-27 14:58:41][debug][GraphsyncDAGSyncer] ~GraphsyncDAGSyncer CALLED
[2026-08-27 14:58:41][info][GlobalDB] GlobalDB shutdown finished
[2026-08-27 14:58:41][info][KeyPairFileStorage] Path to keypairs multi_node_finality_fault/publisher-loss-passive/keypair
[2026-08-27 14:58:41][info][KeyPairFileStorage] Peer ID from public key: 12D3KooWJrfxZ8c2SxnHFrHRL1E8ge5D878yRGJs38p1C9ARrzHf
Current limits: 16384 (soft), 9223372036854775807 (hard)
New limits set successfully: 16384 (soft), 9223372036854775807 (hard)
Initialized relay addresses
[2026-08-27 14:58:41.576914000][th:87985278][info] GossipPubSub /ip4/0.0.0.0/tcp/54634/p2p/12D3KooWJrfxZ8c2SxnHFrHRL1E8ge5D878yRGJs38p1C9ARrzHf: Starting PubSub service
[2026-08-27 14:58:41.576978000][th:87985772][info] GossipPubSub Starting address monitoring system for mobile network changes
[2026-08-27 14:58:41.576982000][th:87985772][info] GossipPubSub === CURRENT NETWORK STATE ===
[2026-08-27 14:58:41.576990000][th:87985772][info] GossipPubSub Primary listening address: /ip4/0.0.0.0/tcp/54634/p2p/12D3KooWJrfxZ8c2SxnHFrHRL1E8ge5D878yRGJs38p1C9ARrzHf
[2026-08-27 14:58:41.576994000][th:87985772][info] GossipPubSub Host peer info addresses (0):
[2026-08-27 14:58:41.576996000][th:87985772][info] GossipPubSub Additional addresses we track (0):
[2026-08-27 14:58:41.576999000][th:87985772][info] GossipPubSub Listening addresses (1):
[2026-08-27 14:58:41.577002000][th:87985772][info] GossipPubSub   -> /ip4/0.0.0.0/tcp/54634/p2p/12D3KooWJrfxZ8c2SxnHFrHRL1E8ge5D878yRGJs38p1C9ARrzHf
[2026-08-27 14:58:41.577004000][th:87985772][info] GossipPubSub Interface addresses (0):
[2026-08-27 14:58:41.577007000][th:87985772][info] GossipPubSub === RAW OBSERVED ADDRESS DEBUG ===
[2026-08-27 14:58:41.577010000][th:87985772][info] GossipPubSub Local address: /ip4/0.0.0.0/tcp/54634/p2p/12D3KooWJrfxZ8c2SxnHFrHRL1E8ge5D878yRGJs38p1C9ARrzHf -> 0 raw observed, 0 activated+confirmed
[2026-08-27 14:58:41.577013000][th:87985772][info] GossipPubSub TOTAL: 0 raw observed addresses, 0 activated+confirmed addresses
[2026-08-27 14:58:41.577016000][th:87985772][info] GossipPubSub === END RAW OBSERVED ADDRESS DEBUG ===
[2026-08-27 14:58:41.577020000][th:87985772][info] GossipPubSub Observed addresses - all (0):
[2026-08-27 14:58:41.577022000][th:87985772][info] GossipPubSub Observed addresses - confirmed only (0):
[2026-08-27 14:58:41.577024000][th:87985772][info] GossipPubSub Relay addresses (0):
[2026-08-27 14:58:41.577026000][th:87985772][warning] GossipPubSub Failed to get addresses from peer repository: not found
[2026-08-27 14:58:41.577055000][th:87985772][info] GossipPubSub Found 1 valid network interfaces
[2026-08-27 14:58:41.577058000][th:87985772][info] GossipPubSub Current network interfaces (1):
[2026-08-27 14:58:41.577060000][th:87985772][info] GossipPubSub   -> 192.168.1.6
[2026-08-27 14:58:41.577062000][th:87985772][info] GossipPubSub Active connections: 0
[2026-08-27 14:58:41.577064000][th:87985772][info] GossipPubSub === PEER CONNECTION DETAILS ===
[2026-08-27 14:58:41.577066000][th:87985772][info] GossipPubSub NOTE: Observed addresses need to be seen by 4+ different peer groups to become 'activated'
[2026-08-27 14:58:41.577068000][th:87985772][info] GossipPubSub NOTE: Current connections: 0, so max possible observers: 0
[2026-08-27 14:58:41.577070000][th:87985772][info] GossipPubSub === END PEER CONNECTION DETAILS ===
[2026-08-27 14:58:41.577071000][th:87985772][info] GossipPubSub Connection manager stats:
[2026-08-27 14:58:41.577073000][th:87985772][info] GossipPubSub   -> Max connections: 1000
[2026-08-27 14:58:41.577075000][th:87985772][info] GossipPubSub   -> Current connections: 0
[2026-08-27 14:58:41.577077000][th:87985772][info] GossipPubSub === END NETWORK STATE ===
[2026-08-27 14:58:41.577177000][th:87985772][info] GossipPubSub /ip4/0.0.0.0/tcp/54634/p2p/12D3KooWJrfxZ8c2SxnHFrHRL1E8ge5D878yRGJs38p1C9ARrzHf : PubSub service started
[2026-08-27 14:58:41][info][GlobalDB] Opening database /Users/henriqueklein/gnus/SuperGenius/multi_node_finality_fault/publisher-loss-passive/rocksdb
[2026-08-27 14:58:41][debug][GraphsyncDAGSyncer] GraphSyncer created 5310547240 
[2026-08-27 14:58:41][info][CrdtDatastore] crdt Datastore created. Number of heads: 3 Current max-height: 18446744073709551615
[2026-08-27 14:58:41][info][GeniusAccount] Secure storage ID path: /Users/henriqueklein/gnus/SuperGenius/multi_node_finality_fault/publisher-loss-passive/account/secure_storage_id
[2026-08-27 14:58:41][info][GeniusAccount] Loaded public key from file: f91ec3975e906e9a... (length: 128)
[2026-08-27 14:58:41][info][GeniusAccount] Successfully loaded key_seed from storage
[2026-08-27 14:58:41][info][GeniusAccount] Validation successful: key_seed matches stored public key
[2026-08-27 14:58:41][warning][UTXOManager] Skipping malformed UTXO key /utxo-checkpoint/f91ec3975e906e9aa6ad7f7be991f397b96454f0930746a2f6f12beb43361b4d20501f704d000de04dbcdb7e6d246524fe09d34e58aeae4b62325e23b9e96453/1
[2026-08-27 14:58:41][warning][UTXOManager] Skipping malformed UTXO key /utxo-checkpoint/f91ec3975e906e9aa6ad7f7be991f397b96454f0930746a2f6f12beb43361b4d20501f704d000de04dbcdb7e6d246524fe09d34e58aeae4b62325e23b9e96453/latest
[2026-08-27 14:58:41][info][Blockchain] [f91ec397] Blockchain instance created with authorized full node: 8a33bdf1
[2026-08-27 14:58:41][info][ValidatorRegistry] InitializeCache: cache initialized with CID QmZtNY3BZfFh4HqdabKSRFkn4NZyNYoTanzeFuKViNdYF9
[2026-08-27 14:58:41][info][CRDTCallbackManager] Successfully registered new data callback for pattern: '/?gnus-validator-registry'
[2026-08-27 14:58:41][info][ValidatorRegistry] RegisterFilter: result=true
[2026-08-27 14:58:41][info][ValidatorRegistry] New: instance ready
[2026-08-27 14:58:41.605594000][th:87985772][info] GossipPubSub /ip4/0.0.0.0/tcp/54634/p2p/12D3KooWJrfxZ8c2SxnHFrHRL1E8ge5D878yRGJs38p1C9ARrzHf: PubSub subscribed to topic 'gnus-validator-registry.3.7.144'
[2026-08-27 14:58:41][info][CRDTCallbackManager] Successfully registered new data callback for pattern: '^/?cert/[^/]+'
[2026-08-27 14:58:41][info][CRDTCallbackManager] Successfully registered new data callback for pattern: '/?gnus-genesis-block'
[2026-08-27 14:58:41][info][CRDTCallbackManager] Successfully registered new data callback for pattern: '/?gnus-account-creation-.*'
[2026-08-27 14:58:41.605644000][th:87985772][info] GossipPubSub /ip4/0.0.0.0/tcp/54634/p2p/12D3KooWJrfxZ8c2SxnHFrHRL1E8ge5D878yRGJs38p1C9ARrzHf: PubSub subscribed to topic 'consensus-channel-.3.7.144'
[2026-08-27 14:58:41][info][CRDTCallbackManager] Successfully registered new data callback for pattern: '^/?/bc-144/tx/[^/]+'
[2026-08-27 14:58:41][info][CRDTCallbackManager] Successfully registered deleted data callback for pattern: '^/?/bc-144/tx/[^/]+'
[2026-08-27 14:58:41.605664000][th:87985772][info] GossipPubSub /ip4/0.0.0.0/tcp/54634/p2p/12D3KooWJrfxZ8c2SxnHFrHRL1E8ge5D878yRGJs38p1C9ARrzHf: PubSub subscribed to topic 'consensus-channel-.3.7.144#datastore.3.7.144'
[2026-08-27 14:58:41][info][CRDTCallbackManager] Successfully registered new data callback for pattern: '^/?/bc-963/tx/[^/]+'
[2026-08-27 14:58:41][info][CRDTCallbackManager] Successfully registered deleted data callback for pattern: '^/?/bc-963/tx/[^/]+'
[2026-08-27 14:58:41][info][CRDTCallbackManager] Successfully registered new data callback for pattern: '^/?/bc-369/tx/[^/]+'
[2026-08-27 14:58:41][info][CRDTCallbackManager] Successfully registered deleted data callback for pattern: '^/?/bc-369/tx/[^/]+'
[2026-08-27 14:58:41.605755000][th:87985658][info] GossipPubSub Adding new peer: 12D3KooWRGmawwUF5iUdWjD9ST3zfVtVpGm2j2HgpAKc2ieEDXPC
[2026-08-27 14:58:41.605801000][th:87985658][info] GossipPubSub Adding new peer: 12D3KooWPpujJNd5m7WXsqakoGsFwFfLkr3k2J55BsvaUs4PrxBT
[2026-08-27 14:58:41.605841000][th:87985658][info] GossipPubSub Adding new peer: 12D3KooWJrfxZ8c2SxnHFrHRL1E8ge5D878yRGJs38p1C9ARrzHf
[2026-08-27 14:58:41.605877000][th:87985698][info] GossipPubSub Adding new peer: 12D3KooWFPhqXykmqBCMgarFyawfpQfiX4oRLmgrzDfmUPgdAnJS
[2026-08-27 14:58:41.605927000][th:87985698][info] GossipPubSub Adding new peer: 12D3KooWPpujJNd5m7WXsqakoGsFwFfLkr3k2J55BsvaUs4PrxBT
[2026-08-27 14:58:41.605957000][th:87985728][info] GossipPubSub Adding new peer: 12D3KooWFPhqXykmqBCMgarFyawfpQfiX4oRLmgrzDfmUPgdAnJS
[2026-08-27 14:58:41.605968000][th:87985698][info] GossipPubSub Adding new peer: 12D3KooWJrfxZ8c2SxnHFrHRL1E8ge5D878yRGJs38p1C9ARrzHf
[2026-08-27 14:58:41.605990000][th:87985728][info] GossipPubSub Adding new peer: 12D3KooWRGmawwUF5iUdWjD9ST3zfVtVpGm2j2HgpAKc2ieEDXPC
[2026-08-27 14:58:41.606022000][th:87985728][info] GossipPubSub Adding new peer: 12D3KooWJrfxZ8c2SxnHFrHRL1E8ge5D878yRGJs38p1C9ARrzHf
[2026-08-27 14:58:41.606054000][th:87985772][info] GossipPubSub Adding new peer: 12D3KooWFPhqXykmqBCMgarFyawfpQfiX4oRLmgrzDfmUPgdAnJS
[2026-08-27 14:58:41.606148000][th:87985772][info] GossipPubSub Adding new peer: 12D3KooWRGmawwUF5iUdWjD9ST3zfVtVpGm2j2HgpAKc2ieEDXPC
[2026-08-27 14:58:41.606247000][th:87985772][info] GossipPubSub Adding new peer: 12D3KooWPpujJNd5m7WXsqakoGsFwFfLkr3k2J55BsvaUs4PrxBT
[2026-08-27 14:58:41][info][CRDTCallbackManager] Successfully unregistered new data callback for pattern: '^/?/bc-144/tx/[^/]+'
[2026-08-27 14:58:41][info][CRDTCallbackManager] Successfully unregistered deleted data callback for pattern: '^/?/bc-144/tx/[^/]+'
[2026-08-27 14:58:41][info][CRDTCallbackManager] Successfully unregistered new data callback for pattern: '^/?/bc-963/tx/[^/]+'
[2026-08-27 14:58:41][info][CRDTCallbackManager] Successfully unregistered deleted data callback for pattern: '^/?/bc-963/tx/[^/]+'
[2026-08-27 14:58:41][info][CRDTCallbackManager] Successfully unregistered new data callback for pattern: '^/?/bc-369/tx/[^/]+'
[2026-08-27 14:58:41][info][CRDTCallbackManager] Successfully unregistered deleted data callback for pattern: '^/?/bc-369/tx/[^/]+'
[2026-08-27 14:58:41][info][TransactionManager] [dd0936f5 - full: false] ~TransactionManager: Metrics — cert_fallback(success=0 failure=0) validation(approve=0 reject=0) tracking(insert=0 confirm=0 fail=0)
[2026-08-27 14:58:41][info][Blockchain] [dd0936f5] Stopping blockchain
[2026-08-27 14:58:41][info][CRDTCallbackManager] Successfully unregistered new data callback for pattern: '/?gnus-genesis-block'
[2026-08-27 14:58:41][info][CRDTCallbackManager] Successfully unregistered new data callback for pattern: '/?gnus-account-creation-.*'
[2026-08-27 14:58:41][info][CRDTCallbackManager] Successfully unregistered new data callback for pattern: '/?gnus-validator-registry'
[2026-08-27 14:58:41.673099000][th:87985658][error] GossipPubSub Address monitoring timer error: Operation canceled
[2026-08-27 14:58:41][error][PubSubBroadcasterExt] No message to process
[2026-08-27 14:58:41][error][PubSubBroadcasterExt] No message to process
[2026-08-27 14:58:42][debug][GlobalDB] ~GlobalDB CALLED with count 6 on multi_node_finality_fault/publisher-loss-validator-one/rocksdb 
[2026-08-27 14:58:42][info][GlobalDB] GlobalDB shutdown start
[2026-08-27 14:58:42][info][CrdtDatastore] CancelAndCloseNow: begin (pending_jobs=0, self_queue=0, root_queue=0, pending_roots=0, active_root=false)
[2026-08-27 14:58:42][debug][GraphsyncDAGSyncer] Stopping Dagsyncer
[2026-08-27 14:58:42][debug][GraphsyncDAGSyncer] Dagsyncer Stopped
[2026-08-27 14:58:43][info][CrdtDatastore] CancelAndCloseNow: CRDT workers stopped
[2026-08-27 14:58:43][warning][CrdtDatastore] CancelAndCloseNow called but shutdown has already started
[2026-08-27 14:58:43][debug][GraphsyncDAGSyncer] ~GraphsyncDAGSyncer CALLED
[2026-08-27 14:58:43][info][GlobalDB] GlobalDB shutdown finished
[2026-08-27 14:58:43][info][CRDTCallbackManager] Successfully unregistered new data callback for pattern: '^/?/bc-144/tx/[^/]+'
[2026-08-27 14:58:43][info][CRDTCallbackManager] Successfully unregistered deleted data callback for pattern: '^/?/bc-144/tx/[^/]+'
[2026-08-27 14:58:43][info][CRDTCallbackManager] Successfully unregistered new data callback for pattern: '^/?/bc-963/tx/[^/]+'
[2026-08-27 14:58:43][info][CRDTCallbackManager] Successfully unregistered deleted data callback for pattern: '^/?/bc-963/tx/[^/]+'
[2026-08-27 14:58:43][info][CRDTCallbackManager] Successfully unregistered new data callback for pattern: '^/?/bc-369/tx/[^/]+'
[2026-08-27 14:58:43][info][CRDTCallbackManager] Successfully unregistered deleted data callback for pattern: '^/?/bc-369/tx/[^/]+'
[2026-08-27 14:58:43][info][TransactionManager] [9f2254fa - full: false] ~TransactionManager: Metrics — cert_fallback(success=0 failure=0) validation(approve=0 reject=0) tracking(insert=0 confirm=0 fail=0)
[2026-08-27 14:58:43][info][Blockchain] [9f2254fa] Stopping blockchain
[2026-08-27 14:58:43][info][CRDTCallbackManager] Successfully unregistered new data callback for pattern: '/?gnus-genesis-block'
[2026-08-27 14:58:43][info][CRDTCallbackManager] Successfully unregistered new data callback for pattern: '/?gnus-account-creation-.*'
[2026-08-27 14:58:43][info][CRDTCallbackManager] Successfully unregistered new data callback for pattern: '/?gnus-validator-registry'
[2026-08-27 14:58:43.030818000][th:87985698][error] GossipPubSub Address monitoring timer error: Operation canceled
[2026-08-27 14:58:43][error][PubSubBroadcasterExt] No message to process
[2026-08-27 14:58:43][error][PubSubBroadcasterExt] No message to process
[2026-08-27 14:58:44][debug][GlobalDB] ~GlobalDB CALLED with count 6 on multi_node_finality_fault/publisher-loss-validator-two/rocksdb 
[2026-08-27 14:58:44][info][GlobalDB] GlobalDB shutdown start
[2026-08-27 14:58:44][info][CrdtDatastore] CancelAndCloseNow: begin (pending_jobs=0, self_queue=0, root_queue=0, pending_roots=0, active_root=false)
[2026-08-27 14:58:44][debug][GraphsyncDAGSyncer] Stopping Dagsyncer
[2026-08-27 14:58:44][debug][GraphsyncDAGSyncer] Dagsyncer Stopped
[2026-08-27 14:58:44][info][CrdtDatastore] CancelAndCloseNow: CRDT workers stopped
[2026-08-27 14:58:44][warning][CrdtDatastore] CancelAndCloseNow called but shutdown has already started
[2026-08-27 14:58:44][debug][GraphsyncDAGSyncer] ~GraphsyncDAGSyncer CALLED
[2026-08-27 14:58:44][info][GlobalDB] GlobalDB shutdown finished
[2026-08-27 14:58:44][info][CRDTCallbackManager] Successfully unregistered new data callback for pattern: '^/?/bc-144/tx/[^/]+'
[2026-08-27 14:58:44][info][CRDTCallbackManager] Successfully unregistered deleted data callback for pattern: '^/?/bc-144/tx/[^/]+'
[2026-08-27 14:58:44][info][CRDTCallbackManager] Successfully unregistered new data callback for pattern: '^/?/bc-963/tx/[^/]+'
[2026-08-27 14:58:44][info][CRDTCallbackManager] Successfully unregistered deleted data callback for pattern: '^/?/bc-963/tx/[^/]+'
[2026-08-27 14:58:44][info][CRDTCallbackManager] Successfully unregistered new data callback for pattern: '^/?/bc-369/tx/[^/]+'
[2026-08-27 14:58:44][info][CRDTCallbackManager] Successfully unregistered deleted data callback for pattern: '^/?/bc-369/tx/[^/]+'
[2026-08-27 14:58:44][info][TransactionManager] [6da26983 - full: false] ~TransactionManager: Metrics — cert_fallback(success=0 failure=0) validation(approve=0 reject=0) tracking(insert=0 confirm=0 fail=0)
[2026-08-27 14:58:44][info][Blockchain] [6da26983] Stopping blockchain
[2026-08-27 14:58:44][info][CRDTCallbackManager] Successfully unregistered new data callback for pattern: '/?gnus-genesis-block'
[2026-08-27 14:58:44][info][CRDTCallbackManager] Successfully unregistered new data callback for pattern: '/?gnus-account-creation-.*'
[2026-08-27 14:58:44][info][CRDTCallbackManager] Successfully unregistered new data callback for pattern: '/?gnus-validator-registry'
[2026-08-27 14:58:44.060958000][th:87985728][error] GossipPubSub Address monitoring timer error: Operation canceled
[2026-08-27 14:58:44][error][PubSubBroadcasterExt] No message to process
[2026-08-27 14:58:44][error][PubSubBroadcasterExt] No message to process
[2026-08-27 14:58:45][debug][GlobalDB] ~GlobalDB CALLED with count 6 on multi_node_finality_fault/publisher-loss-validator-three/rocksdb 
[2026-08-27 14:58:45][info][GlobalDB] GlobalDB shutdown start
[2026-08-27 14:58:45][info][CrdtDatastore] CancelAndCloseNow: begin (pending_jobs=0, self_queue=0, root_queue=0, pending_roots=0, active_root=false)
[2026-08-27 14:58:45][debug][GraphsyncDAGSyncer] Stopping Dagsyncer
[2026-08-27 14:58:45][debug][GraphsyncDAGSyncer] Dagsyncer Stopped
[2026-08-27 14:58:45][info][CrdtDatastore] CancelAndCloseNow: CRDT workers stopped
[2026-08-27 14:58:45][warning][CrdtDatastore] CancelAndCloseNow called but shutdown has already started
[2026-08-27 14:58:45][debug][GraphsyncDAGSyncer] ~GraphsyncDAGSyncer CALLED
[2026-08-27 14:58:45][info][GlobalDB] GlobalDB shutdown finished
[2026-08-27 14:58:45][info][CRDTCallbackManager] Successfully unregistered new data callback for pattern: '^/?/bc-144/tx/[^/]+'
[2026-08-27 14:58:45][info][CRDTCallbackManager] Successfully unregistered deleted data callback for pattern: '^/?/bc-144/tx/[^/]+'
[2026-08-27 14:58:45][info][CRDTCallbackManager] Successfully unregistered new data callback for pattern: '^/?/bc-963/tx/[^/]+'
[2026-08-27 14:58:45][info][CRDTCallbackManager] Successfully unregistered deleted data callback for pattern: '^/?/bc-963/tx/[^/]+'
[2026-08-27 14:58:45][info][CRDTCallbackManager] Successfully unregistered new data callback for pattern: '^/?/bc-369/tx/[^/]+'
[2026-08-27 14:58:45][info][CRDTCallbackManager] Successfully unregistered deleted data callback for pattern: '^/?/bc-369/tx/[^/]+'
[2026-08-27 14:58:45][info][TransactionManager] [f91ec397 - full: false] ~TransactionManager: Metrics — cert_fallback(success=0 failure=0) validation(approve=0 reject=0) tracking(insert=0 confirm=0 fail=0)
[2026-08-27 14:58:45][info][Blockchain] [f91ec397] Stopping blockchain
[2026-08-27 14:58:45][info][CRDTCallbackManager] Successfully unregistered new data callback for pattern: '/?gnus-genesis-block'
[2026-08-27 14:58:45][info][CRDTCallbackManager] Successfully unregistered new data callback for pattern: '/?gnus-account-creation-.*'
[2026-08-27 14:58:45][info][CRDTCallbackManager] Successfully unregistered new data callback for pattern: '/?gnus-validator-registry'
[2026-08-27 14:58:45.158649000][th:87985772][error] GossipPubSub Address monitoring timer error: Operation canceled
[2026-08-27 14:58:45][error][PubSubBroadcasterExt] No message to process
[2026-08-27 14:58:45][error][PubSubBroadcasterExt] No message to process
[2026-08-27 14:58:46][debug][GlobalDB] ~GlobalDB CALLED with count 6 on multi_node_finality_fault/publisher-loss-passive/rocksdb 
[2026-08-27 14:58:46][info][GlobalDB] GlobalDB shutdown start
[2026-08-27 14:58:46][info][CrdtDatastore] CancelAndCloseNow: begin (pending_jobs=0, self_queue=0, root_queue=0, pending_roots=0, active_root=false)
[2026-08-27 14:58:46][debug][GraphsyncDAGSyncer] Stopping Dagsyncer
[2026-08-27 14:58:46][debug][GraphsyncDAGSyncer] Dagsyncer Stopped
[2026-08-27 14:58:46][info][CrdtDatastore] CancelAndCloseNow: CRDT workers stopped
[2026-08-27 14:58:46][warning][CrdtDatastore] CancelAndCloseNow called but shutdown has already started
[2026-08-27 14:58:46][debug][GraphsyncDAGSyncer] ~GraphsyncDAGSyncer CALLED
[2026-08-27 14:58:46][info][GlobalDB] GlobalDB shutdown finished
[2026-08-27 14:58:46.648388000][th:87985307][error] GossipPubSub Address monitoring timer error: Operation canceled
[2026-08-27 14:58:46][error][PubSubBroadcasterExt] No message to process
[2026-08-27 14:58:47][debug][GlobalDB] ~GlobalDB CALLED with count 5 on CRDT.Datastore.TEST.unit_1 
[2026-08-27 14:58:47][info][GlobalDB] GlobalDB shutdown start
[2026-08-27 14:58:47][info][CrdtDatastore] CancelAndCloseNow: begin (pending_jobs=0, self_queue=0, root_queue=0, pending_roots=0, active_root=false)
[2026-08-27 14:58:47][debug][GraphsyncDAGSyncer] Stopping Dagsyncer
[2026-08-27 14:58:47][debug][GraphsyncDAGSyncer] Dagsyncer Stopped
[2026-08-27 14:58:47][info][CrdtDatastore] CancelAndCloseNow: CRDT workers stopped
[2026-08-27 14:58:47][warning][CrdtDatastore] CancelAndCloseNow called but shutdown has already started
[2026-08-27 14:58:47][debug][GraphsyncDAGSyncer] ~GraphsyncDAGSyncer CALLED
[2026-08-27 14:58:47][info][GlobalDB] GlobalDB shutdown finished
[==========] 1 test from 1 test suite ran. (19722 ms total)
[  PASSED  ] 1 test.
