Running main() from /Users/henriqueklein/gnus/thirdparty/GTest/googletest/src/gtest_main.cc
Note: Google Test filter = FinalityFaultNetwork.RestartAtVoteCertificateAndMintDurableBoundariesRecoversExactlyOnce
[==========] Running 1 test from 1 test suite.
[----------] Global test environment set-up.
[----------] 1 test from FinalityFaultNetwork
[ RUN      ] FinalityFaultNetwork.RestartAtVoteCertificateAndMintDurableBoundariesRecoversExactlyOnce
[2026-08-26 17:44:06][info][KeyPairFileStorage] Path to keypairs CRDT.Datastore.TEST/unit_test_1
[2026-08-26 17:44:06][info][KeyPairFileStorage] Peer ID from public key: 12D3KooWLNyX1AcYw7P5Ur7zFKewZoNfSuUmaVrZRru7PQ6V9T6n
Current limits: 1048575 (soft), 9223372036854775807 (hard)
New limits set successfully: 16384 (soft), 9223372036854775807 (hard)
Initialized relay addresses
[2026-08-26 17:44:06][info][GlobalDB] Opening database /Users/henriqueklein/gnus/SuperGenius/CRDT.Datastore.TEST.unit_1
[2026-08-26 17:44:06][debug][GraphsyncDAGSyncer] GraphSyncer created 5536516456 
[2026-08-26 17:44:06][info][CrdtDatastore] crdt Datastore created. Number of heads: 0 Current max-height: 0
[2026-08-26 17:44:06.155951000][th:85113220][info] GossipPubSub /ip4/0.0.0.0/tcp/40001/p2p/12D3KooWLNyX1AcYw7P5Ur7zFKewZoNfSuUmaVrZRru7PQ6V9T6n: Starting PubSub service
[2026-08-26 17:44:06.156018000][th:85113249][info] GossipPubSub /ip4/0.0.0.0/tcp/40001/p2p/12D3KooWLNyX1AcYw7P5Ur7zFKewZoNfSuUmaVrZRru7PQ6V9T6n: PubSub subscribed to topic 'CRDT.Datastore.TEST.Channel.3.7.144'
[2026-08-26 17:44:06.156045000][th:85113249][info] GossipPubSub Starting address monitoring system for mobile network changes
[2026-08-26 17:44:06.156051000][th:85113249][info] GossipPubSub === CURRENT NETWORK STATE ===
[2026-08-26 17:44:06.156061000][th:85113249][info] GossipPubSub Primary listening address: /ip4/0.0.0.0/tcp/40001/p2p/12D3KooWLNyX1AcYw7P5Ur7zFKewZoNfSuUmaVrZRru7PQ6V9T6n
[2026-08-26 17:44:06.156065000][th:85113249][info] GossipPubSub Host peer info addresses (0):
[2026-08-26 17:44:06.156067000][th:85113249][info] GossipPubSub Additional addresses we track (0):
[2026-08-26 17:44:06.156070000][th:85113249][info] GossipPubSub Listening addresses (1):
[2026-08-26 17:44:06.156073000][th:85113249][info] GossipPubSub   -> /ip4/0.0.0.0/tcp/40001/p2p/12D3KooWLNyX1AcYw7P5Ur7zFKewZoNfSuUmaVrZRru7PQ6V9T6n
[2026-08-26 17:44:06.156075000][th:85113249][info] GossipPubSub Interface addresses (0):
[2026-08-26 17:44:06.156078000][th:85113249][info] GossipPubSub === RAW OBSERVED ADDRESS DEBUG ===
[2026-08-26 17:44:06.156081000][th:85113249][info] GossipPubSub Local address: /ip4/0.0.0.0/tcp/40001/p2p/12D3KooWLNyX1AcYw7P5Ur7zFKewZoNfSuUmaVrZRru7PQ6V9T6n -> 0 raw observed, 0 activated+confirmed
[2026-08-26 17:44:06.156084000][th:85113249][info] GossipPubSub TOTAL: 0 raw observed addresses, 0 activated+confirmed addresses
[2026-08-26 17:44:06.156086000][th:85113249][info] GossipPubSub === END RAW OBSERVED ADDRESS DEBUG ===
[2026-08-26 17:44:06.156088000][th:85113249][info] GossipPubSub Observed addresses - all (0):
[2026-08-26 17:44:06.156090000][th:85113249][info] GossipPubSub Observed addresses - confirmed only (0):
[2026-08-26 17:44:06.156093000][th:85113249][info] GossipPubSub Relay addresses (0):
[2026-08-26 17:44:06.156097000][th:85113249][warning] GossipPubSub Failed to get addresses from peer repository: not found
[2026-08-26 17:44:06.156249000][th:85113249][info] GossipPubSub Found 1 valid network interfaces
[2026-08-26 17:44:06.156254000][th:85113249][info] GossipPubSub Current network interfaces (1):
[2026-08-26 17:44:06.156257000][th:85113249][info] GossipPubSub   -> 192.168.1.6
[2026-08-26 17:44:06.156260000][th:85113249][info] GossipPubSub Active connections: 0
[2026-08-26 17:44:06.156263000][th:85113249][info] GossipPubSub === PEER CONNECTION DETAILS ===
[2026-08-26 17:44:06.156265000][th:85113249][info] GossipPubSub NOTE: Observed addresses need to be seen by 4+ different peer groups to become 'activated'
[2026-08-26 17:44:06.156268000][th:85113249][info] GossipPubSub NOTE: Current connections: 0, so max possible observers: 0
[2026-08-26 17:44:06.156278000][th:85113249][info] GossipPubSub === END PEER CONNECTION DETAILS ===
[2026-08-26 17:44:06.156280000][th:85113249][info] GossipPubSub Connection manager stats:
[2026-08-26 17:44:06.156282000][th:85113249][info] GossipPubSub   -> Max connections: 1000
[2026-08-26 17:44:06.156283000][th:85113249][info] GossipPubSub   -> Current connections: 0
[2026-08-26 17:44:06.156285000][th:85113249][info] GossipPubSub === END NETWORK STATE ===
[2026-08-26 17:44:06.156310000][th:85113249][info] GossipPubSub /ip4/0.0.0.0/tcp/40001/p2p/12D3KooWLNyX1AcYw7P5Ur7zFKewZoNfSuUmaVrZRru7PQ6V9T6n : PubSub service started
[2026-08-26 17:44:06][info][KeyPairFileStorage] Path to keypairs multi_node_finality_fault/restart-vote-validator-one/keypair
[2026-08-26 17:44:06][info][KeyPairFileStorage] Peer ID from public key: 12D3KooWGUtkT6LMh2rVBZ5te3a8kV8n53B8Lj41D7FXyN8Z6EMG
Current limits: 16384 (soft), 9223372036854775807 (hard)
New limits set successfully: 16384 (soft), 9223372036854775807 (hard)
Initialized relay addresses
[2026-08-26 17:44:06.158048000][th:85113220][info] GossipPubSub /ip4/0.0.0.0/tcp/54601/p2p/12D3KooWGUtkT6LMh2rVBZ5te3a8kV8n53B8Lj41D7FXyN8Z6EMG: Starting PubSub service
[2026-08-26 17:44:06.158097000][th:85113250][info] GossipPubSub Starting address monitoring system for mobile network changes
[2026-08-26 17:44:06.158102000][th:85113250][info] GossipPubSub === CURRENT NETWORK STATE ===
[2026-08-26 17:44:06.158107000][th:85113250][info] GossipPubSub Primary listening address: /ip4/0.0.0.0/tcp/54601/p2p/12D3KooWGUtkT6LMh2rVBZ5te3a8kV8n53B8Lj41D7FXyN8Z6EMG
[2026-08-26 17:44:06.158109000][th:85113250][info] GossipPubSub Host peer info addresses (0):
[2026-08-26 17:44:06.158111000][th:85113250][info] GossipPubSub Additional addresses we track (0):
[2026-08-26 17:44:06.158112000][th:85113250][info] GossipPubSub Listening addresses (1):
[2026-08-26 17:44:06.158114000][th:85113250][info] GossipPubSub   -> /ip4/0.0.0.0/tcp/54601/p2p/12D3KooWGUtkT6LMh2rVBZ5te3a8kV8n53B8Lj41D7FXyN8Z6EMG
[2026-08-26 17:44:06.158116000][th:85113250][info] GossipPubSub Interface addresses (0):
[2026-08-26 17:44:06.158117000][th:85113250][info] GossipPubSub === RAW OBSERVED ADDRESS DEBUG ===
[2026-08-26 17:44:06.158120000][th:85113250][info] GossipPubSub Local address: /ip4/0.0.0.0/tcp/54601/p2p/12D3KooWGUtkT6LMh2rVBZ5te3a8kV8n53B8Lj41D7FXyN8Z6EMG -> 0 raw observed, 0 activated+confirmed
[2026-08-26 17:44:06.158121000][th:85113250][info] GossipPubSub TOTAL: 0 raw observed addresses, 0 activated+confirmed addresses
[2026-08-26 17:44:06.158123000][th:85113250][info] GossipPubSub === END RAW OBSERVED ADDRESS DEBUG ===
[2026-08-26 17:44:06.158124000][th:85113250][info] GossipPubSub Observed addresses - all (0):
[2026-08-26 17:44:06.158126000][th:85113250][info] GossipPubSub Observed addresses - confirmed only (0):
[2026-08-26 17:44:06.158127000][th:85113250][info] GossipPubSub Relay addresses (0):
[2026-08-26 17:44:06.158129000][th:85113250][warning] GossipPubSub Failed to get addresses from peer repository: not found
[2026-08-26 17:44:06.158152000][th:85113250][info] GossipPubSub Found 1 valid network interfaces
[2026-08-26 17:44:06.158154000][th:85113250][info] GossipPubSub Current network interfaces (1):
[2026-08-26 17:44:06.158156000][th:85113250][info] GossipPubSub   -> 192.168.1.6
[2026-08-26 17:44:06.158157000][th:85113250][info] GossipPubSub Active connections: 0
[2026-08-26 17:44:06.158159000][th:85113250][info] GossipPubSub === PEER CONNECTION DETAILS ===
[2026-08-26 17:44:06.158160000][th:85113250][info] GossipPubSub NOTE: Observed addresses need to be seen by 4+ different peer groups to become 'activated'
[2026-08-26 17:44:06.158162000][th:85113250][info] GossipPubSub NOTE: Current connections: 0, so max possible observers: 0
[2026-08-26 17:44:06.158163000][th:85113250][info] GossipPubSub === END PEER CONNECTION DETAILS ===
[2026-08-26 17:44:06.158165000][th:85113250][info] GossipPubSub Connection manager stats:
[2026-08-26 17:44:06.158166000][th:85113250][info] GossipPubSub   -> Max connections: 1000
[2026-08-26 17:44:06.158168000][th:85113250][info] GossipPubSub   -> Current connections: 0
[2026-08-26 17:44:06.158173000][th:85113250][info] GossipPubSub === END NETWORK STATE ===
[2026-08-26 17:44:06.158307000][th:85113250][info] GossipPubSub /ip4/0.0.0.0/tcp/54601/p2p/12D3KooWGUtkT6LMh2rVBZ5te3a8kV8n53B8Lj41D7FXyN8Z6EMG : PubSub service started
[2026-08-26 17:44:06][info][GlobalDB] Opening database /Users/henriqueklein/gnus/SuperGenius/multi_node_finality_fault/restart-vote-validator-one/rocksdb
[2026-08-26 17:44:06][debug][GraphsyncDAGSyncer] GraphSyncer created 5526155160 
[2026-08-26 17:44:06][info][CrdtDatastore] crdt Datastore created. Number of heads: 0 Current max-height: 0
[2026-08-26 17:44:06][info][GeniusAccount] Secure storage ID path: /Users/henriqueklein/gnus/SuperGenius/multi_node_finality_fault/restart-vote-validator-one/account/secure_storage_id
[2026-08-26 17:44:06][error][GeniusAccount] Could not find existing Genius address, generating one from a random mnemonic
[2026-08-26 17:44:06][warning][UTXOManager] Found UTXOs in storage, but there were none
[2026-08-26 17:44:06][info][Blockchain] [dd1693dc] Blockchain instance created with authorized full node: 8a33bdf1
[2026-08-26 17:44:06][error][ValidatorRegistry] InitializeCache: registry content not found during cache init
[2026-08-26 17:44:06][info][CRDTCallbackManager] Successfully registered new data callback for pattern: '/?gnus-validator-registry'
[2026-08-26 17:44:06][info][ValidatorRegistry] RegisterFilter: result=true
[2026-08-26 17:44:06][info][ValidatorRegistry] New: instance ready
[2026-08-26 17:44:06.194408000][th:85113250][info] GossipPubSub /ip4/0.0.0.0/tcp/54601/p2p/12D3KooWGUtkT6LMh2rVBZ5te3a8kV8n53B8Lj41D7FXyN8Z6EMG: PubSub subscribed to topic 'gnus-validator-registry.3.7.144'
[2026-08-26 17:44:06][info][CRDTCallbackManager] Successfully registered new data callback for pattern: '^/?cert/[^/]+'
[2026-08-26 17:44:06.194437000][th:85113250][info] GossipPubSub /ip4/0.0.0.0/tcp/54601/p2p/12D3KooWGUtkT6LMh2rVBZ5te3a8kV8n53B8Lj41D7FXyN8Z6EMG: PubSub subscribed to topic 'consensus-channel-.3.7.144'
[2026-08-26 17:44:06][warning][Blockchain] [dd1693dc] Failed to request validator registry during blockchain init
[2026-08-26 17:44:06.194462000][th:85113250][info] GossipPubSub /ip4/0.0.0.0/tcp/54601/p2p/12D3KooWGUtkT6LMh2rVBZ5te3a8kV8n53B8Lj41D7FXyN8Z6EMG: PubSub subscribed to topic 'consensus-channel-.3.7.144#datastore.3.7.144'
[2026-08-26 17:44:06][info][CRDTCallbackManager] Successfully registered new data callback for pattern: '/?gnus-genesis-block'
[2026-08-26 17:44:06][info][CRDTCallbackManager] Successfully registered new data callback for pattern: '/?gnus-account-creation-.*'
[2026-08-26 17:44:06][info][CRDTCallbackManager] Successfully registered new data callback for pattern: '^/?/bc-144/tx/[^/]+'
[2026-08-26 17:44:06][info][CRDTCallbackManager] Successfully registered deleted data callback for pattern: '^/?/bc-144/tx/[^/]+'
[2026-08-26 17:44:06][info][CRDTCallbackManager] Successfully registered new data callback for pattern: '^/?/bc-963/tx/[^/]+'
[2026-08-26 17:44:06][info][CRDTCallbackManager] Successfully registered deleted data callback for pattern: '^/?/bc-963/tx/[^/]+'
[2026-08-26 17:44:06][info][CRDTCallbackManager] Successfully registered new data callback for pattern: '^/?/bc-369/tx/[^/]+'
[2026-08-26 17:44:06][info][CRDTCallbackManager] Successfully registered deleted data callback for pattern: '^/?/bc-369/tx/[^/]+'
[2026-08-26 17:44:06][info][KeyPairFileStorage] Path to keypairs multi_node_finality_fault/restart-vote-validator-two/keypair
[2026-08-26 17:44:06][info][KeyPairFileStorage] Peer ID from public key: 12D3KooWSCuUcTP5ombQ5divssNkw5pNG2zQDbr3rwPNbd4MiV9z
Current limits: 16384 (soft), 9223372036854775807 (hard)
New limits set successfully: 16384 (soft), 9223372036854775807 (hard)
Initialized relay addresses
[2026-08-26 17:44:06.196376000][th:85113220][info] GossipPubSub /ip4/0.0.0.0/tcp/54602/p2p/12D3KooWSCuUcTP5ombQ5divssNkw5pNG2zQDbr3rwPNbd4MiV9z: Starting PubSub service
[2026-08-26 17:44:06.196424000][th:85113272][info] GossipPubSub Starting address monitoring system for mobile network changes
[2026-08-26 17:44:06.196434000][th:85113272][info] GossipPubSub === CURRENT NETWORK STATE ===
[2026-08-26 17:44:06.196441000][th:85113272][info] GossipPubSub Primary listening address: /ip4/0.0.0.0/tcp/54602/p2p/12D3KooWSCuUcTP5ombQ5divssNkw5pNG2zQDbr3rwPNbd4MiV9z
[2026-08-26 17:44:06.196444000][th:85113272][info] GossipPubSub Host peer info addresses (0):
[2026-08-26 17:44:06.196446000][th:85113272][info] GossipPubSub Additional addresses we track (0):
[2026-08-26 17:44:06.196448000][th:85113272][info] GossipPubSub Listening addresses (1):
[2026-08-26 17:44:06.196450000][th:85113272][info] GossipPubSub   -> /ip4/0.0.0.0/tcp/54602/p2p/12D3KooWSCuUcTP5ombQ5divssNkw5pNG2zQDbr3rwPNbd4MiV9z
[2026-08-26 17:44:06.196452000][th:85113272][info] GossipPubSub Interface addresses (0):
[2026-08-26 17:44:06.196454000][th:85113272][info] GossipPubSub === RAW OBSERVED ADDRESS DEBUG ===
[2026-08-26 17:44:06.196457000][th:85113272][info] GossipPubSub Local address: /ip4/0.0.0.0/tcp/54602/p2p/12D3KooWSCuUcTP5ombQ5divssNkw5pNG2zQDbr3rwPNbd4MiV9z -> 0 raw observed, 0 activated+confirmed
[2026-08-26 17:44:06.196459000][th:85113272][info] GossipPubSub TOTAL: 0 raw observed addresses, 0 activated+confirmed addresses
[2026-08-26 17:44:06.196461000][th:85113272][info] GossipPubSub === END RAW OBSERVED ADDRESS DEBUG ===
[2026-08-26 17:44:06.196463000][th:85113272][info] GossipPubSub Observed addresses - all (0):
[2026-08-26 17:44:06.196465000][th:85113272][info] GossipPubSub Observed addresses - confirmed only (0):
[2026-08-26 17:44:06.196467000][th:85113272][info] GossipPubSub Relay addresses (0):
[2026-08-26 17:44:06.196469000][th:85113272][warning] GossipPubSub Failed to get addresses from peer repository: not found
[2026-08-26 17:44:06.196502000][th:85113272][info] GossipPubSub Found 1 valid network interfaces
[2026-08-26 17:44:06.196504000][th:85113272][info] GossipPubSub Current network interfaces (1):
[2026-08-26 17:44:06.196506000][th:85113272][info] GossipPubSub   -> 192.168.1.6
[2026-08-26 17:44:06.196508000][th:85113272][info] GossipPubSub Active connections: 0
[2026-08-26 17:44:06.196509000][th:85113272][info] GossipPubSub === PEER CONNECTION DETAILS ===
[2026-08-26 17:44:06.196511000][th:85113272][info] GossipPubSub NOTE: Observed addresses need to be seen by 4+ different peer groups to become 'activated'
[2026-08-26 17:44:06.196512000][th:85113272][info] GossipPubSub NOTE: Current connections: 0, so max possible observers: 0
[2026-08-26 17:44:06.196514000][th:85113272][info] GossipPubSub === END PEER CONNECTION DETAILS ===
[2026-08-26 17:44:06.196515000][th:85113272][info] GossipPubSub Connection manager stats:
[2026-08-26 17:44:06.196517000][th:85113272][info] GossipPubSub   -> Max connections: 1000
[2026-08-26 17:44:06.196519000][th:85113272][info] GossipPubSub   -> Current connections: 0
[2026-08-26 17:44:06.196520000][th:85113272][info] GossipPubSub === END NETWORK STATE ===
[2026-08-26 17:44:06.196638000][th:85113272][info] GossipPubSub /ip4/0.0.0.0/tcp/54602/p2p/12D3KooWSCuUcTP5ombQ5divssNkw5pNG2zQDbr3rwPNbd4MiV9z : PubSub service started
[2026-08-26 17:44:06][info][GlobalDB] Opening database /Users/henriqueklein/gnus/SuperGenius/multi_node_finality_fault/restart-vote-validator-two/rocksdb
[2026-08-26 17:44:06][debug][GraphsyncDAGSyncer] GraphSyncer created 5526235224 
[2026-08-26 17:44:06][info][CrdtDatastore] crdt Datastore created. Number of heads: 0 Current max-height: 0
[2026-08-26 17:44:06][info][GeniusAccount] Secure storage ID path: /Users/henriqueklein/gnus/SuperGenius/multi_node_finality_fault/restart-vote-validator-two/account/secure_storage_id
[2026-08-26 17:44:06][error][GeniusAccount] Could not find existing Genius address, generating one from a random mnemonic
[2026-08-26 17:44:06][warning][UTXOManager] Found UTXOs in storage, but there were none
[2026-08-26 17:44:06][info][Blockchain] [2f682bc8] Blockchain instance created with authorized full node: 8a33bdf1
[2026-08-26 17:44:06][error][ValidatorRegistry] InitializeCache: registry content not found during cache init
[2026-08-26 17:44:06][info][CRDTCallbackManager] Successfully registered new data callback for pattern: '/?gnus-validator-registry'
[2026-08-26 17:44:06][info][ValidatorRegistry] RegisterFilter: result=true
[2026-08-26 17:44:06][info][ValidatorRegistry] New: instance ready
[2026-08-26 17:44:06.233262000][th:85113272][info] GossipPubSub /ip4/0.0.0.0/tcp/54602/p2p/12D3KooWSCuUcTP5ombQ5divssNkw5pNG2zQDbr3rwPNbd4MiV9z: PubSub subscribed to topic 'gnus-validator-registry.3.7.144'
[2026-08-26 17:44:06][info][CRDTCallbackManager] Successfully registered new data callback for pattern: '^/?cert/[^/]+'
[2026-08-26 17:44:06.233285000][th:85113272][info] GossipPubSub /ip4/0.0.0.0/tcp/54602/p2p/12D3KooWSCuUcTP5ombQ5divssNkw5pNG2zQDbr3rwPNbd4MiV9z: PubSub subscribed to topic 'consensus-channel-.3.7.144'
[2026-08-26 17:44:06][warning][Blockchain] [2f682bc8] Failed to request validator registry during blockchain init
[2026-08-26 17:44:06][info][CRDTCallbackManager] Successfully registered new data callback for pattern: '/?gnus-genesis-block'
[2026-08-26 17:44:06][info][CRDTCallbackManager] Successfully registered new data callback for pattern: '/?gnus-account-creation-.*'
[2026-08-26 17:44:06.233303000][th:85113272][info] GossipPubSub /ip4/0.0.0.0/tcp/54602/p2p/12D3KooWSCuUcTP5ombQ5divssNkw5pNG2zQDbr3rwPNbd4MiV9z: PubSub subscribed to topic 'consensus-channel-.3.7.144#datastore.3.7.144'
[2026-08-26 17:44:06][info][CRDTCallbackManager] Successfully registered new data callback for pattern: '^/?/bc-144/tx/[^/]+'
[2026-08-26 17:44:06][info][CRDTCallbackManager] Successfully registered deleted data callback for pattern: '^/?/bc-144/tx/[^/]+'
[2026-08-26 17:44:06][info][CRDTCallbackManager] Successfully registered new data callback for pattern: '^/?/bc-963/tx/[^/]+'
[2026-08-26 17:44:06][info][CRDTCallbackManager] Successfully registered deleted data callback for pattern: '^/?/bc-963/tx/[^/]+'
[2026-08-26 17:44:06][info][CRDTCallbackManager] Successfully registered new data callback for pattern: '^/?/bc-369/tx/[^/]+'
[2026-08-26 17:44:06][info][CRDTCallbackManager] Successfully registered deleted data callback for pattern: '^/?/bc-369/tx/[^/]+'
[2026-08-26 17:44:06][info][KeyPairFileStorage] Path to keypairs multi_node_finality_fault/restart-vote-validator-three/keypair
[2026-08-26 17:44:06][info][KeyPairFileStorage] Peer ID from public key: 12D3KooWR1T1pP9EyipQNbniHsFGybLtcTMeQb6TYoyqHWoK1fL8
Current limits: 16384 (soft), 9223372036854775807 (hard)
New limits set successfully: 16384 (soft), 9223372036854775807 (hard)
Initialized relay addresses
[2026-08-26 17:44:06.234890000][th:85113220][info] GossipPubSub /ip4/0.0.0.0/tcp/54603/p2p/12D3KooWR1T1pP9EyipQNbniHsFGybLtcTMeQb6TYoyqHWoK1fL8: Starting PubSub service
[2026-08-26 17:44:06.234943000][th:85113301][info] GossipPubSub Starting address monitoring system for mobile network changes
[2026-08-26 17:44:06.234947000][th:85113301][info] GossipPubSub === CURRENT NETWORK STATE ===
[2026-08-26 17:44:06.234953000][th:85113301][info] GossipPubSub Primary listening address: /ip4/0.0.0.0/tcp/54603/p2p/12D3KooWR1T1pP9EyipQNbniHsFGybLtcTMeQb6TYoyqHWoK1fL8
[2026-08-26 17:44:06.234955000][th:85113301][info] GossipPubSub Host peer info addresses (0):
[2026-08-26 17:44:06.234957000][th:85113301][info] GossipPubSub Additional addresses we track (0):
[2026-08-26 17:44:06.234960000][th:85113301][info] GossipPubSub Listening addresses (1):
[2026-08-26 17:44:06.234962000][th:85113301][info] GossipPubSub   -> /ip4/0.0.0.0/tcp/54603/p2p/12D3KooWR1T1pP9EyipQNbniHsFGybLtcTMeQb6TYoyqHWoK1fL8
[2026-08-26 17:44:06.234964000][th:85113301][info] GossipPubSub Interface addresses (0):
[2026-08-26 17:44:06.234966000][th:85113301][info] GossipPubSub === RAW OBSERVED ADDRESS DEBUG ===
[2026-08-26 17:44:06.234969000][th:85113301][info] GossipPubSub Local address: /ip4/0.0.0.0/tcp/54603/p2p/12D3KooWR1T1pP9EyipQNbniHsFGybLtcTMeQb6TYoyqHWoK1fL8 -> 0 raw observed, 0 activated+confirmed
[2026-08-26 17:44:06.234970000][th:85113301][info] GossipPubSub TOTAL: 0 raw observed addresses, 0 activated+confirmed addresses
[2026-08-26 17:44:06.234972000][th:85113301][info] GossipPubSub === END RAW OBSERVED ADDRESS DEBUG ===
[2026-08-26 17:44:06.234978000][th:85113301][info] GossipPubSub Observed addresses - all (0):
[2026-08-26 17:44:06.234980000][th:85113301][info] GossipPubSub Observed addresses - confirmed only (0):
[2026-08-26 17:44:06.234982000][th:85113301][info] GossipPubSub Relay addresses (0):
[2026-08-26 17:44:06.234984000][th:85113301][warning] GossipPubSub Failed to get addresses from peer repository: not found
[2026-08-26 17:44:06.235020000][th:85113301][info] GossipPubSub Found 1 valid network interfaces
[2026-08-26 17:44:06.235023000][th:85113301][info] GossipPubSub Current network interfaces (1):
[2026-08-26 17:44:06.235024000][th:85113301][info] GossipPubSub   -> 192.168.1.6
[2026-08-26 17:44:06.235027000][th:85113301][info] GossipPubSub Active connections: 0
[2026-08-26 17:44:06.235028000][th:85113301][info] GossipPubSub === PEER CONNECTION DETAILS ===
[2026-08-26 17:44:06.235029000][th:85113301][info] GossipPubSub NOTE: Observed addresses need to be seen by 4+ different peer groups to become 'activated'
[2026-08-26 17:44:06.235031000][th:85113301][info] GossipPubSub NOTE: Current connections: 0, so max possible observers: 0
[2026-08-26 17:44:06.235033000][th:85113301][info] GossipPubSub === END PEER CONNECTION DETAILS ===
[2026-08-26 17:44:06.235034000][th:85113301][info] GossipPubSub Connection manager stats:
[2026-08-26 17:44:06.235036000][th:85113301][info] GossipPubSub   -> Max connections: 1000
[2026-08-26 17:44:06.235038000][th:85113301][info] GossipPubSub   -> Current connections: 0
[2026-08-26 17:44:06.235039000][th:85113301][info] GossipPubSub === END NETWORK STATE ===
[2026-08-26 17:44:06.235187000][th:85113301][info] GossipPubSub /ip4/0.0.0.0/tcp/54603/p2p/12D3KooWR1T1pP9EyipQNbniHsFGybLtcTMeQb6TYoyqHWoK1fL8 : PubSub service started
[2026-08-26 17:44:06][info][GlobalDB] Opening database /Users/henriqueklein/gnus/SuperGenius/multi_node_finality_fault/restart-vote-validator-three/rocksdb
[2026-08-26 17:44:06][debug][GraphsyncDAGSyncer] GraphSyncer created 5536513128 
[2026-08-26 17:44:06][info][CrdtDatastore] crdt Datastore created. Number of heads: 0 Current max-height: 0
[2026-08-26 17:44:06][info][GeniusAccount] Secure storage ID path: /Users/henriqueklein/gnus/SuperGenius/multi_node_finality_fault/restart-vote-validator-three/account/secure_storage_id
[2026-08-26 17:44:06][error][GeniusAccount] Could not find existing Genius address, generating one from a random mnemonic
[2026-08-26 17:44:06][warning][UTXOManager] Found UTXOs in storage, but there were none
[2026-08-26 17:44:06][info][Blockchain] [cc90227a] Blockchain instance created with authorized full node: 8a33bdf1
[2026-08-26 17:44:06][error][ValidatorRegistry] InitializeCache: registry content not found during cache init
[2026-08-26 17:44:06][info][CRDTCallbackManager] Successfully registered new data callback for pattern: '/?gnus-validator-registry'
[2026-08-26 17:44:06][info][ValidatorRegistry] RegisterFilter: result=true
[2026-08-26 17:44:06][info][ValidatorRegistry] New: instance ready
[2026-08-26 17:44:06.278284000][th:85113301][info] GossipPubSub /ip4/0.0.0.0/tcp/54603/p2p/12D3KooWR1T1pP9EyipQNbniHsFGybLtcTMeQb6TYoyqHWoK1fL8: PubSub subscribed to topic 'gnus-validator-registry.3.7.144'
[2026-08-26 17:44:06][info][CRDTCallbackManager] Successfully registered new data callback for pattern: '^/?cert/[^/]+'
[2026-08-26 17:44:06.278306000][th:85113301][info] GossipPubSub /ip4/0.0.0.0/tcp/54603/p2p/12D3KooWR1T1pP9EyipQNbniHsFGybLtcTMeQb6TYoyqHWoK1fL8: PubSub subscribed to topic 'consensus-channel-.3.7.144'
[2026-08-26 17:44:06][warning][Blockchain] [cc90227a] Failed to request validator registry during blockchain init
[2026-08-26 17:44:06][info][CRDTCallbackManager] Successfully registered new data callback for pattern: '/?gnus-genesis-block'
[2026-08-26 17:44:06.278326000][th:85113301][info] GossipPubSub /ip4/0.0.0.0/tcp/54603/p2p/12D3KooWR1T1pP9EyipQNbniHsFGybLtcTMeQb6TYoyqHWoK1fL8: PubSub subscribed to topic 'consensus-channel-.3.7.144#datastore.3.7.144'
[2026-08-26 17:44:06][info][CRDTCallbackManager] Successfully registered new data callback for pattern: '/?gnus-account-creation-.*'
[2026-08-26 17:44:06][info][CRDTCallbackManager] Successfully registered new data callback for pattern: '^/?/bc-144/tx/[^/]+'
[2026-08-26 17:44:06][info][CRDTCallbackManager] Successfully registered deleted data callback for pattern: '^/?/bc-144/tx/[^/]+'
[2026-08-26 17:44:06][info][CRDTCallbackManager] Successfully registered new data callback for pattern: '^/?/bc-963/tx/[^/]+'
[2026-08-26 17:44:06][info][CRDTCallbackManager] Successfully registered deleted data callback for pattern: '^/?/bc-963/tx/[^/]+'
[2026-08-26 17:44:06][info][CRDTCallbackManager] Successfully registered new data callback for pattern: '^/?/bc-369/tx/[^/]+'
[2026-08-26 17:44:06][info][CRDTCallbackManager] Successfully registered deleted data callback for pattern: '^/?/bc-369/tx/[^/]+'
[2026-08-26 17:44:06][info][KeyPairFileStorage] Path to keypairs multi_node_finality_fault/restart-vote-passive/keypair
[2026-08-26 17:44:06][info][KeyPairFileStorage] Peer ID from public key: 12D3KooWK1qGqt2xuvfMUkqJDuXhdYRZwPptxqCMDDgFfVhMzNJZ
Current limits: 16384 (soft), 9223372036854775807 (hard)
New limits set successfully: 16384 (soft), 9223372036854775807 (hard)
Initialized relay addresses
[2026-08-26 17:44:06.279959000][th:85113220][info] GossipPubSub /ip4/0.0.0.0/tcp/54604/p2p/12D3KooWK1qGqt2xuvfMUkqJDuXhdYRZwPptxqCMDDgFfVhMzNJZ: Starting PubSub service
[2026-08-26 17:44:06.280017000][th:85113324][info] GossipPubSub Starting address monitoring system for mobile network changes
[2026-08-26 17:44:06.280023000][th:85113324][info] GossipPubSub === CURRENT NETWORK STATE ===
[2026-08-26 17:44:06.280030000][th:85113324][info] GossipPubSub Primary listening address: /ip4/0.0.0.0/tcp/54604/p2p/12D3KooWK1qGqt2xuvfMUkqJDuXhdYRZwPptxqCMDDgFfVhMzNJZ
[2026-08-26 17:44:06.280033000][th:85113324][info] GossipPubSub Host peer info addresses (0):
[2026-08-26 17:44:06.280035000][th:85113324][info] GossipPubSub Additional addresses we track (0):
[2026-08-26 17:44:06.280037000][th:85113324][info] GossipPubSub Listening addresses (1):
[2026-08-26 17:44:06.280039000][th:85113324][info] GossipPubSub   -> /ip4/0.0.0.0/tcp/54604/p2p/12D3KooWK1qGqt2xuvfMUkqJDuXhdYRZwPptxqCMDDgFfVhMzNJZ
[2026-08-26 17:44:06.280041000][th:85113324][info] GossipPubSub Interface addresses (0):
[2026-08-26 17:44:06.280043000][th:85113324][info] GossipPubSub === RAW OBSERVED ADDRESS DEBUG ===
[2026-08-26 17:44:06.280045000][th:85113324][info] GossipPubSub Local address: /ip4/0.0.0.0/tcp/54604/p2p/12D3KooWK1qGqt2xuvfMUkqJDuXhdYRZwPptxqCMDDgFfVhMzNJZ -> 0 raw observed, 0 activated+confirmed
[2026-08-26 17:44:06.280047000][th:85113324][info] GossipPubSub TOTAL: 0 raw observed addresses, 0 activated+confirmed addresses
[2026-08-26 17:44:06.280048000][th:85113324][info] GossipPubSub === END RAW OBSERVED ADDRESS DEBUG ===
[2026-08-26 17:44:06.280050000][th:85113324][info] GossipPubSub Observed addresses - all (0):
[2026-08-26 17:44:06.280052000][th:85113324][info] GossipPubSub Observed addresses - confirmed only (0):
[2026-08-26 17:44:06.280053000][th:85113324][info] GossipPubSub Relay addresses (0):
[2026-08-26 17:44:06.280056000][th:85113324][warning] GossipPubSub Failed to get addresses from peer repository: not found
[2026-08-26 17:44:06.280092000][th:85113324][info] GossipPubSub Found 1 valid network interfaces
[2026-08-26 17:44:06.280094000][th:85113324][info] GossipPubSub Current network interfaces (1):
[2026-08-26 17:44:06.280096000][th:85113324][info] GossipPubSub   -> 192.168.1.6
[2026-08-26 17:44:06.280098000][th:85113324][info] GossipPubSub Active connections: 0
[2026-08-26 17:44:06.280099000][th:85113324][info] GossipPubSub === PEER CONNECTION DETAILS ===
[2026-08-26 17:44:06.280101000][th:85113324][info] GossipPubSub NOTE: Observed addresses need to be seen by 4+ different peer groups to become 'activated'
[2026-08-26 17:44:06.280102000][th:85113324][info] GossipPubSub NOTE: Current connections: 0, so max possible observers: 0
[2026-08-26 17:44:06.280104000][th:85113324][info] GossipPubSub === END PEER CONNECTION DETAILS ===
[2026-08-26 17:44:06.280110000][th:85113324][info] GossipPubSub Connection manager stats:
[2026-08-26 17:44:06.280111000][th:85113324][info] GossipPubSub   -> Max connections: 1000
[2026-08-26 17:44:06.280113000][th:85113324][info] GossipPubSub   -> Current connections: 0
[2026-08-26 17:44:06.280114000][th:85113324][info] GossipPubSub === END NETWORK STATE ===
[2026-08-26 17:44:06.280247000][th:85113324][info] GossipPubSub /ip4/0.0.0.0/tcp/54604/p2p/12D3KooWK1qGqt2xuvfMUkqJDuXhdYRZwPptxqCMDDgFfVhMzNJZ : PubSub service started
[2026-08-26 17:44:06][info][GlobalDB] Opening database /Users/henriqueklein/gnus/SuperGenius/multi_node_finality_fault/restart-vote-passive/rocksdb
[2026-08-26 17:44:06][debug][GraphsyncDAGSyncer] GraphSyncer created 5526343688 
[2026-08-26 17:44:06][info][CrdtDatastore] crdt Datastore created. Number of heads: 0 Current max-height: 0
[2026-08-26 17:44:06][info][GeniusAccount] Secure storage ID path: /Users/henriqueklein/gnus/SuperGenius/multi_node_finality_fault/restart-vote-passive/account/secure_storage_id
[2026-08-26 17:44:06][error][GeniusAccount] Could not find existing Genius address, generating one from a random mnemonic
[2026-08-26 17:44:06][warning][UTXOManager] Found UTXOs in storage, but there were none
[2026-08-26 17:44:06][info][Blockchain] [ad176edb] Blockchain instance created with authorized full node: 8a33bdf1
[2026-08-26 17:44:06][error][ValidatorRegistry] InitializeCache: registry content not found during cache init
[2026-08-26 17:44:06][info][CRDTCallbackManager] Successfully registered new data callback for pattern: '/?gnus-validator-registry'
[2026-08-26 17:44:06][info][ValidatorRegistry] RegisterFilter: result=true
[2026-08-26 17:44:06][info][ValidatorRegistry] New: instance ready
[2026-08-26 17:44:06.318264000][th:85113324][info] GossipPubSub /ip4/0.0.0.0/tcp/54604/p2p/12D3KooWK1qGqt2xuvfMUkqJDuXhdYRZwPptxqCMDDgFfVhMzNJZ: PubSub subscribed to topic 'gnus-validator-registry.3.7.144'
[2026-08-26 17:44:06][info][CRDTCallbackManager] Successfully registered new data callback for pattern: '^/?cert/[^/]+'
[2026-08-26 17:44:06.318285000][th:85113324][info] GossipPubSub /ip4/0.0.0.0/tcp/54604/p2p/12D3KooWK1qGqt2xuvfMUkqJDuXhdYRZwPptxqCMDDgFfVhMzNJZ: PubSub subscribed to topic 'consensus-channel-.3.7.144'
[2026-08-26 17:44:06.318304000][th:85113324][info] GossipPubSub /ip4/0.0.0.0/tcp/54604/p2p/12D3KooWK1qGqt2xuvfMUkqJDuXhdYRZwPptxqCMDDgFfVhMzNJZ: PubSub subscribed to topic 'consensus-channel-.3.7.144#datastore.3.7.144'
[2026-08-26 17:44:06][warning][Blockchain] [ad176edb] Failed to request validator registry during blockchain init
[2026-08-26 17:44:06][info][CRDTCallbackManager] Successfully registered new data callback for pattern: '/?gnus-genesis-block'
[2026-08-26 17:44:06][info][CRDTCallbackManager] Successfully registered new data callback for pattern: '/?gnus-account-creation-.*'
[2026-08-26 17:44:06][info][CRDTCallbackManager] Successfully registered new data callback for pattern: '^/?/bc-144/tx/[^/]+'
[2026-08-26 17:44:06][info][CRDTCallbackManager] Successfully registered deleted data callback for pattern: '^/?/bc-144/tx/[^/]+'
[2026-08-26 17:44:06][info][CRDTCallbackManager] Successfully registered new data callback for pattern: '^/?/bc-963/tx/[^/]+'
[2026-08-26 17:44:06][info][CRDTCallbackManager] Successfully registered deleted data callback for pattern: '^/?/bc-963/tx/[^/]+'
[2026-08-26 17:44:06][info][CRDTCallbackManager] Successfully registered new data callback for pattern: '^/?/bc-369/tx/[^/]+'
[2026-08-26 17:44:06][info][CRDTCallbackManager] Successfully registered deleted data callback for pattern: '^/?/bc-369/tx/[^/]+'
[2026-08-26 17:44:06][info][CrdtDatastore] Topics { name="gnus-validator-registry" }
[2026-08-26 17:44:06][info][CRDTCallbackManager] Executing callback for key '/gnus-validator-registry' matching pattern '/?gnus-validator-registry'
[2026-08-26 17:44:06][info][ValidatorRegistry] RegistryUpdateReceived: cache updated and initialized
[2026-08-26 17:44:06][debug][GraphsyncDAGSyncer] addNode: Added node QmXKbHRzrMZdwmAZng6BkrSXQ7kAMaoA5jT8tBqmN2QYT5 on dagService 
[2026-08-26 17:44:06][info][ValidatorRegistry] StoreRegistryUpdate: stored registry update CID QmXKbHRzrMZdwmAZng6BkrSXQ7kAMaoA5jT8tBqmN2QYT5
[2026-08-26 17:44:06][info][ValidatorRegistry] StoreRegistryUpdate: success
[2026-08-26 17:44:06][info][CrdtDatastore] Topics { name="gnus-validator-registry" }
[2026-08-26 17:44:06][info][CRDTCallbackManager] Executing callback for key '/gnus-validator-registry' matching pattern '/?gnus-validator-registry'
[2026-08-26 17:44:06][info][ValidatorRegistry] RegistryUpdateReceived: cache updated and initialized
[2026-08-26 17:44:06][debug][GraphsyncDAGSyncer] addNode: Added node QmXKbHRzrMZdwmAZng6BkrSXQ7kAMaoA5jT8tBqmN2QYT5 on dagService 
[2026-08-26 17:44:06][info][ValidatorRegistry] StoreRegistryUpdate: stored registry update CID QmXKbHRzrMZdwmAZng6BkrSXQ7kAMaoA5jT8tBqmN2QYT5
[2026-08-26 17:44:06][info][ValidatorRegistry] StoreRegistryUpdate: success
[2026-08-26 17:44:06][info][CrdtDatastore] Topics { name="gnus-validator-registry" }
[2026-08-26 17:44:06][info][CRDTCallbackManager] Executing callback for key '/gnus-validator-registry' matching pattern '/?gnus-validator-registry'
[2026-08-26 17:44:06][info][ValidatorRegistry] RegistryUpdateReceived: cache updated and initialized
[2026-08-26 17:44:06][debug][GraphsyncDAGSyncer] addNode: Added node QmXKbHRzrMZdwmAZng6BkrSXQ7kAMaoA5jT8tBqmN2QYT5 on dagService 
[2026-08-26 17:44:06][info][ValidatorRegistry] StoreRegistryUpdate: stored registry update CID QmXKbHRzrMZdwmAZng6BkrSXQ7kAMaoA5jT8tBqmN2QYT5
[2026-08-26 17:44:06][info][ValidatorRegistry] StoreRegistryUpdate: success
[2026-08-26 17:44:06][info][CrdtDatastore] Topics { name="gnus-validator-registry" }
[2026-08-26 17:44:06][info][CRDTCallbackManager] Executing callback for key '/gnus-validator-registry' matching pattern '/?gnus-validator-registry'
[2026-08-26 17:44:06][info][ValidatorRegistry] RegistryUpdateReceived: cache updated and initialized
[2026-08-26 17:44:06][debug][GraphsyncDAGSyncer] addNode: Added node QmXKbHRzrMZdwmAZng6BkrSXQ7kAMaoA5jT8tBqmN2QYT5 on dagService 
[2026-08-26 17:44:06][info][ValidatorRegistry] StoreRegistryUpdate: stored registry update CID QmXKbHRzrMZdwmAZng6BkrSXQ7kAMaoA5jT8tBqmN2QYT5
[2026-08-26 17:44:06][info][ValidatorRegistry] StoreRegistryUpdate: success
[2026-08-26 17:44:06][info][TransactionManager] [dd1693dc - full: false] ChangeTransactionState: Temp tracking entry created tx=c62296fe67123969162637c4c12345b50a7a0e430e530f2aa0ec1ac8512ee312
[2026-08-26 17:44:08][info][CRDTCallbackManager] Successfully unregistered new data callback for pattern: '^/?/bc-144/tx/[^/]+'
[2026-08-26 17:44:08][info][CRDTCallbackManager] Successfully unregistered deleted data callback for pattern: '^/?/bc-144/tx/[^/]+'
[2026-08-26 17:44:08][info][CRDTCallbackManager] Successfully unregistered new data callback for pattern: '^/?/bc-963/tx/[^/]+'
[2026-08-26 17:44:08][info][CRDTCallbackManager] Successfully unregistered deleted data callback for pattern: '^/?/bc-963/tx/[^/]+'
[2026-08-26 17:44:08][info][CRDTCallbackManager] Successfully unregistered new data callback for pattern: '^/?/bc-369/tx/[^/]+'
[2026-08-26 17:44:08][info][CRDTCallbackManager] Successfully unregistered deleted data callback for pattern: '^/?/bc-369/tx/[^/]+'
[2026-08-26 17:44:08][info][TransactionManager] [dd1693dc - full: false] ~TransactionManager: Metrics — cert_fallback(success=0 failure=0) validation(approve=1 reject=0) tracking(insert=1 confirm=0 fail=0)
[2026-08-26 17:44:08][info][Blockchain] [dd1693dc] Stopping blockchain
[2026-08-26 17:44:08][info][CRDTCallbackManager] Successfully unregistered new data callback for pattern: '/?gnus-genesis-block'
[2026-08-26 17:44:08][info][CRDTCallbackManager] Successfully unregistered new data callback for pattern: '/?gnus-account-creation-.*'
[2026-08-26 17:44:08][info][CRDTCallbackManager] Successfully unregistered new data callback for pattern: '/?gnus-validator-registry'
[2026-08-26 17:44:08.727478000][th:85113250][error] GossipPubSub Address monitoring timer error: Operation canceled
[2026-08-26 17:44:08][error][PubSubBroadcasterExt] No message to process
[2026-08-26 17:44:08][error][PubSubBroadcasterExt] No message to process
[2026-08-26 17:44:09][debug][GlobalDB] ~GlobalDB CALLED with count 6 on multi_node_finality_fault/restart-vote-validator-one/rocksdb 
[2026-08-26 17:44:09][info][GlobalDB] GlobalDB shutdown start
[2026-08-26 17:44:09][info][CrdtDatastore] CancelAndCloseNow: begin (pending_jobs=0, self_queue=0, root_queue=0, pending_roots=0, active_root=false)
[2026-08-26 17:44:09][debug][GraphsyncDAGSyncer] Stopping Dagsyncer
[2026-08-26 17:44:09][debug][GraphsyncDAGSyncer] Dagsyncer Stopped
[2026-08-26 17:44:10][info][CrdtDatastore] CancelAndCloseNow: CRDT workers stopped
[2026-08-26 17:44:10][warning][CrdtDatastore] CancelAndCloseNow called but shutdown has already started
[2026-08-26 17:44:10][debug][GraphsyncDAGSyncer] ~GraphsyncDAGSyncer CALLED
[2026-08-26 17:44:10][info][GlobalDB] GlobalDB shutdown finished
[2026-08-26 17:44:10][info][KeyPairFileStorage] Path to keypairs multi_node_finality_fault/restart-vote-validator-one/keypair
[2026-08-26 17:44:10][info][KeyPairFileStorage] Peer ID from public key: 12D3KooWGUtkT6LMh2rVBZ5te3a8kV8n53B8Lj41D7FXyN8Z6EMG
Current limits: 16384 (soft), 9223372036854775807 (hard)
New limits set successfully: 16384 (soft), 9223372036854775807 (hard)
Initialized relay addresses
[2026-08-26 17:44:10.226963000][th:85113220][info] GossipPubSub /ip4/0.0.0.0/tcp/54601/p2p/12D3KooWGUtkT6LMh2rVBZ5te3a8kV8n53B8Lj41D7FXyN8Z6EMG: Starting PubSub service
[2026-08-26 17:44:10.227023000][th:85113376][info] GossipPubSub Starting address monitoring system for mobile network changes
[2026-08-26 17:44:10.227027000][th:85113376][info] GossipPubSub === CURRENT NETWORK STATE ===
[2026-08-26 17:44:10.227035000][th:85113376][info] GossipPubSub Primary listening address: /ip4/0.0.0.0/tcp/54601/p2p/12D3KooWGUtkT6LMh2rVBZ5te3a8kV8n53B8Lj41D7FXyN8Z6EMG
[2026-08-26 17:44:10.227037000][th:85113376][info] GossipPubSub Host peer info addresses (0):
[2026-08-26 17:44:10.227039000][th:85113376][info] GossipPubSub Additional addresses we track (0):
[2026-08-26 17:44:10.227041000][th:85113376][info] GossipPubSub Listening addresses (1):
[2026-08-26 17:44:10.227043000][th:85113376][info] GossipPubSub   -> /ip4/0.0.0.0/tcp/54601/p2p/12D3KooWGUtkT6LMh2rVBZ5te3a8kV8n53B8Lj41D7FXyN8Z6EMG
[2026-08-26 17:44:10.227045000][th:85113376][info] GossipPubSub Interface addresses (0):
[2026-08-26 17:44:10.227046000][th:85113376][info] GossipPubSub === RAW OBSERVED ADDRESS DEBUG ===
[2026-08-26 17:44:10.227049000][th:85113376][info] GossipPubSub Local address: /ip4/0.0.0.0/tcp/54601/p2p/12D3KooWGUtkT6LMh2rVBZ5te3a8kV8n53B8Lj41D7FXyN8Z6EMG -> 0 raw observed, 0 activated+confirmed
[2026-08-26 17:44:10.227051000][th:85113376][info] GossipPubSub TOTAL: 0 raw observed addresses, 0 activated+confirmed addresses
[2026-08-26 17:44:10.227053000][th:85113376][info] GossipPubSub === END RAW OBSERVED ADDRESS DEBUG ===
[2026-08-26 17:44:10.227054000][th:85113376][info] GossipPubSub Observed addresses - all (0):
[2026-08-26 17:44:10.227056000][th:85113376][info] GossipPubSub Observed addresses - confirmed only (0):
[2026-08-26 17:44:10.227058000][th:85113376][info] GossipPubSub Relay addresses (0):
[2026-08-26 17:44:10.227061000][th:85113376][warning] GossipPubSub Failed to get addresses from peer repository: not found
[2026-08-26 17:44:10.227091000][th:85113376][info] GossipPubSub Found 1 valid network interfaces
[2026-08-26 17:44:10.227093000][th:85113376][info] GossipPubSub Current network interfaces (1):
[2026-08-26 17:44:10.227094000][th:85113376][info] GossipPubSub   -> 192.168.1.6
[2026-08-26 17:44:10.227096000][th:85113376][info] GossipPubSub Active connections: 0
[2026-08-26 17:44:10.227097000][th:85113376][info] GossipPubSub === PEER CONNECTION DETAILS ===
[2026-08-26 17:44:10.227098000][th:85113376][info] GossipPubSub NOTE: Observed addresses need to be seen by 4+ different peer groups to become 'activated'
[2026-08-26 17:44:10.227100000][th:85113376][info] GossipPubSub NOTE: Current connections: 0, so max possible observers: 0
[2026-08-26 17:44:10.227108000][th:85113376][info] GossipPubSub === END PEER CONNECTION DETAILS ===
[2026-08-26 17:44:10.227110000][th:85113376][info] GossipPubSub Connection manager stats:
[2026-08-26 17:44:10.227111000][th:85113376][info] GossipPubSub   -> Max connections: 1000
[2026-08-26 17:44:10.227112000][th:85113376][info] GossipPubSub   -> Current connections: 0
[2026-08-26 17:44:10.227114000][th:85113376][info] GossipPubSub === END NETWORK STATE ===
[2026-08-26 17:44:10.227232000][th:85113376][info] GossipPubSub /ip4/0.0.0.0/tcp/54601/p2p/12D3KooWGUtkT6LMh2rVBZ5te3a8kV8n53B8Lj41D7FXyN8Z6EMG : PubSub service started
[2026-08-26 17:44:10][info][GlobalDB] Opening database /Users/henriqueklein/gnus/SuperGenius/multi_node_finality_fault/restart-vote-validator-one/rocksdb
[2026-08-26 17:44:10][debug][GraphsyncDAGSyncer] GraphSyncer created 5539141928 
[2026-08-26 17:44:10][info][CrdtDatastore] crdt Datastore created. Number of heads: 1 Current max-height: 1
[2026-08-26 17:44:10][info][GeniusAccount] Secure storage ID path: /Users/henriqueklein/gnus/SuperGenius/multi_node_finality_fault/restart-vote-validator-one/account/secure_storage_id
[2026-08-26 17:44:10][info][GeniusAccount] Loaded public key from file: dd1693dcbb880f50... (length: 128)
[2026-08-26 17:44:10][info][GeniusAccount] Successfully loaded key_seed from storage
[2026-08-26 17:44:10][info][GeniusAccount] Validation successful: key_seed matches stored public key
[2026-08-26 17:44:10][warning][UTXOManager] Found UTXOs in storage, but there were none
[2026-08-26 17:44:10][info][Blockchain] [dd1693dc] Blockchain instance created with authorized full node: 8a33bdf1
[2026-08-26 17:44:10][info][ValidatorRegistry] InitializeCache: cache initialized with CID QmXKbHRzrMZdwmAZng6BkrSXQ7kAMaoA5jT8tBqmN2QYT5
[2026-08-26 17:44:10][info][CRDTCallbackManager] Successfully registered new data callback for pattern: '/?gnus-validator-registry'
[2026-08-26 17:44:10][info][ValidatorRegistry] RegisterFilter: result=true
[2026-08-26 17:44:10][info][ValidatorRegistry] New: instance ready
[2026-08-26 17:44:10.253648000][th:85113376][info] GossipPubSub /ip4/0.0.0.0/tcp/54601/p2p/12D3KooWGUtkT6LMh2rVBZ5te3a8kV8n53B8Lj41D7FXyN8Z6EMG: PubSub subscribed to topic 'gnus-validator-registry.3.7.144'
[2026-08-26 17:44:10.253671000][th:85113376][info] GossipPubSub /ip4/0.0.0.0/tcp/54601/p2p/12D3KooWGUtkT6LMh2rVBZ5te3a8kV8n53B8Lj41D7FXyN8Z6EMG: PubSub subscribed to topic 'consensus-channel-.3.7.144'
[2026-08-26 17:44:10][info][CRDTCallbackManager] Successfully registered new data callback for pattern: '^/?cert/[^/]+'
[2026-08-26 17:44:10.254394000][th:85113376][info] GossipPubSub /ip4/0.0.0.0/tcp/54601/p2p/12D3KooWGUtkT6LMh2rVBZ5te3a8kV8n53B8Lj41D7FXyN8Z6EMG: PubSub subscribed to topic 'consensus-channel-.3.7.144#datastore.3.7.144'
[2026-08-26 17:44:10][info][CRDTCallbackManager] Successfully registered new data callback for pattern: '/?gnus-genesis-block'
[2026-08-26 17:44:10][info][CRDTCallbackManager] Successfully registered new data callback for pattern: '/?gnus-account-creation-.*'
[2026-08-26 17:44:10][info][CRDTCallbackManager] Successfully registered new data callback for pattern: '^/?/bc-144/tx/[^/]+'
[2026-08-26 17:44:10][info][CRDTCallbackManager] Successfully registered deleted data callback for pattern: '^/?/bc-144/tx/[^/]+'
[2026-08-26 17:44:10][info][CRDTCallbackManager] Successfully registered new data callback for pattern: '^/?/bc-963/tx/[^/]+'
[2026-08-26 17:44:10][info][CRDTCallbackManager] Successfully registered deleted data callback for pattern: '^/?/bc-963/tx/[^/]+'
[2026-08-26 17:44:10][info][CRDTCallbackManager] Successfully registered new data callback for pattern: '^/?/bc-369/tx/[^/]+'
[2026-08-26 17:44:10][info][CRDTCallbackManager] Successfully registered deleted data callback for pattern: '^/?/bc-369/tx/[^/]+'
[2026-08-26 17:44:10.255190000][th:85113376][info] GossipPubSub Adding new peer: 12D3KooWSCuUcTP5ombQ5divssNkw5pNG2zQDbr3rwPNbd4MiV9z
[2026-08-26 17:44:10.255244000][th:85113376][info] GossipPubSub Adding new peer: 12D3KooWR1T1pP9EyipQNbniHsFGybLtcTMeQb6TYoyqHWoK1fL8
[2026-08-26 17:44:10.255290000][th:85113376][info] GossipPubSub Adding new peer: 12D3KooWK1qGqt2xuvfMUkqJDuXhdYRZwPptxqCMDDgFfVhMzNJZ
[2026-08-26 17:44:10.255294000][th:85113272][info] GossipPubSub Adding new peer: 12D3KooWGUtkT6LMh2rVBZ5te3a8kV8n53B8Lj41D7FXyN8Z6EMG
[2026-08-26 17:44:10.255348000][th:85113272][info] GossipPubSub Adding new peer: 12D3KooWR1T1pP9EyipQNbniHsFGybLtcTMeQb6TYoyqHWoK1fL8
[2026-08-26 17:44:10.255389000][th:85113301][info] GossipPubSub Adding new peer: 12D3KooWGUtkT6LMh2rVBZ5te3a8kV8n53B8Lj41D7FXyN8Z6EMG
[2026-08-26 17:44:10.255389000][th:85113272][info] GossipPubSub Adding new peer: 12D3KooWK1qGqt2xuvfMUkqJDuXhdYRZwPptxqCMDDgFfVhMzNJZ
[2026-08-26 17:44:10.255421000][th:85113301][info] GossipPubSub Adding new peer: 12D3KooWSCuUcTP5ombQ5divssNkw5pNG2zQDbr3rwPNbd4MiV9z
[2026-08-26 17:44:10.255453000][th:85113301][info] GossipPubSub Adding new peer: 12D3KooWK1qGqt2xuvfMUkqJDuXhdYRZwPptxqCMDDgFfVhMzNJZ
[2026-08-26 17:44:10.255488000][th:85113324][info] GossipPubSub Adding new peer: 12D3KooWGUtkT6LMh2rVBZ5te3a8kV8n53B8Lj41D7FXyN8Z6EMG
[2026-08-26 17:44:10.255520000][th:85113324][info] GossipPubSub Adding new peer: 12D3KooWSCuUcTP5ombQ5divssNkw5pNG2zQDbr3rwPNbd4MiV9z
[2026-08-26 17:44:10.255552000][th:85113324][info] GossipPubSub Adding new peer: 12D3KooWR1T1pP9EyipQNbniHsFGybLtcTMeQb6TYoyqHWoK1fL8
[2026-08-26 17:44:10][info][TransactionManager] [dd1693dc - full: false] ChangeTransactionState: Temp tracking entry created tx=c62296fe67123969162637c4c12345b50a7a0e430e530f2aa0ec1ac8512ee312
[2026-08-26 17:44:10][info][TransactionManager] [cc90227a - full: false] ChangeTransactionState: Temp tracking entry created tx=c62296fe67123969162637c4c12345b50a7a0e430e530f2aa0ec1ac8512ee312
[2026-08-26 17:44:10][info][TransactionManager] [ad176edb - full: false] ChangeTransactionState: Temp tracking entry created tx=c62296fe67123969162637c4c12345b50a7a0e430e530f2aa0ec1ac8512ee312
[2026-08-26 17:44:10][info][TransactionManager] [2f682bc8 - full: false] ChangeTransactionState: Temp tracking entry created tx=c62296fe67123969162637c4c12345b50a7a0e430e530f2aa0ec1ac8512ee312
[2026-08-26 17:44:14][info][CrdtDatastore] Topics { name="consensus-channel-.3.7.144#datastore" }
[2026-08-26 17:44:14][info][CRDTCallbackManager] Executing callback for key '/cert/mint-v2:test:0000000000000000000000000000000000000000000000000000000000000000:42:dd1693dcbb880f506125758afa17a4837378fd04a925544e7f584a668e77505c920bf6763f3a573550e1136fdec175037913affb678e80c248855ba52bb4ad5e:cccccccccccccccccccccccccccccccccccccccccccccccccccccccccccccccc' matching pattern '^/?cert/[^/]+'
[2026-08-26 17:44:14][debug][GraphsyncDAGSyncer] addNode: Added node QmeRuHNhDCnabmY7DeMaU3ZGeKbgmGEaf7gsZ3n9vdB2bY on dagService 
[2026-08-26 17:44:14][info][UTXOManager] Stored 1 UTXOs for address dd1693dcbb880f506125758afa17a4837378fd04a925544e7f584a668e77505c920bf6763f3a573550e1136fdec175037913affb678e80c248855ba52bb4ad5e
[2026-08-26 17:44:14][debug][GraphsyncDAGSyncer] Registered new peer 12D3KooWSCuUcTP5ombQ5divssNkw5pNG2zQDbr3rwPNbd4MiV9z with key 0
[2026-08-26 17:44:14][debug][GraphsyncDAGSyncer] Registered new peer 12D3KooWSCuUcTP5ombQ5divssNkw5pNG2zQDbr3rwPNbd4MiV9z with key 0
[2026-08-26 17:44:14][debug][GraphsyncDAGSyncer] Registered new peer 12D3KooWSCuUcTP5ombQ5divssNkw5pNG2zQDbr3rwPNbd4MiV9z with key 0
[2026-08-26 17:44:14][debug][GraphsyncDAGSyncer] Added route for CID QmeRuHNhDCnabmY7DeMaU3ZGeKbgmGEaf7gsZ3n9vdB2bY to peer 12D3KooWSCuUcTP5ombQ5divssNkw5pNG2zQDbr3rwPNbd4MiV9z (key 0, route_count=1)
[2026-08-26 17:44:14][debug][GraphsyncDAGSyncer] Added route for CID QmeRuHNhDCnabmY7DeMaU3ZGeKbgmGEaf7gsZ3n9vdB2bY to peer 12D3KooWSCuUcTP5ombQ5divssNkw5pNG2zQDbr3rwPNbd4MiV9z (key 0, route_count=1)
[2026-08-26 17:44:14][info][UTXOManager] Stored 2 UTXOs for address dd1693dcbb880f506125758afa17a4837378fd04a925544e7f584a668e77505c920bf6763f3a573550e1136fdec175037913affb678e80c248855ba52bb4ad5e
[2026-08-26 17:44:14][debug][GraphsyncDAGSyncer] Added route for CID QmeRuHNhDCnabmY7DeMaU3ZGeKbgmGEaf7gsZ3n9vdB2bY to peer 12D3KooWSCuUcTP5ombQ5divssNkw5pNG2zQDbr3rwPNbd4MiV9z (key 0, route_count=1)
[2026-08-26 17:44:14][info][TransactionManager] [2f682bc8 - full: false] Created tokens (mint-v2), amount 42 balance 0
[2026-08-26 17:44:14][info][TransactionManager] [2f682bc8 - full: false] ChangeTransactionState: Tracking entry confirmed tx=c62296fe67123969162637c4c12345b50a7a0e430e530f2aa0ec1ac8512ee312
[2026-08-26 17:44:14][info][UTXOManager] Created checkpoint owner=2f682bc807899de26171ebad22d2cd0cac854da102939d7d6f73b87b278002dab9ccc5ad8df5352b5c809fe5ae326f988cb5ad739a2040df7f574aaf8885154c epoch=1 utxo_count=0
[2026-08-26 17:44:15][debug][GraphsyncDAGSyncer] Block initialized without content to LRU cache: CID QmeRuHNhDCnabmY7DeMaU3ZGeKbgmGEaf7gsZ3n9vdB2bY, cache size: 1
[2026-08-26 17:44:15][debug][GraphsyncDAGSyncer] Requesting Node QmeRuHNhDCnabmY7DeMaU3ZGeKbgmGEaf7gsZ3n9vdB2bY on this 5539141928
[2026-08-26 17:44:15][debug][GraphsyncDAGSyncer] Return node for CID QmeRuHNhDCnabmY7DeMaU3ZGeKbgmGEaf7gsZ3n9vdB2bY instance=5526235224
[2026-08-26 17:44:15.281637000][th:85113376][warning] graphsync Request 1 for CID QmeRuHNhDCnabmY7DeMaU3ZGeKbgmGEaf7gsZ3n9vdB2bY got RS_FULL_CONTENT but no blocks received yet
[2026-08-26 17:44:15][debug][GraphsyncDAGSyncer] request progress: code=FULL_CONTENT, extensions=(graphsync/do-not-send-cids: 0x80) (graphsync/response-metadata: 0x80) 
[2026-08-26 17:44:15][debug][GraphsyncDAGSyncer] HasBlock: false, cid: QmeRuHNhDCnabmY7DeMaU3ZGeKbgmGEaf7gsZ3n9vdB2bY
[2026-08-26 17:44:15][debug][GraphsyncDAGSyncer] Existing block updated in LRU cache: CID QmeRuHNhDCnabmY7DeMaU3ZGeKbgmGEaf7gsZ3n9vdB2bY
[2026-08-26 17:44:15][debug][GraphsyncDAGSyncer] Node added to dagService. CID: QmeRuHNhDCnabmY7DeMaU3ZGeKbgmGEaf7gsZ3n9vdB2bY, links: []
[2026-08-26 17:44:15][debug][GraphsyncDAGSyncer] Seeing if peer 12D3KooWSCuUcTP5ombQ5divssNkw5pNG2zQDbr3rwPNbd4MiV9z has links to AddRoute
[2026-08-26 17:44:15][info][GraphsyncDAGSyncer] TraverseCIDsLinks: Checking links on { cid="QmeRuHNhDCnabmY7DeMaU3ZGeKbgmGEaf7gsZ3n9vdB2bY", name="" }
[2026-08-26 17:44:15][info][GraphsyncDAGSyncer] TraverseCIDsLinks: Completed traversal. Links to fetch: 0, Visited: 0
[2026-08-26 17:44:15][debug][GraphsyncDAGSyncer] Block initialized without content to LRU cache: CID QmeRuHNhDCnabmY7DeMaU3ZGeKbgmGEaf7gsZ3n9vdB2bY, cache size: 1
[2026-08-26 17:44:15][debug][GraphsyncDAGSyncer] Requesting Node QmeRuHNhDCnabmY7DeMaU3ZGeKbgmGEaf7gsZ3n9vdB2bY on this 5536513128
[2026-08-26 17:44:15][debug][GraphsyncDAGSyncer] Return node for CID QmeRuHNhDCnabmY7DeMaU3ZGeKbgmGEaf7gsZ3n9vdB2bY instance=5526235224
[2026-08-26 17:44:15.349569000][th:85113301][warning] graphsync Request 1 for CID QmeRuHNhDCnabmY7DeMaU3ZGeKbgmGEaf7gsZ3n9vdB2bY got RS_FULL_CONTENT but no blocks received yet
[2026-08-26 17:44:15][debug][GraphsyncDAGSyncer] request progress: code=FULL_CONTENT, extensions=(graphsync/response-metadata: 0x80) (graphsync/do-not-send-cids: 0x80) 
[2026-08-26 17:44:15][debug][GraphsyncDAGSyncer] HasBlock: false, cid: QmeRuHNhDCnabmY7DeMaU3ZGeKbgmGEaf7gsZ3n9vdB2bY
[2026-08-26 17:44:15][debug][GraphsyncDAGSyncer] Existing block updated in LRU cache: CID QmeRuHNhDCnabmY7DeMaU3ZGeKbgmGEaf7gsZ3n9vdB2bY
[2026-08-26 17:44:15][debug][GraphsyncDAGSyncer] Node added to dagService. CID: QmeRuHNhDCnabmY7DeMaU3ZGeKbgmGEaf7gsZ3n9vdB2bY, links: []
[2026-08-26 17:44:15][debug][GraphsyncDAGSyncer] Seeing if peer 12D3KooWSCuUcTP5ombQ5divssNkw5pNG2zQDbr3rwPNbd4MiV9z has links to AddRoute
[2026-08-26 17:44:15][info][GraphsyncDAGSyncer] TraverseCIDsLinks: Checking links on { cid="QmeRuHNhDCnabmY7DeMaU3ZGeKbgmGEaf7gsZ3n9vdB2bY", name="" }
[2026-08-26 17:44:15][info][GraphsyncDAGSyncer] TraverseCIDsLinks: Completed traversal. Links to fetch: 0, Visited: 0
[2026-08-26 17:44:15][debug][GraphsyncDAGSyncer] Return node for CID QmeRuHNhDCnabmY7DeMaU3ZGeKbgmGEaf7gsZ3n9vdB2bY instance=5539141928
[2026-08-26 17:44:15][debug][GraphsyncDAGSyncer] Block initialized without content to LRU cache: CID QmeRuHNhDCnabmY7DeMaU3ZGeKbgmGEaf7gsZ3n9vdB2bY, cache size: 1
[2026-08-26 17:44:15][debug][GraphsyncDAGSyncer] Requesting Node QmeRuHNhDCnabmY7DeMaU3ZGeKbgmGEaf7gsZ3n9vdB2bY on this 5526343688
[2026-08-26 17:44:15][debug][GraphsyncDAGSyncer] Return node for CID QmeRuHNhDCnabmY7DeMaU3ZGeKbgmGEaf7gsZ3n9vdB2bY instance=5526235224
[2026-08-26 17:44:15.391737000][th:85113324][warning] graphsync Request 1 for CID QmeRuHNhDCnabmY7DeMaU3ZGeKbgmGEaf7gsZ3n9vdB2bY got RS_FULL_CONTENT but no blocks received yet
[2026-08-26 17:44:15][debug][GraphsyncDAGSyncer] request progress: code=FULL_CONTENT, extensions=(graphsync/response-metadata: 0x80) (graphsync/do-not-send-cids: 0x80) 
[2026-08-26 17:44:15][debug][GraphsyncDAGSyncer] HasBlock: false, cid: QmeRuHNhDCnabmY7DeMaU3ZGeKbgmGEaf7gsZ3n9vdB2bY
[2026-08-26 17:44:15][debug][GraphsyncDAGSyncer] Existing block updated in LRU cache: CID QmeRuHNhDCnabmY7DeMaU3ZGeKbgmGEaf7gsZ3n9vdB2bY
[2026-08-26 17:44:15][debug][GraphsyncDAGSyncer] Node added to dagService. CID: QmeRuHNhDCnabmY7DeMaU3ZGeKbgmGEaf7gsZ3n9vdB2bY, links: []
[2026-08-26 17:44:15][debug][GraphsyncDAGSyncer] Seeing if peer 12D3KooWSCuUcTP5ombQ5divssNkw5pNG2zQDbr3rwPNbd4MiV9z has links to AddRoute
[2026-08-26 17:44:15][info][GraphsyncDAGSyncer] TraverseCIDsLinks: Checking links on { cid="QmeRuHNhDCnabmY7DeMaU3ZGeKbgmGEaf7gsZ3n9vdB2bY", name="" }
[2026-08-26 17:44:15][info][GraphsyncDAGSyncer] TraverseCIDsLinks: Completed traversal. Links to fetch: 0, Visited: 0
[2026-08-26 17:44:15][info][CRDTCallbackManager] Executing callback for key '/cert/mint-v2:test:0000000000000000000000000000000000000000000000000000000000000000:42:dd1693dcbb880f506125758afa17a4837378fd04a925544e7f584a668e77505c920bf6763f3a573550e1136fdec175037913affb678e80c248855ba52bb4ad5e:cccccccccccccccccccccccccccccccccccccccccccccccccccccccccccccccc' matching pattern '^/?cert/[^/]+'
[2026-08-26 17:44:15][debug][GraphsyncDAGSyncer] addNode: Added node QmeRuHNhDCnabmY7DeMaU3ZGeKbgmGEaf7gsZ3n9vdB2bY on dagService 
[2026-08-26 17:44:15][debug][GraphsyncDAGSyncer] Block removed from LRU cache: CID QmeRuHNhDCnabmY7DeMaU3ZGeKbgmGEaf7gsZ3n9vdB2bY
[2026-08-26 17:44:15][debug][GraphsyncDAGSyncer] Return node for CID QmeRuHNhDCnabmY7DeMaU3ZGeKbgmGEaf7gsZ3n9vdB2bY instance=5536513128
[2026-08-26 17:44:15][info][CRDTCallbackManager] Executing callback for key '/cert/mint-v2:test:0000000000000000000000000000000000000000000000000000000000000000:42:dd1693dcbb880f506125758afa17a4837378fd04a925544e7f584a668e77505c920bf6763f3a573550e1136fdec175037913affb678e80c248855ba52bb4ad5e:cccccccccccccccccccccccccccccccccccccccccccccccccccccccccccccccc' matching pattern '^/?cert/[^/]+'
[2026-08-26 17:44:15][debug][GraphsyncDAGSyncer] addNode: Added node QmeRuHNhDCnabmY7DeMaU3ZGeKbgmGEaf7gsZ3n9vdB2bY on dagService 
[2026-08-26 17:44:15][debug][GraphsyncDAGSyncer] Block removed from LRU cache: CID QmeRuHNhDCnabmY7DeMaU3ZGeKbgmGEaf7gsZ3n9vdB2bY
[2026-08-26 17:44:15][debug][GraphsyncDAGSyncer] Return node for CID QmeRuHNhDCnabmY7DeMaU3ZGeKbgmGEaf7gsZ3n9vdB2bY instance=5526343688
[2026-08-26 17:44:15][info][CRDTCallbackManager] Executing callback for key '/cert/mint-v2:test:0000000000000000000000000000000000000000000000000000000000000000:42:dd1693dcbb880f506125758afa17a4837378fd04a925544e7f584a668e77505c920bf6763f3a573550e1136fdec175037913affb678e80c248855ba52bb4ad5e:cccccccccccccccccccccccccccccccccccccccccccccccccccccccccccccccc' matching pattern '^/?cert/[^/]+'
[2026-08-26 17:44:15][debug][GraphsyncDAGSyncer] addNode: Added node QmeRuHNhDCnabmY7DeMaU3ZGeKbgmGEaf7gsZ3n9vdB2bY on dagService 
[2026-08-26 17:44:15][debug][GraphsyncDAGSyncer] Block removed from LRU cache: CID QmeRuHNhDCnabmY7DeMaU3ZGeKbgmGEaf7gsZ3n9vdB2bY
[2026-08-26 17:44:15][info][UTXOManager] Stored 1 UTXOs for address dd1693dcbb880f506125758afa17a4837378fd04a925544e7f584a668e77505c920bf6763f3a573550e1136fdec175037913affb678e80c248855ba52bb4ad5e
[2026-08-26 17:44:15][info][UTXOManager] Stored 1 UTXOs for address dd1693dcbb880f506125758afa17a4837378fd04a925544e7f584a668e77505c920bf6763f3a573550e1136fdec175037913affb678e80c248855ba52bb4ad5e
[2026-08-26 17:44:15][info][UTXOManager] Stored 1 UTXOs for address dd1693dcbb880f506125758afa17a4837378fd04a925544e7f584a668e77505c920bf6763f3a573550e1136fdec175037913affb678e80c248855ba52bb4ad5e
[2026-08-26 17:44:15][info][UTXOManager] Stored 2 UTXOs for address dd1693dcbb880f506125758afa17a4837378fd04a925544e7f584a668e77505c920bf6763f3a573550e1136fdec175037913affb678e80c248855ba52bb4ad5e
[2026-08-26 17:44:15][info][TransactionManager] [cc90227a - full: false] Created tokens (mint-v2), amount 42 balance 0
[2026-08-26 17:44:15][info][UTXOManager] Stored 2 UTXOs for address dd1693dcbb880f506125758afa17a4837378fd04a925544e7f584a668e77505c920bf6763f3a573550e1136fdec175037913affb678e80c248855ba52bb4ad5e
[2026-08-26 17:44:15][info][TransactionManager] [ad176edb - full: false] Created tokens (mint-v2), amount 42 balance 0
[2026-08-26 17:44:15][info][UTXOManager] Stored 2 UTXOs for address dd1693dcbb880f506125758afa17a4837378fd04a925544e7f584a668e77505c920bf6763f3a573550e1136fdec175037913affb678e80c248855ba52bb4ad5e
[2026-08-26 17:44:15][info][TransactionManager] [dd1693dc - full: false] Created tokens (mint-v2), amount 42 balance 42
[2026-08-26 17:44:15][info][TransactionManager] [cc90227a - full: false] ChangeTransactionState: Tracking entry confirmed tx=c62296fe67123969162637c4c12345b50a7a0e430e530f2aa0ec1ac8512ee312
[2026-08-26 17:44:15][info][TransactionManager] [ad176edb - full: false] ChangeTransactionState: Tracking entry confirmed tx=c62296fe67123969162637c4c12345b50a7a0e430e530f2aa0ec1ac8512ee312
[2026-08-26 17:44:15][info][TransactionManager] [dd1693dc - full: false] ChangeTransactionState: Tracking entry confirmed tx=c62296fe67123969162637c4c12345b50a7a0e430e530f2aa0ec1ac8512ee312
[2026-08-26 17:44:15][info][UTXOManager] Created checkpoint owner=cc90227a4f4b34a125e49218dc8d2316c1782f46bce465c9197da8bbfb694b276d567b6aeca64ccf07e535787539f8f0543d9aa3ea84351b5f24e4ec8951958b epoch=1 utxo_count=0
[2026-08-26 17:44:15][info][UTXOManager] Created checkpoint owner=ad176edb10fcd7d140e8d21c8e1db2631e0194bb2f3e09988a75db264f776a172965f26fe61b5fe305232490f325c044b9d54e2964edb4782bcfeac8a7cd03fb epoch=1 utxo_count=0
[2026-08-26 17:44:15][info][UTXOManager] Created checkpoint owner=dd1693dcbb880f506125758afa17a4837378fd04a925544e7f584a668e77505c920bf6763f3a573550e1136fdec175037913affb678e80c248855ba52bb4ad5e epoch=1 utxo_count=1
[2026-08-26 17:44:15][info][CRDTCallbackManager] Successfully unregistered new data callback for pattern: '^/?/bc-144/tx/[^/]+'
[2026-08-26 17:44:15][info][CRDTCallbackManager] Successfully unregistered deleted data callback for pattern: '^/?/bc-144/tx/[^/]+'
[2026-08-26 17:44:15][info][CRDTCallbackManager] Successfully unregistered new data callback for pattern: '^/?/bc-963/tx/[^/]+'
[2026-08-26 17:44:15][info][CRDTCallbackManager] Successfully unregistered deleted data callback for pattern: '^/?/bc-963/tx/[^/]+'
[2026-08-26 17:44:15][info][CRDTCallbackManager] Successfully unregistered new data callback for pattern: '^/?/bc-369/tx/[^/]+'
[2026-08-26 17:44:15][info][CRDTCallbackManager] Successfully unregistered deleted data callback for pattern: '^/?/bc-369/tx/[^/]+'
[2026-08-26 17:44:15][info][TransactionManager] [dd1693dc - full: false] ~TransactionManager: Metrics — cert_fallback(success=0 failure=0) validation(approve=1 reject=0) tracking(insert=1 confirm=1 fail=0)
[2026-08-26 17:44:15][info][Blockchain] [dd1693dc] Stopping blockchain
[2026-08-26 17:44:15][info][CRDTCallbackManager] Successfully unregistered new data callback for pattern: '/?gnus-genesis-block'
[2026-08-26 17:44:15][info][CRDTCallbackManager] Successfully unregistered new data callback for pattern: '/?gnus-account-creation-.*'
[2026-08-26 17:44:15][info][CRDTCallbackManager] Successfully unregistered new data callback for pattern: '/?gnus-validator-registry'
[2026-08-26 17:44:15.970258000][th:85113376][error] GossipPubSub Address monitoring timer error: Operation canceled
[2026-08-26 17:44:15][error][PubSubBroadcasterExt] No message to process
[2026-08-26 17:44:15][error][PubSubBroadcasterExt] No message to process
[2026-08-26 17:44:15.970380000][th:85113376][error] graphsync Varint Error msg=Connection: closed by this host
[2026-08-26 17:44:15.970386000][th:85113376][info] graphsync stream read error, peer=4MiV9z, msg=stream is not readable
[2026-08-26 17:44:16][debug][GlobalDB] ~GlobalDB CALLED with count 6 on multi_node_finality_fault/restart-vote-validator-one/rocksdb 
[2026-08-26 17:44:16][info][GlobalDB] GlobalDB shutdown start
[2026-08-26 17:44:16][info][CrdtDatastore] CancelAndCloseNow: begin (pending_jobs=1, self_queue=0, root_queue=0, pending_roots=0, active_root=false)
[2026-08-26 17:44:16][debug][GraphsyncDAGSyncer] Stopping Dagsyncer
[2026-08-26 17:44:16][debug][GraphsyncDAGSyncer] Dagsyncer Stopped
[2026-08-26 17:44:17][info][CrdtDatastore] CancelAndCloseNow: CRDT workers stopped
[2026-08-26 17:44:17][warning][CrdtDatastore] CancelAndCloseNow called but shutdown has already started
[2026-08-26 17:44:17][debug][GraphsyncDAGSyncer] ~GraphsyncDAGSyncer CALLED
[2026-08-26 17:44:17][info][GlobalDB] GlobalDB shutdown finished
[2026-08-26 17:44:17.294217000][th:85113272][error] graphsync Varint Error msg=Connection reset by peer
[2026-08-26 17:44:17.294269000][th:85113272][info] graphsync stream read error, peer=8Z6EMG, msg=stream is not readable
[2026-08-26 17:44:17][info][KeyPairFileStorage] Path to keypairs multi_node_finality_fault/restart-vote-validator-one/keypair
[2026-08-26 17:44:17][info][KeyPairFileStorage] Peer ID from public key: 12D3KooWGUtkT6LMh2rVBZ5te3a8kV8n53B8Lj41D7FXyN8Z6EMG
Current limits: 16384 (soft), 9223372036854775807 (hard)
New limits set successfully: 16384 (soft), 9223372036854775807 (hard)
Initialized relay addresses
[2026-08-26 17:44:17.297843000][th:85113220][info] GossipPubSub /ip4/0.0.0.0/tcp/54601/p2p/12D3KooWGUtkT6LMh2rVBZ5te3a8kV8n53B8Lj41D7FXyN8Z6EMG: Starting PubSub service
[2026-08-26 17:44:17.297961000][th:85113491][info] GossipPubSub Starting address monitoring system for mobile network changes
[2026-08-26 17:44:17.297967000][th:85113491][info] GossipPubSub === CURRENT NETWORK STATE ===
[2026-08-26 17:44:17.297982000][th:85113491][info] GossipPubSub Primary listening address: /ip4/0.0.0.0/tcp/54601/p2p/12D3KooWGUtkT6LMh2rVBZ5te3a8kV8n53B8Lj41D7FXyN8Z6EMG
[2026-08-26 17:44:17.297987000][th:85113491][info] GossipPubSub Host peer info addresses (0):
[2026-08-26 17:44:17.297991000][th:85113491][info] GossipPubSub Additional addresses we track (0):
[2026-08-26 17:44:17.297995000][th:85113491][info] GossipPubSub Listening addresses (1):
[2026-08-26 17:44:17.298000000][th:85113491][info] GossipPubSub   -> /ip4/0.0.0.0/tcp/54601/p2p/12D3KooWGUtkT6LMh2rVBZ5te3a8kV8n53B8Lj41D7FXyN8Z6EMG
[2026-08-26 17:44:17.298003000][th:85113491][info] GossipPubSub Interface addresses (0):
[2026-08-26 17:44:17.298006000][th:85113491][info] GossipPubSub === RAW OBSERVED ADDRESS DEBUG ===
[2026-08-26 17:44:17.298011000][th:85113491][info] GossipPubSub Local address: /ip4/0.0.0.0/tcp/54601/p2p/12D3KooWGUtkT6LMh2rVBZ5te3a8kV8n53B8Lj41D7FXyN8Z6EMG -> 0 raw observed, 0 activated+confirmed
[2026-08-26 17:44:17.298016000][th:85113491][info] GossipPubSub TOTAL: 0 raw observed addresses, 0 activated+confirmed addresses
[2026-08-26 17:44:17.298019000][th:85113491][info] GossipPubSub === END RAW OBSERVED ADDRESS DEBUG ===
[2026-08-26 17:44:17.298022000][th:85113491][info] GossipPubSub Observed addresses - all (0):
[2026-08-26 17:44:17.298026000][th:85113491][info] GossipPubSub Observed addresses - confirmed only (0):
[2026-08-26 17:44:17.298029000][th:85113491][info] GossipPubSub Relay addresses (0):
[2026-08-26 17:44:17.298034000][th:85113491][warning] GossipPubSub Failed to get addresses from peer repository: not found
[2026-08-26 17:44:17.298103000][th:85113491][info] GossipPubSub Found 1 valid network interfaces
[2026-08-26 17:44:17.298107000][th:85113491][info] GossipPubSub Current network interfaces (1):
[2026-08-26 17:44:17.298111000][th:85113491][info] GossipPubSub   -> 192.168.1.6
[2026-08-26 17:44:17.298115000][th:85113491][info] GossipPubSub Active connections: 0
[2026-08-26 17:44:17.298118000][th:85113491][info] GossipPubSub === PEER CONNECTION DETAILS ===
[2026-08-26 17:44:17.298121000][th:85113491][info] GossipPubSub NOTE: Observed addresses need to be seen by 4+ different peer groups to become 'activated'
[2026-08-26 17:44:17.298152000][th:85113491][info] GossipPubSub NOTE: Current connections: 0, so max possible observers: 0
[2026-08-26 17:44:17.298156000][th:85113491][info] GossipPubSub === END PEER CONNECTION DETAILS ===
[2026-08-26 17:44:17.298159000][th:85113491][info] GossipPubSub Connection manager stats:
[2026-08-26 17:44:17.298162000][th:85113491][info] GossipPubSub   -> Max connections: 1000
[2026-08-26 17:44:17.298165000][th:85113491][info] GossipPubSub   -> Current connections: 0
[2026-08-26 17:44:17.298168000][th:85113491][info] GossipPubSub === END NETWORK STATE ===
[2026-08-26 17:44:17.298414000][th:85113491][info] GossipPubSub /ip4/0.0.0.0/tcp/54601/p2p/12D3KooWGUtkT6LMh2rVBZ5te3a8kV8n53B8Lj41D7FXyN8Z6EMG : PubSub service started
[2026-08-26 17:44:17][info][GlobalDB] Opening database /Users/henriqueklein/gnus/SuperGenius/multi_node_finality_fault/restart-vote-validator-one/rocksdb
[2026-08-26 17:44:17][debug][GraphsyncDAGSyncer] GraphSyncer created 5536587832 
[2026-08-26 17:44:17][info][CrdtDatastore] crdt Datastore created. Number of heads: 2 Current max-height: 18446744073709551615
[2026-08-26 17:44:17][info][GeniusAccount] Secure storage ID path: /Users/henriqueklein/gnus/SuperGenius/multi_node_finality_fault/restart-vote-validator-one/account/secure_storage_id
[2026-08-26 17:44:17][info][GeniusAccount] Loaded public key from file: dd1693dcbb880f50... (length: 128)
[2026-08-26 17:44:17][info][GeniusAccount] Successfully loaded key_seed from storage
[2026-08-26 17:44:17][info][GeniusAccount] Validation successful: key_seed matches stored public key
[2026-08-26 17:44:17][warning][UTXOManager] Skipping malformed UTXO key /utxo-checkpoint/dd1693dcbb880f506125758afa17a4837378fd04a925544e7f584a668e77505c920bf6763f3a573550e1136fdec175037913affb678e80c248855ba52bb4ad5e/1
[2026-08-26 17:44:17][warning][UTXOManager] Skipping malformed UTXO key /utxo-checkpoint/dd1693dcbb880f506125758afa17a4837378fd04a925544e7f584a668e77505c920bf6763f3a573550e1136fdec175037913affb678e80c248855ba52bb4ad5e/latest
[2026-08-26 17:44:17][info][Blockchain] [dd1693dc] Blockchain instance created with authorized full node: 8a33bdf1
[2026-08-26 17:44:17][info][ValidatorRegistry] InitializeCache: cache initialized with CID QmXKbHRzrMZdwmAZng6BkrSXQ7kAMaoA5jT8tBqmN2QYT5
[2026-08-26 17:44:17][info][CRDTCallbackManager] Successfully registered new data callback for pattern: '/?gnus-validator-registry'
[2026-08-26 17:44:17][info][ValidatorRegistry] RegisterFilter: result=true
[2026-08-26 17:44:17][info][ValidatorRegistry] New: instance ready
[2026-08-26 17:44:17.328944000][th:85113491][info] GossipPubSub /ip4/0.0.0.0/tcp/54601/p2p/12D3KooWGUtkT6LMh2rVBZ5te3a8kV8n53B8Lj41D7FXyN8Z6EMG: PubSub subscribed to topic 'gnus-validator-registry.3.7.144'
[2026-08-26 17:44:17][info][CRDTCallbackManager] Successfully registered new data callback for pattern: '^/?cert/[^/]+'
[2026-08-26 17:44:17.328985000][th:85113491][info] GossipPubSub /ip4/0.0.0.0/tcp/54601/p2p/12D3KooWGUtkT6LMh2rVBZ5te3a8kV8n53B8Lj41D7FXyN8Z6EMG: PubSub subscribed to topic 'consensus-channel-.3.7.144'
[2026-08-26 17:44:17.329018000][th:85113491][info] GossipPubSub /ip4/0.0.0.0/tcp/54601/p2p/12D3KooWGUtkT6LMh2rVBZ5te3a8kV8n53B8Lj41D7FXyN8Z6EMG: PubSub subscribed to topic 'consensus-channel-.3.7.144#datastore.3.7.144'
[2026-08-26 17:44:17][info][CRDTCallbackManager] Successfully registered new data callback for pattern: '/?gnus-genesis-block'
[2026-08-26 17:44:17][info][CRDTCallbackManager] Successfully registered new data callback for pattern: '/?gnus-account-creation-.*'
[2026-08-26 17:44:17][info][CRDTCallbackManager] Successfully registered new data callback for pattern: '^/?/bc-144/tx/[^/]+'
[2026-08-26 17:44:17][info][CRDTCallbackManager] Successfully registered deleted data callback for pattern: '^/?/bc-144/tx/[^/]+'
[2026-08-26 17:44:17][info][CRDTCallbackManager] Successfully registered new data callback for pattern: '^/?/bc-963/tx/[^/]+'
[2026-08-26 17:44:17][info][CRDTCallbackManager] Successfully registered deleted data callback for pattern: '^/?/bc-963/tx/[^/]+'
[2026-08-26 17:44:17][info][CRDTCallbackManager] Successfully registered new data callback for pattern: '^/?/bc-369/tx/[^/]+'
[2026-08-26 17:44:17][info][CRDTCallbackManager] Successfully registered deleted data callback for pattern: '^/?/bc-369/tx/[^/]+'
[2026-08-26 17:44:17][info][CRDTCallbackManager] Successfully unregistered new data callback for pattern: '^/?/bc-144/tx/[^/]+'
[2026-08-26 17:44:17][info][CRDTCallbackManager] Successfully unregistered deleted data callback for pattern: '^/?/bc-144/tx/[^/]+'
[2026-08-26 17:44:17][info][CRDTCallbackManager] Successfully unregistered new data callback for pattern: '^/?/bc-963/tx/[^/]+'
[2026-08-26 17:44:17][info][CRDTCallbackManager] Successfully unregistered deleted data callback for pattern: '^/?/bc-963/tx/[^/]+'
[2026-08-26 17:44:17][info][CRDTCallbackManager] Successfully unregistered new data callback for pattern: '^/?/bc-369/tx/[^/]+'
[2026-08-26 17:44:17][info][CRDTCallbackManager] Successfully unregistered deleted data callback for pattern: '^/?/bc-369/tx/[^/]+'
[2026-08-26 17:44:17][info][TransactionManager] [2f682bc8 - full: false] ~TransactionManager: Metrics — cert_fallback(success=0 failure=0) validation(approve=1 reject=0) tracking(insert=1 confirm=1 fail=0)
[2026-08-26 17:44:17][info][Blockchain] [2f682bc8] Stopping blockchain
[2026-08-26 17:44:17][info][CRDTCallbackManager] Successfully unregistered new data callback for pattern: '/?gnus-genesis-block'
[2026-08-26 17:44:17][info][CRDTCallbackManager] Successfully unregistered new data callback for pattern: '/?gnus-account-creation-.*'
[2026-08-26 17:44:17][info][CRDTCallbackManager] Successfully unregistered new data callback for pattern: '/?gnus-validator-registry'
[2026-08-26 17:44:17.331651000][th:85113272][error] GossipPubSub Address monitoring timer error: Operation canceled
[2026-08-26 17:44:17][error][PubSubBroadcasterExt] No message to process
[2026-08-26 17:44:17][error][PubSubBroadcasterExt] No message to process
[2026-08-26 17:44:17.331985000][th:85113272][error] graphsync Varint Error msg=Connection: closed by this host
[2026-08-26 17:44:17.331994000][th:85113272][info] graphsync stream read error, peer=hMzNJZ, msg=stream is not readable
[2026-08-26 17:44:17.332029000][th:85113272][error] graphsync Varint Error msg=Connection: closed by this host
[2026-08-26 17:44:17.332034000][th:85113272][info] graphsync stream read error, peer=oK1fL8, msg=stream is not readable
[2026-08-26 17:44:18][debug][GlobalDB] ~GlobalDB CALLED with count 6 on multi_node_finality_fault/restart-vote-validator-two/rocksdb 
[2026-08-26 17:44:18][info][GlobalDB] GlobalDB shutdown start
[2026-08-26 17:44:18][info][CrdtDatastore] CancelAndCloseNow: begin (pending_jobs=0, self_queue=0, root_queue=0, pending_roots=0, active_root=false)
[2026-08-26 17:44:18][debug][GraphsyncDAGSyncer] Stopping Dagsyncer
[2026-08-26 17:44:18][debug][GraphsyncDAGSyncer] Dagsyncer Stopped
[2026-08-26 17:44:18][info][CrdtDatastore] CancelAndCloseNow: CRDT workers stopped
[2026-08-26 17:44:18][warning][CrdtDatastore] CancelAndCloseNow called but shutdown has already started
[2026-08-26 17:44:18][debug][GraphsyncDAGSyncer] ~GraphsyncDAGSyncer CALLED
[2026-08-26 17:44:18.810438000][th:85113324][error] graphsync Varint Error msg=Connection reset by peer
[2026-08-26 17:44:18.810454000][th:85113301][error] graphsync Varint Error msg=Connection reset by peer
[2026-08-26 17:44:18][info][GlobalDB] GlobalDB shutdown finished
[2026-08-26 17:44:18.810460000][th:85113301][info] graphsync stream read error, peer=4MiV9z, msg=stream is not readable
[2026-08-26 17:44:18.810457000][th:85113324][info] graphsync stream read error, peer=4MiV9z, msg=stream is not readable
[2026-08-26 17:44:18][info][KeyPairFileStorage] Path to keypairs multi_node_finality_fault/restart-vote-validator-two/keypair
[2026-08-26 17:44:18][info][KeyPairFileStorage] Peer ID from public key: 12D3KooWSCuUcTP5ombQ5divssNkw5pNG2zQDbr3rwPNbd4MiV9z
Current limits: 16384 (soft), 9223372036854775807 (hard)
New limits set successfully: 16384 (soft), 9223372036854775807 (hard)
Initialized relay addresses
[2026-08-26 17:44:18.811925000][th:85113220][info] GossipPubSub /ip4/0.0.0.0/tcp/54602/p2p/12D3KooWSCuUcTP5ombQ5divssNkw5pNG2zQDbr3rwPNbd4MiV9z: Starting PubSub service
[2026-08-26 17:44:18.811977000][th:85113544][info] GossipPubSub Starting address monitoring system for mobile network changes
[2026-08-26 17:44:18.811980000][th:85113544][info] GossipPubSub === CURRENT NETWORK STATE ===
[2026-08-26 17:44:18.811987000][th:85113544][info] GossipPubSub Primary listening address: /ip4/0.0.0.0/tcp/54602/p2p/12D3KooWSCuUcTP5ombQ5divssNkw5pNG2zQDbr3rwPNbd4MiV9z
[2026-08-26 17:44:18.811990000][th:85113544][info] GossipPubSub Host peer info addresses (0):
[2026-08-26 17:44:18.811992000][th:85113544][info] GossipPubSub Additional addresses we track (0):
[2026-08-26 17:44:18.811993000][th:85113544][info] GossipPubSub Listening addresses (1):
[2026-08-26 17:44:18.811996000][th:85113544][info] GossipPubSub   -> /ip4/0.0.0.0/tcp/54602/p2p/12D3KooWSCuUcTP5ombQ5divssNkw5pNG2zQDbr3rwPNbd4MiV9z
[2026-08-26 17:44:18.811997000][th:85113544][info] GossipPubSub Interface addresses (0):
[2026-08-26 17:44:18.811999000][th:85113544][info] GossipPubSub === RAW OBSERVED ADDRESS DEBUG ===
[2026-08-26 17:44:18.812002000][th:85113544][info] GossipPubSub Local address: /ip4/0.0.0.0/tcp/54602/p2p/12D3KooWSCuUcTP5ombQ5divssNkw5pNG2zQDbr3rwPNbd4MiV9z -> 0 raw observed, 0 activated+confirmed
[2026-08-26 17:44:18.812004000][th:85113544][info] GossipPubSub TOTAL: 0 raw observed addresses, 0 activated+confirmed addresses
[2026-08-26 17:44:18.812005000][th:85113544][info] GossipPubSub === END RAW OBSERVED ADDRESS DEBUG ===
[2026-08-26 17:44:18.812007000][th:85113544][info] GossipPubSub Observed addresses - all (0):
[2026-08-26 17:44:18.812009000][th:85113544][info] GossipPubSub Observed addresses - confirmed only (0):
[2026-08-26 17:44:18.812010000][th:85113544][info] GossipPubSub Relay addresses (0):
[2026-08-26 17:44:18.812013000][th:85113544][warning] GossipPubSub Failed to get addresses from peer repository: not found
[2026-08-26 17:44:18.812042000][th:85113544][info] GossipPubSub Found 1 valid network interfaces
[2026-08-26 17:44:18.812044000][th:85113544][info] GossipPubSub Current network interfaces (1):
[2026-08-26 17:44:18.812045000][th:85113544][info] GossipPubSub   -> 192.168.1.6
[2026-08-26 17:44:18.812047000][th:85113544][info] GossipPubSub Active connections: 0
[2026-08-26 17:44:18.812048000][th:85113544][info] GossipPubSub === PEER CONNECTION DETAILS ===
[2026-08-26 17:44:18.812049000][th:85113544][info] GossipPubSub NOTE: Observed addresses need to be seen by 4+ different peer groups to become 'activated'
[2026-08-26 17:44:18.812051000][th:85113544][info] GossipPubSub NOTE: Current connections: 0, so max possible observers: 0
[2026-08-26 17:44:18.812052000][th:85113544][info] GossipPubSub === END PEER CONNECTION DETAILS ===
[2026-08-26 17:44:18.812053000][th:85113544][info] GossipPubSub Connection manager stats:
[2026-08-26 17:44:18.812055000][th:85113544][info] GossipPubSub   -> Max connections: 1000
[2026-08-26 17:44:18.812056000][th:85113544][info] GossipPubSub   -> Current connections: 0
[2026-08-26 17:44:18.812057000][th:85113544][info] GossipPubSub === END NETWORK STATE ===
[2026-08-26 17:44:18.812162000][th:85113544][info] GossipPubSub /ip4/0.0.0.0/tcp/54602/p2p/12D3KooWSCuUcTP5ombQ5divssNkw5pNG2zQDbr3rwPNbd4MiV9z : PubSub service started
[2026-08-26 17:44:18][info][GlobalDB] Opening database /Users/henriqueklein/gnus/SuperGenius/multi_node_finality_fault/restart-vote-validator-two/rocksdb
[2026-08-26 17:44:18][debug][GraphsyncDAGSyncer] GraphSyncer created 5539126024 
[2026-08-26 17:44:18][info][CrdtDatastore] crdt Datastore created. Number of heads: 2 Current max-height: 18446744073709551615
[2026-08-26 17:44:18][info][GeniusAccount] Secure storage ID path: /Users/henriqueklein/gnus/SuperGenius/multi_node_finality_fault/restart-vote-validator-two/account/secure_storage_id
[2026-08-26 17:44:18][info][GeniusAccount] Loaded public key from file: 2f682bc807899de2... (length: 128)
[2026-08-26 17:44:18][info][GeniusAccount] Successfully loaded key_seed from storage
[2026-08-26 17:44:18][info][GeniusAccount] Validation successful: key_seed matches stored public key
[2026-08-26 17:44:18][warning][UTXOManager] Skipping malformed UTXO key /utxo-checkpoint/2f682bc807899de26171ebad22d2cd0cac854da102939d7d6f73b87b278002dab9ccc5ad8df5352b5c809fe5ae326f988cb5ad739a2040df7f574aaf8885154c/1
[2026-08-26 17:44:18][warning][UTXOManager] Skipping malformed UTXO key /utxo-checkpoint/2f682bc807899de26171ebad22d2cd0cac854da102939d7d6f73b87b278002dab9ccc5ad8df5352b5c809fe5ae326f988cb5ad739a2040df7f574aaf8885154c/latest
[2026-08-26 17:44:18][info][Blockchain] [2f682bc8] Blockchain instance created with authorized full node: 8a33bdf1
[2026-08-26 17:44:18][info][ValidatorRegistry] InitializeCache: cache initialized with CID QmXKbHRzrMZdwmAZng6BkrSXQ7kAMaoA5jT8tBqmN2QYT5
[2026-08-26 17:44:18][info][CRDTCallbackManager] Successfully registered new data callback for pattern: '/?gnus-validator-registry'
[2026-08-26 17:44:18][info][ValidatorRegistry] RegisterFilter: result=true
[2026-08-26 17:44:18][info][ValidatorRegistry] New: instance ready
[2026-08-26 17:44:18.839049000][th:85113544][info] GossipPubSub /ip4/0.0.0.0/tcp/54602/p2p/12D3KooWSCuUcTP5ombQ5divssNkw5pNG2zQDbr3rwPNbd4MiV9z: PubSub subscribed to topic 'gnus-validator-registry.3.7.144'
[2026-08-26 17:44:18][info][CRDTCallbackManager] Successfully registered new data callback for pattern: '^/?cert/[^/]+'
[2026-08-26 17:44:18.839074000][th:85113544][info] GossipPubSub /ip4/0.0.0.0/tcp/54602/p2p/12D3KooWSCuUcTP5ombQ5divssNkw5pNG2zQDbr3rwPNbd4MiV9z: PubSub subscribed to topic 'consensus-channel-.3.7.144'
[2026-08-26 17:44:18.839093000][th:85113544][info] GossipPubSub /ip4/0.0.0.0/tcp/54602/p2p/12D3KooWSCuUcTP5ombQ5divssNkw5pNG2zQDbr3rwPNbd4MiV9z: PubSub subscribed to topic 'consensus-channel-.3.7.144#datastore.3.7.144'
[2026-08-26 17:44:18][info][CRDTCallbackManager] Successfully registered new data callback for pattern: '/?gnus-genesis-block'
[2026-08-26 17:44:18][info][CRDTCallbackManager] Successfully registered new data callback for pattern: '/?gnus-account-creation-.*'
[2026-08-26 17:44:18][info][CRDTCallbackManager] Successfully registered new data callback for pattern: '^/?/bc-144/tx/[^/]+'
[2026-08-26 17:44:18][info][CRDTCallbackManager] Successfully registered deleted data callback for pattern: '^/?/bc-144/tx/[^/]+'
[2026-08-26 17:44:18][info][CRDTCallbackManager] Successfully registered new data callback for pattern: '^/?/bc-963/tx/[^/]+'
[2026-08-26 17:44:18][info][CRDTCallbackManager] Successfully registered deleted data callback for pattern: '^/?/bc-963/tx/[^/]+'
[2026-08-26 17:44:18][info][CRDTCallbackManager] Successfully registered new data callback for pattern: '^/?/bc-369/tx/[^/]+'
[2026-08-26 17:44:18][info][CRDTCallbackManager] Successfully registered deleted data callback for pattern: '^/?/bc-369/tx/[^/]+'
[2026-08-26 17:44:18][info][CRDTCallbackManager] Successfully unregistered new data callback for pattern: '^/?/bc-144/tx/[^/]+'
[2026-08-26 17:44:18][info][CRDTCallbackManager] Successfully unregistered deleted data callback for pattern: '^/?/bc-144/tx/[^/]+'
[2026-08-26 17:44:18][info][CRDTCallbackManager] Successfully unregistered new data callback for pattern: '^/?/bc-963/tx/[^/]+'
[2026-08-26 17:44:18][info][CRDTCallbackManager] Successfully unregistered deleted data callback for pattern: '^/?/bc-963/tx/[^/]+'
[2026-08-26 17:44:18][info][CRDTCallbackManager] Successfully unregistered new data callback for pattern: '^/?/bc-369/tx/[^/]+'
[2026-08-26 17:44:18][info][CRDTCallbackManager] Successfully unregistered deleted data callback for pattern: '^/?/bc-369/tx/[^/]+'
[2026-08-26 17:44:18][info][TransactionManager] [cc90227a - full: false] ~TransactionManager: Metrics — cert_fallback(success=0 failure=0) validation(approve=1 reject=0) tracking(insert=1 confirm=1 fail=0)
[2026-08-26 17:44:18][info][Blockchain] [cc90227a] Stopping blockchain
[2026-08-26 17:44:18][info][CRDTCallbackManager] Successfully unregistered new data callback for pattern: '/?gnus-genesis-block'
[2026-08-26 17:44:18][info][CRDTCallbackManager] Successfully unregistered new data callback for pattern: '/?gnus-account-creation-.*'
[2026-08-26 17:44:18][info][CRDTCallbackManager] Successfully unregistered new data callback for pattern: '/?gnus-validator-registry'
[2026-08-26 17:44:18.839232000][th:85113301][error] GossipPubSub Address monitoring timer error: Operation canceled
[2026-08-26 17:44:18][error][PubSubBroadcasterExt] No message to process
[2026-08-26 17:44:18][error][PubSubBroadcasterExt] No message to process
[2026-08-26 17:44:19][debug][GlobalDB] ~GlobalDB CALLED with count 6 on multi_node_finality_fault/restart-vote-validator-three/rocksdb 
[2026-08-26 17:44:19][info][GlobalDB] GlobalDB shutdown start
[2026-08-26 17:44:19][info][CrdtDatastore] CancelAndCloseNow: begin (pending_jobs=1, self_queue=0, root_queue=0, pending_roots=0, active_root=false)
[2026-08-26 17:44:19][debug][GraphsyncDAGSyncer] Stopping Dagsyncer
[2026-08-26 17:44:19][debug][GraphsyncDAGSyncer] Dagsyncer Stopped
[2026-08-26 17:44:19][info][CrdtDatastore] CancelAndCloseNow: CRDT workers stopped
[2026-08-26 17:44:19][warning][CrdtDatastore] CancelAndCloseNow called but shutdown has already started
[2026-08-26 17:44:19][debug][GraphsyncDAGSyncer] ~GraphsyncDAGSyncer CALLED
[2026-08-26 17:44:19][info][GlobalDB] GlobalDB shutdown finished
[2026-08-26 17:44:19][info][KeyPairFileStorage] Path to keypairs multi_node_finality_fault/restart-vote-validator-three/keypair
[2026-08-26 17:44:19][info][KeyPairFileStorage] Peer ID from public key: 12D3KooWR1T1pP9EyipQNbniHsFGybLtcTMeQb6TYoyqHWoK1fL8
Current limits: 16384 (soft), 9223372036854775807 (hard)
New limits set successfully: 16384 (soft), 9223372036854775807 (hard)
Initialized relay addresses
[2026-08-26 17:44:19.886180000][th:85113220][info] GossipPubSub /ip4/0.0.0.0/tcp/54603/p2p/12D3KooWR1T1pP9EyipQNbniHsFGybLtcTMeQb6TYoyqHWoK1fL8: Starting PubSub service
[2026-08-26 17:44:19.886248000][th:85113571][info] GossipPubSub Starting address monitoring system for mobile network changes
[2026-08-26 17:44:19.886251000][th:85113571][info] GossipPubSub === CURRENT NETWORK STATE ===
[2026-08-26 17:44:19.886259000][th:85113571][info] GossipPubSub Primary listening address: /ip4/0.0.0.0/tcp/54603/p2p/12D3KooWR1T1pP9EyipQNbniHsFGybLtcTMeQb6TYoyqHWoK1fL8
[2026-08-26 17:44:19.886261000][th:85113571][info] GossipPubSub Host peer info addresses (0):
[2026-08-26 17:44:19.886264000][th:85113571][info] GossipPubSub Additional addresses we track (0):
[2026-08-26 17:44:19.886266000][th:85113571][info] GossipPubSub Listening addresses (1):
[2026-08-26 17:44:19.886268000][th:85113571][info] GossipPubSub   -> /ip4/0.0.0.0/tcp/54603/p2p/12D3KooWR1T1pP9EyipQNbniHsFGybLtcTMeQb6TYoyqHWoK1fL8
[2026-08-26 17:44:19.886270000][th:85113571][info] GossipPubSub Interface addresses (0):
[2026-08-26 17:44:19.886271000][th:85113571][info] GossipPubSub === RAW OBSERVED ADDRESS DEBUG ===
[2026-08-26 17:44:19.886274000][th:85113571][info] GossipPubSub Local address: /ip4/0.0.0.0/tcp/54603/p2p/12D3KooWR1T1pP9EyipQNbniHsFGybLtcTMeQb6TYoyqHWoK1fL8 -> 0 raw observed, 0 activated+confirmed
[2026-08-26 17:44:19.886276000][th:85113571][info] GossipPubSub TOTAL: 0 raw observed addresses, 0 activated+confirmed addresses
[2026-08-26 17:44:19.886278000][th:85113571][info] GossipPubSub === END RAW OBSERVED ADDRESS DEBUG ===
[2026-08-26 17:44:19.886279000][th:85113571][info] GossipPubSub Observed addresses - all (0):
[2026-08-26 17:44:19.886281000][th:85113571][info] GossipPubSub Observed addresses - confirmed only (0):
[2026-08-26 17:44:19.886283000][th:85113571][info] GossipPubSub Relay addresses (0):
[2026-08-26 17:44:19.886285000][th:85113571][warning] GossipPubSub Failed to get addresses from peer repository: not found
[2026-08-26 17:44:19.886318000][th:85113571][info] GossipPubSub Found 1 valid network interfaces
[2026-08-26 17:44:19.886320000][th:85113571][info] GossipPubSub Current network interfaces (1):
[2026-08-26 17:44:19.886321000][th:85113571][info] GossipPubSub   -> 192.168.1.6
[2026-08-26 17:44:19.886323000][th:85113571][info] GossipPubSub Active connections: 0
[2026-08-26 17:44:19.886324000][th:85113571][info] GossipPubSub === PEER CONNECTION DETAILS ===
[2026-08-26 17:44:19.886325000][th:85113571][info] GossipPubSub NOTE: Observed addresses need to be seen by 4+ different peer groups to become 'activated'
[2026-08-26 17:44:19.886327000][th:85113571][info] GossipPubSub NOTE: Current connections: 0, so max possible observers: 0
[2026-08-26 17:44:19.886328000][th:85113571][info] GossipPubSub === END PEER CONNECTION DETAILS ===
[2026-08-26 17:44:19.886329000][th:85113571][info] GossipPubSub Connection manager stats:
[2026-08-26 17:44:19.886330000][th:85113571][info] GossipPubSub   -> Max connections: 1000
[2026-08-26 17:44:19.886332000][th:85113571][info] GossipPubSub   -> Current connections: 0
[2026-08-26 17:44:19.886333000][th:85113571][info] GossipPubSub === END NETWORK STATE ===
[2026-08-26 17:44:19.886460000][th:85113571][info] GossipPubSub /ip4/0.0.0.0/tcp/54603/p2p/12D3KooWR1T1pP9EyipQNbniHsFGybLtcTMeQb6TYoyqHWoK1fL8 : PubSub service started
[2026-08-26 17:44:19][info][GlobalDB] Opening database /Users/henriqueklein/gnus/SuperGenius/multi_node_finality_fault/restart-vote-validator-three/rocksdb
[2026-08-26 17:44:19][debug][GraphsyncDAGSyncer] GraphSyncer created 5536621176 
[2026-08-26 17:44:19][info][CrdtDatastore] crdt Datastore created. Number of heads: 2 Current max-height: 18446744073709551615
[2026-08-26 17:44:19][info][GeniusAccount] Secure storage ID path: /Users/henriqueklein/gnus/SuperGenius/multi_node_finality_fault/restart-vote-validator-three/account/secure_storage_id
[2026-08-26 17:44:19][info][GeniusAccount] Loaded public key from file: cc90227a4f4b34a1... (length: 128)
[2026-08-26 17:44:19][info][GeniusAccount] Successfully loaded key_seed from storage
[2026-08-26 17:44:19][info][GeniusAccount] Validation successful: key_seed matches stored public key
[2026-08-26 17:44:19][warning][UTXOManager] Skipping malformed UTXO key /utxo-checkpoint/cc90227a4f4b34a125e49218dc8d2316c1782f46bce465c9197da8bbfb694b276d567b6aeca64ccf07e535787539f8f0543d9aa3ea84351b5f24e4ec8951958b/1
[2026-08-26 17:44:19][warning][UTXOManager] Skipping malformed UTXO key /utxo-checkpoint/cc90227a4f4b34a125e49218dc8d2316c1782f46bce465c9197da8bbfb694b276d567b6aeca64ccf07e535787539f8f0543d9aa3ea84351b5f24e4ec8951958b/latest
[2026-08-26 17:44:19][info][Blockchain] [cc90227a] Blockchain instance created with authorized full node: 8a33bdf1
[2026-08-26 17:44:19][info][ValidatorRegistry] InitializeCache: cache initialized with CID QmXKbHRzrMZdwmAZng6BkrSXQ7kAMaoA5jT8tBqmN2QYT5
[2026-08-26 17:44:19][info][CRDTCallbackManager] Successfully registered new data callback for pattern: '/?gnus-validator-registry'
[2026-08-26 17:44:19][info][ValidatorRegistry] RegisterFilter: result=true
[2026-08-26 17:44:19][info][ValidatorRegistry] New: instance ready
[2026-08-26 17:44:19.912871000][th:85113571][info] GossipPubSub /ip4/0.0.0.0/tcp/54603/p2p/12D3KooWR1T1pP9EyipQNbniHsFGybLtcTMeQb6TYoyqHWoK1fL8: PubSub subscribed to topic 'gnus-validator-registry.3.7.144'
[2026-08-26 17:44:19][info][CRDTCallbackManager] Successfully registered new data callback for pattern: '^/?cert/[^/]+'
[2026-08-26 17:44:19.912913000][th:85113571][info] GossipPubSub /ip4/0.0.0.0/tcp/54603/p2p/12D3KooWR1T1pP9EyipQNbniHsFGybLtcTMeQb6TYoyqHWoK1fL8: PubSub subscribed to topic 'consensus-channel-.3.7.144'
[2026-08-26 17:44:19][info][CRDTCallbackManager] Successfully registered new data callback for pattern: '/?gnus-genesis-block'
[2026-08-26 17:44:19][info][CRDTCallbackManager] Successfully registered new data callback for pattern: '/?gnus-account-creation-.*'
[2026-08-26 17:44:19.912933000][th:85113571][info] GossipPubSub /ip4/0.0.0.0/tcp/54603/p2p/12D3KooWR1T1pP9EyipQNbniHsFGybLtcTMeQb6TYoyqHWoK1fL8: PubSub subscribed to topic 'consensus-channel-.3.7.144#datastore.3.7.144'
[2026-08-26 17:44:19][info][CRDTCallbackManager] Successfully registered new data callback for pattern: '^/?/bc-144/tx/[^/]+'
[2026-08-26 17:44:19][info][CRDTCallbackManager] Successfully registered deleted data callback for pattern: '^/?/bc-144/tx/[^/]+'
[2026-08-26 17:44:19][info][CRDTCallbackManager] Successfully registered new data callback for pattern: '^/?/bc-963/tx/[^/]+'
[2026-08-26 17:44:19][info][CRDTCallbackManager] Successfully registered deleted data callback for pattern: '^/?/bc-963/tx/[^/]+'
[2026-08-26 17:44:19][info][CRDTCallbackManager] Successfully registered new data callback for pattern: '^/?/bc-369/tx/[^/]+'
[2026-08-26 17:44:19][info][CRDTCallbackManager] Successfully registered deleted data callback for pattern: '^/?/bc-369/tx/[^/]+'
[2026-08-26 17:44:19][info][CRDTCallbackManager] Successfully unregistered new data callback for pattern: '^/?/bc-144/tx/[^/]+'
[2026-08-26 17:44:19][info][CRDTCallbackManager] Successfully unregistered deleted data callback for pattern: '^/?/bc-144/tx/[^/]+'
[2026-08-26 17:44:19][info][CRDTCallbackManager] Successfully unregistered new data callback for pattern: '^/?/bc-963/tx/[^/]+'
[2026-08-26 17:44:19][info][CRDTCallbackManager] Successfully unregistered deleted data callback for pattern: '^/?/bc-963/tx/[^/]+'
[2026-08-26 17:44:19][info][CRDTCallbackManager] Successfully unregistered new data callback for pattern: '^/?/bc-369/tx/[^/]+'
[2026-08-26 17:44:19][info][CRDTCallbackManager] Successfully unregistered deleted data callback for pattern: '^/?/bc-369/tx/[^/]+'
[2026-08-26 17:44:19][info][TransactionManager] [ad176edb - full: false] ~TransactionManager: Metrics — cert_fallback(success=0 failure=0) validation(approve=1 reject=0) tracking(insert=1 confirm=1 fail=0)
[2026-08-26 17:44:19][info][Blockchain] [ad176edb] Stopping blockchain
[2026-08-26 17:44:19][info][CRDTCallbackManager] Successfully unregistered new data callback for pattern: '/?gnus-genesis-block'
[2026-08-26 17:44:19][info][CRDTCallbackManager] Successfully unregistered new data callback for pattern: '/?gnus-account-creation-.*'
[2026-08-26 17:44:19][info][CRDTCallbackManager] Successfully unregistered new data callback for pattern: '/?gnus-validator-registry'
[2026-08-26 17:44:19.913062000][th:85113324][error] GossipPubSub Address monitoring timer error: Operation canceled
[2026-08-26 17:44:19][error][PubSubBroadcasterExt] No message to process
[2026-08-26 17:44:19][error][PubSubBroadcasterExt] No message to process
[2026-08-26 17:44:20][debug][GlobalDB] ~GlobalDB CALLED with count 6 on multi_node_finality_fault/restart-vote-passive/rocksdb 
[2026-08-26 17:44:20][info][GlobalDB] GlobalDB shutdown start
[2026-08-26 17:44:20][info][CrdtDatastore] CancelAndCloseNow: begin (pending_jobs=1, self_queue=0, root_queue=0, pending_roots=0, active_root=false)
[2026-08-26 17:44:20][debug][GraphsyncDAGSyncer] Stopping Dagsyncer
[2026-08-26 17:44:20][debug][GraphsyncDAGSyncer] Dagsyncer Stopped
[2026-08-26 17:44:20][info][CrdtDatastore] CancelAndCloseNow: CRDT workers stopped
[2026-08-26 17:44:20][warning][CrdtDatastore] CancelAndCloseNow called but shutdown has already started
[2026-08-26 17:44:20][debug][GraphsyncDAGSyncer] ~GraphsyncDAGSyncer CALLED
[2026-08-26 17:44:20][info][GlobalDB] GlobalDB shutdown finished
[2026-08-26 17:44:20][info][KeyPairFileStorage] Path to keypairs multi_node_finality_fault/restart-vote-passive/keypair
[2026-08-26 17:44:20][info][KeyPairFileStorage] Peer ID from public key: 12D3KooWK1qGqt2xuvfMUkqJDuXhdYRZwPptxqCMDDgFfVhMzNJZ
Current limits: 16384 (soft), 9223372036854775807 (hard)
New limits set successfully: 16384 (soft), 9223372036854775807 (hard)
Initialized relay addresses
[2026-08-26 17:44:20.924323000][th:85113220][info] GossipPubSub /ip4/0.0.0.0/tcp/54604/p2p/12D3KooWK1qGqt2xuvfMUkqJDuXhdYRZwPptxqCMDDgFfVhMzNJZ: Starting PubSub service
[2026-08-26 17:44:20.924376000][th:85113614][info] GossipPubSub Starting address monitoring system for mobile network changes
[2026-08-26 17:44:20.924379000][th:85113614][info] GossipPubSub === CURRENT NETWORK STATE ===
[2026-08-26 17:44:20.924386000][th:85113614][info] GossipPubSub Primary listening address: /ip4/0.0.0.0/tcp/54604/p2p/12D3KooWK1qGqt2xuvfMUkqJDuXhdYRZwPptxqCMDDgFfVhMzNJZ
[2026-08-26 17:44:20.924389000][th:85113614][info] GossipPubSub Host peer info addresses (0):
[2026-08-26 17:44:20.924391000][th:85113614][info] GossipPubSub Additional addresses we track (0):
[2026-08-26 17:44:20.924393000][th:85113614][info] GossipPubSub Listening addresses (1):
[2026-08-26 17:44:20.924395000][th:85113614][info] GossipPubSub   -> /ip4/0.0.0.0/tcp/54604/p2p/12D3KooWK1qGqt2xuvfMUkqJDuXhdYRZwPptxqCMDDgFfVhMzNJZ
[2026-08-26 17:44:20.924396000][th:85113614][info] GossipPubSub Interface addresses (0):
[2026-08-26 17:44:20.924398000][th:85113614][info] GossipPubSub === RAW OBSERVED ADDRESS DEBUG ===
[2026-08-26 17:44:20.924401000][th:85113614][info] GossipPubSub Local address: /ip4/0.0.0.0/tcp/54604/p2p/12D3KooWK1qGqt2xuvfMUkqJDuXhdYRZwPptxqCMDDgFfVhMzNJZ -> 0 raw observed, 0 activated+confirmed
[2026-08-26 17:44:20.924403000][th:85113614][info] GossipPubSub TOTAL: 0 raw observed addresses, 0 activated+confirmed addresses
[2026-08-26 17:44:20.924404000][th:85113614][info] GossipPubSub === END RAW OBSERVED ADDRESS DEBUG ===
[2026-08-26 17:44:20.924406000][th:85113614][info] GossipPubSub Observed addresses - all (0):
[2026-08-26 17:44:20.924408000][th:85113614][info] GossipPubSub Observed addresses - confirmed only (0):
[2026-08-26 17:44:20.924409000][th:85113614][info] GossipPubSub Relay addresses (0):
[2026-08-26 17:44:20.924412000][th:85113614][warning] GossipPubSub Failed to get addresses from peer repository: not found
[2026-08-26 17:44:20.924441000][th:85113614][info] GossipPubSub Found 1 valid network interfaces
[2026-08-26 17:44:20.924442000][th:85113614][info] GossipPubSub Current network interfaces (1):
[2026-08-26 17:44:20.924444000][th:85113614][info] GossipPubSub   -> 192.168.1.6
[2026-08-26 17:44:20.924445000][th:85113614][info] GossipPubSub Active connections: 0
[2026-08-26 17:44:20.924447000][th:85113614][info] GossipPubSub === PEER CONNECTION DETAILS ===
[2026-08-26 17:44:20.924448000][th:85113614][info] GossipPubSub NOTE: Observed addresses need to be seen by 4+ different peer groups to become 'activated'
[2026-08-26 17:44:20.924449000][th:85113614][info] GossipPubSub NOTE: Current connections: 0, so max possible observers: 0
[2026-08-26 17:44:20.924451000][th:85113614][info] GossipPubSub === END PEER CONNECTION DETAILS ===
[2026-08-26 17:44:20.924452000][th:85113614][info] GossipPubSub Connection manager stats:
[2026-08-26 17:44:20.924453000][th:85113614][info] GossipPubSub   -> Max connections: 1000
[2026-08-26 17:44:20.924455000][th:85113614][info] GossipPubSub   -> Current connections: 0
[2026-08-26 17:44:20.924456000][th:85113614][info] GossipPubSub === END NETWORK STATE ===
[2026-08-26 17:44:20.924570000][th:85113614][info] GossipPubSub /ip4/0.0.0.0/tcp/54604/p2p/12D3KooWK1qGqt2xuvfMUkqJDuXhdYRZwPptxqCMDDgFfVhMzNJZ : PubSub service started
[2026-08-26 17:44:20][info][GlobalDB] Opening database /Users/henriqueklein/gnus/SuperGenius/multi_node_finality_fault/restart-vote-passive/rocksdb
[2026-08-26 17:44:20][debug][GraphsyncDAGSyncer] GraphSyncer created 4989265256 
[2026-08-26 17:44:20][info][CrdtDatastore] crdt Datastore created. Number of heads: 2 Current max-height: 18446744073709551615
[2026-08-26 17:44:20][info][GeniusAccount] Secure storage ID path: /Users/henriqueklein/gnus/SuperGenius/multi_node_finality_fault/restart-vote-passive/account/secure_storage_id
[2026-08-26 17:44:20][info][GeniusAccount] Loaded public key from file: ad176edb10fcd7d1... (length: 128)
[2026-08-26 17:44:20][info][GeniusAccount] Successfully loaded key_seed from storage
[2026-08-26 17:44:20][info][GeniusAccount] Validation successful: key_seed matches stored public key
[2026-08-26 17:44:20][warning][UTXOManager] Skipping malformed UTXO key /utxo-checkpoint/ad176edb10fcd7d140e8d21c8e1db2631e0194bb2f3e09988a75db264f776a172965f26fe61b5fe305232490f325c044b9d54e2964edb4782bcfeac8a7cd03fb/1
[2026-08-26 17:44:20][warning][UTXOManager] Skipping malformed UTXO key /utxo-checkpoint/ad176edb10fcd7d140e8d21c8e1db2631e0194bb2f3e09988a75db264f776a172965f26fe61b5fe305232490f325c044b9d54e2964edb4782bcfeac8a7cd03fb/latest
[2026-08-26 17:44:20][info][Blockchain] [ad176edb] Blockchain instance created with authorized full node: 8a33bdf1
[2026-08-26 17:44:20][info][ValidatorRegistry] InitializeCache: cache initialized with CID QmXKbHRzrMZdwmAZng6BkrSXQ7kAMaoA5jT8tBqmN2QYT5
[2026-08-26 17:44:20][info][CRDTCallbackManager] Successfully registered new data callback for pattern: '/?gnus-validator-registry'
[2026-08-26 17:44:20][info][ValidatorRegistry] RegisterFilter: result=true
[2026-08-26 17:44:20][info][ValidatorRegistry] New: instance ready
[2026-08-26 17:44:20.954974000][th:85113614][info] GossipPubSub /ip4/0.0.0.0/tcp/54604/p2p/12D3KooWK1qGqt2xuvfMUkqJDuXhdYRZwPptxqCMDDgFfVhMzNJZ: PubSub subscribed to topic 'gnus-validator-registry.3.7.144'
[2026-08-26 17:44:20][info][CRDTCallbackManager] Successfully registered new data callback for pattern: '^/?cert/[^/]+'
[2026-08-26 17:44:20.954998000][th:85113614][info] GossipPubSub /ip4/0.0.0.0/tcp/54604/p2p/12D3KooWK1qGqt2xuvfMUkqJDuXhdYRZwPptxqCMDDgFfVhMzNJZ: PubSub subscribed to topic 'consensus-channel-.3.7.144'
[2026-08-26 17:44:20.955017000][th:85113614][info] GossipPubSub /ip4/0.0.0.0/tcp/54604/p2p/12D3KooWK1qGqt2xuvfMUkqJDuXhdYRZwPptxqCMDDgFfVhMzNJZ: PubSub subscribed to topic 'consensus-channel-.3.7.144#datastore.3.7.144'
[2026-08-26 17:44:20][info][CRDTCallbackManager] Successfully registered new data callback for pattern: '/?gnus-genesis-block'
[2026-08-26 17:44:20][info][CRDTCallbackManager] Successfully registered new data callback for pattern: '/?gnus-account-creation-.*'
[2026-08-26 17:44:20][info][CRDTCallbackManager] Successfully registered new data callback for pattern: '^/?/bc-144/tx/[^/]+'
[2026-08-26 17:44:20][info][CRDTCallbackManager] Successfully registered deleted data callback for pattern: '^/?/bc-144/tx/[^/]+'
[2026-08-26 17:44:20][info][CRDTCallbackManager] Successfully registered new data callback for pattern: '^/?/bc-963/tx/[^/]+'
[2026-08-26 17:44:20][info][CRDTCallbackManager] Successfully registered deleted data callback for pattern: '^/?/bc-963/tx/[^/]+'
[2026-08-26 17:44:20][info][CRDTCallbackManager] Successfully registered new data callback for pattern: '^/?/bc-369/tx/[^/]+'
[2026-08-26 17:44:20][info][CRDTCallbackManager] Successfully registered deleted data callback for pattern: '^/?/bc-369/tx/[^/]+'
[2026-08-26 17:44:20.955143000][th:85113491][info] GossipPubSub Adding new peer: 12D3KooWSCuUcTP5ombQ5divssNkw5pNG2zQDbr3rwPNbd4MiV9z
[2026-08-26 17:44:20.955192000][th:85113491][info] GossipPubSub Adding new peer: 12D3KooWR1T1pP9EyipQNbniHsFGybLtcTMeQb6TYoyqHWoK1fL8
[2026-08-26 17:44:20.955232000][th:85113491][info] GossipPubSub Adding new peer: 12D3KooWK1qGqt2xuvfMUkqJDuXhdYRZwPptxqCMDDgFfVhMzNJZ
[2026-08-26 17:44:20.955250000][th:85113544][info] GossipPubSub Adding new peer: 12D3KooWGUtkT6LMh2rVBZ5te3a8kV8n53B8Lj41D7FXyN8Z6EMG
[2026-08-26 17:44:20.955302000][th:85113544][info] GossipPubSub Adding new peer: 12D3KooWR1T1pP9EyipQNbniHsFGybLtcTMeQb6TYoyqHWoK1fL8
[2026-08-26 17:44:20.955343000][th:85113571][info] GossipPubSub Adding new peer: 12D3KooWGUtkT6LMh2rVBZ5te3a8kV8n53B8Lj41D7FXyN8Z6EMG
[2026-08-26 17:44:20.955343000][th:85113544][info] GossipPubSub Adding new peer: 12D3KooWK1qGqt2xuvfMUkqJDuXhdYRZwPptxqCMDDgFfVhMzNJZ
[2026-08-26 17:44:20.955375000][th:85113571][info] GossipPubSub Adding new peer: 12D3KooWSCuUcTP5ombQ5divssNkw5pNG2zQDbr3rwPNbd4MiV9z
[2026-08-26 17:44:20.955408000][th:85113571][info] GossipPubSub Adding new peer: 12D3KooWK1qGqt2xuvfMUkqJDuXhdYRZwPptxqCMDDgFfVhMzNJZ
[2026-08-26 17:44:20.955440000][th:85113614][info] GossipPubSub Adding new peer: 12D3KooWGUtkT6LMh2rVBZ5te3a8kV8n53B8Lj41D7FXyN8Z6EMG
[2026-08-26 17:44:20.955472000][th:85113614][info] GossipPubSub Adding new peer: 12D3KooWSCuUcTP5ombQ5divssNkw5pNG2zQDbr3rwPNbd4MiV9z
[2026-08-26 17:44:20.955504000][th:85113614][info] GossipPubSub Adding new peer: 12D3KooWR1T1pP9EyipQNbniHsFGybLtcTMeQb6TYoyqHWoK1fL8
26.08.26 17:44:21[38;2;128;128;128m.030984[0m  [38;2;255;069;000m[1mError   [0m  [1mNoiseHandshake[0m  [1mNoise handshake failed, Message is too short with 12D3KooWSCuUcTP5ombQ5divssNkw5pNG2zQDbr3rwPNbd4MiV9z on address /ip4/192.168.1.6/tcp/54602[0m
26.08.26 17:44:21[38;2;128;128;128m.031013[0m  [38;2;255;069;000m[1mError   [0m  [1mNoiseHandshake[0m  [1mNoise handshake failed, Message is too short with 12D3KooWGUtkT6LMh2rVBZ5te3a8kV8n53B8Lj41D7FXyN8Z6EMG on address /ip4/192.168.1.6/tcp/54601[0m
[2026-08-26 17:44:21][info][CRDTCallbackManager] Successfully unregistered new data callback for pattern: '^/?/bc-144/tx/[^/]+'
[2026-08-26 17:44:21][info][CRDTCallbackManager] Successfully unregistered deleted data callback for pattern: '^/?/bc-144/tx/[^/]+'
[2026-08-26 17:44:21][info][CRDTCallbackManager] Successfully unregistered new data callback for pattern: '^/?/bc-963/tx/[^/]+'
[2026-08-26 17:44:21][info][CRDTCallbackManager] Successfully unregistered deleted data callback for pattern: '^/?/bc-963/tx/[^/]+'
[2026-08-26 17:44:21][info][CRDTCallbackManager] Successfully unregistered new data callback for pattern: '^/?/bc-369/tx/[^/]+'
[2026-08-26 17:44:21][info][CRDTCallbackManager] Successfully unregistered deleted data callback for pattern: '^/?/bc-369/tx/[^/]+'
[2026-08-26 17:44:21][info][TransactionManager] [dd1693dc - full: false] ~TransactionManager: Metrics — cert_fallback(success=0 failure=0) validation(approve=0 reject=0) tracking(insert=0 confirm=0 fail=0)
[2026-08-26 17:44:21][info][Blockchain] [dd1693dc] Stopping blockchain
[2026-08-26 17:44:21][info][CRDTCallbackManager] Successfully unregistered new data callback for pattern: '/?gnus-genesis-block'
[2026-08-26 17:44:21][info][CRDTCallbackManager] Successfully unregistered new data callback for pattern: '/?gnus-account-creation-.*'
[2026-08-26 17:44:21][info][CRDTCallbackManager] Successfully unregistered new data callback for pattern: '/?gnus-validator-registry'
[2026-08-26 17:44:21.041246000][th:85113491][error] GossipPubSub Address monitoring timer error: Operation canceled
[2026-08-26 17:44:21][error][PubSubBroadcasterExt] No message to process
[2026-08-26 17:44:21][error][PubSubBroadcasterExt] No message to process
[2026-08-26 17:44:22][debug][GlobalDB] ~GlobalDB CALLED with count 6 on multi_node_finality_fault/restart-vote-validator-one/rocksdb 
[2026-08-26 17:44:22][info][GlobalDB] GlobalDB shutdown start
[2026-08-26 17:44:22][info][CrdtDatastore] CancelAndCloseNow: begin (pending_jobs=0, self_queue=0, root_queue=0, pending_roots=0, active_root=false)
[2026-08-26 17:44:22][debug][GraphsyncDAGSyncer] Stopping Dagsyncer
[2026-08-26 17:44:22][debug][GraphsyncDAGSyncer] Dagsyncer Stopped
[2026-08-26 17:44:22][info][CrdtDatastore] CancelAndCloseNow: CRDT workers stopped
[2026-08-26 17:44:22][warning][CrdtDatastore] CancelAndCloseNow called but shutdown has already started
[2026-08-26 17:44:22][debug][GraphsyncDAGSyncer] ~GraphsyncDAGSyncer CALLED
[2026-08-26 17:44:22][info][GlobalDB] GlobalDB shutdown finished
[2026-08-26 17:44:22][info][CRDTCallbackManager] Successfully unregistered new data callback for pattern: '^/?/bc-144/tx/[^/]+'
[2026-08-26 17:44:22][info][CRDTCallbackManager] Successfully unregistered deleted data callback for pattern: '^/?/bc-144/tx/[^/]+'
[2026-08-26 17:44:22][info][CRDTCallbackManager] Successfully unregistered new data callback for pattern: '^/?/bc-963/tx/[^/]+'
[2026-08-26 17:44:22][info][CRDTCallbackManager] Successfully unregistered deleted data callback for pattern: '^/?/bc-963/tx/[^/]+'
[2026-08-26 17:44:22][info][CRDTCallbackManager] Successfully unregistered new data callback for pattern: '^/?/bc-369/tx/[^/]+'
[2026-08-26 17:44:22][info][CRDTCallbackManager] Successfully unregistered deleted data callback for pattern: '^/?/bc-369/tx/[^/]+'
[2026-08-26 17:44:22][info][TransactionManager] [2f682bc8 - full: false] ~TransactionManager: Metrics — cert_fallback(success=0 failure=0) validation(approve=0 reject=0) tracking(insert=0 confirm=0 fail=0)
[2026-08-26 17:44:22][info][Blockchain] [2f682bc8] Stopping blockchain
[2026-08-26 17:44:22][info][CRDTCallbackManager] Successfully unregistered new data callback for pattern: '/?gnus-genesis-block'
[2026-08-26 17:44:22][info][CRDTCallbackManager] Successfully unregistered new data callback for pattern: '/?gnus-account-creation-.*'
[2026-08-26 17:44:22][info][CRDTCallbackManager] Successfully unregistered new data callback for pattern: '/?gnus-validator-registry'
[2026-08-26 17:44:22.358655000][th:85113544][error] GossipPubSub Address monitoring timer error: Operation canceled
[2026-08-26 17:44:22][error][PubSubBroadcasterExt] No message to process
[2026-08-26 17:44:22][error][PubSubBroadcasterExt] No message to process
[2026-08-26 17:44:23][debug][GlobalDB] ~GlobalDB CALLED with count 6 on multi_node_finality_fault/restart-vote-validator-two/rocksdb 
[2026-08-26 17:44:23][info][GlobalDB] GlobalDB shutdown start
[2026-08-26 17:44:23][info][CrdtDatastore] CancelAndCloseNow: begin (pending_jobs=0, self_queue=0, root_queue=0, pending_roots=0, active_root=false)
[2026-08-26 17:44:23][debug][GraphsyncDAGSyncer] Stopping Dagsyncer
[2026-08-26 17:44:23][debug][GraphsyncDAGSyncer] Dagsyncer Stopped
[2026-08-26 17:44:23][info][CrdtDatastore] CancelAndCloseNow: CRDT workers stopped
[2026-08-26 17:44:23][warning][CrdtDatastore] CancelAndCloseNow called but shutdown has already started
[2026-08-26 17:44:23][debug][GraphsyncDAGSyncer] ~GraphsyncDAGSyncer CALLED
[2026-08-26 17:44:23][info][GlobalDB] GlobalDB shutdown finished
[2026-08-26 17:44:23][info][CRDTCallbackManager] Successfully unregistered new data callback for pattern: '^/?/bc-144/tx/[^/]+'
[2026-08-26 17:44:23][info][CRDTCallbackManager] Successfully unregistered deleted data callback for pattern: '^/?/bc-144/tx/[^/]+'
[2026-08-26 17:44:23][info][CRDTCallbackManager] Successfully unregistered new data callback for pattern: '^/?/bc-963/tx/[^/]+'
[2026-08-26 17:44:23][info][CRDTCallbackManager] Successfully unregistered deleted data callback for pattern: '^/?/bc-963/tx/[^/]+'
[2026-08-26 17:44:23][info][CRDTCallbackManager] Successfully unregistered new data callback for pattern: '^/?/bc-369/tx/[^/]+'
[2026-08-26 17:44:23][info][CRDTCallbackManager] Successfully unregistered deleted data callback for pattern: '^/?/bc-369/tx/[^/]+'
[2026-08-26 17:44:23][info][TransactionManager] [cc90227a - full: false] ~TransactionManager: Metrics — cert_fallback(success=0 failure=0) validation(approve=0 reject=0) tracking(insert=0 confirm=0 fail=0)
[2026-08-26 17:44:23][info][Blockchain] [cc90227a] Stopping blockchain
[2026-08-26 17:44:23][info][CRDTCallbackManager] Successfully unregistered new data callback for pattern: '/?gnus-genesis-block'
[2026-08-26 17:44:23][info][CRDTCallbackManager] Successfully unregistered new data callback for pattern: '/?gnus-account-creation-.*'
[2026-08-26 17:44:23][info][CRDTCallbackManager] Successfully unregistered new data callback for pattern: '/?gnus-validator-registry'
[2026-08-26 17:44:23.368588000][th:85113571][error] GossipPubSub Address monitoring timer error: Operation canceled
[2026-08-26 17:44:23][error][PubSubBroadcasterExt] No message to process
[2026-08-26 17:44:23][error][PubSubBroadcasterExt] No message to process
[2026-08-26 17:44:24][debug][GlobalDB] ~GlobalDB CALLED with count 6 on multi_node_finality_fault/restart-vote-validator-three/rocksdb 
[2026-08-26 17:44:24][info][GlobalDB] GlobalDB shutdown start
[2026-08-26 17:44:24][info][CrdtDatastore] CancelAndCloseNow: begin (pending_jobs=0, self_queue=0, root_queue=0, pending_roots=0, active_root=false)
[2026-08-26 17:44:24][debug][GraphsyncDAGSyncer] Stopping Dagsyncer
[2026-08-26 17:44:24][debug][GraphsyncDAGSyncer] Dagsyncer Stopped
[2026-08-26 17:44:24][info][CrdtDatastore] CancelAndCloseNow: CRDT workers stopped
[2026-08-26 17:44:24][warning][CrdtDatastore] CancelAndCloseNow called but shutdown has already started
[2026-08-26 17:44:24][debug][GraphsyncDAGSyncer] ~GraphsyncDAGSyncer CALLED
[2026-08-26 17:44:24][info][GlobalDB] GlobalDB shutdown finished
[2026-08-26 17:44:24][info][CRDTCallbackManager] Successfully unregistered new data callback for pattern: '^/?/bc-144/tx/[^/]+'
[2026-08-26 17:44:24][info][CRDTCallbackManager] Successfully unregistered deleted data callback for pattern: '^/?/bc-144/tx/[^/]+'
[2026-08-26 17:44:24][info][CRDTCallbackManager] Successfully unregistered new data callback for pattern: '^/?/bc-963/tx/[^/]+'
[2026-08-26 17:44:24][info][CRDTCallbackManager] Successfully unregistered deleted data callback for pattern: '^/?/bc-963/tx/[^/]+'
[2026-08-26 17:44:24][info][CRDTCallbackManager] Successfully unregistered new data callback for pattern: '^/?/bc-369/tx/[^/]+'
[2026-08-26 17:44:24][info][CRDTCallbackManager] Successfully unregistered deleted data callback for pattern: '^/?/bc-369/tx/[^/]+'
[2026-08-26 17:44:24][info][TransactionManager] [ad176edb - full: false] ~TransactionManager: Metrics — cert_fallback(success=0 failure=0) validation(approve=0 reject=0) tracking(insert=0 confirm=0 fail=0)
[2026-08-26 17:44:24][info][Blockchain] [ad176edb] Stopping blockchain
[2026-08-26 17:44:24][info][CRDTCallbackManager] Successfully unregistered new data callback for pattern: '/?gnus-genesis-block'
[2026-08-26 17:44:24][info][CRDTCallbackManager] Successfully unregistered new data callback for pattern: '/?gnus-account-creation-.*'
[2026-08-26 17:44:24][info][CRDTCallbackManager] Successfully unregistered new data callback for pattern: '/?gnus-validator-registry'
[2026-08-26 17:44:24.448270000][th:85113614][error] GossipPubSub Address monitoring timer error: Operation canceled
[2026-08-26 17:44:24][error][PubSubBroadcasterExt] No message to process
[2026-08-26 17:44:24][error][PubSubBroadcasterExt] No message to process
[2026-08-26 17:44:25][debug][GlobalDB] ~GlobalDB CALLED with count 6 on multi_node_finality_fault/restart-vote-passive/rocksdb 
[2026-08-26 17:44:25][info][GlobalDB] GlobalDB shutdown start
[2026-08-26 17:44:25][info][CrdtDatastore] CancelAndCloseNow: begin (pending_jobs=0, self_queue=0, root_queue=0, pending_roots=0, active_root=false)
[2026-08-26 17:44:25][debug][GraphsyncDAGSyncer] Stopping Dagsyncer
[2026-08-26 17:44:25][debug][GraphsyncDAGSyncer] Dagsyncer Stopped
[2026-08-26 17:44:25][info][CrdtDatastore] CancelAndCloseNow: CRDT workers stopped
[2026-08-26 17:44:25][warning][CrdtDatastore] CancelAndCloseNow called but shutdown has already started
[2026-08-26 17:44:25][debug][GraphsyncDAGSyncer] ~GraphsyncDAGSyncer CALLED
[2026-08-26 17:44:25][info][GlobalDB] GlobalDB shutdown finished
[2026-08-26 17:44:25][info][KeyPairFileStorage] Path to keypairs multi_node_finality_fault/restart-certificate-validator-one/keypair
[2026-08-26 17:44:25][info][KeyPairFileStorage] Peer ID from public key: 12D3KooWJQauzv3ZCQr8upRhSXvqo6Voac3na4pTPRkGVy5D6MbT
Current limits: 16384 (soft), 9223372036854775807 (hard)
New limits set successfully: 16384 (soft), 9223372036854775807 (hard)
Initialized relay addresses
[2026-08-26 17:44:25.491735000][th:85113220][info] GossipPubSub /ip4/0.0.0.0/tcp/54611/p2p/12D3KooWJQauzv3ZCQr8upRhSXvqo6Voac3na4pTPRkGVy5D6MbT: Starting PubSub service
[2026-08-26 17:44:25.491803000][th:85113688][info] GossipPubSub Starting address monitoring system for mobile network changes
[2026-08-26 17:44:25.491807000][th:85113688][info] GossipPubSub === CURRENT NETWORK STATE ===
[2026-08-26 17:44:25.491817000][th:85113688][info] GossipPubSub Primary listening address: /ip4/0.0.0.0/tcp/54611/p2p/12D3KooWJQauzv3ZCQr8upRhSXvqo6Voac3na4pTPRkGVy5D6MbT
[2026-08-26 17:44:25.491822000][th:85113688][info] GossipPubSub Host peer info addresses (0):
[2026-08-26 17:44:25.491830000][th:85113688][info] GossipPubSub Additional addresses we track (0):
[2026-08-26 17:44:25.491836000][th:85113688][info] GossipPubSub Listening addresses (1):
[2026-08-26 17:44:25.491842000][th:85113688][info] GossipPubSub   -> /ip4/0.0.0.0/tcp/54611/p2p/12D3KooWJQauzv3ZCQr8upRhSXvqo6Voac3na4pTPRkGVy5D6MbT
[2026-08-26 17:44:25.491848000][th:85113688][info] GossipPubSub Interface addresses (0):
[2026-08-26 17:44:25.491854000][th:85113688][info] GossipPubSub === RAW OBSERVED ADDRESS DEBUG ===
[2026-08-26 17:44:25.491859000][th:85113688][info] GossipPubSub Local address: /ip4/0.0.0.0/tcp/54611/p2p/12D3KooWJQauzv3ZCQr8upRhSXvqo6Voac3na4pTPRkGVy5D6MbT -> 0 raw observed, 0 activated+confirmed
[2026-08-26 17:44:25.491864000][th:85113688][info] GossipPubSub TOTAL: 0 raw observed addresses, 0 activated+confirmed addresses
[2026-08-26 17:44:25.491872000][th:85113688][info] GossipPubSub === END RAW OBSERVED ADDRESS DEBUG ===
[2026-08-26 17:44:25.491874000][th:85113688][info] GossipPubSub Observed addresses - all (0):
[2026-08-26 17:44:25.491876000][th:85113688][info] GossipPubSub Observed addresses - confirmed only (0):
[2026-08-26 17:44:25.491879000][th:85113688][info] GossipPubSub Relay addresses (0):
[2026-08-26 17:44:25.491883000][th:85113688][warning] GossipPubSub Failed to get addresses from peer repository: not found
[2026-08-26 17:44:25.491917000][th:85113688][info] GossipPubSub Found 1 valid network interfaces
[2026-08-26 17:44:25.491923000][th:85113688][info] GossipPubSub Current network interfaces (1):
[2026-08-26 17:44:25.491926000][th:85113688][info] GossipPubSub   -> 192.168.1.6
[2026-08-26 17:44:25.491930000][th:85113688][info] GossipPubSub Active connections: 0
[2026-08-26 17:44:25.491933000][th:85113688][info] GossipPubSub === PEER CONNECTION DETAILS ===
[2026-08-26 17:44:25.491940000][th:85113688][info] GossipPubSub NOTE: Observed addresses need to be seen by 4+ different peer groups to become 'activated'
[2026-08-26 17:44:25.491944000][th:85113688][info] GossipPubSub NOTE: Current connections: 0, so max possible observers: 0
[2026-08-26 17:44:25.491947000][th:85113688][info] GossipPubSub === END PEER CONNECTION DETAILS ===
[2026-08-26 17:44:25.491949000][th:85113688][info] GossipPubSub Connection manager stats:
[2026-08-26 17:44:25.491951000][th:85113688][info] GossipPubSub   -> Max connections: 1000
[2026-08-26 17:44:25.491953000][th:85113688][info] GossipPubSub   -> Current connections: 0
[2026-08-26 17:44:25.491955000][th:85113688][info] GossipPubSub === END NETWORK STATE ===
[2026-08-26 17:44:25.492089000][th:85113688][info] GossipPubSub /ip4/0.0.0.0/tcp/54611/p2p/12D3KooWJQauzv3ZCQr8upRhSXvqo6Voac3na4pTPRkGVy5D6MbT : PubSub service started
[2026-08-26 17:44:25][info][GlobalDB] Opening database /Users/henriqueklein/gnus/SuperGenius/multi_node_finality_fault/restart-certificate-validator-one/rocksdb
[2026-08-26 17:44:25][debug][GraphsyncDAGSyncer] GraphSyncer created 5539105080 
[2026-08-26 17:44:25][info][CrdtDatastore] crdt Datastore created. Number of heads: 0 Current max-height: 0
[2026-08-26 17:44:25][info][GeniusAccount] Secure storage ID path: /Users/henriqueklein/gnus/SuperGenius/multi_node_finality_fault/restart-certificate-validator-one/account/secure_storage_id
[2026-08-26 17:44:25][error][GeniusAccount] Could not find existing Genius address, generating one from a random mnemonic
[2026-08-26 17:44:25][warning][UTXOManager] Found UTXOs in storage, but there were none
[2026-08-26 17:44:25][info][Blockchain] [fb0c2dee] Blockchain instance created with authorized full node: 8a33bdf1
[2026-08-26 17:44:25][error][ValidatorRegistry] InitializeCache: registry content not found during cache init
[2026-08-26 17:44:25][info][CRDTCallbackManager] Successfully registered new data callback for pattern: '/?gnus-validator-registry'
[2026-08-26 17:44:25][info][ValidatorRegistry] RegisterFilter: result=true
[2026-08-26 17:44:25][info][ValidatorRegistry] New: instance ready
[2026-08-26 17:44:25.530634000][th:85113688][info] GossipPubSub /ip4/0.0.0.0/tcp/54611/p2p/12D3KooWJQauzv3ZCQr8upRhSXvqo6Voac3na4pTPRkGVy5D6MbT: PubSub subscribed to topic 'gnus-validator-registry.3.7.144'
[2026-08-26 17:44:25][info][CRDTCallbackManager] Successfully registered new data callback for pattern: '^/?cert/[^/]+'
[2026-08-26 17:44:25.530658000][th:85113688][info] GossipPubSub /ip4/0.0.0.0/tcp/54611/p2p/12D3KooWJQauzv3ZCQr8upRhSXvqo6Voac3na4pTPRkGVy5D6MbT: PubSub subscribed to topic 'consensus-channel-.3.7.144'
[2026-08-26 17:44:25][warning][Blockchain] [fb0c2dee] Failed to request validator registry during blockchain init
[2026-08-26 17:44:25][info][CRDTCallbackManager] Successfully registered new data callback for pattern: '/?gnus-genesis-block'
[2026-08-26 17:44:25][info][CRDTCallbackManager] Successfully registered new data callback for pattern: '/?gnus-account-creation-.*'
[2026-08-26 17:44:25.530677000][th:85113688][info] GossipPubSub /ip4/0.0.0.0/tcp/54611/p2p/12D3KooWJQauzv3ZCQr8upRhSXvqo6Voac3na4pTPRkGVy5D6MbT: PubSub subscribed to topic 'consensus-channel-.3.7.144#datastore.3.7.144'
[2026-08-26 17:44:25][info][CRDTCallbackManager] Successfully registered new data callback for pattern: '^/?/bc-144/tx/[^/]+'
[2026-08-26 17:44:25][info][CRDTCallbackManager] Successfully registered deleted data callback for pattern: '^/?/bc-144/tx/[^/]+'
[2026-08-26 17:44:25][info][CRDTCallbackManager] Successfully registered new data callback for pattern: '^/?/bc-963/tx/[^/]+'
[2026-08-26 17:44:25][info][CRDTCallbackManager] Successfully registered deleted data callback for pattern: '^/?/bc-963/tx/[^/]+'
[2026-08-26 17:44:25][info][CRDTCallbackManager] Successfully registered new data callback for pattern: '^/?/bc-369/tx/[^/]+'
[2026-08-26 17:44:25][info][CRDTCallbackManager] Successfully registered deleted data callback for pattern: '^/?/bc-369/tx/[^/]+'
[2026-08-26 17:44:25][info][KeyPairFileStorage] Path to keypairs multi_node_finality_fault/restart-certificate-validator-two/keypair
[2026-08-26 17:44:25][info][KeyPairFileStorage] Peer ID from public key: 12D3KooWFrreWdQeVu9QBVN9m8TCMJYP3TRcJkYJAJnaqh1Tq43R
Current limits: 16384 (soft), 9223372036854775807 (hard)
New limits set successfully: 16384 (soft), 9223372036854775807 (hard)
Initialized relay addresses
[2026-08-26 17:44:25.532085000][th:85113220][info] GossipPubSub /ip4/0.0.0.0/tcp/54612/p2p/12D3KooWFrreWdQeVu9QBVN9m8TCMJYP3TRcJkYJAJnaqh1Tq43R: Starting PubSub service
[2026-08-26 17:44:25.532125000][th:85113709][info] GossipPubSub Starting address monitoring system for mobile network changes
[2026-08-26 17:44:25.532127000][th:85113709][info] GossipPubSub === CURRENT NETWORK STATE ===
[2026-08-26 17:44:25.532134000][th:85113709][info] GossipPubSub Primary listening address: /ip4/0.0.0.0/tcp/54612/p2p/12D3KooWFrreWdQeVu9QBVN9m8TCMJYP3TRcJkYJAJnaqh1Tq43R
[2026-08-26 17:44:25.532136000][th:85113709][info] GossipPubSub Host peer info addresses (0):
[2026-08-26 17:44:25.532138000][th:85113709][info] GossipPubSub Additional addresses we track (0):
[2026-08-26 17:44:25.532140000][th:85113709][info] GossipPubSub Listening addresses (1):
[2026-08-26 17:44:25.532142000][th:85113709][info] GossipPubSub   -> /ip4/0.0.0.0/tcp/54612/p2p/12D3KooWFrreWdQeVu9QBVN9m8TCMJYP3TRcJkYJAJnaqh1Tq43R
[2026-08-26 17:44:25.532144000][th:85113709][info] GossipPubSub Interface addresses (0):
[2026-08-26 17:44:25.532146000][th:85113709][info] GossipPubSub === RAW OBSERVED ADDRESS DEBUG ===
[2026-08-26 17:44:25.532149000][th:85113709][info] GossipPubSub Local address: /ip4/0.0.0.0/tcp/54612/p2p/12D3KooWFrreWdQeVu9QBVN9m8TCMJYP3TRcJkYJAJnaqh1Tq43R -> 0 raw observed, 0 activated+confirmed
[2026-08-26 17:44:25.532151000][th:85113709][info] GossipPubSub TOTAL: 0 raw observed addresses, 0 activated+confirmed addresses
[2026-08-26 17:44:25.532152000][th:85113709][info] GossipPubSub === END RAW OBSERVED ADDRESS DEBUG ===
[2026-08-26 17:44:25.532154000][th:85113709][info] GossipPubSub Observed addresses - all (0):
[2026-08-26 17:44:25.532156000][th:85113709][info] GossipPubSub Observed addresses - confirmed only (0):
[2026-08-26 17:44:25.532158000][th:85113709][info] GossipPubSub Relay addresses (0):
[2026-08-26 17:44:25.532161000][th:85113709][warning] GossipPubSub Failed to get addresses from peer repository: not found
[2026-08-26 17:44:25.532189000][th:85113709][info] GossipPubSub Found 1 valid network interfaces
[2026-08-26 17:44:25.532191000][th:85113709][info] GossipPubSub Current network interfaces (1):
[2026-08-26 17:44:25.532193000][th:85113709][info] GossipPubSub   -> 192.168.1.6
[2026-08-26 17:44:25.532195000][th:85113709][info] GossipPubSub Active connections: 0
[2026-08-26 17:44:25.532197000][th:85113709][info] GossipPubSub === PEER CONNECTION DETAILS ===
[2026-08-26 17:44:25.532199000][th:85113709][info] GossipPubSub NOTE: Observed addresses need to be seen by 4+ different peer groups to become 'activated'
[2026-08-26 17:44:25.532201000][th:85113709][info] GossipPubSub NOTE: Current connections: 0, so max possible observers: 0
[2026-08-26 17:44:25.532202000][th:85113709][info] GossipPubSub === END PEER CONNECTION DETAILS ===
[2026-08-26 17:44:25.532204000][th:85113709][info] GossipPubSub Connection manager stats:
[2026-08-26 17:44:25.532206000][th:85113709][info] GossipPubSub   -> Max connections: 1000
[2026-08-26 17:44:25.532208000][th:85113709][info] GossipPubSub   -> Current connections: 0
[2026-08-26 17:44:25.532210000][th:85113709][info] GossipPubSub === END NETWORK STATE ===
[2026-08-26 17:44:25.532322000][th:85113709][info] GossipPubSub /ip4/0.0.0.0/tcp/54612/p2p/12D3KooWFrreWdQeVu9QBVN9m8TCMJYP3TRcJkYJAJnaqh1Tq43R : PubSub service started
[2026-08-26 17:44:25][info][GlobalDB] Opening database /Users/henriqueklein/gnus/SuperGenius/multi_node_finality_fault/restart-certificate-validator-two/rocksdb
[2026-08-26 17:44:25][debug][GraphsyncDAGSyncer] GraphSyncer created 4989268360 
[2026-08-26 17:44:25][info][CrdtDatastore] crdt Datastore created. Number of heads: 0 Current max-height: 0
[2026-08-26 17:44:25][info][GeniusAccount] Secure storage ID path: /Users/henriqueklein/gnus/SuperGenius/multi_node_finality_fault/restart-certificate-validator-two/account/secure_storage_id
[2026-08-26 17:44:25][error][GeniusAccount] Could not find existing Genius address, generating one from a random mnemonic
[2026-08-26 17:44:25][warning][UTXOManager] Found UTXOs in storage, but there were none
[2026-08-26 17:44:25][info][Blockchain] [730bfa5a] Blockchain instance created with authorized full node: 8a33bdf1
[2026-08-26 17:44:25][error][ValidatorRegistry] InitializeCache: registry content not found during cache init
[2026-08-26 17:44:25][info][CRDTCallbackManager] Successfully registered new data callback for pattern: '/?gnus-validator-registry'
[2026-08-26 17:44:25][info][ValidatorRegistry] RegisterFilter: result=true
[2026-08-26 17:44:25][info][ValidatorRegistry] New: instance ready
[2026-08-26 17:44:25.561980000][th:85113709][info] GossipPubSub /ip4/0.0.0.0/tcp/54612/p2p/12D3KooWFrreWdQeVu9QBVN9m8TCMJYP3TRcJkYJAJnaqh1Tq43R: PubSub subscribed to topic 'gnus-validator-registry.3.7.144'
[2026-08-26 17:44:25][info][CRDTCallbackManager] Successfully registered new data callback for pattern: '^/?cert/[^/]+'
[2026-08-26 17:44:25.562004000][th:85113709][info] GossipPubSub /ip4/0.0.0.0/tcp/54612/p2p/12D3KooWFrreWdQeVu9QBVN9m8TCMJYP3TRcJkYJAJnaqh1Tq43R: PubSub subscribed to topic 'consensus-channel-.3.7.144'
[2026-08-26 17:44:25][warning][Blockchain] [730bfa5a] Failed to request validator registry during blockchain init
[2026-08-26 17:44:25.562023000][th:85113709][info] GossipPubSub /ip4/0.0.0.0/tcp/54612/p2p/12D3KooWFrreWdQeVu9QBVN9m8TCMJYP3TRcJkYJAJnaqh1Tq43R: PubSub subscribed to topic 'consensus-channel-.3.7.144#datastore.3.7.144'
[2026-08-26 17:44:25][info][CRDTCallbackManager] Successfully registered new data callback for pattern: '/?gnus-genesis-block'
[2026-08-26 17:44:25][info][CRDTCallbackManager] Successfully registered new data callback for pattern: '/?gnus-account-creation-.*'
[2026-08-26 17:44:25][info][CRDTCallbackManager] Successfully registered new data callback for pattern: '^/?/bc-144/tx/[^/]+'
[2026-08-26 17:44:25][info][CRDTCallbackManager] Successfully registered deleted data callback for pattern: '^/?/bc-144/tx/[^/]+'
[2026-08-26 17:44:25][info][CRDTCallbackManager] Successfully registered new data callback for pattern: '^/?/bc-963/tx/[^/]+'
[2026-08-26 17:44:25][info][CRDTCallbackManager] Successfully registered deleted data callback for pattern: '^/?/bc-963/tx/[^/]+'
[2026-08-26 17:44:25][info][CRDTCallbackManager] Successfully registered new data callback for pattern: '^/?/bc-369/tx/[^/]+'
[2026-08-26 17:44:25][info][CRDTCallbackManager] Successfully registered deleted data callback for pattern: '^/?/bc-369/tx/[^/]+'
[2026-08-26 17:44:25][info][KeyPairFileStorage] Path to keypairs multi_node_finality_fault/restart-certificate-validator-three/keypair
[2026-08-26 17:44:25][info][KeyPairFileStorage] Peer ID from public key: 12D3KooWF24bpdYS9UvSaiHMLrdaxq8JRinTYHCv7LuAyQoZ8Tcr
Current limits: 16384 (soft), 9223372036854775807 (hard)
New limits set successfully: 16384 (soft), 9223372036854775807 (hard)
Initialized relay addresses
[2026-08-26 17:44:25.563552000][th:85113220][info] GossipPubSub /ip4/0.0.0.0/tcp/54613/p2p/12D3KooWF24bpdYS9UvSaiHMLrdaxq8JRinTYHCv7LuAyQoZ8Tcr: Starting PubSub service
[2026-08-26 17:44:25.563597000][th:85113734][info] GossipPubSub Starting address monitoring system for mobile network changes
[2026-08-26 17:44:25.563601000][th:85113734][info] GossipPubSub === CURRENT NETWORK STATE ===
[2026-08-26 17:44:25.563608000][th:85113734][info] GossipPubSub Primary listening address: /ip4/0.0.0.0/tcp/54613/p2p/12D3KooWF24bpdYS9UvSaiHMLrdaxq8JRinTYHCv7LuAyQoZ8Tcr
[2026-08-26 17:44:25.563610000][th:85113734][info] GossipPubSub Host peer info addresses (0):
[2026-08-26 17:44:25.563612000][th:85113734][info] GossipPubSub Additional addresses we track (0):
[2026-08-26 17:44:25.563615000][th:85113734][info] GossipPubSub Listening addresses (1):
[2026-08-26 17:44:25.563617000][th:85113734][info] GossipPubSub   -> /ip4/0.0.0.0/tcp/54613/p2p/12D3KooWF24bpdYS9UvSaiHMLrdaxq8JRinTYHCv7LuAyQoZ8Tcr
[2026-08-26 17:44:25.563619000][th:85113734][info] GossipPubSub Interface addresses (0):
[2026-08-26 17:44:25.563621000][th:85113734][info] GossipPubSub === RAW OBSERVED ADDRESS DEBUG ===
[2026-08-26 17:44:25.563624000][th:85113734][info] GossipPubSub Local address: /ip4/0.0.0.0/tcp/54613/p2p/12D3KooWF24bpdYS9UvSaiHMLrdaxq8JRinTYHCv7LuAyQoZ8Tcr -> 0 raw observed, 0 activated+confirmed
[2026-08-26 17:44:25.563626000][th:85113734][info] GossipPubSub TOTAL: 0 raw observed addresses, 0 activated+confirmed addresses
[2026-08-26 17:44:25.563628000][th:85113734][info] GossipPubSub === END RAW OBSERVED ADDRESS DEBUG ===
[2026-08-26 17:44:25.563630000][th:85113734][info] GossipPubSub Observed addresses - all (0):
[2026-08-26 17:44:25.563633000][th:85113734][info] GossipPubSub Observed addresses - confirmed only (0):
[2026-08-26 17:44:25.563635000][th:85113734][info] GossipPubSub Relay addresses (0):
[2026-08-26 17:44:25.563637000][th:85113734][warning] GossipPubSub Failed to get addresses from peer repository: not found
[2026-08-26 17:44:25.563668000][th:85113734][info] GossipPubSub Found 1 valid network interfaces
[2026-08-26 17:44:25.563670000][th:85113734][info] GossipPubSub Current network interfaces (1):
[2026-08-26 17:44:25.563672000][th:85113734][info] GossipPubSub   -> 192.168.1.6
[2026-08-26 17:44:25.563675000][th:85113734][info] GossipPubSub Active connections: 0
[2026-08-26 17:44:25.563677000][th:85113734][info] GossipPubSub === PEER CONNECTION DETAILS ===
[2026-08-26 17:44:25.563679000][th:85113734][info] GossipPubSub NOTE: Observed addresses need to be seen by 4+ different peer groups to become 'activated'
[2026-08-26 17:44:25.563681000][th:85113734][info] GossipPubSub NOTE: Current connections: 0, so max possible observers: 0
[2026-08-26 17:44:25.563683000][th:85113734][info] GossipPubSub === END PEER CONNECTION DETAILS ===
[2026-08-26 17:44:25.563685000][th:85113734][info] GossipPubSub Connection manager stats:
[2026-08-26 17:44:25.563687000][th:85113734][info] GossipPubSub   -> Max connections: 1000
[2026-08-26 17:44:25.563689000][th:85113734][info] GossipPubSub   -> Current connections: 0
[2026-08-26 17:44:25.563691000][th:85113734][info] GossipPubSub === END NETWORK STATE ===
[2026-08-26 17:44:25.563800000][th:85113734][info] GossipPubSub /ip4/0.0.0.0/tcp/54613/p2p/12D3KooWF24bpdYS9UvSaiHMLrdaxq8JRinTYHCv7LuAyQoZ8Tcr : PubSub service started
[2026-08-26 17:44:25][info][GlobalDB] Opening database /Users/henriqueklein/gnus/SuperGenius/multi_node_finality_fault/restart-certificate-validator-three/rocksdb
[2026-08-26 17:44:25][debug][GraphsyncDAGSyncer] GraphSyncer created 5526290872 
[2026-08-26 17:44:25][info][CrdtDatastore] crdt Datastore created. Number of heads: 0 Current max-height: 0
[2026-08-26 17:44:25][info][GeniusAccount] Secure storage ID path: /Users/henriqueklein/gnus/SuperGenius/multi_node_finality_fault/restart-certificate-validator-three/account/secure_storage_id
[2026-08-26 17:44:25][error][GeniusAccount] Could not find existing Genius address, generating one from a random mnemonic
[2026-08-26 17:44:25][warning][UTXOManager] Found UTXOs in storage, but there were none
[2026-08-26 17:44:25][info][Blockchain] [f3d5fe1b] Blockchain instance created with authorized full node: 8a33bdf1
[2026-08-26 17:44:25][error][ValidatorRegistry] InitializeCache: registry content not found during cache init
[2026-08-26 17:44:25][info][CRDTCallbackManager] Successfully registered new data callback for pattern: '/?gnus-validator-registry'
[2026-08-26 17:44:25][info][ValidatorRegistry] RegisterFilter: result=true
[2026-08-26 17:44:25][info][ValidatorRegistry] New: instance ready
[2026-08-26 17:44:25.594687000][th:85113734][info] GossipPubSub /ip4/0.0.0.0/tcp/54613/p2p/12D3KooWF24bpdYS9UvSaiHMLrdaxq8JRinTYHCv7LuAyQoZ8Tcr: PubSub subscribed to topic 'gnus-validator-registry.3.7.144'
[2026-08-26 17:44:25][info][CRDTCallbackManager] Successfully registered new data callback for pattern: '^/?cert/[^/]+'
[2026-08-26 17:44:25.594713000][th:85113734][info] GossipPubSub /ip4/0.0.0.0/tcp/54613/p2p/12D3KooWF24bpdYS9UvSaiHMLrdaxq8JRinTYHCv7LuAyQoZ8Tcr: PubSub subscribed to topic 'consensus-channel-.3.7.144'
[2026-08-26 17:44:25][warning][Blockchain] [f3d5fe1b] Failed to request validator registry during blockchain init
[2026-08-26 17:44:25][info][CRDTCallbackManager] Successfully registered new data callback for pattern: '/?gnus-genesis-block'
[2026-08-26 17:44:25][info][CRDTCallbackManager] Successfully registered new data callback for pattern: '/?gnus-account-creation-.*'
[2026-08-26 17:44:25.594732000][th:85113734][info] GossipPubSub /ip4/0.0.0.0/tcp/54613/p2p/12D3KooWF24bpdYS9UvSaiHMLrdaxq8JRinTYHCv7LuAyQoZ8Tcr: PubSub subscribed to topic 'consensus-channel-.3.7.144#datastore.3.7.144'
[2026-08-26 17:44:25][info][CRDTCallbackManager] Successfully registered new data callback for pattern: '^/?/bc-144/tx/[^/]+'
[2026-08-26 17:44:25][info][CRDTCallbackManager] Successfully registered deleted data callback for pattern: '^/?/bc-144/tx/[^/]+'
[2026-08-26 17:44:25][info][CRDTCallbackManager] Successfully registered new data callback for pattern: '^/?/bc-963/tx/[^/]+'
[2026-08-26 17:44:25][info][CRDTCallbackManager] Successfully registered deleted data callback for pattern: '^/?/bc-963/tx/[^/]+'
[2026-08-26 17:44:25][info][CRDTCallbackManager] Successfully registered new data callback for pattern: '^/?/bc-369/tx/[^/]+'
[2026-08-26 17:44:25][info][CRDTCallbackManager] Successfully registered deleted data callback for pattern: '^/?/bc-369/tx/[^/]+'
[2026-08-26 17:44:25][info][KeyPairFileStorage] Path to keypairs multi_node_finality_fault/restart-certificate-passive/keypair
[2026-08-26 17:44:25][info][KeyPairFileStorage] Peer ID from public key: 12D3KooWMAw5qe9uutACirhucSeE7j3MS7QcDZ18gN5CfyGjmJmU
Current limits: 16384 (soft), 9223372036854775807 (hard)
New limits set successfully: 16384 (soft), 9223372036854775807 (hard)
Initialized relay addresses
[2026-08-26 17:44:25.596223000][th:85113220][info] GossipPubSub /ip4/0.0.0.0/tcp/54614/p2p/12D3KooWMAw5qe9uutACirhucSeE7j3MS7QcDZ18gN5CfyGjmJmU: Starting PubSub service
[2026-08-26 17:44:25.596275000][th:85113757][info] GossipPubSub Starting address monitoring system for mobile network changes
[2026-08-26 17:44:25.596283000][th:85113757][info] GossipPubSub === CURRENT NETWORK STATE ===
[2026-08-26 17:44:25.596293000][th:85113757][info] GossipPubSub Primary listening address: /ip4/0.0.0.0/tcp/54614/p2p/12D3KooWMAw5qe9uutACirhucSeE7j3MS7QcDZ18gN5CfyGjmJmU
[2026-08-26 17:44:25.596300000][th:85113757][info] GossipPubSub Host peer info addresses (0):
[2026-08-26 17:44:25.596304000][th:85113757][info] GossipPubSub Additional addresses we track (0):
[2026-08-26 17:44:25.596307000][th:85113757][info] GossipPubSub Listening addresses (1):
[2026-08-26 17:44:25.596310000][th:85113757][info] GossipPubSub   -> /ip4/0.0.0.0/tcp/54614/p2p/12D3KooWMAw5qe9uutACirhucSeE7j3MS7QcDZ18gN5CfyGjmJmU
[2026-08-26 17:44:25.596312000][th:85113757][info] GossipPubSub Interface addresses (0):
[2026-08-26 17:44:25.596314000][th:85113757][info] GossipPubSub === RAW OBSERVED ADDRESS DEBUG ===
[2026-08-26 17:44:25.596329000][th:85113757][info] GossipPubSub Local address: /ip4/0.0.0.0/tcp/54614/p2p/12D3KooWMAw5qe9uutACirhucSeE7j3MS7QcDZ18gN5CfyGjmJmU -> 0 raw observed, 0 activated+confirmed
[2026-08-26 17:44:25.596331000][th:85113757][info] GossipPubSub TOTAL: 0 raw observed addresses, 0 activated+confirmed addresses
[2026-08-26 17:44:25.596332000][th:85113757][info] GossipPubSub === END RAW OBSERVED ADDRESS DEBUG ===
[2026-08-26 17:44:25.596334000][th:85113757][info] GossipPubSub Observed addresses - all (0):
[2026-08-26 17:44:25.596336000][th:85113757][info] GossipPubSub Observed addresses - confirmed only (0):
[2026-08-26 17:44:25.596337000][th:85113757][info] GossipPubSub Relay addresses (0):
[2026-08-26 17:44:25.596340000][th:85113757][warning] GossipPubSub Failed to get addresses from peer repository: not found
[2026-08-26 17:44:25.596373000][th:85113757][info] GossipPubSub Found 1 valid network interfaces
[2026-08-26 17:44:25.596375000][th:85113757][info] GossipPubSub Current network interfaces (1):
[2026-08-26 17:44:25.596376000][th:85113757][info] GossipPubSub   -> 192.168.1.6
[2026-08-26 17:44:25.596378000][th:85113757][info] GossipPubSub Active connections: 0
[2026-08-26 17:44:25.596380000][th:85113757][info] GossipPubSub === PEER CONNECTION DETAILS ===
[2026-08-26 17:44:25.596382000][th:85113757][info] GossipPubSub NOTE: Observed addresses need to be seen by 4+ different peer groups to become 'activated'
[2026-08-26 17:44:25.596383000][th:85113757][info] GossipPubSub NOTE: Current connections: 0, so max possible observers: 0
[2026-08-26 17:44:25.596385000][th:85113757][info] GossipPubSub === END PEER CONNECTION DETAILS ===
[2026-08-26 17:44:25.596386000][th:85113757][info] GossipPubSub Connection manager stats:
[2026-08-26 17:44:25.596387000][th:85113757][info] GossipPubSub   -> Max connections: 1000
[2026-08-26 17:44:25.596389000][th:85113757][info] GossipPubSub   -> Current connections: 0
[2026-08-26 17:44:25.596390000][th:85113757][info] GossipPubSub === END NETWORK STATE ===
[2026-08-26 17:44:25.596514000][th:85113757][info] GossipPubSub /ip4/0.0.0.0/tcp/54614/p2p/12D3KooWMAw5qe9uutACirhucSeE7j3MS7QcDZ18gN5CfyGjmJmU : PubSub service started
[2026-08-26 17:44:25][info][GlobalDB] Opening database /Users/henriqueklein/gnus/SuperGenius/multi_node_finality_fault/restart-certificate-passive/rocksdb
[2026-08-26 17:44:25][debug][GraphsyncDAGSyncer] GraphSyncer created 5526208728 
[2026-08-26 17:44:25][info][CrdtDatastore] crdt Datastore created. Number of heads: 0 Current max-height: 0
[2026-08-26 17:44:25][info][GeniusAccount] Secure storage ID path: /Users/henriqueklein/gnus/SuperGenius/multi_node_finality_fault/restart-certificate-passive/account/secure_storage_id
[2026-08-26 17:44:25][error][GeniusAccount] Could not find existing Genius address, generating one from a random mnemonic
[2026-08-26 17:44:25][warning][UTXOManager] Found UTXOs in storage, but there were none
[2026-08-26 17:44:25][info][Blockchain] [ebd288fc] Blockchain instance created with authorized full node: 8a33bdf1
[2026-08-26 17:44:25][error][ValidatorRegistry] InitializeCache: registry content not found during cache init
[2026-08-26 17:44:25][info][CRDTCallbackManager] Successfully registered new data callback for pattern: '/?gnus-validator-registry'
[2026-08-26 17:44:25][info][ValidatorRegistry] RegisterFilter: result=true
[2026-08-26 17:44:25][info][ValidatorRegistry] New: instance ready
[2026-08-26 17:44:25.629643000][th:85113757][info] GossipPubSub /ip4/0.0.0.0/tcp/54614/p2p/12D3KooWMAw5qe9uutACirhucSeE7j3MS7QcDZ18gN5CfyGjmJmU: PubSub subscribed to topic 'gnus-validator-registry.3.7.144'
[2026-08-26 17:44:25][info][CRDTCallbackManager] Successfully registered new data callback for pattern: '^/?cert/[^/]+'
[2026-08-26 17:44:25.629670000][th:85113757][info] GossipPubSub /ip4/0.0.0.0/tcp/54614/p2p/12D3KooWMAw5qe9uutACirhucSeE7j3MS7QcDZ18gN5CfyGjmJmU: PubSub subscribed to topic 'consensus-channel-.3.7.144'
[2026-08-26 17:44:25][warning][Blockchain] [ebd288fc] Failed to request validator registry during blockchain init
[2026-08-26 17:44:25][info][CRDTCallbackManager] Successfully registered new data callback for pattern: '/?gnus-genesis-block'
[2026-08-26 17:44:25][info][CRDTCallbackManager] Successfully registered new data callback for pattern: '/?gnus-account-creation-.*'
[2026-08-26 17:44:25.629692000][th:85113757][info] GossipPubSub /ip4/0.0.0.0/tcp/54614/p2p/12D3KooWMAw5qe9uutACirhucSeE7j3MS7QcDZ18gN5CfyGjmJmU: PubSub subscribed to topic 'consensus-channel-.3.7.144#datastore.3.7.144'
[2026-08-26 17:44:25][info][CRDTCallbackManager] Successfully registered new data callback for pattern: '^/?/bc-144/tx/[^/]+'
[2026-08-26 17:44:25][info][CRDTCallbackManager] Successfully registered deleted data callback for pattern: '^/?/bc-144/tx/[^/]+'
[2026-08-26 17:44:25][info][CRDTCallbackManager] Successfully registered new data callback for pattern: '^/?/bc-963/tx/[^/]+'
[2026-08-26 17:44:25][info][CRDTCallbackManager] Successfully registered deleted data callback for pattern: '^/?/bc-963/tx/[^/]+'
[2026-08-26 17:44:25][info][CRDTCallbackManager] Successfully registered new data callback for pattern: '^/?/bc-369/tx/[^/]+'
[2026-08-26 17:44:25][info][CRDTCallbackManager] Successfully registered deleted data callback for pattern: '^/?/bc-369/tx/[^/]+'
[2026-08-26 17:44:25][info][CrdtDatastore] Topics { name="gnus-validator-registry" }
[2026-08-26 17:44:25][info][CRDTCallbackManager] Executing callback for key '/gnus-validator-registry' matching pattern '/?gnus-validator-registry'
[2026-08-26 17:44:25][info][ValidatorRegistry] RegistryUpdateReceived: cache updated and initialized
[2026-08-26 17:44:25][debug][GraphsyncDAGSyncer] addNode: Added node QmQR4iAF9xW4KbCnhdPtVUYhQKgoiLPWg2uYeELSpnvrYY on dagService 
[2026-08-26 17:44:25][info][ValidatorRegistry] StoreRegistryUpdate: stored registry update CID QmQR4iAF9xW4KbCnhdPtVUYhQKgoiLPWg2uYeELSpnvrYY
[2026-08-26 17:44:25][info][ValidatorRegistry] StoreRegistryUpdate: success
[2026-08-26 17:44:25][info][CrdtDatastore] Topics { name="gnus-validator-registry" }
[2026-08-26 17:44:25][info][CRDTCallbackManager] Executing callback for key '/gnus-validator-registry' matching pattern '/?gnus-validator-registry'
[2026-08-26 17:44:25][info][ValidatorRegistry] RegistryUpdateReceived: cache updated and initialized
[2026-08-26 17:44:25][debug][GraphsyncDAGSyncer] addNode: Added node QmQR4iAF9xW4KbCnhdPtVUYhQKgoiLPWg2uYeELSpnvrYY on dagService 
[2026-08-26 17:44:25][info][ValidatorRegistry] StoreRegistryUpdate: stored registry update CID QmQR4iAF9xW4KbCnhdPtVUYhQKgoiLPWg2uYeELSpnvrYY
[2026-08-26 17:44:25][info][ValidatorRegistry] StoreRegistryUpdate: success
[2026-08-26 17:44:25][info][CrdtDatastore] Topics { name="gnus-validator-registry" }
[2026-08-26 17:44:25][info][CRDTCallbackManager] Executing callback for key '/gnus-validator-registry' matching pattern '/?gnus-validator-registry'
[2026-08-26 17:44:25][info][ValidatorRegistry] RegistryUpdateReceived: cache updated and initialized
[2026-08-26 17:44:25][debug][GraphsyncDAGSyncer] addNode: Added node QmQR4iAF9xW4KbCnhdPtVUYhQKgoiLPWg2uYeELSpnvrYY on dagService 
[2026-08-26 17:44:25][info][ValidatorRegistry] StoreRegistryUpdate: stored registry update CID QmQR4iAF9xW4KbCnhdPtVUYhQKgoiLPWg2uYeELSpnvrYY
[2026-08-26 17:44:25][info][ValidatorRegistry] StoreRegistryUpdate: success
[2026-08-26 17:44:25][info][CrdtDatastore] Topics { name="gnus-validator-registry" }
[2026-08-26 17:44:25][info][CRDTCallbackManager] Executing callback for key '/gnus-validator-registry' matching pattern '/?gnus-validator-registry'
[2026-08-26 17:44:25][info][ValidatorRegistry] RegistryUpdateReceived: cache updated and initialized
[2026-08-26 17:44:25][debug][GraphsyncDAGSyncer] addNode: Added node QmQR4iAF9xW4KbCnhdPtVUYhQKgoiLPWg2uYeELSpnvrYY on dagService 
[2026-08-26 17:44:25][info][ValidatorRegistry] StoreRegistryUpdate: stored registry update CID QmQR4iAF9xW4KbCnhdPtVUYhQKgoiLPWg2uYeELSpnvrYY
[2026-08-26 17:44:25][info][ValidatorRegistry] StoreRegistryUpdate: success
[2026-08-26 17:44:25.671283000][th:85113688][info] GossipPubSub Adding new peer: 12D3KooWFrreWdQeVu9QBVN9m8TCMJYP3TRcJkYJAJnaqh1Tq43R
[2026-08-26 17:44:25.671336000][th:85113688][info] GossipPubSub Adding new peer: 12D3KooWF24bpdYS9UvSaiHMLrdaxq8JRinTYHCv7LuAyQoZ8Tcr
[2026-08-26 17:44:25.671377000][th:85113688][info] GossipPubSub Adding new peer: 12D3KooWMAw5qe9uutACirhucSeE7j3MS7QcDZ18gN5CfyGjmJmU
[2026-08-26 17:44:25.671391000][th:85113709][info] GossipPubSub Adding new peer: 12D3KooWJQauzv3ZCQr8upRhSXvqo6Voac3na4pTPRkGVy5D6MbT
[2026-08-26 17:44:25.671439000][th:85113709][info] GossipPubSub Adding new peer: 12D3KooWF24bpdYS9UvSaiHMLrdaxq8JRinTYHCv7LuAyQoZ8Tcr
[2026-08-26 17:44:25.671480000][th:85113709][info] GossipPubSub Adding new peer: 12D3KooWMAw5qe9uutACirhucSeE7j3MS7QcDZ18gN5CfyGjmJmU
[2026-08-26 17:44:25.671493000][th:85113734][info] GossipPubSub Adding new peer: 12D3KooWJQauzv3ZCQr8upRhSXvqo6Voac3na4pTPRkGVy5D6MbT
[2026-08-26 17:44:25.671544000][th:85113734][info] GossipPubSub Adding new peer: 12D3KooWFrreWdQeVu9QBVN9m8TCMJYP3TRcJkYJAJnaqh1Tq43R
[2026-08-26 17:44:25.671585000][th:85113734][info] GossipPubSub Adding new peer: 12D3KooWMAw5qe9uutACirhucSeE7j3MS7QcDZ18gN5CfyGjmJmU
[2026-08-26 17:44:25.671591000][th:85113757][info] GossipPubSub Adding new peer: 12D3KooWJQauzv3ZCQr8upRhSXvqo6Voac3na4pTPRkGVy5D6MbT
[2026-08-26 17:44:25.671625000][th:85113757][info] GossipPubSub Adding new peer: 12D3KooWFrreWdQeVu9QBVN9m8TCMJYP3TRcJkYJAJnaqh1Tq43R
[2026-08-26 17:44:25.671659000][th:85113757][info] GossipPubSub Adding new peer: 12D3KooWF24bpdYS9UvSaiHMLrdaxq8JRinTYHCv7LuAyQoZ8Tcr
[2026-08-26 17:44:25][info][TransactionManager] [fb0c2dee - full: false] ChangeTransactionState: Temp tracking entry created tx=51fbf42d1313ed2d2d5a4dc0272bc8ef3a948767c94db9bbc36545450a7c97b4
[2026-08-26 17:44:25][info][TransactionManager] [ebd288fc - full: false] ChangeTransactionState: Temp tracking entry created tx=51fbf42d1313ed2d2d5a4dc0272bc8ef3a948767c94db9bbc36545450a7c97b4
[2026-08-26 17:44:25][info][TransactionManager] [f3d5fe1b - full: false] ChangeTransactionState: Temp tracking entry created tx=51fbf42d1313ed2d2d5a4dc0272bc8ef3a948767c94db9bbc36545450a7c97b4
[2026-08-26 17:44:25][info][TransactionManager] [730bfa5a - full: false] ChangeTransactionState: Temp tracking entry created tx=51fbf42d1313ed2d2d5a4dc0272bc8ef3a948767c94db9bbc36545450a7c97b4
[2026-08-26 17:44:28][error][ConsensusManager] HandleVote: ignored: proposal has not won frozen slot arbitration proposal_id=981500d3
[2026-08-26 17:44:28][error][ConsensusManager] HandleVote: ignored: proposal has not won frozen slot arbitration proposal_id=981500d3
[2026-08-26 17:44:28][error][ConsensusManager] HandleVote: ignored: proposal has not won frozen slot arbitration proposal_id=981500d3
[2026-08-26 17:44:28][error][ConsensusManager] HandleVote: ignored: proposal has not won frozen slot arbitration proposal_id=981500d3
[2026-08-26 17:44:30][info][CrdtDatastore] Topics { name="consensus-channel-.3.7.144#datastore" }
[2026-08-26 17:44:30][info][CRDTCallbackManager] Executing callback for key '/cert/mint-v2:test:0000000000000000000000000000000000000000000000000000000000000000:42:fb0c2dee5c831cb5810fbe47eb2ba7cb3aa154e9bf431efc28e716b286ccc91e38472abd999f992b94457850590c6faf18354a1e53cb7aa5da760bb1134fac47:cccccccccccccccccccccccccccccccccccccccccccccccccccccccccccccccc' matching pattern '^/?cert/[^/]+'
[2026-08-26 17:44:30][debug][GraphsyncDAGSyncer] addNode: Added node QmRv8eq81EcLmabjJxJ4u9Qn2LsbbWofcATKgABVa93rHa on dagService 
[2026-08-26 17:44:30][info][UTXOManager] Stored 1 UTXOs for address fb0c2dee5c831cb5810fbe47eb2ba7cb3aa154e9bf431efc28e716b286ccc91e38472abd999f992b94457850590c6faf18354a1e53cb7aa5da760bb1134fac47
[2026-08-26 17:44:30][info][UTXOManager] Stored 2 UTXOs for address fb0c2dee5c831cb5810fbe47eb2ba7cb3aa154e9bf431efc28e716b286ccc91e38472abd999f992b94457850590c6faf18354a1e53cb7aa5da760bb1134fac47
[2026-08-26 17:44:30][info][TransactionManager] [fb0c2dee - full: false] Created tokens (mint-v2), amount 42 balance 42
[2026-08-26 17:44:30][info][TransactionManager] [fb0c2dee - full: false] ChangeTransactionState: Tracking entry confirmed tx=51fbf42d1313ed2d2d5a4dc0272bc8ef3a948767c94db9bbc36545450a7c97b4
[2026-08-26 17:44:30][info][UTXOManager] Created checkpoint owner=fb0c2dee5c831cb5810fbe47eb2ba7cb3aa154e9bf431efc28e716b286ccc91e38472abd999f992b94457850590c6faf18354a1e53cb7aa5da760bb1134fac47 epoch=1 utxo_count=1
[2026-08-26 17:44:30][debug][GraphsyncDAGSyncer] Registered new peer 12D3KooWJQauzv3ZCQr8upRhSXvqo6Voac3na4pTPRkGVy5D6MbT with key 0
[2026-08-26 17:44:30][debug][GraphsyncDAGSyncer] Registered new peer 12D3KooWJQauzv3ZCQr8upRhSXvqo6Voac3na4pTPRkGVy5D6MbT with key 0
[2026-08-26 17:44:30][debug][GraphsyncDAGSyncer] Added route for CID QmRv8eq81EcLmabjJxJ4u9Qn2LsbbWofcATKgABVa93rHa to peer 12D3KooWJQauzv3ZCQr8upRhSXvqo6Voac3na4pTPRkGVy5D6MbT (key 0, route_count=1)
[2026-08-26 17:44:30][debug][GraphsyncDAGSyncer] Added route for CID QmRv8eq81EcLmabjJxJ4u9Qn2LsbbWofcATKgABVa93rHa to peer 12D3KooWJQauzv3ZCQr8upRhSXvqo6Voac3na4pTPRkGVy5D6MbT (key 0, route_count=1)
[2026-08-26 17:44:30][debug][GraphsyncDAGSyncer] Registered new peer 12D3KooWJQauzv3ZCQr8upRhSXvqo6Voac3na4pTPRkGVy5D6MbT with key 0
[2026-08-26 17:44:30][debug][GraphsyncDAGSyncer] Added route for CID QmRv8eq81EcLmabjJxJ4u9Qn2LsbbWofcATKgABVa93rHa to peer 12D3KooWJQauzv3ZCQr8upRhSXvqo6Voac3na4pTPRkGVy5D6MbT (key 0, route_count=1)
[2026-08-26 17:44:31][debug][GraphsyncDAGSyncer] Block initialized without content to LRU cache: CID QmRv8eq81EcLmabjJxJ4u9Qn2LsbbWofcATKgABVa93rHa, cache size: 1
[2026-08-26 17:44:31][debug][GraphsyncDAGSyncer] Requesting Node QmRv8eq81EcLmabjJxJ4u9Qn2LsbbWofcATKgABVa93rHa on this 4989268360
[2026-08-26 17:44:31][debug][GraphsyncDAGSyncer] Return node for CID QmRv8eq81EcLmabjJxJ4u9Qn2LsbbWofcATKgABVa93rHa instance=5539105080
[2026-08-26 17:44:31.104407000][th:85113709][warning] graphsync Request 1 for CID QmRv8eq81EcLmabjJxJ4u9Qn2LsbbWofcATKgABVa93rHa got RS_FULL_CONTENT but no blocks received yet
[2026-08-26 17:44:31][debug][GraphsyncDAGSyncer] request progress: code=FULL_CONTENT, extensions=(graphsync/do-not-send-cids: 0x80) (graphsync/response-metadata: 0x80) 
[2026-08-26 17:44:31][debug][GraphsyncDAGSyncer] HasBlock: false, cid: QmRv8eq81EcLmabjJxJ4u9Qn2LsbbWofcATKgABVa93rHa
[2026-08-26 17:44:31][debug][GraphsyncDAGSyncer] Existing block updated in LRU cache: CID QmRv8eq81EcLmabjJxJ4u9Qn2LsbbWofcATKgABVa93rHa
[2026-08-26 17:44:31][debug][GraphsyncDAGSyncer] Node added to dagService. CID: QmRv8eq81EcLmabjJxJ4u9Qn2LsbbWofcATKgABVa93rHa, links: []
[2026-08-26 17:44:31][debug][GraphsyncDAGSyncer] Seeing if peer 12D3KooWJQauzv3ZCQr8upRhSXvqo6Voac3na4pTPRkGVy5D6MbT has links to AddRoute
[2026-08-26 17:44:31][info][GraphsyncDAGSyncer] TraverseCIDsLinks: Checking links on { cid="QmRv8eq81EcLmabjJxJ4u9Qn2LsbbWofcATKgABVa93rHa", name="" }
[2026-08-26 17:44:31][info][GraphsyncDAGSyncer] TraverseCIDsLinks: Completed traversal. Links to fetch: 0, Visited: 0
[2026-08-26 17:44:31][debug][GraphsyncDAGSyncer] Block initialized without content to LRU cache: CID QmRv8eq81EcLmabjJxJ4u9Qn2LsbbWofcATKgABVa93rHa, cache size: 1
[2026-08-26 17:44:31][debug][GraphsyncDAGSyncer] Requesting Node QmRv8eq81EcLmabjJxJ4u9Qn2LsbbWofcATKgABVa93rHa on this 5526290872
[2026-08-26 17:44:31][debug][GraphsyncDAGSyncer] Return node for CID QmRv8eq81EcLmabjJxJ4u9Qn2LsbbWofcATKgABVa93rHa instance=5539105080
[2026-08-26 17:44:31.134686000][th:85113734][warning] graphsync Request 1 for CID QmRv8eq81EcLmabjJxJ4u9Qn2LsbbWofcATKgABVa93rHa got RS_FULL_CONTENT but no blocks received yet
[2026-08-26 17:44:31][debug][GraphsyncDAGSyncer] request progress: code=FULL_CONTENT, extensions=(graphsync/response-metadata: 0x80) (graphsync/do-not-send-cids: 0x80) 
[2026-08-26 17:44:31][debug][GraphsyncDAGSyncer] HasBlock: false, cid: QmRv8eq81EcLmabjJxJ4u9Qn2LsbbWofcATKgABVa93rHa
[2026-08-26 17:44:31][debug][GraphsyncDAGSyncer] Existing block updated in LRU cache: CID QmRv8eq81EcLmabjJxJ4u9Qn2LsbbWofcATKgABVa93rHa
[2026-08-26 17:44:31][debug][GraphsyncDAGSyncer] Node added to dagService. CID: QmRv8eq81EcLmabjJxJ4u9Qn2LsbbWofcATKgABVa93rHa, links: []
[2026-08-26 17:44:31][debug][GraphsyncDAGSyncer] Seeing if peer 12D3KooWJQauzv3ZCQr8upRhSXvqo6Voac3na4pTPRkGVy5D6MbT has links to AddRoute
[2026-08-26 17:44:31][info][GraphsyncDAGSyncer] TraverseCIDsLinks: Checking links on { cid="QmRv8eq81EcLmabjJxJ4u9Qn2LsbbWofcATKgABVa93rHa", name="" }
[2026-08-26 17:44:31][info][GraphsyncDAGSyncer] TraverseCIDsLinks: Completed traversal. Links to fetch: 0, Visited: 0
[2026-08-26 17:44:31][debug][GraphsyncDAGSyncer] Block initialized without content to LRU cache: CID QmRv8eq81EcLmabjJxJ4u9Qn2LsbbWofcATKgABVa93rHa, cache size: 1
[2026-08-26 17:44:31][debug][GraphsyncDAGSyncer] Requesting Node QmRv8eq81EcLmabjJxJ4u9Qn2LsbbWofcATKgABVa93rHa on this 5526208728
[2026-08-26 17:44:31][debug][GraphsyncDAGSyncer] Return node for CID QmRv8eq81EcLmabjJxJ4u9Qn2LsbbWofcATKgABVa93rHa instance=5539105080
[2026-08-26 17:44:31.164969000][th:85113757][warning] graphsync Request 1 for CID QmRv8eq81EcLmabjJxJ4u9Qn2LsbbWofcATKgABVa93rHa got RS_FULL_CONTENT but no blocks received yet
[2026-08-26 17:44:31][debug][GraphsyncDAGSyncer] request progress: code=FULL_CONTENT, extensions=(graphsync/do-not-send-cids: 0x80) (graphsync/response-metadata: 0x80) 
[2026-08-26 17:44:31][debug][GraphsyncDAGSyncer] HasBlock: false, cid: QmRv8eq81EcLmabjJxJ4u9Qn2LsbbWofcATKgABVa93rHa
[2026-08-26 17:44:31][debug][GraphsyncDAGSyncer] Existing block updated in LRU cache: CID QmRv8eq81EcLmabjJxJ4u9Qn2LsbbWofcATKgABVa93rHa
[2026-08-26 17:44:31][debug][GraphsyncDAGSyncer] Node added to dagService. CID: QmRv8eq81EcLmabjJxJ4u9Qn2LsbbWofcATKgABVa93rHa, links: []
[2026-08-26 17:44:31][debug][GraphsyncDAGSyncer] Seeing if peer 12D3KooWJQauzv3ZCQr8upRhSXvqo6Voac3na4pTPRkGVy5D6MbT has links to AddRoute
[2026-08-26 17:44:31][info][GraphsyncDAGSyncer] TraverseCIDsLinks: Checking links on { cid="QmRv8eq81EcLmabjJxJ4u9Qn2LsbbWofcATKgABVa93rHa", name="" }
[2026-08-26 17:44:31][info][GraphsyncDAGSyncer] TraverseCIDsLinks: Completed traversal. Links to fetch: 0, Visited: 0
[2026-08-26 17:44:31][debug][GraphsyncDAGSyncer] Return node for CID QmRv8eq81EcLmabjJxJ4u9Qn2LsbbWofcATKgABVa93rHa instance=4989268360
[2026-08-26 17:44:31][info][CRDTCallbackManager] Executing callback for key '/cert/mint-v2:test:0000000000000000000000000000000000000000000000000000000000000000:42:fb0c2dee5c831cb5810fbe47eb2ba7cb3aa154e9bf431efc28e716b286ccc91e38472abd999f992b94457850590c6faf18354a1e53cb7aa5da760bb1134fac47:cccccccccccccccccccccccccccccccccccccccccccccccccccccccccccccccc' matching pattern '^/?cert/[^/]+'
[2026-08-26 17:44:31][debug][GraphsyncDAGSyncer] addNode: Added node QmRv8eq81EcLmabjJxJ4u9Qn2LsbbWofcATKgABVa93rHa on dagService 
[2026-08-26 17:44:31][debug][GraphsyncDAGSyncer] Block removed from LRU cache: CID QmRv8eq81EcLmabjJxJ4u9Qn2LsbbWofcATKgABVa93rHa
[2026-08-26 17:44:31][debug][GraphsyncDAGSyncer] Return node for CID QmRv8eq81EcLmabjJxJ4u9Qn2LsbbWofcATKgABVa93rHa instance=5526290872
[2026-08-26 17:44:31][info][CRDTCallbackManager] Executing callback for key '/cert/mint-v2:test:0000000000000000000000000000000000000000000000000000000000000000:42:fb0c2dee5c831cb5810fbe47eb2ba7cb3aa154e9bf431efc28e716b286ccc91e38472abd999f992b94457850590c6faf18354a1e53cb7aa5da760bb1134fac47:cccccccccccccccccccccccccccccccccccccccccccccccccccccccccccccccc' matching pattern '^/?cert/[^/]+'
[2026-08-26 17:44:31][debug][GraphsyncDAGSyncer] addNode: Added node QmRv8eq81EcLmabjJxJ4u9Qn2LsbbWofcATKgABVa93rHa on dagService 
[2026-08-26 17:44:31][debug][GraphsyncDAGSyncer] Block removed from LRU cache: CID QmRv8eq81EcLmabjJxJ4u9Qn2LsbbWofcATKgABVa93rHa
[2026-08-26 17:44:31][debug][GraphsyncDAGSyncer] Return node for CID QmRv8eq81EcLmabjJxJ4u9Qn2LsbbWofcATKgABVa93rHa instance=5526208728
[2026-08-26 17:44:31][info][CRDTCallbackManager] Executing callback for key '/cert/mint-v2:test:0000000000000000000000000000000000000000000000000000000000000000:42:fb0c2dee5c831cb5810fbe47eb2ba7cb3aa154e9bf431efc28e716b286ccc91e38472abd999f992b94457850590c6faf18354a1e53cb7aa5da760bb1134fac47:cccccccccccccccccccccccccccccccccccccccccccccccccccccccccccccccc' matching pattern '^/?cert/[^/]+'
[2026-08-26 17:44:31][debug][GraphsyncDAGSyncer] addNode: Added node QmRv8eq81EcLmabjJxJ4u9Qn2LsbbWofcATKgABVa93rHa on dagService 
[2026-08-26 17:44:31][debug][GraphsyncDAGSyncer] Block removed from LRU cache: CID QmRv8eq81EcLmabjJxJ4u9Qn2LsbbWofcATKgABVa93rHa
[2026-08-26 17:44:31][info][UTXOManager] Stored 1 UTXOs for address fb0c2dee5c831cb5810fbe47eb2ba7cb3aa154e9bf431efc28e716b286ccc91e38472abd999f992b94457850590c6faf18354a1e53cb7aa5da760bb1134fac47
[2026-08-26 17:44:31][info][UTXOManager] Stored 2 UTXOs for address fb0c2dee5c831cb5810fbe47eb2ba7cb3aa154e9bf431efc28e716b286ccc91e38472abd999f992b94457850590c6faf18354a1e53cb7aa5da760bb1134fac47
[2026-08-26 17:44:31][info][TransactionManager] [ebd288fc - full: false] Created tokens (mint-v2), amount 42 balance 0
[2026-08-26 17:44:31][info][UTXOManager] Stored 1 UTXOs for address fb0c2dee5c831cb5810fbe47eb2ba7cb3aa154e9bf431efc28e716b286ccc91e38472abd999f992b94457850590c6faf18354a1e53cb7aa5da760bb1134fac47
[2026-08-26 17:44:31][info][CRDTCallbackManager] Successfully unregistered new data callback for pattern: '^/?/bc-144/tx/[^/]+'
[2026-08-26 17:44:31][info][TransactionManager] [ebd288fc - full: false] ChangeTransactionState: Tracking entry confirmed tx=51fbf42d1313ed2d2d5a4dc0272bc8ef3a948767c94db9bbc36545450a7c97b4
[2026-08-26 17:44:31][info][CRDTCallbackManager] Successfully unregistered deleted data callback for pattern: '^/?/bc-144/tx/[^/]+'
[2026-08-26 17:44:31][info][CRDTCallbackManager] Successfully unregistered new data callback for pattern: '^/?/bc-963/tx/[^/]+'
[2026-08-26 17:44:31][info][CRDTCallbackManager] Successfully unregistered deleted data callback for pattern: '^/?/bc-963/tx/[^/]+'
[2026-08-26 17:44:31][info][CRDTCallbackManager] Successfully unregistered new data callback for pattern: '^/?/bc-369/tx/[^/]+'
[2026-08-26 17:44:31][info][CRDTCallbackManager] Successfully unregistered deleted data callback for pattern: '^/?/bc-369/tx/[^/]+'
[2026-08-26 17:44:31][info][TransactionManager] [730bfa5a - full: false] ~TransactionManager: Metrics — cert_fallback(success=0 failure=0) validation(approve=1 reject=0) tracking(insert=1 confirm=0 fail=0)
[2026-08-26 17:44:31][info][Blockchain] [730bfa5a] Stopping blockchain
[2026-08-26 17:44:31][info][UTXOManager] Stored 2 UTXOs for address fb0c2dee5c831cb5810fbe47eb2ba7cb3aa154e9bf431efc28e716b286ccc91e38472abd999f992b94457850590c6faf18354a1e53cb7aa5da760bb1134fac47
[2026-08-26 17:44:31][info][TransactionManager] [f3d5fe1b - full: false] Created tokens (mint-v2), amount 42 balance 0
[2026-08-26 17:44:31][info][CRDTCallbackManager] Successfully unregistered new data callback for pattern: '/?gnus-genesis-block'
[2026-08-26 17:44:31][info][CRDTCallbackManager] Successfully unregistered new data callback for pattern: '/?gnus-account-creation-.*'
[2026-08-26 17:44:31][info][TransactionManager] [f3d5fe1b - full: false] ChangeTransactionState: Tracking entry confirmed tx=51fbf42d1313ed2d2d5a4dc0272bc8ef3a948767c94db9bbc36545450a7c97b4
[2026-08-26 17:44:31][info][CRDTCallbackManager] Successfully unregistered new data callback for pattern: '/?gnus-validator-registry'
[2026-08-26 17:44:31.688347000][th:85113709][error] GossipPubSub Address monitoring timer error: Operation canceled
[2026-08-26 17:44:31][error][PubSubBroadcasterExt] No message to process
[2026-08-26 17:44:31][error][PubSubBroadcasterExt] No message to process
[2026-08-26 17:44:31][info][UTXOManager] Created checkpoint owner=ebd288fcc90b18d1b32a6beb375f5de5b8ae09ad2f2b6ddf21102ce4263bcf65554f1e6a2fec40bc5ba2e33d8766ed755ea3d7cf8859f2562eda57a987ed7d35 epoch=1 utxo_count=0
[2026-08-26 17:44:31.691408000][th:85113709][error] graphsync Varint Error msg=Connection: closed by this host
[2026-08-26 17:44:31.691416000][th:85113709][info] graphsync stream read error, peer=5D6MbT, msg=stream is not readable
[2026-08-26 17:44:31][info][UTXOManager] Created checkpoint owner=f3d5fe1b298a2bdd1142a8961904fb3b209ee80f47dac7329e4f8197a2f420fc188639e04f81b5ac7ba074e11343edc128fe4828172ee2e11ca8b9b1d20275c4 epoch=1 utxo_count=0
[2026-08-26 17:44:32][debug][GlobalDB] ~GlobalDB CALLED with count 6 on multi_node_finality_fault/restart-certificate-validator-two/rocksdb 
[2026-08-26 17:44:32][info][GlobalDB] GlobalDB shutdown start
[2026-08-26 17:44:32][info][CrdtDatastore] CancelAndCloseNow: begin (pending_jobs=1, self_queue=0, root_queue=0, pending_roots=0, active_root=false)
[2026-08-26 17:44:32][debug][GraphsyncDAGSyncer] Stopping Dagsyncer
[2026-08-26 17:44:32][debug][GraphsyncDAGSyncer] Dagsyncer Stopped
[2026-08-26 17:44:33][info][CrdtDatastore] CancelAndCloseNow: CRDT workers stopped
[2026-08-26 17:44:33][warning][CrdtDatastore] CancelAndCloseNow called but shutdown has already started
[2026-08-26 17:44:33][debug][GraphsyncDAGSyncer] ~GraphsyncDAGSyncer CALLED
[2026-08-26 17:44:33.124055000][th:85113688][error] graphsync Varint Error msg=Connection reset by peer
[2026-08-26 17:44:33.124107000][th:85113688][info] graphsync stream read error, peer=1Tq43R, msg=stream is not readable
[2026-08-26 17:44:33][info][GlobalDB] GlobalDB shutdown finished
[2026-08-26 17:44:33][info][KeyPairFileStorage] Path to keypairs multi_node_finality_fault/restart-certificate-validator-two/keypair
[2026-08-26 17:44:33][info][KeyPairFileStorage] Peer ID from public key: 12D3KooWFrreWdQeVu9QBVN9m8TCMJYP3TRcJkYJAJnaqh1Tq43R
Current limits: 16384 (soft), 9223372036854775807 (hard)
New limits set successfully: 16384 (soft), 9223372036854775807 (hard)
Initialized relay addresses
[2026-08-26 17:44:33.127459000][th:85113220][info] GossipPubSub /ip4/0.0.0.0/tcp/54612/p2p/12D3KooWFrreWdQeVu9QBVN9m8TCMJYP3TRcJkYJAJnaqh1Tq43R: Starting PubSub service
[2026-08-26 17:44:33.127698000][th:85113946][info] GossipPubSub Starting address monitoring system for mobile network changes
[2026-08-26 17:44:33.127728000][th:85113946][info] GossipPubSub === CURRENT NETWORK STATE ===
[2026-08-26 17:44:33.127749000][th:85113946][info] GossipPubSub Primary listening address: /ip4/0.0.0.0/tcp/54612/p2p/12D3KooWFrreWdQeVu9QBVN9m8TCMJYP3TRcJkYJAJnaqh1Tq43R
[2026-08-26 17:44:33.127756000][th:85113946][info] GossipPubSub Host peer info addresses (0):
[2026-08-26 17:44:33.127762000][th:85113946][info] GossipPubSub Additional addresses we track (0):
[2026-08-26 17:44:33.127766000][th:85113946][info] GossipPubSub Listening addresses (1):
[2026-08-26 17:44:33.127771000][th:85113946][info] GossipPubSub   -> /ip4/0.0.0.0/tcp/54612/p2p/12D3KooWFrreWdQeVu9QBVN9m8TCMJYP3TRcJkYJAJnaqh1Tq43R
[2026-08-26 17:44:33.127775000][th:85113946][info] GossipPubSub Interface addresses (0):
[2026-08-26 17:44:33.127779000][th:85113946][info] GossipPubSub === RAW OBSERVED ADDRESS DEBUG ===
[2026-08-26 17:44:33.127785000][th:85113946][info] GossipPubSub Local address: /ip4/0.0.0.0/tcp/54612/p2p/12D3KooWFrreWdQeVu9QBVN9m8TCMJYP3TRcJkYJAJnaqh1Tq43R -> 0 raw observed, 0 activated+confirmed
[2026-08-26 17:44:33.127790000][th:85113946][info] GossipPubSub TOTAL: 0 raw observed addresses, 0 activated+confirmed addresses
[2026-08-26 17:44:33.127793000][th:85113946][info] GossipPubSub === END RAW OBSERVED ADDRESS DEBUG ===
[2026-08-26 17:44:33.127797000][th:85113946][info] GossipPubSub Observed addresses - all (0):
[2026-08-26 17:44:33.127802000][th:85113946][info] GossipPubSub Observed addresses - confirmed only (0):
[2026-08-26 17:44:33.127805000][th:85113946][info] GossipPubSub Relay addresses (0):
[2026-08-26 17:44:33.127812000][th:85113946][warning] GossipPubSub Failed to get addresses from peer repository: not found
[2026-08-26 17:44:33.127898000][th:85113946][info] GossipPubSub Found 1 valid network interfaces
[2026-08-26 17:44:33.127905000][th:85113946][info] GossipPubSub Current network interfaces (1):
[2026-08-26 17:44:33.127909000][th:85113946][info] GossipPubSub   -> 192.168.1.6
[2026-08-26 17:44:33.127913000][th:85113946][info] GossipPubSub Active connections: 0
[2026-08-26 17:44:33.127917000][th:85113946][info] GossipPubSub === PEER CONNECTION DETAILS ===
[2026-08-26 17:44:33.127921000][th:85113946][info] GossipPubSub NOTE: Observed addresses need to be seen by 4+ different peer groups to become 'activated'
[2026-08-26 17:44:33.127925000][th:85113946][info] GossipPubSub NOTE: Current connections: 0, so max possible observers: 0
[2026-08-26 17:44:33.127928000][th:85113946][info] GossipPubSub === END PEER CONNECTION DETAILS ===
[2026-08-26 17:44:33.127936000][th:85113946][info] GossipPubSub Connection manager stats:
[2026-08-26 17:44:33.127940000][th:85113946][info] GossipPubSub   -> Max connections: 1000
[2026-08-26 17:44:33.127944000][th:85113946][info] GossipPubSub   -> Current connections: 0
[2026-08-26 17:44:33.127947000][th:85113946][info] GossipPubSub === END NETWORK STATE ===
[2026-08-26 17:44:33.128330000][th:85113946][info] GossipPubSub /ip4/0.0.0.0/tcp/54612/p2p/12D3KooWFrreWdQeVu9QBVN9m8TCMJYP3TRcJkYJAJnaqh1Tq43R : PubSub service started
[2026-08-26 17:44:33][info][GlobalDB] Opening database /Users/henriqueklein/gnus/SuperGenius/multi_node_finality_fault/restart-certificate-validator-two/rocksdb
[2026-08-26 17:44:33][debug][GraphsyncDAGSyncer] GraphSyncer created 4990193928 
[2026-08-26 17:44:33][info][CrdtDatastore] crdt Datastore created. Number of heads: 2 Current max-height: 18446744073709551615
[2026-08-26 17:44:33][info][GeniusAccount] Secure storage ID path: /Users/henriqueklein/gnus/SuperGenius/multi_node_finality_fault/restart-certificate-validator-two/account/secure_storage_id
[2026-08-26 17:44:33][info][GeniusAccount] Loaded public key from file: 730bfa5a401ab505... (length: 128)
[2026-08-26 17:44:33][info][GeniusAccount] Successfully loaded key_seed from storage
[2026-08-26 17:44:33][info][GeniusAccount] Validation successful: key_seed matches stored public key
[2026-08-26 17:44:33][warning][UTXOManager] Found UTXOs in storage, but there were none
[2026-08-26 17:44:33][info][Blockchain] [730bfa5a] Blockchain instance created with authorized full node: 8a33bdf1
[2026-08-26 17:44:33][info][ValidatorRegistry] InitializeCache: cache initialized with CID QmQR4iAF9xW4KbCnhdPtVUYhQKgoiLPWg2uYeELSpnvrYY
[2026-08-26 17:44:33][info][CRDTCallbackManager] Successfully registered new data callback for pattern: '/?gnus-validator-registry'
[2026-08-26 17:44:33][info][ValidatorRegistry] RegisterFilter: result=true
[2026-08-26 17:44:33][info][ValidatorRegistry] New: instance ready
[2026-08-26 17:44:33.159962000][th:85113946][info] GossipPubSub /ip4/0.0.0.0/tcp/54612/p2p/12D3KooWFrreWdQeVu9QBVN9m8TCMJYP3TRcJkYJAJnaqh1Tq43R: PubSub subscribed to topic 'gnus-validator-registry.3.7.144'
[2026-08-26 17:44:33][info][CRDTCallbackManager] Successfully registered new data callback for pattern: '^/?cert/[^/]+'
[2026-08-26 17:44:33.160002000][th:85113946][info] GossipPubSub /ip4/0.0.0.0/tcp/54612/p2p/12D3KooWFrreWdQeVu9QBVN9m8TCMJYP3TRcJkYJAJnaqh1Tq43R: PubSub subscribed to topic 'consensus-channel-.3.7.144'
[2026-08-26 17:44:33.160034000][th:85113946][info] GossipPubSub /ip4/0.0.0.0/tcp/54612/p2p/12D3KooWFrreWdQeVu9QBVN9m8TCMJYP3TRcJkYJAJnaqh1Tq43R: PubSub subscribed to topic 'consensus-channel-.3.7.144#datastore.3.7.144'
[2026-08-26 17:44:33][warning][ConsensusManager] ProcessCommittedCertificate: No subject handler for certificate with key /cert/mint-v2:test:0000000000000000000000000000000000000000000000000000000000000000:42:fb0c2dee5c831cb5810fbe47eb2ba7cb3aa154e9bf431efc28e716b286ccc91e38472abd999f992b94457850590c6faf18354a1e53cb7aa5da760bb1134fac47:cccccccccccccccccccccccccccccccccccccccccccccccccccccccccccccccc 
[2026-08-26 17:44:33][warning][ConsensusManager] ProcessCommittedCertificate: No subject handler for certificate with key /cert/mint-v2:test:0000000000000000000000000000000000000000000000000000000000000000:42:fb0c2dee5c831cb5810fbe47eb2ba7cb3aa154e9bf431efc28e716b286ccc91e38472abd999f992b94457850590c6faf18354a1e53cb7aa5da760bb1134fac47:cccccccccccccccccccccccccccccccccccccccccccccccccccccccccccccccc 
[2026-08-26 17:44:33][info][CRDTCallbackManager] Successfully registered new data callback for pattern: '/?gnus-genesis-block'
[2026-08-26 17:44:33][info][CRDTCallbackManager] Successfully registered new data callback for pattern: '/?gnus-account-creation-.*'
[2026-08-26 17:44:33][info][UTXOManager] Stored 1 UTXOs for address fb0c2dee5c831cb5810fbe47eb2ba7cb3aa154e9bf431efc28e716b286ccc91e38472abd999f992b94457850590c6faf18354a1e53cb7aa5da760bb1134fac47
[2026-08-26 17:44:33][info][UTXOManager] Stored 2 UTXOs for address fb0c2dee5c831cb5810fbe47eb2ba7cb3aa154e9bf431efc28e716b286ccc91e38472abd999f992b94457850590c6faf18354a1e53cb7aa5da760bb1134fac47
[2026-08-26 17:44:33][info][TransactionManager] [730bfa5a - full: false] Created tokens (mint-v2), amount 42 balance 0
[2026-08-26 17:44:33][info][TransactionManager] [730bfa5a - full: false] ChangeTransactionState: Tracking entry confirmed tx=51fbf42d1313ed2d2d5a4dc0272bc8ef3a948767c94db9bbc36545450a7c97b4
[2026-08-26 17:44:33][info][TransactionManager] [730bfa5a - full: false] OnConsensusCertificate: Standalone validator confirmed tx 51fbf42d1313ed2d2d5a4dc0272bc8ef3a948767c94db9bbc36545450a7c97b4 from certificate proposal_id=981500d3734f817efdeab835fe215b95b1ca830e01d3052bc2bead7db6506ddf
[2026-08-26 17:44:33][info][UTXOManager] Created checkpoint owner=730bfa5a401ab505d147035ac1b04fd3a78d541ba3cd657efe90c327142554def3d7d21ce9d8a3dd8d242981a23d92b3971a2a48291c483cdacf75f5b94b0fb3 epoch=1 utxo_count=0
[2026-08-26 17:44:33][info][CRDTCallbackManager] Successfully registered new data callback for pattern: '^/?/bc-144/tx/[^/]+'
[2026-08-26 17:44:33][info][CRDTCallbackManager] Successfully registered deleted data callback for pattern: '^/?/bc-144/tx/[^/]+'
[2026-08-26 17:44:33][info][CRDTCallbackManager] Successfully registered new data callback for pattern: '^/?/bc-963/tx/[^/]+'
[2026-08-26 17:44:33][info][CRDTCallbackManager] Successfully registered deleted data callback for pattern: '^/?/bc-963/tx/[^/]+'
[2026-08-26 17:44:33][info][CRDTCallbackManager] Successfully registered new data callback for pattern: '^/?/bc-369/tx/[^/]+'
[2026-08-26 17:44:33][info][CRDTCallbackManager] Successfully registered deleted data callback for pattern: '^/?/bc-369/tx/[^/]+'
[2026-08-26 17:44:33.200705000][th:85113688][info] GossipPubSub Adding new peer: 12D3KooWFrreWdQeVu9QBVN9m8TCMJYP3TRcJkYJAJnaqh1Tq43R
[2026-08-26 17:44:33.200773000][th:85113688][info] GossipPubSub Adding new peer: 12D3KooWF24bpdYS9UvSaiHMLrdaxq8JRinTYHCv7LuAyQoZ8Tcr
[2026-08-26 17:44:33.200825000][th:85113688][info] GossipPubSub Adding new peer: 12D3KooWMAw5qe9uutACirhucSeE7j3MS7QcDZ18gN5CfyGjmJmU
[2026-08-26 17:44:33.200875000][th:85113946][info] GossipPubSub Adding new peer: 12D3KooWJQauzv3ZCQr8upRhSXvqo6Voac3na4pTPRkGVy5D6MbT
[2026-08-26 17:44:33.200928000][th:85113946][info] GossipPubSub Adding new peer: 12D3KooWF24bpdYS9UvSaiHMLrdaxq8JRinTYHCv7LuAyQoZ8Tcr
[2026-08-26 17:44:33.200982000][th:85113946][info] GossipPubSub Adding new peer: 12D3KooWMAw5qe9uutACirhucSeE7j3MS7QcDZ18gN5CfyGjmJmU
[2026-08-26 17:44:33.201037000][th:85113734][info] GossipPubSub Adding new peer: 12D3KooWJQauzv3ZCQr8upRhSXvqo6Voac3na4pTPRkGVy5D6MbT
[2026-08-26 17:44:33.201091000][th:85113734][info] GossipPubSub Adding new peer: 12D3KooWFrreWdQeVu9QBVN9m8TCMJYP3TRcJkYJAJnaqh1Tq43R
[2026-08-26 17:44:33.201145000][th:85113734][info] GossipPubSub Adding new peer: 12D3KooWMAw5qe9uutACirhucSeE7j3MS7QcDZ18gN5CfyGjmJmU
[2026-08-26 17:44:33.201200000][th:85113757][info] GossipPubSub Adding new peer: 12D3KooWJQauzv3ZCQr8upRhSXvqo6Voac3na4pTPRkGVy5D6MbT
[2026-08-26 17:44:33.201252000][th:85113757][info] GossipPubSub Adding new peer: 12D3KooWFrreWdQeVu9QBVN9m8TCMJYP3TRcJkYJAJnaqh1Tq43R
[2026-08-26 17:44:33.201307000][th:85113757][info] GossipPubSub Adding new peer: 12D3KooWF24bpdYS9UvSaiHMLrdaxq8JRinTYHCv7LuAyQoZ8Tcr
[2026-08-26 17:44:33][info][CRDTCallbackManager] Successfully unregistered new data callback for pattern: '^/?/bc-144/tx/[^/]+'
[2026-08-26 17:44:33][info][CRDTCallbackManager] Successfully unregistered deleted data callback for pattern: '^/?/bc-144/tx/[^/]+'
[2026-08-26 17:44:33][info][CRDTCallbackManager] Successfully unregistered new data callback for pattern: '^/?/bc-963/tx/[^/]+'
[2026-08-26 17:44:33][info][CRDTCallbackManager] Successfully unregistered deleted data callback for pattern: '^/?/bc-963/tx/[^/]+'
[2026-08-26 17:44:33][info][CRDTCallbackManager] Successfully unregistered new data callback for pattern: '^/?/bc-369/tx/[^/]+'
[2026-08-26 17:44:33][info][CRDTCallbackManager] Successfully unregistered deleted data callback for pattern: '^/?/bc-369/tx/[^/]+'
[2026-08-26 17:44:33][info][TransactionManager] [fb0c2dee - full: false] ~TransactionManager: Metrics — cert_fallback(success=0 failure=0) validation(approve=1 reject=0) tracking(insert=1 confirm=1 fail=0)
[2026-08-26 17:44:33][info][Blockchain] [fb0c2dee] Stopping blockchain
[2026-08-26 17:44:33][info][CRDTCallbackManager] Successfully unregistered new data callback for pattern: '/?gnus-genesis-block'
[2026-08-26 17:44:33][info][CRDTCallbackManager] Successfully unregistered new data callback for pattern: '/?gnus-account-creation-.*'
[2026-08-26 17:44:33][info][CRDTCallbackManager] Successfully unregistered new data callback for pattern: '/?gnus-validator-registry'
[2026-08-26 17:44:33.286333000][th:85113688][error] GossipPubSub Address monitoring timer error: Operation canceled
[2026-08-26 17:44:33][error][PubSubBroadcasterExt] No message to process
[2026-08-26 17:44:33][error][PubSubBroadcasterExt] No message to process
[2026-08-26 17:44:33.286455000][th:85113688][error] graphsync Varint Error msg=Connection: closed by this host
[2026-08-26 17:44:33.286460000][th:85113688][info] graphsync stream read error, peer=GjmJmU, msg=stream is not readable
[2026-08-26 17:44:33.286477000][th:85113688][error] graphsync Varint Error msg=Connection: closed by this host
[2026-08-26 17:44:33.286493000][th:85113688][info] graphsync stream read error, peer=oZ8Tcr, msg=stream is not readable
[2026-08-26 17:44:34][debug][GlobalDB] ~GlobalDB CALLED with count 6 on multi_node_finality_fault/restart-certificate-validator-one/rocksdb 
[2026-08-26 17:44:34][info][GlobalDB] GlobalDB shutdown start
[2026-08-26 17:44:34][info][CrdtDatastore] CancelAndCloseNow: begin (pending_jobs=1, self_queue=0, root_queue=0, pending_roots=0, active_root=false)
[2026-08-26 17:44:34][debug][GraphsyncDAGSyncer] Stopping Dagsyncer
[2026-08-26 17:44:34][debug][GraphsyncDAGSyncer] Dagsyncer Stopped
[2026-08-26 17:44:34][info][CrdtDatastore] CancelAndCloseNow: CRDT workers stopped
[2026-08-26 17:44:34][warning][CrdtDatastore] CancelAndCloseNow called but shutdown has already started
[2026-08-26 17:44:34][debug][GraphsyncDAGSyncer] ~GraphsyncDAGSyncer CALLED
[2026-08-26 17:44:34][info][GlobalDB] GlobalDB shutdown finished
[2026-08-26 17:44:34.591524000][th:85113757][error] graphsync Varint Error msg=Connection reset by peer
[2026-08-26 17:44:34.591540000][th:85113757][info] graphsync stream read error, peer=5D6MbT, msg=stream is not readable
[2026-08-26 17:44:34.591607000][th:85113734][error] graphsync Varint Error msg=Connection reset by peer
[2026-08-26 17:44:34.591613000][th:85113734][info] graphsync stream read error, peer=5D6MbT, msg=stream is not readable
[2026-08-26 17:44:34][info][KeyPairFileStorage] Path to keypairs multi_node_finality_fault/restart-certificate-validator-one/keypair
[2026-08-26 17:44:34][info][KeyPairFileStorage] Peer ID from public key: 12D3KooWJQauzv3ZCQr8upRhSXvqo6Voac3na4pTPRkGVy5D6MbT
Current limits: 16384 (soft), 9223372036854775807 (hard)
New limits set successfully: 16384 (soft), 9223372036854775807 (hard)
Initialized relay addresses
[2026-08-26 17:44:34.593572000][th:85113220][info] GossipPubSub /ip4/0.0.0.0/tcp/54611/p2p/12D3KooWJQauzv3ZCQr8upRhSXvqo6Voac3na4pTPRkGVy5D6MbT: Starting PubSub service
[2026-08-26 17:44:34.593623000][th:85113993][info] GossipPubSub Starting address monitoring system for mobile network changes
[2026-08-26 17:44:34.593627000][th:85113993][info] GossipPubSub === CURRENT NETWORK STATE ===
[2026-08-26 17:44:34.593634000][th:85113993][info] GossipPubSub Primary listening address: /ip4/0.0.0.0/tcp/54611/p2p/12D3KooWJQauzv3ZCQr8upRhSXvqo6Voac3na4pTPRkGVy5D6MbT
[2026-08-26 17:44:34.593637000][th:85113993][info] GossipPubSub Host peer info addresses (0):
[2026-08-26 17:44:34.593640000][th:85113993][info] GossipPubSub Additional addresses we track (0):
[2026-08-26 17:44:34.593643000][th:85113993][info] GossipPubSub Listening addresses (1):
[2026-08-26 17:44:34.593645000][th:85113993][info] GossipPubSub   -> /ip4/0.0.0.0/tcp/54611/p2p/12D3KooWJQauzv3ZCQr8upRhSXvqo6Voac3na4pTPRkGVy5D6MbT
[2026-08-26 17:44:34.593648000][th:85113993][info] GossipPubSub Interface addresses (0):
[2026-08-26 17:44:34.593650000][th:85113993][info] GossipPubSub === RAW OBSERVED ADDRESS DEBUG ===
[2026-08-26 17:44:34.593653000][th:85113993][info] GossipPubSub Local address: /ip4/0.0.0.0/tcp/54611/p2p/12D3KooWJQauzv3ZCQr8upRhSXvqo6Voac3na4pTPRkGVy5D6MbT -> 0 raw observed, 0 activated+confirmed
[2026-08-26 17:44:34.593657000][th:85113993][info] GossipPubSub TOTAL: 0 raw observed addresses, 0 activated+confirmed addresses
[2026-08-26 17:44:34.593659000][th:85113993][info] GossipPubSub === END RAW OBSERVED ADDRESS DEBUG ===
[2026-08-26 17:44:34.593662000][th:85113993][info] GossipPubSub Observed addresses - all (0):
[2026-08-26 17:44:34.593664000][th:85113993][info] GossipPubSub Observed addresses - confirmed only (0):
[2026-08-26 17:44:34.593667000][th:85113993][info] GossipPubSub Relay addresses (0):
[2026-08-26 17:44:34.593670000][th:85113993][warning] GossipPubSub Failed to get addresses from peer repository: not found
[2026-08-26 17:44:34.593698000][th:85113993][info] GossipPubSub Found 1 valid network interfaces
[2026-08-26 17:44:34.593700000][th:85113993][info] GossipPubSub Current network interfaces (1):
[2026-08-26 17:44:34.593702000][th:85113993][info] GossipPubSub   -> 192.168.1.6
[2026-08-26 17:44:34.593705000][th:85113993][info] GossipPubSub Active connections: 0
[2026-08-26 17:44:34.593707000][th:85113993][info] GossipPubSub === PEER CONNECTION DETAILS ===
[2026-08-26 17:44:34.593708000][th:85113993][info] GossipPubSub NOTE: Observed addresses need to be seen by 4+ different peer groups to become 'activated'
[2026-08-26 17:44:34.593711000][th:85113993][info] GossipPubSub NOTE: Current connections: 0, so max possible observers: 0
[2026-08-26 17:44:34.593712000][th:85113993][info] GossipPubSub === END PEER CONNECTION DETAILS ===
[2026-08-26 17:44:34.593714000][th:85113993][info] GossipPubSub Connection manager stats:
[2026-08-26 17:44:34.593716000][th:85113993][info] GossipPubSub   -> Max connections: 1000
[2026-08-26 17:44:34.593718000][th:85113993][info] GossipPubSub   -> Current connections: 0
[2026-08-26 17:44:34.593720000][th:85113993][info] GossipPubSub === END NETWORK STATE ===
[2026-08-26 17:44:34.593838000][th:85113993][info] GossipPubSub /ip4/0.0.0.0/tcp/54611/p2p/12D3KooWJQauzv3ZCQr8upRhSXvqo6Voac3na4pTPRkGVy5D6MbT : PubSub service started
[2026-08-26 17:44:34][info][GlobalDB] Opening database /Users/henriqueklein/gnus/SuperGenius/multi_node_finality_fault/restart-certificate-validator-one/rocksdb
[2026-08-26 17:44:34][debug][GraphsyncDAGSyncer] GraphSyncer created 5526249320 
[2026-08-26 17:44:34][info][CrdtDatastore] crdt Datastore created. Number of heads: 2 Current max-height: 18446744073709551615
[2026-08-26 17:44:34][info][GeniusAccount] Secure storage ID path: /Users/henriqueklein/gnus/SuperGenius/multi_node_finality_fault/restart-certificate-validator-one/account/secure_storage_id
[2026-08-26 17:44:34][info][GeniusAccount] Loaded public key from file: fb0c2dee5c831cb5... (length: 128)
[2026-08-26 17:44:34][info][GeniusAccount] Successfully loaded key_seed from storage
[2026-08-26 17:44:34][info][GeniusAccount] Validation successful: key_seed matches stored public key
[2026-08-26 17:44:34][warning][UTXOManager] Skipping malformed UTXO key /utxo-checkpoint/fb0c2dee5c831cb5810fbe47eb2ba7cb3aa154e9bf431efc28e716b286ccc91e38472abd999f992b94457850590c6faf18354a1e53cb7aa5da760bb1134fac47/1
[2026-08-26 17:44:34][warning][UTXOManager] Skipping malformed UTXO key /utxo-checkpoint/fb0c2dee5c831cb5810fbe47eb2ba7cb3aa154e9bf431efc28e716b286ccc91e38472abd999f992b94457850590c6faf18354a1e53cb7aa5da760bb1134fac47/latest
[2026-08-26 17:44:34][info][Blockchain] [fb0c2dee] Blockchain instance created with authorized full node: 8a33bdf1
[2026-08-26 17:44:34][info][ValidatorRegistry] InitializeCache: cache initialized with CID QmQR4iAF9xW4KbCnhdPtVUYhQKgoiLPWg2uYeELSpnvrYY
[2026-08-26 17:44:34][info][CRDTCallbackManager] Successfully registered new data callback for pattern: '/?gnus-validator-registry'
[2026-08-26 17:44:34][info][ValidatorRegistry] RegisterFilter: result=true
[2026-08-26 17:44:34][info][ValidatorRegistry] New: instance ready
[2026-08-26 17:44:34][info][CRDTCallbackManager] Successfully registered new data callback for pattern: '^/?cert/[^/]+'
[2026-08-26 17:44:34.620816000][th:85113993][info] GossipPubSub /ip4/0.0.0.0/tcp/54611/p2p/12D3KooWJQauzv3ZCQr8upRhSXvqo6Voac3na4pTPRkGVy5D6MbT: PubSub subscribed to topic 'gnus-validator-registry.3.7.144'
[2026-08-26 17:44:34][info][CRDTCallbackManager] Successfully registered new data callback for pattern: '/?gnus-genesis-block'
[2026-08-26 17:44:34][info][CRDTCallbackManager] Successfully registered new data callback for pattern: '/?gnus-account-creation-.*'
[2026-08-26 17:44:34.620886000][th:85113993][info] GossipPubSub /ip4/0.0.0.0/tcp/54611/p2p/12D3KooWJQauzv3ZCQr8upRhSXvqo6Voac3na4pTPRkGVy5D6MbT: PubSub subscribed to topic 'consensus-channel-.3.7.144'
[2026-08-26 17:44:34][info][CRDTCallbackManager] Successfully registered new data callback for pattern: '^/?/bc-144/tx/[^/]+'
[2026-08-26 17:44:34][info][CRDTCallbackManager] Successfully registered deleted data callback for pattern: '^/?/bc-144/tx/[^/]+'
[2026-08-26 17:44:34.620906000][th:85113993][info] GossipPubSub /ip4/0.0.0.0/tcp/54611/p2p/12D3KooWJQauzv3ZCQr8upRhSXvqo6Voac3na4pTPRkGVy5D6MbT: PubSub subscribed to topic 'consensus-channel-.3.7.144#datastore.3.7.144'
[2026-08-26 17:44:34][info][CRDTCallbackManager] Successfully registered new data callback for pattern: '^/?/bc-963/tx/[^/]+'
[2026-08-26 17:44:34][info][CRDTCallbackManager] Successfully registered deleted data callback for pattern: '^/?/bc-963/tx/[^/]+'
[2026-08-26 17:44:34][info][CRDTCallbackManager] Successfully registered new data callback for pattern: '^/?/bc-369/tx/[^/]+'
[2026-08-26 17:44:34][info][CRDTCallbackManager] Successfully registered deleted data callback for pattern: '^/?/bc-369/tx/[^/]+'
[2026-08-26 17:44:34][info][CRDTCallbackManager] Successfully unregistered new data callback for pattern: '^/?/bc-144/tx/[^/]+'
[2026-08-26 17:44:34][info][CRDTCallbackManager] Successfully unregistered deleted data callback for pattern: '^/?/bc-144/tx/[^/]+'
[2026-08-26 17:44:34][info][CRDTCallbackManager] Successfully unregistered new data callback for pattern: '^/?/bc-963/tx/[^/]+'
[2026-08-26 17:44:34][info][CRDTCallbackManager] Successfully unregistered deleted data callback for pattern: '^/?/bc-963/tx/[^/]+'
[2026-08-26 17:44:34][info][CRDTCallbackManager] Successfully unregistered new data callback for pattern: '^/?/bc-369/tx/[^/]+'
[2026-08-26 17:44:34][info][CRDTCallbackManager] Successfully unregistered deleted data callback for pattern: '^/?/bc-369/tx/[^/]+'
[2026-08-26 17:44:34][info][TransactionManager] [730bfa5a - full: false] ~TransactionManager: Metrics — cert_fallback(success=1 failure=0) validation(approve=0 reject=0) tracking(insert=0 confirm=1 fail=0)
[2026-08-26 17:44:34][info][Blockchain] [730bfa5a] Stopping blockchain
[2026-08-26 17:44:34][info][CRDTCallbackManager] Successfully unregistered new data callback for pattern: '/?gnus-genesis-block'
[2026-08-26 17:44:34][info][CRDTCallbackManager] Successfully unregistered new data callback for pattern: '/?gnus-account-creation-.*'
[2026-08-26 17:44:34][info][CRDTCallbackManager] Successfully unregistered new data callback for pattern: '/?gnus-validator-registry'
[2026-08-26 17:44:34.621125000][th:85113946][error] GossipPubSub Address monitoring timer error: Operation canceled
[2026-08-26 17:44:34][error][PubSubBroadcasterExt] No message to process
[2026-08-26 17:44:34][error][PubSubBroadcasterExt] No message to process
[2026-08-26 17:44:35][debug][GlobalDB] ~GlobalDB CALLED with count 6 on multi_node_finality_fault/restart-certificate-validator-two/rocksdb 
[2026-08-26 17:44:35][info][GlobalDB] GlobalDB shutdown start
[2026-08-26 17:44:35][info][CrdtDatastore] CancelAndCloseNow: begin (pending_jobs=0, self_queue=0, root_queue=0, pending_roots=0, active_root=false)
[2026-08-26 17:44:35][debug][GraphsyncDAGSyncer] Stopping Dagsyncer
[2026-08-26 17:44:35][debug][GraphsyncDAGSyncer] Dagsyncer Stopped
[2026-08-26 17:44:35][info][CrdtDatastore] CancelAndCloseNow: CRDT workers stopped
[2026-08-26 17:44:35][warning][CrdtDatastore] CancelAndCloseNow called but shutdown has already started
[2026-08-26 17:44:35][debug][GraphsyncDAGSyncer] ~GraphsyncDAGSyncer CALLED
[2026-08-26 17:44:35][info][GlobalDB] GlobalDB shutdown finished
[2026-08-26 17:44:35][info][KeyPairFileStorage] Path to keypairs multi_node_finality_fault/restart-certificate-validator-two/keypair
[2026-08-26 17:44:35][info][KeyPairFileStorage] Peer ID from public key: 12D3KooWFrreWdQeVu9QBVN9m8TCMJYP3TRcJkYJAJnaqh1Tq43R
Current limits: 16384 (soft), 9223372036854775807 (hard)
New limits set successfully: 16384 (soft), 9223372036854775807 (hard)
Initialized relay addresses
[2026-08-26 17:44:35.671115000][th:85113220][info] GossipPubSub /ip4/0.0.0.0/tcp/54612/p2p/12D3KooWFrreWdQeVu9QBVN9m8TCMJYP3TRcJkYJAJnaqh1Tq43R: Starting PubSub service
[2026-08-26 17:44:35.671172000][th:85114023][info] GossipPubSub Starting address monitoring system for mobile network changes
[2026-08-26 17:44:35.671176000][th:85114023][info] GossipPubSub === CURRENT NETWORK STATE ===
[2026-08-26 17:44:35.671183000][th:85114023][info] GossipPubSub Primary listening address: /ip4/0.0.0.0/tcp/54612/p2p/12D3KooWFrreWdQeVu9QBVN9m8TCMJYP3TRcJkYJAJnaqh1Tq43R
[2026-08-26 17:44:35.671186000][th:85114023][info] GossipPubSub Host peer info addresses (0):
[2026-08-26 17:44:35.671189000][th:85114023][info] GossipPubSub Additional addresses we track (0):
[2026-08-26 17:44:35.671192000][th:85114023][info] GossipPubSub Listening addresses (1):
[2026-08-26 17:44:35.671194000][th:85114023][info] GossipPubSub   -> /ip4/0.0.0.0/tcp/54612/p2p/12D3KooWFrreWdQeVu9QBVN9m8TCMJYP3TRcJkYJAJnaqh1Tq43R
[2026-08-26 17:44:35.671196000][th:85114023][info] GossipPubSub Interface addresses (0):
[2026-08-26 17:44:35.671198000][th:85114023][info] GossipPubSub === RAW OBSERVED ADDRESS DEBUG ===
[2026-08-26 17:44:35.671201000][th:85114023][info] GossipPubSub Local address: /ip4/0.0.0.0/tcp/54612/p2p/12D3KooWFrreWdQeVu9QBVN9m8TCMJYP3TRcJkYJAJnaqh1Tq43R -> 0 raw observed, 0 activated+confirmed
[2026-08-26 17:44:35.671204000][th:85114023][info] GossipPubSub TOTAL: 0 raw observed addresses, 0 activated+confirmed addresses
[2026-08-26 17:44:35.671206000][th:85114023][info] GossipPubSub === END RAW OBSERVED ADDRESS DEBUG ===
[2026-08-26 17:44:35.671208000][th:85114023][info] GossipPubSub Observed addresses - all (0):
[2026-08-26 17:44:35.671210000][th:85114023][info] GossipPubSub Observed addresses - confirmed only (0):
[2026-08-26 17:44:35.671212000][th:85114023][info] GossipPubSub Relay addresses (0):
[2026-08-26 17:44:35.671215000][th:85114023][warning] GossipPubSub Failed to get addresses from peer repository: not found
[2026-08-26 17:44:35.671247000][th:85114023][info] GossipPubSub Found 1 valid network interfaces
[2026-08-26 17:44:35.671250000][th:85114023][info] GossipPubSub Current network interfaces (1):
[2026-08-26 17:44:35.671252000][th:85114023][info] GossipPubSub   -> 192.168.1.6
[2026-08-26 17:44:35.671255000][th:85114023][info] GossipPubSub Active connections: 0
[2026-08-26 17:44:35.671257000][th:85114023][info] GossipPubSub === PEER CONNECTION DETAILS ===
[2026-08-26 17:44:35.671259000][th:85114023][info] GossipPubSub NOTE: Observed addresses need to be seen by 4+ different peer groups to become 'activated'
[2026-08-26 17:44:35.671261000][th:85114023][info] GossipPubSub NOTE: Current connections: 0, so max possible observers: 0
[2026-08-26 17:44:35.671263000][th:85114023][info] GossipPubSub === END PEER CONNECTION DETAILS ===
[2026-08-26 17:44:35.671265000][th:85114023][info] GossipPubSub Connection manager stats:
[2026-08-26 17:44:35.671267000][th:85114023][info] GossipPubSub   -> Max connections: 1000
[2026-08-26 17:44:35.671269000][th:85114023][info] GossipPubSub   -> Current connections: 0
[2026-08-26 17:44:35.671271000][th:85114023][info] GossipPubSub === END NETWORK STATE ===
[2026-08-26 17:44:35.671390000][th:85114023][info] GossipPubSub /ip4/0.0.0.0/tcp/54612/p2p/12D3KooWFrreWdQeVu9QBVN9m8TCMJYP3TRcJkYJAJnaqh1Tq43R : PubSub service started
[2026-08-26 17:44:35][info][GlobalDB] Opening database /Users/henriqueklein/gnus/SuperGenius/multi_node_finality_fault/restart-certificate-validator-two/rocksdb
[2026-08-26 17:44:35][debug][GraphsyncDAGSyncer] GraphSyncer created 5536621480 
[2026-08-26 17:44:35][info][CrdtDatastore] crdt Datastore created. Number of heads: 2 Current max-height: 18446744073709551615
[2026-08-26 17:44:35][info][GeniusAccount] Secure storage ID path: /Users/henriqueklein/gnus/SuperGenius/multi_node_finality_fault/restart-certificate-validator-two/account/secure_storage_id
[2026-08-26 17:44:35][info][GeniusAccount] Loaded public key from file: 730bfa5a401ab505... (length: 128)
[2026-08-26 17:44:35][info][GeniusAccount] Successfully loaded key_seed from storage
[2026-08-26 17:44:35][info][GeniusAccount] Validation successful: key_seed matches stored public key
[2026-08-26 17:44:35][warning][UTXOManager] Skipping malformed UTXO key /utxo-checkpoint/730bfa5a401ab505d147035ac1b04fd3a78d541ba3cd657efe90c327142554def3d7d21ce9d8a3dd8d242981a23d92b3971a2a48291c483cdacf75f5b94b0fb3/1
[2026-08-26 17:44:35][warning][UTXOManager] Skipping malformed UTXO key /utxo-checkpoint/730bfa5a401ab505d147035ac1b04fd3a78d541ba3cd657efe90c327142554def3d7d21ce9d8a3dd8d242981a23d92b3971a2a48291c483cdacf75f5b94b0fb3/latest
[2026-08-26 17:44:35][info][Blockchain] [730bfa5a] Blockchain instance created with authorized full node: 8a33bdf1
[2026-08-26 17:44:35][info][ValidatorRegistry] InitializeCache: cache initialized with CID QmQR4iAF9xW4KbCnhdPtVUYhQKgoiLPWg2uYeELSpnvrYY
[2026-08-26 17:44:35][info][CRDTCallbackManager] Successfully registered new data callback for pattern: '/?gnus-validator-registry'
[2026-08-26 17:44:35][info][ValidatorRegistry] RegisterFilter: result=true
[2026-08-26 17:44:35][info][ValidatorRegistry] New: instance ready
[2026-08-26 17:44:35.698389000][th:85114023][info] GossipPubSub /ip4/0.0.0.0/tcp/54612/p2p/12D3KooWFrreWdQeVu9QBVN9m8TCMJYP3TRcJkYJAJnaqh1Tq43R: PubSub subscribed to topic 'gnus-validator-registry.3.7.144'
[2026-08-26 17:44:35][info][CRDTCallbackManager] Successfully registered new data callback for pattern: '^/?cert/[^/]+'
[2026-08-26 17:44:35.698453000][th:85114023][info] GossipPubSub /ip4/0.0.0.0/tcp/54612/p2p/12D3KooWFrreWdQeVu9QBVN9m8TCMJYP3TRcJkYJAJnaqh1Tq43R: PubSub subscribed to topic 'consensus-channel-.3.7.144'
[2026-08-26 17:44:35.698498000][th:85114023][info] GossipPubSub /ip4/0.0.0.0/tcp/54612/p2p/12D3KooWFrreWdQeVu9QBVN9m8TCMJYP3TRcJkYJAJnaqh1Tq43R: PubSub subscribed to topic 'consensus-channel-.3.7.144#datastore.3.7.144'
[2026-08-26 17:44:35][info][CRDTCallbackManager] Successfully registered new data callback for pattern: '/?gnus-genesis-block'
[2026-08-26 17:44:35][info][CRDTCallbackManager] Successfully registered new data callback for pattern: '/?gnus-account-creation-.*'
[2026-08-26 17:44:35][info][CRDTCallbackManager] Successfully registered new data callback for pattern: '^/?/bc-144/tx/[^/]+'
[2026-08-26 17:44:35][info][CRDTCallbackManager] Successfully registered deleted data callback for pattern: '^/?/bc-144/tx/[^/]+'
[2026-08-26 17:44:35][info][CRDTCallbackManager] Successfully registered new data callback for pattern: '^/?/bc-963/tx/[^/]+'
[2026-08-26 17:44:35][info][CRDTCallbackManager] Successfully registered deleted data callback for pattern: '^/?/bc-963/tx/[^/]+'
[2026-08-26 17:44:35][info][CRDTCallbackManager] Successfully registered new data callback for pattern: '^/?/bc-369/tx/[^/]+'
[2026-08-26 17:44:35][info][CRDTCallbackManager] Successfully registered deleted data callback for pattern: '^/?/bc-369/tx/[^/]+'
[2026-08-26 17:44:35][info][CRDTCallbackManager] Successfully unregistered new data callback for pattern: '^/?/bc-144/tx/[^/]+'
[2026-08-26 17:44:35][info][CRDTCallbackManager] Successfully unregistered deleted data callback for pattern: '^/?/bc-144/tx/[^/]+'
[2026-08-26 17:44:35][info][CRDTCallbackManager] Successfully unregistered new data callback for pattern: '^/?/bc-963/tx/[^/]+'
[2026-08-26 17:44:35][info][CRDTCallbackManager] Successfully unregistered deleted data callback for pattern: '^/?/bc-963/tx/[^/]+'
[2026-08-26 17:44:35][info][CRDTCallbackManager] Successfully unregistered new data callback for pattern: '^/?/bc-369/tx/[^/]+'
[2026-08-26 17:44:35][info][CRDTCallbackManager] Successfully unregistered deleted data callback for pattern: '^/?/bc-369/tx/[^/]+'
[2026-08-26 17:44:35][info][TransactionManager] [f3d5fe1b - full: false] ~TransactionManager: Metrics — cert_fallback(success=0 failure=0) validation(approve=1 reject=0) tracking(insert=1 confirm=1 fail=0)
[2026-08-26 17:44:35][info][Blockchain] [f3d5fe1b] Stopping blockchain
[2026-08-26 17:44:35][info][CRDTCallbackManager] Successfully unregistered new data callback for pattern: '/?gnus-genesis-block'
[2026-08-26 17:44:35][info][CRDTCallbackManager] Successfully unregistered new data callback for pattern: '/?gnus-account-creation-.*'
[2026-08-26 17:44:35][info][CRDTCallbackManager] Successfully unregistered new data callback for pattern: '/?gnus-validator-registry'
[2026-08-26 17:44:35.701662000][th:85113734][error] GossipPubSub Address monitoring timer error: Operation canceled
[2026-08-26 17:44:35][error][PubSubBroadcasterExt] No message to process
[2026-08-26 17:44:35][error][PubSubBroadcasterExt] No message to process
[2026-08-26 17:44:36.156027000][th:85113249][info] GossipPubSub === Address Refresh Cycle Started ===
[2026-08-26 17:44:36.156095000][th:85113249][info] GossipPubSub Found 1 valid network interfaces
[2026-08-26 17:44:36.156154000][th:85113249][info] GossipPubSub   -> New interface address: /ip4/192.168.1.6/tcp/40001/p2p/12D3KooWLNyX1AcYw7P5Ur7zFKewZoNfSuUmaVrZRru7PQ6V9T6n
[2026-08-26 17:44:36.156173000][th:85113249][info] GossipPubSub Successfully refreshed 1 addresses with 10-minute TTL
[2026-08-26 17:44:36.156176000][th:85113249][info] GossipPubSub === Address Refresh Cycle Completed ===
[2026-08-26 17:44:36.156179000][th:85113249][info] GossipPubSub === CURRENT NETWORK STATE ===
[2026-08-26 17:44:36.156186000][th:85113249][info] GossipPubSub Primary listening address: /ip4/0.0.0.0/tcp/40001/p2p/12D3KooWLNyX1AcYw7P5Ur7zFKewZoNfSuUmaVrZRru7PQ6V9T6n
[2026-08-26 17:44:36.156189000][th:85113249][info] GossipPubSub Host peer info addresses (0):
[2026-08-26 17:44:36.156191000][th:85113249][info] GossipPubSub Additional addresses we track (1):
[2026-08-26 17:44:36.156193000][th:85113249][info] GossipPubSub   -> /ip4/192.168.1.6/tcp/40001/p2p/12D3KooWLNyX1AcYw7P5Ur7zFKewZoNfSuUmaVrZRru7PQ6V9T6n
[2026-08-26 17:44:36.156196000][th:85113249][info] GossipPubSub Listening addresses (1):
[2026-08-26 17:44:36.156198000][th:85113249][info] GossipPubSub   -> /ip4/0.0.0.0/tcp/40001/p2p/12D3KooWLNyX1AcYw7P5Ur7zFKewZoNfSuUmaVrZRru7PQ6V9T6n
[2026-08-26 17:44:36.156200000][th:85113249][info] GossipPubSub Interface addresses (0):
[2026-08-26 17:44:36.156202000][th:85113249][info] GossipPubSub === RAW OBSERVED ADDRESS DEBUG ===
[2026-08-26 17:44:36.156205000][th:85113249][info] GossipPubSub Local address: /ip4/0.0.0.0/tcp/40001/p2p/12D3KooWLNyX1AcYw7P5Ur7zFKewZoNfSuUmaVrZRru7PQ6V9T6n -> 0 raw observed, 0 activated+confirmed
[2026-08-26 17:44:36.156207000][th:85113249][info] GossipPubSub TOTAL: 0 raw observed addresses, 0 activated+confirmed addresses
[2026-08-26 17:44:36.156209000][th:85113249][info] GossipPubSub === END RAW OBSERVED ADDRESS DEBUG ===
[2026-08-26 17:44:36.156211000][th:85113249][info] GossipPubSub Observed addresses - all (0):
[2026-08-26 17:44:36.156213000][th:85113249][info] GossipPubSub Observed addresses - confirmed only (0):
[2026-08-26 17:44:36.156215000][th:85113249][info] GossipPubSub Relay addresses (0):
[2026-08-26 17:44:36.156229000][th:85113249][info] GossipPubSub Peer repository addresses (1):
[2026-08-26 17:44:36.156232000][th:85113249][info] GossipPubSub   -> /ip4/192.168.1.6/tcp/40001/p2p/12D3KooWLNyX1AcYw7P5Ur7zFKewZoNfSuUmaVrZRru7PQ6V9T6n
[2026-08-26 17:44:36.156248000][th:85113249][info] GossipPubSub Found 1 valid network interfaces
[2026-08-26 17:44:36.156251000][th:85113249][info] GossipPubSub Current network interfaces (1):
[2026-08-26 17:44:36.156253000][th:85113249][info] GossipPubSub   -> 192.168.1.6
[2026-08-26 17:44:36.156258000][th:85113249][info] GossipPubSub Active connections: 0
[2026-08-26 17:44:36.156260000][th:85113249][info] GossipPubSub === PEER CONNECTION DETAILS ===
[2026-08-26 17:44:36.156262000][th:85113249][info] GossipPubSub NOTE: Observed addresses need to be seen by 4+ different peer groups to become 'activated'
[2026-08-26 17:44:36.156264000][th:85113249][info] GossipPubSub NOTE: Current connections: 0, so max possible observers: 0
[2026-08-26 17:44:36.156266000][th:85113249][info] GossipPubSub === END PEER CONNECTION DETAILS ===
[2026-08-26 17:44:36.156268000][th:85113249][info] GossipPubSub Connection manager stats:
[2026-08-26 17:44:36.156270000][th:85113249][info] GossipPubSub   -> Max connections: 1000
[2026-08-26 17:44:36.156272000][th:85113249][info] GossipPubSub   -> Current connections: 0
[2026-08-26 17:44:36.156274000][th:85113249][info] GossipPubSub === END NETWORK STATE ===
[2026-08-26 17:44:36][debug][GlobalDB] ~GlobalDB CALLED with count 6 on multi_node_finality_fault/restart-certificate-validator-three/rocksdb 
[2026-08-26 17:44:36][info][GlobalDB] GlobalDB shutdown start
[2026-08-26 17:44:36][info][CrdtDatastore] CancelAndCloseNow: begin (pending_jobs=1, self_queue=0, root_queue=0, pending_roots=0, active_root=false)
[2026-08-26 17:44:36][debug][GraphsyncDAGSyncer] Stopping Dagsyncer
[2026-08-26 17:44:36][debug][GraphsyncDAGSyncer] Dagsyncer Stopped
[2026-08-26 17:44:37][info][CrdtDatastore] CancelAndCloseNow: CRDT workers stopped
[2026-08-26 17:44:37][warning][CrdtDatastore] CancelAndCloseNow called but shutdown has already started
[2026-08-26 17:44:37][debug][GraphsyncDAGSyncer] ~GraphsyncDAGSyncer CALLED
[2026-08-26 17:44:37][info][GlobalDB] GlobalDB shutdown finished
[2026-08-26 17:44:37][info][KeyPairFileStorage] Path to keypairs multi_node_finality_fault/restart-certificate-validator-three/keypair
[2026-08-26 17:44:37][info][KeyPairFileStorage] Peer ID from public key: 12D3KooWF24bpdYS9UvSaiHMLrdaxq8JRinTYHCv7LuAyQoZ8Tcr
Current limits: 16384 (soft), 9223372036854775807 (hard)
New limits set successfully: 16384 (soft), 9223372036854775807 (hard)
Initialized relay addresses
[2026-08-26 17:44:37.178719000][th:85113220][info] GossipPubSub /ip4/0.0.0.0/tcp/54613/p2p/12D3KooWF24bpdYS9UvSaiHMLrdaxq8JRinTYHCv7LuAyQoZ8Tcr: Starting PubSub service
[2026-08-26 17:44:37.178782000][th:85114079][info] GossipPubSub Starting address monitoring system for mobile network changes
[2026-08-26 17:44:37.178785000][th:85114079][info] GossipPubSub === CURRENT NETWORK STATE ===
[2026-08-26 17:44:37.178793000][th:85114079][info] GossipPubSub Primary listening address: /ip4/0.0.0.0/tcp/54613/p2p/12D3KooWF24bpdYS9UvSaiHMLrdaxq8JRinTYHCv7LuAyQoZ8Tcr
[2026-08-26 17:44:37.178796000][th:85114079][info] GossipPubSub Host peer info addresses (0):
[2026-08-26 17:44:37.178799000][th:85114079][info] GossipPubSub Additional addresses we track (0):
[2026-08-26 17:44:37.178801000][th:85114079][info] GossipPubSub Listening addresses (1):
[2026-08-26 17:44:37.178803000][th:85114079][info] GossipPubSub   -> /ip4/0.0.0.0/tcp/54613/p2p/12D3KooWF24bpdYS9UvSaiHMLrdaxq8JRinTYHCv7LuAyQoZ8Tcr
[2026-08-26 17:44:37.178806000][th:85114079][info] GossipPubSub Interface addresses (0):
[2026-08-26 17:44:37.178808000][th:85114079][info] GossipPubSub === RAW OBSERVED ADDRESS DEBUG ===
[2026-08-26 17:44:37.178811000][th:85114079][info] GossipPubSub Local address: /ip4/0.0.0.0/tcp/54613/p2p/12D3KooWF24bpdYS9UvSaiHMLrdaxq8JRinTYHCv7LuAyQoZ8Tcr -> 0 raw observed, 0 activated+confirmed
[2026-08-26 17:44:37.178813000][th:85114079][info] GossipPubSub TOTAL: 0 raw observed addresses, 0 activated+confirmed addresses
[2026-08-26 17:44:37.178815000][th:85114079][info] GossipPubSub === END RAW OBSERVED ADDRESS DEBUG ===
[2026-08-26 17:44:37.178817000][th:85114079][info] GossipPubSub Observed addresses - all (0):
[2026-08-26 17:44:37.178819000][th:85114079][info] GossipPubSub Observed addresses - confirmed only (0):
[2026-08-26 17:44:37.178822000][th:85114079][info] GossipPubSub Relay addresses (0):
[2026-08-26 17:44:37.178838000][th:85114079][warning] GossipPubSub Failed to get addresses from peer repository: not found
[2026-08-26 17:44:37.178874000][th:85114079][info] GossipPubSub Found 1 valid network interfaces
[2026-08-26 17:44:37.178876000][th:85114079][info] GossipPubSub Current network interfaces (1):
[2026-08-26 17:44:37.178877000][th:85114079][info] GossipPubSub   -> 192.168.1.6
[2026-08-26 17:44:37.178879000][th:85114079][info] GossipPubSub Active connections: 0
[2026-08-26 17:44:37.178880000][th:85114079][info] GossipPubSub === PEER CONNECTION DETAILS ===
[2026-08-26 17:44:37.178882000][th:85114079][info] GossipPubSub NOTE: Observed addresses need to be seen by 4+ different peer groups to become 'activated'
[2026-08-26 17:44:37.178883000][th:85114079][info] GossipPubSub NOTE: Current connections: 0, so max possible observers: 0
[2026-08-26 17:44:37.178885000][th:85114079][info] GossipPubSub === END PEER CONNECTION DETAILS ===
[2026-08-26 17:44:37.178886000][th:85114079][info] GossipPubSub Connection manager stats:
[2026-08-26 17:44:37.178887000][th:85114079][info] GossipPubSub   -> Max connections: 1000
[2026-08-26 17:44:37.178889000][th:85114079][info] GossipPubSub   -> Current connections: 0
[2026-08-26 17:44:37.178890000][th:85114079][info] GossipPubSub === END NETWORK STATE ===
[2026-08-26 17:44:37.179014000][th:85114079][info] GossipPubSub /ip4/0.0.0.0/tcp/54613/p2p/12D3KooWF24bpdYS9UvSaiHMLrdaxq8JRinTYHCv7LuAyQoZ8Tcr : PubSub service started
[2026-08-26 17:44:37][info][GlobalDB] Opening database /Users/henriqueklein/gnus/SuperGenius/multi_node_finality_fault/restart-certificate-validator-three/rocksdb
[2026-08-26 17:44:37][debug][GraphsyncDAGSyncer] GraphSyncer created 4989243256 
[2026-08-26 17:44:37][info][CrdtDatastore] crdt Datastore created. Number of heads: 2 Current max-height: 18446744073709551615
[2026-08-26 17:44:37][info][GeniusAccount] Secure storage ID path: /Users/henriqueklein/gnus/SuperGenius/multi_node_finality_fault/restart-certificate-validator-three/account/secure_storage_id
[2026-08-26 17:44:37][info][GeniusAccount] Loaded public key from file: f3d5fe1b298a2bdd... (length: 128)
[2026-08-26 17:44:37][info][GeniusAccount] Successfully loaded key_seed from storage
[2026-08-26 17:44:37][info][GeniusAccount] Validation successful: key_seed matches stored public key
[2026-08-26 17:44:37][warning][UTXOManager] Skipping malformed UTXO key /utxo-checkpoint/f3d5fe1b298a2bdd1142a8961904fb3b209ee80f47dac7329e4f8197a2f420fc188639e04f81b5ac7ba074e11343edc128fe4828172ee2e11ca8b9b1d20275c4/1
[2026-08-26 17:44:37][warning][UTXOManager] Skipping malformed UTXO key /utxo-checkpoint/f3d5fe1b298a2bdd1142a8961904fb3b209ee80f47dac7329e4f8197a2f420fc188639e04f81b5ac7ba074e11343edc128fe4828172ee2e11ca8b9b1d20275c4/latest
[2026-08-26 17:44:37][info][Blockchain] [f3d5fe1b] Blockchain instance created with authorized full node: 8a33bdf1
[2026-08-26 17:44:37][info][ValidatorRegistry] InitializeCache: cache initialized with CID QmQR4iAF9xW4KbCnhdPtVUYhQKgoiLPWg2uYeELSpnvrYY
[2026-08-26 17:44:37][info][CRDTCallbackManager] Successfully registered new data callback for pattern: '/?gnus-validator-registry'
[2026-08-26 17:44:37][info][ValidatorRegistry] RegisterFilter: result=true
[2026-08-26 17:44:37][info][ValidatorRegistry] New: instance ready
[2026-08-26 17:44:37.207760000][th:85114079][info] GossipPubSub /ip4/0.0.0.0/tcp/54613/p2p/12D3KooWF24bpdYS9UvSaiHMLrdaxq8JRinTYHCv7LuAyQoZ8Tcr: PubSub subscribed to topic 'gnus-validator-registry.3.7.144'
[2026-08-26 17:44:37][info][CRDTCallbackManager] Successfully registered new data callback for pattern: '^/?cert/[^/]+'
[2026-08-26 17:44:37.207782000][th:85114079][info] GossipPubSub /ip4/0.0.0.0/tcp/54613/p2p/12D3KooWF24bpdYS9UvSaiHMLrdaxq8JRinTYHCv7LuAyQoZ8Tcr: PubSub subscribed to topic 'consensus-channel-.3.7.144'
[2026-08-26 17:44:37][info][CRDTCallbackManager] Successfully registered new data callback for pattern: '/?gnus-genesis-block'
[2026-08-26 17:44:37][info][CRDTCallbackManager] Successfully registered new data callback for pattern: '/?gnus-account-creation-.*'
[2026-08-26 17:44:37.207820000][th:85114079][info] GossipPubSub /ip4/0.0.0.0/tcp/54613/p2p/12D3KooWF24bpdYS9UvSaiHMLrdaxq8JRinTYHCv7LuAyQoZ8Tcr: PubSub subscribed to topic 'consensus-channel-.3.7.144#datastore.3.7.144'
[2026-08-26 17:44:37][info][CRDTCallbackManager] Successfully registered new data callback for pattern: '^/?/bc-144/tx/[^/]+'
[2026-08-26 17:44:37][info][CRDTCallbackManager] Successfully registered deleted data callback for pattern: '^/?/bc-144/tx/[^/]+'
[2026-08-26 17:44:37][info][CRDTCallbackManager] Successfully registered new data callback for pattern: '^/?/bc-963/tx/[^/]+'
[2026-08-26 17:44:37][info][CRDTCallbackManager] Successfully registered deleted data callback for pattern: '^/?/bc-963/tx/[^/]+'
[2026-08-26 17:44:37][info][CRDTCallbackManager] Successfully registered new data callback for pattern: '^/?/bc-369/tx/[^/]+'
[2026-08-26 17:44:37][info][CRDTCallbackManager] Successfully registered deleted data callback for pattern: '^/?/bc-369/tx/[^/]+'
[2026-08-26 17:44:37][info][CRDTCallbackManager] Successfully unregistered new data callback for pattern: '^/?/bc-144/tx/[^/]+'
[2026-08-26 17:44:37][info][CRDTCallbackManager] Successfully unregistered deleted data callback for pattern: '^/?/bc-144/tx/[^/]+'
[2026-08-26 17:44:37][info][CRDTCallbackManager] Successfully unregistered new data callback for pattern: '^/?/bc-963/tx/[^/]+'
[2026-08-26 17:44:37][info][CRDTCallbackManager] Successfully unregistered deleted data callback for pattern: '^/?/bc-963/tx/[^/]+'
[2026-08-26 17:44:37][info][CRDTCallbackManager] Successfully unregistered new data callback for pattern: '^/?/bc-369/tx/[^/]+'
[2026-08-26 17:44:37][info][CRDTCallbackManager] Successfully unregistered deleted data callback for pattern: '^/?/bc-369/tx/[^/]+'
[2026-08-26 17:44:37][info][TransactionManager] [ebd288fc - full: false] ~TransactionManager: Metrics — cert_fallback(success=0 failure=0) validation(approve=1 reject=0) tracking(insert=1 confirm=1 fail=0)
[2026-08-26 17:44:37][info][Blockchain] [ebd288fc] Stopping blockchain
[2026-08-26 17:44:37][info][CRDTCallbackManager] Successfully unregistered new data callback for pattern: '/?gnus-genesis-block'
[2026-08-26 17:44:37][info][CRDTCallbackManager] Successfully unregistered new data callback for pattern: '/?gnus-account-creation-.*'
[2026-08-26 17:44:37][info][CRDTCallbackManager] Successfully unregistered new data callback for pattern: '/?gnus-validator-registry'
[2026-08-26 17:44:37.207935000][th:85113757][error] GossipPubSub Address monitoring timer error: Operation canceled
[2026-08-26 17:44:37][error][PubSubBroadcasterExt] No message to process
[2026-08-26 17:44:37][error][PubSubBroadcasterExt] No message to process
[2026-08-26 17:44:38][debug][GlobalDB] ~GlobalDB CALLED with count 6 on multi_node_finality_fault/restart-certificate-passive/rocksdb 
[2026-08-26 17:44:38][info][GlobalDB] GlobalDB shutdown start
[2026-08-26 17:44:38][info][CrdtDatastore] CancelAndCloseNow: begin (pending_jobs=1, self_queue=0, root_queue=0, pending_roots=0, active_root=false)
[2026-08-26 17:44:38][debug][GraphsyncDAGSyncer] Stopping Dagsyncer
[2026-08-26 17:44:38][debug][GraphsyncDAGSyncer] Dagsyncer Stopped
[2026-08-26 17:44:38][info][CrdtDatastore] CancelAndCloseNow: CRDT workers stopped
[2026-08-26 17:44:38][warning][CrdtDatastore] CancelAndCloseNow called but shutdown has already started
[2026-08-26 17:44:38][debug][GraphsyncDAGSyncer] ~GraphsyncDAGSyncer CALLED
[2026-08-26 17:44:38][info][GlobalDB] GlobalDB shutdown finished
[2026-08-26 17:44:38][info][KeyPairFileStorage] Path to keypairs multi_node_finality_fault/restart-certificate-passive/keypair
[2026-08-26 17:44:38][info][KeyPairFileStorage] Peer ID from public key: 12D3KooWMAw5qe9uutACirhucSeE7j3MS7QcDZ18gN5CfyGjmJmU
Current limits: 16384 (soft), 9223372036854775807 (hard)
New limits set successfully: 16384 (soft), 9223372036854775807 (hard)
Initialized relay addresses
[2026-08-26 17:44:38.716836000][th:85113220][info] GossipPubSub /ip4/0.0.0.0/tcp/54614/p2p/12D3KooWMAw5qe9uutACirhucSeE7j3MS7QcDZ18gN5CfyGjmJmU: Starting PubSub service
[2026-08-26 17:44:38.716890000][th:85114125][info] GossipPubSub Starting address monitoring system for mobile network changes
[2026-08-26 17:44:38.716893000][th:85114125][info] GossipPubSub === CURRENT NETWORK STATE ===
[2026-08-26 17:44:38.716900000][th:85114125][info] GossipPubSub Primary listening address: /ip4/0.0.0.0/tcp/54614/p2p/12D3KooWMAw5qe9uutACirhucSeE7j3MS7QcDZ18gN5CfyGjmJmU
[2026-08-26 17:44:38.716903000][th:85114125][info] GossipPubSub Host peer info addresses (0):
[2026-08-26 17:44:38.716905000][th:85114125][info] GossipPubSub Additional addresses we track (0):
[2026-08-26 17:44:38.716907000][th:85114125][info] GossipPubSub Listening addresses (1):
[2026-08-26 17:44:38.716909000][th:85114125][info] GossipPubSub   -> /ip4/0.0.0.0/tcp/54614/p2p/12D3KooWMAw5qe9uutACirhucSeE7j3MS7QcDZ18gN5CfyGjmJmU
[2026-08-26 17:44:38.716910000][th:85114125][info] GossipPubSub Interface addresses (0):
[2026-08-26 17:44:38.716912000][th:85114125][info] GossipPubSub === RAW OBSERVED ADDRESS DEBUG ===
[2026-08-26 17:44:38.716915000][th:85114125][info] GossipPubSub Local address: /ip4/0.0.0.0/tcp/54614/p2p/12D3KooWMAw5qe9uutACirhucSeE7j3MS7QcDZ18gN5CfyGjmJmU -> 0 raw observed, 0 activated+confirmed
[2026-08-26 17:44:38.716917000][th:85114125][info] GossipPubSub TOTAL: 0 raw observed addresses, 0 activated+confirmed addresses
[2026-08-26 17:44:38.716918000][th:85114125][info] GossipPubSub === END RAW OBSERVED ADDRESS DEBUG ===
[2026-08-26 17:44:38.716920000][th:85114125][info] GossipPubSub Observed addresses - all (0):
[2026-08-26 17:44:38.716922000][th:85114125][info] GossipPubSub Observed addresses - confirmed only (0):
[2026-08-26 17:44:38.716923000][th:85114125][info] GossipPubSub Relay addresses (0):
[2026-08-26 17:44:38.716926000][th:85114125][warning] GossipPubSub Failed to get addresses from peer repository: not found
[2026-08-26 17:44:38.716956000][th:85114125][info] GossipPubSub Found 1 valid network interfaces
[2026-08-26 17:44:38.716958000][th:85114125][info] GossipPubSub Current network interfaces (1):
[2026-08-26 17:44:38.716959000][th:85114125][info] GossipPubSub   -> 192.168.1.6
[2026-08-26 17:44:38.716961000][th:85114125][info] GossipPubSub Active connections: 0
[2026-08-26 17:44:38.716962000][th:85114125][info] GossipPubSub === PEER CONNECTION DETAILS ===
[2026-08-26 17:44:38.716963000][th:85114125][info] GossipPubSub NOTE: Observed addresses need to be seen by 4+ different peer groups to become 'activated'
[2026-08-26 17:44:38.716965000][th:85114125][info] GossipPubSub NOTE: Current connections: 0, so max possible observers: 0
[2026-08-26 17:44:38.716966000][th:85114125][info] GossipPubSub === END PEER CONNECTION DETAILS ===
[2026-08-26 17:44:38.716967000][th:85114125][info] GossipPubSub Connection manager stats:
[2026-08-26 17:44:38.716968000][th:85114125][info] GossipPubSub   -> Max connections: 1000
[2026-08-26 17:44:38.716970000][th:85114125][info] GossipPubSub   -> Current connections: 0
[2026-08-26 17:44:38.716971000][th:85114125][info] GossipPubSub === END NETWORK STATE ===
[2026-08-26 17:44:38.717080000][th:85114125][info] GossipPubSub /ip4/0.0.0.0/tcp/54614/p2p/12D3KooWMAw5qe9uutACirhucSeE7j3MS7QcDZ18gN5CfyGjmJmU : PubSub service started
[2026-08-26 17:44:38][info][GlobalDB] Opening database /Users/henriqueklein/gnus/SuperGenius/multi_node_finality_fault/restart-certificate-passive/rocksdb
[2026-08-26 17:44:38][debug][GraphsyncDAGSyncer] GraphSyncer created 5539283688 
[2026-08-26 17:44:38][info][CrdtDatastore] crdt Datastore created. Number of heads: 2 Current max-height: 18446744073709551615
[2026-08-26 17:44:38][info][GeniusAccount] Secure storage ID path: /Users/henriqueklein/gnus/SuperGenius/multi_node_finality_fault/restart-certificate-passive/account/secure_storage_id
[2026-08-26 17:44:38][info][GeniusAccount] Loaded public key from file: ebd288fcc90b18d1... (length: 128)
[2026-08-26 17:44:38][info][GeniusAccount] Successfully loaded key_seed from storage
[2026-08-26 17:44:38][info][GeniusAccount] Validation successful: key_seed matches stored public key
[2026-08-26 17:44:38][warning][UTXOManager] Skipping malformed UTXO key /utxo-checkpoint/ebd288fcc90b18d1b32a6beb375f5de5b8ae09ad2f2b6ddf21102ce4263bcf65554f1e6a2fec40bc5ba2e33d8766ed755ea3d7cf8859f2562eda57a987ed7d35/1
[2026-08-26 17:44:38][warning][UTXOManager] Skipping malformed UTXO key /utxo-checkpoint/ebd288fcc90b18d1b32a6beb375f5de5b8ae09ad2f2b6ddf21102ce4263bcf65554f1e6a2fec40bc5ba2e33d8766ed755ea3d7cf8859f2562eda57a987ed7d35/latest
[2026-08-26 17:44:38][info][Blockchain] [ebd288fc] Blockchain instance created with authorized full node: 8a33bdf1
[2026-08-26 17:44:38][info][ValidatorRegistry] InitializeCache: cache initialized with CID QmQR4iAF9xW4KbCnhdPtVUYhQKgoiLPWg2uYeELSpnvrYY
[2026-08-26 17:44:38][info][CRDTCallbackManager] Successfully registered new data callback for pattern: '/?gnus-validator-registry'
[2026-08-26 17:44:38][info][ValidatorRegistry] RegisterFilter: result=true
[2026-08-26 17:44:38][info][ValidatorRegistry] New: instance ready
[2026-08-26 17:44:38.738964000][th:85114125][info] GossipPubSub /ip4/0.0.0.0/tcp/54614/p2p/12D3KooWMAw5qe9uutACirhucSeE7j3MS7QcDZ18gN5CfyGjmJmU: PubSub subscribed to topic 'gnus-validator-registry.3.7.144'
[2026-08-26 17:44:38][info][CRDTCallbackManager] Successfully registered new data callback for pattern: '^/?cert/[^/]+'
[2026-08-26 17:44:38.738984000][th:85114125][info] GossipPubSub /ip4/0.0.0.0/tcp/54614/p2p/12D3KooWMAw5qe9uutACirhucSeE7j3MS7QcDZ18gN5CfyGjmJmU: PubSub subscribed to topic 'consensus-channel-.3.7.144'
[2026-08-26 17:44:38.739002000][th:85114125][info] GossipPubSub /ip4/0.0.0.0/tcp/54614/p2p/12D3KooWMAw5qe9uutACirhucSeE7j3MS7QcDZ18gN5CfyGjmJmU: PubSub subscribed to topic 'consensus-channel-.3.7.144#datastore.3.7.144'
[2026-08-26 17:44:38][info][CRDTCallbackManager] Successfully registered new data callback for pattern: '/?gnus-genesis-block'
[2026-08-26 17:44:38][info][CRDTCallbackManager] Successfully registered new data callback for pattern: '/?gnus-account-creation-.*'
[2026-08-26 17:44:38][info][CRDTCallbackManager] Successfully registered new data callback for pattern: '^/?/bc-144/tx/[^/]+'
[2026-08-26 17:44:38][info][CRDTCallbackManager] Successfully registered deleted data callback for pattern: '^/?/bc-144/tx/[^/]+'
[2026-08-26 17:44:38][info][CRDTCallbackManager] Successfully registered new data callback for pattern: '^/?/bc-963/tx/[^/]+'
[2026-08-26 17:44:38][info][CRDTCallbackManager] Successfully registered deleted data callback for pattern: '^/?/bc-963/tx/[^/]+'
[2026-08-26 17:44:38][info][CRDTCallbackManager] Successfully registered new data callback for pattern: '^/?/bc-369/tx/[^/]+'
[2026-08-26 17:44:38][info][CRDTCallbackManager] Successfully registered deleted data callback for pattern: '^/?/bc-369/tx/[^/]+'
[2026-08-26 17:44:38.739126000][th:85113993][info] GossipPubSub Adding new peer: 12D3KooWFrreWdQeVu9QBVN9m8TCMJYP3TRcJkYJAJnaqh1Tq43R
[2026-08-26 17:44:38.739163000][th:85113993][info] GossipPubSub Adding new peer: 12D3KooWF24bpdYS9UvSaiHMLrdaxq8JRinTYHCv7LuAyQoZ8Tcr
[2026-08-26 17:44:38.739198000][th:85113993][info] GossipPubSub Adding new peer: 12D3KooWMAw5qe9uutACirhucSeE7j3MS7QcDZ18gN5CfyGjmJmU
[2026-08-26 17:44:38.739234000][th:85114023][info] GossipPubSub Adding new peer: 12D3KooWJQauzv3ZCQr8upRhSXvqo6Voac3na4pTPRkGVy5D6MbT
[2026-08-26 17:44:38.739267000][th:85114023][info] GossipPubSub Adding new peer: 12D3KooWF24bpdYS9UvSaiHMLrdaxq8JRinTYHCv7LuAyQoZ8Tcr
[2026-08-26 17:44:38.739300000][th:85114023][info] GossipPubSub Adding new peer: 12D3KooWMAw5qe9uutACirhucSeE7j3MS7QcDZ18gN5CfyGjmJmU
[2026-08-26 17:44:38.739335000][th:85114079][info] GossipPubSub Adding new peer: 12D3KooWJQauzv3ZCQr8upRhSXvqo6Voac3na4pTPRkGVy5D6MbT
[2026-08-26 17:44:38.739371000][th:85114079][info] GossipPubSub Adding new peer: 12D3KooWFrreWdQeVu9QBVN9m8TCMJYP3TRcJkYJAJnaqh1Tq43R
[2026-08-26 17:44:38.739419000][th:85114079][info] GossipPubSub Adding new peer: 12D3KooWMAw5qe9uutACirhucSeE7j3MS7QcDZ18gN5CfyGjmJmU
[2026-08-26 17:44:38.739431000][th:85114125][info] GossipPubSub Adding new peer: 12D3KooWJQauzv3ZCQr8upRhSXvqo6Voac3na4pTPRkGVy5D6MbT
[2026-08-26 17:44:38.739463000][th:85114125][info] GossipPubSub Adding new peer: 12D3KooWFrreWdQeVu9QBVN9m8TCMJYP3TRcJkYJAJnaqh1Tq43R
[2026-08-26 17:44:38.739495000][th:85114125][info] GossipPubSub Adding new peer: 12D3KooWF24bpdYS9UvSaiHMLrdaxq8JRinTYHCv7LuAyQoZ8Tcr
[2026-08-26 17:44:38][info][CRDTCallbackManager] Successfully unregistered new data callback for pattern: '^/?/bc-144/tx/[^/]+'
[2026-08-26 17:44:38][info][CRDTCallbackManager] Successfully unregistered deleted data callback for pattern: '^/?/bc-144/tx/[^/]+'
[2026-08-26 17:44:38][info][CRDTCallbackManager] Successfully unregistered new data callback for pattern: '^/?/bc-963/tx/[^/]+'
[2026-08-26 17:44:38][info][CRDTCallbackManager] Successfully unregistered deleted data callback for pattern: '^/?/bc-963/tx/[^/]+'
[2026-08-26 17:44:38][info][CRDTCallbackManager] Successfully unregistered new data callback for pattern: '^/?/bc-369/tx/[^/]+'
[2026-08-26 17:44:38][info][CRDTCallbackManager] Successfully unregistered deleted data callback for pattern: '^/?/bc-369/tx/[^/]+'
[2026-08-26 17:44:38][info][TransactionManager] [fb0c2dee - full: false] ~TransactionManager: Metrics — cert_fallback(success=0 failure=0) validation(approve=0 reject=0) tracking(insert=0 confirm=0 fail=0)
[2026-08-26 17:44:38][info][Blockchain] [fb0c2dee] Stopping blockchain
[2026-08-26 17:44:38][info][CRDTCallbackManager] Successfully unregistered new data callback for pattern: '/?gnus-genesis-block'
[2026-08-26 17:44:38][info][CRDTCallbackManager] Successfully unregistered new data callback for pattern: '/?gnus-account-creation-.*'
[2026-08-26 17:44:38][info][CRDTCallbackManager] Successfully unregistered new data callback for pattern: '/?gnus-validator-registry'
[2026-08-26 17:44:38.857080000][th:85113993][error] GossipPubSub Address monitoring timer error: Operation canceled
[2026-08-26 17:44:38][error][PubSubBroadcasterExt] No message to process
[2026-08-26 17:44:38][error][PubSubBroadcasterExt] No message to process
[2026-08-26 17:44:39][debug][GlobalDB] ~GlobalDB CALLED with count 6 on multi_node_finality_fault/restart-certificate-validator-one/rocksdb 
[2026-08-26 17:44:39][info][GlobalDB] GlobalDB shutdown start
[2026-08-26 17:44:39][info][CrdtDatastore] CancelAndCloseNow: begin (pending_jobs=0, self_queue=0, root_queue=0, pending_roots=0, active_root=false)
[2026-08-26 17:44:39][debug][GraphsyncDAGSyncer] Stopping Dagsyncer
[2026-08-26 17:44:39][debug][GraphsyncDAGSyncer] Dagsyncer Stopped
[2026-08-26 17:44:40][info][CrdtDatastore] CancelAndCloseNow: CRDT workers stopped
[2026-08-26 17:44:40][warning][CrdtDatastore] CancelAndCloseNow called but shutdown has already started
[2026-08-26 17:44:40][debug][GraphsyncDAGSyncer] ~GraphsyncDAGSyncer CALLED
[2026-08-26 17:44:40][info][GlobalDB] GlobalDB shutdown finished
[2026-08-26 17:44:40][info][CRDTCallbackManager] Successfully unregistered new data callback for pattern: '^/?/bc-144/tx/[^/]+'
[2026-08-26 17:44:40][info][CRDTCallbackManager] Successfully unregistered deleted data callback for pattern: '^/?/bc-144/tx/[^/]+'
[2026-08-26 17:44:40][info][CRDTCallbackManager] Successfully unregistered new data callback for pattern: '^/?/bc-963/tx/[^/]+'
[2026-08-26 17:44:40][info][CRDTCallbackManager] Successfully unregistered deleted data callback for pattern: '^/?/bc-963/tx/[^/]+'
[2026-08-26 17:44:40][info][CRDTCallbackManager] Successfully unregistered new data callback for pattern: '^/?/bc-369/tx/[^/]+'
[2026-08-26 17:44:40][info][CRDTCallbackManager] Successfully unregistered deleted data callback for pattern: '^/?/bc-369/tx/[^/]+'
[2026-08-26 17:44:40][info][TransactionManager] [730bfa5a - full: false] ~TransactionManager: Metrics — cert_fallback(success=0 failure=0) validation(approve=0 reject=0) tracking(insert=0 confirm=0 fail=0)
[2026-08-26 17:44:40][info][Blockchain] [730bfa5a] Stopping blockchain
[2026-08-26 17:44:40][info][CRDTCallbackManager] Successfully unregistered new data callback for pattern: '/?gnus-genesis-block'
[2026-08-26 17:44:40][info][CRDTCallbackManager] Successfully unregistered new data callback for pattern: '/?gnus-account-creation-.*'
[2026-08-26 17:44:40][info][CRDTCallbackManager] Successfully unregistered new data callback for pattern: '/?gnus-validator-registry'
[2026-08-26 17:44:40.163771000][th:85114023][error] GossipPubSub Address monitoring timer error: Operation canceled
[2026-08-26 17:44:40][error][PubSubBroadcasterExt] No message to process
[2026-08-26 17:44:40][error][PubSubBroadcasterExt] No message to process
[2026-08-26 17:44:41][debug][GlobalDB] ~GlobalDB CALLED with count 6 on multi_node_finality_fault/restart-certificate-validator-two/rocksdb 
[2026-08-26 17:44:41][info][GlobalDB] GlobalDB shutdown start
[2026-08-26 17:44:41][info][CrdtDatastore] CancelAndCloseNow: begin (pending_jobs=0, self_queue=0, root_queue=0, pending_roots=0, active_root=false)
[2026-08-26 17:44:41][debug][GraphsyncDAGSyncer] Stopping Dagsyncer
[2026-08-26 17:44:41][debug][GraphsyncDAGSyncer] Dagsyncer Stopped
[2026-08-26 17:44:41][info][CrdtDatastore] CancelAndCloseNow: CRDT workers stopped
[2026-08-26 17:44:41][warning][CrdtDatastore] CancelAndCloseNow called but shutdown has already started
[2026-08-26 17:44:41][debug][GraphsyncDAGSyncer] ~GraphsyncDAGSyncer CALLED
[2026-08-26 17:44:41][info][GlobalDB] GlobalDB shutdown finished
[2026-08-26 17:44:41][info][CRDTCallbackManager] Successfully unregistered new data callback for pattern: '^/?/bc-144/tx/[^/]+'
[2026-08-26 17:44:41][info][CRDTCallbackManager] Successfully unregistered deleted data callback for pattern: '^/?/bc-144/tx/[^/]+'
[2026-08-26 17:44:41][info][CRDTCallbackManager] Successfully unregistered new data callback for pattern: '^/?/bc-963/tx/[^/]+'
[2026-08-26 17:44:41][info][CRDTCallbackManager] Successfully unregistered deleted data callback for pattern: '^/?/bc-963/tx/[^/]+'
[2026-08-26 17:44:41][info][CRDTCallbackManager] Successfully unregistered new data callback for pattern: '^/?/bc-369/tx/[^/]+'
[2026-08-26 17:44:41][info][CRDTCallbackManager] Successfully unregistered deleted data callback for pattern: '^/?/bc-369/tx/[^/]+'
[2026-08-26 17:44:41][info][TransactionManager] [f3d5fe1b - full: false] ~TransactionManager: Metrics — cert_fallback(success=0 failure=0) validation(approve=0 reject=0) tracking(insert=0 confirm=0 fail=0)
[2026-08-26 17:44:41][info][Blockchain] [f3d5fe1b] Stopping blockchain
[2026-08-26 17:44:41][info][CRDTCallbackManager] Successfully unregistered new data callback for pattern: '/?gnus-genesis-block'
[2026-08-26 17:44:41][info][CRDTCallbackManager] Successfully unregistered new data callback for pattern: '/?gnus-account-creation-.*'
[2026-08-26 17:44:41][info][CRDTCallbackManager] Successfully unregistered new data callback for pattern: '/?gnus-validator-registry'
[2026-08-26 17:44:41.239187000][th:85114079][error] GossipPubSub Address monitoring timer error: Operation canceled
[2026-08-26 17:44:41][error][PubSubBroadcasterExt] No message to process
[2026-08-26 17:44:41][error][PubSubBroadcasterExt] No message to process
[2026-08-26 17:44:42][debug][GlobalDB] ~GlobalDB CALLED with count 6 on multi_node_finality_fault/restart-certificate-validator-three/rocksdb 
[2026-08-26 17:44:42][info][GlobalDB] GlobalDB shutdown start
[2026-08-26 17:44:42][info][CrdtDatastore] CancelAndCloseNow: begin (pending_jobs=0, self_queue=0, root_queue=0, pending_roots=0, active_root=false)
[2026-08-26 17:44:42][debug][GraphsyncDAGSyncer] Stopping Dagsyncer
[2026-08-26 17:44:42][debug][GraphsyncDAGSyncer] Dagsyncer Stopped
[2026-08-26 17:44:42][info][CrdtDatastore] CancelAndCloseNow: CRDT workers stopped
[2026-08-26 17:44:42][warning][CrdtDatastore] CancelAndCloseNow called but shutdown has already started
[2026-08-26 17:44:42][debug][GraphsyncDAGSyncer] ~GraphsyncDAGSyncer CALLED
[2026-08-26 17:44:42][info][GlobalDB] GlobalDB shutdown finished
[2026-08-26 17:44:42][info][CRDTCallbackManager] Successfully unregistered new data callback for pattern: '^/?/bc-144/tx/[^/]+'
[2026-08-26 17:44:42][info][CRDTCallbackManager] Successfully unregistered deleted data callback for pattern: '^/?/bc-144/tx/[^/]+'
[2026-08-26 17:44:42][info][CRDTCallbackManager] Successfully unregistered new data callback for pattern: '^/?/bc-963/tx/[^/]+'
[2026-08-26 17:44:42][info][CRDTCallbackManager] Successfully unregistered deleted data callback for pattern: '^/?/bc-963/tx/[^/]+'
[2026-08-26 17:44:42][info][CRDTCallbackManager] Successfully unregistered new data callback for pattern: '^/?/bc-369/tx/[^/]+'
[2026-08-26 17:44:42][info][CRDTCallbackManager] Successfully unregistered deleted data callback for pattern: '^/?/bc-369/tx/[^/]+'
[2026-08-26 17:44:42][info][TransactionManager] [ebd288fc - full: false] ~TransactionManager: Metrics — cert_fallback(success=0 failure=0) validation(approve=0 reject=0) tracking(insert=0 confirm=0 fail=0)
[2026-08-26 17:44:42][info][Blockchain] [ebd288fc] Stopping blockchain
[2026-08-26 17:44:42][info][CRDTCallbackManager] Successfully unregistered new data callback for pattern: '/?gnus-genesis-block'
[2026-08-26 17:44:42][info][CRDTCallbackManager] Successfully unregistered new data callback for pattern: '/?gnus-account-creation-.*'
[2026-08-26 17:44:42][info][CRDTCallbackManager] Successfully unregistered new data callback for pattern: '/?gnus-validator-registry'
[2026-08-26 17:44:42.737616000][th:85114125][error] GossipPubSub Address monitoring timer error: Operation canceled
[2026-08-26 17:44:42][error][PubSubBroadcasterExt] No message to process
[2026-08-26 17:44:42][error][PubSubBroadcasterExt] No message to process
[2026-08-26 17:44:43][debug][GlobalDB] ~GlobalDB CALLED with count 6 on multi_node_finality_fault/restart-certificate-passive/rocksdb 
[2026-08-26 17:44:43][info][GlobalDB] GlobalDB shutdown start
[2026-08-26 17:44:43][info][CrdtDatastore] CancelAndCloseNow: begin (pending_jobs=0, self_queue=0, root_queue=0, pending_roots=0, active_root=false)
[2026-08-26 17:44:43][debug][GraphsyncDAGSyncer] Stopping Dagsyncer
[2026-08-26 17:44:43][debug][GraphsyncDAGSyncer] Dagsyncer Stopped
[2026-08-26 17:44:43][info][CrdtDatastore] CancelAndCloseNow: CRDT workers stopped
[2026-08-26 17:44:43][warning][CrdtDatastore] CancelAndCloseNow called but shutdown has already started
[2026-08-26 17:44:43][debug][GraphsyncDAGSyncer] ~GraphsyncDAGSyncer CALLED
[2026-08-26 17:44:43][info][GlobalDB] GlobalDB shutdown finished
[2026-08-26 17:44:43][info][KeyPairFileStorage] Path to keypairs multi_node_finality_fault/restart-mint-validator-one/keypair
[2026-08-26 17:44:43][info][KeyPairFileStorage] Peer ID from public key: 12D3KooWJefZJfa7vdiRjGupx6o5eBmV17K7iTQ61ASQNXnsAwrm
Current limits: 16384 (soft), 9223372036854775807 (hard)
New limits set successfully: 16384 (soft), 9223372036854775807 (hard)
Initialized relay addresses
[2026-08-26 17:44:43.773782000][th:85113220][info] GossipPubSub /ip4/0.0.0.0/tcp/54621/p2p/12D3KooWJefZJfa7vdiRjGupx6o5eBmV17K7iTQ61ASQNXnsAwrm: Starting PubSub service
[2026-08-26 17:44:43.773871000][th:85114238][info] GossipPubSub Starting address monitoring system for mobile network changes
[2026-08-26 17:44:43.773875000][th:85114238][info] GossipPubSub === CURRENT NETWORK STATE ===
[2026-08-26 17:44:43.773887000][th:85114238][info] GossipPubSub Primary listening address: /ip4/0.0.0.0/tcp/54621/p2p/12D3KooWJefZJfa7vdiRjGupx6o5eBmV17K7iTQ61ASQNXnsAwrm
[2026-08-26 17:44:43.773891000][th:85114238][info] GossipPubSub Host peer info addresses (0):
[2026-08-26 17:44:43.773894000][th:85114238][info] GossipPubSub Additional addresses we track (0):
[2026-08-26 17:44:43.773897000][th:85114238][info] GossipPubSub Listening addresses (1):
[2026-08-26 17:44:43.773899000][th:85114238][info] GossipPubSub   -> /ip4/0.0.0.0/tcp/54621/p2p/12D3KooWJefZJfa7vdiRjGupx6o5eBmV17K7iTQ61ASQNXnsAwrm
[2026-08-26 17:44:43.773902000][th:85114238][info] GossipPubSub Interface addresses (0):
[2026-08-26 17:44:43.773904000][th:85114238][info] GossipPubSub === RAW OBSERVED ADDRESS DEBUG ===
[2026-08-26 17:44:43.773908000][th:85114238][info] GossipPubSub Local address: /ip4/0.0.0.0/tcp/54621/p2p/12D3KooWJefZJfa7vdiRjGupx6o5eBmV17K7iTQ61ASQNXnsAwrm -> 0 raw observed, 0 activated+confirmed
[2026-08-26 17:44:43.773911000][th:85114238][info] GossipPubSub TOTAL: 0 raw observed addresses, 0 activated+confirmed addresses
[2026-08-26 17:44:43.773914000][th:85114238][info] GossipPubSub === END RAW OBSERVED ADDRESS DEBUG ===
[2026-08-26 17:44:43.773918000][th:85114238][info] GossipPubSub Observed addresses - all (0):
[2026-08-26 17:44:43.773921000][th:85114238][info] GossipPubSub Observed addresses - confirmed only (0):
[2026-08-26 17:44:43.773924000][th:85114238][info] GossipPubSub Relay addresses (0):
[2026-08-26 17:44:43.773927000][th:85114238][warning] GossipPubSub Failed to get addresses from peer repository: not found
[2026-08-26 17:44:43.773975000][th:85114238][info] GossipPubSub Found 1 valid network interfaces
[2026-08-26 17:44:43.773979000][th:85114238][info] GossipPubSub Current network interfaces (1):
[2026-08-26 17:44:43.773981000][th:85114238][info] GossipPubSub   -> 192.168.1.6
[2026-08-26 17:44:43.773984000][th:85114238][info] GossipPubSub Active connections: 0
[2026-08-26 17:44:43.773986000][th:85114238][info] GossipPubSub === PEER CONNECTION DETAILS ===
[2026-08-26 17:44:43.773989000][th:85114238][info] GossipPubSub NOTE: Observed addresses need to be seen by 4+ different peer groups to become 'activated'
[2026-08-26 17:44:43.773991000][th:85114238][info] GossipPubSub NOTE: Current connections: 0, so max possible observers: 0
[2026-08-26 17:44:43.773994000][th:85114238][info] GossipPubSub === END PEER CONNECTION DETAILS ===
[2026-08-26 17:44:43.773996000][th:85114238][info] GossipPubSub Connection manager stats:
[2026-08-26 17:44:43.773998000][th:85114238][info] GossipPubSub   -> Max connections: 1000
[2026-08-26 17:44:43.774001000][th:85114238][info] GossipPubSub   -> Current connections: 0
[2026-08-26 17:44:43.774003000][th:85114238][info] GossipPubSub === END NETWORK STATE ===
[2026-08-26 17:44:43.774186000][th:85114238][info] GossipPubSub /ip4/0.0.0.0/tcp/54621/p2p/12D3KooWJefZJfa7vdiRjGupx6o5eBmV17K7iTQ61ASQNXnsAwrm : PubSub service started
[2026-08-26 17:44:43][info][GlobalDB] Opening database /Users/henriqueklein/gnus/SuperGenius/multi_node_finality_fault/restart-mint-validator-one/rocksdb
[2026-08-26 17:44:43][debug][GraphsyncDAGSyncer] GraphSyncer created 4989219208 
[2026-08-26 17:44:43][info][CrdtDatastore] crdt Datastore created. Number of heads: 0 Current max-height: 0
[2026-08-26 17:44:43][info][GeniusAccount] Secure storage ID path: /Users/henriqueklein/gnus/SuperGenius/multi_node_finality_fault/restart-mint-validator-one/account/secure_storage_id
[2026-08-26 17:44:43][error][GeniusAccount] Could not find existing Genius address, generating one from a random mnemonic
[2026-08-26 17:44:43][warning][UTXOManager] Found UTXOs in storage, but there were none
[2026-08-26 17:44:43][info][Blockchain] [bb6f0197] Blockchain instance created with authorized full node: 8a33bdf1
[2026-08-26 17:44:43][error][ValidatorRegistry] InitializeCache: registry content not found during cache init
[2026-08-26 17:44:43][info][CRDTCallbackManager] Successfully registered new data callback for pattern: '/?gnus-validator-registry'
[2026-08-26 17:44:43][info][ValidatorRegistry] RegisterFilter: result=true
[2026-08-26 17:44:43][info][ValidatorRegistry] New: instance ready
[2026-08-26 17:44:43.816010000][th:85114238][info] GossipPubSub /ip4/0.0.0.0/tcp/54621/p2p/12D3KooWJefZJfa7vdiRjGupx6o5eBmV17K7iTQ61ASQNXnsAwrm: PubSub subscribed to topic 'gnus-validator-registry.3.7.144'
[2026-08-26 17:44:43][info][CRDTCallbackManager] Successfully registered new data callback for pattern: '^/?cert/[^/]+'
[2026-08-26 17:44:43.816035000][th:85114238][info] GossipPubSub /ip4/0.0.0.0/tcp/54621/p2p/12D3KooWJefZJfa7vdiRjGupx6o5eBmV17K7iTQ61ASQNXnsAwrm: PubSub subscribed to topic 'consensus-channel-.3.7.144'
[2026-08-26 17:44:43][warning][Blockchain] [bb6f0197] Failed to request validator registry during blockchain init
[2026-08-26 17:44:43][info][CRDTCallbackManager] Successfully registered new data callback for pattern: '/?gnus-genesis-block'
[2026-08-26 17:44:43.816057000][th:85114238][info] GossipPubSub /ip4/0.0.0.0/tcp/54621/p2p/12D3KooWJefZJfa7vdiRjGupx6o5eBmV17K7iTQ61ASQNXnsAwrm: PubSub subscribed to topic 'consensus-channel-.3.7.144#datastore.3.7.144'
[2026-08-26 17:44:43][info][CRDTCallbackManager] Successfully registered new data callback for pattern: '/?gnus-account-creation-.*'
[2026-08-26 17:44:43][info][CRDTCallbackManager] Successfully registered new data callback for pattern: '^/?/bc-144/tx/[^/]+'
[2026-08-26 17:44:43][info][CRDTCallbackManager] Successfully registered deleted data callback for pattern: '^/?/bc-144/tx/[^/]+'
[2026-08-26 17:44:43][info][CRDTCallbackManager] Successfully registered new data callback for pattern: '^/?/bc-963/tx/[^/]+'
[2026-08-26 17:44:43][info][CRDTCallbackManager] Successfully registered deleted data callback for pattern: '^/?/bc-963/tx/[^/]+'
[2026-08-26 17:44:43][info][CRDTCallbackManager] Successfully registered new data callback for pattern: '^/?/bc-369/tx/[^/]+'
[2026-08-26 17:44:43][info][CRDTCallbackManager] Successfully registered deleted data callback for pattern: '^/?/bc-369/tx/[^/]+'
[2026-08-26 17:44:43][info][KeyPairFileStorage] Path to keypairs multi_node_finality_fault/restart-mint-validator-two/keypair
[2026-08-26 17:44:43][info][KeyPairFileStorage] Peer ID from public key: 12D3KooWQRsoW9KLRQDPQZ7rVCPUqkQ7Q9iyh3ApF1ejpET5kdgE
Current limits: 16384 (soft), 9223372036854775807 (hard)
New limits set successfully: 16384 (soft), 9223372036854775807 (hard)
Initialized relay addresses
[2026-08-26 17:44:43.818175000][th:85113220][info] GossipPubSub /ip4/0.0.0.0/tcp/54622/p2p/12D3KooWQRsoW9KLRQDPQZ7rVCPUqkQ7Q9iyh3ApF1ejpET5kdgE: Starting PubSub service
[2026-08-26 17:44:43.818233000][th:85114260][info] GossipPubSub Starting address monitoring system for mobile network changes
[2026-08-26 17:44:43.818237000][th:85114260][info] GossipPubSub === CURRENT NETWORK STATE ===
[2026-08-26 17:44:43.818245000][th:85114260][info] GossipPubSub Primary listening address: /ip4/0.0.0.0/tcp/54622/p2p/12D3KooWQRsoW9KLRQDPQZ7rVCPUqkQ7Q9iyh3ApF1ejpET5kdgE
[2026-08-26 17:44:43.818247000][th:85114260][info] GossipPubSub Host peer info addresses (0):
[2026-08-26 17:44:43.818249000][th:85114260][info] GossipPubSub Additional addresses we track (0):
[2026-08-26 17:44:43.818252000][th:85114260][info] GossipPubSub Listening addresses (1):
[2026-08-26 17:44:43.818254000][th:85114260][info] GossipPubSub   -> /ip4/0.0.0.0/tcp/54622/p2p/12D3KooWQRsoW9KLRQDPQZ7rVCPUqkQ7Q9iyh3ApF1ejpET5kdgE
[2026-08-26 17:44:43.818256000][th:85114260][info] GossipPubSub Interface addresses (0):
[2026-08-26 17:44:43.818258000][th:85114260][info] GossipPubSub === RAW OBSERVED ADDRESS DEBUG ===
[2026-08-26 17:44:43.818262000][th:85114260][info] GossipPubSub Local address: /ip4/0.0.0.0/tcp/54622/p2p/12D3KooWQRsoW9KLRQDPQZ7rVCPUqkQ7Q9iyh3ApF1ejpET5kdgE -> 0 raw observed, 0 activated+confirmed
[2026-08-26 17:44:43.818264000][th:85114260][info] GossipPubSub TOTAL: 0 raw observed addresses, 0 activated+confirmed addresses
[2026-08-26 17:44:43.818266000][th:85114260][info] GossipPubSub === END RAW OBSERVED ADDRESS DEBUG ===
[2026-08-26 17:44:43.818268000][th:85114260][info] GossipPubSub Observed addresses - all (0):
[2026-08-26 17:44:43.818270000][th:85114260][info] GossipPubSub Observed addresses - confirmed only (0):
[2026-08-26 17:44:43.818273000][th:85114260][info] GossipPubSub Relay addresses (0):
[2026-08-26 17:44:43.818276000][th:85114260][warning] GossipPubSub Failed to get addresses from peer repository: not found
[2026-08-26 17:44:43.818315000][th:85114260][info] GossipPubSub Found 1 valid network interfaces
[2026-08-26 17:44:43.818318000][th:85114260][info] GossipPubSub Current network interfaces (1):
[2026-08-26 17:44:43.818320000][th:85114260][info] GossipPubSub   -> 192.168.1.6
[2026-08-26 17:44:43.818322000][th:85114260][info] GossipPubSub Active connections: 0
[2026-08-26 17:44:43.818324000][th:85114260][info] GossipPubSub === PEER CONNECTION DETAILS ===
[2026-08-26 17:44:43.818326000][th:85114260][info] GossipPubSub NOTE: Observed addresses need to be seen by 4+ different peer groups to become 'activated'
[2026-08-26 17:44:43.818328000][th:85114260][info] GossipPubSub NOTE: Current connections: 0, so max possible observers: 0
[2026-08-26 17:44:43.818330000][th:85114260][info] GossipPubSub === END PEER CONNECTION DETAILS ===
[2026-08-26 17:44:43.818332000][th:85114260][info] GossipPubSub Connection manager stats:
[2026-08-26 17:44:43.818334000][th:85114260][info] GossipPubSub   -> Max connections: 1000
[2026-08-26 17:44:43.818336000][th:85114260][info] GossipPubSub   -> Current connections: 0
[2026-08-26 17:44:43.818338000][th:85114260][info] GossipPubSub === END NETWORK STATE ===
[2026-08-26 17:44:43.818484000][th:85114260][info] GossipPubSub /ip4/0.0.0.0/tcp/54622/p2p/12D3KooWQRsoW9KLRQDPQZ7rVCPUqkQ7Q9iyh3ApF1ejpET5kdgE : PubSub service started
[2026-08-26 17:44:43][info][GlobalDB] Opening database /Users/henriqueklein/gnus/SuperGenius/multi_node_finality_fault/restart-mint-validator-two/rocksdb
[2026-08-26 17:44:43][debug][GraphsyncDAGSyncer] GraphSyncer created 5526386776 
[2026-08-26 17:44:43][info][CrdtDatastore] crdt Datastore created. Number of heads: 0 Current max-height: 0
[2026-08-26 17:44:43][info][GeniusAccount] Secure storage ID path: /Users/henriqueklein/gnus/SuperGenius/multi_node_finality_fault/restart-mint-validator-two/account/secure_storage_id
[2026-08-26 17:44:43][error][GeniusAccount] Could not find existing Genius address, generating one from a random mnemonic
[2026-08-26 17:44:43][warning][UTXOManager] Found UTXOs in storage, but there were none
[2026-08-26 17:44:43][info][Blockchain] [c613e879] Blockchain instance created with authorized full node: 8a33bdf1
[2026-08-26 17:44:43][error][ValidatorRegistry] InitializeCache: registry content not found during cache init
[2026-08-26 17:44:43][info][CRDTCallbackManager] Successfully registered new data callback for pattern: '/?gnus-validator-registry'
[2026-08-26 17:44:43][info][ValidatorRegistry] RegisterFilter: result=true
[2026-08-26 17:44:43][info][ValidatorRegistry] New: instance ready
[2026-08-26 17:44:43.852868000][th:85114260][info] GossipPubSub /ip4/0.0.0.0/tcp/54622/p2p/12D3KooWQRsoW9KLRQDPQZ7rVCPUqkQ7Q9iyh3ApF1ejpET5kdgE: PubSub subscribed to topic 'gnus-validator-registry.3.7.144'
[2026-08-26 17:44:43][info][CRDTCallbackManager] Successfully registered new data callback for pattern: '^/?cert/[^/]+'
[2026-08-26 17:44:43.852895000][th:85114260][info] GossipPubSub /ip4/0.0.0.0/tcp/54622/p2p/12D3KooWQRsoW9KLRQDPQZ7rVCPUqkQ7Q9iyh3ApF1ejpET5kdgE: PubSub subscribed to topic 'consensus-channel-.3.7.144'
[2026-08-26 17:44:43.852914000][th:85114260][info] GossipPubSub /ip4/0.0.0.0/tcp/54622/p2p/12D3KooWQRsoW9KLRQDPQZ7rVCPUqkQ7Q9iyh3ApF1ejpET5kdgE: PubSub subscribed to topic 'consensus-channel-.3.7.144#datastore.3.7.144'
[2026-08-26 17:44:43][warning][Blockchain] [c613e879] Failed to request validator registry during blockchain init
[2026-08-26 17:44:43][info][CRDTCallbackManager] Successfully registered new data callback for pattern: '/?gnus-genesis-block'
[2026-08-26 17:44:43][info][CRDTCallbackManager] Successfully registered new data callback for pattern: '/?gnus-account-creation-.*'
[2026-08-26 17:44:43][info][CRDTCallbackManager] Successfully registered new data callback for pattern: '^/?/bc-144/tx/[^/]+'
[2026-08-26 17:44:43][info][CRDTCallbackManager] Successfully registered deleted data callback for pattern: '^/?/bc-144/tx/[^/]+'
[2026-08-26 17:44:43][info][CRDTCallbackManager] Successfully registered new data callback for pattern: '^/?/bc-963/tx/[^/]+'
[2026-08-26 17:44:43][info][CRDTCallbackManager] Successfully registered deleted data callback for pattern: '^/?/bc-963/tx/[^/]+'
[2026-08-26 17:44:43][info][CRDTCallbackManager] Successfully registered new data callback for pattern: '^/?/bc-369/tx/[^/]+'
[2026-08-26 17:44:43][info][CRDTCallbackManager] Successfully registered deleted data callback for pattern: '^/?/bc-369/tx/[^/]+'
[2026-08-26 17:44:43][info][KeyPairFileStorage] Path to keypairs multi_node_finality_fault/restart-mint-validator-three/keypair
[2026-08-26 17:44:43][info][KeyPairFileStorage] Peer ID from public key: 12D3KooWMyeVYVFrxcX4fQDC5TLMPMVeSa23qZyBhyCHNEPxTuRh
Current limits: 16384 (soft), 9223372036854775807 (hard)
New limits set successfully: 16384 (soft), 9223372036854775807 (hard)
Initialized relay addresses
[2026-08-26 17:44:43.854652000][th:85113220][info] GossipPubSub /ip4/0.0.0.0/tcp/54623/p2p/12D3KooWMyeVYVFrxcX4fQDC5TLMPMVeSa23qZyBhyCHNEPxTuRh: Starting PubSub service
[2026-08-26 17:44:43.854705000][th:85114285][info] GossipPubSub Starting address monitoring system for mobile network changes
[2026-08-26 17:44:43.854708000][th:85114285][info] GossipPubSub === CURRENT NETWORK STATE ===
[2026-08-26 17:44:43.854716000][th:85114285][info] GossipPubSub Primary listening address: /ip4/0.0.0.0/tcp/54623/p2p/12D3KooWMyeVYVFrxcX4fQDC5TLMPMVeSa23qZyBhyCHNEPxTuRh
[2026-08-26 17:44:43.854718000][th:85114285][info] GossipPubSub Host peer info addresses (0):
[2026-08-26 17:44:43.854720000][th:85114285][info] GossipPubSub Additional addresses we track (0):
[2026-08-26 17:44:43.854722000][th:85114285][info] GossipPubSub Listening addresses (1):
[2026-08-26 17:44:43.854724000][th:85114285][info] GossipPubSub   -> /ip4/0.0.0.0/tcp/54623/p2p/12D3KooWMyeVYVFrxcX4fQDC5TLMPMVeSa23qZyBhyCHNEPxTuRh
[2026-08-26 17:44:43.854725000][th:85114285][info] GossipPubSub Interface addresses (0):
[2026-08-26 17:44:43.854727000][th:85114285][info] GossipPubSub === RAW OBSERVED ADDRESS DEBUG ===
[2026-08-26 17:44:43.854730000][th:85114285][info] GossipPubSub Local address: /ip4/0.0.0.0/tcp/54623/p2p/12D3KooWMyeVYVFrxcX4fQDC5TLMPMVeSa23qZyBhyCHNEPxTuRh -> 0 raw observed, 0 activated+confirmed
[2026-08-26 17:44:43.854732000][th:85114285][info] GossipPubSub TOTAL: 0 raw observed addresses, 0 activated+confirmed addresses
[2026-08-26 17:44:43.854733000][th:85114285][info] GossipPubSub === END RAW OBSERVED ADDRESS DEBUG ===
[2026-08-26 17:44:43.854735000][th:85114285][info] GossipPubSub Observed addresses - all (0):
[2026-08-26 17:44:43.854737000][th:85114285][info] GossipPubSub Observed addresses - confirmed only (0):
[2026-08-26 17:44:43.854738000][th:85114285][info] GossipPubSub Relay addresses (0):
[2026-08-26 17:44:43.854741000][th:85114285][warning] GossipPubSub Failed to get addresses from peer repository: not found
[2026-08-26 17:44:43.854776000][th:85114285][info] GossipPubSub Found 1 valid network interfaces
[2026-08-26 17:44:43.854778000][th:85114285][info] GossipPubSub Current network interfaces (1):
[2026-08-26 17:44:43.854779000][th:85114285][info] GossipPubSub   -> 192.168.1.6
[2026-08-26 17:44:43.854781000][th:85114285][info] GossipPubSub Active connections: 0
[2026-08-26 17:44:43.854783000][th:85114285][info] GossipPubSub === PEER CONNECTION DETAILS ===
[2026-08-26 17:44:43.854784000][th:85114285][info] GossipPubSub NOTE: Observed addresses need to be seen by 4+ different peer groups to become 'activated'
[2026-08-26 17:44:43.854786000][th:85114285][info] GossipPubSub NOTE: Current connections: 0, so max possible observers: 0
[2026-08-26 17:44:43.854788000][th:85114285][info] GossipPubSub === END PEER CONNECTION DETAILS ===
[2026-08-26 17:44:43.854789000][th:85114285][info] GossipPubSub Connection manager stats:
[2026-08-26 17:44:43.854791000][th:85114285][info] GossipPubSub   -> Max connections: 1000
[2026-08-26 17:44:43.854793000][th:85114285][info] GossipPubSub   -> Current connections: 0
[2026-08-26 17:44:43.854794000][th:85114285][info] GossipPubSub === END NETWORK STATE ===
[2026-08-26 17:44:43.854936000][th:85114285][info] GossipPubSub /ip4/0.0.0.0/tcp/54623/p2p/12D3KooWMyeVYVFrxcX4fQDC5TLMPMVeSa23qZyBhyCHNEPxTuRh : PubSub service started
[2026-08-26 17:44:43][info][GlobalDB] Opening database /Users/henriqueklein/gnus/SuperGenius/multi_node_finality_fault/restart-mint-validator-three/rocksdb
[2026-08-26 17:44:43][debug][GraphsyncDAGSyncer] GraphSyncer created 5536573336 
[2026-08-26 17:44:43][info][CrdtDatastore] crdt Datastore created. Number of heads: 0 Current max-height: 0
[2026-08-26 17:44:43][info][GeniusAccount] Secure storage ID path: /Users/henriqueklein/gnus/SuperGenius/multi_node_finality_fault/restart-mint-validator-three/account/secure_storage_id
[2026-08-26 17:44:43][error][GeniusAccount] Could not find existing Genius address, generating one from a random mnemonic
[2026-08-26 17:44:43][warning][UTXOManager] Found UTXOs in storage, but there were none
[2026-08-26 17:44:43][info][Blockchain] [40686f88] Blockchain instance created with authorized full node: 8a33bdf1
[2026-08-26 17:44:43][error][ValidatorRegistry] InitializeCache: registry content not found during cache init
[2026-08-26 17:44:43][info][CRDTCallbackManager] Successfully registered new data callback for pattern: '/?gnus-validator-registry'
[2026-08-26 17:44:43][info][ValidatorRegistry] RegisterFilter: result=true
[2026-08-26 17:44:43][info][ValidatorRegistry] New: instance ready
[2026-08-26 17:44:43.896205000][th:85114285][info] GossipPubSub /ip4/0.0.0.0/tcp/54623/p2p/12D3KooWMyeVYVFrxcX4fQDC5TLMPMVeSa23qZyBhyCHNEPxTuRh: PubSub subscribed to topic 'gnus-validator-registry.3.7.144'
[2026-08-26 17:44:43][info][CRDTCallbackManager] Successfully registered new data callback for pattern: '^/?cert/[^/]+'
[2026-08-26 17:44:43.896227000][th:85114285][info] GossipPubSub /ip4/0.0.0.0/tcp/54623/p2p/12D3KooWMyeVYVFrxcX4fQDC5TLMPMVeSa23qZyBhyCHNEPxTuRh: PubSub subscribed to topic 'consensus-channel-.3.7.144'
[2026-08-26 17:44:43][warning][Blockchain] [40686f88] Failed to request validator registry during blockchain init
[2026-08-26 17:44:43.896246000][th:85114285][info] GossipPubSub /ip4/0.0.0.0/tcp/54623/p2p/12D3KooWMyeVYVFrxcX4fQDC5TLMPMVeSa23qZyBhyCHNEPxTuRh: PubSub subscribed to topic 'consensus-channel-.3.7.144#datastore.3.7.144'
[2026-08-26 17:44:43][info][CRDTCallbackManager] Successfully registered new data callback for pattern: '/?gnus-genesis-block'
[2026-08-26 17:44:43][info][CRDTCallbackManager] Successfully registered new data callback for pattern: '/?gnus-account-creation-.*'
[2026-08-26 17:44:43][info][CRDTCallbackManager] Successfully registered new data callback for pattern: '^/?/bc-144/tx/[^/]+'
[2026-08-26 17:44:43][info][CRDTCallbackManager] Successfully registered deleted data callback for pattern: '^/?/bc-144/tx/[^/]+'
[2026-08-26 17:44:43][info][CRDTCallbackManager] Successfully registered new data callback for pattern: '^/?/bc-963/tx/[^/]+'
[2026-08-26 17:44:43][info][CRDTCallbackManager] Successfully registered deleted data callback for pattern: '^/?/bc-963/tx/[^/]+'
[2026-08-26 17:44:43][info][CRDTCallbackManager] Successfully registered new data callback for pattern: '^/?/bc-369/tx/[^/]+'
[2026-08-26 17:44:43][info][CRDTCallbackManager] Successfully registered deleted data callback for pattern: '^/?/bc-369/tx/[^/]+'
[2026-08-26 17:44:43][info][KeyPairFileStorage] Path to keypairs multi_node_finality_fault/restart-mint-passive/keypair
[2026-08-26 17:44:43][info][KeyPairFileStorage] Peer ID from public key: 12D3KooWHUd93GJJreecTtVhCqAZp2e1zpqm2s755zwSTpF6mv3e
Current limits: 16384 (soft), 9223372036854775807 (hard)
New limits set successfully: 16384 (soft), 9223372036854775807 (hard)
Initialized relay addresses
[2026-08-26 17:44:43.897770000][th:85113220][info] GossipPubSub /ip4/0.0.0.0/tcp/54624/p2p/12D3KooWHUd93GJJreecTtVhCqAZp2e1zpqm2s755zwSTpF6mv3e: Starting PubSub service
[2026-08-26 17:44:43.897828000][th:85114307][info] GossipPubSub Starting address monitoring system for mobile network changes
[2026-08-26 17:44:43.897832000][th:85114307][info] GossipPubSub === CURRENT NETWORK STATE ===
[2026-08-26 17:44:43.897840000][th:85114307][info] GossipPubSub Primary listening address: /ip4/0.0.0.0/tcp/54624/p2p/12D3KooWHUd93GJJreecTtVhCqAZp2e1zpqm2s755zwSTpF6mv3e
[2026-08-26 17:44:43.897842000][th:85114307][info] GossipPubSub Host peer info addresses (0):
[2026-08-26 17:44:43.897844000][th:85114307][info] GossipPubSub Additional addresses we track (0):
[2026-08-26 17:44:43.897845000][th:85114307][info] GossipPubSub Listening addresses (1):
[2026-08-26 17:44:43.897847000][th:85114307][info] GossipPubSub   -> /ip4/0.0.0.0/tcp/54624/p2p/12D3KooWHUd93GJJreecTtVhCqAZp2e1zpqm2s755zwSTpF6mv3e
[2026-08-26 17:44:43.897849000][th:85114307][info] GossipPubSub Interface addresses (0):
[2026-08-26 17:44:43.897850000][th:85114307][info] GossipPubSub === RAW OBSERVED ADDRESS DEBUG ===
[2026-08-26 17:44:43.897853000][th:85114307][info] GossipPubSub Local address: /ip4/0.0.0.0/tcp/54624/p2p/12D3KooWHUd93GJJreecTtVhCqAZp2e1zpqm2s755zwSTpF6mv3e -> 0 raw observed, 0 activated+confirmed
[2026-08-26 17:44:43.897854000][th:85114307][info] GossipPubSub TOTAL: 0 raw observed addresses, 0 activated+confirmed addresses
[2026-08-26 17:44:43.897856000][th:85114307][info] GossipPubSub === END RAW OBSERVED ADDRESS DEBUG ===
[2026-08-26 17:44:43.897857000][th:85114307][info] GossipPubSub Observed addresses - all (0):
[2026-08-26 17:44:43.897859000][th:85114307][info] GossipPubSub Observed addresses - confirmed only (0):
[2026-08-26 17:44:43.897860000][th:85114307][info] GossipPubSub Relay addresses (0):
[2026-08-26 17:44:43.897862000][th:85114307][warning] GossipPubSub Failed to get addresses from peer repository: not found
[2026-08-26 17:44:43.897896000][th:85114307][info] GossipPubSub Found 1 valid network interfaces
[2026-08-26 17:44:43.897898000][th:85114307][info] GossipPubSub Current network interfaces (1):
[2026-08-26 17:44:43.897899000][th:85114307][info] GossipPubSub   -> 192.168.1.6
[2026-08-26 17:44:43.897901000][th:85114307][info] GossipPubSub Active connections: 0
[2026-08-26 17:44:43.897903000][th:85114307][info] GossipPubSub === PEER CONNECTION DETAILS ===
[2026-08-26 17:44:43.897904000][th:85114307][info] GossipPubSub NOTE: Observed addresses need to be seen by 4+ different peer groups to become 'activated'
[2026-08-26 17:44:43.897906000][th:85114307][info] GossipPubSub NOTE: Current connections: 0, so max possible observers: 0
[2026-08-26 17:44:43.897907000][th:85114307][info] GossipPubSub === END PEER CONNECTION DETAILS ===
[2026-08-26 17:44:43.897909000][th:85114307][info] GossipPubSub Connection manager stats:
[2026-08-26 17:44:43.897911000][th:85114307][info] GossipPubSub   -> Max connections: 1000
[2026-08-26 17:44:43.897912000][th:85114307][info] GossipPubSub   -> Current connections: 0
[2026-08-26 17:44:43.897914000][th:85114307][info] GossipPubSub === END NETWORK STATE ===
[2026-08-26 17:44:43.898051000][th:85114307][info] GossipPubSub /ip4/0.0.0.0/tcp/54624/p2p/12D3KooWHUd93GJJreecTtVhCqAZp2e1zpqm2s755zwSTpF6mv3e : PubSub service started
[2026-08-26 17:44:43][info][GlobalDB] Opening database /Users/henriqueklein/gnus/SuperGenius/multi_node_finality_fault/restart-mint-passive/rocksdb
[2026-08-26 17:44:43][debug][GraphsyncDAGSyncer] GraphSyncer created 5526261560 
[2026-08-26 17:44:43][info][CrdtDatastore] crdt Datastore created. Number of heads: 0 Current max-height: 0
[2026-08-26 17:44:43][info][GeniusAccount] Secure storage ID path: /Users/henriqueklein/gnus/SuperGenius/multi_node_finality_fault/restart-mint-passive/account/secure_storage_id
[2026-08-26 17:44:43][error][GeniusAccount] Could not find existing Genius address, generating one from a random mnemonic
[2026-08-26 17:44:43][warning][UTXOManager] Found UTXOs in storage, but there were none
[2026-08-26 17:44:43][info][Blockchain] [16d2d649] Blockchain instance created with authorized full node: 8a33bdf1
[2026-08-26 17:44:43][error][ValidatorRegistry] InitializeCache: registry content not found during cache init
[2026-08-26 17:44:43][info][CRDTCallbackManager] Successfully registered new data callback for pattern: '/?gnus-validator-registry'
[2026-08-26 17:44:43][info][ValidatorRegistry] RegisterFilter: result=true
[2026-08-26 17:44:43][info][ValidatorRegistry] New: instance ready
[2026-08-26 17:44:43.937264000][th:85114307][info] GossipPubSub /ip4/0.0.0.0/tcp/54624/p2p/12D3KooWHUd93GJJreecTtVhCqAZp2e1zpqm2s755zwSTpF6mv3e: PubSub subscribed to topic 'gnus-validator-registry.3.7.144'
[2026-08-26 17:44:43][info][CRDTCallbackManager] Successfully registered new data callback for pattern: '^/?cert/[^/]+'
[2026-08-26 17:44:43.937285000][th:85114307][info] GossipPubSub /ip4/0.0.0.0/tcp/54624/p2p/12D3KooWHUd93GJJreecTtVhCqAZp2e1zpqm2s755zwSTpF6mv3e: PubSub subscribed to topic 'consensus-channel-.3.7.144'
[2026-08-26 17:44:43][warning][Blockchain] [16d2d649] Failed to request validator registry during blockchain init
[2026-08-26 17:44:43][info][CRDTCallbackManager] Successfully registered new data callback for pattern: '/?gnus-genesis-block'
[2026-08-26 17:44:43.937303000][th:85114307][info] GossipPubSub /ip4/0.0.0.0/tcp/54624/p2p/12D3KooWHUd93GJJreecTtVhCqAZp2e1zpqm2s755zwSTpF6mv3e: PubSub subscribed to topic 'consensus-channel-.3.7.144#datastore.3.7.144'
[2026-08-26 17:44:43][info][CRDTCallbackManager] Successfully registered new data callback for pattern: '/?gnus-account-creation-.*'
[2026-08-26 17:44:43][info][CRDTCallbackManager] Successfully registered new data callback for pattern: '^/?/bc-144/tx/[^/]+'
[2026-08-26 17:44:43][info][CRDTCallbackManager] Successfully registered deleted data callback for pattern: '^/?/bc-144/tx/[^/]+'
[2026-08-26 17:44:43][info][CRDTCallbackManager] Successfully registered new data callback for pattern: '^/?/bc-963/tx/[^/]+'
[2026-08-26 17:44:43][info][CRDTCallbackManager] Successfully registered deleted data callback for pattern: '^/?/bc-963/tx/[^/]+'
[2026-08-26 17:44:43][info][CRDTCallbackManager] Successfully registered new data callback for pattern: '^/?/bc-369/tx/[^/]+'
[2026-08-26 17:44:43][info][CRDTCallbackManager] Successfully registered deleted data callback for pattern: '^/?/bc-369/tx/[^/]+'
[2026-08-26 17:44:43][info][CrdtDatastore] Topics { name="gnus-validator-registry" }
[2026-08-26 17:44:43][info][CRDTCallbackManager] Executing callback for key '/gnus-validator-registry' matching pattern '/?gnus-validator-registry'
[2026-08-26 17:44:43][info][ValidatorRegistry] RegistryUpdateReceived: cache updated and initialized
[2026-08-26 17:44:43][debug][GraphsyncDAGSyncer] addNode: Added node QmY4vMGAtvwqPy6vFkg846YT5Z2fvVG1SxixucZkpLEuuE on dagService 
[2026-08-26 17:44:43][info][ValidatorRegistry] StoreRegistryUpdate: stored registry update CID QmY4vMGAtvwqPy6vFkg846YT5Z2fvVG1SxixucZkpLEuuE
[2026-08-26 17:44:43][info][ValidatorRegistry] StoreRegistryUpdate: success
[2026-08-26 17:44:43][info][CrdtDatastore] Topics { name="gnus-validator-registry" }
[2026-08-26 17:44:43][info][CRDTCallbackManager] Executing callback for key '/gnus-validator-registry' matching pattern '/?gnus-validator-registry'
[2026-08-26 17:44:43][info][ValidatorRegistry] RegistryUpdateReceived: cache updated and initialized
[2026-08-26 17:44:43][debug][GraphsyncDAGSyncer] addNode: Added node QmY4vMGAtvwqPy6vFkg846YT5Z2fvVG1SxixucZkpLEuuE on dagService 
[2026-08-26 17:44:43][info][ValidatorRegistry] StoreRegistryUpdate: stored registry update CID QmY4vMGAtvwqPy6vFkg846YT5Z2fvVG1SxixucZkpLEuuE
[2026-08-26 17:44:43][info][ValidatorRegistry] StoreRegistryUpdate: success
[2026-08-26 17:44:43][info][CrdtDatastore] Topics { name="gnus-validator-registry" }
[2026-08-26 17:44:43][info][CRDTCallbackManager] Executing callback for key '/gnus-validator-registry' matching pattern '/?gnus-validator-registry'
[2026-08-26 17:44:43][info][ValidatorRegistry] RegistryUpdateReceived: cache updated and initialized
[2026-08-26 17:44:43][debug][GraphsyncDAGSyncer] addNode: Added node QmY4vMGAtvwqPy6vFkg846YT5Z2fvVG1SxixucZkpLEuuE on dagService 
[2026-08-26 17:44:43][info][ValidatorRegistry] StoreRegistryUpdate: stored registry update CID QmY4vMGAtvwqPy6vFkg846YT5Z2fvVG1SxixucZkpLEuuE
[2026-08-26 17:44:43][info][ValidatorRegistry] StoreRegistryUpdate: success
[2026-08-26 17:44:43][info][CrdtDatastore] Topics { name="gnus-validator-registry" }
[2026-08-26 17:44:43][info][CRDTCallbackManager] Executing callback for key '/gnus-validator-registry' matching pattern '/?gnus-validator-registry'
[2026-08-26 17:44:43][info][ValidatorRegistry] RegistryUpdateReceived: cache updated and initialized
[2026-08-26 17:44:43][debug][GraphsyncDAGSyncer] addNode: Added node QmY4vMGAtvwqPy6vFkg846YT5Z2fvVG1SxixucZkpLEuuE on dagService 
[2026-08-26 17:44:43][info][ValidatorRegistry] StoreRegistryUpdate: stored registry update CID QmY4vMGAtvwqPy6vFkg846YT5Z2fvVG1SxixucZkpLEuuE
[2026-08-26 17:44:43][info][ValidatorRegistry] StoreRegistryUpdate: success
[2026-08-26 17:44:43.985469000][th:85114238][info] GossipPubSub Adding new peer: 12D3KooWQRsoW9KLRQDPQZ7rVCPUqkQ7Q9iyh3ApF1ejpET5kdgE
[2026-08-26 17:44:43.985528000][th:85114238][info] GossipPubSub Adding new peer: 12D3KooWMyeVYVFrxcX4fQDC5TLMPMVeSa23qZyBhyCHNEPxTuRh
[2026-08-26 17:44:43.985573000][th:85114238][info] GossipPubSub Adding new peer: 12D3KooWHUd93GJJreecTtVhCqAZp2e1zpqm2s755zwSTpF6mv3e
[2026-08-26 17:44:43.985589000][th:85114260][info] GossipPubSub Adding new peer: 12D3KooWJefZJfa7vdiRjGupx6o5eBmV17K7iTQ61ASQNXnsAwrm
[2026-08-26 17:44:43.985645000][th:85114260][info] GossipPubSub Adding new peer: 12D3KooWMyeVYVFrxcX4fQDC5TLMPMVeSa23qZyBhyCHNEPxTuRh
[2026-08-26 17:44:43.985695000][th:85114260][info] GossipPubSub Adding new peer: 12D3KooWHUd93GJJreecTtVhCqAZp2e1zpqm2s755zwSTpF6mv3e
[2026-08-26 17:44:43.985728000][th:85114285][info] GossipPubSub Adding new peer: 12D3KooWJefZJfa7vdiRjGupx6o5eBmV17K7iTQ61ASQNXnsAwrm
[2026-08-26 17:44:43.985772000][th:85114285][info] GossipPubSub Adding new peer: 12D3KooWQRsoW9KLRQDPQZ7rVCPUqkQ7Q9iyh3ApF1ejpET5kdgE
[2026-08-26 17:44:43.985807000][th:85114307][info] GossipPubSub Adding new peer: 12D3KooWJefZJfa7vdiRjGupx6o5eBmV17K7iTQ61ASQNXnsAwrm
[2026-08-26 17:44:43.985813000][th:85114285][info] GossipPubSub Adding new peer: 12D3KooWHUd93GJJreecTtVhCqAZp2e1zpqm2s755zwSTpF6mv3e
[2026-08-26 17:44:43.985845000][th:85114307][info] GossipPubSub Adding new peer: 12D3KooWQRsoW9KLRQDPQZ7rVCPUqkQ7Q9iyh3ApF1ejpET5kdgE
[2026-08-26 17:44:43.985883000][th:85114307][info] GossipPubSub Adding new peer: 12D3KooWMyeVYVFrxcX4fQDC5TLMPMVeSa23qZyBhyCHNEPxTuRh
[2026-08-26 17:44:44][info][TransactionManager] [bb6f0197 - full: false] ChangeTransactionState: Temp tracking entry created tx=cb1479ccba8f27d3b3cb4510ddef8f2e8aa755c98d363e19dc0cecbcf91bdbe6
[2026-08-26 17:44:44][info][TransactionManager] [16d2d649 - full: false] ChangeTransactionState: Temp tracking entry created tx=cb1479ccba8f27d3b3cb4510ddef8f2e8aa755c98d363e19dc0cecbcf91bdbe6
[2026-08-26 17:44:44][info][TransactionManager] [c613e879 - full: false] ChangeTransactionState: Temp tracking entry created tx=cb1479ccba8f27d3b3cb4510ddef8f2e8aa755c98d363e19dc0cecbcf91bdbe6
[2026-08-26 17:44:44][info][TransactionManager] [40686f88 - full: false] ChangeTransactionState: Temp tracking entry created tx=cb1479ccba8f27d3b3cb4510ddef8f2e8aa755c98d363e19dc0cecbcf91bdbe6
[2026-08-26 17:44:46][error][ConsensusManager] HandleVote: ignored: proposal has not won frozen slot arbitration proposal_id=758d323a
[2026-08-26 17:44:46][error][ConsensusManager] HandleVote: ignored: proposal has not won frozen slot arbitration proposal_id=758d323a
[2026-08-26 17:44:46][error][ConsensusManager] HandleVote: ignored: proposal has not won frozen slot arbitration proposal_id=758d323a
[2026-08-26 17:44:46][error][ConsensusManager] HandleVote: ignored: proposal has not won frozen slot arbitration proposal_id=758d323a
[2026-08-26 17:44:48][info][CrdtDatastore] Topics { name="consensus-channel-.3.7.144#datastore" }
[2026-08-26 17:44:48][info][CRDTCallbackManager] Executing callback for key '/cert/mint-v2:test:0000000000000000000000000000000000000000000000000000000000000000:42:bb6f0197046e2ba943eed2ba6172d8dbfbfd9d86768df27f88f5ad4c83f701b79de010bc8e86439f5867321789c8650fc4bdf809654aa844a1c62b2bf19deb49:cccccccccccccccccccccccccccccccccccccccccccccccccccccccccccccccc' matching pattern '^/?cert/[^/]+'
[2026-08-26 17:44:48][debug][GraphsyncDAGSyncer] addNode: Added node QmWbLrg6MiAuPZgFGwtNTaXsfTRuBjmhuEKRmr6A38w27P on dagService 
[2026-08-26 17:44:48][info][UTXOManager] Stored 1 UTXOs for address bb6f0197046e2ba943eed2ba6172d8dbfbfd9d86768df27f88f5ad4c83f701b79de010bc8e86439f5867321789c8650fc4bdf809654aa844a1c62b2bf19deb49
[2026-08-26 17:44:48][info][UTXOManager] Stored 2 UTXOs for address bb6f0197046e2ba943eed2ba6172d8dbfbfd9d86768df27f88f5ad4c83f701b79de010bc8e86439f5867321789c8650fc4bdf809654aa844a1c62b2bf19deb49
[2026-08-26 17:44:48][info][TransactionManager] [bb6f0197 - full: false] Created tokens (mint-v2), amount 42 balance 42
[2026-08-26 17:44:48][info][Blockchain] [bb6f0197] Stopping blockchain
[2026-08-26 17:44:48][error][TransactionManager] [bb6f0197 - full: false] OnConsensusCertificate: Failed to change transaction state to CONFIRMED for hash cb1479ccba8f27d3b3cb4510ddef8f2e8aa755c98d363e19dc0cecbcf91bdbe6: Operation canceled
[2026-08-26 17:44:48][error][TransactionManager] [bb6f0197 - full: false] Failed to process certificate proposal_id=758d323a9ae79ceb8774c23c38495d26c13e0d577d6e1deaae3d715b5d626673 error=Operation canceled
[2026-08-26 17:44:48][info][CRDTCallbackManager] Successfully unregistered new data callback for pattern: '^/?/bc-144/tx/[^/]+'
[2026-08-26 17:44:48][info][CRDTCallbackManager] Successfully unregistered deleted data callback for pattern: '^/?/bc-144/tx/[^/]+'
[2026-08-26 17:44:48][info][CRDTCallbackManager] Successfully unregistered new data callback for pattern: '^/?/bc-963/tx/[^/]+'
[2026-08-26 17:44:48][info][CRDTCallbackManager] Successfully unregistered deleted data callback for pattern: '^/?/bc-963/tx/[^/]+'
[2026-08-26 17:44:48][info][CRDTCallbackManager] Successfully unregistered new data callback for pattern: '^/?/bc-369/tx/[^/]+'
[2026-08-26 17:44:48][info][CRDTCallbackManager] Successfully unregistered deleted data callback for pattern: '^/?/bc-369/tx/[^/]+'
[2026-08-26 17:44:48][info][TransactionManager] [bb6f0197 - full: false] ~TransactionManager: Metrics — cert_fallback(success=0 failure=0) validation(approve=1 reject=0) tracking(insert=1 confirm=0 fail=0)
[2026-08-26 17:44:48][info][CRDTCallbackManager] Successfully unregistered new data callback for pattern: '/?gnus-genesis-block'
[2026-08-26 17:44:48][info][CRDTCallbackManager] Successfully unregistered new data callback for pattern: '/?gnus-account-creation-.*'
[2026-08-26 17:44:48][info][CRDTCallbackManager] Successfully unregistered new data callback for pattern: '/?gnus-validator-registry'
[2026-08-26 17:44:48.461864000][th:85114238][error] GossipPubSub Address monitoring timer error: Operation canceled
[2026-08-26 17:44:48][error][PubSubBroadcasterExt] No message to process
[2026-08-26 17:44:48][error][PubSubBroadcasterExt] No message to process
[2026-08-26 17:44:48][info][CrdtDatastore] Topics { name="consensus-channel-.3.7.144#datastore" }
[2026-08-26 17:44:48][info][CRDTCallbackManager] Executing callback for key '/cert/mint-v2:test:0000000000000000000000000000000000000000000000000000000000000000:42:bb6f0197046e2ba943eed2ba6172d8dbfbfd9d86768df27f88f5ad4c83f701b79de010bc8e86439f5867321789c8650fc4bdf809654aa844a1c62b2bf19deb49:cccccccccccccccccccccccccccccccccccccccccccccccccccccccccccccccc' matching pattern '^/?cert/[^/]+'
[2026-08-26 17:44:48][debug][GraphsyncDAGSyncer] addNode: Added node QmSrkUGiaDgaw79MYRVgVBa7ECwLSvsA5CE2sjrCtdBgBY on dagService 
[2026-08-26 17:44:48][info][UTXOManager] Stored 1 UTXOs for address bb6f0197046e2ba943eed2ba6172d8dbfbfd9d86768df27f88f5ad4c83f701b79de010bc8e86439f5867321789c8650fc4bdf809654aa844a1c62b2bf19deb49
[2026-08-26 17:44:48][info][UTXOManager] Stored 2 UTXOs for address bb6f0197046e2ba943eed2ba6172d8dbfbfd9d86768df27f88f5ad4c83f701b79de010bc8e86439f5867321789c8650fc4bdf809654aa844a1c62b2bf19deb49
[2026-08-26 17:44:48][info][TransactionManager] [c613e879 - full: false] Created tokens (mint-v2), amount 42 balance 0
[2026-08-26 17:44:48][info][TransactionManager] [c613e879 - full: false] ChangeTransactionState: Tracking entry confirmed tx=cb1479ccba8f27d3b3cb4510ddef8f2e8aa755c98d363e19dc0cecbcf91bdbe6
[2026-08-26 17:44:48][debug][GraphsyncDAGSyncer] Registered new peer 12D3KooWQRsoW9KLRQDPQZ7rVCPUqkQ7Q9iyh3ApF1ejpET5kdgE with key 0
[2026-08-26 17:44:48][debug][GraphsyncDAGSyncer] Registered new peer 12D3KooWQRsoW9KLRQDPQZ7rVCPUqkQ7Q9iyh3ApF1ejpET5kdgE with key 0
[2026-08-26 17:44:48][debug][GraphsyncDAGSyncer] Added route for CID QmSrkUGiaDgaw79MYRVgVBa7ECwLSvsA5CE2sjrCtdBgBY to peer 12D3KooWQRsoW9KLRQDPQZ7rVCPUqkQ7Q9iyh3ApF1ejpET5kdgE (key 0, route_count=1)
[2026-08-26 17:44:48][debug][GraphsyncDAGSyncer] Added route for CID QmSrkUGiaDgaw79MYRVgVBa7ECwLSvsA5CE2sjrCtdBgBY to peer 12D3KooWQRsoW9KLRQDPQZ7rVCPUqkQ7Q9iyh3ApF1ejpET5kdgE (key 0, route_count=1)
[2026-08-26 17:44:48][info][UTXOManager] Created checkpoint owner=c613e8795b14c23fc8458a82f29dade61f2d69e7205da9a347f301d07cf14a1c3c84f95f8f976b5bbbadb2279f9a53bf0b0a0b3874b4a30934d77d93e6f80e4b epoch=1 utxo_count=0
[2026-08-26 17:44:49][debug][GraphsyncDAGSyncer] Block initialized without content to LRU cache: CID QmSrkUGiaDgaw79MYRVgVBa7ECwLSvsA5CE2sjrCtdBgBY, cache size: 1
[2026-08-26 17:44:49][debug][GraphsyncDAGSyncer] Requesting Node QmSrkUGiaDgaw79MYRVgVBa7ECwLSvsA5CE2sjrCtdBgBY on this 5536573336
[2026-08-26 17:44:49][debug][GraphsyncDAGSyncer] Return node for CID QmSrkUGiaDgaw79MYRVgVBa7ECwLSvsA5CE2sjrCtdBgBY instance=5526386776
[2026-08-26 17:44:49.440948000][th:85114285][warning] graphsync Request 1 for CID QmSrkUGiaDgaw79MYRVgVBa7ECwLSvsA5CE2sjrCtdBgBY got RS_FULL_CONTENT but no blocks received yet
[2026-08-26 17:44:49][debug][GraphsyncDAGSyncer] request progress: code=FULL_CONTENT, extensions=(graphsync/response-metadata: 0x80) (graphsync/do-not-send-cids: 0x80) 
[2026-08-26 17:44:49][debug][GraphsyncDAGSyncer] HasBlock: false, cid: QmSrkUGiaDgaw79MYRVgVBa7ECwLSvsA5CE2sjrCtdBgBY
[2026-08-26 17:44:49][debug][GraphsyncDAGSyncer] Existing block updated in LRU cache: CID QmSrkUGiaDgaw79MYRVgVBa7ECwLSvsA5CE2sjrCtdBgBY
[2026-08-26 17:44:49][debug][GraphsyncDAGSyncer] Node added to dagService. CID: QmSrkUGiaDgaw79MYRVgVBa7ECwLSvsA5CE2sjrCtdBgBY, links: []
[2026-08-26 17:44:49][debug][GraphsyncDAGSyncer] Seeing if peer 12D3KooWQRsoW9KLRQDPQZ7rVCPUqkQ7Q9iyh3ApF1ejpET5kdgE has links to AddRoute
[2026-08-26 17:44:49][info][GraphsyncDAGSyncer] TraverseCIDsLinks: Checking links on { cid="QmSrkUGiaDgaw79MYRVgVBa7ECwLSvsA5CE2sjrCtdBgBY", name="" }
[2026-08-26 17:44:49][info][GraphsyncDAGSyncer] TraverseCIDsLinks: Completed traversal. Links to fetch: 0, Visited: 0
[2026-08-26 17:44:49][debug][GlobalDB] ~GlobalDB CALLED with count 6 on multi_node_finality_fault/restart-mint-validator-one/rocksdb 
[2026-08-26 17:44:49][info][GlobalDB] GlobalDB shutdown start
[2026-08-26 17:44:49][info][CrdtDatastore] CancelAndCloseNow: begin (pending_jobs=0, self_queue=0, root_queue=0, pending_roots=0, active_root=false)
[2026-08-26 17:44:49][debug][GraphsyncDAGSyncer] Stopping Dagsyncer
[2026-08-26 17:44:49][debug][GraphsyncDAGSyncer] Dagsyncer Stopped
[2026-08-26 17:44:49][debug][GraphsyncDAGSyncer] Block initialized without content to LRU cache: CID QmSrkUGiaDgaw79MYRVgVBa7ECwLSvsA5CE2sjrCtdBgBY, cache size: 1
[2026-08-26 17:44:49][debug][GraphsyncDAGSyncer] Requesting Node QmSrkUGiaDgaw79MYRVgVBa7ECwLSvsA5CE2sjrCtdBgBY on this 5526261560
[2026-08-26 17:44:49][debug][GraphsyncDAGSyncer] Return node for CID QmSrkUGiaDgaw79MYRVgVBa7ECwLSvsA5CE2sjrCtdBgBY instance=5526386776
[2026-08-26 17:44:49.469626000][th:85114307][warning] graphsync Request 1 for CID QmSrkUGiaDgaw79MYRVgVBa7ECwLSvsA5CE2sjrCtdBgBY got RS_FULL_CONTENT but no blocks received yet
[2026-08-26 17:44:49][debug][GraphsyncDAGSyncer] request progress: code=FULL_CONTENT, extensions=(graphsync/response-metadata: 0x80) (graphsync/do-not-send-cids: 0x80) 
[2026-08-26 17:44:49][debug][GraphsyncDAGSyncer] HasBlock: false, cid: QmSrkUGiaDgaw79MYRVgVBa7ECwLSvsA5CE2sjrCtdBgBY
[2026-08-26 17:44:49][debug][GraphsyncDAGSyncer] Existing block updated in LRU cache: CID QmSrkUGiaDgaw79MYRVgVBa7ECwLSvsA5CE2sjrCtdBgBY
[2026-08-26 17:44:49][debug][GraphsyncDAGSyncer] Node added to dagService. CID: QmSrkUGiaDgaw79MYRVgVBa7ECwLSvsA5CE2sjrCtdBgBY, links: []
[2026-08-26 17:44:49][debug][GraphsyncDAGSyncer] Seeing if peer 12D3KooWQRsoW9KLRQDPQZ7rVCPUqkQ7Q9iyh3ApF1ejpET5kdgE has links to AddRoute
[2026-08-26 17:44:49][info][GraphsyncDAGSyncer] TraverseCIDsLinks: Checking links on { cid="QmSrkUGiaDgaw79MYRVgVBa7ECwLSvsA5CE2sjrCtdBgBY", name="" }
[2026-08-26 17:44:49][info][GraphsyncDAGSyncer] TraverseCIDsLinks: Completed traversal. Links to fetch: 0, Visited: 0
[2026-08-26 17:44:49][debug][GraphsyncDAGSyncer] Return node for CID QmSrkUGiaDgaw79MYRVgVBa7ECwLSvsA5CE2sjrCtdBgBY instance=5536573336
[2026-08-26 17:44:49][info][CRDTCallbackManager] Executing callback for key '/cert/mint-v2:test:0000000000000000000000000000000000000000000000000000000000000000:42:bb6f0197046e2ba943eed2ba6172d8dbfbfd9d86768df27f88f5ad4c83f701b79de010bc8e86439f5867321789c8650fc4bdf809654aa844a1c62b2bf19deb49:cccccccccccccccccccccccccccccccccccccccccccccccccccccccccccccccc' matching pattern '^/?cert/[^/]+'
[2026-08-26 17:44:49][debug][GraphsyncDAGSyncer] addNode: Added node QmSrkUGiaDgaw79MYRVgVBa7ECwLSvsA5CE2sjrCtdBgBY on dagService 
[2026-08-26 17:44:49][debug][GraphsyncDAGSyncer] Block removed from LRU cache: CID QmSrkUGiaDgaw79MYRVgVBa7ECwLSvsA5CE2sjrCtdBgBY
[2026-08-26 17:44:49][debug][GraphsyncDAGSyncer] Return node for CID QmSrkUGiaDgaw79MYRVgVBa7ECwLSvsA5CE2sjrCtdBgBY instance=5526261560
[2026-08-26 17:44:49][info][CRDTCallbackManager] Executing callback for key '/cert/mint-v2:test:0000000000000000000000000000000000000000000000000000000000000000:42:bb6f0197046e2ba943eed2ba6172d8dbfbfd9d86768df27f88f5ad4c83f701b79de010bc8e86439f5867321789c8650fc4bdf809654aa844a1c62b2bf19deb49:cccccccccccccccccccccccccccccccccccccccccccccccccccccccccccccccc' matching pattern '^/?cert/[^/]+'
[2026-08-26 17:44:49][debug][GraphsyncDAGSyncer] addNode: Added node QmSrkUGiaDgaw79MYRVgVBa7ECwLSvsA5CE2sjrCtdBgBY on dagService 
[2026-08-26 17:44:49][debug][GraphsyncDAGSyncer] Block removed from LRU cache: CID QmSrkUGiaDgaw79MYRVgVBa7ECwLSvsA5CE2sjrCtdBgBY
[2026-08-26 17:44:49][info][CrdtDatastore] CancelAndCloseNow: CRDT workers stopped
[2026-08-26 17:44:49][warning][CrdtDatastore] CancelAndCloseNow called but shutdown has already started
[2026-08-26 17:44:49][debug][GraphsyncDAGSyncer] ~GraphsyncDAGSyncer CALLED
[2026-08-26 17:44:49][info][GlobalDB] GlobalDB shutdown finished
[2026-08-26 17:44:49][info][KeyPairFileStorage] Path to keypairs multi_node_finality_fault/restart-mint-validator-one/keypair
[2026-08-26 17:44:49][info][KeyPairFileStorage] Peer ID from public key: 12D3KooWJefZJfa7vdiRjGupx6o5eBmV17K7iTQ61ASQNXnsAwrm
Current limits: 16384 (soft), 9223372036854775807 (hard)
New limits set successfully: 16384 (soft), 9223372036854775807 (hard)
Initialized relay addresses
[2026-08-26 17:44:49.854025000][th:85113220][info] GossipPubSub /ip4/0.0.0.0/tcp/54621/p2p/12D3KooWJefZJfa7vdiRjGupx6o5eBmV17K7iTQ61ASQNXnsAwrm: Starting PubSub service
[2026-08-26 17:44:49.854347000][th:85114398][info] GossipPubSub Starting address monitoring system for mobile network changes
[2026-08-26 17:44:49.854422000][th:85114398][info] GossipPubSub === CURRENT NETWORK STATE ===
[2026-08-26 17:44:49.854459000][th:85114398][info] GossipPubSub Primary listening address: /ip4/0.0.0.0/tcp/54621/p2p/12D3KooWJefZJfa7vdiRjGupx6o5eBmV17K7iTQ61ASQNXnsAwrm
[2026-08-26 17:44:49.854465000][th:85114398][info] GossipPubSub Host peer info addresses (0):
[2026-08-26 17:44:49.854471000][th:85114398][info] GossipPubSub Additional addresses we track (0):
[2026-08-26 17:44:49.854476000][th:85114398][info] GossipPubSub Listening addresses (1):
[2026-08-26 17:44:49.854480000][th:85114398][info] GossipPubSub   -> /ip4/0.0.0.0/tcp/54621/p2p/12D3KooWJefZJfa7vdiRjGupx6o5eBmV17K7iTQ61ASQNXnsAwrm
[2026-08-26 17:44:49.854485000][th:85114398][info] GossipPubSub Interface addresses (0):
[2026-08-26 17:44:49.854488000][th:85114398][info] GossipPubSub === RAW OBSERVED ADDRESS DEBUG ===
[2026-08-26 17:44:49.854495000][th:85114398][info] GossipPubSub Local address: /ip4/0.0.0.0/tcp/54621/p2p/12D3KooWJefZJfa7vdiRjGupx6o5eBmV17K7iTQ61ASQNXnsAwrm -> 0 raw observed, 0 activated+confirmed
[2026-08-26 17:44:49.854499000][th:85114398][info] GossipPubSub TOTAL: 0 raw observed addresses, 0 activated+confirmed addresses
[2026-08-26 17:44:49.854502000][th:85114398][info] GossipPubSub === END RAW OBSERVED ADDRESS DEBUG ===
[2026-08-26 17:44:49.854506000][th:85114398][info] GossipPubSub Observed addresses - all (0):
[2026-08-26 17:44:49.854509000][th:85114398][info] GossipPubSub Observed addresses - confirmed only (0):
[2026-08-26 17:44:49.854513000][th:85114398][info] GossipPubSub Relay addresses (0):
[2026-08-26 17:44:49.854519000][th:85114398][warning] GossipPubSub Failed to get addresses from peer repository: not found
[2026-08-26 17:44:49.854598000][th:85114398][info] GossipPubSub Found 1 valid network interfaces
[2026-08-26 17:44:49.854603000][th:85114398][info] GossipPubSub Current network interfaces (1):
[2026-08-26 17:44:49.854606000][th:85114398][info] GossipPubSub   -> 192.168.1.6
[2026-08-26 17:44:49.854610000][th:85114398][info] GossipPubSub Active connections: 0
[2026-08-26 17:44:49.854614000][th:85114398][info] GossipPubSub === PEER CONNECTION DETAILS ===
[2026-08-26 17:44:49.854617000][th:85114398][info] GossipPubSub NOTE: Observed addresses need to be seen by 4+ different peer groups to become 'activated'
[2026-08-26 17:44:49.854621000][th:85114398][info] GossipPubSub NOTE: Current connections: 0, so max possible observers: 0
[2026-08-26 17:44:49.854624000][th:85114398][info] GossipPubSub === END PEER CONNECTION DETAILS ===
[2026-08-26 17:44:49.854627000][th:85114398][info] GossipPubSub Connection manager stats:
[2026-08-26 17:44:49.854630000][th:85114398][info] GossipPubSub   -> Max connections: 1000
[2026-08-26 17:44:49.854634000][th:85114398][info] GossipPubSub   -> Current connections: 0
[2026-08-26 17:44:49.854637000][th:85114398][info] GossipPubSub === END NETWORK STATE ===
[2026-08-26 17:44:49.854970000][th:85114398][info] GossipPubSub /ip4/0.0.0.0/tcp/54621/p2p/12D3KooWJefZJfa7vdiRjGupx6o5eBmV17K7iTQ61ASQNXnsAwrm : PubSub service started
[2026-08-26 17:44:49][info][GlobalDB] Opening database /Users/henriqueklein/gnus/SuperGenius/multi_node_finality_fault/restart-mint-validator-one/rocksdb
[2026-08-26 17:44:49][debug][GraphsyncDAGSyncer] GraphSyncer created 5539098088 
[2026-08-26 17:44:49][info][CrdtDatastore] crdt Datastore created. Number of heads: 2 Current max-height: 18446744073709551615
[2026-08-26 17:44:49][info][GeniusAccount] Secure storage ID path: /Users/henriqueklein/gnus/SuperGenius/multi_node_finality_fault/restart-mint-validator-one/account/secure_storage_id
[2026-08-26 17:44:49][info][GeniusAccount] Loaded public key from file: bb6f0197046e2ba9... (length: 128)
[2026-08-26 17:44:49][info][GeniusAccount] Successfully loaded key_seed from storage
[2026-08-26 17:44:49][info][GeniusAccount] Validation successful: key_seed matches stored public key
[2026-08-26 17:44:49][info][Blockchain] [bb6f0197] Blockchain instance created with authorized full node: 8a33bdf1
[2026-08-26 17:44:49][info][ValidatorRegistry] InitializeCache: cache initialized with CID QmY4vMGAtvwqPy6vFkg846YT5Z2fvVG1SxixucZkpLEuuE
[2026-08-26 17:44:49][info][CRDTCallbackManager] Successfully registered new data callback for pattern: '/?gnus-validator-registry'
[2026-08-26 17:44:49][info][ValidatorRegistry] RegisterFilter: result=true
[2026-08-26 17:44:49][info][ValidatorRegistry] New: instance ready
[2026-08-26 17:44:49.878286000][th:85114398][info] GossipPubSub /ip4/0.0.0.0/tcp/54621/p2p/12D3KooWJefZJfa7vdiRjGupx6o5eBmV17K7iTQ61ASQNXnsAwrm: PubSub subscribed to topic 'gnus-validator-registry.3.7.144'
[2026-08-26 17:44:49][info][CRDTCallbackManager] Successfully registered new data callback for pattern: '^/?cert/[^/]+'
[2026-08-26 17:44:49.878320000][th:85114398][info] GossipPubSub /ip4/0.0.0.0/tcp/54621/p2p/12D3KooWJefZJfa7vdiRjGupx6o5eBmV17K7iTQ61ASQNXnsAwrm: PubSub subscribed to topic 'consensus-channel-.3.7.144'
[2026-08-26 17:44:49.878348000][th:85114398][info] GossipPubSub /ip4/0.0.0.0/tcp/54621/p2p/12D3KooWJefZJfa7vdiRjGupx6o5eBmV17K7iTQ61ASQNXnsAwrm: PubSub subscribed to topic 'consensus-channel-.3.7.144#datastore.3.7.144'
[2026-08-26 17:44:49][warning][ConsensusManager] ProcessCommittedCertificate: No subject handler for certificate with key /cert/mint-v2:test:0000000000000000000000000000000000000000000000000000000000000000:42:bb6f0197046e2ba943eed2ba6172d8dbfbfd9d86768df27f88f5ad4c83f701b79de010bc8e86439f5867321789c8650fc4bdf809654aa844a1c62b2bf19deb49:cccccccccccccccccccccccccccccccccccccccccccccccccccccccccccccccc 
[2026-08-26 17:44:49][warning][ConsensusManager] ProcessCommittedCertificate: No subject handler for certificate with key /cert/mint-v2:test:0000000000000000000000000000000000000000000000000000000000000000:42:bb6f0197046e2ba943eed2ba6172d8dbfbfd9d86768df27f88f5ad4c83f701b79de010bc8e86439f5867321789c8650fc4bdf809654aa844a1c62b2bf19deb49:cccccccccccccccccccccccccccccccccccccccccccccccccccccccccccccccc 
[2026-08-26 17:44:49][info][CRDTCallbackManager] Successfully registered new data callback for pattern: '/?gnus-genesis-block'
[2026-08-26 17:44:49][info][CRDTCallbackManager] Successfully registered new data callback for pattern: '/?gnus-account-creation-.*'
[2026-08-26 17:44:49][info][UTXOManager] Stored 2 UTXOs for address bb6f0197046e2ba943eed2ba6172d8dbfbfd9d86768df27f88f5ad4c83f701b79de010bc8e86439f5867321789c8650fc4bdf809654aa844a1c62b2bf19deb49
[2026-08-26 17:44:49][info][TransactionManager] [bb6f0197 - full: false] Created tokens (mint-v2), amount 42 balance 42
[2026-08-26 17:44:49][info][TransactionManager] [bb6f0197 - full: false] ChangeTransactionState: Tracking entry confirmed tx=cb1479ccba8f27d3b3cb4510ddef8f2e8aa755c98d363e19dc0cecbcf91bdbe6
[2026-08-26 17:44:49][info][TransactionManager] [bb6f0197 - full: false] OnConsensusCertificate: Standalone validator confirmed tx cb1479ccba8f27d3b3cb4510ddef8f2e8aa755c98d363e19dc0cecbcf91bdbe6 from certificate proposal_id=758d323a9ae79ceb8774c23c38495d26c13e0d577d6e1deaae3d715b5d626673
[2026-08-26 17:44:49][info][UTXOManager] Created checkpoint owner=bb6f0197046e2ba943eed2ba6172d8dbfbfd9d86768df27f88f5ad4c83f701b79de010bc8e86439f5867321789c8650fc4bdf809654aa844a1c62b2bf19deb49 epoch=1 utxo_count=1
[2026-08-26 17:44:49][info][CRDTCallbackManager] Successfully registered new data callback for pattern: '^/?/bc-144/tx/[^/]+'
[2026-08-26 17:44:49][info][CRDTCallbackManager] Successfully registered deleted data callback for pattern: '^/?/bc-144/tx/[^/]+'
[2026-08-26 17:44:49][info][CRDTCallbackManager] Successfully registered new data callback for pattern: '^/?/bc-963/tx/[^/]+'
[2026-08-26 17:44:49][info][CRDTCallbackManager] Successfully registered deleted data callback for pattern: '^/?/bc-963/tx/[^/]+'
[2026-08-26 17:44:49][info][CRDTCallbackManager] Successfully registered new data callback for pattern: '^/?/bc-369/tx/[^/]+'
[2026-08-26 17:44:49][info][CRDTCallbackManager] Successfully registered deleted data callback for pattern: '^/?/bc-369/tx/[^/]+'
[2026-08-26 17:44:49.912617000][th:85114398][info] GossipPubSub Adding new peer: 12D3KooWQRsoW9KLRQDPQZ7rVCPUqkQ7Q9iyh3ApF1ejpET5kdgE
[2026-08-26 17:44:49.912693000][th:85114398][info] GossipPubSub Adding new peer: 12D3KooWMyeVYVFrxcX4fQDC5TLMPMVeSa23qZyBhyCHNEPxTuRh
[2026-08-26 17:44:49.912751000][th:85114398][info] GossipPubSub Adding new peer: 12D3KooWHUd93GJJreecTtVhCqAZp2e1zpqm2s755zwSTpF6mv3e
[2026-08-26 17:44:49.912790000][th:85114260][info] GossipPubSub Adding new peer: 12D3KooWJefZJfa7vdiRjGupx6o5eBmV17K7iTQ61ASQNXnsAwrm
[2026-08-26 17:44:49.912856000][th:85114260][info] GossipPubSub Adding new peer: 12D3KooWMyeVYVFrxcX4fQDC5TLMPMVeSa23qZyBhyCHNEPxTuRh
[2026-08-26 17:44:49.912911000][th:85114260][info] GossipPubSub Adding new peer: 12D3KooWHUd93GJJreecTtVhCqAZp2e1zpqm2s755zwSTpF6mv3e
[2026-08-26 17:44:49.912943000][th:85114285][info] GossipPubSub Adding new peer: 12D3KooWJefZJfa7vdiRjGupx6o5eBmV17K7iTQ61ASQNXnsAwrm
[2026-08-26 17:44:49.912996000][th:85114285][info] GossipPubSub Adding new peer: 12D3KooWQRsoW9KLRQDPQZ7rVCPUqkQ7Q9iyh3ApF1ejpET5kdgE
[2026-08-26 17:44:49.913049000][th:85114285][info] GossipPubSub Adding new peer: 12D3KooWHUd93GJJreecTtVhCqAZp2e1zpqm2s755zwSTpF6mv3e
[2026-08-26 17:44:49.913103000][th:85114307][info] GossipPubSub Adding new peer: 12D3KooWJefZJfa7vdiRjGupx6o5eBmV17K7iTQ61ASQNXnsAwrm
[2026-08-26 17:44:49.913155000][th:85114307][info] GossipPubSub Adding new peer: 12D3KooWQRsoW9KLRQDPQZ7rVCPUqkQ7Q9iyh3ApF1ejpET5kdgE
[2026-08-26 17:44:49.913207000][th:85114307][info] GossipPubSub Adding new peer: 12D3KooWMyeVYVFrxcX4fQDC5TLMPMVeSa23qZyBhyCHNEPxTuRh
[2026-08-26 17:44:49][info][UTXOManager] Stored 1 UTXOs for address bb6f0197046e2ba943eed2ba6172d8dbfbfd9d86768df27f88f5ad4c83f701b79de010bc8e86439f5867321789c8650fc4bdf809654aa844a1c62b2bf19deb49
[2026-08-26 17:44:49][info][UTXOManager] Stored 1 UTXOs for address bb6f0197046e2ba943eed2ba6172d8dbfbfd9d86768df27f88f5ad4c83f701b79de010bc8e86439f5867321789c8650fc4bdf809654aa844a1c62b2bf19deb49
[2026-08-26 17:44:49][info][UTXOManager] Stored 2 UTXOs for address bb6f0197046e2ba943eed2ba6172d8dbfbfd9d86768df27f88f5ad4c83f701b79de010bc8e86439f5867321789c8650fc4bdf809654aa844a1c62b2bf19deb49
[2026-08-26 17:44:49][info][TransactionManager] [16d2d649 - full: false] Created tokens (mint-v2), amount 42 balance 0
[2026-08-26 17:44:49][info][UTXOManager] Stored 2 UTXOs for address bb6f0197046e2ba943eed2ba6172d8dbfbfd9d86768df27f88f5ad4c83f701b79de010bc8e86439f5867321789c8650fc4bdf809654aa844a1c62b2bf19deb49
[2026-08-26 17:44:49][info][TransactionManager] [40686f88 - full: false] Created tokens (mint-v2), amount 42 balance 0
[2026-08-26 17:44:49][info][TransactionManager] [16d2d649 - full: false] ChangeTransactionState: Tracking entry confirmed tx=cb1479ccba8f27d3b3cb4510ddef8f2e8aa755c98d363e19dc0cecbcf91bdbe6
[2026-08-26 17:44:49][info][TransactionManager] [40686f88 - full: false] ChangeTransactionState: Tracking entry confirmed tx=cb1479ccba8f27d3b3cb4510ddef8f2e8aa755c98d363e19dc0cecbcf91bdbe6
[2026-08-26 17:44:49][info][UTXOManager] Created checkpoint owner=16d2d64923601f23ff21bf07d3a6a9167fececb8efe8525624d419d75582173fdd0c369fd14fb40530158f274de9fd1471fe07a30137e75feb3116a69074d828 epoch=1 utxo_count=0
[2026-08-26 17:44:50][info][UTXOManager] Created checkpoint owner=40686f885e8ca6f0388d285a2f8c3214a7ed0dc21bfb954e7971cb16526b445e1628438f75f2f3f286d8c39c5642b398825f4a112a2c89c4117eab210e2ba153 epoch=1 utxo_count=0
[2026-08-26 17:44:50][info][CRDTCallbackManager] Successfully unregistered new data callback for pattern: '^/?/bc-144/tx/[^/]+'
[2026-08-26 17:44:50][info][CRDTCallbackManager] Successfully unregistered deleted data callback for pattern: '^/?/bc-144/tx/[^/]+'
[2026-08-26 17:44:50][info][CRDTCallbackManager] Successfully unregistered new data callback for pattern: '^/?/bc-963/tx/[^/]+'
[2026-08-26 17:44:50][info][CRDTCallbackManager] Successfully unregistered deleted data callback for pattern: '^/?/bc-963/tx/[^/]+'
[2026-08-26 17:44:50][info][CRDTCallbackManager] Successfully unregistered new data callback for pattern: '^/?/bc-369/tx/[^/]+'
[2026-08-26 17:44:50][info][CRDTCallbackManager] Successfully unregistered deleted data callback for pattern: '^/?/bc-369/tx/[^/]+'
[2026-08-26 17:44:50][info][TransactionManager] [bb6f0197 - full: false] ~TransactionManager: Metrics — cert_fallback(success=1 failure=0) validation(approve=0 reject=0) tracking(insert=0 confirm=1 fail=0)
[2026-08-26 17:44:50][info][Blockchain] [bb6f0197] Stopping blockchain
[2026-08-26 17:44:50][info][CRDTCallbackManager] Successfully unregistered new data callback for pattern: '/?gnus-genesis-block'
[2026-08-26 17:44:50][info][CRDTCallbackManager] Successfully unregistered new data callback for pattern: '/?gnus-account-creation-.*'
[2026-08-26 17:44:50][info][CRDTCallbackManager] Successfully unregistered new data callback for pattern: '/?gnus-validator-registry'
[2026-08-26 17:44:50.021021000][th:85114398][error] GossipPubSub Address monitoring timer error: Operation canceled
[2026-08-26 17:44:50][error][PubSubBroadcasterExt] No message to process
[2026-08-26 17:44:50][error][PubSubBroadcasterExt] No message to process
[2026-08-26 17:44:51][debug][GlobalDB] ~GlobalDB CALLED with count 6 on multi_node_finality_fault/restart-mint-validator-one/rocksdb 
[2026-08-26 17:44:51][info][GlobalDB] GlobalDB shutdown start
[2026-08-26 17:44:51][info][CrdtDatastore] CancelAndCloseNow: begin (pending_jobs=0, self_queue=0, root_queue=0, pending_roots=0, active_root=false)
[2026-08-26 17:44:51][debug][GraphsyncDAGSyncer] Stopping Dagsyncer
[2026-08-26 17:44:51][debug][GraphsyncDAGSyncer] Dagsyncer Stopped
[2026-08-26 17:44:51][info][CrdtDatastore] CancelAndCloseNow: CRDT workers stopped
[2026-08-26 17:44:51][warning][CrdtDatastore] CancelAndCloseNow called but shutdown has already started
[2026-08-26 17:44:51][debug][GraphsyncDAGSyncer] ~GraphsyncDAGSyncer CALLED
[2026-08-26 17:44:51][info][GlobalDB] GlobalDB shutdown finished
[2026-08-26 17:44:51][info][KeyPairFileStorage] Path to keypairs multi_node_finality_fault/restart-mint-validator-one/keypair
[2026-08-26 17:44:51][info][KeyPairFileStorage] Peer ID from public key: 12D3KooWJefZJfa7vdiRjGupx6o5eBmV17K7iTQ61ASQNXnsAwrm
Current limits: 16384 (soft), 9223372036854775807 (hard)
New limits set successfully: 16384 (soft), 9223372036854775807 (hard)
Initialized relay addresses
[2026-08-26 17:44:51.382055000][th:85113220][info] GossipPubSub /ip4/0.0.0.0/tcp/54621/p2p/12D3KooWJefZJfa7vdiRjGupx6o5eBmV17K7iTQ61ASQNXnsAwrm: Starting PubSub service
[2026-08-26 17:44:51.382107000][th:85114457][info] GossipPubSub Starting address monitoring system for mobile network changes
[2026-08-26 17:44:51.382110000][th:85114457][info] GossipPubSub === CURRENT NETWORK STATE ===
[2026-08-26 17:44:51.382117000][th:85114457][info] GossipPubSub Primary listening address: /ip4/0.0.0.0/tcp/54621/p2p/12D3KooWJefZJfa7vdiRjGupx6o5eBmV17K7iTQ61ASQNXnsAwrm
[2026-08-26 17:44:51.382120000][th:85114457][info] GossipPubSub Host peer info addresses (0):
[2026-08-26 17:44:51.382121000][th:85114457][info] GossipPubSub Additional addresses we track (0):
[2026-08-26 17:44:51.382123000][th:85114457][info] GossipPubSub Listening addresses (1):
[2026-08-26 17:44:51.382125000][th:85114457][info] GossipPubSub   -> /ip4/0.0.0.0/tcp/54621/p2p/12D3KooWJefZJfa7vdiRjGupx6o5eBmV17K7iTQ61ASQNXnsAwrm
[2026-08-26 17:44:51.382127000][th:85114457][info] GossipPubSub Interface addresses (0):
[2026-08-26 17:44:51.382129000][th:85114457][info] GossipPubSub === RAW OBSERVED ADDRESS DEBUG ===
[2026-08-26 17:44:51.382132000][th:85114457][info] GossipPubSub Local address: /ip4/0.0.0.0/tcp/54621/p2p/12D3KooWJefZJfa7vdiRjGupx6o5eBmV17K7iTQ61ASQNXnsAwrm -> 0 raw observed, 0 activated+confirmed
[2026-08-26 17:44:51.382134000][th:85114457][info] GossipPubSub TOTAL: 0 raw observed addresses, 0 activated+confirmed addresses
[2026-08-26 17:44:51.382136000][th:85114457][info] GossipPubSub === END RAW OBSERVED ADDRESS DEBUG ===
[2026-08-26 17:44:51.382137000][th:85114457][info] GossipPubSub Observed addresses - all (0):
[2026-08-26 17:44:51.382139000][th:85114457][info] GossipPubSub Observed addresses - confirmed only (0):
[2026-08-26 17:44:51.382141000][th:85114457][info] GossipPubSub Relay addresses (0):
[2026-08-26 17:44:51.382143000][th:85114457][warning] GossipPubSub Failed to get addresses from peer repository: not found
[2026-08-26 17:44:51.382172000][th:85114457][info] GossipPubSub Found 1 valid network interfaces
[2026-08-26 17:44:51.382174000][th:85114457][info] GossipPubSub Current network interfaces (1):
[2026-08-26 17:44:51.382175000][th:85114457][info] GossipPubSub   -> 192.168.1.6
[2026-08-26 17:44:51.382177000][th:85114457][info] GossipPubSub Active connections: 0
[2026-08-26 17:44:51.382178000][th:85114457][info] GossipPubSub === PEER CONNECTION DETAILS ===
[2026-08-26 17:44:51.382179000][th:85114457][info] GossipPubSub NOTE: Observed addresses need to be seen by 4+ different peer groups to become 'activated'
[2026-08-26 17:44:51.382181000][th:85114457][info] GossipPubSub NOTE: Current connections: 0, so max possible observers: 0
[2026-08-26 17:44:51.382182000][th:85114457][info] GossipPubSub === END PEER CONNECTION DETAILS ===
[2026-08-26 17:44:51.382183000][th:85114457][info] GossipPubSub Connection manager stats:
[2026-08-26 17:44:51.382185000][th:85114457][info] GossipPubSub   -> Max connections: 1000
[2026-08-26 17:44:51.382186000][th:85114457][info] GossipPubSub   -> Current connections: 0
[2026-08-26 17:44:51.382187000][th:85114457][info] GossipPubSub === END NETWORK STATE ===
[2026-08-26 17:44:51.382288000][th:85114457][info] GossipPubSub /ip4/0.0.0.0/tcp/54621/p2p/12D3KooWJefZJfa7vdiRjGupx6o5eBmV17K7iTQ61ASQNXnsAwrm : PubSub service started
[2026-08-26 17:44:51][info][GlobalDB] Opening database /Users/henriqueklein/gnus/SuperGenius/multi_node_finality_fault/restart-mint-validator-one/rocksdb
[2026-08-26 17:44:51][debug][GraphsyncDAGSyncer] GraphSyncer created 5536604568 
[2026-08-26 17:44:51][info][CrdtDatastore] crdt Datastore created. Number of heads: 2 Current max-height: 18446744073709551615
[2026-08-26 17:44:51][info][GeniusAccount] Secure storage ID path: /Users/henriqueklein/gnus/SuperGenius/multi_node_finality_fault/restart-mint-validator-one/account/secure_storage_id
[2026-08-26 17:44:51][info][GeniusAccount] Loaded public key from file: bb6f0197046e2ba9... (length: 128)
[2026-08-26 17:44:51][info][GeniusAccount] Successfully loaded key_seed from storage
[2026-08-26 17:44:51][info][GeniusAccount] Validation successful: key_seed matches stored public key
[2026-08-26 17:44:51][warning][UTXOManager] Skipping malformed UTXO key /utxo-checkpoint/bb6f0197046e2ba943eed2ba6172d8dbfbfd9d86768df27f88f5ad4c83f701b79de010bc8e86439f5867321789c8650fc4bdf809654aa844a1c62b2bf19deb49/1
[2026-08-26 17:44:51][warning][UTXOManager] Skipping malformed UTXO key /utxo-checkpoint/bb6f0197046e2ba943eed2ba6172d8dbfbfd9d86768df27f88f5ad4c83f701b79de010bc8e86439f5867321789c8650fc4bdf809654aa844a1c62b2bf19deb49/latest
[2026-08-26 17:44:51][info][Blockchain] [bb6f0197] Blockchain instance created with authorized full node: 8a33bdf1
[2026-08-26 17:44:51][info][ValidatorRegistry] InitializeCache: cache initialized with CID QmY4vMGAtvwqPy6vFkg846YT5Z2fvVG1SxixucZkpLEuuE
[2026-08-26 17:44:51][info][CRDTCallbackManager] Successfully registered new data callback for pattern: '/?gnus-validator-registry'
[2026-08-26 17:44:51][info][ValidatorRegistry] RegisterFilter: result=true
[2026-08-26 17:44:51][info][ValidatorRegistry] New: instance ready
[2026-08-26 17:44:51.410290000][th:85114457][info] GossipPubSub /ip4/0.0.0.0/tcp/54621/p2p/12D3KooWJefZJfa7vdiRjGupx6o5eBmV17K7iTQ61ASQNXnsAwrm: PubSub subscribed to topic 'gnus-validator-registry.3.7.144'
[2026-08-26 17:44:51][info][CRDTCallbackManager] Successfully registered new data callback for pattern: '^/?cert/[^/]+'
[2026-08-26 17:44:51.410318000][th:85114457][info] GossipPubSub /ip4/0.0.0.0/tcp/54621/p2p/12D3KooWJefZJfa7vdiRjGupx6o5eBmV17K7iTQ61ASQNXnsAwrm: PubSub subscribed to topic 'consensus-channel-.3.7.144'
[2026-08-26 17:44:51.410547000][th:85114457][info] GossipPubSub /ip4/0.0.0.0/tcp/54621/p2p/12D3KooWJefZJfa7vdiRjGupx6o5eBmV17K7iTQ61ASQNXnsAwrm: PubSub subscribed to topic 'consensus-channel-.3.7.144#datastore.3.7.144'
[2026-08-26 17:44:51][info][CRDTCallbackManager] Successfully registered new data callback for pattern: '/?gnus-genesis-block'
[2026-08-26 17:44:51][info][CRDTCallbackManager] Successfully registered new data callback for pattern: '/?gnus-account-creation-.*'
[2026-08-26 17:44:51][info][CRDTCallbackManager] Successfully registered new data callback for pattern: '^/?/bc-144/tx/[^/]+'
[2026-08-26 17:44:51][info][CRDTCallbackManager] Successfully registered deleted data callback for pattern: '^/?/bc-144/tx/[^/]+'
[2026-08-26 17:44:51][info][CRDTCallbackManager] Successfully registered new data callback for pattern: '^/?/bc-963/tx/[^/]+'
[2026-08-26 17:44:51][info][CRDTCallbackManager] Successfully registered deleted data callback for pattern: '^/?/bc-963/tx/[^/]+'
[2026-08-26 17:44:51][info][CRDTCallbackManager] Successfully registered new data callback for pattern: '^/?/bc-369/tx/[^/]+'
[2026-08-26 17:44:51][info][CRDTCallbackManager] Successfully registered deleted data callback for pattern: '^/?/bc-369/tx/[^/]+'
[2026-08-26 17:44:51][info][CRDTCallbackManager] Successfully unregistered new data callback for pattern: '^/?/bc-144/tx/[^/]+'
[2026-08-26 17:44:51][info][CRDTCallbackManager] Successfully unregistered deleted data callback for pattern: '^/?/bc-144/tx/[^/]+'
[2026-08-26 17:44:51][info][CRDTCallbackManager] Successfully unregistered new data callback for pattern: '^/?/bc-963/tx/[^/]+'
[2026-08-26 17:44:51][info][CRDTCallbackManager] Successfully unregistered deleted data callback for pattern: '^/?/bc-963/tx/[^/]+'
[2026-08-26 17:44:51][info][CRDTCallbackManager] Successfully unregistered new data callback for pattern: '^/?/bc-369/tx/[^/]+'
[2026-08-26 17:44:51][info][CRDTCallbackManager] Successfully unregistered deleted data callback for pattern: '^/?/bc-369/tx/[^/]+'
[2026-08-26 17:44:51][info][TransactionManager] [c613e879 - full: false] ~TransactionManager: Metrics — cert_fallback(success=0 failure=0) validation(approve=1 reject=0) tracking(insert=1 confirm=1 fail=0)
[2026-08-26 17:44:51][info][Blockchain] [c613e879] Stopping blockchain
[2026-08-26 17:44:51][info][CRDTCallbackManager] Successfully unregistered new data callback for pattern: '/?gnus-genesis-block'
[2026-08-26 17:44:51][info][CRDTCallbackManager] Successfully unregistered new data callback for pattern: '/?gnus-account-creation-.*'
[2026-08-26 17:44:51][info][CRDTCallbackManager] Successfully unregistered new data callback for pattern: '/?gnus-validator-registry'
[2026-08-26 17:44:51.410723000][th:85114260][error] GossipPubSub Address monitoring timer error: Operation canceled
[2026-08-26 17:44:51][error][PubSubBroadcasterExt] No message to process
[2026-08-26 17:44:51][error][PubSubBroadcasterExt] No message to process
[2026-08-26 17:44:51.413146000][th:85114260][error] graphsync Varint Error msg=Connection: closed by this host
[2026-08-26 17:44:51.413180000][th:85114260][info] graphsync stream read error, peer=PxTuRh, msg=stream is not readable
[2026-08-26 17:44:51.413203000][th:85114260][error] graphsync Varint Error msg=Connection: closed by this host
[2026-08-26 17:44:51.413207000][th:85114260][info] graphsync stream read error, peer=F6mv3e, msg=stream is not readable
[2026-08-26 17:44:52][debug][GlobalDB] ~GlobalDB CALLED with count 6 on multi_node_finality_fault/restart-mint-validator-two/rocksdb 
[2026-08-26 17:44:52][info][GlobalDB] GlobalDB shutdown start
[2026-08-26 17:44:52][info][CrdtDatastore] CancelAndCloseNow: begin (pending_jobs=0, self_queue=0, root_queue=0, pending_roots=0, active_root=false)
[2026-08-26 17:44:52][debug][GraphsyncDAGSyncer] Stopping Dagsyncer
[2026-08-26 17:44:52][debug][GraphsyncDAGSyncer] Dagsyncer Stopped
[2026-08-26 17:44:52][info][CrdtDatastore] CancelAndCloseNow: CRDT workers stopped
[2026-08-26 17:44:52][warning][CrdtDatastore] CancelAndCloseNow called but shutdown has already started
[2026-08-26 17:44:52][debug][GraphsyncDAGSyncer] ~GraphsyncDAGSyncer CALLED
[2026-08-26 17:44:52][info][GlobalDB] GlobalDB shutdown finished
[2026-08-26 17:44:52.914943000][th:85114285][error] graphsync Varint Error msg=Connection reset by peer
[2026-08-26 17:44:52.914958000][th:85114285][info] graphsync stream read error, peer=T5kdgE, msg=stream is not readable
[2026-08-26 17:44:52.914985000][th:85114307][error] graphsync Varint Error msg=Connection reset by peer
[2026-08-26 17:44:52.914993000][th:85114307][info] graphsync stream read error, peer=T5kdgE, msg=stream is not readable
[2026-08-26 17:44:52][info][KeyPairFileStorage] Path to keypairs multi_node_finality_fault/restart-mint-validator-two/keypair
[2026-08-26 17:44:52][info][KeyPairFileStorage] Peer ID from public key: 12D3KooWQRsoW9KLRQDPQZ7rVCPUqkQ7Q9iyh3ApF1ejpET5kdgE
Current limits: 16384 (soft), 9223372036854775807 (hard)
New limits set successfully: 16384 (soft), 9223372036854775807 (hard)
Initialized relay addresses
[2026-08-26 17:44:52.916464000][th:85113220][info] GossipPubSub /ip4/0.0.0.0/tcp/54622/p2p/12D3KooWQRsoW9KLRQDPQZ7rVCPUqkQ7Q9iyh3ApF1ejpET5kdgE: Starting PubSub service
[2026-08-26 17:44:52.916525000][th:85114495][info] GossipPubSub Starting address monitoring system for mobile network changes
[2026-08-26 17:44:52.916529000][th:85114495][info] GossipPubSub === CURRENT NETWORK STATE ===
[2026-08-26 17:44:52.916536000][th:85114495][info] GossipPubSub Primary listening address: /ip4/0.0.0.0/tcp/54622/p2p/12D3KooWQRsoW9KLRQDPQZ7rVCPUqkQ7Q9iyh3ApF1ejpET5kdgE
[2026-08-26 17:44:52.916539000][th:85114495][info] GossipPubSub Host peer info addresses (0):
[2026-08-26 17:44:52.916541000][th:85114495][info] GossipPubSub Additional addresses we track (0):
[2026-08-26 17:44:52.916543000][th:85114495][info] GossipPubSub Listening addresses (1):
[2026-08-26 17:44:52.916545000][th:85114495][info] GossipPubSub   -> /ip4/0.0.0.0/tcp/54622/p2p/12D3KooWQRsoW9KLRQDPQZ7rVCPUqkQ7Q9iyh3ApF1ejpET5kdgE
[2026-08-26 17:44:52.916546000][th:85114495][info] GossipPubSub Interface addresses (0):
[2026-08-26 17:44:52.916548000][th:85114495][info] GossipPubSub === RAW OBSERVED ADDRESS DEBUG ===
[2026-08-26 17:44:52.916554000][th:85114495][info] GossipPubSub Local address: /ip4/0.0.0.0/tcp/54622/p2p/12D3KooWQRsoW9KLRQDPQZ7rVCPUqkQ7Q9iyh3ApF1ejpET5kdgE -> 0 raw observed, 0 activated+confirmed
[2026-08-26 17:44:52.916556000][th:85114495][info] GossipPubSub TOTAL: 0 raw observed addresses, 0 activated+confirmed addresses
[2026-08-26 17:44:52.916557000][th:85114495][info] GossipPubSub === END RAW OBSERVED ADDRESS DEBUG ===
[2026-08-26 17:44:52.916558000][th:85114495][info] GossipPubSub Observed addresses - all (0):
[2026-08-26 17:44:52.916560000][th:85114495][info] GossipPubSub Observed addresses - confirmed only (0):
[2026-08-26 17:44:52.916561000][th:85114495][info] GossipPubSub Relay addresses (0):
[2026-08-26 17:44:52.916563000][th:85114495][warning] GossipPubSub Failed to get addresses from peer repository: not found
[2026-08-26 17:44:52.916592000][th:85114495][info] GossipPubSub Found 1 valid network interfaces
[2026-08-26 17:44:52.916593000][th:85114495][info] GossipPubSub Current network interfaces (1):
[2026-08-26 17:44:52.916595000][th:85114495][info] GossipPubSub   -> 192.168.1.6
[2026-08-26 17:44:52.916596000][th:85114495][info] GossipPubSub Active connections: 0
[2026-08-26 17:44:52.916598000][th:85114495][info] GossipPubSub === PEER CONNECTION DETAILS ===
[2026-08-26 17:44:52.916599000][th:85114495][info] GossipPubSub NOTE: Observed addresses need to be seen by 4+ different peer groups to become 'activated'
[2026-08-26 17:44:52.916600000][th:85114495][info] GossipPubSub NOTE: Current connections: 0, so max possible observers: 0
[2026-08-26 17:44:52.916601000][th:85114495][info] GossipPubSub === END PEER CONNECTION DETAILS ===
[2026-08-26 17:44:52.916603000][th:85114495][info] GossipPubSub Connection manager stats:
[2026-08-26 17:44:52.916604000][th:85114495][info] GossipPubSub   -> Max connections: 1000
[2026-08-26 17:44:52.916605000][th:85114495][info] GossipPubSub   -> Current connections: 0
[2026-08-26 17:44:52.916606000][th:85114495][info] GossipPubSub === END NETWORK STATE ===
[2026-08-26 17:44:52.916714000][th:85114495][info] GossipPubSub /ip4/0.0.0.0/tcp/54622/p2p/12D3KooWQRsoW9KLRQDPQZ7rVCPUqkQ7Q9iyh3ApF1ejpET5kdgE : PubSub service started
[2026-08-26 17:44:52][info][GlobalDB] Opening database /Users/henriqueklein/gnus/SuperGenius/multi_node_finality_fault/restart-mint-validator-two/rocksdb
[2026-08-26 17:44:52][debug][GraphsyncDAGSyncer] GraphSyncer created 5539150296 
[2026-08-26 17:44:52][info][CrdtDatastore] crdt Datastore created. Number of heads: 2 Current max-height: 18446744073709551615
[2026-08-26 17:44:52][info][GeniusAccount] Secure storage ID path: /Users/henriqueklein/gnus/SuperGenius/multi_node_finality_fault/restart-mint-validator-two/account/secure_storage_id
[2026-08-26 17:44:52][info][GeniusAccount] Loaded public key from file: c613e8795b14c23f... (length: 128)
[2026-08-26 17:44:52][info][GeniusAccount] Successfully loaded key_seed from storage
[2026-08-26 17:44:52][info][GeniusAccount] Validation successful: key_seed matches stored public key
[2026-08-26 17:44:52][warning][UTXOManager] Skipping malformed UTXO key /utxo-checkpoint/c613e8795b14c23fc8458a82f29dade61f2d69e7205da9a347f301d07cf14a1c3c84f95f8f976b5bbbadb2279f9a53bf0b0a0b3874b4a30934d77d93e6f80e4b/1
[2026-08-26 17:44:52][warning][UTXOManager] Skipping malformed UTXO key /utxo-checkpoint/c613e8795b14c23fc8458a82f29dade61f2d69e7205da9a347f301d07cf14a1c3c84f95f8f976b5bbbadb2279f9a53bf0b0a0b3874b4a30934d77d93e6f80e4b/latest
[2026-08-26 17:44:52][info][Blockchain] [c613e879] Blockchain instance created with authorized full node: 8a33bdf1
[2026-08-26 17:44:52][info][ValidatorRegistry] InitializeCache: cache initialized with CID QmY4vMGAtvwqPy6vFkg846YT5Z2fvVG1SxixucZkpLEuuE
[2026-08-26 17:44:52][info][CRDTCallbackManager] Successfully registered new data callback for pattern: '/?gnus-validator-registry'
[2026-08-26 17:44:52][info][ValidatorRegistry] RegisterFilter: result=true
[2026-08-26 17:44:52][info][ValidatorRegistry] New: instance ready
[2026-08-26 17:44:52.944134000][th:85114495][info] GossipPubSub /ip4/0.0.0.0/tcp/54622/p2p/12D3KooWQRsoW9KLRQDPQZ7rVCPUqkQ7Q9iyh3ApF1ejpET5kdgE: PubSub subscribed to topic 'gnus-validator-registry.3.7.144'
[2026-08-26 17:44:52][info][CRDTCallbackManager] Successfully registered new data callback for pattern: '^/?cert/[^/]+'
[2026-08-26 17:44:52.944160000][th:85114495][info] GossipPubSub /ip4/0.0.0.0/tcp/54622/p2p/12D3KooWQRsoW9KLRQDPQZ7rVCPUqkQ7Q9iyh3ApF1ejpET5kdgE: PubSub subscribed to topic 'consensus-channel-.3.7.144'
[2026-08-26 17:44:52.944179000][th:85114495][info] GossipPubSub /ip4/0.0.0.0/tcp/54622/p2p/12D3KooWQRsoW9KLRQDPQZ7rVCPUqkQ7Q9iyh3ApF1ejpET5kdgE: PubSub subscribed to topic 'consensus-channel-.3.7.144#datastore.3.7.144'
[2026-08-26 17:44:52][info][CRDTCallbackManager] Successfully registered new data callback for pattern: '/?gnus-genesis-block'
[2026-08-26 17:44:52][info][CRDTCallbackManager] Successfully registered new data callback for pattern: '/?gnus-account-creation-.*'
[2026-08-26 17:44:52][info][CRDTCallbackManager] Successfully registered new data callback for pattern: '^/?/bc-144/tx/[^/]+'
[2026-08-26 17:44:52][info][CRDTCallbackManager] Successfully registered deleted data callback for pattern: '^/?/bc-144/tx/[^/]+'
[2026-08-26 17:44:52][info][CRDTCallbackManager] Successfully registered new data callback for pattern: '^/?/bc-963/tx/[^/]+'
[2026-08-26 17:44:52][info][CRDTCallbackManager] Successfully registered deleted data callback for pattern: '^/?/bc-963/tx/[^/]+'
[2026-08-26 17:44:52][info][CRDTCallbackManager] Successfully registered new data callback for pattern: '^/?/bc-369/tx/[^/]+'
[2026-08-26 17:44:52][info][CRDTCallbackManager] Successfully registered deleted data callback for pattern: '^/?/bc-369/tx/[^/]+'
[2026-08-26 17:44:52][info][CRDTCallbackManager] Successfully unregistered new data callback for pattern: '^/?/bc-144/tx/[^/]+'
[2026-08-26 17:44:52][info][CRDTCallbackManager] Successfully unregistered deleted data callback for pattern: '^/?/bc-144/tx/[^/]+'
[2026-08-26 17:44:52][info][CRDTCallbackManager] Successfully unregistered new data callback for pattern: '^/?/bc-963/tx/[^/]+'
[2026-08-26 17:44:52][info][CRDTCallbackManager] Successfully unregistered deleted data callback for pattern: '^/?/bc-963/tx/[^/]+'
[2026-08-26 17:44:52][info][CRDTCallbackManager] Successfully unregistered new data callback for pattern: '^/?/bc-369/tx/[^/]+'
[2026-08-26 17:44:52][info][CRDTCallbackManager] Successfully unregistered deleted data callback for pattern: '^/?/bc-369/tx/[^/]+'
[2026-08-26 17:44:52][info][TransactionManager] [40686f88 - full: false] ~TransactionManager: Metrics — cert_fallback(success=0 failure=0) validation(approve=1 reject=0) tracking(insert=1 confirm=1 fail=0)
[2026-08-26 17:44:52][info][Blockchain] [40686f88] Stopping blockchain
[2026-08-26 17:44:52][info][CRDTCallbackManager] Successfully unregistered new data callback for pattern: '/?gnus-genesis-block'
[2026-08-26 17:44:52][info][CRDTCallbackManager] Successfully unregistered new data callback for pattern: '/?gnus-account-creation-.*'
[2026-08-26 17:44:52][info][CRDTCallbackManager] Successfully unregistered new data callback for pattern: '/?gnus-validator-registry'
[2026-08-26 17:44:52.944329000][th:85114285][error] GossipPubSub Address monitoring timer error: Operation canceled
[2026-08-26 17:44:52][error][PubSubBroadcasterExt] No message to process
[2026-08-26 17:44:52][error][PubSubBroadcasterExt] No message to process
[2026-08-26 17:44:53][debug][GlobalDB] ~GlobalDB CALLED with count 6 on multi_node_finality_fault/restart-mint-validator-three/rocksdb 
[2026-08-26 17:44:53][info][GlobalDB] GlobalDB shutdown start
[2026-08-26 17:44:53][info][CrdtDatastore] CancelAndCloseNow: begin (pending_jobs=1, self_queue=0, root_queue=0, pending_roots=0, active_root=false)
[2026-08-26 17:44:53][debug][GraphsyncDAGSyncer] Stopping Dagsyncer
[2026-08-26 17:44:53][debug][GraphsyncDAGSyncer] Dagsyncer Stopped
[2026-08-26 17:44:53][info][CrdtDatastore] CancelAndCloseNow: CRDT workers stopped
[2026-08-26 17:44:53][warning][CrdtDatastore] CancelAndCloseNow called but shutdown has already started
[2026-08-26 17:44:53][debug][GraphsyncDAGSyncer] ~GraphsyncDAGSyncer CALLED
[2026-08-26 17:44:53][info][GlobalDB] GlobalDB shutdown finished
[2026-08-26 17:44:53][info][KeyPairFileStorage] Path to keypairs multi_node_finality_fault/restart-mint-validator-three/keypair
[2026-08-26 17:44:53][info][KeyPairFileStorage] Peer ID from public key: 12D3KooWMyeVYVFrxcX4fQDC5TLMPMVeSa23qZyBhyCHNEPxTuRh
Current limits: 16384 (soft), 9223372036854775807 (hard)
New limits set successfully: 16384 (soft), 9223372036854775807 (hard)
Initialized relay addresses
[2026-08-26 17:44:53.975301000][th:85113220][info] GossipPubSub /ip4/0.0.0.0/tcp/54623/p2p/12D3KooWMyeVYVFrxcX4fQDC5TLMPMVeSa23qZyBhyCHNEPxTuRh: Starting PubSub service
[2026-08-26 17:44:53.975366000][th:85114525][info] GossipPubSub Starting address monitoring system for mobile network changes
[2026-08-26 17:44:53.975370000][th:85114525][info] GossipPubSub === CURRENT NETWORK STATE ===
[2026-08-26 17:44:53.975378000][th:85114525][info] GossipPubSub Primary listening address: /ip4/0.0.0.0/tcp/54623/p2p/12D3KooWMyeVYVFrxcX4fQDC5TLMPMVeSa23qZyBhyCHNEPxTuRh
[2026-08-26 17:44:53.975381000][th:85114525][info] GossipPubSub Host peer info addresses (0):
[2026-08-26 17:44:53.975383000][th:85114525][info] GossipPubSub Additional addresses we track (0):
[2026-08-26 17:44:53.975384000][th:85114525][info] GossipPubSub Listening addresses (1):
[2026-08-26 17:44:53.975387000][th:85114525][info] GossipPubSub   -> /ip4/0.0.0.0/tcp/54623/p2p/12D3KooWMyeVYVFrxcX4fQDC5TLMPMVeSa23qZyBhyCHNEPxTuRh
[2026-08-26 17:44:53.975388000][th:85114525][info] GossipPubSub Interface addresses (0):
[2026-08-26 17:44:53.975390000][th:85114525][info] GossipPubSub === RAW OBSERVED ADDRESS DEBUG ===
[2026-08-26 17:44:53.975393000][th:85114525][info] GossipPubSub Local address: /ip4/0.0.0.0/tcp/54623/p2p/12D3KooWMyeVYVFrxcX4fQDC5TLMPMVeSa23qZyBhyCHNEPxTuRh -> 0 raw observed, 0 activated+confirmed
[2026-08-26 17:44:53.975395000][th:85114525][info] GossipPubSub TOTAL: 0 raw observed addresses, 0 activated+confirmed addresses
[2026-08-26 17:44:53.975397000][th:85114525][info] GossipPubSub === END RAW OBSERVED ADDRESS DEBUG ===
[2026-08-26 17:44:53.975399000][th:85114525][info] GossipPubSub Observed addresses - all (0):
[2026-08-26 17:44:53.975400000][th:85114525][info] GossipPubSub Observed addresses - confirmed only (0):
[2026-08-26 17:44:53.975402000][th:85114525][info] GossipPubSub Relay addresses (0):
[2026-08-26 17:44:53.975405000][th:85114525][warning] GossipPubSub Failed to get addresses from peer repository: not found
[2026-08-26 17:44:53.975440000][th:85114525][info] GossipPubSub Found 1 valid network interfaces
[2026-08-26 17:44:53.975442000][th:85114525][info] GossipPubSub Current network interfaces (1):
[2026-08-26 17:44:53.975444000][th:85114525][info] GossipPubSub   -> 192.168.1.6
[2026-08-26 17:44:53.975445000][th:85114525][info] GossipPubSub Active connections: 0
[2026-08-26 17:44:53.975447000][th:85114525][info] GossipPubSub === PEER CONNECTION DETAILS ===
[2026-08-26 17:44:53.975448000][th:85114525][info] GossipPubSub NOTE: Observed addresses need to be seen by 4+ different peer groups to become 'activated'
[2026-08-26 17:44:53.975449000][th:85114525][info] GossipPubSub NOTE: Current connections: 0, so max possible observers: 0
[2026-08-26 17:44:53.975451000][th:85114525][info] GossipPubSub === END PEER CONNECTION DETAILS ===
[2026-08-26 17:44:53.975452000][th:85114525][info] GossipPubSub Connection manager stats:
[2026-08-26 17:44:53.975453000][th:85114525][info] GossipPubSub   -> Max connections: 1000
[2026-08-26 17:44:53.975454000][th:85114525][info] GossipPubSub   -> Current connections: 0
[2026-08-26 17:44:53.975456000][th:85114525][info] GossipPubSub === END NETWORK STATE ===
[2026-08-26 17:44:53.975591000][th:85114525][info] GossipPubSub /ip4/0.0.0.0/tcp/54623/p2p/12D3KooWMyeVYVFrxcX4fQDC5TLMPMVeSa23qZyBhyCHNEPxTuRh : PubSub service started
[2026-08-26 17:44:53][info][GlobalDB] Opening database /Users/henriqueklein/gnus/SuperGenius/multi_node_finality_fault/restart-mint-validator-three/rocksdb
[2026-08-26 17:44:54][debug][GraphsyncDAGSyncer] GraphSyncer created 5539174360 
[2026-08-26 17:44:54][info][CrdtDatastore] crdt Datastore created. Number of heads: 2 Current max-height: 18446744073709551615
[2026-08-26 17:44:54][info][GeniusAccount] Secure storage ID path: /Users/henriqueklein/gnus/SuperGenius/multi_node_finality_fault/restart-mint-validator-three/account/secure_storage_id
[2026-08-26 17:44:54][info][GeniusAccount] Loaded public key from file: 40686f885e8ca6f0... (length: 128)
[2026-08-26 17:44:54][info][GeniusAccount] Successfully loaded key_seed from storage
[2026-08-26 17:44:54][info][GeniusAccount] Validation successful: key_seed matches stored public key
[2026-08-26 17:44:54][warning][UTXOManager] Skipping malformed UTXO key /utxo-checkpoint/40686f885e8ca6f0388d285a2f8c3214a7ed0dc21bfb954e7971cb16526b445e1628438f75f2f3f286d8c39c5642b398825f4a112a2c89c4117eab210e2ba153/1
[2026-08-26 17:44:54][warning][UTXOManager] Skipping malformed UTXO key /utxo-checkpoint/40686f885e8ca6f0388d285a2f8c3214a7ed0dc21bfb954e7971cb16526b445e1628438f75f2f3f286d8c39c5642b398825f4a112a2c89c4117eab210e2ba153/latest
[2026-08-26 17:44:54][info][Blockchain] [40686f88] Blockchain instance created with authorized full node: 8a33bdf1
[2026-08-26 17:44:54][info][ValidatorRegistry] InitializeCache: cache initialized with CID QmY4vMGAtvwqPy6vFkg846YT5Z2fvVG1SxixucZkpLEuuE
[2026-08-26 17:44:54][info][CRDTCallbackManager] Successfully registered new data callback for pattern: '/?gnus-validator-registry'
[2026-08-26 17:44:54][info][ValidatorRegistry] RegisterFilter: result=true
[2026-08-26 17:44:54][info][ValidatorRegistry] New: instance ready
[2026-08-26 17:44:54.004013000][th:85114525][info] GossipPubSub /ip4/0.0.0.0/tcp/54623/p2p/12D3KooWMyeVYVFrxcX4fQDC5TLMPMVeSa23qZyBhyCHNEPxTuRh: PubSub subscribed to topic 'gnus-validator-registry.3.7.144'
[2026-08-26 17:44:54][info][CRDTCallbackManager] Successfully registered new data callback for pattern: '^/?cert/[^/]+'
[2026-08-26 17:44:54.004036000][th:85114525][info] GossipPubSub /ip4/0.0.0.0/tcp/54623/p2p/12D3KooWMyeVYVFrxcX4fQDC5TLMPMVeSa23qZyBhyCHNEPxTuRh: PubSub subscribed to topic 'consensus-channel-.3.7.144'
[2026-08-26 17:44:54.004055000][th:85114525][info] GossipPubSub /ip4/0.0.0.0/tcp/54623/p2p/12D3KooWMyeVYVFrxcX4fQDC5TLMPMVeSa23qZyBhyCHNEPxTuRh: PubSub subscribed to topic 'consensus-channel-.3.7.144#datastore.3.7.144'
[2026-08-26 17:44:54][info][CRDTCallbackManager] Successfully registered new data callback for pattern: '/?gnus-genesis-block'
[2026-08-26 17:44:54][info][CRDTCallbackManager] Successfully registered new data callback for pattern: '/?gnus-account-creation-.*'
[2026-08-26 17:44:54][info][CRDTCallbackManager] Successfully registered new data callback for pattern: '^/?/bc-144/tx/[^/]+'
[2026-08-26 17:44:54][info][CRDTCallbackManager] Successfully registered deleted data callback for pattern: '^/?/bc-144/tx/[^/]+'
[2026-08-26 17:44:54][info][CRDTCallbackManager] Successfully registered new data callback for pattern: '^/?/bc-963/tx/[^/]+'
[2026-08-26 17:44:54][info][CRDTCallbackManager] Successfully registered deleted data callback for pattern: '^/?/bc-963/tx/[^/]+'
[2026-08-26 17:44:54][info][CRDTCallbackManager] Successfully registered new data callback for pattern: '^/?/bc-369/tx/[^/]+'
[2026-08-26 17:44:54][info][CRDTCallbackManager] Successfully registered deleted data callback for pattern: '^/?/bc-369/tx/[^/]+'
[2026-08-26 17:44:54][info][CRDTCallbackManager] Successfully unregistered new data callback for pattern: '^/?/bc-144/tx/[^/]+'
[2026-08-26 17:44:54][info][CRDTCallbackManager] Successfully unregistered deleted data callback for pattern: '^/?/bc-144/tx/[^/]+'
[2026-08-26 17:44:54][info][CRDTCallbackManager] Successfully unregistered new data callback for pattern: '^/?/bc-963/tx/[^/]+'
[2026-08-26 17:44:54][info][CRDTCallbackManager] Successfully unregistered deleted data callback for pattern: '^/?/bc-963/tx/[^/]+'
[2026-08-26 17:44:54][info][CRDTCallbackManager] Successfully unregistered new data callback for pattern: '^/?/bc-369/tx/[^/]+'
[2026-08-26 17:44:54][info][CRDTCallbackManager] Successfully unregistered deleted data callback for pattern: '^/?/bc-369/tx/[^/]+'
[2026-08-26 17:44:54][info][TransactionManager] [16d2d649 - full: false] ~TransactionManager: Metrics — cert_fallback(success=0 failure=0) validation(approve=1 reject=0) tracking(insert=1 confirm=1 fail=0)
[2026-08-26 17:44:54][info][Blockchain] [16d2d649] Stopping blockchain
[2026-08-26 17:44:54][info][CRDTCallbackManager] Successfully unregistered new data callback for pattern: '/?gnus-genesis-block'
[2026-08-26 17:44:54][info][CRDTCallbackManager] Successfully unregistered new data callback for pattern: '/?gnus-account-creation-.*'
[2026-08-26 17:44:54][info][CRDTCallbackManager] Successfully unregistered new data callback for pattern: '/?gnus-validator-registry'
[2026-08-26 17:44:54.004192000][th:85114307][error] GossipPubSub Address monitoring timer error: Operation canceled
[2026-08-26 17:44:54][error][PubSubBroadcasterExt] No message to process
[2026-08-26 17:44:54][error][PubSubBroadcasterExt] No message to process
[2026-08-26 17:44:55][debug][GlobalDB] ~GlobalDB CALLED with count 6 on multi_node_finality_fault/restart-mint-passive/rocksdb 
[2026-08-26 17:44:55][info][GlobalDB] GlobalDB shutdown start
[2026-08-26 17:44:55][info][CrdtDatastore] CancelAndCloseNow: begin (pending_jobs=2, self_queue=0, root_queue=0, pending_roots=0, active_root=false)
[2026-08-26 17:44:55][debug][GraphsyncDAGSyncer] Stopping Dagsyncer
[2026-08-26 17:44:55][debug][GraphsyncDAGSyncer] Dagsyncer Stopped
[2026-08-26 17:44:55][info][CrdtDatastore] CancelAndCloseNow: CRDT workers stopped
[2026-08-26 17:44:55][warning][CrdtDatastore] CancelAndCloseNow called but shutdown has already started
[2026-08-26 17:44:55][debug][GraphsyncDAGSyncer] ~GraphsyncDAGSyncer CALLED
[2026-08-26 17:44:55][info][GlobalDB] GlobalDB shutdown finished
[2026-08-26 17:44:55][info][KeyPairFileStorage] Path to keypairs multi_node_finality_fault/restart-mint-passive/keypair
[2026-08-26 17:44:55][info][KeyPairFileStorage] Peer ID from public key: 12D3KooWHUd93GJJreecTtVhCqAZp2e1zpqm2s755zwSTpF6mv3e
Current limits: 16384 (soft), 9223372036854775807 (hard)
New limits set successfully: 16384 (soft), 9223372036854775807 (hard)
Initialized relay addresses
[2026-08-26 17:44:55.514175000][th:85113220][info] GossipPubSub /ip4/0.0.0.0/tcp/54624/p2p/12D3KooWHUd93GJJreecTtVhCqAZp2e1zpqm2s755zwSTpF6mv3e: Starting PubSub service
[2026-08-26 17:44:55.514237000][th:85114604][info] GossipPubSub Starting address monitoring system for mobile network changes
[2026-08-26 17:44:55.514241000][th:85114604][info] GossipPubSub === CURRENT NETWORK STATE ===
[2026-08-26 17:44:55.514250000][th:85114604][info] GossipPubSub Primary listening address: /ip4/0.0.0.0/tcp/54624/p2p/12D3KooWHUd93GJJreecTtVhCqAZp2e1zpqm2s755zwSTpF6mv3e
[2026-08-26 17:44:55.514253000][th:85114604][info] GossipPubSub Host peer info addresses (0):
[2026-08-26 17:44:55.514256000][th:85114604][info] GossipPubSub Additional addresses we track (0):
[2026-08-26 17:44:55.514259000][th:85114604][info] GossipPubSub Listening addresses (1):
[2026-08-26 17:44:55.514261000][th:85114604][info] GossipPubSub   -> /ip4/0.0.0.0/tcp/54624/p2p/12D3KooWHUd93GJJreecTtVhCqAZp2e1zpqm2s755zwSTpF6mv3e
[2026-08-26 17:44:55.514263000][th:85114604][info] GossipPubSub Interface addresses (0):
[2026-08-26 17:44:55.514265000][th:85114604][info] GossipPubSub === RAW OBSERVED ADDRESS DEBUG ===
[2026-08-26 17:44:55.514269000][th:85114604][info] GossipPubSub Local address: /ip4/0.0.0.0/tcp/54624/p2p/12D3KooWHUd93GJJreecTtVhCqAZp2e1zpqm2s755zwSTpF6mv3e -> 0 raw observed, 0 activated+confirmed
[2026-08-26 17:44:55.514271000][th:85114604][info] GossipPubSub TOTAL: 0 raw observed addresses, 0 activated+confirmed addresses
[2026-08-26 17:44:55.514273000][th:85114604][info] GossipPubSub === END RAW OBSERVED ADDRESS DEBUG ===
[2026-08-26 17:44:55.514275000][th:85114604][info] GossipPubSub Observed addresses - all (0):
[2026-08-26 17:44:55.514278000][th:85114604][info] GossipPubSub Observed addresses - confirmed only (0):
[2026-08-26 17:44:55.514280000][th:85114604][info] GossipPubSub Relay addresses (0):
[2026-08-26 17:44:55.514283000][th:85114604][warning] GossipPubSub Failed to get addresses from peer repository: not found
[2026-08-26 17:44:55.514316000][th:85114604][info] GossipPubSub Found 1 valid network interfaces
[2026-08-26 17:44:55.514318000][th:85114604][info] GossipPubSub Current network interfaces (1):
[2026-08-26 17:44:55.514320000][th:85114604][info] GossipPubSub   -> 192.168.1.6
[2026-08-26 17:44:55.514323000][th:85114604][info] GossipPubSub Active connections: 0
[2026-08-26 17:44:55.514325000][th:85114604][info] GossipPubSub === PEER CONNECTION DETAILS ===
[2026-08-26 17:44:55.514327000][th:85114604][info] GossipPubSub NOTE: Observed addresses need to be seen by 4+ different peer groups to become 'activated'
[2026-08-26 17:44:55.514329000][th:85114604][info] GossipPubSub NOTE: Current connections: 0, so max possible observers: 0
[2026-08-26 17:44:55.514331000][th:85114604][info] GossipPubSub === END PEER CONNECTION DETAILS ===
[2026-08-26 17:44:55.514333000][th:85114604][info] GossipPubSub Connection manager stats:
[2026-08-26 17:44:55.514335000][th:85114604][info] GossipPubSub   -> Max connections: 1000
[2026-08-26 17:44:55.514337000][th:85114604][info] GossipPubSub   -> Current connections: 0
[2026-08-26 17:44:55.514339000][th:85114604][info] GossipPubSub === END NETWORK STATE ===
[2026-08-26 17:44:55.514458000][th:85114604][info] GossipPubSub /ip4/0.0.0.0/tcp/54624/p2p/12D3KooWHUd93GJJreecTtVhCqAZp2e1zpqm2s755zwSTpF6mv3e : PubSub service started
[2026-08-26 17:44:55][info][GlobalDB] Opening database /Users/henriqueklein/gnus/SuperGenius/multi_node_finality_fault/restart-mint-passive/rocksdb
[2026-08-26 17:44:55][debug][GraphsyncDAGSyncer] GraphSyncer created 5526386776 
[2026-08-26 17:44:55][info][CrdtDatastore] crdt Datastore created. Number of heads: 2 Current max-height: 18446744073709551615
[2026-08-26 17:44:55][info][GeniusAccount] Secure storage ID path: /Users/henriqueklein/gnus/SuperGenius/multi_node_finality_fault/restart-mint-passive/account/secure_storage_id
[2026-08-26 17:44:55][info][GeniusAccount] Loaded public key from file: 16d2d64923601f23... (length: 128)
[2026-08-26 17:44:55][info][GeniusAccount] Successfully loaded key_seed from storage
[2026-08-26 17:44:55][info][GeniusAccount] Validation successful: key_seed matches stored public key
[2026-08-26 17:44:55][warning][UTXOManager] Skipping malformed UTXO key /utxo-checkpoint/16d2d64923601f23ff21bf07d3a6a9167fececb8efe8525624d419d75582173fdd0c369fd14fb40530158f274de9fd1471fe07a30137e75feb3116a69074d828/1
[2026-08-26 17:44:55][warning][UTXOManager] Skipping malformed UTXO key /utxo-checkpoint/16d2d64923601f23ff21bf07d3a6a9167fececb8efe8525624d419d75582173fdd0c369fd14fb40530158f274de9fd1471fe07a30137e75feb3116a69074d828/latest
[2026-08-26 17:44:55][info][Blockchain] [16d2d649] Blockchain instance created with authorized full node: 8a33bdf1
[2026-08-26 17:44:55][info][ValidatorRegistry] InitializeCache: cache initialized with CID QmY4vMGAtvwqPy6vFkg846YT5Z2fvVG1SxixucZkpLEuuE
[2026-08-26 17:44:55][info][CRDTCallbackManager] Successfully registered new data callback for pattern: '/?gnus-validator-registry'
[2026-08-26 17:44:55][info][ValidatorRegistry] RegisterFilter: result=true
[2026-08-26 17:44:55][info][ValidatorRegistry] New: instance ready
[2026-08-26 17:44:55.543152000][th:85114604][info] GossipPubSub /ip4/0.0.0.0/tcp/54624/p2p/12D3KooWHUd93GJJreecTtVhCqAZp2e1zpqm2s755zwSTpF6mv3e: PubSub subscribed to topic 'gnus-validator-registry.3.7.144'
[2026-08-26 17:44:55][info][CRDTCallbackManager] Successfully registered new data callback for pattern: '^/?cert/[^/]+'
[2026-08-26 17:44:55.543175000][th:85114604][info] GossipPubSub /ip4/0.0.0.0/tcp/54624/p2p/12D3KooWHUd93GJJreecTtVhCqAZp2e1zpqm2s755zwSTpF6mv3e: PubSub subscribed to topic 'consensus-channel-.3.7.144'
[2026-08-26 17:44:55.543194000][th:85114604][info] GossipPubSub /ip4/0.0.0.0/tcp/54624/p2p/12D3KooWHUd93GJJreecTtVhCqAZp2e1zpqm2s755zwSTpF6mv3e: PubSub subscribed to topic 'consensus-channel-.3.7.144#datastore.3.7.144'
[2026-08-26 17:44:55][info][CRDTCallbackManager] Successfully registered new data callback for pattern: '/?gnus-genesis-block'
[2026-08-26 17:44:55][info][CRDTCallbackManager] Successfully registered new data callback for pattern: '/?gnus-account-creation-.*'
[2026-08-26 17:44:55][info][CRDTCallbackManager] Successfully registered new data callback for pattern: '^/?/bc-144/tx/[^/]+'
[2026-08-26 17:44:55][info][CRDTCallbackManager] Successfully registered deleted data callback for pattern: '^/?/bc-144/tx/[^/]+'
[2026-08-26 17:44:55][info][CRDTCallbackManager] Successfully registered new data callback for pattern: '^/?/bc-963/tx/[^/]+'
[2026-08-26 17:44:55][info][CRDTCallbackManager] Successfully registered deleted data callback for pattern: '^/?/bc-963/tx/[^/]+'
[2026-08-26 17:44:55][info][CRDTCallbackManager] Successfully registered new data callback for pattern: '^/?/bc-369/tx/[^/]+'
[2026-08-26 17:44:55][info][CRDTCallbackManager] Successfully registered deleted data callback for pattern: '^/?/bc-369/tx/[^/]+'
[2026-08-26 17:44:55.543323000][th:85114457][info] GossipPubSub Adding new peer: 12D3KooWQRsoW9KLRQDPQZ7rVCPUqkQ7Q9iyh3ApF1ejpET5kdgE
[2026-08-26 17:44:55.543375000][th:85114457][info] GossipPubSub Adding new peer: 12D3KooWMyeVYVFrxcX4fQDC5TLMPMVeSa23qZyBhyCHNEPxTuRh
[2026-08-26 17:44:55.543418000][th:85114457][info] GossipPubSub Adding new peer: 12D3KooWHUd93GJJreecTtVhCqAZp2e1zpqm2s755zwSTpF6mv3e
[2026-08-26 17:44:55.543426000][th:85114495][info] GossipPubSub Adding new peer: 12D3KooWJefZJfa7vdiRjGupx6o5eBmV17K7iTQ61ASQNXnsAwrm
[2026-08-26 17:44:55.543472000][th:85114495][info] GossipPubSub Adding new peer: 12D3KooWMyeVYVFrxcX4fQDC5TLMPMVeSa23qZyBhyCHNEPxTuRh
[2026-08-26 17:44:55.543511000][th:85114495][info] GossipPubSub Adding new peer: 12D3KooWHUd93GJJreecTtVhCqAZp2e1zpqm2s755zwSTpF6mv3e
[2026-08-26 17:44:55.543521000][th:85114525][info] GossipPubSub Adding new peer: 12D3KooWJefZJfa7vdiRjGupx6o5eBmV17K7iTQ61ASQNXnsAwrm
[2026-08-26 17:44:55.543555000][th:85114525][info] GossipPubSub Adding new peer: 12D3KooWQRsoW9KLRQDPQZ7rVCPUqkQ7Q9iyh3ApF1ejpET5kdgE
[2026-08-26 17:44:55.543586000][th:85114525][info] GossipPubSub Adding new peer: 12D3KooWHUd93GJJreecTtVhCqAZp2e1zpqm2s755zwSTpF6mv3e
[2026-08-26 17:44:55.543618000][th:85114604][info] GossipPubSub Adding new peer: 12D3KooWJefZJfa7vdiRjGupx6o5eBmV17K7iTQ61ASQNXnsAwrm
[2026-08-26 17:44:55.543650000][th:85114604][info] GossipPubSub Adding new peer: 12D3KooWQRsoW9KLRQDPQZ7rVCPUqkQ7Q9iyh3ApF1ejpET5kdgE
[2026-08-26 17:44:55.543682000][th:85114604][info] GossipPubSub Adding new peer: 12D3KooWMyeVYVFrxcX4fQDC5TLMPMVeSa23qZyBhyCHNEPxTuRh
[2026-08-26 17:44:55][info][CRDTCallbackManager] Successfully unregistered new data callback for pattern: '^/?/bc-144/tx/[^/]+'
[2026-08-26 17:44:55][info][CRDTCallbackManager] Successfully unregistered deleted data callback for pattern: '^/?/bc-144/tx/[^/]+'
[2026-08-26 17:44:55][info][CRDTCallbackManager] Successfully unregistered new data callback for pattern: '^/?/bc-963/tx/[^/]+'
[2026-08-26 17:44:55][info][CRDTCallbackManager] Successfully unregistered deleted data callback for pattern: '^/?/bc-963/tx/[^/]+'
[2026-08-26 17:44:55][info][CRDTCallbackManager] Successfully unregistered new data callback for pattern: '^/?/bc-369/tx/[^/]+'
[2026-08-26 17:44:55][info][CRDTCallbackManager] Successfully unregistered deleted data callback for pattern: '^/?/bc-369/tx/[^/]+'
[2026-08-26 17:44:55][info][TransactionManager] [bb6f0197 - full: false] ~TransactionManager: Metrics — cert_fallback(success=0 failure=0) validation(approve=0 reject=0) tracking(insert=0 confirm=0 fail=0)
[2026-08-26 17:44:55][info][Blockchain] [bb6f0197] Stopping blockchain
[2026-08-26 17:44:55][info][CRDTCallbackManager] Successfully unregistered new data callback for pattern: '/?gnus-genesis-block'
[2026-08-26 17:44:55][info][CRDTCallbackManager] Successfully unregistered new data callback for pattern: '/?gnus-account-creation-.*'
[2026-08-26 17:44:55][info][CRDTCallbackManager] Successfully unregistered new data callback for pattern: '/?gnus-validator-registry'
[2026-08-26 17:44:55.654088000][th:85114457][error] GossipPubSub Address monitoring timer error: Operation canceled
[2026-08-26 17:44:55][error][PubSubBroadcasterExt] No message to process
[2026-08-26 17:44:55][error][PubSubBroadcasterExt] No message to process
[2026-08-26 17:44:56][debug][GlobalDB] ~GlobalDB CALLED with count 6 on multi_node_finality_fault/restart-mint-validator-one/rocksdb 
[2026-08-26 17:44:56][info][GlobalDB] GlobalDB shutdown start
[2026-08-26 17:44:56][info][CrdtDatastore] CancelAndCloseNow: begin (pending_jobs=0, self_queue=0, root_queue=0, pending_roots=0, active_root=false)
[2026-08-26 17:44:56][debug][GraphsyncDAGSyncer] Stopping Dagsyncer
[2026-08-26 17:44:56][debug][GraphsyncDAGSyncer] Dagsyncer Stopped
[2026-08-26 17:44:56][info][CrdtDatastore] CancelAndCloseNow: CRDT workers stopped
[2026-08-26 17:44:56][warning][CrdtDatastore] CancelAndCloseNow called but shutdown has already started
[2026-08-26 17:44:56][debug][GraphsyncDAGSyncer] ~GraphsyncDAGSyncer CALLED
[2026-08-26 17:44:56][info][GlobalDB] GlobalDB shutdown finished
[2026-08-26 17:44:56][info][CRDTCallbackManager] Successfully unregistered new data callback for pattern: '^/?/bc-144/tx/[^/]+'
[2026-08-26 17:44:56][info][CRDTCallbackManager] Successfully unregistered deleted data callback for pattern: '^/?/bc-144/tx/[^/]+'
[2026-08-26 17:44:56][info][CRDTCallbackManager] Successfully unregistered new data callback for pattern: '^/?/bc-963/tx/[^/]+'
[2026-08-26 17:44:56][info][CRDTCallbackManager] Successfully unregistered deleted data callback for pattern: '^/?/bc-963/tx/[^/]+'
[2026-08-26 17:44:56][info][CRDTCallbackManager] Successfully unregistered new data callback for pattern: '^/?/bc-369/tx/[^/]+'
[2026-08-26 17:44:56][info][CRDTCallbackManager] Successfully unregistered deleted data callback for pattern: '^/?/bc-369/tx/[^/]+'
[2026-08-26 17:44:56][info][TransactionManager] [c613e879 - full: false] ~TransactionManager: Metrics — cert_fallback(success=0 failure=0) validation(approve=0 reject=0) tracking(insert=0 confirm=0 fail=0)
[2026-08-26 17:44:56][info][Blockchain] [c613e879] Stopping blockchain
[2026-08-26 17:44:56][info][CRDTCallbackManager] Successfully unregistered new data callback for pattern: '/?gnus-genesis-block'
[2026-08-26 17:44:56][info][CRDTCallbackManager] Successfully unregistered new data callback for pattern: '/?gnus-account-creation-.*'
[2026-08-26 17:44:56][info][CRDTCallbackManager] Successfully unregistered new data callback for pattern: '/?gnus-validator-registry'
[2026-08-26 17:44:56.949076000][th:85114495][error] GossipPubSub Address monitoring timer error: Operation canceled
[2026-08-26 17:44:56][error][PubSubBroadcasterExt] No message to process
[2026-08-26 17:44:56][error][PubSubBroadcasterExt] No message to process
[2026-08-26 17:44:57][debug][GlobalDB] ~GlobalDB CALLED with count 6 on multi_node_finality_fault/restart-mint-validator-two/rocksdb 
[2026-08-26 17:44:57][info][GlobalDB] GlobalDB shutdown start
[2026-08-26 17:44:57][info][CrdtDatastore] CancelAndCloseNow: begin (pending_jobs=0, self_queue=0, root_queue=0, pending_roots=0, active_root=false)
[2026-08-26 17:44:57][debug][GraphsyncDAGSyncer] Stopping Dagsyncer
[2026-08-26 17:44:57][debug][GraphsyncDAGSyncer] Dagsyncer Stopped
[2026-08-26 17:44:57][info][CrdtDatastore] CancelAndCloseNow: CRDT workers stopped
[2026-08-26 17:44:57][warning][CrdtDatastore] CancelAndCloseNow called but shutdown has already started
[2026-08-26 17:44:57][debug][GraphsyncDAGSyncer] ~GraphsyncDAGSyncer CALLED
[2026-08-26 17:44:57][info][GlobalDB] GlobalDB shutdown finished
[2026-08-26 17:44:57][info][CRDTCallbackManager] Successfully unregistered new data callback for pattern: '^/?/bc-144/tx/[^/]+'
[2026-08-26 17:44:57][info][CRDTCallbackManager] Successfully unregistered deleted data callback for pattern: '^/?/bc-144/tx/[^/]+'
[2026-08-26 17:44:57][info][CRDTCallbackManager] Successfully unregistered new data callback for pattern: '^/?/bc-963/tx/[^/]+'
[2026-08-26 17:44:57][info][CRDTCallbackManager] Successfully unregistered deleted data callback for pattern: '^/?/bc-963/tx/[^/]+'
[2026-08-26 17:44:57][info][CRDTCallbackManager] Successfully unregistered new data callback for pattern: '^/?/bc-369/tx/[^/]+'
[2026-08-26 17:44:57][info][CRDTCallbackManager] Successfully unregistered deleted data callback for pattern: '^/?/bc-369/tx/[^/]+'
[2026-08-26 17:44:57][info][TransactionManager] [40686f88 - full: false] ~TransactionManager: Metrics — cert_fallback(success=0 failure=0) validation(approve=0 reject=0) tracking(insert=0 confirm=0 fail=0)
[2026-08-26 17:44:57][info][Blockchain] [40686f88] Stopping blockchain
[2026-08-26 17:44:57][info][CRDTCallbackManager] Successfully unregistered new data callback for pattern: '/?gnus-genesis-block'
[2026-08-26 17:44:57][info][CRDTCallbackManager] Successfully unregistered new data callback for pattern: '/?gnus-account-creation-.*'
[2026-08-26 17:44:57][info][CRDTCallbackManager] Successfully unregistered new data callback for pattern: '/?gnus-validator-registry'
[2026-08-26 17:44:57.976751000][th:85114525][error] GossipPubSub Address monitoring timer error: Operation canceled
[2026-08-26 17:44:57][error][PubSubBroadcasterExt] No message to process
[2026-08-26 17:44:57][error][PubSubBroadcasterExt] No message to process
[2026-08-26 17:44:58][debug][GlobalDB] ~GlobalDB CALLED with count 6 on multi_node_finality_fault/restart-mint-validator-three/rocksdb 
[2026-08-26 17:44:58][info][GlobalDB] GlobalDB shutdown start
[2026-08-26 17:44:58][info][CrdtDatastore] CancelAndCloseNow: begin (pending_jobs=0, self_queue=0, root_queue=0, pending_roots=0, active_root=false)
[2026-08-26 17:44:58][debug][GraphsyncDAGSyncer] Stopping Dagsyncer
[2026-08-26 17:44:58][debug][GraphsyncDAGSyncer] Dagsyncer Stopped
[2026-08-26 17:44:59][info][CrdtDatastore] CancelAndCloseNow: CRDT workers stopped
[2026-08-26 17:44:59][warning][CrdtDatastore] CancelAndCloseNow called but shutdown has already started
[2026-08-26 17:44:59][debug][GraphsyncDAGSyncer] ~GraphsyncDAGSyncer CALLED
[2026-08-26 17:44:59][info][GlobalDB] GlobalDB shutdown finished
[2026-08-26 17:44:59][info][CRDTCallbackManager] Successfully unregistered new data callback for pattern: '^/?/bc-144/tx/[^/]+'
[2026-08-26 17:44:59][info][CRDTCallbackManager] Successfully unregistered deleted data callback for pattern: '^/?/bc-144/tx/[^/]+'
[2026-08-26 17:44:59][info][CRDTCallbackManager] Successfully unregistered new data callback for pattern: '^/?/bc-963/tx/[^/]+'
[2026-08-26 17:44:59][info][CRDTCallbackManager] Successfully unregistered deleted data callback for pattern: '^/?/bc-963/tx/[^/]+'
[2026-08-26 17:44:59][info][CRDTCallbackManager] Successfully unregistered new data callback for pattern: '^/?/bc-369/tx/[^/]+'
[2026-08-26 17:44:59][info][CRDTCallbackManager] Successfully unregistered deleted data callback for pattern: '^/?/bc-369/tx/[^/]+'
[2026-08-26 17:44:59][info][TransactionManager] [16d2d649 - full: false] ~TransactionManager: Metrics — cert_fallback(success=0 failure=0) validation(approve=0 reject=0) tracking(insert=0 confirm=0 fail=0)
[2026-08-26 17:44:59][info][Blockchain] [16d2d649] Stopping blockchain
[2026-08-26 17:44:59][info][CRDTCallbackManager] Successfully unregistered new data callback for pattern: '/?gnus-genesis-block'
[2026-08-26 17:44:59][info][CRDTCallbackManager] Successfully unregistered new data callback for pattern: '/?gnus-account-creation-.*'
[2026-08-26 17:44:59][info][CRDTCallbackManager] Successfully unregistered new data callback for pattern: '/?gnus-validator-registry'
[2026-08-26 17:44:59.039145000][th:85114604][error] GossipPubSub Address monitoring timer error: Operation canceled
[2026-08-26 17:44:59][error][PubSubBroadcasterExt] No message to process
[2026-08-26 17:44:59][error][PubSubBroadcasterExt] No message to process
[2026-08-26 17:45:00][debug][GlobalDB] ~GlobalDB CALLED with count 6 on multi_node_finality_fault/restart-mint-passive/rocksdb 
[2026-08-26 17:45:00][info][GlobalDB] GlobalDB shutdown start
[2026-08-26 17:45:00][info][CrdtDatastore] CancelAndCloseNow: begin (pending_jobs=0, self_queue=0, root_queue=0, pending_roots=0, active_root=false)
[2026-08-26 17:45:00][debug][GraphsyncDAGSyncer] Stopping Dagsyncer
[2026-08-26 17:45:00][debug][GraphsyncDAGSyncer] Dagsyncer Stopped
[2026-08-26 17:45:00][info][CrdtDatastore] CancelAndCloseNow: CRDT workers stopped
[2026-08-26 17:45:00][warning][CrdtDatastore] CancelAndCloseNow called but shutdown has already started
[2026-08-26 17:45:00][debug][GraphsyncDAGSyncer] ~GraphsyncDAGSyncer CALLED
[2026-08-26 17:45:00][info][GlobalDB] GlobalDB shutdown finished
P12_MINT_MARKER_DIAG run=2 outcome=pass boundary=none state=complete error=none sequence=6
[2026-08-26 17:45:00.070001000][th:85113249][error] GossipPubSub Address monitoring timer error: Operation canceled
[2026-08-26 17:45:00][error][PubSubBroadcasterExt] No message to process
[2026-08-26 17:45:01][debug][GlobalDB] ~GlobalDB CALLED with count 5 on CRDT.Datastore.TEST.unit_1 
[2026-08-26 17:45:01][info][GlobalDB] GlobalDB shutdown start
[2026-08-26 17:45:01][info][CrdtDatastore] CancelAndCloseNow: begin (pending_jobs=0, self_queue=0, root_queue=0, pending_roots=0, active_root=false)
[2026-08-26 17:45:01][debug][GraphsyncDAGSyncer] Stopping Dagsyncer
[2026-08-26 17:45:01][debug][GraphsyncDAGSyncer] Dagsyncer Stopped
[2026-08-26 17:45:01][info][CrdtDatastore] CancelAndCloseNow: CRDT workers stopped
[2026-08-26 17:45:01][warning][CrdtDatastore] CancelAndCloseNow called but shutdown has already started
[2026-08-26 17:45:01][debug][GraphsyncDAGSyncer] ~GraphsyncDAGSyncer CALLED
[2026-08-26 17:45:01][info][GlobalDB] GlobalDB shutdown finished
[       OK ] FinalityFaultNetwork.RestartAtVoteCertificateAndMintDurableBoundariesRecoversExactlyOnce (55476 ms)
[----------] 1 test from FinalityFaultNetwork (55476 ms total)

[----------] Global test environment tear-down
[==========] 1 test from 1 test suite ran. (55477 ms total)
[  PASSED  ] 1 test.
