Running main() from /Users/henriqueklein/gnus/thirdparty/GTest/googletest/src/gtest_main.cc
Note: Google Test filter = FinalityFaultNetwork.RestartAtVoteCertificateAndMintDurableBoundariesRecoversExactlyOnce
[==========] Running 1 test from 1 test suite.
[----------] Global test environment set-up.
[----------] 1 test from FinalityFaultNetwork
[ RUN      ] FinalityFaultNetwork.RestartAtVoteCertificateAndMintDurableBoundariesRecoversExactlyOnce
[2026-08-26 17:45:18][info][KeyPairFileStorage] Path to keypairs CRDT.Datastore.TEST/unit_test_1
[2026-08-26 17:45:18][info][KeyPairFileStorage] Peer ID from public key: 12D3KooWQBCLRJbAxMzZ32ZTG5hsJY4DP1xHiCxXLPK8S7ddpWwk
Current limits: 1048575 (soft), 9223372036854775807 (hard)
New limits set successfully: 16384 (soft), 9223372036854775807 (hard)
Initialized relay addresses
[2026-08-26 17:45:18][info][GlobalDB] Opening database /Users/henriqueklein/gnus/SuperGenius/CRDT.Datastore.TEST.unit_1
[2026-08-26 17:45:18][debug][GraphsyncDAGSyncer] GraphSyncer created 4527772728 
[2026-08-26 17:45:18][info][CrdtDatastore] crdt Datastore created. Number of heads: 0 Current max-height: 0
[2026-08-26 17:45:18.878660000][th:85114896][info] GossipPubSub /ip4/0.0.0.0/tcp/40001/p2p/12D3KooWQBCLRJbAxMzZ32ZTG5hsJY4DP1xHiCxXLPK8S7ddpWwk: Starting PubSub service
[2026-08-26 17:45:18.878723000][th:85114924][info] GossipPubSub /ip4/0.0.0.0/tcp/40001/p2p/12D3KooWQBCLRJbAxMzZ32ZTG5hsJY4DP1xHiCxXLPK8S7ddpWwk: PubSub subscribed to topic 'CRDT.Datastore.TEST.Channel.3.7.144'
[2026-08-26 17:45:18.878747000][th:85114924][info] GossipPubSub Starting address monitoring system for mobile network changes
[2026-08-26 17:45:18.878751000][th:85114924][info] GossipPubSub === CURRENT NETWORK STATE ===
[2026-08-26 17:45:18.878761000][th:85114924][info] GossipPubSub Primary listening address: /ip4/0.0.0.0/tcp/40001/p2p/12D3KooWQBCLRJbAxMzZ32ZTG5hsJY4DP1xHiCxXLPK8S7ddpWwk
[2026-08-26 17:45:18.878764000][th:85114924][info] GossipPubSub Host peer info addresses (0):
[2026-08-26 17:45:18.878767000][th:85114924][info] GossipPubSub Additional addresses we track (0):
[2026-08-26 17:45:18.878770000][th:85114924][info] GossipPubSub Listening addresses (1):
[2026-08-26 17:45:18.878773000][th:85114924][info] GossipPubSub   -> /ip4/0.0.0.0/tcp/40001/p2p/12D3KooWQBCLRJbAxMzZ32ZTG5hsJY4DP1xHiCxXLPK8S7ddpWwk
[2026-08-26 17:45:18.878775000][th:85114924][info] GossipPubSub Interface addresses (0):
[2026-08-26 17:45:18.878778000][th:85114924][info] GossipPubSub === RAW OBSERVED ADDRESS DEBUG ===
[2026-08-26 17:45:18.878781000][th:85114924][info] GossipPubSub Local address: /ip4/0.0.0.0/tcp/40001/p2p/12D3KooWQBCLRJbAxMzZ32ZTG5hsJY4DP1xHiCxXLPK8S7ddpWwk -> 0 raw observed, 0 activated+confirmed
[2026-08-26 17:45:18.878784000][th:85114924][info] GossipPubSub TOTAL: 0 raw observed addresses, 0 activated+confirmed addresses
[2026-08-26 17:45:18.878786000][th:85114924][info] GossipPubSub === END RAW OBSERVED ADDRESS DEBUG ===
[2026-08-26 17:45:18.878788000][th:85114924][info] GossipPubSub Observed addresses - all (0):
[2026-08-26 17:45:18.878791000][th:85114924][info] GossipPubSub Observed addresses - confirmed only (0):
[2026-08-26 17:45:18.878793000][th:85114924][info] GossipPubSub Relay addresses (0):
[2026-08-26 17:45:18.878798000][th:85114924][warning] GossipPubSub Failed to get addresses from peer repository: not found
[2026-08-26 17:45:18.878952000][th:85114924][info] GossipPubSub Found 1 valid network interfaces
[2026-08-26 17:45:18.878958000][th:85114924][info] GossipPubSub Current network interfaces (1):
[2026-08-26 17:45:18.878962000][th:85114924][info] GossipPubSub   -> 192.168.1.6
[2026-08-26 17:45:18.878965000][th:85114924][info] GossipPubSub Active connections: 0
[2026-08-26 17:45:18.878968000][th:85114924][info] GossipPubSub === PEER CONNECTION DETAILS ===
[2026-08-26 17:45:18.878971000][th:85114924][info] GossipPubSub NOTE: Observed addresses need to be seen by 4+ different peer groups to become 'activated'
[2026-08-26 17:45:18.878973000][th:85114924][info] GossipPubSub NOTE: Current connections: 0, so max possible observers: 0
[2026-08-26 17:45:18.878988000][th:85114924][info] GossipPubSub === END PEER CONNECTION DETAILS ===
[2026-08-26 17:45:18.878990000][th:85114924][info] GossipPubSub Connection manager stats:
[2026-08-26 17:45:18.878992000][th:85114924][info] GossipPubSub   -> Max connections: 1000
[2026-08-26 17:45:18.878994000][th:85114924][info] GossipPubSub   -> Current connections: 0
[2026-08-26 17:45:18.878995000][th:85114924][info] GossipPubSub === END NETWORK STATE ===
[2026-08-26 17:45:18.879021000][th:85114924][info] GossipPubSub /ip4/0.0.0.0/tcp/40001/p2p/12D3KooWQBCLRJbAxMzZ32ZTG5hsJY4DP1xHiCxXLPK8S7ddpWwk : PubSub service started
[2026-08-26 17:45:18][info][KeyPairFileStorage] Path to keypairs multi_node_finality_fault/restart-vote-validator-one/keypair
[2026-08-26 17:45:18][info][KeyPairFileStorage] Peer ID from public key: 12D3KooWP37uovwQcpkupguqJE2WQa7M5XD8WQm3mhabqmaJ9M5F
Current limits: 16384 (soft), 9223372036854775807 (hard)
New limits set successfully: 16384 (soft), 9223372036854775807 (hard)
Initialized relay addresses
[2026-08-26 17:45:18.880717000][th:85114896][info] GossipPubSub /ip4/0.0.0.0/tcp/54601/p2p/12D3KooWP37uovwQcpkupguqJE2WQa7M5XD8WQm3mhabqmaJ9M5F: Starting PubSub service
[2026-08-26 17:45:18.880756000][th:85114925][info] GossipPubSub Starting address monitoring system for mobile network changes
[2026-08-26 17:45:18.880758000][th:85114925][info] GossipPubSub === CURRENT NETWORK STATE ===
[2026-08-26 17:45:18.880764000][th:85114925][info] GossipPubSub Primary listening address: /ip4/0.0.0.0/tcp/54601/p2p/12D3KooWP37uovwQcpkupguqJE2WQa7M5XD8WQm3mhabqmaJ9M5F
[2026-08-26 17:45:18.880766000][th:85114925][info] GossipPubSub Host peer info addresses (0):
[2026-08-26 17:45:18.880768000][th:85114925][info] GossipPubSub Additional addresses we track (0):
[2026-08-26 17:45:18.880770000][th:85114925][info] GossipPubSub Listening addresses (1):
[2026-08-26 17:45:18.880772000][th:85114925][info] GossipPubSub   -> /ip4/0.0.0.0/tcp/54601/p2p/12D3KooWP37uovwQcpkupguqJE2WQa7M5XD8WQm3mhabqmaJ9M5F
[2026-08-26 17:45:18.880773000][th:85114925][info] GossipPubSub Interface addresses (0):
[2026-08-26 17:45:18.880775000][th:85114925][info] GossipPubSub === RAW OBSERVED ADDRESS DEBUG ===
[2026-08-26 17:45:18.880777000][th:85114925][info] GossipPubSub Local address: /ip4/0.0.0.0/tcp/54601/p2p/12D3KooWP37uovwQcpkupguqJE2WQa7M5XD8WQm3mhabqmaJ9M5F -> 0 raw observed, 0 activated+confirmed
[2026-08-26 17:45:18.880779000][th:85114925][info] GossipPubSub TOTAL: 0 raw observed addresses, 0 activated+confirmed addresses
[2026-08-26 17:45:18.880781000][th:85114925][info] GossipPubSub === END RAW OBSERVED ADDRESS DEBUG ===
[2026-08-26 17:45:18.880783000][th:85114925][info] GossipPubSub Observed addresses - all (0):
[2026-08-26 17:45:18.880784000][th:85114925][info] GossipPubSub Observed addresses - confirmed only (0):
[2026-08-26 17:45:18.880786000][th:85114925][info] GossipPubSub Relay addresses (0):
[2026-08-26 17:45:18.880788000][th:85114925][warning] GossipPubSub Failed to get addresses from peer repository: not found
[2026-08-26 17:45:18.880811000][th:85114925][info] GossipPubSub Found 1 valid network interfaces
[2026-08-26 17:45:18.880813000][th:85114925][info] GossipPubSub Current network interfaces (1):
[2026-08-26 17:45:18.880815000][th:85114925][info] GossipPubSub   -> 192.168.1.6
[2026-08-26 17:45:18.880816000][th:85114925][info] GossipPubSub Active connections: 0
[2026-08-26 17:45:18.880818000][th:85114925][info] GossipPubSub === PEER CONNECTION DETAILS ===
[2026-08-26 17:45:18.880819000][th:85114925][info] GossipPubSub NOTE: Observed addresses need to be seen by 4+ different peer groups to become 'activated'
[2026-08-26 17:45:18.880821000][th:85114925][info] GossipPubSub NOTE: Current connections: 0, so max possible observers: 0
[2026-08-26 17:45:18.880823000][th:85114925][info] GossipPubSub === END PEER CONNECTION DETAILS ===
[2026-08-26 17:45:18.880824000][th:85114925][info] GossipPubSub Connection manager stats:
[2026-08-26 17:45:18.880826000][th:85114925][info] GossipPubSub   -> Max connections: 1000
[2026-08-26 17:45:18.880827000][th:85114925][info] GossipPubSub   -> Current connections: 0
[2026-08-26 17:45:18.880833000][th:85114925][info] GossipPubSub === END NETWORK STATE ===
[2026-08-26 17:45:18.880970000][th:85114925][info] GossipPubSub /ip4/0.0.0.0/tcp/54601/p2p/12D3KooWP37uovwQcpkupguqJE2WQa7M5XD8WQm3mhabqmaJ9M5F : PubSub service started
[2026-08-26 17:45:18][info][GlobalDB] Opening database /Users/henriqueklein/gnus/SuperGenius/multi_node_finality_fault/restart-vote-validator-one/rocksdb
[2026-08-26 17:45:18][debug][GraphsyncDAGSyncer] GraphSyncer created 5075137016 
[2026-08-26 17:45:18][info][CrdtDatastore] crdt Datastore created. Number of heads: 0 Current max-height: 0
[2026-08-26 17:45:18][info][GeniusAccount] Secure storage ID path: /Users/henriqueklein/gnus/SuperGenius/multi_node_finality_fault/restart-vote-validator-one/account/secure_storage_id
[2026-08-26 17:45:18][error][GeniusAccount] Could not find existing Genius address, generating one from a random mnemonic
[2026-08-26 17:45:18][warning][UTXOManager] Found UTXOs in storage, but there were none
[2026-08-26 17:45:18][info][Blockchain] [66811a40] Blockchain instance created with authorized full node: 8a33bdf1
[2026-08-26 17:45:18][error][ValidatorRegistry] InitializeCache: registry content not found during cache init
[2026-08-26 17:45:18][info][CRDTCallbackManager] Successfully registered new data callback for pattern: '/?gnus-validator-registry'
[2026-08-26 17:45:18][info][ValidatorRegistry] RegisterFilter: result=true
[2026-08-26 17:45:18][info][ValidatorRegistry] New: instance ready
[2026-08-26 17:45:18.909469000][th:85114925][info] GossipPubSub /ip4/0.0.0.0/tcp/54601/p2p/12D3KooWP37uovwQcpkupguqJE2WQa7M5XD8WQm3mhabqmaJ9M5F: PubSub subscribed to topic 'gnus-validator-registry.3.7.144'
[2026-08-26 17:45:18][info][CRDTCallbackManager] Successfully registered new data callback for pattern: '^/?cert/[^/]+'
[2026-08-26 17:45:18.909491000][th:85114925][info] GossipPubSub /ip4/0.0.0.0/tcp/54601/p2p/12D3KooWP37uovwQcpkupguqJE2WQa7M5XD8WQm3mhabqmaJ9M5F: PubSub subscribed to topic 'consensus-channel-.3.7.144'
[2026-08-26 17:45:18][warning][Blockchain] [66811a40] Failed to request validator registry during blockchain init
[2026-08-26 17:45:18.909512000][th:85114925][info] GossipPubSub /ip4/0.0.0.0/tcp/54601/p2p/12D3KooWP37uovwQcpkupguqJE2WQa7M5XD8WQm3mhabqmaJ9M5F: PubSub subscribed to topic 'consensus-channel-.3.7.144#datastore.3.7.144'
[2026-08-26 17:45:18][info][CRDTCallbackManager] Successfully registered new data callback for pattern: '/?gnus-genesis-block'
[2026-08-26 17:45:18][info][CRDTCallbackManager] Successfully registered new data callback for pattern: '/?gnus-account-creation-.*'
[2026-08-26 17:45:18][info][CRDTCallbackManager] Successfully registered new data callback for pattern: '^/?/bc-144/tx/[^/]+'
[2026-08-26 17:45:18][info][CRDTCallbackManager] Successfully registered deleted data callback for pattern: '^/?/bc-144/tx/[^/]+'
[2026-08-26 17:45:18][info][CRDTCallbackManager] Successfully registered new data callback for pattern: '^/?/bc-963/tx/[^/]+'
[2026-08-26 17:45:18][info][CRDTCallbackManager] Successfully registered deleted data callback for pattern: '^/?/bc-963/tx/[^/]+'
[2026-08-26 17:45:18][info][CRDTCallbackManager] Successfully registered new data callback for pattern: '^/?/bc-369/tx/[^/]+'
[2026-08-26 17:45:18][info][CRDTCallbackManager] Successfully registered deleted data callback for pattern: '^/?/bc-369/tx/[^/]+'
[2026-08-26 17:45:18][info][KeyPairFileStorage] Path to keypairs multi_node_finality_fault/restart-vote-validator-two/keypair
[2026-08-26 17:45:18][info][KeyPairFileStorage] Peer ID from public key: 12D3KooWQgSz2yJZU59tPD2DJk7gaHffAd2K59VHwBPZUXqnf6uP
Current limits: 16384 (soft), 9223372036854775807 (hard)
New limits set successfully: 16384 (soft), 9223372036854775807 (hard)
Initialized relay addresses
[2026-08-26 17:45:18.911290000][th:85114896][info] GossipPubSub /ip4/0.0.0.0/tcp/54602/p2p/12D3KooWQgSz2yJZU59tPD2DJk7gaHffAd2K59VHwBPZUXqnf6uP: Starting PubSub service
[2026-08-26 17:45:18.911342000][th:85114948][info] GossipPubSub Starting address monitoring system for mobile network changes
[2026-08-26 17:45:18.911351000][th:85114948][info] GossipPubSub === CURRENT NETWORK STATE ===
[2026-08-26 17:45:18.911358000][th:85114948][info] GossipPubSub Primary listening address: /ip4/0.0.0.0/tcp/54602/p2p/12D3KooWQgSz2yJZU59tPD2DJk7gaHffAd2K59VHwBPZUXqnf6uP
[2026-08-26 17:45:18.911360000][th:85114948][info] GossipPubSub Host peer info addresses (0):
[2026-08-26 17:45:18.911362000][th:85114948][info] GossipPubSub Additional addresses we track (0):
[2026-08-26 17:45:18.911364000][th:85114948][info] GossipPubSub Listening addresses (1):
[2026-08-26 17:45:18.911366000][th:85114948][info] GossipPubSub   -> /ip4/0.0.0.0/tcp/54602/p2p/12D3KooWQgSz2yJZU59tPD2DJk7gaHffAd2K59VHwBPZUXqnf6uP
[2026-08-26 17:45:18.911368000][th:85114948][info] GossipPubSub Interface addresses (0):
[2026-08-26 17:45:18.911370000][th:85114948][info] GossipPubSub === RAW OBSERVED ADDRESS DEBUG ===
[2026-08-26 17:45:18.911373000][th:85114948][info] GossipPubSub Local address: /ip4/0.0.0.0/tcp/54602/p2p/12D3KooWQgSz2yJZU59tPD2DJk7gaHffAd2K59VHwBPZUXqnf6uP -> 0 raw observed, 0 activated+confirmed
[2026-08-26 17:45:18.911375000][th:85114948][info] GossipPubSub TOTAL: 0 raw observed addresses, 0 activated+confirmed addresses
[2026-08-26 17:45:18.911376000][th:85114948][info] GossipPubSub === END RAW OBSERVED ADDRESS DEBUG ===
[2026-08-26 17:45:18.911378000][th:85114948][info] GossipPubSub Observed addresses - all (0):
[2026-08-26 17:45:18.911380000][th:85114948][info] GossipPubSub Observed addresses - confirmed only (0):
[2026-08-26 17:45:18.911382000][th:85114948][info] GossipPubSub Relay addresses (0):
[2026-08-26 17:45:18.911385000][th:85114948][warning] GossipPubSub Failed to get addresses from peer repository: not found
[2026-08-26 17:45:18.911422000][th:85114948][info] GossipPubSub Found 1 valid network interfaces
[2026-08-26 17:45:18.911425000][th:85114948][info] GossipPubSub Current network interfaces (1):
[2026-08-26 17:45:18.911426000][th:85114948][info] GossipPubSub   -> 192.168.1.6
[2026-08-26 17:45:18.911429000][th:85114948][info] GossipPubSub Active connections: 0
[2026-08-26 17:45:18.911430000][th:85114948][info] GossipPubSub === PEER CONNECTION DETAILS ===
[2026-08-26 17:45:18.911432000][th:85114948][info] GossipPubSub NOTE: Observed addresses need to be seen by 4+ different peer groups to become 'activated'
[2026-08-26 17:45:18.911434000][th:85114948][info] GossipPubSub NOTE: Current connections: 0, so max possible observers: 0
[2026-08-26 17:45:18.911435000][th:85114948][info] GossipPubSub === END PEER CONNECTION DETAILS ===
[2026-08-26 17:45:18.911437000][th:85114948][info] GossipPubSub Connection manager stats:
[2026-08-26 17:45:18.911439000][th:85114948][info] GossipPubSub   -> Max connections: 1000
[2026-08-26 17:45:18.911440000][th:85114948][info] GossipPubSub   -> Current connections: 0
[2026-08-26 17:45:18.911442000][th:85114948][info] GossipPubSub === END NETWORK STATE ===
[2026-08-26 17:45:18.911587000][th:85114948][info] GossipPubSub /ip4/0.0.0.0/tcp/54602/p2p/12D3KooWQgSz2yJZU59tPD2DJk7gaHffAd2K59VHwBPZUXqnf6uP : PubSub service started
[2026-08-26 17:45:18][info][GlobalDB] Opening database /Users/henriqueklein/gnus/SuperGenius/multi_node_finality_fault/restart-vote-validator-two/rocksdb
[2026-08-26 17:45:18][debug][GraphsyncDAGSyncer] GraphSyncer created 4527808872 
[2026-08-26 17:45:18][info][CrdtDatastore] crdt Datastore created. Number of heads: 0 Current max-height: 0
[2026-08-26 17:45:18][info][GeniusAccount] Secure storage ID path: /Users/henriqueklein/gnus/SuperGenius/multi_node_finality_fault/restart-vote-validator-two/account/secure_storage_id
[2026-08-26 17:45:18][error][GeniusAccount] Could not find existing Genius address, generating one from a random mnemonic
[2026-08-26 17:45:18][warning][UTXOManager] Found UTXOs in storage, but there were none
[2026-08-26 17:45:18][info][Blockchain] [2efefed1] Blockchain instance created with authorized full node: 8a33bdf1
[2026-08-26 17:45:18][error][ValidatorRegistry] InitializeCache: registry content not found during cache init
[2026-08-26 17:45:18][info][CRDTCallbackManager] Successfully registered new data callback for pattern: '/?gnus-validator-registry'
[2026-08-26 17:45:18][info][ValidatorRegistry] RegisterFilter: result=true
[2026-08-26 17:45:18][info][ValidatorRegistry] New: instance ready
[2026-08-26 17:45:18.952938000][th:85114948][info] GossipPubSub /ip4/0.0.0.0/tcp/54602/p2p/12D3KooWQgSz2yJZU59tPD2DJk7gaHffAd2K59VHwBPZUXqnf6uP: PubSub subscribed to topic 'gnus-validator-registry.3.7.144'
[2026-08-26 17:45:18][info][CRDTCallbackManager] Successfully registered new data callback for pattern: '^/?cert/[^/]+'
[2026-08-26 17:45:18.952959000][th:85114948][info] GossipPubSub /ip4/0.0.0.0/tcp/54602/p2p/12D3KooWQgSz2yJZU59tPD2DJk7gaHffAd2K59VHwBPZUXqnf6uP: PubSub subscribed to topic 'consensus-channel-.3.7.144'
[2026-08-26 17:45:18][warning][Blockchain] [2efefed1] Failed to request validator registry during blockchain init
[2026-08-26 17:45:18.952976000][th:85114948][info] GossipPubSub /ip4/0.0.0.0/tcp/54602/p2p/12D3KooWQgSz2yJZU59tPD2DJk7gaHffAd2K59VHwBPZUXqnf6uP: PubSub subscribed to topic 'consensus-channel-.3.7.144#datastore.3.7.144'
[2026-08-26 17:45:18][info][CRDTCallbackManager] Successfully registered new data callback for pattern: '/?gnus-genesis-block'
[2026-08-26 17:45:18][info][CRDTCallbackManager] Successfully registered new data callback for pattern: '/?gnus-account-creation-.*'
[2026-08-26 17:45:18][info][CRDTCallbackManager] Successfully registered new data callback for pattern: '^/?/bc-144/tx/[^/]+'
[2026-08-26 17:45:18][info][CRDTCallbackManager] Successfully registered deleted data callback for pattern: '^/?/bc-144/tx/[^/]+'
[2026-08-26 17:45:18][info][CRDTCallbackManager] Successfully registered new data callback for pattern: '^/?/bc-963/tx/[^/]+'
[2026-08-26 17:45:18][info][CRDTCallbackManager] Successfully registered deleted data callback for pattern: '^/?/bc-963/tx/[^/]+'
[2026-08-26 17:45:18][info][CRDTCallbackManager] Successfully registered new data callback for pattern: '^/?/bc-369/tx/[^/]+'
[2026-08-26 17:45:18][info][CRDTCallbackManager] Successfully registered deleted data callback for pattern: '^/?/bc-369/tx/[^/]+'
[2026-08-26 17:45:18][info][KeyPairFileStorage] Path to keypairs multi_node_finality_fault/restart-vote-validator-three/keypair
[2026-08-26 17:45:18][info][KeyPairFileStorage] Peer ID from public key: 12D3KooWG9QGG6kagchS8hQNuFHZ4bvtimKjccAhPiPuhj533Ng4
Current limits: 16384 (soft), 9223372036854775807 (hard)
New limits set successfully: 16384 (soft), 9223372036854775807 (hard)
Initialized relay addresses
[2026-08-26 17:45:18.954513000][th:85114896][info] GossipPubSub /ip4/0.0.0.0/tcp/54603/p2p/12D3KooWG9QGG6kagchS8hQNuFHZ4bvtimKjccAhPiPuhj533Ng4: Starting PubSub service
[2026-08-26 17:45:18.954560000][th:85114978][info] GossipPubSub Starting address monitoring system for mobile network changes
[2026-08-26 17:45:18.954565000][th:85114978][info] GossipPubSub === CURRENT NETWORK STATE ===
[2026-08-26 17:45:18.954574000][th:85114978][info] GossipPubSub Primary listening address: /ip4/0.0.0.0/tcp/54603/p2p/12D3KooWG9QGG6kagchS8hQNuFHZ4bvtimKjccAhPiPuhj533Ng4
[2026-08-26 17:45:18.954576000][th:85114978][info] GossipPubSub Host peer info addresses (0):
[2026-08-26 17:45:18.954577000][th:85114978][info] GossipPubSub Additional addresses we track (0):
[2026-08-26 17:45:18.954579000][th:85114978][info] GossipPubSub Listening addresses (1):
[2026-08-26 17:45:18.954581000][th:85114978][info] GossipPubSub   -> /ip4/0.0.0.0/tcp/54603/p2p/12D3KooWG9QGG6kagchS8hQNuFHZ4bvtimKjccAhPiPuhj533Ng4
[2026-08-26 17:45:18.954583000][th:85114978][info] GossipPubSub Interface addresses (0):
[2026-08-26 17:45:18.954584000][th:85114978][info] GossipPubSub === RAW OBSERVED ADDRESS DEBUG ===
[2026-08-26 17:45:18.954587000][th:85114978][info] GossipPubSub Local address: /ip4/0.0.0.0/tcp/54603/p2p/12D3KooWG9QGG6kagchS8hQNuFHZ4bvtimKjccAhPiPuhj533Ng4 -> 0 raw observed, 0 activated+confirmed
[2026-08-26 17:45:18.954589000][th:85114978][info] GossipPubSub TOTAL: 0 raw observed addresses, 0 activated+confirmed addresses
[2026-08-26 17:45:18.954590000][th:85114978][info] GossipPubSub === END RAW OBSERVED ADDRESS DEBUG ===
[2026-08-26 17:45:18.954596000][th:85114978][info] GossipPubSub Observed addresses - all (0):
[2026-08-26 17:45:18.954598000][th:85114978][info] GossipPubSub Observed addresses - confirmed only (0):
[2026-08-26 17:45:18.954599000][th:85114978][info] GossipPubSub Relay addresses (0):
[2026-08-26 17:45:18.954602000][th:85114978][warning] GossipPubSub Failed to get addresses from peer repository: not found
[2026-08-26 17:45:18.954638000][th:85114978][info] GossipPubSub Found 1 valid network interfaces
[2026-08-26 17:45:18.954640000][th:85114978][info] GossipPubSub Current network interfaces (1):
[2026-08-26 17:45:18.954642000][th:85114978][info] GossipPubSub   -> 192.168.1.6
[2026-08-26 17:45:18.954643000][th:85114978][info] GossipPubSub Active connections: 0
[2026-08-26 17:45:18.954645000][th:85114978][info] GossipPubSub === PEER CONNECTION DETAILS ===
[2026-08-26 17:45:18.954646000][th:85114978][info] GossipPubSub NOTE: Observed addresses need to be seen by 4+ different peer groups to become 'activated'
[2026-08-26 17:45:18.954648000][th:85114978][info] GossipPubSub NOTE: Current connections: 0, so max possible observers: 0
[2026-08-26 17:45:18.954649000][th:85114978][info] GossipPubSub === END PEER CONNECTION DETAILS ===
[2026-08-26 17:45:18.954651000][th:85114978][info] GossipPubSub Connection manager stats:
[2026-08-26 17:45:18.954652000][th:85114978][info] GossipPubSub   -> Max connections: 1000
[2026-08-26 17:45:18.954654000][th:85114978][info] GossipPubSub   -> Current connections: 0
[2026-08-26 17:45:18.954655000][th:85114978][info] GossipPubSub === END NETWORK STATE ===
[2026-08-26 17:45:18.954809000][th:85114978][info] GossipPubSub /ip4/0.0.0.0/tcp/54603/p2p/12D3KooWG9QGG6kagchS8hQNuFHZ4bvtimKjccAhPiPuhj533Ng4 : PubSub service started
[2026-08-26 17:45:18][info][GlobalDB] Opening database /Users/henriqueklein/gnus/SuperGenius/multi_node_finality_fault/restart-vote-validator-three/rocksdb
[2026-08-26 17:45:18][debug][GraphsyncDAGSyncer] GraphSyncer created 5066177800 
[2026-08-26 17:45:18][info][CrdtDatastore] crdt Datastore created. Number of heads: 0 Current max-height: 0
[2026-08-26 17:45:18][info][GeniusAccount] Secure storage ID path: /Users/henriqueklein/gnus/SuperGenius/multi_node_finality_fault/restart-vote-validator-three/account/secure_storage_id
[2026-08-26 17:45:18][error][GeniusAccount] Could not find existing Genius address, generating one from a random mnemonic
[2026-08-26 17:45:18][warning][UTXOManager] Found UTXOs in storage, but there were none
[2026-08-26 17:45:18][info][Blockchain] [50739559] Blockchain instance created with authorized full node: 8a33bdf1
[2026-08-26 17:45:18][error][ValidatorRegistry] InitializeCache: registry content not found during cache init
[2026-08-26 17:45:18][info][CRDTCallbackManager] Successfully registered new data callback for pattern: '/?gnus-validator-registry'
[2026-08-26 17:45:18][info][ValidatorRegistry] RegisterFilter: result=true
[2026-08-26 17:45:18][info][ValidatorRegistry] New: instance ready
[2026-08-26 17:45:18.994827000][th:85114978][info] GossipPubSub /ip4/0.0.0.0/tcp/54603/p2p/12D3KooWG9QGG6kagchS8hQNuFHZ4bvtimKjccAhPiPuhj533Ng4: PubSub subscribed to topic 'gnus-validator-registry.3.7.144'
[2026-08-26 17:45:18][info][CRDTCallbackManager] Successfully registered new data callback for pattern: '^/?cert/[^/]+'
[2026-08-26 17:45:18.994850000][th:85114978][info] GossipPubSub /ip4/0.0.0.0/tcp/54603/p2p/12D3KooWG9QGG6kagchS8hQNuFHZ4bvtimKjccAhPiPuhj533Ng4: PubSub subscribed to topic 'consensus-channel-.3.7.144'
[2026-08-26 17:45:18][warning][Blockchain] [50739559] Failed to request validator registry during blockchain init
[2026-08-26 17:45:18][info][CRDTCallbackManager] Successfully registered new data callback for pattern: '/?gnus-genesis-block'
[2026-08-26 17:45:18][info][CRDTCallbackManager] Successfully registered new data callback for pattern: '/?gnus-account-creation-.*'
[2026-08-26 17:45:18.994868000][th:85114978][info] GossipPubSub /ip4/0.0.0.0/tcp/54603/p2p/12D3KooWG9QGG6kagchS8hQNuFHZ4bvtimKjccAhPiPuhj533Ng4: PubSub subscribed to topic 'consensus-channel-.3.7.144#datastore.3.7.144'
[2026-08-26 17:45:18][info][CRDTCallbackManager] Successfully registered new data callback for pattern: '^/?/bc-144/tx/[^/]+'
[2026-08-26 17:45:18][info][CRDTCallbackManager] Successfully registered deleted data callback for pattern: '^/?/bc-144/tx/[^/]+'
[2026-08-26 17:45:18][info][CRDTCallbackManager] Successfully registered new data callback for pattern: '^/?/bc-963/tx/[^/]+'
[2026-08-26 17:45:18][info][CRDTCallbackManager] Successfully registered deleted data callback for pattern: '^/?/bc-963/tx/[^/]+'
[2026-08-26 17:45:18][info][CRDTCallbackManager] Successfully registered new data callback for pattern: '^/?/bc-369/tx/[^/]+'
[2026-08-26 17:45:18][info][CRDTCallbackManager] Successfully registered deleted data callback for pattern: '^/?/bc-369/tx/[^/]+'
[2026-08-26 17:45:18][info][KeyPairFileStorage] Path to keypairs multi_node_finality_fault/restart-vote-passive/keypair
[2026-08-26 17:45:18][info][KeyPairFileStorage] Peer ID from public key: 12D3KooWNydaopnRPY4HBFrWgjA6waUHZz7DejrWab78qHvEs6Re
Current limits: 16384 (soft), 9223372036854775807 (hard)
New limits set successfully: 16384 (soft), 9223372036854775807 (hard)
Initialized relay addresses
[2026-08-26 17:45:18.996432000][th:85114896][info] GossipPubSub /ip4/0.0.0.0/tcp/54604/p2p/12D3KooWNydaopnRPY4HBFrWgjA6waUHZz7DejrWab78qHvEs6Re: Starting PubSub service
[2026-08-26 17:45:18.996487000][th:85115005][info] GossipPubSub Starting address monitoring system for mobile network changes
[2026-08-26 17:45:18.996522000][th:85115005][info] GossipPubSub === CURRENT NETWORK STATE ===
[2026-08-26 17:45:18.996531000][th:85115005][info] GossipPubSub Primary listening address: /ip4/0.0.0.0/tcp/54604/p2p/12D3KooWNydaopnRPY4HBFrWgjA6waUHZz7DejrWab78qHvEs6Re
[2026-08-26 17:45:18.996534000][th:85115005][info] GossipPubSub Host peer info addresses (0):
[2026-08-26 17:45:18.996536000][th:85115005][info] GossipPubSub Additional addresses we track (0):
[2026-08-26 17:45:18.996537000][th:85115005][info] GossipPubSub Listening addresses (1):
[2026-08-26 17:45:18.996539000][th:85115005][info] GossipPubSub   -> /ip4/0.0.0.0/tcp/54604/p2p/12D3KooWNydaopnRPY4HBFrWgjA6waUHZz7DejrWab78qHvEs6Re
[2026-08-26 17:45:18.996541000][th:85115005][info] GossipPubSub Interface addresses (0):
[2026-08-26 17:45:18.996543000][th:85115005][info] GossipPubSub === RAW OBSERVED ADDRESS DEBUG ===
[2026-08-26 17:45:18.996546000][th:85115005][info] GossipPubSub Local address: /ip4/0.0.0.0/tcp/54604/p2p/12D3KooWNydaopnRPY4HBFrWgjA6waUHZz7DejrWab78qHvEs6Re -> 0 raw observed, 0 activated+confirmed
[2026-08-26 17:45:18.996547000][th:85115005][info] GossipPubSub TOTAL: 0 raw observed addresses, 0 activated+confirmed addresses
[2026-08-26 17:45:18.996549000][th:85115005][info] GossipPubSub === END RAW OBSERVED ADDRESS DEBUG ===
[2026-08-26 17:45:18.996550000][th:85115005][info] GossipPubSub Observed addresses - all (0):
[2026-08-26 17:45:18.996552000][th:85115005][info] GossipPubSub Observed addresses - confirmed only (0):
[2026-08-26 17:45:18.996554000][th:85115005][info] GossipPubSub Relay addresses (0):
[2026-08-26 17:45:18.996556000][th:85115005][warning] GossipPubSub Failed to get addresses from peer repository: not found
[2026-08-26 17:45:18.996598000][th:85115005][info] GossipPubSub Found 1 valid network interfaces
[2026-08-26 17:45:18.996601000][th:85115005][info] GossipPubSub Current network interfaces (1):
[2026-08-26 17:45:18.996602000][th:85115005][info] GossipPubSub   -> 192.168.1.6
[2026-08-26 17:45:18.996604000][th:85115005][info] GossipPubSub Active connections: 0
[2026-08-26 17:45:18.996606000][th:85115005][info] GossipPubSub === PEER CONNECTION DETAILS ===
[2026-08-26 17:45:18.996607000][th:85115005][info] GossipPubSub NOTE: Observed addresses need to be seen by 4+ different peer groups to become 'activated'
[2026-08-26 17:45:18.996609000][th:85115005][info] GossipPubSub NOTE: Current connections: 0, so max possible observers: 0
[2026-08-26 17:45:18.996610000][th:85115005][info] GossipPubSub === END PEER CONNECTION DETAILS ===
[2026-08-26 17:45:18.996616000][th:85115005][info] GossipPubSub Connection manager stats:
[2026-08-26 17:45:18.996618000][th:85115005][info] GossipPubSub   -> Max connections: 1000
[2026-08-26 17:45:18.996619000][th:85115005][info] GossipPubSub   -> Current connections: 0
[2026-08-26 17:45:18.996621000][th:85115005][info] GossipPubSub === END NETWORK STATE ===
[2026-08-26 17:45:18.996794000][th:85115005][info] GossipPubSub /ip4/0.0.0.0/tcp/54604/p2p/12D3KooWNydaopnRPY4HBFrWgjA6waUHZz7DejrWab78qHvEs6Re : PubSub service started
[2026-08-26 17:45:18][info][GlobalDB] Opening database /Users/henriqueklein/gnus/SuperGenius/multi_node_finality_fault/restart-vote-passive/rocksdb
[2026-08-26 17:45:19][debug][GraphsyncDAGSyncer] GraphSyncer created 5066252072 
[2026-08-26 17:45:19][info][CrdtDatastore] crdt Datastore created. Number of heads: 0 Current max-height: 0
[2026-08-26 17:45:19][info][GeniusAccount] Secure storage ID path: /Users/henriqueklein/gnus/SuperGenius/multi_node_finality_fault/restart-vote-passive/account/secure_storage_id
[2026-08-26 17:45:19][error][GeniusAccount] Could not find existing Genius address, generating one from a random mnemonic
[2026-08-26 17:45:19][warning][UTXOManager] Found UTXOs in storage, but there were none
[2026-08-26 17:45:19][info][Blockchain] [c160259e] Blockchain instance created with authorized full node: 8a33bdf1
[2026-08-26 17:45:19][error][ValidatorRegistry] InitializeCache: registry content not found during cache init
[2026-08-26 17:45:19][info][CRDTCallbackManager] Successfully registered new data callback for pattern: '/?gnus-validator-registry'
[2026-08-26 17:45:19][info][ValidatorRegistry] RegisterFilter: result=true
[2026-08-26 17:45:19][info][ValidatorRegistry] New: instance ready
[2026-08-26 17:45:19.034606000][th:85115005][info] GossipPubSub /ip4/0.0.0.0/tcp/54604/p2p/12D3KooWNydaopnRPY4HBFrWgjA6waUHZz7DejrWab78qHvEs6Re: PubSub subscribed to topic 'gnus-validator-registry.3.7.144'
[2026-08-26 17:45:19][info][CRDTCallbackManager] Successfully registered new data callback for pattern: '^/?cert/[^/]+'
[2026-08-26 17:45:19.034631000][th:85115005][info] GossipPubSub /ip4/0.0.0.0/tcp/54604/p2p/12D3KooWNydaopnRPY4HBFrWgjA6waUHZz7DejrWab78qHvEs6Re: PubSub subscribed to topic 'consensus-channel-.3.7.144'
[2026-08-26 17:45:19][warning][Blockchain] [c160259e] Failed to request validator registry during blockchain init
[2026-08-26 17:45:19][info][CRDTCallbackManager] Successfully registered new data callback for pattern: '/?gnus-genesis-block'
[2026-08-26 17:45:19.034651000][th:85115005][info] GossipPubSub /ip4/0.0.0.0/tcp/54604/p2p/12D3KooWNydaopnRPY4HBFrWgjA6waUHZz7DejrWab78qHvEs6Re: PubSub subscribed to topic 'consensus-channel-.3.7.144#datastore.3.7.144'
[2026-08-26 17:45:19][info][CRDTCallbackManager] Successfully registered new data callback for pattern: '/?gnus-account-creation-.*'
[2026-08-26 17:45:19][info][CRDTCallbackManager] Successfully registered new data callback for pattern: '^/?/bc-144/tx/[^/]+'
[2026-08-26 17:45:19][info][CRDTCallbackManager] Successfully registered deleted data callback for pattern: '^/?/bc-144/tx/[^/]+'
[2026-08-26 17:45:19][info][CRDTCallbackManager] Successfully registered new data callback for pattern: '^/?/bc-963/tx/[^/]+'
[2026-08-26 17:45:19][info][CRDTCallbackManager] Successfully registered deleted data callback for pattern: '^/?/bc-963/tx/[^/]+'
[2026-08-26 17:45:19][info][CRDTCallbackManager] Successfully registered new data callback for pattern: '^/?/bc-369/tx/[^/]+'
[2026-08-26 17:45:19][info][CRDTCallbackManager] Successfully registered deleted data callback for pattern: '^/?/bc-369/tx/[^/]+'
[2026-08-26 17:45:19][info][CrdtDatastore] Topics { name="gnus-validator-registry" }
[2026-08-26 17:45:19][info][CRDTCallbackManager] Executing callback for key '/gnus-validator-registry' matching pattern '/?gnus-validator-registry'
[2026-08-26 17:45:19][info][ValidatorRegistry] RegistryUpdateReceived: cache updated and initialized
[2026-08-26 17:45:19][debug][GraphsyncDAGSyncer] addNode: Added node Qmf2BGWRSwpw5Knw4pJWURBxB3Ye27127ysj8LS1fvEkDM on dagService 
[2026-08-26 17:45:19][info][ValidatorRegistry] StoreRegistryUpdate: stored registry update CID Qmf2BGWRSwpw5Knw4pJWURBxB3Ye27127ysj8LS1fvEkDM
[2026-08-26 17:45:19][info][ValidatorRegistry] StoreRegistryUpdate: success
[2026-08-26 17:45:19][info][CrdtDatastore] Topics { name="gnus-validator-registry" }
[2026-08-26 17:45:19][info][CRDTCallbackManager] Executing callback for key '/gnus-validator-registry' matching pattern '/?gnus-validator-registry'
[2026-08-26 17:45:19][info][ValidatorRegistry] RegistryUpdateReceived: cache updated and initialized
[2026-08-26 17:45:19][debug][GraphsyncDAGSyncer] addNode: Added node Qmf2BGWRSwpw5Knw4pJWURBxB3Ye27127ysj8LS1fvEkDM on dagService 
[2026-08-26 17:45:19][info][ValidatorRegistry] StoreRegistryUpdate: stored registry update CID Qmf2BGWRSwpw5Knw4pJWURBxB3Ye27127ysj8LS1fvEkDM
[2026-08-26 17:45:19][info][ValidatorRegistry] StoreRegistryUpdate: success
[2026-08-26 17:45:19][info][CrdtDatastore] Topics { name="gnus-validator-registry" }
[2026-08-26 17:45:19][info][CRDTCallbackManager] Executing callback for key '/gnus-validator-registry' matching pattern '/?gnus-validator-registry'
[2026-08-26 17:45:19][info][ValidatorRegistry] RegistryUpdateReceived: cache updated and initialized
[2026-08-26 17:45:19][debug][GraphsyncDAGSyncer] addNode: Added node Qmf2BGWRSwpw5Knw4pJWURBxB3Ye27127ysj8LS1fvEkDM on dagService 
[2026-08-26 17:45:19][info][ValidatorRegistry] StoreRegistryUpdate: stored registry update CID Qmf2BGWRSwpw5Knw4pJWURBxB3Ye27127ysj8LS1fvEkDM
[2026-08-26 17:45:19][info][ValidatorRegistry] StoreRegistryUpdate: success
[2026-08-26 17:45:19][info][CrdtDatastore] Topics { name="gnus-validator-registry" }
[2026-08-26 17:45:19][info][CRDTCallbackManager] Executing callback for key '/gnus-validator-registry' matching pattern '/?gnus-validator-registry'
[2026-08-26 17:45:19][info][ValidatorRegistry] RegistryUpdateReceived: cache updated and initialized
[2026-08-26 17:45:19][debug][GraphsyncDAGSyncer] addNode: Added node Qmf2BGWRSwpw5Knw4pJWURBxB3Ye27127ysj8LS1fvEkDM on dagService 
[2026-08-26 17:45:19][info][ValidatorRegistry] StoreRegistryUpdate: stored registry update CID Qmf2BGWRSwpw5Knw4pJWURBxB3Ye27127ysj8LS1fvEkDM
[2026-08-26 17:45:19][info][ValidatorRegistry] StoreRegistryUpdate: success
[2026-08-26 17:45:19][info][TransactionManager] [66811a40 - full: false] ChangeTransactionState: Temp tracking entry created tx=399660b4ea826b8f78ac9f4c8a423e79bc79131bd9e6f5bcd400bf17c1fc76e1
[2026-08-26 17:45:21][info][CRDTCallbackManager] Successfully unregistered new data callback for pattern: '^/?/bc-144/tx/[^/]+'
[2026-08-26 17:45:21][info][CRDTCallbackManager] Successfully unregistered deleted data callback for pattern: '^/?/bc-144/tx/[^/]+'
[2026-08-26 17:45:21][info][CRDTCallbackManager] Successfully unregistered new data callback for pattern: '^/?/bc-963/tx/[^/]+'
[2026-08-26 17:45:21][info][CRDTCallbackManager] Successfully unregistered deleted data callback for pattern: '^/?/bc-963/tx/[^/]+'
[2026-08-26 17:45:21][info][CRDTCallbackManager] Successfully unregistered new data callback for pattern: '^/?/bc-369/tx/[^/]+'
[2026-08-26 17:45:21][info][CRDTCallbackManager] Successfully unregistered deleted data callback for pattern: '^/?/bc-369/tx/[^/]+'
[2026-08-26 17:45:21][info][TransactionManager] [66811a40 - full: false] ~TransactionManager: Metrics — cert_fallback(success=0 failure=0) validation(approve=1 reject=0) tracking(insert=1 confirm=0 fail=0)
[2026-08-26 17:45:21][info][Blockchain] [66811a40] Stopping blockchain
[2026-08-26 17:45:21][info][CRDTCallbackManager] Successfully unregistered new data callback for pattern: '/?gnus-genesis-block'
[2026-08-26 17:45:21][info][CRDTCallbackManager] Successfully unregistered new data callback for pattern: '/?gnus-account-creation-.*'
[2026-08-26 17:45:21][info][CRDTCallbackManager] Successfully unregistered new data callback for pattern: '/?gnus-validator-registry'
[2026-08-26 17:45:21.436246000][th:85114925][error] GossipPubSub Address monitoring timer error: Operation canceled
[2026-08-26 17:45:21][error][PubSubBroadcasterExt] No message to process
[2026-08-26 17:45:21][error][PubSubBroadcasterExt] No message to process
[2026-08-26 17:45:22][debug][GlobalDB] ~GlobalDB CALLED with count 6 on multi_node_finality_fault/restart-vote-validator-one/rocksdb 
[2026-08-26 17:45:22][info][GlobalDB] GlobalDB shutdown start
[2026-08-26 17:45:22][info][CrdtDatastore] CancelAndCloseNow: begin (pending_jobs=0, self_queue=0, root_queue=0, pending_roots=0, active_root=false)
[2026-08-26 17:45:22][debug][GraphsyncDAGSyncer] Stopping Dagsyncer
[2026-08-26 17:45:22][debug][GraphsyncDAGSyncer] Dagsyncer Stopped
[2026-08-26 17:45:22][info][CrdtDatastore] CancelAndCloseNow: CRDT workers stopped
[2026-08-26 17:45:22][warning][CrdtDatastore] CancelAndCloseNow called but shutdown has already started
[2026-08-26 17:45:22][debug][GraphsyncDAGSyncer] ~GraphsyncDAGSyncer CALLED
[2026-08-26 17:45:22][info][GlobalDB] GlobalDB shutdown finished
[2026-08-26 17:45:22][info][KeyPairFileStorage] Path to keypairs multi_node_finality_fault/restart-vote-validator-one/keypair
[2026-08-26 17:45:22][info][KeyPairFileStorage] Peer ID from public key: 12D3KooWP37uovwQcpkupguqJE2WQa7M5XD8WQm3mhabqmaJ9M5F
Current limits: 16384 (soft), 9223372036854775807 (hard)
New limits set successfully: 16384 (soft), 9223372036854775807 (hard)
Initialized relay addresses
[2026-08-26 17:45:22.440091000][th:85114896][info] GossipPubSub /ip4/0.0.0.0/tcp/54601/p2p/12D3KooWP37uovwQcpkupguqJE2WQa7M5XD8WQm3mhabqmaJ9M5F: Starting PubSub service
[2026-08-26 17:45:22.440142000][th:85115077][info] GossipPubSub Starting address monitoring system for mobile network changes
[2026-08-26 17:45:22.440145000][th:85115077][info] GossipPubSub === CURRENT NETWORK STATE ===
[2026-08-26 17:45:22.440152000][th:85115077][info] GossipPubSub Primary listening address: /ip4/0.0.0.0/tcp/54601/p2p/12D3KooWP37uovwQcpkupguqJE2WQa7M5XD8WQm3mhabqmaJ9M5F
[2026-08-26 17:45:22.440154000][th:85115077][info] GossipPubSub Host peer info addresses (0):
[2026-08-26 17:45:22.440156000][th:85115077][info] GossipPubSub Additional addresses we track (0):
[2026-08-26 17:45:22.440158000][th:85115077][info] GossipPubSub Listening addresses (1):
[2026-08-26 17:45:22.440161000][th:85115077][info] GossipPubSub   -> /ip4/0.0.0.0/tcp/54601/p2p/12D3KooWP37uovwQcpkupguqJE2WQa7M5XD8WQm3mhabqmaJ9M5F
[2026-08-26 17:45:22.440162000][th:85115077][info] GossipPubSub Interface addresses (0):
[2026-08-26 17:45:22.440164000][th:85115077][info] GossipPubSub === RAW OBSERVED ADDRESS DEBUG ===
[2026-08-26 17:45:22.440167000][th:85115077][info] GossipPubSub Local address: /ip4/0.0.0.0/tcp/54601/p2p/12D3KooWP37uovwQcpkupguqJE2WQa7M5XD8WQm3mhabqmaJ9M5F -> 0 raw observed, 0 activated+confirmed
[2026-08-26 17:45:22.440169000][th:85115077][info] GossipPubSub TOTAL: 0 raw observed addresses, 0 activated+confirmed addresses
[2026-08-26 17:45:22.440171000][th:85115077][info] GossipPubSub === END RAW OBSERVED ADDRESS DEBUG ===
[2026-08-26 17:45:22.440172000][th:85115077][info] GossipPubSub Observed addresses - all (0):
[2026-08-26 17:45:22.440174000][th:85115077][info] GossipPubSub Observed addresses - confirmed only (0):
[2026-08-26 17:45:22.440176000][th:85115077][info] GossipPubSub Relay addresses (0):
[2026-08-26 17:45:22.440178000][th:85115077][warning] GossipPubSub Failed to get addresses from peer repository: not found
[2026-08-26 17:45:22.440210000][th:85115077][info] GossipPubSub Found 1 valid network interfaces
[2026-08-26 17:45:22.440211000][th:85115077][info] GossipPubSub Current network interfaces (1):
[2026-08-26 17:45:22.440213000][th:85115077][info] GossipPubSub   -> 192.168.1.6
[2026-08-26 17:45:22.440215000][th:85115077][info] GossipPubSub Active connections: 0
[2026-08-26 17:45:22.440216000][th:85115077][info] GossipPubSub === PEER CONNECTION DETAILS ===
[2026-08-26 17:45:22.440217000][th:85115077][info] GossipPubSub NOTE: Observed addresses need to be seen by 4+ different peer groups to become 'activated'
[2026-08-26 17:45:22.440219000][th:85115077][info] GossipPubSub NOTE: Current connections: 0, so max possible observers: 0
[2026-08-26 17:45:22.440226000][th:85115077][info] GossipPubSub === END PEER CONNECTION DETAILS ===
[2026-08-26 17:45:22.440227000][th:85115077][info] GossipPubSub Connection manager stats:
[2026-08-26 17:45:22.440229000][th:85115077][info] GossipPubSub   -> Max connections: 1000
[2026-08-26 17:45:22.440230000][th:85115077][info] GossipPubSub   -> Current connections: 0
[2026-08-26 17:45:22.440231000][th:85115077][info] GossipPubSub === END NETWORK STATE ===
[2026-08-26 17:45:22.440345000][th:85115077][info] GossipPubSub /ip4/0.0.0.0/tcp/54601/p2p/12D3KooWP37uovwQcpkupguqJE2WQa7M5XD8WQm3mhabqmaJ9M5F : PubSub service started
[2026-08-26 17:45:22][info][GlobalDB] Opening database /Users/henriqueklein/gnus/SuperGenius/multi_node_finality_fault/restart-vote-validator-one/rocksdb
[2026-08-26 17:45:22][debug][GraphsyncDAGSyncer] GraphSyncer created 5064843064 
[2026-08-26 17:45:22][info][CrdtDatastore] crdt Datastore created. Number of heads: 1 Current max-height: 1
[2026-08-26 17:45:22][info][GeniusAccount] Secure storage ID path: /Users/henriqueklein/gnus/SuperGenius/multi_node_finality_fault/restart-vote-validator-one/account/secure_storage_id
[2026-08-26 17:45:22][info][GeniusAccount] Loaded public key from file: 66811a4099022ee5... (length: 128)
[2026-08-26 17:45:22][info][GeniusAccount] Successfully loaded key_seed from storage
[2026-08-26 17:45:22][info][GeniusAccount] Validation successful: key_seed matches stored public key
[2026-08-26 17:45:22][warning][UTXOManager] Found UTXOs in storage, but there were none
[2026-08-26 17:45:22][info][Blockchain] [66811a40] Blockchain instance created with authorized full node: 8a33bdf1
[2026-08-26 17:45:22][info][ValidatorRegistry] InitializeCache: cache initialized with CID Qmf2BGWRSwpw5Knw4pJWURBxB3Ye27127ysj8LS1fvEkDM
[2026-08-26 17:45:22][info][CRDTCallbackManager] Successfully registered new data callback for pattern: '/?gnus-validator-registry'
[2026-08-26 17:45:22][info][ValidatorRegistry] RegisterFilter: result=true
[2026-08-26 17:45:22][info][ValidatorRegistry] New: instance ready
[2026-08-26 17:45:22.469696000][th:85115077][info] GossipPubSub /ip4/0.0.0.0/tcp/54601/p2p/12D3KooWP37uovwQcpkupguqJE2WQa7M5XD8WQm3mhabqmaJ9M5F: PubSub subscribed to topic 'gnus-validator-registry.3.7.144'
[2026-08-26 17:45:22.469717000][th:85115077][info] GossipPubSub /ip4/0.0.0.0/tcp/54601/p2p/12D3KooWP37uovwQcpkupguqJE2WQa7M5XD8WQm3mhabqmaJ9M5F: PubSub subscribed to topic 'consensus-channel-.3.7.144'
[2026-08-26 17:45:22][info][CRDTCallbackManager] Successfully registered new data callback for pattern: '^/?cert/[^/]+'
[2026-08-26 17:45:22.470406000][th:85115077][info] GossipPubSub /ip4/0.0.0.0/tcp/54601/p2p/12D3KooWP37uovwQcpkupguqJE2WQa7M5XD8WQm3mhabqmaJ9M5F: PubSub subscribed to topic 'consensus-channel-.3.7.144#datastore.3.7.144'
[2026-08-26 17:45:22][info][CRDTCallbackManager] Successfully registered new data callback for pattern: '/?gnus-genesis-block'
[2026-08-26 17:45:22][info][CRDTCallbackManager] Successfully registered new data callback for pattern: '/?gnus-account-creation-.*'
[2026-08-26 17:45:22][info][CRDTCallbackManager] Successfully registered new data callback for pattern: '^/?/bc-144/tx/[^/]+'
[2026-08-26 17:45:22][info][CRDTCallbackManager] Successfully registered deleted data callback for pattern: '^/?/bc-144/tx/[^/]+'
[2026-08-26 17:45:22][info][CRDTCallbackManager] Successfully registered new data callback for pattern: '^/?/bc-963/tx/[^/]+'
[2026-08-26 17:45:22][info][CRDTCallbackManager] Successfully registered deleted data callback for pattern: '^/?/bc-963/tx/[^/]+'
[2026-08-26 17:45:22][info][CRDTCallbackManager] Successfully registered new data callback for pattern: '^/?/bc-369/tx/[^/]+'
[2026-08-26 17:45:22][info][CRDTCallbackManager] Successfully registered deleted data callback for pattern: '^/?/bc-369/tx/[^/]+'
[2026-08-26 17:45:22.471199000][th:85115077][info] GossipPubSub Adding new peer: 12D3KooWQgSz2yJZU59tPD2DJk7gaHffAd2K59VHwBPZUXqnf6uP
[2026-08-26 17:45:22.471250000][th:85115077][info] GossipPubSub Adding new peer: 12D3KooWG9QGG6kagchS8hQNuFHZ4bvtimKjccAhPiPuhj533Ng4
[2026-08-26 17:45:22.471295000][th:85115077][info] GossipPubSub Adding new peer: 12D3KooWNydaopnRPY4HBFrWgjA6waUHZz7DejrWab78qHvEs6Re
[2026-08-26 17:45:22.471306000][th:85114948][info] GossipPubSub Adding new peer: 12D3KooWP37uovwQcpkupguqJE2WQa7M5XD8WQm3mhabqmaJ9M5F
[2026-08-26 17:45:22.471358000][th:85114948][info] GossipPubSub Adding new peer: 12D3KooWG9QGG6kagchS8hQNuFHZ4bvtimKjccAhPiPuhj533Ng4
[2026-08-26 17:45:22.471397000][th:85114978][info] GossipPubSub Adding new peer: 12D3KooWP37uovwQcpkupguqJE2WQa7M5XD8WQm3mhabqmaJ9M5F
[2026-08-26 17:45:22.471399000][th:85114948][info] GossipPubSub Adding new peer: 12D3KooWNydaopnRPY4HBFrWgjA6waUHZz7DejrWab78qHvEs6Re
[2026-08-26 17:45:22.471429000][th:85114978][info] GossipPubSub Adding new peer: 12D3KooWQgSz2yJZU59tPD2DJk7gaHffAd2K59VHwBPZUXqnf6uP
[2026-08-26 17:45:22.471461000][th:85114978][info] GossipPubSub Adding new peer: 12D3KooWNydaopnRPY4HBFrWgjA6waUHZz7DejrWab78qHvEs6Re
[2026-08-26 17:45:22.471494000][th:85115005][info] GossipPubSub Adding new peer: 12D3KooWP37uovwQcpkupguqJE2WQa7M5XD8WQm3mhabqmaJ9M5F
[2026-08-26 17:45:22.471525000][th:85115005][info] GossipPubSub Adding new peer: 12D3KooWQgSz2yJZU59tPD2DJk7gaHffAd2K59VHwBPZUXqnf6uP
[2026-08-26 17:45:22.471556000][th:85115005][info] GossipPubSub Adding new peer: 12D3KooWG9QGG6kagchS8hQNuFHZ4bvtimKjccAhPiPuhj533Ng4
[2026-08-26 17:45:22][info][TransactionManager] [66811a40 - full: false] ChangeTransactionState: Temp tracking entry created tx=399660b4ea826b8f78ac9f4c8a423e79bc79131bd9e6f5bcd400bf17c1fc76e1
[2026-08-26 17:45:22][info][TransactionManager] [50739559 - full: false] ChangeTransactionState: Temp tracking entry created tx=399660b4ea826b8f78ac9f4c8a423e79bc79131bd9e6f5bcd400bf17c1fc76e1
[2026-08-26 17:45:22][info][TransactionManager] [c160259e - full: false] ChangeTransactionState: Temp tracking entry created tx=399660b4ea826b8f78ac9f4c8a423e79bc79131bd9e6f5bcd400bf17c1fc76e1
[2026-08-26 17:45:22][info][TransactionManager] [2efefed1 - full: false] ChangeTransactionState: Temp tracking entry created tx=399660b4ea826b8f78ac9f4c8a423e79bc79131bd9e6f5bcd400bf17c1fc76e1
[2026-08-26 17:45:23][error][ConsensusManager] HandleVote: ignored: proposal has not won frozen slot arbitration proposal_id=726a7072
[2026-08-26 17:45:23][error][ConsensusManager] HandleVote: ignored: proposal has not won frozen slot arbitration proposal_id=726a7072
[2026-08-26 17:45:23][error][ConsensusManager] HandleVote: ignored: proposal has not won frozen slot arbitration proposal_id=726a7072
[2026-08-26 17:45:25][error][ConsensusManager] HandleVote: ignored: proposal has not won frozen slot arbitration proposal_id=726a7072
[2026-08-26 17:45:25][error][ConsensusManager] HandleVote: ignored: proposal has not won frozen slot arbitration proposal_id=726a7072
[2026-08-26 17:45:27][info][CrdtDatastore] Topics { name="consensus-channel-.3.7.144#datastore" }
[2026-08-26 17:45:27][info][CRDTCallbackManager] Executing callback for key '/cert/mint-v2:test:0000000000000000000000000000000000000000000000000000000000000000:42:66811a4099022ee5bf7a9e3ba4a478379e5a593dcb67ca71b2601de89ce5f832b092d134087d94ff0e4e6fc6cb2931f5fbba4859936ed2dabd3f45f4124a22ea:cccccccccccccccccccccccccccccccccccccccccccccccccccccccccccccccc' matching pattern '^/?cert/[^/]+'
[2026-08-26 17:45:27][debug][GraphsyncDAGSyncer] addNode: Added node QmaAtQJumcRrSxSyWwHgo5LNyG5ZducoAPphyjrkA7qxJu on dagService 
[2026-08-26 17:45:27][info][UTXOManager] Stored 1 UTXOs for address 66811a4099022ee5bf7a9e3ba4a478379e5a593dcb67ca71b2601de89ce5f832b092d134087d94ff0e4e6fc6cb2931f5fbba4859936ed2dabd3f45f4124a22ea
[2026-08-26 17:45:27][info][UTXOManager] Stored 2 UTXOs for address 66811a4099022ee5bf7a9e3ba4a478379e5a593dcb67ca71b2601de89ce5f832b092d134087d94ff0e4e6fc6cb2931f5fbba4859936ed2dabd3f45f4124a22ea
[2026-08-26 17:45:27][info][TransactionManager] [2efefed1 - full: false] Created tokens (mint-v2), amount 42 balance 0
[2026-08-26 17:45:27][info][TransactionManager] [2efefed1 - full: false] ChangeTransactionState: Tracking entry confirmed tx=399660b4ea826b8f78ac9f4c8a423e79bc79131bd9e6f5bcd400bf17c1fc76e1
[2026-08-26 17:45:27][info][UTXOManager] Created checkpoint owner=2efefed1c1322fba7ea0d25ed922d894ab46c7e30fda0be92015e44204d821d916345387dd04e878df0916b16133c2beb07ccea697a020a1c2de00a2c8502245 epoch=1 utxo_count=0
[2026-08-26 17:45:27][debug][GraphsyncDAGSyncer] Registered new peer 12D3KooWQgSz2yJZU59tPD2DJk7gaHffAd2K59VHwBPZUXqnf6uP with key 0
[2026-08-26 17:45:27][debug][GraphsyncDAGSyncer] Registered new peer 12D3KooWQgSz2yJZU59tPD2DJk7gaHffAd2K59VHwBPZUXqnf6uP with key 0
[2026-08-26 17:45:27][debug][GraphsyncDAGSyncer] Added route for CID QmaAtQJumcRrSxSyWwHgo5LNyG5ZducoAPphyjrkA7qxJu to peer 12D3KooWQgSz2yJZU59tPD2DJk7gaHffAd2K59VHwBPZUXqnf6uP (key 0, route_count=1)
[2026-08-26 17:45:27][debug][GraphsyncDAGSyncer] Added route for CID QmaAtQJumcRrSxSyWwHgo5LNyG5ZducoAPphyjrkA7qxJu to peer 12D3KooWQgSz2yJZU59tPD2DJk7gaHffAd2K59VHwBPZUXqnf6uP (key 0, route_count=1)
[2026-08-26 17:45:27][debug][GraphsyncDAGSyncer] Registered new peer 12D3KooWQgSz2yJZU59tPD2DJk7gaHffAd2K59VHwBPZUXqnf6uP with key 0
[2026-08-26 17:45:27][debug][GraphsyncDAGSyncer] Added route for CID QmaAtQJumcRrSxSyWwHgo5LNyG5ZducoAPphyjrkA7qxJu to peer 12D3KooWQgSz2yJZU59tPD2DJk7gaHffAd2K59VHwBPZUXqnf6uP (key 0, route_count=1)
[2026-08-26 17:45:27][debug][GraphsyncDAGSyncer] Block initialized without content to LRU cache: CID QmaAtQJumcRrSxSyWwHgo5LNyG5ZducoAPphyjrkA7qxJu, cache size: 1
[2026-08-26 17:45:27][debug][GraphsyncDAGSyncer] Requesting Node QmaAtQJumcRrSxSyWwHgo5LNyG5ZducoAPphyjrkA7qxJu on this 5064843064
[2026-08-26 17:45:27][debug][GraphsyncDAGSyncer] Return node for CID QmaAtQJumcRrSxSyWwHgo5LNyG5ZducoAPphyjrkA7qxJu instance=4527808872
[2026-08-26 17:45:27.507212000][th:85115077][warning] graphsync Request 1 for CID QmaAtQJumcRrSxSyWwHgo5LNyG5ZducoAPphyjrkA7qxJu got RS_FULL_CONTENT but no blocks received yet
[2026-08-26 17:45:27][debug][GraphsyncDAGSyncer] request progress: code=FULL_CONTENT, extensions=(graphsync/do-not-send-cids: 0x80) (graphsync/response-metadata: 0x80) 
[2026-08-26 17:45:27][debug][GraphsyncDAGSyncer] HasBlock: false, cid: QmaAtQJumcRrSxSyWwHgo5LNyG5ZducoAPphyjrkA7qxJu
[2026-08-26 17:45:27][debug][GraphsyncDAGSyncer] Existing block updated in LRU cache: CID QmaAtQJumcRrSxSyWwHgo5LNyG5ZducoAPphyjrkA7qxJu
[2026-08-26 17:45:27][debug][GraphsyncDAGSyncer] Node added to dagService. CID: QmaAtQJumcRrSxSyWwHgo5LNyG5ZducoAPphyjrkA7qxJu, links: []
[2026-08-26 17:45:27][debug][GraphsyncDAGSyncer] Seeing if peer 12D3KooWQgSz2yJZU59tPD2DJk7gaHffAd2K59VHwBPZUXqnf6uP has links to AddRoute
[2026-08-26 17:45:27][info][GraphsyncDAGSyncer] TraverseCIDsLinks: Checking links on { cid="QmaAtQJumcRrSxSyWwHgo5LNyG5ZducoAPphyjrkA7qxJu", name="" }
[2026-08-26 17:45:27][info][GraphsyncDAGSyncer] TraverseCIDsLinks: Completed traversal. Links to fetch: 0, Visited: 0
[2026-08-26 17:45:27][debug][GraphsyncDAGSyncer] Block initialized without content to LRU cache: CID QmaAtQJumcRrSxSyWwHgo5LNyG5ZducoAPphyjrkA7qxJu, cache size: 1
[2026-08-26 17:45:27][debug][GraphsyncDAGSyncer] Requesting Node QmaAtQJumcRrSxSyWwHgo5LNyG5ZducoAPphyjrkA7qxJu on this 5066177800
[2026-08-26 17:45:27][debug][GraphsyncDAGSyncer] Return node for CID QmaAtQJumcRrSxSyWwHgo5LNyG5ZducoAPphyjrkA7qxJu instance=4527808872
[2026-08-26 17:45:27.553733000][th:85114978][warning] graphsync Request 1 for CID QmaAtQJumcRrSxSyWwHgo5LNyG5ZducoAPphyjrkA7qxJu got RS_FULL_CONTENT but no blocks received yet
[2026-08-26 17:45:27][debug][GraphsyncDAGSyncer] request progress: code=FULL_CONTENT, extensions=(graphsync/response-metadata: 0x80) (graphsync/do-not-send-cids: 0x80) 
[2026-08-26 17:45:27][debug][GraphsyncDAGSyncer] HasBlock: false, cid: QmaAtQJumcRrSxSyWwHgo5LNyG5ZducoAPphyjrkA7qxJu
[2026-08-26 17:45:27][debug][GraphsyncDAGSyncer] Existing block updated in LRU cache: CID QmaAtQJumcRrSxSyWwHgo5LNyG5ZducoAPphyjrkA7qxJu
[2026-08-26 17:45:27][debug][GraphsyncDAGSyncer] Node added to dagService. CID: QmaAtQJumcRrSxSyWwHgo5LNyG5ZducoAPphyjrkA7qxJu, links: []
[2026-08-26 17:45:27][debug][GraphsyncDAGSyncer] Seeing if peer 12D3KooWQgSz2yJZU59tPD2DJk7gaHffAd2K59VHwBPZUXqnf6uP has links to AddRoute
[2026-08-26 17:45:27][info][GraphsyncDAGSyncer] TraverseCIDsLinks: Checking links on { cid="QmaAtQJumcRrSxSyWwHgo5LNyG5ZducoAPphyjrkA7qxJu", name="" }
[2026-08-26 17:45:27][info][GraphsyncDAGSyncer] TraverseCIDsLinks: Completed traversal. Links to fetch: 0, Visited: 0
[2026-08-26 17:45:27][debug][GraphsyncDAGSyncer] Block initialized without content to LRU cache: CID QmaAtQJumcRrSxSyWwHgo5LNyG5ZducoAPphyjrkA7qxJu, cache size: 1
[2026-08-26 17:45:27][debug][GraphsyncDAGSyncer] Requesting Node QmaAtQJumcRrSxSyWwHgo5LNyG5ZducoAPphyjrkA7qxJu on this 5066252072
[2026-08-26 17:45:27][debug][GraphsyncDAGSyncer] Return node for CID QmaAtQJumcRrSxSyWwHgo5LNyG5ZducoAPphyjrkA7qxJu instance=4527808872
[2026-08-26 17:45:27.594367000][th:85115005][warning] graphsync Request 1 for CID QmaAtQJumcRrSxSyWwHgo5LNyG5ZducoAPphyjrkA7qxJu got RS_FULL_CONTENT but no blocks received yet
[2026-08-26 17:45:27][debug][GraphsyncDAGSyncer] request progress: code=FULL_CONTENT, extensions=(graphsync/response-metadata: 0x80) (graphsync/do-not-send-cids: 0x80) 
[2026-08-26 17:45:27][debug][GraphsyncDAGSyncer] HasBlock: false, cid: QmaAtQJumcRrSxSyWwHgo5LNyG5ZducoAPphyjrkA7qxJu
[2026-08-26 17:45:27][debug][GraphsyncDAGSyncer] Existing block updated in LRU cache: CID QmaAtQJumcRrSxSyWwHgo5LNyG5ZducoAPphyjrkA7qxJu
[2026-08-26 17:45:27][debug][GraphsyncDAGSyncer] Node added to dagService. CID: QmaAtQJumcRrSxSyWwHgo5LNyG5ZducoAPphyjrkA7qxJu, links: []
[2026-08-26 17:45:27][debug][GraphsyncDAGSyncer] Seeing if peer 12D3KooWQgSz2yJZU59tPD2DJk7gaHffAd2K59VHwBPZUXqnf6uP has links to AddRoute
[2026-08-26 17:45:27][info][GraphsyncDAGSyncer] TraverseCIDsLinks: Checking links on { cid="QmaAtQJumcRrSxSyWwHgo5LNyG5ZducoAPphyjrkA7qxJu", name="" }
[2026-08-26 17:45:27][info][GraphsyncDAGSyncer] TraverseCIDsLinks: Completed traversal. Links to fetch: 0, Visited: 0
[2026-08-26 17:45:27][debug][GraphsyncDAGSyncer] Return node for CID QmaAtQJumcRrSxSyWwHgo5LNyG5ZducoAPphyjrkA7qxJu instance=5064843064
[2026-08-26 17:45:27][info][CRDTCallbackManager] Executing callback for key '/cert/mint-v2:test:0000000000000000000000000000000000000000000000000000000000000000:42:66811a4099022ee5bf7a9e3ba4a478379e5a593dcb67ca71b2601de89ce5f832b092d134087d94ff0e4e6fc6cb2931f5fbba4859936ed2dabd3f45f4124a22ea:cccccccccccccccccccccccccccccccccccccccccccccccccccccccccccccccc' matching pattern '^/?cert/[^/]+'
[2026-08-26 17:45:27][debug][GraphsyncDAGSyncer] addNode: Added node QmaAtQJumcRrSxSyWwHgo5LNyG5ZducoAPphyjrkA7qxJu on dagService 
[2026-08-26 17:45:27][debug][GraphsyncDAGSyncer] Block removed from LRU cache: CID QmaAtQJumcRrSxSyWwHgo5LNyG5ZducoAPphyjrkA7qxJu
[2026-08-26 17:45:27][debug][GraphsyncDAGSyncer] Return node for CID QmaAtQJumcRrSxSyWwHgo5LNyG5ZducoAPphyjrkA7qxJu instance=5066177800
[2026-08-26 17:45:27][info][CRDTCallbackManager] Executing callback for key '/cert/mint-v2:test:0000000000000000000000000000000000000000000000000000000000000000:42:66811a4099022ee5bf7a9e3ba4a478379e5a593dcb67ca71b2601de89ce5f832b092d134087d94ff0e4e6fc6cb2931f5fbba4859936ed2dabd3f45f4124a22ea:cccccccccccccccccccccccccccccccccccccccccccccccccccccccccccccccc' matching pattern '^/?cert/[^/]+'
[2026-08-26 17:45:27][debug][GraphsyncDAGSyncer] addNode: Added node QmaAtQJumcRrSxSyWwHgo5LNyG5ZducoAPphyjrkA7qxJu on dagService 
[2026-08-26 17:45:27][debug][GraphsyncDAGSyncer] Block removed from LRU cache: CID QmaAtQJumcRrSxSyWwHgo5LNyG5ZducoAPphyjrkA7qxJu
[2026-08-26 17:45:27][debug][GraphsyncDAGSyncer] Return node for CID QmaAtQJumcRrSxSyWwHgo5LNyG5ZducoAPphyjrkA7qxJu instance=5066252072
[2026-08-26 17:45:27][info][CRDTCallbackManager] Executing callback for key '/cert/mint-v2:test:0000000000000000000000000000000000000000000000000000000000000000:42:66811a4099022ee5bf7a9e3ba4a478379e5a593dcb67ca71b2601de89ce5f832b092d134087d94ff0e4e6fc6cb2931f5fbba4859936ed2dabd3f45f4124a22ea:cccccccccccccccccccccccccccccccccccccccccccccccccccccccccccccccc' matching pattern '^/?cert/[^/]+'
[2026-08-26 17:45:27][debug][GraphsyncDAGSyncer] addNode: Added node QmaAtQJumcRrSxSyWwHgo5LNyG5ZducoAPphyjrkA7qxJu on dagService 
[2026-08-26 17:45:27][debug][GraphsyncDAGSyncer] Block removed from LRU cache: CID QmaAtQJumcRrSxSyWwHgo5LNyG5ZducoAPphyjrkA7qxJu
[2026-08-26 17:45:28][info][UTXOManager] Stored 1 UTXOs for address 66811a4099022ee5bf7a9e3ba4a478379e5a593dcb67ca71b2601de89ce5f832b092d134087d94ff0e4e6fc6cb2931f5fbba4859936ed2dabd3f45f4124a22ea
[2026-08-26 17:45:28][info][UTXOManager] Stored 2 UTXOs for address 66811a4099022ee5bf7a9e3ba4a478379e5a593dcb67ca71b2601de89ce5f832b092d134087d94ff0e4e6fc6cb2931f5fbba4859936ed2dabd3f45f4124a22ea
[2026-08-26 17:45:28][info][TransactionManager] [66811a40 - full: false] Created tokens (mint-v2), amount 42 balance 42
[2026-08-26 17:45:28][info][UTXOManager] Stored 1 UTXOs for address 66811a4099022ee5bf7a9e3ba4a478379e5a593dcb67ca71b2601de89ce5f832b092d134087d94ff0e4e6fc6cb2931f5fbba4859936ed2dabd3f45f4124a22ea
[2026-08-26 17:45:28][info][TransactionManager] [66811a40 - full: false] ChangeTransactionState: Tracking entry confirmed tx=399660b4ea826b8f78ac9f4c8a423e79bc79131bd9e6f5bcd400bf17c1fc76e1
[2026-08-26 17:45:28][info][UTXOManager] Stored 2 UTXOs for address 66811a4099022ee5bf7a9e3ba4a478379e5a593dcb67ca71b2601de89ce5f832b092d134087d94ff0e4e6fc6cb2931f5fbba4859936ed2dabd3f45f4124a22ea
[2026-08-26 17:45:28][info][TransactionManager] [50739559 - full: false] Created tokens (mint-v2), amount 42 balance 0
[2026-08-26 17:45:28][info][TransactionManager] [50739559 - full: false] ChangeTransactionState: Tracking entry confirmed tx=399660b4ea826b8f78ac9f4c8a423e79bc79131bd9e6f5bcd400bf17c1fc76e1
[2026-08-26 17:45:28][info][UTXOManager] Created checkpoint owner=66811a4099022ee5bf7a9e3ba4a478379e5a593dcb67ca71b2601de89ce5f832b092d134087d94ff0e4e6fc6cb2931f5fbba4859936ed2dabd3f45f4124a22ea epoch=1 utxo_count=1
[2026-08-26 17:45:28][info][UTXOManager] Created checkpoint owner=5073955971b38c9aeb73fbe3e2e3c803dbf1dade74cafe05b9d95e2981e32292b49fce7653f726421725974b4dcd73a5ab977803424894b4291bc798bb705c1f epoch=1 utxo_count=0
[2026-08-26 17:45:28][info][UTXOManager] Stored 1 UTXOs for address 66811a4099022ee5bf7a9e3ba4a478379e5a593dcb67ca71b2601de89ce5f832b092d134087d94ff0e4e6fc6cb2931f5fbba4859936ed2dabd3f45f4124a22ea
[2026-08-26 17:45:28][info][UTXOManager] Stored 2 UTXOs for address 66811a4099022ee5bf7a9e3ba4a478379e5a593dcb67ca71b2601de89ce5f832b092d134087d94ff0e4e6fc6cb2931f5fbba4859936ed2dabd3f45f4124a22ea
[2026-08-26 17:45:28][info][TransactionManager] [c160259e - full: false] Created tokens (mint-v2), amount 42 balance 0
[2026-08-26 17:45:28][info][TransactionManager] [c160259e - full: false] ChangeTransactionState: Tracking entry confirmed tx=399660b4ea826b8f78ac9f4c8a423e79bc79131bd9e6f5bcd400bf17c1fc76e1
[2026-08-26 17:45:28][info][UTXOManager] Created checkpoint owner=c160259e633235b553d1bc2ec3dd2f0aa76c11e71dbab7b31dc68977e1e554de20092868418849d0f45b676590489ba606d5d50f26727f338f70d4052bc3a041 epoch=1 utxo_count=0
[2026-08-26 17:45:28][info][CRDTCallbackManager] Successfully unregistered new data callback for pattern: '^/?/bc-144/tx/[^/]+'
[2026-08-26 17:45:28][info][CRDTCallbackManager] Successfully unregistered deleted data callback for pattern: '^/?/bc-144/tx/[^/]+'
[2026-08-26 17:45:28][info][CRDTCallbackManager] Successfully unregistered new data callback for pattern: '^/?/bc-963/tx/[^/]+'
[2026-08-26 17:45:28][info][CRDTCallbackManager] Successfully unregistered deleted data callback for pattern: '^/?/bc-963/tx/[^/]+'
[2026-08-26 17:45:28][info][CRDTCallbackManager] Successfully unregistered new data callback for pattern: '^/?/bc-369/tx/[^/]+'
[2026-08-26 17:45:28][info][CRDTCallbackManager] Successfully unregistered deleted data callback for pattern: '^/?/bc-369/tx/[^/]+'
[2026-08-26 17:45:28][info][TransactionManager] [66811a40 - full: false] ~TransactionManager: Metrics — cert_fallback(success=0 failure=0) validation(approve=1 reject=0) tracking(insert=1 confirm=1 fail=0)
[2026-08-26 17:45:28][info][Blockchain] [66811a40] Stopping blockchain
[2026-08-26 17:45:28][info][CRDTCallbackManager] Successfully unregistered new data callback for pattern: '/?gnus-genesis-block'
[2026-08-26 17:45:28][info][CRDTCallbackManager] Successfully unregistered new data callback for pattern: '/?gnus-account-creation-.*'
[2026-08-26 17:45:28][info][CRDTCallbackManager] Successfully unregistered new data callback for pattern: '/?gnus-validator-registry'
[2026-08-26 17:45:28.157374000][th:85115077][error] GossipPubSub Address monitoring timer error: Operation canceled
[2026-08-26 17:45:28][error][PubSubBroadcasterExt] No message to process
[2026-08-26 17:45:28][error][PubSubBroadcasterExt] No message to process
[2026-08-26 17:45:28.157504000][th:85115077][error] graphsync Varint Error msg=Connection: closed by this host
[2026-08-26 17:45:28.157509000][th:85115077][info] graphsync stream read error, peer=qnf6uP, msg=stream is not readable
[2026-08-26 17:45:29][debug][GlobalDB] ~GlobalDB CALLED with count 6 on multi_node_finality_fault/restart-vote-validator-one/rocksdb 
[2026-08-26 17:45:29][info][GlobalDB] GlobalDB shutdown start
[2026-08-26 17:45:29][info][CrdtDatastore] CancelAndCloseNow: begin (pending_jobs=1, self_queue=0, root_queue=0, pending_roots=0, active_root=false)
[2026-08-26 17:45:29][debug][GraphsyncDAGSyncer] Stopping Dagsyncer
[2026-08-26 17:45:29][debug][GraphsyncDAGSyncer] Dagsyncer Stopped
[2026-08-26 17:45:29][info][CrdtDatastore] CancelAndCloseNow: CRDT workers stopped
[2026-08-26 17:45:29][warning][CrdtDatastore] CancelAndCloseNow called but shutdown has already started
[2026-08-26 17:45:29][debug][GraphsyncDAGSyncer] ~GraphsyncDAGSyncer CALLED
[2026-08-26 17:45:29.524745000][th:85114948][error] graphsync Varint Error msg=Connection reset by peer
[2026-08-26 17:45:29.524836000][th:85114948][info] graphsync stream read error, peer=aJ9M5F, msg=stream is not readable
[2026-08-26 17:45:29][info][GlobalDB] GlobalDB shutdown finished
[2026-08-26 17:45:29][info][KeyPairFileStorage] Path to keypairs multi_node_finality_fault/restart-vote-validator-one/keypair
[2026-08-26 17:45:29][info][KeyPairFileStorage] Peer ID from public key: 12D3KooWP37uovwQcpkupguqJE2WQa7M5XD8WQm3mhabqmaJ9M5F
Current limits: 16384 (soft), 9223372036854775807 (hard)
New limits set successfully: 16384 (soft), 9223372036854775807 (hard)
Initialized relay addresses
[2026-08-26 17:45:29.530574000][th:85114896][info] GossipPubSub /ip4/0.0.0.0/tcp/54601/p2p/12D3KooWP37uovwQcpkupguqJE2WQa7M5XD8WQm3mhabqmaJ9M5F: Starting PubSub service
[2026-08-26 17:45:29.530845000][th:85115183][info] GossipPubSub Starting address monitoring system for mobile network changes
[2026-08-26 17:45:29.530896000][th:85115183][info] GossipPubSub === CURRENT NETWORK STATE ===
[2026-08-26 17:45:29.530927000][th:85115183][info] GossipPubSub Primary listening address: /ip4/0.0.0.0/tcp/54601/p2p/12D3KooWP37uovwQcpkupguqJE2WQa7M5XD8WQm3mhabqmaJ9M5F
[2026-08-26 17:45:29.530947000][th:85115183][info] GossipPubSub Host peer info addresses (0):
[2026-08-26 17:45:29.530958000][th:85115183][info] GossipPubSub Additional addresses we track (0):
[2026-08-26 17:45:29.530967000][th:85115183][info] GossipPubSub Listening addresses (1):
[2026-08-26 17:45:29.530977000][th:85115183][info] GossipPubSub   -> /ip4/0.0.0.0/tcp/54601/p2p/12D3KooWP37uovwQcpkupguqJE2WQa7M5XD8WQm3mhabqmaJ9M5F
[2026-08-26 17:45:29.530988000][th:85115183][info] GossipPubSub Interface addresses (0):
[2026-08-26 17:45:29.530998000][th:85115183][info] GossipPubSub === RAW OBSERVED ADDRESS DEBUG ===
[2026-08-26 17:45:29.531010000][th:85115183][info] GossipPubSub Local address: /ip4/0.0.0.0/tcp/54601/p2p/12D3KooWP37uovwQcpkupguqJE2WQa7M5XD8WQm3mhabqmaJ9M5F -> 0 raw observed, 0 activated+confirmed
[2026-08-26 17:45:29.531024000][th:85115183][info] GossipPubSub TOTAL: 0 raw observed addresses, 0 activated+confirmed addresses
[2026-08-26 17:45:29.531032000][th:85115183][info] GossipPubSub === END RAW OBSERVED ADDRESS DEBUG ===
[2026-08-26 17:45:29.531038000][th:85115183][info] GossipPubSub Observed addresses - all (0):
[2026-08-26 17:45:29.531045000][th:85115183][info] GossipPubSub Observed addresses - confirmed only (0):
[2026-08-26 17:45:29.531051000][th:85115183][info] GossipPubSub Relay addresses (0):
[2026-08-26 17:45:29.531105000][th:85115183][warning] GossipPubSub Failed to get addresses from peer repository: not found
[2026-08-26 17:45:29.531225000][th:85115183][info] GossipPubSub Found 1 valid network interfaces
[2026-08-26 17:45:29.531247000][th:85115183][info] GossipPubSub Current network interfaces (1):
[2026-08-26 17:45:29.531253000][th:85115183][info] GossipPubSub   -> 192.168.1.6
[2026-08-26 17:45:29.531259000][th:85115183][info] GossipPubSub Active connections: 0
[2026-08-26 17:45:29.531264000][th:85115183][info] GossipPubSub === PEER CONNECTION DETAILS ===
[2026-08-26 17:45:29.531269000][th:85115183][info] GossipPubSub NOTE: Observed addresses need to be seen by 4+ different peer groups to become 'activated'
[2026-08-26 17:45:29.531275000][th:85115183][info] GossipPubSub NOTE: Current connections: 0, so max possible observers: 0
[2026-08-26 17:45:29.531279000][th:85115183][info] GossipPubSub === END PEER CONNECTION DETAILS ===
[2026-08-26 17:45:29.531284000][th:85115183][info] GossipPubSub Connection manager stats:
[2026-08-26 17:45:29.531289000][th:85115183][info] GossipPubSub   -> Max connections: 1000
[2026-08-26 17:45:29.531294000][th:85115183][info] GossipPubSub   -> Current connections: 0
[2026-08-26 17:45:29.531299000][th:85115183][info] GossipPubSub === END NETWORK STATE ===
[2026-08-26 17:45:29.531784000][th:85115183][info] GossipPubSub /ip4/0.0.0.0/tcp/54601/p2p/12D3KooWP37uovwQcpkupguqJE2WQa7M5XD8WQm3mhabqmaJ9M5F : PubSub service started
[2026-08-26 17:45:29][info][GlobalDB] Opening database /Users/henriqueklein/gnus/SuperGenius/multi_node_finality_fault/restart-vote-validator-one/rocksdb
[2026-08-26 17:45:29][debug][GraphsyncDAGSyncer] GraphSyncer created 4538268328 
[2026-08-26 17:45:29][info][CrdtDatastore] crdt Datastore created. Number of heads: 2 Current max-height: 18446744073709551615
[2026-08-26 17:45:29][info][GeniusAccount] Secure storage ID path: /Users/henriqueklein/gnus/SuperGenius/multi_node_finality_fault/restart-vote-validator-one/account/secure_storage_id
[2026-08-26 17:45:29][info][GeniusAccount] Loaded public key from file: 66811a4099022ee5... (length: 128)
[2026-08-26 17:45:29][info][GeniusAccount] Successfully loaded key_seed from storage
[2026-08-26 17:45:29][info][GeniusAccount] Validation successful: key_seed matches stored public key
[2026-08-26 17:45:29][warning][UTXOManager] Skipping malformed UTXO key /utxo-checkpoint/66811a4099022ee5bf7a9e3ba4a478379e5a593dcb67ca71b2601de89ce5f832b092d134087d94ff0e4e6fc6cb2931f5fbba4859936ed2dabd3f45f4124a22ea/1
[2026-08-26 17:45:29][warning][UTXOManager] Skipping malformed UTXO key /utxo-checkpoint/66811a4099022ee5bf7a9e3ba4a478379e5a593dcb67ca71b2601de89ce5f832b092d134087d94ff0e4e6fc6cb2931f5fbba4859936ed2dabd3f45f4124a22ea/latest
[2026-08-26 17:45:29][info][Blockchain] [66811a40] Blockchain instance created with authorized full node: 8a33bdf1
[2026-08-26 17:45:29][info][ValidatorRegistry] InitializeCache: cache initialized with CID Qmf2BGWRSwpw5Knw4pJWURBxB3Ye27127ysj8LS1fvEkDM
[2026-08-26 17:45:29][info][CRDTCallbackManager] Successfully registered new data callback for pattern: '/?gnus-validator-registry'
[2026-08-26 17:45:29][info][ValidatorRegistry] RegisterFilter: result=true
[2026-08-26 17:45:29][info][ValidatorRegistry] New: instance ready
[2026-08-26 17:45:29.568154000][th:85115183][info] GossipPubSub /ip4/0.0.0.0/tcp/54601/p2p/12D3KooWP37uovwQcpkupguqJE2WQa7M5XD8WQm3mhabqmaJ9M5F: PubSub subscribed to topic 'gnus-validator-registry.3.7.144'
[2026-08-26 17:45:29][info][CRDTCallbackManager] Successfully registered new data callback for pattern: '^/?cert/[^/]+'
[2026-08-26 17:45:29.568269000][th:85115183][info] GossipPubSub /ip4/0.0.0.0/tcp/54601/p2p/12D3KooWP37uovwQcpkupguqJE2WQa7M5XD8WQm3mhabqmaJ9M5F: PubSub subscribed to topic 'consensus-channel-.3.7.144'
[2026-08-26 17:45:29][info][CRDTCallbackManager] Successfully registered new data callback for pattern: '/?gnus-genesis-block'
[2026-08-26 17:45:29.568364000][th:85115183][info] GossipPubSub /ip4/0.0.0.0/tcp/54601/p2p/12D3KooWP37uovwQcpkupguqJE2WQa7M5XD8WQm3mhabqmaJ9M5F: PubSub subscribed to topic 'consensus-channel-.3.7.144#datastore.3.7.144'
[2026-08-26 17:45:29][info][CRDTCallbackManager] Successfully registered new data callback for pattern: '/?gnus-account-creation-.*'
[2026-08-26 17:45:29][info][CRDTCallbackManager] Successfully registered new data callback for pattern: '^/?/bc-144/tx/[^/]+'
[2026-08-26 17:45:29][info][CRDTCallbackManager] Successfully registered deleted data callback for pattern: '^/?/bc-144/tx/[^/]+'
[2026-08-26 17:45:29][info][CRDTCallbackManager] Successfully registered new data callback for pattern: '^/?/bc-963/tx/[^/]+'
[2026-08-26 17:45:29][info][CRDTCallbackManager] Successfully registered deleted data callback for pattern: '^/?/bc-963/tx/[^/]+'
[2026-08-26 17:45:29][info][CRDTCallbackManager] Successfully registered new data callback for pattern: '^/?/bc-369/tx/[^/]+'
[2026-08-26 17:45:29][info][CRDTCallbackManager] Successfully registered deleted data callback for pattern: '^/?/bc-369/tx/[^/]+'
[2026-08-26 17:45:29][info][CRDTCallbackManager] Successfully unregistered new data callback for pattern: '^/?/bc-144/tx/[^/]+'
[2026-08-26 17:45:29][info][CRDTCallbackManager] Successfully unregistered deleted data callback for pattern: '^/?/bc-144/tx/[^/]+'
[2026-08-26 17:45:29][info][CRDTCallbackManager] Successfully unregistered new data callback for pattern: '^/?/bc-963/tx/[^/]+'
[2026-08-26 17:45:29][info][CRDTCallbackManager] Successfully unregistered deleted data callback for pattern: '^/?/bc-963/tx/[^/]+'
[2026-08-26 17:45:29][info][CRDTCallbackManager] Successfully unregistered new data callback for pattern: '^/?/bc-369/tx/[^/]+'
[2026-08-26 17:45:29][info][CRDTCallbackManager] Successfully unregistered deleted data callback for pattern: '^/?/bc-369/tx/[^/]+'
[2026-08-26 17:45:29][info][TransactionManager] [2efefed1 - full: false] ~TransactionManager: Metrics — cert_fallback(success=0 failure=0) validation(approve=1 reject=0) tracking(insert=1 confirm=1 fail=0)
[2026-08-26 17:45:29][info][Blockchain] [2efefed1] Stopping blockchain
[2026-08-26 17:45:29][info][CRDTCallbackManager] Successfully unregistered new data callback for pattern: '/?gnus-genesis-block'
[2026-08-26 17:45:29][info][CRDTCallbackManager] Successfully unregistered new data callback for pattern: '/?gnus-account-creation-.*'
[2026-08-26 17:45:29][info][CRDTCallbackManager] Successfully unregistered new data callback for pattern: '/?gnus-validator-registry'
[2026-08-26 17:45:29.571237000][th:85114948][error] GossipPubSub Address monitoring timer error: Operation canceled
[2026-08-26 17:45:29][error][PubSubBroadcasterExt] No message to process
[2026-08-26 17:45:29][error][PubSubBroadcasterExt] No message to process
[2026-08-26 17:45:29.571546000][th:85114948][error] graphsync Varint Error msg=Connection: closed by this host
[2026-08-26 17:45:29.571556000][th:85114948][info] graphsync stream read error, peer=vEs6Re, msg=stream is not readable
[2026-08-26 17:45:29.571597000][th:85114948][error] graphsync Varint Error msg=Connection: closed by this host
[2026-08-26 17:45:29.571602000][th:85114948][info] graphsync stream read error, peer=533Ng4, msg=stream is not readable
[2026-08-26 17:45:30][debug][GlobalDB] ~GlobalDB CALLED with count 6 on multi_node_finality_fault/restart-vote-validator-two/rocksdb 
[2026-08-26 17:45:30][info][GlobalDB] GlobalDB shutdown start
[2026-08-26 17:45:30][info][CrdtDatastore] CancelAndCloseNow: begin (pending_jobs=0, self_queue=0, root_queue=0, pending_roots=0, active_root=false)
[2026-08-26 17:45:30][debug][GraphsyncDAGSyncer] Stopping Dagsyncer
[2026-08-26 17:45:30][debug][GraphsyncDAGSyncer] Dagsyncer Stopped
[2026-08-26 17:45:31][info][CrdtDatastore] CancelAndCloseNow: CRDT workers stopped
[2026-08-26 17:45:31][warning][CrdtDatastore] CancelAndCloseNow called but shutdown has already started
[2026-08-26 17:45:31][debug][GraphsyncDAGSyncer] ~GraphsyncDAGSyncer CALLED
[2026-08-26 17:45:31][info][GlobalDB] GlobalDB shutdown finished
[2026-08-26 17:45:31.033437000][th:85114978][error] graphsync Varint Error msg=Connection reset by peer
[2026-08-26 17:45:31.033448000][th:85114978][info] graphsync stream read error, peer=qnf6uP, msg=stream is not readable
[2026-08-26 17:45:31.033479000][th:85115005][error] graphsync Varint Error msg=Connection reset by peer
[2026-08-26 17:45:31.033483000][th:85115005][info] graphsync stream read error, peer=qnf6uP, msg=stream is not readable
[2026-08-26 17:45:31][info][KeyPairFileStorage] Path to keypairs multi_node_finality_fault/restart-vote-validator-two/keypair
[2026-08-26 17:45:31][info][KeyPairFileStorage] Peer ID from public key: 12D3KooWQgSz2yJZU59tPD2DJk7gaHffAd2K59VHwBPZUXqnf6uP
Current limits: 16384 (soft), 9223372036854775807 (hard)
New limits set successfully: 16384 (soft), 9223372036854775807 (hard)
Initialized relay addresses
[2026-08-26 17:45:31.034847000][th:85114896][info] GossipPubSub /ip4/0.0.0.0/tcp/54602/p2p/12D3KooWQgSz2yJZU59tPD2DJk7gaHffAd2K59VHwBPZUXqnf6uP: Starting PubSub service
[2026-08-26 17:45:31.034898000][th:85115229][info] GossipPubSub Starting address monitoring system for mobile network changes
[2026-08-26 17:45:31.034901000][th:85115229][info] GossipPubSub === CURRENT NETWORK STATE ===
[2026-08-26 17:45:31.034908000][th:85115229][info] GossipPubSub Primary listening address: /ip4/0.0.0.0/tcp/54602/p2p/12D3KooWQgSz2yJZU59tPD2DJk7gaHffAd2K59VHwBPZUXqnf6uP
[2026-08-26 17:45:31.034910000][th:85115229][info] GossipPubSub Host peer info addresses (0):
[2026-08-26 17:45:31.034912000][th:85115229][info] GossipPubSub Additional addresses we track (0):
[2026-08-26 17:45:31.034914000][th:85115229][info] GossipPubSub Listening addresses (1):
[2026-08-26 17:45:31.034916000][th:85115229][info] GossipPubSub   -> /ip4/0.0.0.0/tcp/54602/p2p/12D3KooWQgSz2yJZU59tPD2DJk7gaHffAd2K59VHwBPZUXqnf6uP
[2026-08-26 17:45:31.034918000][th:85115229][info] GossipPubSub Interface addresses (0):
[2026-08-26 17:45:31.034920000][th:85115229][info] GossipPubSub === RAW OBSERVED ADDRESS DEBUG ===
[2026-08-26 17:45:31.034922000][th:85115229][info] GossipPubSub Local address: /ip4/0.0.0.0/tcp/54602/p2p/12D3KooWQgSz2yJZU59tPD2DJk7gaHffAd2K59VHwBPZUXqnf6uP -> 0 raw observed, 0 activated+confirmed
[2026-08-26 17:45:31.034925000][th:85115229][info] GossipPubSub TOTAL: 0 raw observed addresses, 0 activated+confirmed addresses
[2026-08-26 17:45:31.034926000][th:85115229][info] GossipPubSub === END RAW OBSERVED ADDRESS DEBUG ===
[2026-08-26 17:45:31.034928000][th:85115229][info] GossipPubSub Observed addresses - all (0):
[2026-08-26 17:45:31.034930000][th:85115229][info] GossipPubSub Observed addresses - confirmed only (0):
[2026-08-26 17:45:31.034931000][th:85115229][info] GossipPubSub Relay addresses (0):
[2026-08-26 17:45:31.034934000][th:85115229][warning] GossipPubSub Failed to get addresses from peer repository: not found
[2026-08-26 17:45:31.034962000][th:85115229][info] GossipPubSub Found 1 valid network interfaces
[2026-08-26 17:45:31.034964000][th:85115229][info] GossipPubSub Current network interfaces (1):
[2026-08-26 17:45:31.034965000][th:85115229][info] GossipPubSub   -> 192.168.1.6
[2026-08-26 17:45:31.034967000][th:85115229][info] GossipPubSub Active connections: 0
[2026-08-26 17:45:31.034968000][th:85115229][info] GossipPubSub === PEER CONNECTION DETAILS ===
[2026-08-26 17:45:31.034969000][th:85115229][info] GossipPubSub NOTE: Observed addresses need to be seen by 4+ different peer groups to become 'activated'
[2026-08-26 17:45:31.034971000][th:85115229][info] GossipPubSub NOTE: Current connections: 0, so max possible observers: 0
[2026-08-26 17:45:31.034972000][th:85115229][info] GossipPubSub === END PEER CONNECTION DETAILS ===
[2026-08-26 17:45:31.034973000][th:85115229][info] GossipPubSub Connection manager stats:
[2026-08-26 17:45:31.034974000][th:85115229][info] GossipPubSub   -> Max connections: 1000
[2026-08-26 17:45:31.034976000][th:85115229][info] GossipPubSub   -> Current connections: 0
[2026-08-26 17:45:31.034977000][th:85115229][info] GossipPubSub === END NETWORK STATE ===
[2026-08-26 17:45:31.035067000][th:85115229][info] GossipPubSub /ip4/0.0.0.0/tcp/54602/p2p/12D3KooWQgSz2yJZU59tPD2DJk7gaHffAd2K59VHwBPZUXqnf6uP : PubSub service started
[2026-08-26 17:45:31][info][GlobalDB] Opening database /Users/henriqueklein/gnus/SuperGenius/multi_node_finality_fault/restart-vote-validator-two/rocksdb
[2026-08-26 17:45:31][debug][GraphsyncDAGSyncer] GraphSyncer created 4527971288 
[2026-08-26 17:45:31][info][CrdtDatastore] crdt Datastore created. Number of heads: 2 Current max-height: 18446744073709551615
[2026-08-26 17:45:31][info][GeniusAccount] Secure storage ID path: /Users/henriqueklein/gnus/SuperGenius/multi_node_finality_fault/restart-vote-validator-two/account/secure_storage_id
[2026-08-26 17:45:31][info][GeniusAccount] Loaded public key from file: 2efefed1c1322fba... (length: 128)
[2026-08-26 17:45:31][info][GeniusAccount] Successfully loaded key_seed from storage
[2026-08-26 17:45:31][info][GeniusAccount] Validation successful: key_seed matches stored public key
[2026-08-26 17:45:31][warning][UTXOManager] Skipping malformed UTXO key /utxo-checkpoint/2efefed1c1322fba7ea0d25ed922d894ab46c7e30fda0be92015e44204d821d916345387dd04e878df0916b16133c2beb07ccea697a020a1c2de00a2c8502245/1
[2026-08-26 17:45:31][warning][UTXOManager] Skipping malformed UTXO key /utxo-checkpoint/2efefed1c1322fba7ea0d25ed922d894ab46c7e30fda0be92015e44204d821d916345387dd04e878df0916b16133c2beb07ccea697a020a1c2de00a2c8502245/latest
[2026-08-26 17:45:31][info][Blockchain] [2efefed1] Blockchain instance created with authorized full node: 8a33bdf1
[2026-08-26 17:45:31][info][ValidatorRegistry] InitializeCache: cache initialized with CID Qmf2BGWRSwpw5Knw4pJWURBxB3Ye27127ysj8LS1fvEkDM
[2026-08-26 17:45:31][info][CRDTCallbackManager] Successfully registered new data callback for pattern: '/?gnus-validator-registry'
[2026-08-26 17:45:31][info][ValidatorRegistry] RegisterFilter: result=true
[2026-08-26 17:45:31][info][ValidatorRegistry] New: instance ready
[2026-08-26 17:45:31.059421000][th:85115229][info] GossipPubSub /ip4/0.0.0.0/tcp/54602/p2p/12D3KooWQgSz2yJZU59tPD2DJk7gaHffAd2K59VHwBPZUXqnf6uP: PubSub subscribed to topic 'gnus-validator-registry.3.7.144'
[2026-08-26 17:45:31][info][CRDTCallbackManager] Successfully registered new data callback for pattern: '^/?cert/[^/]+'
[2026-08-26 17:45:31.059443000][th:85115229][info] GossipPubSub /ip4/0.0.0.0/tcp/54602/p2p/12D3KooWQgSz2yJZU59tPD2DJk7gaHffAd2K59VHwBPZUXqnf6uP: PubSub subscribed to topic 'consensus-channel-.3.7.144'
[2026-08-26 17:45:31.059463000][th:85115229][info] GossipPubSub /ip4/0.0.0.0/tcp/54602/p2p/12D3KooWQgSz2yJZU59tPD2DJk7gaHffAd2K59VHwBPZUXqnf6uP: PubSub subscribed to topic 'consensus-channel-.3.7.144#datastore.3.7.144'
[2026-08-26 17:45:31][info][CRDTCallbackManager] Successfully registered new data callback for pattern: '/?gnus-genesis-block'
[2026-08-26 17:45:31][info][CRDTCallbackManager] Successfully registered new data callback for pattern: '/?gnus-account-creation-.*'
[2026-08-26 17:45:31][info][CRDTCallbackManager] Successfully registered new data callback for pattern: '^/?/bc-144/tx/[^/]+'
[2026-08-26 17:45:31][info][CRDTCallbackManager] Successfully registered deleted data callback for pattern: '^/?/bc-144/tx/[^/]+'
[2026-08-26 17:45:31][info][CRDTCallbackManager] Successfully registered new data callback for pattern: '^/?/bc-963/tx/[^/]+'
[2026-08-26 17:45:31][info][CRDTCallbackManager] Successfully registered deleted data callback for pattern: '^/?/bc-963/tx/[^/]+'
[2026-08-26 17:45:31][info][CRDTCallbackManager] Successfully registered new data callback for pattern: '^/?/bc-369/tx/[^/]+'
[2026-08-26 17:45:31][info][CRDTCallbackManager] Successfully registered deleted data callback for pattern: '^/?/bc-369/tx/[^/]+'
[2026-08-26 17:45:31][info][CRDTCallbackManager] Successfully unregistered new data callback for pattern: '^/?/bc-144/tx/[^/]+'
[2026-08-26 17:45:31][info][CRDTCallbackManager] Successfully unregistered deleted data callback for pattern: '^/?/bc-144/tx/[^/]+'
[2026-08-26 17:45:31][info][CRDTCallbackManager] Successfully unregistered new data callback for pattern: '^/?/bc-963/tx/[^/]+'
[2026-08-26 17:45:31][info][CRDTCallbackManager] Successfully unregistered deleted data callback for pattern: '^/?/bc-963/tx/[^/]+'
[2026-08-26 17:45:31][info][CRDTCallbackManager] Successfully unregistered new data callback for pattern: '^/?/bc-369/tx/[^/]+'
[2026-08-26 17:45:31][info][CRDTCallbackManager] Successfully unregistered deleted data callback for pattern: '^/?/bc-369/tx/[^/]+'
[2026-08-26 17:45:31][info][TransactionManager] [50739559 - full: false] ~TransactionManager: Metrics — cert_fallback(success=0 failure=0) validation(approve=1 reject=0) tracking(insert=1 confirm=1 fail=0)
[2026-08-26 17:45:31][info][Blockchain] [50739559] Stopping blockchain
[2026-08-26 17:45:31][info][CRDTCallbackManager] Successfully unregistered new data callback for pattern: '/?gnus-genesis-block'
[2026-08-26 17:45:31][info][CRDTCallbackManager] Successfully unregistered new data callback for pattern: '/?gnus-account-creation-.*'
[2026-08-26 17:45:31][info][CRDTCallbackManager] Successfully unregistered new data callback for pattern: '/?gnus-validator-registry'
[2026-08-26 17:45:31.059603000][th:85114978][error] GossipPubSub Address monitoring timer error: Operation canceled
[2026-08-26 17:45:31][error][PubSubBroadcasterExt] No message to process
[2026-08-26 17:45:31][error][PubSubBroadcasterExt] No message to process
[2026-08-26 17:45:32][debug][GlobalDB] ~GlobalDB CALLED with count 6 on multi_node_finality_fault/restart-vote-validator-three/rocksdb 
[2026-08-26 17:45:32][info][GlobalDB] GlobalDB shutdown start
[2026-08-26 17:45:32][info][CrdtDatastore] CancelAndCloseNow: begin (pending_jobs=1, self_queue=0, root_queue=0, pending_roots=0, active_root=false)
[2026-08-26 17:45:32][debug][GraphsyncDAGSyncer] Stopping Dagsyncer
[2026-08-26 17:45:32][debug][GraphsyncDAGSyncer] Dagsyncer Stopped
[2026-08-26 17:45:32][info][CrdtDatastore] CancelAndCloseNow: CRDT workers stopped
[2026-08-26 17:45:32][warning][CrdtDatastore] CancelAndCloseNow called but shutdown has already started
[2026-08-26 17:45:32][debug][GraphsyncDAGSyncer] ~GraphsyncDAGSyncer CALLED
[2026-08-26 17:45:32][info][GlobalDB] GlobalDB shutdown finished
[2026-08-26 17:45:32][info][KeyPairFileStorage] Path to keypairs multi_node_finality_fault/restart-vote-validator-three/keypair
[2026-08-26 17:45:32][info][KeyPairFileStorage] Peer ID from public key: 12D3KooWG9QGG6kagchS8hQNuFHZ4bvtimKjccAhPiPuhj533Ng4
Current limits: 16384 (soft), 9223372036854775807 (hard)
New limits set successfully: 16384 (soft), 9223372036854775807 (hard)
Initialized relay addresses
[2026-08-26 17:45:32.087550000][th:85114896][info] GossipPubSub /ip4/0.0.0.0/tcp/54603/p2p/12D3KooWG9QGG6kagchS8hQNuFHZ4bvtimKjccAhPiPuhj533Ng4: Starting PubSub service
[2026-08-26 17:45:32.087603000][th:85115259][info] GossipPubSub Starting address monitoring system for mobile network changes
[2026-08-26 17:45:32.087606000][th:85115259][info] GossipPubSub === CURRENT NETWORK STATE ===
[2026-08-26 17:45:32.087613000][th:85115259][info] GossipPubSub Primary listening address: /ip4/0.0.0.0/tcp/54603/p2p/12D3KooWG9QGG6kagchS8hQNuFHZ4bvtimKjccAhPiPuhj533Ng4
[2026-08-26 17:45:32.087616000][th:85115259][info] GossipPubSub Host peer info addresses (0):
[2026-08-26 17:45:32.087618000][th:85115259][info] GossipPubSub Additional addresses we track (0):
[2026-08-26 17:45:32.087620000][th:85115259][info] GossipPubSub Listening addresses (1):
[2026-08-26 17:45:32.087622000][th:85115259][info] GossipPubSub   -> /ip4/0.0.0.0/tcp/54603/p2p/12D3KooWG9QGG6kagchS8hQNuFHZ4bvtimKjccAhPiPuhj533Ng4
[2026-08-26 17:45:32.087624000][th:85115259][info] GossipPubSub Interface addresses (0):
[2026-08-26 17:45:32.087625000][th:85115259][info] GossipPubSub === RAW OBSERVED ADDRESS DEBUG ===
[2026-08-26 17:45:32.087628000][th:85115259][info] GossipPubSub Local address: /ip4/0.0.0.0/tcp/54603/p2p/12D3KooWG9QGG6kagchS8hQNuFHZ4bvtimKjccAhPiPuhj533Ng4 -> 0 raw observed, 0 activated+confirmed
[2026-08-26 17:45:32.087630000][th:85115259][info] GossipPubSub TOTAL: 0 raw observed addresses, 0 activated+confirmed addresses
[2026-08-26 17:45:32.087632000][th:85115259][info] GossipPubSub === END RAW OBSERVED ADDRESS DEBUG ===
[2026-08-26 17:45:32.087633000][th:85115259][info] GossipPubSub Observed addresses - all (0):
[2026-08-26 17:45:32.087635000][th:85115259][info] GossipPubSub Observed addresses - confirmed only (0):
[2026-08-26 17:45:32.087637000][th:85115259][info] GossipPubSub Relay addresses (0):
[2026-08-26 17:45:32.087639000][th:85115259][warning] GossipPubSub Failed to get addresses from peer repository: not found
[2026-08-26 17:45:32.087669000][th:85115259][info] GossipPubSub Found 1 valid network interfaces
[2026-08-26 17:45:32.087670000][th:85115259][info] GossipPubSub Current network interfaces (1):
[2026-08-26 17:45:32.087672000][th:85115259][info] GossipPubSub   -> 192.168.1.6
[2026-08-26 17:45:32.087673000][th:85115259][info] GossipPubSub Active connections: 0
[2026-08-26 17:45:32.087675000][th:85115259][info] GossipPubSub === PEER CONNECTION DETAILS ===
[2026-08-26 17:45:32.087676000][th:85115259][info] GossipPubSub NOTE: Observed addresses need to be seen by 4+ different peer groups to become 'activated'
[2026-08-26 17:45:32.087677000][th:85115259][info] GossipPubSub NOTE: Current connections: 0, so max possible observers: 0
[2026-08-26 17:45:32.087679000][th:85115259][info] GossipPubSub === END PEER CONNECTION DETAILS ===
[2026-08-26 17:45:32.087680000][th:85115259][info] GossipPubSub Connection manager stats:
[2026-08-26 17:45:32.087681000][th:85115259][info] GossipPubSub   -> Max connections: 1000
[2026-08-26 17:45:32.087682000][th:85115259][info] GossipPubSub   -> Current connections: 0
[2026-08-26 17:45:32.087684000][th:85115259][info] GossipPubSub === END NETWORK STATE ===
[2026-08-26 17:45:32.087786000][th:85115259][info] GossipPubSub /ip4/0.0.0.0/tcp/54603/p2p/12D3KooWG9QGG6kagchS8hQNuFHZ4bvtimKjccAhPiPuhj533Ng4 : PubSub service started
[2026-08-26 17:45:32][info][GlobalDB] Opening database /Users/henriqueklein/gnus/SuperGenius/multi_node_finality_fault/restart-vote-validator-three/rocksdb
[2026-08-26 17:45:32][debug][GraphsyncDAGSyncer] GraphSyncer created 5075245112 
[2026-08-26 17:45:32][info][CrdtDatastore] crdt Datastore created. Number of heads: 2 Current max-height: 18446744073709551615
[2026-08-26 17:45:32][info][GeniusAccount] Secure storage ID path: /Users/henriqueklein/gnus/SuperGenius/multi_node_finality_fault/restart-vote-validator-three/account/secure_storage_id
[2026-08-26 17:45:32][info][GeniusAccount] Loaded public key from file: 5073955971b38c9a... (length: 128)
[2026-08-26 17:45:32][info][GeniusAccount] Successfully loaded key_seed from storage
[2026-08-26 17:45:32][info][GeniusAccount] Validation successful: key_seed matches stored public key
[2026-08-26 17:45:32][warning][UTXOManager] Skipping malformed UTXO key /utxo-checkpoint/5073955971b38c9aeb73fbe3e2e3c803dbf1dade74cafe05b9d95e2981e32292b49fce7653f726421725974b4dcd73a5ab977803424894b4291bc798bb705c1f/1
[2026-08-26 17:45:32][warning][UTXOManager] Skipping malformed UTXO key /utxo-checkpoint/5073955971b38c9aeb73fbe3e2e3c803dbf1dade74cafe05b9d95e2981e32292b49fce7653f726421725974b4dcd73a5ab977803424894b4291bc798bb705c1f/latest
[2026-08-26 17:45:32][info][Blockchain] [50739559] Blockchain instance created with authorized full node: 8a33bdf1
[2026-08-26 17:45:32][info][ValidatorRegistry] InitializeCache: cache initialized with CID Qmf2BGWRSwpw5Knw4pJWURBxB3Ye27127ysj8LS1fvEkDM
[2026-08-26 17:45:32][info][CRDTCallbackManager] Successfully registered new data callback for pattern: '/?gnus-validator-registry'
[2026-08-26 17:45:32][info][ValidatorRegistry] RegisterFilter: result=true
[2026-08-26 17:45:32][info][ValidatorRegistry] New: instance ready
[2026-08-26 17:45:32.119163000][th:85115259][info] GossipPubSub /ip4/0.0.0.0/tcp/54603/p2p/12D3KooWG9QGG6kagchS8hQNuFHZ4bvtimKjccAhPiPuhj533Ng4: PubSub subscribed to topic 'gnus-validator-registry.3.7.144'
[2026-08-26 17:45:32.119186000][th:85115259][info] GossipPubSub /ip4/0.0.0.0/tcp/54603/p2p/12D3KooWG9QGG6kagchS8hQNuFHZ4bvtimKjccAhPiPuhj533Ng4: PubSub subscribed to topic 'consensus-channel-.3.7.144'
[2026-08-26 17:45:32][info][CRDTCallbackManager] Successfully registered new data callback for pattern: '^/?cert/[^/]+'
[2026-08-26 17:45:32.119204000][th:85115259][info] GossipPubSub /ip4/0.0.0.0/tcp/54603/p2p/12D3KooWG9QGG6kagchS8hQNuFHZ4bvtimKjccAhPiPuhj533Ng4: PubSub subscribed to topic 'consensus-channel-.3.7.144#datastore.3.7.144'
[2026-08-26 17:45:32][info][CRDTCallbackManager] Successfully registered new data callback for pattern: '/?gnus-genesis-block'
[2026-08-26 17:45:32][info][CRDTCallbackManager] Successfully registered new data callback for pattern: '/?gnus-account-creation-.*'
[2026-08-26 17:45:32][info][CRDTCallbackManager] Successfully registered new data callback for pattern: '^/?/bc-144/tx/[^/]+'
[2026-08-26 17:45:32][info][CRDTCallbackManager] Successfully registered deleted data callback for pattern: '^/?/bc-144/tx/[^/]+'
[2026-08-26 17:45:32][info][CRDTCallbackManager] Successfully registered new data callback for pattern: '^/?/bc-963/tx/[^/]+'
[2026-08-26 17:45:32][info][CRDTCallbackManager] Successfully registered deleted data callback for pattern: '^/?/bc-963/tx/[^/]+'
[2026-08-26 17:45:32][info][CRDTCallbackManager] Successfully registered new data callback for pattern: '^/?/bc-369/tx/[^/]+'
[2026-08-26 17:45:32][info][CRDTCallbackManager] Successfully registered deleted data callback for pattern: '^/?/bc-369/tx/[^/]+'
[2026-08-26 17:45:32][info][CRDTCallbackManager] Successfully unregistered new data callback for pattern: '^/?/bc-144/tx/[^/]+'
[2026-08-26 17:45:32][info][CRDTCallbackManager] Successfully unregistered deleted data callback for pattern: '^/?/bc-144/tx/[^/]+'
[2026-08-26 17:45:32][info][CRDTCallbackManager] Successfully unregistered new data callback for pattern: '^/?/bc-963/tx/[^/]+'
[2026-08-26 17:45:32][info][CRDTCallbackManager] Successfully unregistered deleted data callback for pattern: '^/?/bc-963/tx/[^/]+'
[2026-08-26 17:45:32][info][CRDTCallbackManager] Successfully unregistered new data callback for pattern: '^/?/bc-369/tx/[^/]+'
[2026-08-26 17:45:32][info][CRDTCallbackManager] Successfully unregistered deleted data callback for pattern: '^/?/bc-369/tx/[^/]+'
[2026-08-26 17:45:32][info][TransactionManager] [c160259e - full: false] ~TransactionManager: Metrics — cert_fallback(success=0 failure=0) validation(approve=1 reject=0) tracking(insert=1 confirm=1 fail=0)
[2026-08-26 17:45:32][info][Blockchain] [c160259e] Stopping blockchain
[2026-08-26 17:45:32][info][CRDTCallbackManager] Successfully unregistered new data callback for pattern: '/?gnus-genesis-block'
[2026-08-26 17:45:32][info][CRDTCallbackManager] Successfully unregistered new data callback for pattern: '/?gnus-account-creation-.*'
[2026-08-26 17:45:32][info][CRDTCallbackManager] Successfully unregistered new data callback for pattern: '/?gnus-validator-registry'
[2026-08-26 17:45:32.119368000][th:85115005][error] GossipPubSub Address monitoring timer error: Operation canceled
[2026-08-26 17:45:32][error][PubSubBroadcasterExt] No message to process
[2026-08-26 17:45:32][error][PubSubBroadcasterExt] No message to process
[2026-08-26 17:45:33][debug][GlobalDB] ~GlobalDB CALLED with count 6 on multi_node_finality_fault/restart-vote-passive/rocksdb 
[2026-08-26 17:45:33][info][GlobalDB] GlobalDB shutdown start
[2026-08-26 17:45:33][info][CrdtDatastore] CancelAndCloseNow: begin (pending_jobs=1, self_queue=0, root_queue=0, pending_roots=0, active_root=false)
[2026-08-26 17:45:33][debug][GraphsyncDAGSyncer] Stopping Dagsyncer
[2026-08-26 17:45:33][debug][GraphsyncDAGSyncer] Dagsyncer Stopped
[2026-08-26 17:45:33][info][CrdtDatastore] CancelAndCloseNow: CRDT workers stopped
[2026-08-26 17:45:33][warning][CrdtDatastore] CancelAndCloseNow called but shutdown has already started
[2026-08-26 17:45:33][debug][GraphsyncDAGSyncer] ~GraphsyncDAGSyncer CALLED
[2026-08-26 17:45:33][info][GlobalDB] GlobalDB shutdown finished
[2026-08-26 17:45:33][info][KeyPairFileStorage] Path to keypairs multi_node_finality_fault/restart-vote-passive/keypair
[2026-08-26 17:45:33][info][KeyPairFileStorage] Peer ID from public key: 12D3KooWNydaopnRPY4HBFrWgjA6waUHZz7DejrWab78qHvEs6Re
Current limits: 16384 (soft), 9223372036854775807 (hard)
New limits set successfully: 16384 (soft), 9223372036854775807 (hard)
Initialized relay addresses
[2026-08-26 17:45:33.132884000][th:85114896][info] GossipPubSub /ip4/0.0.0.0/tcp/54604/p2p/12D3KooWNydaopnRPY4HBFrWgjA6waUHZz7DejrWab78qHvEs6Re: Starting PubSub service
[2026-08-26 17:45:33.132937000][th:85115311][info] GossipPubSub Starting address monitoring system for mobile network changes
[2026-08-26 17:45:33.132939000][th:85115311][info] GossipPubSub === CURRENT NETWORK STATE ===
[2026-08-26 17:45:33.132946000][th:85115311][info] GossipPubSub Primary listening address: /ip4/0.0.0.0/tcp/54604/p2p/12D3KooWNydaopnRPY4HBFrWgjA6waUHZz7DejrWab78qHvEs6Re
[2026-08-26 17:45:33.132948000][th:85115311][info] GossipPubSub Host peer info addresses (0):
[2026-08-26 17:45:33.132950000][th:85115311][info] GossipPubSub Additional addresses we track (0):
[2026-08-26 17:45:33.132952000][th:85115311][info] GossipPubSub Listening addresses (1):
[2026-08-26 17:45:33.132954000][th:85115311][info] GossipPubSub   -> /ip4/0.0.0.0/tcp/54604/p2p/12D3KooWNydaopnRPY4HBFrWgjA6waUHZz7DejrWab78qHvEs6Re
[2026-08-26 17:45:33.132956000][th:85115311][info] GossipPubSub Interface addresses (0):
[2026-08-26 17:45:33.132958000][th:85115311][info] GossipPubSub === RAW OBSERVED ADDRESS DEBUG ===
[2026-08-26 17:45:33.132960000][th:85115311][info] GossipPubSub Local address: /ip4/0.0.0.0/tcp/54604/p2p/12D3KooWNydaopnRPY4HBFrWgjA6waUHZz7DejrWab78qHvEs6Re -> 0 raw observed, 0 activated+confirmed
[2026-08-26 17:45:33.132962000][th:85115311][info] GossipPubSub TOTAL: 0 raw observed addresses, 0 activated+confirmed addresses
[2026-08-26 17:45:33.132964000][th:85115311][info] GossipPubSub === END RAW OBSERVED ADDRESS DEBUG ===
[2026-08-26 17:45:33.132966000][th:85115311][info] GossipPubSub Observed addresses - all (0):
[2026-08-26 17:45:33.132967000][th:85115311][info] GossipPubSub Observed addresses - confirmed only (0):
[2026-08-26 17:45:33.132969000][th:85115311][info] GossipPubSub Relay addresses (0):
[2026-08-26 17:45:33.132972000][th:85115311][warning] GossipPubSub Failed to get addresses from peer repository: not found
[2026-08-26 17:45:33.133001000][th:85115311][info] GossipPubSub Found 1 valid network interfaces
[2026-08-26 17:45:33.133002000][th:85115311][info] GossipPubSub Current network interfaces (1):
[2026-08-26 17:45:33.133004000][th:85115311][info] GossipPubSub   -> 192.168.1.6
[2026-08-26 17:45:33.133005000][th:85115311][info] GossipPubSub Active connections: 0
[2026-08-26 17:45:33.133007000][th:85115311][info] GossipPubSub === PEER CONNECTION DETAILS ===
[2026-08-26 17:45:33.133008000][th:85115311][info] GossipPubSub NOTE: Observed addresses need to be seen by 4+ different peer groups to become 'activated'
[2026-08-26 17:45:33.133009000][th:85115311][info] GossipPubSub NOTE: Current connections: 0, so max possible observers: 0
[2026-08-26 17:45:33.133011000][th:85115311][info] GossipPubSub === END PEER CONNECTION DETAILS ===
[2026-08-26 17:45:33.133012000][th:85115311][info] GossipPubSub Connection manager stats:
[2026-08-26 17:45:33.133013000][th:85115311][info] GossipPubSub   -> Max connections: 1000
[2026-08-26 17:45:33.133014000][th:85115311][info] GossipPubSub   -> Current connections: 0
[2026-08-26 17:45:33.133016000][th:85115311][info] GossipPubSub === END NETWORK STATE ===
[2026-08-26 17:45:33.133122000][th:85115311][info] GossipPubSub /ip4/0.0.0.0/tcp/54604/p2p/12D3KooWNydaopnRPY4HBFrWgjA6waUHZz7DejrWab78qHvEs6Re : PubSub service started
[2026-08-26 17:45:33][info][GlobalDB] Opening database /Users/henriqueklein/gnus/SuperGenius/multi_node_finality_fault/restart-vote-passive/rocksdb
[2026-08-26 17:45:33][debug][GraphsyncDAGSyncer] GraphSyncer created 5066281656 
[2026-08-26 17:45:33][info][CrdtDatastore] crdt Datastore created. Number of heads: 2 Current max-height: 18446744073709551615
[2026-08-26 17:45:33][info][GeniusAccount] Secure storage ID path: /Users/henriqueklein/gnus/SuperGenius/multi_node_finality_fault/restart-vote-passive/account/secure_storage_id
[2026-08-26 17:45:33][info][GeniusAccount] Loaded public key from file: c160259e633235b5... (length: 128)
[2026-08-26 17:45:33][info][GeniusAccount] Successfully loaded key_seed from storage
[2026-08-26 17:45:33][info][GeniusAccount] Validation successful: key_seed matches stored public key
[2026-08-26 17:45:33][warning][UTXOManager] Skipping malformed UTXO key /utxo-checkpoint/c160259e633235b553d1bc2ec3dd2f0aa76c11e71dbab7b31dc68977e1e554de20092868418849d0f45b676590489ba606d5d50f26727f338f70d4052bc3a041/1
[2026-08-26 17:45:33][warning][UTXOManager] Skipping malformed UTXO key /utxo-checkpoint/c160259e633235b553d1bc2ec3dd2f0aa76c11e71dbab7b31dc68977e1e554de20092868418849d0f45b676590489ba606d5d50f26727f338f70d4052bc3a041/latest
[2026-08-26 17:45:33][info][Blockchain] [c160259e] Blockchain instance created with authorized full node: 8a33bdf1
[2026-08-26 17:45:33][info][ValidatorRegistry] InitializeCache: cache initialized with CID Qmf2BGWRSwpw5Knw4pJWURBxB3Ye27127ysj8LS1fvEkDM
[2026-08-26 17:45:33][info][CRDTCallbackManager] Successfully registered new data callback for pattern: '/?gnus-validator-registry'
[2026-08-26 17:45:33][info][ValidatorRegistry] RegisterFilter: result=true
[2026-08-26 17:45:33][info][ValidatorRegistry] New: instance ready
[2026-08-26 17:45:33.158460000][th:85115311][info] GossipPubSub /ip4/0.0.0.0/tcp/54604/p2p/12D3KooWNydaopnRPY4HBFrWgjA6waUHZz7DejrWab78qHvEs6Re: PubSub subscribed to topic 'gnus-validator-registry.3.7.144'
[2026-08-26 17:45:33][info][CRDTCallbackManager] Successfully registered new data callback for pattern: '^/?cert/[^/]+'
[2026-08-26 17:45:33.158481000][th:85115311][info] GossipPubSub /ip4/0.0.0.0/tcp/54604/p2p/12D3KooWNydaopnRPY4HBFrWgjA6waUHZz7DejrWab78qHvEs6Re: PubSub subscribed to topic 'consensus-channel-.3.7.144'
[2026-08-26 17:45:33.158500000][th:85115311][info] GossipPubSub /ip4/0.0.0.0/tcp/54604/p2p/12D3KooWNydaopnRPY4HBFrWgjA6waUHZz7DejrWab78qHvEs6Re: PubSub subscribed to topic 'consensus-channel-.3.7.144#datastore.3.7.144'
[2026-08-26 17:45:33][info][CRDTCallbackManager] Successfully registered new data callback for pattern: '/?gnus-genesis-block'
[2026-08-26 17:45:33][info][CRDTCallbackManager] Successfully registered new data callback for pattern: '/?gnus-account-creation-.*'
[2026-08-26 17:45:33][info][CRDTCallbackManager] Successfully registered new data callback for pattern: '^/?/bc-144/tx/[^/]+'
[2026-08-26 17:45:33][info][CRDTCallbackManager] Successfully registered deleted data callback for pattern: '^/?/bc-144/tx/[^/]+'
[2026-08-26 17:45:33][info][CRDTCallbackManager] Successfully registered new data callback for pattern: '^/?/bc-963/tx/[^/]+'
[2026-08-26 17:45:33][info][CRDTCallbackManager] Successfully registered deleted data callback for pattern: '^/?/bc-963/tx/[^/]+'
[2026-08-26 17:45:33][info][CRDTCallbackManager] Successfully registered new data callback for pattern: '^/?/bc-369/tx/[^/]+'
[2026-08-26 17:45:33][info][CRDTCallbackManager] Successfully registered deleted data callback for pattern: '^/?/bc-369/tx/[^/]+'
[2026-08-26 17:45:33.158618000][th:85115183][info] GossipPubSub Adding new peer: 12D3KooWQgSz2yJZU59tPD2DJk7gaHffAd2K59VHwBPZUXqnf6uP
[2026-08-26 17:45:33.158663000][th:85115183][info] GossipPubSub Adding new peer: 12D3KooWG9QGG6kagchS8hQNuFHZ4bvtimKjccAhPiPuhj533Ng4
[2026-08-26 17:45:33.158701000][th:85115183][info] GossipPubSub Adding new peer: 12D3KooWNydaopnRPY4HBFrWgjA6waUHZz7DejrWab78qHvEs6Re
[2026-08-26 17:45:33.158724000][th:85115229][info] GossipPubSub Adding new peer: 12D3KooWP37uovwQcpkupguqJE2WQa7M5XD8WQm3mhabqmaJ9M5F
[2026-08-26 17:45:33.158775000][th:85115229][info] GossipPubSub Adding new peer: 12D3KooWG9QGG6kagchS8hQNuFHZ4bvtimKjccAhPiPuhj533Ng4
[2026-08-26 17:45:33.158815000][th:85115259][info] GossipPubSub Adding new peer: 12D3KooWP37uovwQcpkupguqJE2WQa7M5XD8WQm3mhabqmaJ9M5F
[2026-08-26 17:45:33.158816000][th:85115229][info] GossipPubSub Adding new peer: 12D3KooWNydaopnRPY4HBFrWgjA6waUHZz7DejrWab78qHvEs6Re
[2026-08-26 17:45:33.158847000][th:85115259][info] GossipPubSub Adding new peer: 12D3KooWQgSz2yJZU59tPD2DJk7gaHffAd2K59VHwBPZUXqnf6uP
[2026-08-26 17:45:33.158880000][th:85115259][info] GossipPubSub Adding new peer: 12D3KooWNydaopnRPY4HBFrWgjA6waUHZz7DejrWab78qHvEs6Re
[2026-08-26 17:45:33.158912000][th:85115311][info] GossipPubSub Adding new peer: 12D3KooWP37uovwQcpkupguqJE2WQa7M5XD8WQm3mhabqmaJ9M5F
[2026-08-26 17:45:33.158944000][th:85115311][info] GossipPubSub Adding new peer: 12D3KooWQgSz2yJZU59tPD2DJk7gaHffAd2K59VHwBPZUXqnf6uP
[2026-08-26 17:45:33.158978000][th:85115311][info] GossipPubSub Adding new peer: 12D3KooWG9QGG6kagchS8hQNuFHZ4bvtimKjccAhPiPuhj533Ng4
[2026-08-26 17:45:33][info][CRDTCallbackManager] Successfully unregistered new data callback for pattern: '^/?/bc-144/tx/[^/]+'
[2026-08-26 17:45:33][info][CRDTCallbackManager] Successfully unregistered deleted data callback for pattern: '^/?/bc-144/tx/[^/]+'
[2026-08-26 17:45:33][info][CRDTCallbackManager] Successfully unregistered new data callback for pattern: '^/?/bc-963/tx/[^/]+'
[2026-08-26 17:45:33][info][CRDTCallbackManager] Successfully unregistered deleted data callback for pattern: '^/?/bc-963/tx/[^/]+'
[2026-08-26 17:45:33][info][CRDTCallbackManager] Successfully unregistered new data callback for pattern: '^/?/bc-369/tx/[^/]+'
[2026-08-26 17:45:33][info][CRDTCallbackManager] Successfully unregistered deleted data callback for pattern: '^/?/bc-369/tx/[^/]+'
[2026-08-26 17:45:33][info][TransactionManager] [66811a40 - full: false] ~TransactionManager: Metrics — cert_fallback(success=0 failure=0) validation(approve=0 reject=0) tracking(insert=0 confirm=0 fail=0)
[2026-08-26 17:45:33][info][Blockchain] [66811a40] Stopping blockchain
[2026-08-26 17:45:33][info][CRDTCallbackManager] Successfully unregistered new data callback for pattern: '/?gnus-genesis-block'
[2026-08-26 17:45:33][info][CRDTCallbackManager] Successfully unregistered new data callback for pattern: '/?gnus-account-creation-.*'
[2026-08-26 17:45:33][info][CRDTCallbackManager] Successfully unregistered new data callback for pattern: '/?gnus-validator-registry'
[2026-08-26 17:45:33.205078000][th:85115183][error] GossipPubSub Address monitoring timer error: Operation canceled
[2026-08-26 17:45:33][error][PubSubBroadcasterExt] No message to process
[2026-08-26 17:45:33][error][PubSubBroadcasterExt] No message to process
[2026-08-26 17:45:34][debug][GlobalDB] ~GlobalDB CALLED with count 6 on multi_node_finality_fault/restart-vote-validator-one/rocksdb 
[2026-08-26 17:45:34][info][GlobalDB] GlobalDB shutdown start
[2026-08-26 17:45:34][info][CrdtDatastore] CancelAndCloseNow: begin (pending_jobs=0, self_queue=0, root_queue=0, pending_roots=0, active_root=false)
[2026-08-26 17:45:34][debug][GraphsyncDAGSyncer] Stopping Dagsyncer
[2026-08-26 17:45:34][debug][GraphsyncDAGSyncer] Dagsyncer Stopped
[2026-08-26 17:45:34][info][CrdtDatastore] CancelAndCloseNow: CRDT workers stopped
[2026-08-26 17:45:34][warning][CrdtDatastore] CancelAndCloseNow called but shutdown has already started
[2026-08-26 17:45:34][debug][GraphsyncDAGSyncer] ~GraphsyncDAGSyncer CALLED
[2026-08-26 17:45:34][info][GlobalDB] GlobalDB shutdown finished
[2026-08-26 17:45:34][info][CRDTCallbackManager] Successfully unregistered new data callback for pattern: '^/?/bc-144/tx/[^/]+'
[2026-08-26 17:45:34][info][CRDTCallbackManager] Successfully unregistered deleted data callback for pattern: '^/?/bc-144/tx/[^/]+'
[2026-08-26 17:45:34][info][CRDTCallbackManager] Successfully unregistered new data callback for pattern: '^/?/bc-963/tx/[^/]+'
[2026-08-26 17:45:34][info][CRDTCallbackManager] Successfully unregistered deleted data callback for pattern: '^/?/bc-963/tx/[^/]+'
[2026-08-26 17:45:34][info][CRDTCallbackManager] Successfully unregistered new data callback for pattern: '^/?/bc-369/tx/[^/]+'
[2026-08-26 17:45:34][info][CRDTCallbackManager] Successfully unregistered deleted data callback for pattern: '^/?/bc-369/tx/[^/]+'
[2026-08-26 17:45:34][info][TransactionManager] [2efefed1 - full: false] ~TransactionManager: Metrics — cert_fallback(success=0 failure=0) validation(approve=0 reject=0) tracking(insert=0 confirm=0 fail=0)
[2026-08-26 17:45:34][info][Blockchain] [2efefed1] Stopping blockchain
[2026-08-26 17:45:34][info][CRDTCallbackManager] Successfully unregistered new data callback for pattern: '/?gnus-genesis-block'
[2026-08-26 17:45:34][info][CRDTCallbackManager] Successfully unregistered new data callback for pattern: '/?gnus-account-creation-.*'
[2026-08-26 17:45:34][info][CRDTCallbackManager] Successfully unregistered new data callback for pattern: '/?gnus-validator-registry'
[2026-08-26 17:45:34.602350000][th:85115229][error] GossipPubSub Address monitoring timer error: Operation canceled
[2026-08-26 17:45:34][error][PubSubBroadcasterExt] No message to process
[2026-08-26 17:45:34][error][PubSubBroadcasterExt] No message to process
[2026-08-26 17:45:35][debug][GlobalDB] ~GlobalDB CALLED with count 6 on multi_node_finality_fault/restart-vote-validator-two/rocksdb 
[2026-08-26 17:45:35][info][GlobalDB] GlobalDB shutdown start
[2026-08-26 17:45:35][info][CrdtDatastore] CancelAndCloseNow: begin (pending_jobs=0, self_queue=0, root_queue=0, pending_roots=0, active_root=false)
[2026-08-26 17:45:35][debug][GraphsyncDAGSyncer] Stopping Dagsyncer
[2026-08-26 17:45:35][debug][GraphsyncDAGSyncer] Dagsyncer Stopped
[2026-08-26 17:45:36][info][CrdtDatastore] CancelAndCloseNow: CRDT workers stopped
[2026-08-26 17:45:36][warning][CrdtDatastore] CancelAndCloseNow called but shutdown has already started
[2026-08-26 17:45:36][debug][GraphsyncDAGSyncer] ~GraphsyncDAGSyncer CALLED
[2026-08-26 17:45:36][info][GlobalDB] GlobalDB shutdown finished
[2026-08-26 17:45:36][info][CRDTCallbackManager] Successfully unregistered new data callback for pattern: '^/?/bc-144/tx/[^/]+'
[2026-08-26 17:45:36][info][CRDTCallbackManager] Successfully unregistered deleted data callback for pattern: '^/?/bc-144/tx/[^/]+'
[2026-08-26 17:45:36][info][CRDTCallbackManager] Successfully unregistered new data callback for pattern: '^/?/bc-963/tx/[^/]+'
[2026-08-26 17:45:36][info][CRDTCallbackManager] Successfully unregistered deleted data callback for pattern: '^/?/bc-963/tx/[^/]+'
[2026-08-26 17:45:36][info][CRDTCallbackManager] Successfully unregistered new data callback for pattern: '^/?/bc-369/tx/[^/]+'
[2026-08-26 17:45:36][info][CRDTCallbackManager] Successfully unregistered deleted data callback for pattern: '^/?/bc-369/tx/[^/]+'
[2026-08-26 17:45:36][info][TransactionManager] [50739559 - full: false] ~TransactionManager: Metrics — cert_fallback(success=0 failure=0) validation(approve=0 reject=0) tracking(insert=0 confirm=0 fail=0)
[2026-08-26 17:45:36][info][Blockchain] [50739559] Stopping blockchain
[2026-08-26 17:45:36][info][CRDTCallbackManager] Successfully unregistered new data callback for pattern: '/?gnus-genesis-block'
[2026-08-26 17:45:36][info][CRDTCallbackManager] Successfully unregistered new data callback for pattern: '/?gnus-account-creation-.*'
[2026-08-26 17:45:36][info][CRDTCallbackManager] Successfully unregistered new data callback for pattern: '/?gnus-validator-registry'
[2026-08-26 17:45:36.089072000][th:85115259][error] GossipPubSub Address monitoring timer error: Operation canceled
[2026-08-26 17:45:36][error][PubSubBroadcasterExt] No message to process
[2026-08-26 17:45:36][error][PubSubBroadcasterExt] No message to process
[2026-08-26 17:45:37][debug][GlobalDB] ~GlobalDB CALLED with count 6 on multi_node_finality_fault/restart-vote-validator-three/rocksdb 
[2026-08-26 17:45:37][info][GlobalDB] GlobalDB shutdown start
[2026-08-26 17:45:37][info][CrdtDatastore] CancelAndCloseNow: begin (pending_jobs=0, self_queue=0, root_queue=0, pending_roots=0, active_root=false)
[2026-08-26 17:45:37][debug][GraphsyncDAGSyncer] Stopping Dagsyncer
[2026-08-26 17:45:37][debug][GraphsyncDAGSyncer] Dagsyncer Stopped
[2026-08-26 17:45:37][info][CrdtDatastore] CancelAndCloseNow: CRDT workers stopped
[2026-08-26 17:45:37][warning][CrdtDatastore] CancelAndCloseNow called but shutdown has already started
[2026-08-26 17:45:37][debug][GraphsyncDAGSyncer] ~GraphsyncDAGSyncer CALLED
[2026-08-26 17:45:37][info][GlobalDB] GlobalDB shutdown finished
[2026-08-26 17:45:37][info][CRDTCallbackManager] Successfully unregistered new data callback for pattern: '^/?/bc-144/tx/[^/]+'
[2026-08-26 17:45:37][info][CRDTCallbackManager] Successfully unregistered deleted data callback for pattern: '^/?/bc-144/tx/[^/]+'
[2026-08-26 17:45:37][info][CRDTCallbackManager] Successfully unregistered new data callback for pattern: '^/?/bc-963/tx/[^/]+'
[2026-08-26 17:45:37][info][CRDTCallbackManager] Successfully unregistered deleted data callback for pattern: '^/?/bc-963/tx/[^/]+'
[2026-08-26 17:45:37][info][CRDTCallbackManager] Successfully unregistered new data callback for pattern: '^/?/bc-369/tx/[^/]+'
[2026-08-26 17:45:37][info][CRDTCallbackManager] Successfully unregistered deleted data callback for pattern: '^/?/bc-369/tx/[^/]+'
[2026-08-26 17:45:37][info][TransactionManager] [c160259e - full: false] ~TransactionManager: Metrics — cert_fallback(success=0 failure=0) validation(approve=0 reject=0) tracking(insert=0 confirm=0 fail=0)
[2026-08-26 17:45:37][info][Blockchain] [c160259e] Stopping blockchain
[2026-08-26 17:45:37][info][CRDTCallbackManager] Successfully unregistered new data callback for pattern: '/?gnus-genesis-block'
[2026-08-26 17:45:37][info][CRDTCallbackManager] Successfully unregistered new data callback for pattern: '/?gnus-account-creation-.*'
[2026-08-26 17:45:37][info][CRDTCallbackManager] Successfully unregistered new data callback for pattern: '/?gnus-validator-registry'
[2026-08-26 17:45:37.147951000][th:85115311][error] GossipPubSub Address monitoring timer error: Operation canceled
[2026-08-26 17:45:37][error][PubSubBroadcasterExt] No message to process
[2026-08-26 17:45:37][error][PubSubBroadcasterExt] No message to process
[2026-08-26 17:45:38][debug][GlobalDB] ~GlobalDB CALLED with count 6 on multi_node_finality_fault/restart-vote-passive/rocksdb 
[2026-08-26 17:45:38][info][GlobalDB] GlobalDB shutdown start
[2026-08-26 17:45:38][info][CrdtDatastore] CancelAndCloseNow: begin (pending_jobs=0, self_queue=0, root_queue=0, pending_roots=0, active_root=false)
[2026-08-26 17:45:38][debug][GraphsyncDAGSyncer] Stopping Dagsyncer
[2026-08-26 17:45:38][debug][GraphsyncDAGSyncer] Dagsyncer Stopped
[2026-08-26 17:45:38][info][CrdtDatastore] CancelAndCloseNow: CRDT workers stopped
[2026-08-26 17:45:38][warning][CrdtDatastore] CancelAndCloseNow called but shutdown has already started
[2026-08-26 17:45:38][debug][GraphsyncDAGSyncer] ~GraphsyncDAGSyncer CALLED
[2026-08-26 17:45:38][info][GlobalDB] GlobalDB shutdown finished
[2026-08-26 17:45:38][info][KeyPairFileStorage] Path to keypairs multi_node_finality_fault/restart-certificate-validator-one/keypair
[2026-08-26 17:45:38][info][KeyPairFileStorage] Peer ID from public key: 12D3KooWMvLnmwUHrtmJBmG6t8hJTG5GjydGSxj7hMDLEoUqPY3W
Current limits: 16384 (soft), 9223372036854775807 (hard)
New limits set successfully: 16384 (soft), 9223372036854775807 (hard)
Initialized relay addresses
[2026-08-26 17:45:38.191761000][th:85114896][info] GossipPubSub /ip4/0.0.0.0/tcp/54611/p2p/12D3KooWMvLnmwUHrtmJBmG6t8hJTG5GjydGSxj7hMDLEoUqPY3W: Starting PubSub service
[2026-08-26 17:45:38.191816000][th:85115413][info] GossipPubSub Starting address monitoring system for mobile network changes
[2026-08-26 17:45:38.191819000][th:85115413][info] GossipPubSub === CURRENT NETWORK STATE ===
[2026-08-26 17:45:38.191825000][th:85115413][info] GossipPubSub Primary listening address: /ip4/0.0.0.0/tcp/54611/p2p/12D3KooWMvLnmwUHrtmJBmG6t8hJTG5GjydGSxj7hMDLEoUqPY3W
[2026-08-26 17:45:38.191827000][th:85115413][info] GossipPubSub Host peer info addresses (0):
[2026-08-26 17:45:38.191829000][th:85115413][info] GossipPubSub Additional addresses we track (0):
[2026-08-26 17:45:38.191831000][th:85115413][info] GossipPubSub Listening addresses (1):
[2026-08-26 17:45:38.191833000][th:85115413][info] GossipPubSub   -> /ip4/0.0.0.0/tcp/54611/p2p/12D3KooWMvLnmwUHrtmJBmG6t8hJTG5GjydGSxj7hMDLEoUqPY3W
[2026-08-26 17:45:38.191835000][th:85115413][info] GossipPubSub Interface addresses (0):
[2026-08-26 17:45:38.191836000][th:85115413][info] GossipPubSub === RAW OBSERVED ADDRESS DEBUG ===
[2026-08-26 17:45:38.191839000][th:85115413][info] GossipPubSub Local address: /ip4/0.0.0.0/tcp/54611/p2p/12D3KooWMvLnmwUHrtmJBmG6t8hJTG5GjydGSxj7hMDLEoUqPY3W -> 0 raw observed, 0 activated+confirmed
[2026-08-26 17:45:38.191843000][th:85115413][info] GossipPubSub TOTAL: 0 raw observed addresses, 0 activated+confirmed addresses
[2026-08-26 17:45:38.191844000][th:85115413][info] GossipPubSub === END RAW OBSERVED ADDRESS DEBUG ===
[2026-08-26 17:45:38.191846000][th:85115413][info] GossipPubSub Observed addresses - all (0):
[2026-08-26 17:45:38.191847000][th:85115413][info] GossipPubSub Observed addresses - confirmed only (0):
[2026-08-26 17:45:38.191849000][th:85115413][info] GossipPubSub Relay addresses (0):
[2026-08-26 17:45:38.191851000][th:85115413][warning] GossipPubSub Failed to get addresses from peer repository: not found
[2026-08-26 17:45:38.191881000][th:85115413][info] GossipPubSub Found 1 valid network interfaces
[2026-08-26 17:45:38.191883000][th:85115413][info] GossipPubSub Current network interfaces (1):
[2026-08-26 17:45:38.191885000][th:85115413][info] GossipPubSub   -> 192.168.1.6
[2026-08-26 17:45:38.191886000][th:85115413][info] GossipPubSub Active connections: 0
[2026-08-26 17:45:38.191888000][th:85115413][info] GossipPubSub === PEER CONNECTION DETAILS ===
[2026-08-26 17:45:38.191889000][th:85115413][info] GossipPubSub NOTE: Observed addresses need to be seen by 4+ different peer groups to become 'activated'
[2026-08-26 17:45:38.191891000][th:85115413][info] GossipPubSub NOTE: Current connections: 0, so max possible observers: 0
[2026-08-26 17:45:38.191892000][th:85115413][info] GossipPubSub === END PEER CONNECTION DETAILS ===
[2026-08-26 17:45:38.191894000][th:85115413][info] GossipPubSub Connection manager stats:
[2026-08-26 17:45:38.191895000][th:85115413][info] GossipPubSub   -> Max connections: 1000
[2026-08-26 17:45:38.191897000][th:85115413][info] GossipPubSub   -> Current connections: 0
[2026-08-26 17:45:38.191898000][th:85115413][info] GossipPubSub === END NETWORK STATE ===
[2026-08-26 17:45:38.192010000][th:85115413][info] GossipPubSub /ip4/0.0.0.0/tcp/54611/p2p/12D3KooWMvLnmwUHrtmJBmG6t8hJTG5GjydGSxj7hMDLEoUqPY3W : PubSub service started
[2026-08-26 17:45:38][info][GlobalDB] Opening database /Users/henriqueklein/gnus/SuperGenius/multi_node_finality_fault/restart-certificate-validator-one/rocksdb
[2026-08-26 17:45:38][debug][GraphsyncDAGSyncer] GraphSyncer created 5066222456 
[2026-08-26 17:45:38][info][CrdtDatastore] crdt Datastore created. Number of heads: 0 Current max-height: 0
[2026-08-26 17:45:38][info][GeniusAccount] Secure storage ID path: /Users/henriqueklein/gnus/SuperGenius/multi_node_finality_fault/restart-certificate-validator-one/account/secure_storage_id
[2026-08-26 17:45:38][error][GeniusAccount] Could not find existing Genius address, generating one from a random mnemonic
[2026-08-26 17:45:38][warning][UTXOManager] Found UTXOs in storage, but there were none
[2026-08-26 17:45:38][info][Blockchain] [e08d3953] Blockchain instance created with authorized full node: 8a33bdf1
[2026-08-26 17:45:38][error][ValidatorRegistry] InitializeCache: registry content not found during cache init
[2026-08-26 17:45:38][info][CRDTCallbackManager] Successfully registered new data callback for pattern: '/?gnus-validator-registry'
[2026-08-26 17:45:38][info][ValidatorRegistry] RegisterFilter: result=true
[2026-08-26 17:45:38][info][ValidatorRegistry] New: instance ready
[2026-08-26 17:45:38.227057000][th:85115413][info] GossipPubSub /ip4/0.0.0.0/tcp/54611/p2p/12D3KooWMvLnmwUHrtmJBmG6t8hJTG5GjydGSxj7hMDLEoUqPY3W: PubSub subscribed to topic 'gnus-validator-registry.3.7.144'
[2026-08-26 17:45:38][info][CRDTCallbackManager] Successfully registered new data callback for pattern: '^/?cert/[^/]+'
[2026-08-26 17:45:38.227080000][th:85115413][info] GossipPubSub /ip4/0.0.0.0/tcp/54611/p2p/12D3KooWMvLnmwUHrtmJBmG6t8hJTG5GjydGSxj7hMDLEoUqPY3W: PubSub subscribed to topic 'consensus-channel-.3.7.144'
[2026-08-26 17:45:38][warning][Blockchain] [e08d3953] Failed to request validator registry during blockchain init
[2026-08-26 17:45:38][info][CRDTCallbackManager] Successfully registered new data callback for pattern: '/?gnus-genesis-block'
[2026-08-26 17:45:38][info][CRDTCallbackManager] Successfully registered new data callback for pattern: '/?gnus-account-creation-.*'
[2026-08-26 17:45:38.227099000][th:85115413][info] GossipPubSub /ip4/0.0.0.0/tcp/54611/p2p/12D3KooWMvLnmwUHrtmJBmG6t8hJTG5GjydGSxj7hMDLEoUqPY3W: PubSub subscribed to topic 'consensus-channel-.3.7.144#datastore.3.7.144'
[2026-08-26 17:45:38][info][CRDTCallbackManager] Successfully registered new data callback for pattern: '^/?/bc-144/tx/[^/]+'
[2026-08-26 17:45:38][info][CRDTCallbackManager] Successfully registered deleted data callback for pattern: '^/?/bc-144/tx/[^/]+'
[2026-08-26 17:45:38][info][CRDTCallbackManager] Successfully registered new data callback for pattern: '^/?/bc-963/tx/[^/]+'
[2026-08-26 17:45:38][info][CRDTCallbackManager] Successfully registered deleted data callback for pattern: '^/?/bc-963/tx/[^/]+'
[2026-08-26 17:45:38][info][CRDTCallbackManager] Successfully registered new data callback for pattern: '^/?/bc-369/tx/[^/]+'
[2026-08-26 17:45:38][info][CRDTCallbackManager] Successfully registered deleted data callback for pattern: '^/?/bc-369/tx/[^/]+'
[2026-08-26 17:45:38][info][KeyPairFileStorage] Path to keypairs multi_node_finality_fault/restart-certificate-validator-two/keypair
[2026-08-26 17:45:38][info][KeyPairFileStorage] Peer ID from public key: 12D3KooWJSAEzZVXc22xufdi7gtDLArb8bGCaYhTWy7RrMjxh1bb
Current limits: 16384 (soft), 9223372036854775807 (hard)
New limits set successfully: 16384 (soft), 9223372036854775807 (hard)
Initialized relay addresses
[2026-08-26 17:45:38.228807000][th:85114896][info] GossipPubSub /ip4/0.0.0.0/tcp/54612/p2p/12D3KooWJSAEzZVXc22xufdi7gtDLArb8bGCaYhTWy7RrMjxh1bb: Starting PubSub service
[2026-08-26 17:45:38.228851000][th:85115434][info] GossipPubSub Starting address monitoring system for mobile network changes
[2026-08-26 17:45:38.228853000][th:85115434][info] GossipPubSub === CURRENT NETWORK STATE ===
[2026-08-26 17:45:38.228859000][th:85115434][info] GossipPubSub Primary listening address: /ip4/0.0.0.0/tcp/54612/p2p/12D3KooWJSAEzZVXc22xufdi7gtDLArb8bGCaYhTWy7RrMjxh1bb
[2026-08-26 17:45:38.228861000][th:85115434][info] GossipPubSub Host peer info addresses (0):
[2026-08-26 17:45:38.228862000][th:85115434][info] GossipPubSub Additional addresses we track (0):
[2026-08-26 17:45:38.228864000][th:85115434][info] GossipPubSub Listening addresses (1):
[2026-08-26 17:45:38.228866000][th:85115434][info] GossipPubSub   -> /ip4/0.0.0.0/tcp/54612/p2p/12D3KooWJSAEzZVXc22xufdi7gtDLArb8bGCaYhTWy7RrMjxh1bb
[2026-08-26 17:45:38.228868000][th:85115434][info] GossipPubSub Interface addresses (0):
[2026-08-26 17:45:38.228869000][th:85115434][info] GossipPubSub === RAW OBSERVED ADDRESS DEBUG ===
[2026-08-26 17:45:38.228872000][th:85115434][info] GossipPubSub Local address: /ip4/0.0.0.0/tcp/54612/p2p/12D3KooWJSAEzZVXc22xufdi7gtDLArb8bGCaYhTWy7RrMjxh1bb -> 0 raw observed, 0 activated+confirmed
[2026-08-26 17:45:38.228874000][th:85115434][info] GossipPubSub TOTAL: 0 raw observed addresses, 0 activated+confirmed addresses
[2026-08-26 17:45:38.228875000][th:85115434][info] GossipPubSub === END RAW OBSERVED ADDRESS DEBUG ===
[2026-08-26 17:45:38.228877000][th:85115434][info] GossipPubSub Observed addresses - all (0):
[2026-08-26 17:45:38.228879000][th:85115434][info] GossipPubSub Observed addresses - confirmed only (0):
[2026-08-26 17:45:38.228880000][th:85115434][info] GossipPubSub Relay addresses (0):
[2026-08-26 17:45:38.228883000][th:85115434][warning] GossipPubSub Failed to get addresses from peer repository: not found
[2026-08-26 17:45:38.228911000][th:85115434][info] GossipPubSub Found 1 valid network interfaces
[2026-08-26 17:45:38.228913000][th:85115434][info] GossipPubSub Current network interfaces (1):
[2026-08-26 17:45:38.228915000][th:85115434][info] GossipPubSub   -> 192.168.1.6
[2026-08-26 17:45:38.228916000][th:85115434][info] GossipPubSub Active connections: 0
[2026-08-26 17:45:38.228918000][th:85115434][info] GossipPubSub === PEER CONNECTION DETAILS ===
[2026-08-26 17:45:38.228919000][th:85115434][info] GossipPubSub NOTE: Observed addresses need to be seen by 4+ different peer groups to become 'activated'
[2026-08-26 17:45:38.228921000][th:85115434][info] GossipPubSub NOTE: Current connections: 0, so max possible observers: 0
[2026-08-26 17:45:38.228923000][th:85115434][info] GossipPubSub === END PEER CONNECTION DETAILS ===
[2026-08-26 17:45:38.228924000][th:85115434][info] GossipPubSub Connection manager stats:
[2026-08-26 17:45:38.228926000][th:85115434][info] GossipPubSub   -> Max connections: 1000
[2026-08-26 17:45:38.228927000][th:85115434][info] GossipPubSub   -> Current connections: 0
[2026-08-26 17:45:38.228929000][th:85115434][info] GossipPubSub === END NETWORK STATE ===
[2026-08-26 17:45:38.229042000][th:85115434][info] GossipPubSub /ip4/0.0.0.0/tcp/54612/p2p/12D3KooWJSAEzZVXc22xufdi7gtDLArb8bGCaYhTWy7RrMjxh1bb : PubSub service started
[2026-08-26 17:45:38][info][GlobalDB] Opening database /Users/henriqueklein/gnus/SuperGenius/multi_node_finality_fault/restart-certificate-validator-two/rocksdb
[2026-08-26 17:45:38][debug][GraphsyncDAGSyncer] GraphSyncer created 5075280008 
[2026-08-26 17:45:38][info][CrdtDatastore] crdt Datastore created. Number of heads: 0 Current max-height: 0
[2026-08-26 17:45:38][info][GeniusAccount] Secure storage ID path: /Users/henriqueklein/gnus/SuperGenius/multi_node_finality_fault/restart-certificate-validator-two/account/secure_storage_id
[2026-08-26 17:45:38][error][GeniusAccount] Could not find existing Genius address, generating one from a random mnemonic
[2026-08-26 17:45:38][warning][UTXOManager] Found UTXOs in storage, but there were none
[2026-08-26 17:45:38][info][Blockchain] [0a56ec29] Blockchain instance created with authorized full node: 8a33bdf1
[2026-08-26 17:45:38][error][ValidatorRegistry] InitializeCache: registry content not found during cache init
[2026-08-26 17:45:38][info][CRDTCallbackManager] Successfully registered new data callback for pattern: '/?gnus-validator-registry'
[2026-08-26 17:45:38][info][ValidatorRegistry] RegisterFilter: result=true
[2026-08-26 17:45:38][info][ValidatorRegistry] New: instance ready
[2026-08-26 17:45:38.260797000][th:85115434][info] GossipPubSub /ip4/0.0.0.0/tcp/54612/p2p/12D3KooWJSAEzZVXc22xufdi7gtDLArb8bGCaYhTWy7RrMjxh1bb: PubSub subscribed to topic 'gnus-validator-registry.3.7.144'
[2026-08-26 17:45:38][info][CRDTCallbackManager] Successfully registered new data callback for pattern: '^/?cert/[^/]+'
[2026-08-26 17:45:38.260820000][th:85115434][info] GossipPubSub /ip4/0.0.0.0/tcp/54612/p2p/12D3KooWJSAEzZVXc22xufdi7gtDLArb8bGCaYhTWy7RrMjxh1bb: PubSub subscribed to topic 'consensus-channel-.3.7.144'
[2026-08-26 17:45:38.260838000][th:85115434][info] GossipPubSub /ip4/0.0.0.0/tcp/54612/p2p/12D3KooWJSAEzZVXc22xufdi7gtDLArb8bGCaYhTWy7RrMjxh1bb: PubSub subscribed to topic 'consensus-channel-.3.7.144#datastore.3.7.144'
[2026-08-26 17:45:38][warning][Blockchain] [0a56ec29] Failed to request validator registry during blockchain init
[2026-08-26 17:45:38][info][CRDTCallbackManager] Successfully registered new data callback for pattern: '/?gnus-genesis-block'
[2026-08-26 17:45:38][info][CRDTCallbackManager] Successfully registered new data callback for pattern: '/?gnus-account-creation-.*'
[2026-08-26 17:45:38][info][CRDTCallbackManager] Successfully registered new data callback for pattern: '^/?/bc-144/tx/[^/]+'
[2026-08-26 17:45:38][info][CRDTCallbackManager] Successfully registered deleted data callback for pattern: '^/?/bc-144/tx/[^/]+'
[2026-08-26 17:45:38][info][CRDTCallbackManager] Successfully registered new data callback for pattern: '^/?/bc-963/tx/[^/]+'
[2026-08-26 17:45:38][info][CRDTCallbackManager] Successfully registered deleted data callback for pattern: '^/?/bc-963/tx/[^/]+'
[2026-08-26 17:45:38][info][CRDTCallbackManager] Successfully registered new data callback for pattern: '^/?/bc-369/tx/[^/]+'
[2026-08-26 17:45:38][info][CRDTCallbackManager] Successfully registered deleted data callback for pattern: '^/?/bc-369/tx/[^/]+'
[2026-08-26 17:45:38][info][KeyPairFileStorage] Path to keypairs multi_node_finality_fault/restart-certificate-validator-three/keypair
[2026-08-26 17:45:38][info][KeyPairFileStorage] Peer ID from public key: 12D3KooWQM25YLpiNXQRjq878tMEAoJgMFDnGXfHienkx7DsAR7Z
Current limits: 16384 (soft), 9223372036854775807 (hard)
New limits set successfully: 16384 (soft), 9223372036854775807 (hard)
Initialized relay addresses
[2026-08-26 17:45:38.262472000][th:85114896][info] GossipPubSub /ip4/0.0.0.0/tcp/54613/p2p/12D3KooWQM25YLpiNXQRjq878tMEAoJgMFDnGXfHienkx7DsAR7Z: Starting PubSub service
[2026-08-26 17:45:38.262518000][th:85115458][info] GossipPubSub Starting address monitoring system for mobile network changes
[2026-08-26 17:45:38.262521000][th:85115458][info] GossipPubSub === CURRENT NETWORK STATE ===
[2026-08-26 17:45:38.262527000][th:85115458][info] GossipPubSub Primary listening address: /ip4/0.0.0.0/tcp/54613/p2p/12D3KooWQM25YLpiNXQRjq878tMEAoJgMFDnGXfHienkx7DsAR7Z
[2026-08-26 17:45:38.262528000][th:85115458][info] GossipPubSub Host peer info addresses (0):
[2026-08-26 17:45:38.262530000][th:85115458][info] GossipPubSub Additional addresses we track (0):
[2026-08-26 17:45:38.262532000][th:85115458][info] GossipPubSub Listening addresses (1):
[2026-08-26 17:45:38.262533000][th:85115458][info] GossipPubSub   -> /ip4/0.0.0.0/tcp/54613/p2p/12D3KooWQM25YLpiNXQRjq878tMEAoJgMFDnGXfHienkx7DsAR7Z
[2026-08-26 17:45:38.262535000][th:85115458][info] GossipPubSub Interface addresses (0):
[2026-08-26 17:45:38.262536000][th:85115458][info] GossipPubSub === RAW OBSERVED ADDRESS DEBUG ===
[2026-08-26 17:45:38.262539000][th:85115458][info] GossipPubSub Local address: /ip4/0.0.0.0/tcp/54613/p2p/12D3KooWQM25YLpiNXQRjq878tMEAoJgMFDnGXfHienkx7DsAR7Z -> 0 raw observed, 0 activated+confirmed
[2026-08-26 17:45:38.262541000][th:85115458][info] GossipPubSub TOTAL: 0 raw observed addresses, 0 activated+confirmed addresses
[2026-08-26 17:45:38.262542000][th:85115458][info] GossipPubSub === END RAW OBSERVED ADDRESS DEBUG ===
[2026-08-26 17:45:38.262544000][th:85115458][info] GossipPubSub Observed addresses - all (0):
[2026-08-26 17:45:38.262545000][th:85115458][info] GossipPubSub Observed addresses - confirmed only (0):
[2026-08-26 17:45:38.262547000][th:85115458][info] GossipPubSub Relay addresses (0):
[2026-08-26 17:45:38.262549000][th:85115458][warning] GossipPubSub Failed to get addresses from peer repository: not found
[2026-08-26 17:45:38.262581000][th:85115458][info] GossipPubSub Found 1 valid network interfaces
[2026-08-26 17:45:38.262583000][th:85115458][info] GossipPubSub Current network interfaces (1):
[2026-08-26 17:45:38.262584000][th:85115458][info] GossipPubSub   -> 192.168.1.6
[2026-08-26 17:45:38.262586000][th:85115458][info] GossipPubSub Active connections: 0
[2026-08-26 17:45:38.262588000][th:85115458][info] GossipPubSub === PEER CONNECTION DETAILS ===
[2026-08-26 17:45:38.262589000][th:85115458][info] GossipPubSub NOTE: Observed addresses need to be seen by 4+ different peer groups to become 'activated'
[2026-08-26 17:45:38.262591000][th:85115458][info] GossipPubSub NOTE: Current connections: 0, so max possible observers: 0
[2026-08-26 17:45:38.262592000][th:85115458][info] GossipPubSub === END PEER CONNECTION DETAILS ===
[2026-08-26 17:45:38.262593000][th:85115458][info] GossipPubSub Connection manager stats:
[2026-08-26 17:45:38.262595000][th:85115458][info] GossipPubSub   -> Max connections: 1000
[2026-08-26 17:45:38.262596000][th:85115458][info] GossipPubSub   -> Current connections: 0
[2026-08-26 17:45:38.262598000][th:85115458][info] GossipPubSub === END NETWORK STATE ===
[2026-08-26 17:45:38.262742000][th:85115458][info] GossipPubSub /ip4/0.0.0.0/tcp/54613/p2p/12D3KooWQM25YLpiNXQRjq878tMEAoJgMFDnGXfHienkx7DsAR7Z : PubSub service started
[2026-08-26 17:45:38][info][GlobalDB] Opening database /Users/henriqueklein/gnus/SuperGenius/multi_node_finality_fault/restart-certificate-validator-three/rocksdb
[2026-08-26 17:45:38][debug][GraphsyncDAGSyncer] GraphSyncer created 4527806168 
[2026-08-26 17:45:38][info][CrdtDatastore] crdt Datastore created. Number of heads: 0 Current max-height: 0
[2026-08-26 17:45:38][info][GeniusAccount] Secure storage ID path: /Users/henriqueklein/gnus/SuperGenius/multi_node_finality_fault/restart-certificate-validator-three/account/secure_storage_id
[2026-08-26 17:45:38][error][GeniusAccount] Could not find existing Genius address, generating one from a random mnemonic
[2026-08-26 17:45:38][warning][UTXOManager] Found UTXOs in storage, but there were none
[2026-08-26 17:45:38][info][Blockchain] [e800080c] Blockchain instance created with authorized full node: 8a33bdf1
[2026-08-26 17:45:38][error][ValidatorRegistry] InitializeCache: registry content not found during cache init
[2026-08-26 17:45:38][info][CRDTCallbackManager] Successfully registered new data callback for pattern: '/?gnus-validator-registry'
[2026-08-26 17:45:38][info][ValidatorRegistry] RegisterFilter: result=true
[2026-08-26 17:45:38][info][ValidatorRegistry] New: instance ready
[2026-08-26 17:45:38.297624000][th:85115458][info] GossipPubSub /ip4/0.0.0.0/tcp/54613/p2p/12D3KooWQM25YLpiNXQRjq878tMEAoJgMFDnGXfHienkx7DsAR7Z: PubSub subscribed to topic 'gnus-validator-registry.3.7.144'
[2026-08-26 17:45:38][info][CRDTCallbackManager] Successfully registered new data callback for pattern: '^/?cert/[^/]+'
[2026-08-26 17:45:38.297681000][th:85115458][info] GossipPubSub /ip4/0.0.0.0/tcp/54613/p2p/12D3KooWQM25YLpiNXQRjq878tMEAoJgMFDnGXfHienkx7DsAR7Z: PubSub subscribed to topic 'consensus-channel-.3.7.144'
[2026-08-26 17:45:38][warning][Blockchain] [e800080c] Failed to request validator registry during blockchain init
[2026-08-26 17:45:38][info][CRDTCallbackManager] Successfully registered new data callback for pattern: '/?gnus-genesis-block'
[2026-08-26 17:45:38][info][CRDTCallbackManager] Successfully registered new data callback for pattern: '/?gnus-account-creation-.*'
[2026-08-26 17:45:38][info][CRDTCallbackManager] Successfully registered new data callback for pattern: '^/?/bc-144/tx/[^/]+'
[2026-08-26 17:45:38][info][CRDTCallbackManager] Successfully registered deleted data callback for pattern: '^/?/bc-144/tx/[^/]+'
[2026-08-26 17:45:38.297725000][th:85115458][info] GossipPubSub /ip4/0.0.0.0/tcp/54613/p2p/12D3KooWQM25YLpiNXQRjq878tMEAoJgMFDnGXfHienkx7DsAR7Z: PubSub subscribed to topic 'consensus-channel-.3.7.144#datastore.3.7.144'
[2026-08-26 17:45:38][info][CRDTCallbackManager] Successfully registered new data callback for pattern: '^/?/bc-963/tx/[^/]+'
[2026-08-26 17:45:38][info][CRDTCallbackManager] Successfully registered deleted data callback for pattern: '^/?/bc-963/tx/[^/]+'
[2026-08-26 17:45:38][info][CRDTCallbackManager] Successfully registered new data callback for pattern: '^/?/bc-369/tx/[^/]+'
[2026-08-26 17:45:38][info][CRDTCallbackManager] Successfully registered deleted data callback for pattern: '^/?/bc-369/tx/[^/]+'
[2026-08-26 17:45:38][info][KeyPairFileStorage] Path to keypairs multi_node_finality_fault/restart-certificate-passive/keypair
[2026-08-26 17:45:38][info][KeyPairFileStorage] Peer ID from public key: 12D3KooWBWyqoZiWKeKf8grfCs45VfHzsTsBDoG6nonAEubZ8udb
Current limits: 16384 (soft), 9223372036854775807 (hard)
New limits set successfully: 16384 (soft), 9223372036854775807 (hard)
Initialized relay addresses
[2026-08-26 17:45:38.299563000][th:85114896][info] GossipPubSub /ip4/0.0.0.0/tcp/54614/p2p/12D3KooWBWyqoZiWKeKf8grfCs45VfHzsTsBDoG6nonAEubZ8udb: Starting PubSub service
[2026-08-26 17:45:38.299625000][th:85115483][info] GossipPubSub Starting address monitoring system for mobile network changes
[2026-08-26 17:45:38.299628000][th:85115483][info] GossipPubSub === CURRENT NETWORK STATE ===
[2026-08-26 17:45:38.299636000][th:85115483][info] GossipPubSub Primary listening address: /ip4/0.0.0.0/tcp/54614/p2p/12D3KooWBWyqoZiWKeKf8grfCs45VfHzsTsBDoG6nonAEubZ8udb
[2026-08-26 17:45:38.299638000][th:85115483][info] GossipPubSub Host peer info addresses (0):
[2026-08-26 17:45:38.299640000][th:85115483][info] GossipPubSub Additional addresses we track (0):
[2026-08-26 17:45:38.299641000][th:85115483][info] GossipPubSub Listening addresses (1):
[2026-08-26 17:45:38.299643000][th:85115483][info] GossipPubSub   -> /ip4/0.0.0.0/tcp/54614/p2p/12D3KooWBWyqoZiWKeKf8grfCs45VfHzsTsBDoG6nonAEubZ8udb
[2026-08-26 17:45:38.299645000][th:85115483][info] GossipPubSub Interface addresses (0):
[2026-08-26 17:45:38.299653000][th:85115483][info] GossipPubSub === RAW OBSERVED ADDRESS DEBUG ===
[2026-08-26 17:45:38.299656000][th:85115483][info] GossipPubSub Local address: /ip4/0.0.0.0/tcp/54614/p2p/12D3KooWBWyqoZiWKeKf8grfCs45VfHzsTsBDoG6nonAEubZ8udb -> 0 raw observed, 0 activated+confirmed
[2026-08-26 17:45:38.299658000][th:85115483][info] GossipPubSub TOTAL: 0 raw observed addresses, 0 activated+confirmed addresses
[2026-08-26 17:45:38.299659000][th:85115483][info] GossipPubSub === END RAW OBSERVED ADDRESS DEBUG ===
[2026-08-26 17:45:38.299661000][th:85115483][info] GossipPubSub Observed addresses - all (0):
[2026-08-26 17:45:38.299662000][th:85115483][info] GossipPubSub Observed addresses - confirmed only (0):
[2026-08-26 17:45:38.299664000][th:85115483][info] GossipPubSub Relay addresses (0):
[2026-08-26 17:45:38.299666000][th:85115483][warning] GossipPubSub Failed to get addresses from peer repository: not found
[2026-08-26 17:45:38.299701000][th:85115483][info] GossipPubSub Found 1 valid network interfaces
[2026-08-26 17:45:38.299704000][th:85115483][info] GossipPubSub Current network interfaces (1):
[2026-08-26 17:45:38.299705000][th:85115483][info] GossipPubSub   -> 192.168.1.6
[2026-08-26 17:45:38.299707000][th:85115483][info] GossipPubSub Active connections: 0
[2026-08-26 17:45:38.299709000][th:85115483][info] GossipPubSub === PEER CONNECTION DETAILS ===
[2026-08-26 17:45:38.299710000][th:85115483][info] GossipPubSub NOTE: Observed addresses need to be seen by 4+ different peer groups to become 'activated'
[2026-08-26 17:45:38.299712000][th:85115483][info] GossipPubSub NOTE: Current connections: 0, so max possible observers: 0
[2026-08-26 17:45:38.299713000][th:85115483][info] GossipPubSub === END PEER CONNECTION DETAILS ===
[2026-08-26 17:45:38.299715000][th:85115483][info] GossipPubSub Connection manager stats:
[2026-08-26 17:45:38.299716000][th:85115483][info] GossipPubSub   -> Max connections: 1000
[2026-08-26 17:45:38.299718000][th:85115483][info] GossipPubSub   -> Current connections: 0
[2026-08-26 17:45:38.299719000][th:85115483][info] GossipPubSub === END NETWORK STATE ===
[2026-08-26 17:45:38.299858000][th:85115483][info] GossipPubSub /ip4/0.0.0.0/tcp/54614/p2p/12D3KooWBWyqoZiWKeKf8grfCs45VfHzsTsBDoG6nonAEubZ8udb : PubSub service started
[2026-08-26 17:45:38][info][GlobalDB] Opening database /Users/henriqueklein/gnus/SuperGenius/multi_node_finality_fault/restart-certificate-passive/rocksdb
[2026-08-26 17:45:38][debug][GraphsyncDAGSyncer] GraphSyncer created 5075201688 
[2026-08-26 17:45:38][info][CrdtDatastore] crdt Datastore created. Number of heads: 0 Current max-height: 0
[2026-08-26 17:45:38][info][GeniusAccount] Secure storage ID path: /Users/henriqueklein/gnus/SuperGenius/multi_node_finality_fault/restart-certificate-passive/account/secure_storage_id
[2026-08-26 17:45:38][error][GeniusAccount] Could not find existing Genius address, generating one from a random mnemonic
[2026-08-26 17:45:38][warning][UTXOManager] Found UTXOs in storage, but there were none
[2026-08-26 17:45:38][info][Blockchain] [f6b73659] Blockchain instance created with authorized full node: 8a33bdf1
[2026-08-26 17:45:38][error][ValidatorRegistry] InitializeCache: registry content not found during cache init
[2026-08-26 17:45:38][info][CRDTCallbackManager] Successfully registered new data callback for pattern: '/?gnus-validator-registry'
[2026-08-26 17:45:38][info][ValidatorRegistry] RegisterFilter: result=true
[2026-08-26 17:45:38][info][ValidatorRegistry] New: instance ready
[2026-08-26 17:45:38.339526000][th:85115483][info] GossipPubSub /ip4/0.0.0.0/tcp/54614/p2p/12D3KooWBWyqoZiWKeKf8grfCs45VfHzsTsBDoG6nonAEubZ8udb: PubSub subscribed to topic 'gnus-validator-registry.3.7.144'
[2026-08-26 17:45:38][info][CRDTCallbackManager] Successfully registered new data callback for pattern: '^/?cert/[^/]+'
[2026-08-26 17:45:38.339556000][th:85115483][info] GossipPubSub /ip4/0.0.0.0/tcp/54614/p2p/12D3KooWBWyqoZiWKeKf8grfCs45VfHzsTsBDoG6nonAEubZ8udb: PubSub subscribed to topic 'consensus-channel-.3.7.144'
[2026-08-26 17:45:38][warning][Blockchain] [f6b73659] Failed to request validator registry during blockchain init
[2026-08-26 17:45:38][info][CRDTCallbackManager] Successfully registered new data callback for pattern: '/?gnus-genesis-block'
[2026-08-26 17:45:38][info][CRDTCallbackManager] Successfully registered new data callback for pattern: '/?gnus-account-creation-.*'
[2026-08-26 17:45:38.339579000][th:85115483][info] GossipPubSub /ip4/0.0.0.0/tcp/54614/p2p/12D3KooWBWyqoZiWKeKf8grfCs45VfHzsTsBDoG6nonAEubZ8udb: PubSub subscribed to topic 'consensus-channel-.3.7.144#datastore.3.7.144'
[2026-08-26 17:45:38][info][CRDTCallbackManager] Successfully registered new data callback for pattern: '^/?/bc-144/tx/[^/]+'
[2026-08-26 17:45:38][info][CRDTCallbackManager] Successfully registered deleted data callback for pattern: '^/?/bc-144/tx/[^/]+'
[2026-08-26 17:45:38][info][CRDTCallbackManager] Successfully registered new data callback for pattern: '^/?/bc-963/tx/[^/]+'
[2026-08-26 17:45:38][info][CRDTCallbackManager] Successfully registered deleted data callback for pattern: '^/?/bc-963/tx/[^/]+'
[2026-08-26 17:45:38][info][CRDTCallbackManager] Successfully registered new data callback for pattern: '^/?/bc-369/tx/[^/]+'
[2026-08-26 17:45:38][info][CRDTCallbackManager] Successfully registered deleted data callback for pattern: '^/?/bc-369/tx/[^/]+'
[2026-08-26 17:45:38][info][CrdtDatastore] Topics { name="gnus-validator-registry" }
[2026-08-26 17:45:38][info][CRDTCallbackManager] Executing callback for key '/gnus-validator-registry' matching pattern '/?gnus-validator-registry'
[2026-08-26 17:45:38][info][ValidatorRegistry] RegistryUpdateReceived: cache updated and initialized
[2026-08-26 17:45:38][debug][GraphsyncDAGSyncer] addNode: Added node QmVqJ3nXGc6viuMec2gsMBrMhwmNz4r9aJZ2QEgGM3fT6G on dagService 
[2026-08-26 17:45:38][info][ValidatorRegistry] StoreRegistryUpdate: stored registry update CID QmVqJ3nXGc6viuMec2gsMBrMhwmNz4r9aJZ2QEgGM3fT6G
[2026-08-26 17:45:38][info][ValidatorRegistry] StoreRegistryUpdate: success
[2026-08-26 17:45:38][info][CrdtDatastore] Topics { name="gnus-validator-registry" }
[2026-08-26 17:45:38][info][CRDTCallbackManager] Executing callback for key '/gnus-validator-registry' matching pattern '/?gnus-validator-registry'
[2026-08-26 17:45:38][info][ValidatorRegistry] RegistryUpdateReceived: cache updated and initialized
[2026-08-26 17:45:38][debug][GraphsyncDAGSyncer] addNode: Added node QmVqJ3nXGc6viuMec2gsMBrMhwmNz4r9aJZ2QEgGM3fT6G on dagService 
[2026-08-26 17:45:38][info][ValidatorRegistry] StoreRegistryUpdate: stored registry update CID QmVqJ3nXGc6viuMec2gsMBrMhwmNz4r9aJZ2QEgGM3fT6G
[2026-08-26 17:45:38][info][ValidatorRegistry] StoreRegistryUpdate: success
[2026-08-26 17:45:38][info][CrdtDatastore] Topics { name="gnus-validator-registry" }
[2026-08-26 17:45:38][info][CRDTCallbackManager] Executing callback for key '/gnus-validator-registry' matching pattern '/?gnus-validator-registry'
[2026-08-26 17:45:38][info][ValidatorRegistry] RegistryUpdateReceived: cache updated and initialized
[2026-08-26 17:45:38][debug][GraphsyncDAGSyncer] addNode: Added node QmVqJ3nXGc6viuMec2gsMBrMhwmNz4r9aJZ2QEgGM3fT6G on dagService 
[2026-08-26 17:45:38][info][ValidatorRegistry] StoreRegistryUpdate: stored registry update CID QmVqJ3nXGc6viuMec2gsMBrMhwmNz4r9aJZ2QEgGM3fT6G
[2026-08-26 17:45:38][info][ValidatorRegistry] StoreRegistryUpdate: success
[2026-08-26 17:45:38][info][CrdtDatastore] Topics { name="gnus-validator-registry" }
[2026-08-26 17:45:38][info][CRDTCallbackManager] Executing callback for key '/gnus-validator-registry' matching pattern '/?gnus-validator-registry'
[2026-08-26 17:45:38][info][ValidatorRegistry] RegistryUpdateReceived: cache updated and initialized
[2026-08-26 17:45:38][debug][GraphsyncDAGSyncer] addNode: Added node QmVqJ3nXGc6viuMec2gsMBrMhwmNz4r9aJZ2QEgGM3fT6G on dagService 
[2026-08-26 17:45:38][info][ValidatorRegistry] StoreRegistryUpdate: stored registry update CID QmVqJ3nXGc6viuMec2gsMBrMhwmNz4r9aJZ2QEgGM3fT6G
[2026-08-26 17:45:38][info][ValidatorRegistry] StoreRegistryUpdate: success
[2026-08-26 17:45:38.379470000][th:85115413][info] GossipPubSub Adding new peer: 12D3KooWJSAEzZVXc22xufdi7gtDLArb8bGCaYhTWy7RrMjxh1bb
[2026-08-26 17:45:38.379523000][th:85115413][info] GossipPubSub Adding new peer: 12D3KooWQM25YLpiNXQRjq878tMEAoJgMFDnGXfHienkx7DsAR7Z
[2026-08-26 17:45:38.379563000][th:85115413][info] GossipPubSub Adding new peer: 12D3KooWBWyqoZiWKeKf8grfCs45VfHzsTsBDoG6nonAEubZ8udb
[2026-08-26 17:45:38.379573000][th:85115434][info] GossipPubSub Adding new peer: 12D3KooWMvLnmwUHrtmJBmG6t8hJTG5GjydGSxj7hMDLEoUqPY3W
[2026-08-26 17:45:38.379618000][th:85115434][info] GossipPubSub Adding new peer: 12D3KooWQM25YLpiNXQRjq878tMEAoJgMFDnGXfHienkx7DsAR7Z
[2026-08-26 17:45:38.379657000][th:85115434][info] GossipPubSub Adding new peer: 12D3KooWBWyqoZiWKeKf8grfCs45VfHzsTsBDoG6nonAEubZ8udb
[2026-08-26 17:45:38.379667000][th:85115458][info] GossipPubSub Adding new peer: 12D3KooWMvLnmwUHrtmJBmG6t8hJTG5GjydGSxj7hMDLEoUqPY3W
[2026-08-26 17:45:38.379700000][th:85115458][info] GossipPubSub Adding new peer: 12D3KooWJSAEzZVXc22xufdi7gtDLArb8bGCaYhTWy7RrMjxh1bb
[2026-08-26 17:45:38.379732000][th:85115458][info] GossipPubSub Adding new peer: 12D3KooWBWyqoZiWKeKf8grfCs45VfHzsTsBDoG6nonAEubZ8udb
[2026-08-26 17:45:38.379764000][th:85115483][info] GossipPubSub Adding new peer: 12D3KooWMvLnmwUHrtmJBmG6t8hJTG5GjydGSxj7hMDLEoUqPY3W
[2026-08-26 17:45:38.379797000][th:85115483][info] GossipPubSub Adding new peer: 12D3KooWJSAEzZVXc22xufdi7gtDLArb8bGCaYhTWy7RrMjxh1bb
[2026-08-26 17:45:38.379829000][th:85115483][info] GossipPubSub Adding new peer: 12D3KooWQM25YLpiNXQRjq878tMEAoJgMFDnGXfHienkx7DsAR7Z
[2026-08-26 17:45:38][info][TransactionManager] [e08d3953 - full: false] ChangeTransactionState: Temp tracking entry created tx=f207f2e018eeb0dc6059806b12588f774dddc63733249ba855c152eaf38b5a40
[2026-08-26 17:45:38][info][TransactionManager] [f6b73659 - full: false] ChangeTransactionState: Temp tracking entry created tx=f207f2e018eeb0dc6059806b12588f774dddc63733249ba855c152eaf38b5a40
[2026-08-26 17:45:38][info][TransactionManager] [0a56ec29 - full: false] ChangeTransactionState: Temp tracking entry created tx=f207f2e018eeb0dc6059806b12588f774dddc63733249ba855c152eaf38b5a40
[2026-08-26 17:45:38][info][TransactionManager] [e800080c - full: false] ChangeTransactionState: Temp tracking entry created tx=f207f2e018eeb0dc6059806b12588f774dddc63733249ba855c152eaf38b5a40
[2026-08-26 17:45:40][error][ConsensusManager] HandleVote: ignored: proposal has not won frozen slot arbitration proposal_id=bf846b8e
[2026-08-26 17:45:40][error][ConsensusManager] HandleVote: ignored: proposal has not won frozen slot arbitration proposal_id=bf846b8e
[2026-08-26 17:45:40][error][ConsensusManager] HandleVote: ignored: proposal has not won frozen slot arbitration proposal_id=bf846b8e
[2026-08-26 17:45:42][info][CrdtDatastore] Topics { name="consensus-channel-.3.7.144#datastore" }
[2026-08-26 17:45:42][info][CRDTCallbackManager] Executing callback for key '/cert/mint-v2:test:0000000000000000000000000000000000000000000000000000000000000000:42:e08d395381ebde066a40a30dfe5684a1ec74e9219918c2deb64922c6f23c17d94cdd118d692b47cf33e02a4947dea3d471aadb9c5afdf08295ef025a72c8653d:cccccccccccccccccccccccccccccccccccccccccccccccccccccccccccccccc' matching pattern '^/?cert/[^/]+'
[2026-08-26 17:45:42][debug][GraphsyncDAGSyncer] addNode: Added node QmdZ3sZoAnttpwF1MKte6KDbLVE6CXKaBwS9zMhEVHFgWg on dagService 
[2026-08-26 17:45:42][info][UTXOManager] Stored 1 UTXOs for address e08d395381ebde066a40a30dfe5684a1ec74e9219918c2deb64922c6f23c17d94cdd118d692b47cf33e02a4947dea3d471aadb9c5afdf08295ef025a72c8653d
[2026-08-26 17:45:42][info][UTXOManager] Stored 2 UTXOs for address e08d395381ebde066a40a30dfe5684a1ec74e9219918c2deb64922c6f23c17d94cdd118d692b47cf33e02a4947dea3d471aadb9c5afdf08295ef025a72c8653d
[2026-08-26 17:45:42][info][TransactionManager] [e08d3953 - full: false] Created tokens (mint-v2), amount 42 balance 42
[2026-08-26 17:45:42][info][TransactionManager] [e08d3953 - full: false] ChangeTransactionState: Tracking entry confirmed tx=f207f2e018eeb0dc6059806b12588f774dddc63733249ba855c152eaf38b5a40
[2026-08-26 17:45:42][info][UTXOManager] Created checkpoint owner=e08d395381ebde066a40a30dfe5684a1ec74e9219918c2deb64922c6f23c17d94cdd118d692b47cf33e02a4947dea3d471aadb9c5afdf08295ef025a72c8653d epoch=1 utxo_count=1
[2026-08-26 17:45:42][debug][GraphsyncDAGSyncer] Registered new peer 12D3KooWMvLnmwUHrtmJBmG6t8hJTG5GjydGSxj7hMDLEoUqPY3W with key 0
[2026-08-26 17:45:42][debug][GraphsyncDAGSyncer] Added route for CID QmdZ3sZoAnttpwF1MKte6KDbLVE6CXKaBwS9zMhEVHFgWg to peer 12D3KooWMvLnmwUHrtmJBmG6t8hJTG5GjydGSxj7hMDLEoUqPY3W (key 0, route_count=1)
[2026-08-26 17:45:42][debug][GraphsyncDAGSyncer] Registered new peer 12D3KooWMvLnmwUHrtmJBmG6t8hJTG5GjydGSxj7hMDLEoUqPY3W with key 0
[2026-08-26 17:45:42][debug][GraphsyncDAGSyncer] Added route for CID QmdZ3sZoAnttpwF1MKte6KDbLVE6CXKaBwS9zMhEVHFgWg to peer 12D3KooWMvLnmwUHrtmJBmG6t8hJTG5GjydGSxj7hMDLEoUqPY3W (key 0, route_count=1)
[2026-08-26 17:45:42][debug][GraphsyncDAGSyncer] Registered new peer 12D3KooWMvLnmwUHrtmJBmG6t8hJTG5GjydGSxj7hMDLEoUqPY3W with key 0
[2026-08-26 17:45:42][debug][GraphsyncDAGSyncer] Added route for CID QmdZ3sZoAnttpwF1MKte6KDbLVE6CXKaBwS9zMhEVHFgWg to peer 12D3KooWMvLnmwUHrtmJBmG6t8hJTG5GjydGSxj7hMDLEoUqPY3W (key 0, route_count=1)
[2026-08-26 17:45:43][debug][GraphsyncDAGSyncer] Block initialized without content to LRU cache: CID QmdZ3sZoAnttpwF1MKte6KDbLVE6CXKaBwS9zMhEVHFgWg, cache size: 1
[2026-08-26 17:45:43][debug][GraphsyncDAGSyncer] Requesting Node QmdZ3sZoAnttpwF1MKte6KDbLVE6CXKaBwS9zMhEVHFgWg on this 5075280008
[2026-08-26 17:45:43][debug][GraphsyncDAGSyncer] Return node for CID QmdZ3sZoAnttpwF1MKte6KDbLVE6CXKaBwS9zMhEVHFgWg instance=5066222456
[2026-08-26 17:45:43.299944000][th:85115434][warning] graphsync Request 1 for CID QmdZ3sZoAnttpwF1MKte6KDbLVE6CXKaBwS9zMhEVHFgWg got RS_FULL_CONTENT but no blocks received yet
[2026-08-26 17:45:43][debug][GraphsyncDAGSyncer] request progress: code=FULL_CONTENT, extensions=(graphsync/do-not-send-cids: 0x80) (graphsync/response-metadata: 0x80) 
[2026-08-26 17:45:43][debug][GraphsyncDAGSyncer] HasBlock: false, cid: QmdZ3sZoAnttpwF1MKte6KDbLVE6CXKaBwS9zMhEVHFgWg
[2026-08-26 17:45:43][debug][GraphsyncDAGSyncer] Existing block updated in LRU cache: CID QmdZ3sZoAnttpwF1MKte6KDbLVE6CXKaBwS9zMhEVHFgWg
[2026-08-26 17:45:43][debug][GraphsyncDAGSyncer] Node added to dagService. CID: QmdZ3sZoAnttpwF1MKte6KDbLVE6CXKaBwS9zMhEVHFgWg, links: []
[2026-08-26 17:45:43][debug][GraphsyncDAGSyncer] Seeing if peer 12D3KooWMvLnmwUHrtmJBmG6t8hJTG5GjydGSxj7hMDLEoUqPY3W has links to AddRoute
[2026-08-26 17:45:43][info][GraphsyncDAGSyncer] TraverseCIDsLinks: Checking links on { cid="QmdZ3sZoAnttpwF1MKte6KDbLVE6CXKaBwS9zMhEVHFgWg", name="" }
[2026-08-26 17:45:43][info][GraphsyncDAGSyncer] TraverseCIDsLinks: Completed traversal. Links to fetch: 0, Visited: 0
[2026-08-26 17:45:43][debug][GraphsyncDAGSyncer] Block initialized without content to LRU cache: CID QmdZ3sZoAnttpwF1MKte6KDbLVE6CXKaBwS9zMhEVHFgWg, cache size: 1
[2026-08-26 17:45:43][debug][GraphsyncDAGSyncer] Requesting Node QmdZ3sZoAnttpwF1MKte6KDbLVE6CXKaBwS9zMhEVHFgWg on this 4527806168
[2026-08-26 17:45:43][debug][GraphsyncDAGSyncer] Return node for CID QmdZ3sZoAnttpwF1MKte6KDbLVE6CXKaBwS9zMhEVHFgWg instance=5066222456
[2026-08-26 17:45:43.327216000][th:85115458][warning] graphsync Request 1 for CID QmdZ3sZoAnttpwF1MKte6KDbLVE6CXKaBwS9zMhEVHFgWg got RS_FULL_CONTENT but no blocks received yet
[2026-08-26 17:45:43][debug][GraphsyncDAGSyncer] request progress: code=FULL_CONTENT, extensions=(graphsync/response-metadata: 0x80) (graphsync/do-not-send-cids: 0x80) 
[2026-08-26 17:45:43][debug][GraphsyncDAGSyncer] HasBlock: false, cid: QmdZ3sZoAnttpwF1MKte6KDbLVE6CXKaBwS9zMhEVHFgWg
[2026-08-26 17:45:43][debug][GraphsyncDAGSyncer] Existing block updated in LRU cache: CID QmdZ3sZoAnttpwF1MKte6KDbLVE6CXKaBwS9zMhEVHFgWg
[2026-08-26 17:45:43][debug][GraphsyncDAGSyncer] Node added to dagService. CID: QmdZ3sZoAnttpwF1MKte6KDbLVE6CXKaBwS9zMhEVHFgWg, links: []
[2026-08-26 17:45:43][debug][GraphsyncDAGSyncer] Seeing if peer 12D3KooWMvLnmwUHrtmJBmG6t8hJTG5GjydGSxj7hMDLEoUqPY3W has links to AddRoute
[2026-08-26 17:45:43][info][GraphsyncDAGSyncer] TraverseCIDsLinks: Checking links on { cid="QmdZ3sZoAnttpwF1MKte6KDbLVE6CXKaBwS9zMhEVHFgWg", name="" }
[2026-08-26 17:45:43][info][GraphsyncDAGSyncer] TraverseCIDsLinks: Completed traversal. Links to fetch: 0, Visited: 0
[2026-08-26 17:45:43][debug][GraphsyncDAGSyncer] Block initialized without content to LRU cache: CID QmdZ3sZoAnttpwF1MKte6KDbLVE6CXKaBwS9zMhEVHFgWg, cache size: 1
[2026-08-26 17:45:43][debug][GraphsyncDAGSyncer] Requesting Node QmdZ3sZoAnttpwF1MKte6KDbLVE6CXKaBwS9zMhEVHFgWg on this 5075201688
[2026-08-26 17:45:43][debug][GraphsyncDAGSyncer] Return node for CID QmdZ3sZoAnttpwF1MKte6KDbLVE6CXKaBwS9zMhEVHFgWg instance=5066222456
[2026-08-26 17:45:43.369812000][th:85115483][warning] graphsync Request 1 for CID QmdZ3sZoAnttpwF1MKte6KDbLVE6CXKaBwS9zMhEVHFgWg got RS_FULL_CONTENT but no blocks received yet
[2026-08-26 17:45:43][debug][GraphsyncDAGSyncer] request progress: code=FULL_CONTENT, extensions=(graphsync/response-metadata: 0x80) (graphsync/do-not-send-cids: 0x80) 
[2026-08-26 17:45:43][debug][GraphsyncDAGSyncer] HasBlock: false, cid: QmdZ3sZoAnttpwF1MKte6KDbLVE6CXKaBwS9zMhEVHFgWg
[2026-08-26 17:45:43][debug][GraphsyncDAGSyncer] Existing block updated in LRU cache: CID QmdZ3sZoAnttpwF1MKte6KDbLVE6CXKaBwS9zMhEVHFgWg
[2026-08-26 17:45:43][debug][GraphsyncDAGSyncer] Node added to dagService. CID: QmdZ3sZoAnttpwF1MKte6KDbLVE6CXKaBwS9zMhEVHFgWg, links: []
[2026-08-26 17:45:43][debug][GraphsyncDAGSyncer] Seeing if peer 12D3KooWMvLnmwUHrtmJBmG6t8hJTG5GjydGSxj7hMDLEoUqPY3W has links to AddRoute
[2026-08-26 17:45:43][info][GraphsyncDAGSyncer] TraverseCIDsLinks: Checking links on { cid="QmdZ3sZoAnttpwF1MKte6KDbLVE6CXKaBwS9zMhEVHFgWg", name="" }
[2026-08-26 17:45:43][info][GraphsyncDAGSyncer] TraverseCIDsLinks: Completed traversal. Links to fetch: 0, Visited: 0
[2026-08-26 17:45:43][debug][GraphsyncDAGSyncer] Return node for CID QmdZ3sZoAnttpwF1MKte6KDbLVE6CXKaBwS9zMhEVHFgWg instance=5075280008
[2026-08-26 17:45:43][info][CRDTCallbackManager] Executing callback for key '/cert/mint-v2:test:0000000000000000000000000000000000000000000000000000000000000000:42:e08d395381ebde066a40a30dfe5684a1ec74e9219918c2deb64922c6f23c17d94cdd118d692b47cf33e02a4947dea3d471aadb9c5afdf08295ef025a72c8653d:cccccccccccccccccccccccccccccccccccccccccccccccccccccccccccccccc' matching pattern '^/?cert/[^/]+'
[2026-08-26 17:45:43][debug][GraphsyncDAGSyncer] addNode: Added node QmdZ3sZoAnttpwF1MKte6KDbLVE6CXKaBwS9zMhEVHFgWg on dagService 
[2026-08-26 17:45:43][debug][GraphsyncDAGSyncer] Block removed from LRU cache: CID QmdZ3sZoAnttpwF1MKte6KDbLVE6CXKaBwS9zMhEVHFgWg
[2026-08-26 17:45:43][debug][GraphsyncDAGSyncer] Return node for CID QmdZ3sZoAnttpwF1MKte6KDbLVE6CXKaBwS9zMhEVHFgWg instance=4527806168
[2026-08-26 17:45:43][info][CRDTCallbackManager] Executing callback for key '/cert/mint-v2:test:0000000000000000000000000000000000000000000000000000000000000000:42:e08d395381ebde066a40a30dfe5684a1ec74e9219918c2deb64922c6f23c17d94cdd118d692b47cf33e02a4947dea3d471aadb9c5afdf08295ef025a72c8653d:cccccccccccccccccccccccccccccccccccccccccccccccccccccccccccccccc' matching pattern '^/?cert/[^/]+'
[2026-08-26 17:45:43][debug][GraphsyncDAGSyncer] addNode: Added node QmdZ3sZoAnttpwF1MKte6KDbLVE6CXKaBwS9zMhEVHFgWg on dagService 
[2026-08-26 17:45:43][debug][GraphsyncDAGSyncer] Block removed from LRU cache: CID QmdZ3sZoAnttpwF1MKte6KDbLVE6CXKaBwS9zMhEVHFgWg
[2026-08-26 17:45:43][debug][GraphsyncDAGSyncer] Return node for CID QmdZ3sZoAnttpwF1MKte6KDbLVE6CXKaBwS9zMhEVHFgWg instance=5075201688
[2026-08-26 17:45:43][info][CRDTCallbackManager] Executing callback for key '/cert/mint-v2:test:0000000000000000000000000000000000000000000000000000000000000000:42:e08d395381ebde066a40a30dfe5684a1ec74e9219918c2deb64922c6f23c17d94cdd118d692b47cf33e02a4947dea3d471aadb9c5afdf08295ef025a72c8653d:cccccccccccccccccccccccccccccccccccccccccccccccccccccccccccccccc' matching pattern '^/?cert/[^/]+'
[2026-08-26 17:45:43][debug][GraphsyncDAGSyncer] addNode: Added node QmdZ3sZoAnttpwF1MKte6KDbLVE6CXKaBwS9zMhEVHFgWg on dagService 
[2026-08-26 17:45:43][debug][GraphsyncDAGSyncer] Block removed from LRU cache: CID QmdZ3sZoAnttpwF1MKte6KDbLVE6CXKaBwS9zMhEVHFgWg
[2026-08-26 17:45:43][info][UTXOManager] Stored 1 UTXOs for address e08d395381ebde066a40a30dfe5684a1ec74e9219918c2deb64922c6f23c17d94cdd118d692b47cf33e02a4947dea3d471aadb9c5afdf08295ef025a72c8653d
[2026-08-26 17:45:43][info][UTXOManager] Stored 2 UTXOs for address e08d395381ebde066a40a30dfe5684a1ec74e9219918c2deb64922c6f23c17d94cdd118d692b47cf33e02a4947dea3d471aadb9c5afdf08295ef025a72c8653d
[2026-08-26 17:45:43][info][TransactionManager] [e800080c - full: false] Created tokens (mint-v2), amount 42 balance 0
[2026-08-26 17:45:43][info][TransactionManager] [e800080c - full: false] ChangeTransactionState: Tracking entry confirmed tx=f207f2e018eeb0dc6059806b12588f774dddc63733249ba855c152eaf38b5a40
[2026-08-26 17:45:43][info][UTXOManager] Created checkpoint owner=e800080c42a207d0fce4d1865a68810784e6a1ec8f63c7ffb74ef30fb99f92d1677aa64dcf9df000498121464b6abd6c888afe112aa776822aa484911aa04d7c epoch=1 utxo_count=0
[2026-08-26 17:45:43][info][CRDTCallbackManager] Successfully unregistered new data callback for pattern: '^/?/bc-144/tx/[^/]+'
[2026-08-26 17:45:43][info][CRDTCallbackManager] Successfully unregistered deleted data callback for pattern: '^/?/bc-144/tx/[^/]+'
[2026-08-26 17:45:43][info][CRDTCallbackManager] Successfully unregistered new data callback for pattern: '^/?/bc-963/tx/[^/]+'
[2026-08-26 17:45:43][info][CRDTCallbackManager] Successfully unregistered deleted data callback for pattern: '^/?/bc-963/tx/[^/]+'
[2026-08-26 17:45:43][info][CRDTCallbackManager] Successfully unregistered new data callback for pattern: '^/?/bc-369/tx/[^/]+'
[2026-08-26 17:45:43][info][CRDTCallbackManager] Successfully unregistered deleted data callback for pattern: '^/?/bc-369/tx/[^/]+'
[2026-08-26 17:45:43][info][TransactionManager] [0a56ec29 - full: false] ~TransactionManager: Metrics — cert_fallback(success=0 failure=0) validation(approve=1 reject=0) tracking(insert=1 confirm=0 fail=0)
[2026-08-26 17:45:43][info][Blockchain] [0a56ec29] Stopping blockchain
[2026-08-26 17:45:43][info][CRDTCallbackManager] Successfully unregistered new data callback for pattern: '/?gnus-genesis-block'
[2026-08-26 17:45:43][info][CRDTCallbackManager] Successfully unregistered new data callback for pattern: '/?gnus-account-creation-.*'
[2026-08-26 17:45:43][info][CRDTCallbackManager] Successfully unregistered new data callback for pattern: '/?gnus-validator-registry'
[2026-08-26 17:45:43.873913000][th:85115434][error] GossipPubSub Address monitoring timer error: Operation canceled
[2026-08-26 17:45:43][error][PubSubBroadcasterExt] No message to process
[2026-08-26 17:45:43][error][PubSubBroadcasterExt] No message to process
[2026-08-26 17:45:43.874179000][th:85115434][error] graphsync Varint Error msg=Connection: closed by this host
[2026-08-26 17:45:43.874185000][th:85115434][info] graphsync stream read error, peer=UqPY3W, msg=stream is not readable
[2026-08-26 17:45:43][info][UTXOManager] Stored 1 UTXOs for address e08d395381ebde066a40a30dfe5684a1ec74e9219918c2deb64922c6f23c17d94cdd118d692b47cf33e02a4947dea3d471aadb9c5afdf08295ef025a72c8653d
[2026-08-26 17:45:43][info][UTXOManager] Stored 2 UTXOs for address e08d395381ebde066a40a30dfe5684a1ec74e9219918c2deb64922c6f23c17d94cdd118d692b47cf33e02a4947dea3d471aadb9c5afdf08295ef025a72c8653d
[2026-08-26 17:45:43][info][TransactionManager] [f6b73659 - full: false] Created tokens (mint-v2), amount 42 balance 0
[2026-08-26 17:45:43][info][TransactionManager] [f6b73659 - full: false] ChangeTransactionState: Tracking entry confirmed tx=f207f2e018eeb0dc6059806b12588f774dddc63733249ba855c152eaf38b5a40
[2026-08-26 17:45:43][info][UTXOManager] Created checkpoint owner=f6b7365994b104703458a230d6c2df3c94fa1d8307d8a208c2bffcb561b4e475e231d9e8c6360b07ee435ec389b64e07e2008b9856273e3b122affe284be5e4c epoch=1 utxo_count=0
[2026-08-26 17:45:44][debug][GlobalDB] ~GlobalDB CALLED with count 6 on multi_node_finality_fault/restart-certificate-validator-two/rocksdb 
[2026-08-26 17:45:44][info][GlobalDB] GlobalDB shutdown start
[2026-08-26 17:45:44][info][CrdtDatastore] CancelAndCloseNow: begin (pending_jobs=1, self_queue=0, root_queue=0, pending_roots=0, active_root=false)
[2026-08-26 17:45:44][debug][GraphsyncDAGSyncer] Stopping Dagsyncer
[2026-08-26 17:45:44][debug][GraphsyncDAGSyncer] Dagsyncer Stopped
[2026-08-26 17:45:45][info][CrdtDatastore] CancelAndCloseNow: CRDT workers stopped
[2026-08-26 17:45:45][warning][CrdtDatastore] CancelAndCloseNow called but shutdown has already started
[2026-08-26 17:45:45][debug][GraphsyncDAGSyncer] ~GraphsyncDAGSyncer CALLED
[2026-08-26 17:45:45.319376000][th:85115413][error] graphsync Varint Error msg=Connection reset by peer
[2026-08-26 17:45:45.319411000][th:85115413][info] graphsync stream read error, peer=jxh1bb, msg=stream is not readable
[2026-08-26 17:45:45][info][GlobalDB] GlobalDB shutdown finished
[2026-08-26 17:45:45][info][KeyPairFileStorage] Path to keypairs multi_node_finality_fault/restart-certificate-validator-two/keypair
[2026-08-26 17:45:45][info][KeyPairFileStorage] Peer ID from public key: 12D3KooWJSAEzZVXc22xufdi7gtDLArb8bGCaYhTWy7RrMjxh1bb
Current limits: 16384 (soft), 9223372036854775807 (hard)
New limits set successfully: 16384 (soft), 9223372036854775807 (hard)
Initialized relay addresses
[2026-08-26 17:45:45.322567000][th:85114896][info] GossipPubSub /ip4/0.0.0.0/tcp/54612/p2p/12D3KooWJSAEzZVXc22xufdi7gtDLArb8bGCaYhTWy7RrMjxh1bb: Starting PubSub service
[2026-08-26 17:45:45.322685000][th:85115597][info] GossipPubSub Starting address monitoring system for mobile network changes
[2026-08-26 17:45:45.322700000][th:85115597][info] GossipPubSub === CURRENT NETWORK STATE ===
[2026-08-26 17:45:45.322717000][th:85115597][info] GossipPubSub Primary listening address: /ip4/0.0.0.0/tcp/54612/p2p/12D3KooWJSAEzZVXc22xufdi7gtDLArb8bGCaYhTWy7RrMjxh1bb
[2026-08-26 17:45:45.322725000][th:85115597][info] GossipPubSub Host peer info addresses (0):
[2026-08-26 17:45:45.322731000][th:85115597][info] GossipPubSub Additional addresses we track (0):
[2026-08-26 17:45:45.322736000][th:85115597][info] GossipPubSub Listening addresses (1):
[2026-08-26 17:45:45.322742000][th:85115597][info] GossipPubSub   -> /ip4/0.0.0.0/tcp/54612/p2p/12D3KooWJSAEzZVXc22xufdi7gtDLArb8bGCaYhTWy7RrMjxh1bb
[2026-08-26 17:45:45.322747000][th:85115597][info] GossipPubSub Interface addresses (0):
[2026-08-26 17:45:45.322752000][th:85115597][info] GossipPubSub === RAW OBSERVED ADDRESS DEBUG ===
[2026-08-26 17:45:45.322759000][th:85115597][info] GossipPubSub Local address: /ip4/0.0.0.0/tcp/54612/p2p/12D3KooWJSAEzZVXc22xufdi7gtDLArb8bGCaYhTWy7RrMjxh1bb -> 0 raw observed, 0 activated+confirmed
[2026-08-26 17:45:45.322765000][th:85115597][info] GossipPubSub TOTAL: 0 raw observed addresses, 0 activated+confirmed addresses
[2026-08-26 17:45:45.322770000][th:85115597][info] GossipPubSub === END RAW OBSERVED ADDRESS DEBUG ===
[2026-08-26 17:45:45.322774000][th:85115597][info] GossipPubSub Observed addresses - all (0):
[2026-08-26 17:45:45.322779000][th:85115597][info] GossipPubSub Observed addresses - confirmed only (0):
[2026-08-26 17:45:45.322784000][th:85115597][info] GossipPubSub Relay addresses (0):
[2026-08-26 17:45:45.322791000][th:85115597][warning] GossipPubSub Failed to get addresses from peer repository: not found
[2026-08-26 17:45:45.322853000][th:85115597][info] GossipPubSub Found 1 valid network interfaces
[2026-08-26 17:45:45.322860000][th:85115597][info] GossipPubSub Current network interfaces (1):
[2026-08-26 17:45:45.322865000][th:85115597][info] GossipPubSub   -> 192.168.1.6
[2026-08-26 17:45:45.322870000][th:85115597][info] GossipPubSub Active connections: 0
[2026-08-26 17:45:45.322875000][th:85115597][info] GossipPubSub === PEER CONNECTION DETAILS ===
[2026-08-26 17:45:45.322880000][th:85115597][info] GossipPubSub NOTE: Observed addresses need to be seen by 4+ different peer groups to become 'activated'
[2026-08-26 17:45:45.322885000][th:85115597][info] GossipPubSub NOTE: Current connections: 0, so max possible observers: 0
[2026-08-26 17:45:45.322890000][th:85115597][info] GossipPubSub === END PEER CONNECTION DETAILS ===
[2026-08-26 17:45:45.322900000][th:85115597][info] GossipPubSub Connection manager stats:
[2026-08-26 17:45:45.322905000][th:85115597][info] GossipPubSub   -> Max connections: 1000
[2026-08-26 17:45:45.322909000][th:85115597][info] GossipPubSub   -> Current connections: 0
[2026-08-26 17:45:45.322914000][th:85115597][info] GossipPubSub === END NETWORK STATE ===
[2026-08-26 17:45:45.323165000][th:85115597][info] GossipPubSub /ip4/0.0.0.0/tcp/54612/p2p/12D3KooWJSAEzZVXc22xufdi7gtDLArb8bGCaYhTWy7RrMjxh1bb : PubSub service started
[2026-08-26 17:45:45][info][GlobalDB] Opening database /Users/henriqueklein/gnus/SuperGenius/multi_node_finality_fault/restart-certificate-validator-two/rocksdb
[2026-08-26 17:45:45][debug][GraphsyncDAGSyncer] GraphSyncer created 5075176600 
[2026-08-26 17:45:45][info][CrdtDatastore] crdt Datastore created. Number of heads: 2 Current max-height: 18446744073709551615
[2026-08-26 17:45:45][info][GeniusAccount] Secure storage ID path: /Users/henriqueklein/gnus/SuperGenius/multi_node_finality_fault/restart-certificate-validator-two/account/secure_storage_id
[2026-08-26 17:45:45][info][GeniusAccount] Loaded public key from file: 0a56ec297192b856... (length: 128)
[2026-08-26 17:45:45][info][GeniusAccount] Successfully loaded key_seed from storage
[2026-08-26 17:45:45][info][GeniusAccount] Validation successful: key_seed matches stored public key
[2026-08-26 17:45:45][warning][UTXOManager] Found UTXOs in storage, but there were none
[2026-08-26 17:45:45][info][Blockchain] [0a56ec29] Blockchain instance created with authorized full node: 8a33bdf1
[2026-08-26 17:45:45][info][ValidatorRegistry] InitializeCache: cache initialized with CID QmVqJ3nXGc6viuMec2gsMBrMhwmNz4r9aJZ2QEgGM3fT6G
[2026-08-26 17:45:45][info][CRDTCallbackManager] Successfully registered new data callback for pattern: '/?gnus-validator-registry'
[2026-08-26 17:45:45][info][ValidatorRegistry] RegisterFilter: result=true
[2026-08-26 17:45:45][info][ValidatorRegistry] New: instance ready
[2026-08-26 17:45:45.350052000][th:85115597][info] GossipPubSub /ip4/0.0.0.0/tcp/54612/p2p/12D3KooWJSAEzZVXc22xufdi7gtDLArb8bGCaYhTWy7RrMjxh1bb: PubSub subscribed to topic 'gnus-validator-registry.3.7.144'
[2026-08-26 17:45:45][info][CRDTCallbackManager] Successfully registered new data callback for pattern: '^/?cert/[^/]+'
[2026-08-26 17:45:45.350099000][th:85115597][info] GossipPubSub /ip4/0.0.0.0/tcp/54612/p2p/12D3KooWJSAEzZVXc22xufdi7gtDLArb8bGCaYhTWy7RrMjxh1bb: PubSub subscribed to topic 'consensus-channel-.3.7.144'
[2026-08-26 17:45:45.350135000][th:85115597][info] GossipPubSub /ip4/0.0.0.0/tcp/54612/p2p/12D3KooWJSAEzZVXc22xufdi7gtDLArb8bGCaYhTWy7RrMjxh1bb: PubSub subscribed to topic 'consensus-channel-.3.7.144#datastore.3.7.144'
[2026-08-26 17:45:45][warning][ConsensusManager] ProcessCommittedCertificate: No subject handler for certificate with key /cert/mint-v2:test:0000000000000000000000000000000000000000000000000000000000000000:42:e08d395381ebde066a40a30dfe5684a1ec74e9219918c2deb64922c6f23c17d94cdd118d692b47cf33e02a4947dea3d471aadb9c5afdf08295ef025a72c8653d:cccccccccccccccccccccccccccccccccccccccccccccccccccccccccccccccc 
[2026-08-26 17:45:45][warning][ConsensusManager] ProcessCommittedCertificate: No subject handler for certificate with key /cert/mint-v2:test:0000000000000000000000000000000000000000000000000000000000000000:42:e08d395381ebde066a40a30dfe5684a1ec74e9219918c2deb64922c6f23c17d94cdd118d692b47cf33e02a4947dea3d471aadb9c5afdf08295ef025a72c8653d:cccccccccccccccccccccccccccccccccccccccccccccccccccccccccccccccc 
[2026-08-26 17:45:45][info][CRDTCallbackManager] Successfully registered new data callback for pattern: '/?gnus-genesis-block'
[2026-08-26 17:45:45][info][CRDTCallbackManager] Successfully registered new data callback for pattern: '/?gnus-account-creation-.*'
[2026-08-26 17:45:45][info][UTXOManager] Stored 1 UTXOs for address e08d395381ebde066a40a30dfe5684a1ec74e9219918c2deb64922c6f23c17d94cdd118d692b47cf33e02a4947dea3d471aadb9c5afdf08295ef025a72c8653d
[2026-08-26 17:45:45][info][UTXOManager] Stored 2 UTXOs for address e08d395381ebde066a40a30dfe5684a1ec74e9219918c2deb64922c6f23c17d94cdd118d692b47cf33e02a4947dea3d471aadb9c5afdf08295ef025a72c8653d
[2026-08-26 17:45:45][info][TransactionManager] [0a56ec29 - full: false] Created tokens (mint-v2), amount 42 balance 0
[2026-08-26 17:45:45][info][TransactionManager] [0a56ec29 - full: false] ChangeTransactionState: Tracking entry confirmed tx=f207f2e018eeb0dc6059806b12588f774dddc63733249ba855c152eaf38b5a40
[2026-08-26 17:45:45][info][TransactionManager] [0a56ec29 - full: false] OnConsensusCertificate: Standalone validator confirmed tx f207f2e018eeb0dc6059806b12588f774dddc63733249ba855c152eaf38b5a40 from certificate proposal_id=bf846b8e2ff2eb79063f340396374383ec2e3462c0e0678179c1c2e073dcb463
[2026-08-26 17:45:45][info][UTXOManager] Created checkpoint owner=0a56ec297192b856e8b68091e738ee5fc14d1770d096c9a786ba0dec89f459c0607059537c927c8872800de67001c5727ff04fb0e60d23968541d8637a5a361e epoch=1 utxo_count=0
[2026-08-26 17:45:45][info][CRDTCallbackManager] Successfully registered new data callback for pattern: '^/?/bc-144/tx/[^/]+'
[2026-08-26 17:45:45][info][CRDTCallbackManager] Successfully registered deleted data callback for pattern: '^/?/bc-144/tx/[^/]+'
[2026-08-26 17:45:45][info][CRDTCallbackManager] Successfully registered new data callback for pattern: '^/?/bc-963/tx/[^/]+'
[2026-08-26 17:45:45][info][CRDTCallbackManager] Successfully registered deleted data callback for pattern: '^/?/bc-963/tx/[^/]+'
[2026-08-26 17:45:45][info][CRDTCallbackManager] Successfully registered new data callback for pattern: '^/?/bc-369/tx/[^/]+'
[2026-08-26 17:45:45][info][CRDTCallbackManager] Successfully registered deleted data callback for pattern: '^/?/bc-369/tx/[^/]+'
[2026-08-26 17:45:45.392255000][th:85115413][info] GossipPubSub Adding new peer: 12D3KooWJSAEzZVXc22xufdi7gtDLArb8bGCaYhTWy7RrMjxh1bb
[2026-08-26 17:45:45.392330000][th:85115413][info] GossipPubSub Adding new peer: 12D3KooWQM25YLpiNXQRjq878tMEAoJgMFDnGXfHienkx7DsAR7Z
[2026-08-26 17:45:45.392399000][th:85115413][info] GossipPubSub Adding new peer: 12D3KooWBWyqoZiWKeKf8grfCs45VfHzsTsBDoG6nonAEubZ8udb
[2026-08-26 17:45:45.392476000][th:85115597][info] GossipPubSub Adding new peer: 12D3KooWMvLnmwUHrtmJBmG6t8hJTG5GjydGSxj7hMDLEoUqPY3W
[2026-08-26 17:45:45.392546000][th:85115597][info] GossipPubSub Adding new peer: 12D3KooWQM25YLpiNXQRjq878tMEAoJgMFDnGXfHienkx7DsAR7Z
[2026-08-26 17:45:45.392622000][th:85115458][info] GossipPubSub Adding new peer: 12D3KooWMvLnmwUHrtmJBmG6t8hJTG5GjydGSxj7hMDLEoUqPY3W
[2026-08-26 17:45:45.392622000][th:85115597][info] GossipPubSub Adding new peer: 12D3KooWBWyqoZiWKeKf8grfCs45VfHzsTsBDoG6nonAEubZ8udb
[2026-08-26 17:45:45.392759000][th:85115458][info] GossipPubSub Adding new peer: 12D3KooWJSAEzZVXc22xufdi7gtDLArb8bGCaYhTWy7RrMjxh1bb
[2026-08-26 17:45:45.392787000][th:85115483][info] GossipPubSub Adding new peer: 12D3KooWMvLnmwUHrtmJBmG6t8hJTG5GjydGSxj7hMDLEoUqPY3W
[2026-08-26 17:45:45.392818000][th:85115458][info] GossipPubSub Adding new peer: 12D3KooWBWyqoZiWKeKf8grfCs45VfHzsTsBDoG6nonAEubZ8udb
[2026-08-26 17:45:45.392893000][th:85115483][info] GossipPubSub Adding new peer: 12D3KooWJSAEzZVXc22xufdi7gtDLArb8bGCaYhTWy7RrMjxh1bb
[2026-08-26 17:45:45.392946000][th:85115483][info] GossipPubSub Adding new peer: 12D3KooWQM25YLpiNXQRjq878tMEAoJgMFDnGXfHienkx7DsAR7Z
[2026-08-26 17:45:45][info][CRDTCallbackManager] Successfully unregistered new data callback for pattern: '^/?/bc-144/tx/[^/]+'
[2026-08-26 17:45:45][info][CRDTCallbackManager] Successfully unregistered deleted data callback for pattern: '^/?/bc-144/tx/[^/]+'
[2026-08-26 17:45:45][info][CRDTCallbackManager] Successfully unregistered new data callback for pattern: '^/?/bc-963/tx/[^/]+'
[2026-08-26 17:45:45][info][CRDTCallbackManager] Successfully unregistered deleted data callback for pattern: '^/?/bc-963/tx/[^/]+'
[2026-08-26 17:45:45][info][CRDTCallbackManager] Successfully unregistered new data callback for pattern: '^/?/bc-369/tx/[^/]+'
[2026-08-26 17:45:45][info][CRDTCallbackManager] Successfully unregistered deleted data callback for pattern: '^/?/bc-369/tx/[^/]+'
[2026-08-26 17:45:45][info][TransactionManager] [e08d3953 - full: false] ~TransactionManager: Metrics — cert_fallback(success=0 failure=0) validation(approve=1 reject=0) tracking(insert=1 confirm=1 fail=0)
[2026-08-26 17:45:45][info][Blockchain] [e08d3953] Stopping blockchain
[2026-08-26 17:45:45][info][CRDTCallbackManager] Successfully unregistered new data callback for pattern: '/?gnus-genesis-block'
[2026-08-26 17:45:45][info][CRDTCallbackManager] Successfully unregistered new data callback for pattern: '/?gnus-account-creation-.*'
[2026-08-26 17:45:45][info][CRDTCallbackManager] Successfully unregistered new data callback for pattern: '/?gnus-validator-registry'
[2026-08-26 17:45:45.483766000][th:85115413][error] GossipPubSub Address monitoring timer error: Operation canceled
[2026-08-26 17:45:45][error][PubSubBroadcasterExt] No message to process
[2026-08-26 17:45:45][error][PubSubBroadcasterExt] No message to process
[2026-08-26 17:45:45.483870000][th:85115413][error] graphsync Varint Error msg=Connection: closed by this host
[2026-08-26 17:45:45.483875000][th:85115413][info] graphsync stream read error, peer=DsAR7Z, msg=stream is not readable
[2026-08-26 17:45:45.483892000][th:85115413][error] graphsync Varint Error msg=Connection: closed by this host
[2026-08-26 17:45:45.483895000][th:85115413][info] graphsync stream read error, peer=bZ8udb, msg=stream is not readable
[2026-08-26 17:45:46][debug][GlobalDB] ~GlobalDB CALLED with count 6 on multi_node_finality_fault/restart-certificate-validator-one/rocksdb 
[2026-08-26 17:45:46][info][GlobalDB] GlobalDB shutdown start
[2026-08-26 17:45:46][info][CrdtDatastore] CancelAndCloseNow: begin (pending_jobs=1, self_queue=0, root_queue=0, pending_roots=0, active_root=false)
[2026-08-26 17:45:46][debug][GraphsyncDAGSyncer] Stopping Dagsyncer
[2026-08-26 17:45:46][debug][GraphsyncDAGSyncer] Dagsyncer Stopped
[2026-08-26 17:45:46][info][CrdtDatastore] CancelAndCloseNow: CRDT workers stopped
[2026-08-26 17:45:46][warning][CrdtDatastore] CancelAndCloseNow called but shutdown has already started
[2026-08-26 17:45:46][debug][GraphsyncDAGSyncer] ~GraphsyncDAGSyncer CALLED
[2026-08-26 17:45:46][info][GlobalDB] GlobalDB shutdown finished
[2026-08-26 17:45:46.791073000][th:85115458][error] graphsync Varint Error msg=Connection reset by peer
[2026-08-26 17:45:46.791113000][th:85115458][info] graphsync stream read error, peer=UqPY3W, msg=stream is not readable
[2026-08-26 17:45:46.791149000][th:85115483][error] graphsync Varint Error msg=Connection reset by peer
[2026-08-26 17:45:46.791154000][th:85115483][info] graphsync stream read error, peer=UqPY3W, msg=stream is not readable
[2026-08-26 17:45:46][info][KeyPairFileStorage] Path to keypairs multi_node_finality_fault/restart-certificate-validator-one/keypair
[2026-08-26 17:45:46][info][KeyPairFileStorage] Peer ID from public key: 12D3KooWMvLnmwUHrtmJBmG6t8hJTG5GjydGSxj7hMDLEoUqPY3W
Current limits: 16384 (soft), 9223372036854775807 (hard)
New limits set successfully: 16384 (soft), 9223372036854775807 (hard)
Initialized relay addresses
[2026-08-26 17:45:46.792548000][th:85114896][info] GossipPubSub /ip4/0.0.0.0/tcp/54611/p2p/12D3KooWMvLnmwUHrtmJBmG6t8hJTG5GjydGSxj7hMDLEoUqPY3W: Starting PubSub service
[2026-08-26 17:45:46.792600000][th:85115641][info] GossipPubSub Starting address monitoring system for mobile network changes
[2026-08-26 17:45:46.792604000][th:85115641][info] GossipPubSub === CURRENT NETWORK STATE ===
[2026-08-26 17:45:46.792611000][th:85115641][info] GossipPubSub Primary listening address: /ip4/0.0.0.0/tcp/54611/p2p/12D3KooWMvLnmwUHrtmJBmG6t8hJTG5GjydGSxj7hMDLEoUqPY3W
[2026-08-26 17:45:46.792615000][th:85115641][info] GossipPubSub Host peer info addresses (0):
[2026-08-26 17:45:46.792617000][th:85115641][info] GossipPubSub Additional addresses we track (0):
[2026-08-26 17:45:46.792620000][th:85115641][info] GossipPubSub Listening addresses (1):
[2026-08-26 17:45:46.792622000][th:85115641][info] GossipPubSub   -> /ip4/0.0.0.0/tcp/54611/p2p/12D3KooWMvLnmwUHrtmJBmG6t8hJTG5GjydGSxj7hMDLEoUqPY3W
[2026-08-26 17:45:46.792625000][th:85115641][info] GossipPubSub Interface addresses (0):
[2026-08-26 17:45:46.792627000][th:85115641][info] GossipPubSub === RAW OBSERVED ADDRESS DEBUG ===
[2026-08-26 17:45:46.792630000][th:85115641][info] GossipPubSub Local address: /ip4/0.0.0.0/tcp/54611/p2p/12D3KooWMvLnmwUHrtmJBmG6t8hJTG5GjydGSxj7hMDLEoUqPY3W -> 0 raw observed, 0 activated+confirmed
[2026-08-26 17:45:46.792633000][th:85115641][info] GossipPubSub TOTAL: 0 raw observed addresses, 0 activated+confirmed addresses
[2026-08-26 17:45:46.792635000][th:85115641][info] GossipPubSub === END RAW OBSERVED ADDRESS DEBUG ===
[2026-08-26 17:45:46.792637000][th:85115641][info] GossipPubSub Observed addresses - all (0):
[2026-08-26 17:45:46.792639000][th:85115641][info] GossipPubSub Observed addresses - confirmed only (0):
[2026-08-26 17:45:46.792641000][th:85115641][info] GossipPubSub Relay addresses (0):
[2026-08-26 17:45:46.792644000][th:85115641][warning] GossipPubSub Failed to get addresses from peer repository: not found
[2026-08-26 17:45:46.792687000][th:85115641][info] GossipPubSub Found 1 valid network interfaces
[2026-08-26 17:45:46.792692000][th:85115641][info] GossipPubSub Current network interfaces (1):
[2026-08-26 17:45:46.792695000][th:85115641][info] GossipPubSub   -> 192.168.1.6
[2026-08-26 17:45:46.792698000][th:85115641][info] GossipPubSub Active connections: 0
[2026-08-26 17:45:46.792700000][th:85115641][info] GossipPubSub === PEER CONNECTION DETAILS ===
[2026-08-26 17:45:46.792702000][th:85115641][info] GossipPubSub NOTE: Observed addresses need to be seen by 4+ different peer groups to become 'activated'
[2026-08-26 17:45:46.792705000][th:85115641][info] GossipPubSub NOTE: Current connections: 0, so max possible observers: 0
[2026-08-26 17:45:46.792707000][th:85115641][info] GossipPubSub === END PEER CONNECTION DETAILS ===
[2026-08-26 17:45:46.792709000][th:85115641][info] GossipPubSub Connection manager stats:
[2026-08-26 17:45:46.792712000][th:85115641][info] GossipPubSub   -> Max connections: 1000
[2026-08-26 17:45:46.792714000][th:85115641][info] GossipPubSub   -> Current connections: 0
[2026-08-26 17:45:46.792716000][th:85115641][info] GossipPubSub === END NETWORK STATE ===
[2026-08-26 17:45:46.792863000][th:85115641][info] GossipPubSub /ip4/0.0.0.0/tcp/54611/p2p/12D3KooWMvLnmwUHrtmJBmG6t8hJTG5GjydGSxj7hMDLEoUqPY3W : PubSub service started
[2026-08-26 17:45:46][info][GlobalDB] Opening database /Users/henriqueklein/gnus/SuperGenius/multi_node_finality_fault/restart-certificate-validator-one/rocksdb
[2026-08-26 17:45:46][debug][GraphsyncDAGSyncer] GraphSyncer created 4527842344 
[2026-08-26 17:45:46][info][CrdtDatastore] crdt Datastore created. Number of heads: 2 Current max-height: 18446744073709551615
[2026-08-26 17:45:46][info][GeniusAccount] Secure storage ID path: /Users/henriqueklein/gnus/SuperGenius/multi_node_finality_fault/restart-certificate-validator-one/account/secure_storage_id
[2026-08-26 17:45:46][info][GeniusAccount] Loaded public key from file: e08d395381ebde06... (length: 128)
[2026-08-26 17:45:46][info][GeniusAccount] Successfully loaded key_seed from storage
[2026-08-26 17:45:46][info][GeniusAccount] Validation successful: key_seed matches stored public key
[2026-08-26 17:45:46][warning][UTXOManager] Skipping malformed UTXO key /utxo-checkpoint/e08d395381ebde066a40a30dfe5684a1ec74e9219918c2deb64922c6f23c17d94cdd118d692b47cf33e02a4947dea3d471aadb9c5afdf08295ef025a72c8653d/1
[2026-08-26 17:45:46][warning][UTXOManager] Skipping malformed UTXO key /utxo-checkpoint/e08d395381ebde066a40a30dfe5684a1ec74e9219918c2deb64922c6f23c17d94cdd118d692b47cf33e02a4947dea3d471aadb9c5afdf08295ef025a72c8653d/latest
[2026-08-26 17:45:46][info][Blockchain] [e08d3953] Blockchain instance created with authorized full node: 8a33bdf1
[2026-08-26 17:45:46][info][ValidatorRegistry] InitializeCache: cache initialized with CID QmVqJ3nXGc6viuMec2gsMBrMhwmNz4r9aJZ2QEgGM3fT6G
[2026-08-26 17:45:46][info][CRDTCallbackManager] Successfully registered new data callback for pattern: '/?gnus-validator-registry'
[2026-08-26 17:45:46][info][ValidatorRegistry] RegisterFilter: result=true
[2026-08-26 17:45:46][info][ValidatorRegistry] New: instance ready
[2026-08-26 17:45:46.816827000][th:85115641][info] GossipPubSub /ip4/0.0.0.0/tcp/54611/p2p/12D3KooWMvLnmwUHrtmJBmG6t8hJTG5GjydGSxj7hMDLEoUqPY3W: PubSub subscribed to topic 'gnus-validator-registry.3.7.144'
[2026-08-26 17:45:46][info][CRDTCallbackManager] Successfully registered new data callback for pattern: '^/?cert/[^/]+'
[2026-08-26 17:45:46.816850000][th:85115641][info] GossipPubSub /ip4/0.0.0.0/tcp/54611/p2p/12D3KooWMvLnmwUHrtmJBmG6t8hJTG5GjydGSxj7hMDLEoUqPY3W: PubSub subscribed to topic 'consensus-channel-.3.7.144'
[2026-08-26 17:45:46.816871000][th:85115641][info] GossipPubSub /ip4/0.0.0.0/tcp/54611/p2p/12D3KooWMvLnmwUHrtmJBmG6t8hJTG5GjydGSxj7hMDLEoUqPY3W: PubSub subscribed to topic 'consensus-channel-.3.7.144#datastore.3.7.144'
[2026-08-26 17:45:46][info][CRDTCallbackManager] Successfully registered new data callback for pattern: '/?gnus-genesis-block'
[2026-08-26 17:45:46][info][CRDTCallbackManager] Successfully registered new data callback for pattern: '/?gnus-account-creation-.*'
[2026-08-26 17:45:46][info][CRDTCallbackManager] Successfully registered new data callback for pattern: '^/?/bc-144/tx/[^/]+'
[2026-08-26 17:45:46][info][CRDTCallbackManager] Successfully registered deleted data callback for pattern: '^/?/bc-144/tx/[^/]+'
[2026-08-26 17:45:46][info][CRDTCallbackManager] Successfully registered new data callback for pattern: '^/?/bc-963/tx/[^/]+'
[2026-08-26 17:45:46][info][CRDTCallbackManager] Successfully registered deleted data callback for pattern: '^/?/bc-963/tx/[^/]+'
[2026-08-26 17:45:46][info][CRDTCallbackManager] Successfully registered new data callback for pattern: '^/?/bc-369/tx/[^/]+'
[2026-08-26 17:45:46][info][CRDTCallbackManager] Successfully registered deleted data callback for pattern: '^/?/bc-369/tx/[^/]+'
[2026-08-26 17:45:46][info][CRDTCallbackManager] Successfully unregistered new data callback for pattern: '^/?/bc-144/tx/[^/]+'
[2026-08-26 17:45:46][info][CRDTCallbackManager] Successfully unregistered deleted data callback for pattern: '^/?/bc-144/tx/[^/]+'
[2026-08-26 17:45:46][info][CRDTCallbackManager] Successfully unregistered new data callback for pattern: '^/?/bc-963/tx/[^/]+'
[2026-08-26 17:45:46][info][CRDTCallbackManager] Successfully unregistered deleted data callback for pattern: '^/?/bc-963/tx/[^/]+'
[2026-08-26 17:45:46][info][CRDTCallbackManager] Successfully unregistered new data callback for pattern: '^/?/bc-369/tx/[^/]+'
[2026-08-26 17:45:46][info][CRDTCallbackManager] Successfully unregistered deleted data callback for pattern: '^/?/bc-369/tx/[^/]+'
[2026-08-26 17:45:46][info][TransactionManager] [0a56ec29 - full: false] ~TransactionManager: Metrics — cert_fallback(success=1 failure=0) validation(approve=0 reject=0) tracking(insert=0 confirm=1 fail=0)
[2026-08-26 17:45:46][info][Blockchain] [0a56ec29] Stopping blockchain
[2026-08-26 17:45:46][info][CRDTCallbackManager] Successfully unregistered new data callback for pattern: '/?gnus-genesis-block'
[2026-08-26 17:45:46][info][CRDTCallbackManager] Successfully unregistered new data callback for pattern: '/?gnus-account-creation-.*'
[2026-08-26 17:45:46][info][CRDTCallbackManager] Successfully unregistered new data callback for pattern: '/?gnus-validator-registry'
[2026-08-26 17:45:46.817025000][th:85115597][error] GossipPubSub Address monitoring timer error: Operation canceled
[2026-08-26 17:45:46][error][PubSubBroadcasterExt] No message to process
[2026-08-26 17:45:46][error][PubSubBroadcasterExt] No message to process
[2026-08-26 17:45:47][debug][GlobalDB] ~GlobalDB CALLED with count 6 on multi_node_finality_fault/restart-certificate-validator-two/rocksdb 
[2026-08-26 17:45:47][info][GlobalDB] GlobalDB shutdown start
[2026-08-26 17:45:47][info][CrdtDatastore] CancelAndCloseNow: begin (pending_jobs=0, self_queue=0, root_queue=0, pending_roots=0, active_root=false)
[2026-08-26 17:45:47][debug][GraphsyncDAGSyncer] Stopping Dagsyncer
[2026-08-26 17:45:47][debug][GraphsyncDAGSyncer] Dagsyncer Stopped
[2026-08-26 17:45:47][info][CrdtDatastore] CancelAndCloseNow: CRDT workers stopped
[2026-08-26 17:45:47][warning][CrdtDatastore] CancelAndCloseNow called but shutdown has already started
[2026-08-26 17:45:47][debug][GraphsyncDAGSyncer] ~GraphsyncDAGSyncer CALLED
[2026-08-26 17:45:47][info][GlobalDB] GlobalDB shutdown finished
[2026-08-26 17:45:47][info][KeyPairFileStorage] Path to keypairs multi_node_finality_fault/restart-certificate-validator-two/keypair
[2026-08-26 17:45:47][info][KeyPairFileStorage] Peer ID from public key: 12D3KooWJSAEzZVXc22xufdi7gtDLArb8bGCaYhTWy7RrMjxh1bb
Current limits: 16384 (soft), 9223372036854775807 (hard)
New limits set successfully: 16384 (soft), 9223372036854775807 (hard)
Initialized relay addresses
[2026-08-26 17:45:47.859938000][th:85114896][info] GossipPubSub /ip4/0.0.0.0/tcp/54612/p2p/12D3KooWJSAEzZVXc22xufdi7gtDLArb8bGCaYhTWy7RrMjxh1bb: Starting PubSub service
[2026-08-26 17:45:47.860013000][th:85115669][info] GossipPubSub Starting address monitoring system for mobile network changes
[2026-08-26 17:45:47.860018000][th:85115669][info] GossipPubSub === CURRENT NETWORK STATE ===
[2026-08-26 17:45:47.860027000][th:85115669][info] GossipPubSub Primary listening address: /ip4/0.0.0.0/tcp/54612/p2p/12D3KooWJSAEzZVXc22xufdi7gtDLArb8bGCaYhTWy7RrMjxh1bb
[2026-08-26 17:45:47.860030000][th:85115669][info] GossipPubSub Host peer info addresses (0):
[2026-08-26 17:45:47.860033000][th:85115669][info] GossipPubSub Additional addresses we track (0):
[2026-08-26 17:45:47.860036000][th:85115669][info] GossipPubSub Listening addresses (1):
[2026-08-26 17:45:47.860038000][th:85115669][info] GossipPubSub   -> /ip4/0.0.0.0/tcp/54612/p2p/12D3KooWJSAEzZVXc22xufdi7gtDLArb8bGCaYhTWy7RrMjxh1bb
[2026-08-26 17:45:47.860041000][th:85115669][info] GossipPubSub Interface addresses (0):
[2026-08-26 17:45:47.860043000][th:85115669][info] GossipPubSub === RAW OBSERVED ADDRESS DEBUG ===
[2026-08-26 17:45:47.860046000][th:85115669][info] GossipPubSub Local address: /ip4/0.0.0.0/tcp/54612/p2p/12D3KooWJSAEzZVXc22xufdi7gtDLArb8bGCaYhTWy7RrMjxh1bb -> 0 raw observed, 0 activated+confirmed
[2026-08-26 17:45:47.860049000][th:85115669][info] GossipPubSub TOTAL: 0 raw observed addresses, 0 activated+confirmed addresses
[2026-08-26 17:45:47.860051000][th:85115669][info] GossipPubSub === END RAW OBSERVED ADDRESS DEBUG ===
[2026-08-26 17:45:47.860053000][th:85115669][info] GossipPubSub Observed addresses - all (0):
[2026-08-26 17:45:47.860056000][th:85115669][info] GossipPubSub Observed addresses - confirmed only (0):
[2026-08-26 17:45:47.860058000][th:85115669][info] GossipPubSub Relay addresses (0):
[2026-08-26 17:45:47.860062000][th:85115669][warning] GossipPubSub Failed to get addresses from peer repository: not found
[2026-08-26 17:45:47.860100000][th:85115669][info] GossipPubSub Found 1 valid network interfaces
[2026-08-26 17:45:47.860103000][th:85115669][info] GossipPubSub Current network interfaces (1):
[2026-08-26 17:45:47.860105000][th:85115669][info] GossipPubSub   -> 192.168.1.6
[2026-08-26 17:45:47.860107000][th:85115669][info] GossipPubSub Active connections: 0
[2026-08-26 17:45:47.860109000][th:85115669][info] GossipPubSub === PEER CONNECTION DETAILS ===
[2026-08-26 17:45:47.860112000][th:85115669][info] GossipPubSub NOTE: Observed addresses need to be seen by 4+ different peer groups to become 'activated'
[2026-08-26 17:45:47.860114000][th:85115669][info] GossipPubSub NOTE: Current connections: 0, so max possible observers: 0
[2026-08-26 17:45:47.860116000][th:85115669][info] GossipPubSub === END PEER CONNECTION DETAILS ===
[2026-08-26 17:45:47.860118000][th:85115669][info] GossipPubSub Connection manager stats:
[2026-08-26 17:45:47.860120000][th:85115669][info] GossipPubSub   -> Max connections: 1000
[2026-08-26 17:45:47.860122000][th:85115669][info] GossipPubSub   -> Current connections: 0
[2026-08-26 17:45:47.860124000][th:85115669][info] GossipPubSub === END NETWORK STATE ===
[2026-08-26 17:45:47.860283000][th:85115669][info] GossipPubSub /ip4/0.0.0.0/tcp/54612/p2p/12D3KooWJSAEzZVXc22xufdi7gtDLArb8bGCaYhTWy7RrMjxh1bb : PubSub service started
[2026-08-26 17:45:47][info][GlobalDB] Opening database /Users/henriqueklein/gnus/SuperGenius/multi_node_finality_fault/restart-certificate-validator-two/rocksdb
[2026-08-26 17:45:47][debug][GraphsyncDAGSyncer] GraphSyncer created 5064856568 
[2026-08-26 17:45:47][info][CrdtDatastore] crdt Datastore created. Number of heads: 2 Current max-height: 18446744073709551615
[2026-08-26 17:45:47][info][GeniusAccount] Secure storage ID path: /Users/henriqueklein/gnus/SuperGenius/multi_node_finality_fault/restart-certificate-validator-two/account/secure_storage_id
[2026-08-26 17:45:47][info][GeniusAccount] Loaded public key from file: 0a56ec297192b856... (length: 128)
[2026-08-26 17:45:47][info][GeniusAccount] Successfully loaded key_seed from storage
[2026-08-26 17:45:47][info][GeniusAccount] Validation successful: key_seed matches stored public key
[2026-08-26 17:45:47][warning][UTXOManager] Skipping malformed UTXO key /utxo-checkpoint/0a56ec297192b856e8b68091e738ee5fc14d1770d096c9a786ba0dec89f459c0607059537c927c8872800de67001c5727ff04fb0e60d23968541d8637a5a361e/1
[2026-08-26 17:45:47][warning][UTXOManager] Skipping malformed UTXO key /utxo-checkpoint/0a56ec297192b856e8b68091e738ee5fc14d1770d096c9a786ba0dec89f459c0607059537c927c8872800de67001c5727ff04fb0e60d23968541d8637a5a361e/latest
[2026-08-26 17:45:47][info][Blockchain] [0a56ec29] Blockchain instance created with authorized full node: 8a33bdf1
[2026-08-26 17:45:47][info][ValidatorRegistry] InitializeCache: cache initialized with CID QmVqJ3nXGc6viuMec2gsMBrMhwmNz4r9aJZ2QEgGM3fT6G
[2026-08-26 17:45:47][info][CRDTCallbackManager] Successfully registered new data callback for pattern: '/?gnus-validator-registry'
[2026-08-26 17:45:47][info][ValidatorRegistry] RegisterFilter: result=true
[2026-08-26 17:45:47][info][ValidatorRegistry] New: instance ready
[2026-08-26 17:45:47.888398000][th:85115669][info] GossipPubSub /ip4/0.0.0.0/tcp/54612/p2p/12D3KooWJSAEzZVXc22xufdi7gtDLArb8bGCaYhTWy7RrMjxh1bb: PubSub subscribed to topic 'gnus-validator-registry.3.7.144'
[2026-08-26 17:45:47][info][CRDTCallbackManager] Successfully registered new data callback for pattern: '^/?cert/[^/]+'
[2026-08-26 17:45:47.888455000][th:85115669][info] GossipPubSub /ip4/0.0.0.0/tcp/54612/p2p/12D3KooWJSAEzZVXc22xufdi7gtDLArb8bGCaYhTWy7RrMjxh1bb: PubSub subscribed to topic 'consensus-channel-.3.7.144'
[2026-08-26 17:45:47][info][CRDTCallbackManager] Successfully registered new data callback for pattern: '/?gnus-genesis-block'
[2026-08-26 17:45:47][info][CRDTCallbackManager] Successfully registered new data callback for pattern: '/?gnus-account-creation-.*'
[2026-08-26 17:45:47][info][CRDTCallbackManager] Successfully registered new data callback for pattern: '^/?/bc-144/tx/[^/]+'
[2026-08-26 17:45:47][info][CRDTCallbackManager] Successfully registered deleted data callback for pattern: '^/?/bc-144/tx/[^/]+'
[2026-08-26 17:45:47][info][CRDTCallbackManager] Successfully registered new data callback for pattern: '^/?/bc-963/tx/[^/]+'
[2026-08-26 17:45:47][info][CRDTCallbackManager] Successfully registered deleted data callback for pattern: '^/?/bc-963/tx/[^/]+'
[2026-08-26 17:45:47][info][CRDTCallbackManager] Successfully registered new data callback for pattern: '^/?/bc-369/tx/[^/]+'
[2026-08-26 17:45:47][info][CRDTCallbackManager] Successfully registered deleted data callback for pattern: '^/?/bc-369/tx/[^/]+'
[2026-08-26 17:45:47.888585000][th:85115669][info] GossipPubSub /ip4/0.0.0.0/tcp/54612/p2p/12D3KooWJSAEzZVXc22xufdi7gtDLArb8bGCaYhTWy7RrMjxh1bb: PubSub subscribed to topic 'consensus-channel-.3.7.144#datastore.3.7.144'
[2026-08-26 17:45:47][info][CRDTCallbackManager] Successfully unregistered new data callback for pattern: '^/?/bc-144/tx/[^/]+'
[2026-08-26 17:45:47][info][CRDTCallbackManager] Successfully unregistered deleted data callback for pattern: '^/?/bc-144/tx/[^/]+'
[2026-08-26 17:45:47][info][CRDTCallbackManager] Successfully unregistered new data callback for pattern: '^/?/bc-963/tx/[^/]+'
[2026-08-26 17:45:47][info][CRDTCallbackManager] Successfully unregistered deleted data callback for pattern: '^/?/bc-963/tx/[^/]+'
[2026-08-26 17:45:47][info][CRDTCallbackManager] Successfully unregistered new data callback for pattern: '^/?/bc-369/tx/[^/]+'
[2026-08-26 17:45:47][info][CRDTCallbackManager] Successfully unregistered deleted data callback for pattern: '^/?/bc-369/tx/[^/]+'
[2026-08-26 17:45:47][info][TransactionManager] [e800080c - full: false] ~TransactionManager: Metrics — cert_fallback(success=0 failure=0) validation(approve=1 reject=0) tracking(insert=1 confirm=1 fail=0)
[2026-08-26 17:45:47][info][Blockchain] [e800080c] Stopping blockchain
[2026-08-26 17:45:47][info][CRDTCallbackManager] Successfully unregistered new data callback for pattern: '/?gnus-genesis-block'
[2026-08-26 17:45:47][info][CRDTCallbackManager] Successfully unregistered new data callback for pattern: '/?gnus-account-creation-.*'
[2026-08-26 17:45:47][info][CRDTCallbackManager] Successfully unregistered new data callback for pattern: '/?gnus-validator-registry'
[2026-08-26 17:45:47.891436000][th:85115458][error] GossipPubSub Address monitoring timer error: Operation canceled
[2026-08-26 17:45:47][error][PubSubBroadcasterExt] No message to process
[2026-08-26 17:45:47][error][PubSubBroadcasterExt] No message to process
[2026-08-26 17:45:48.878731000][th:85114924][info] GossipPubSub === Address Refresh Cycle Started ===
[2026-08-26 17:45:48.878810000][th:85114924][info] GossipPubSub Found 1 valid network interfaces
[2026-08-26 17:45:48.878866000][th:85114924][info] GossipPubSub   -> New interface address: /ip4/192.168.1.6/tcp/40001/p2p/12D3KooWQBCLRJbAxMzZ32ZTG5hsJY4DP1xHiCxXLPK8S7ddpWwk
[2026-08-26 17:45:48.878885000][th:85114924][info] GossipPubSub Successfully refreshed 1 addresses with 10-minute TTL
[2026-08-26 17:45:48.878888000][th:85114924][info] GossipPubSub === Address Refresh Cycle Completed ===
[2026-08-26 17:45:48.878891000][th:85114924][info] GossipPubSub === CURRENT NETWORK STATE ===
[2026-08-26 17:45:48.878898000][th:85114924][info] GossipPubSub Primary listening address: /ip4/0.0.0.0/tcp/40001/p2p/12D3KooWQBCLRJbAxMzZ32ZTG5hsJY4DP1xHiCxXLPK8S7ddpWwk
[2026-08-26 17:45:48.878900000][th:85114924][info] GossipPubSub Host peer info addresses (0):
[2026-08-26 17:45:48.878902000][th:85114924][info] GossipPubSub Additional addresses we track (1):
[2026-08-26 17:45:48.878904000][th:85114924][info] GossipPubSub   -> /ip4/192.168.1.6/tcp/40001/p2p/12D3KooWQBCLRJbAxMzZ32ZTG5hsJY4DP1xHiCxXLPK8S7ddpWwk
[2026-08-26 17:45:48.878906000][th:85114924][info] GossipPubSub Listening addresses (1):
[2026-08-26 17:45:48.878909000][th:85114924][info] GossipPubSub   -> /ip4/0.0.0.0/tcp/40001/p2p/12D3KooWQBCLRJbAxMzZ32ZTG5hsJY4DP1xHiCxXLPK8S7ddpWwk
[2026-08-26 17:45:48.878911000][th:85114924][info] GossipPubSub Interface addresses (0):
[2026-08-26 17:45:48.878913000][th:85114924][info] GossipPubSub === RAW OBSERVED ADDRESS DEBUG ===
[2026-08-26 17:45:48.878915000][th:85114924][info] GossipPubSub Local address: /ip4/0.0.0.0/tcp/40001/p2p/12D3KooWQBCLRJbAxMzZ32ZTG5hsJY4DP1xHiCxXLPK8S7ddpWwk -> 0 raw observed, 0 activated+confirmed
[2026-08-26 17:45:48.878918000][th:85114924][info] GossipPubSub TOTAL: 0 raw observed addresses, 0 activated+confirmed addresses
[2026-08-26 17:45:48.878920000][th:85114924][info] GossipPubSub === END RAW OBSERVED ADDRESS DEBUG ===
[2026-08-26 17:45:48.878922000][th:85114924][info] GossipPubSub Observed addresses - all (0):
[2026-08-26 17:45:48.878924000][th:85114924][info] GossipPubSub Observed addresses - confirmed only (0):
[2026-08-26 17:45:48.878926000][th:85114924][info] GossipPubSub Relay addresses (0):
[2026-08-26 17:45:48.878939000][th:85114924][info] GossipPubSub Peer repository addresses (1):
[2026-08-26 17:45:48.878942000][th:85114924][info] GossipPubSub   -> /ip4/192.168.1.6/tcp/40001/p2p/12D3KooWQBCLRJbAxMzZ32ZTG5hsJY4DP1xHiCxXLPK8S7ddpWwk
[2026-08-26 17:45:48.878958000][th:85114924][info] GossipPubSub Found 1 valid network interfaces
[2026-08-26 17:45:48.878961000][th:85114924][info] GossipPubSub Current network interfaces (1):
[2026-08-26 17:45:48.878963000][th:85114924][info] GossipPubSub   -> 192.168.1.6
[2026-08-26 17:45:48.878968000][th:85114924][info] GossipPubSub Active connections: 0
[2026-08-26 17:45:48.878970000][th:85114924][info] GossipPubSub === PEER CONNECTION DETAILS ===
[2026-08-26 17:45:48.878972000][th:85114924][info] GossipPubSub NOTE: Observed addresses need to be seen by 4+ different peer groups to become 'activated'
[2026-08-26 17:45:48.878974000][th:85114924][info] GossipPubSub NOTE: Current connections: 0, so max possible observers: 0
[2026-08-26 17:45:48.878976000][th:85114924][info] GossipPubSub === END PEER CONNECTION DETAILS ===
[2026-08-26 17:45:48.878978000][th:85114924][info] GossipPubSub Connection manager stats:
[2026-08-26 17:45:48.878980000][th:85114924][info] GossipPubSub   -> Max connections: 1000
[2026-08-26 17:45:48.878982000][th:85114924][info] GossipPubSub   -> Current connections: 0
[2026-08-26 17:45:48.878984000][th:85114924][info] GossipPubSub === END NETWORK STATE ===
[2026-08-26 17:45:48][debug][GlobalDB] ~GlobalDB CALLED with count 6 on multi_node_finality_fault/restart-certificate-validator-three/rocksdb 
[2026-08-26 17:45:48][info][GlobalDB] GlobalDB shutdown start
[2026-08-26 17:45:48][info][CrdtDatastore] CancelAndCloseNow: begin (pending_jobs=1, self_queue=0, root_queue=0, pending_roots=0, active_root=false)
[2026-08-26 17:45:48][debug][GraphsyncDAGSyncer] Stopping Dagsyncer
[2026-08-26 17:45:48][debug][GraphsyncDAGSyncer] Dagsyncer Stopped
[2026-08-26 17:45:49][info][CrdtDatastore] CancelAndCloseNow: CRDT workers stopped
[2026-08-26 17:45:49][warning][CrdtDatastore] CancelAndCloseNow called but shutdown has already started
[2026-08-26 17:45:49][debug][GraphsyncDAGSyncer] ~GraphsyncDAGSyncer CALLED
[2026-08-26 17:45:49][info][GlobalDB] GlobalDB shutdown finished
[2026-08-26 17:45:49][info][KeyPairFileStorage] Path to keypairs multi_node_finality_fault/restart-certificate-validator-three/keypair
[2026-08-26 17:45:49][info][KeyPairFileStorage] Peer ID from public key: 12D3KooWQM25YLpiNXQRjq878tMEAoJgMFDnGXfHienkx7DsAR7Z
Current limits: 16384 (soft), 9223372036854775807 (hard)
New limits set successfully: 16384 (soft), 9223372036854775807 (hard)
Initialized relay addresses
[2026-08-26 17:45:49.363320000][th:85114896][info] GossipPubSub /ip4/0.0.0.0/tcp/54613/p2p/12D3KooWQM25YLpiNXQRjq878tMEAoJgMFDnGXfHienkx7DsAR7Z: Starting PubSub service
[2026-08-26 17:45:49.363377000][th:85115732][info] GossipPubSub Starting address monitoring system for mobile network changes
[2026-08-26 17:45:49.363381000][th:85115732][info] GossipPubSub === CURRENT NETWORK STATE ===
[2026-08-26 17:45:49.363389000][th:85115732][info] GossipPubSub Primary listening address: /ip4/0.0.0.0/tcp/54613/p2p/12D3KooWQM25YLpiNXQRjq878tMEAoJgMFDnGXfHienkx7DsAR7Z
[2026-08-26 17:45:49.363392000][th:85115732][info] GossipPubSub Host peer info addresses (0):
[2026-08-26 17:45:49.363394000][th:85115732][info] GossipPubSub Additional addresses we track (0):
[2026-08-26 17:45:49.363397000][th:85115732][info] GossipPubSub Listening addresses (1):
[2026-08-26 17:45:49.363400000][th:85115732][info] GossipPubSub   -> /ip4/0.0.0.0/tcp/54613/p2p/12D3KooWQM25YLpiNXQRjq878tMEAoJgMFDnGXfHienkx7DsAR7Z
[2026-08-26 17:45:49.363402000][th:85115732][info] GossipPubSub Interface addresses (0):
[2026-08-26 17:45:49.363405000][th:85115732][info] GossipPubSub === RAW OBSERVED ADDRESS DEBUG ===
[2026-08-26 17:45:49.363408000][th:85115732][info] GossipPubSub Local address: /ip4/0.0.0.0/tcp/54613/p2p/12D3KooWQM25YLpiNXQRjq878tMEAoJgMFDnGXfHienkx7DsAR7Z -> 0 raw observed, 0 activated+confirmed
[2026-08-26 17:45:49.363411000][th:85115732][info] GossipPubSub TOTAL: 0 raw observed addresses, 0 activated+confirmed addresses
[2026-08-26 17:45:49.363413000][th:85115732][info] GossipPubSub === END RAW OBSERVED ADDRESS DEBUG ===
[2026-08-26 17:45:49.363416000][th:85115732][info] GossipPubSub Observed addresses - all (0):
[2026-08-26 17:45:49.363419000][th:85115732][info] GossipPubSub Observed addresses - confirmed only (0):
[2026-08-26 17:45:49.363421000][th:85115732][info] GossipPubSub Relay addresses (0):
[2026-08-26 17:45:49.363431000][th:85115732][warning] GossipPubSub Failed to get addresses from peer repository: not found
[2026-08-26 17:45:49.363459000][th:85115732][info] GossipPubSub Found 1 valid network interfaces
[2026-08-26 17:45:49.363461000][th:85115732][info] GossipPubSub Current network interfaces (1):
[2026-08-26 17:45:49.363463000][th:85115732][info] GossipPubSub   -> 192.168.1.6
[2026-08-26 17:45:49.363464000][th:85115732][info] GossipPubSub Active connections: 0
[2026-08-26 17:45:49.363465000][th:85115732][info] GossipPubSub === PEER CONNECTION DETAILS ===
[2026-08-26 17:45:49.363467000][th:85115732][info] GossipPubSub NOTE: Observed addresses need to be seen by 4+ different peer groups to become 'activated'
[2026-08-26 17:45:49.363468000][th:85115732][info] GossipPubSub NOTE: Current connections: 0, so max possible observers: 0
[2026-08-26 17:45:49.363469000][th:85115732][info] GossipPubSub === END PEER CONNECTION DETAILS ===
[2026-08-26 17:45:49.363471000][th:85115732][info] GossipPubSub Connection manager stats:
[2026-08-26 17:45:49.363472000][th:85115732][info] GossipPubSub   -> Max connections: 1000
[2026-08-26 17:45:49.363473000][th:85115732][info] GossipPubSub   -> Current connections: 0
[2026-08-26 17:45:49.363475000][th:85115732][info] GossipPubSub === END NETWORK STATE ===
[2026-08-26 17:45:49.363588000][th:85115732][info] GossipPubSub /ip4/0.0.0.0/tcp/54613/p2p/12D3KooWQM25YLpiNXQRjq878tMEAoJgMFDnGXfHienkx7DsAR7Z : PubSub service started
[2026-08-26 17:45:49][info][GlobalDB] Opening database /Users/henriqueklein/gnus/SuperGenius/multi_node_finality_fault/restart-certificate-validator-three/rocksdb
[2026-08-26 17:45:49][debug][GraphsyncDAGSyncer] GraphSyncer created 5066218888 
[2026-08-26 17:45:49][info][CrdtDatastore] crdt Datastore created. Number of heads: 2 Current max-height: 18446744073709551615
[2026-08-26 17:45:49][info][GeniusAccount] Secure storage ID path: /Users/henriqueklein/gnus/SuperGenius/multi_node_finality_fault/restart-certificate-validator-three/account/secure_storage_id
[2026-08-26 17:45:49][info][GeniusAccount] Loaded public key from file: e800080c42a207d0... (length: 128)
[2026-08-26 17:45:49][info][GeniusAccount] Successfully loaded key_seed from storage
[2026-08-26 17:45:49][info][GeniusAccount] Validation successful: key_seed matches stored public key
[2026-08-26 17:45:49][warning][UTXOManager] Skipping malformed UTXO key /utxo-checkpoint/e800080c42a207d0fce4d1865a68810784e6a1ec8f63c7ffb74ef30fb99f92d1677aa64dcf9df000498121464b6abd6c888afe112aa776822aa484911aa04d7c/1
[2026-08-26 17:45:49][warning][UTXOManager] Skipping malformed UTXO key /utxo-checkpoint/e800080c42a207d0fce4d1865a68810784e6a1ec8f63c7ffb74ef30fb99f92d1677aa64dcf9df000498121464b6abd6c888afe112aa776822aa484911aa04d7c/latest
[2026-08-26 17:45:49][info][Blockchain] [e800080c] Blockchain instance created with authorized full node: 8a33bdf1
[2026-08-26 17:45:49][info][ValidatorRegistry] InitializeCache: cache initialized with CID QmVqJ3nXGc6viuMec2gsMBrMhwmNz4r9aJZ2QEgGM3fT6G
[2026-08-26 17:45:49][info][CRDTCallbackManager] Successfully registered new data callback for pattern: '/?gnus-validator-registry'
[2026-08-26 17:45:49][info][ValidatorRegistry] RegisterFilter: result=true
[2026-08-26 17:45:49][info][ValidatorRegistry] New: instance ready
[2026-08-26 17:45:49.391632000][th:85115732][info] GossipPubSub /ip4/0.0.0.0/tcp/54613/p2p/12D3KooWQM25YLpiNXQRjq878tMEAoJgMFDnGXfHienkx7DsAR7Z: PubSub subscribed to topic 'gnus-validator-registry.3.7.144'
[2026-08-26 17:45:49][info][CRDTCallbackManager] Successfully registered new data callback for pattern: '^/?cert/[^/]+'
[2026-08-26 17:45:49.391656000][th:85115732][info] GossipPubSub /ip4/0.0.0.0/tcp/54613/p2p/12D3KooWQM25YLpiNXQRjq878tMEAoJgMFDnGXfHienkx7DsAR7Z: PubSub subscribed to topic 'consensus-channel-.3.7.144'
[2026-08-26 17:45:49][info][CRDTCallbackManager] Successfully registered new data callback for pattern: '/?gnus-genesis-block'
[2026-08-26 17:45:49.391681000][th:85115732][info] GossipPubSub /ip4/0.0.0.0/tcp/54613/p2p/12D3KooWQM25YLpiNXQRjq878tMEAoJgMFDnGXfHienkx7DsAR7Z: PubSub subscribed to topic 'consensus-channel-.3.7.144#datastore.3.7.144'
[2026-08-26 17:45:49][info][CRDTCallbackManager] Successfully registered new data callback for pattern: '/?gnus-account-creation-.*'
[2026-08-26 17:45:49][info][CRDTCallbackManager] Successfully registered new data callback for pattern: '^/?/bc-144/tx/[^/]+'
[2026-08-26 17:45:49][info][CRDTCallbackManager] Successfully registered deleted data callback for pattern: '^/?/bc-144/tx/[^/]+'
[2026-08-26 17:45:49][info][CRDTCallbackManager] Successfully registered new data callback for pattern: '^/?/bc-963/tx/[^/]+'
[2026-08-26 17:45:49][info][CRDTCallbackManager] Successfully registered deleted data callback for pattern: '^/?/bc-963/tx/[^/]+'
[2026-08-26 17:45:49][info][CRDTCallbackManager] Successfully registered new data callback for pattern: '^/?/bc-369/tx/[^/]+'
[2026-08-26 17:45:49][info][CRDTCallbackManager] Successfully registered deleted data callback for pattern: '^/?/bc-369/tx/[^/]+'
[2026-08-26 17:45:49][info][CRDTCallbackManager] Successfully unregistered new data callback for pattern: '^/?/bc-144/tx/[^/]+'
[2026-08-26 17:45:49][info][CRDTCallbackManager] Successfully unregistered deleted data callback for pattern: '^/?/bc-144/tx/[^/]+'
[2026-08-26 17:45:49][info][CRDTCallbackManager] Successfully unregistered new data callback for pattern: '^/?/bc-963/tx/[^/]+'
[2026-08-26 17:45:49][info][CRDTCallbackManager] Successfully unregistered deleted data callback for pattern: '^/?/bc-963/tx/[^/]+'
[2026-08-26 17:45:49][info][CRDTCallbackManager] Successfully unregistered new data callback for pattern: '^/?/bc-369/tx/[^/]+'
[2026-08-26 17:45:49][info][CRDTCallbackManager] Successfully unregistered deleted data callback for pattern: '^/?/bc-369/tx/[^/]+'
[2026-08-26 17:45:49][info][TransactionManager] [f6b73659 - full: false] ~TransactionManager: Metrics — cert_fallback(success=0 failure=0) validation(approve=1 reject=0) tracking(insert=1 confirm=1 fail=0)
[2026-08-26 17:45:49][info][Blockchain] [f6b73659] Stopping blockchain
[2026-08-26 17:45:49][info][CRDTCallbackManager] Successfully unregistered new data callback for pattern: '/?gnus-genesis-block'
[2026-08-26 17:45:49][info][CRDTCallbackManager] Successfully unregistered new data callback for pattern: '/?gnus-account-creation-.*'
[2026-08-26 17:45:49][info][CRDTCallbackManager] Successfully unregistered new data callback for pattern: '/?gnus-validator-registry'
[2026-08-26 17:45:49.391834000][th:85115483][error] GossipPubSub Address monitoring timer error: Operation canceled
[2026-08-26 17:45:49][error][PubSubBroadcasterExt] No message to process
[2026-08-26 17:45:49][error][PubSubBroadcasterExt] No message to process
[2026-08-26 17:45:50][debug][GlobalDB] ~GlobalDB CALLED with count 6 on multi_node_finality_fault/restart-certificate-passive/rocksdb 
[2026-08-26 17:45:50][info][GlobalDB] GlobalDB shutdown start
[2026-08-26 17:45:50][info][CrdtDatastore] CancelAndCloseNow: begin (pending_jobs=1, self_queue=0, root_queue=0, pending_roots=0, active_root=false)
[2026-08-26 17:45:50][debug][GraphsyncDAGSyncer] Stopping Dagsyncer
[2026-08-26 17:45:50][debug][GraphsyncDAGSyncer] Dagsyncer Stopped
[2026-08-26 17:45:50][info][CrdtDatastore] CancelAndCloseNow: CRDT workers stopped
[2026-08-26 17:45:50][warning][CrdtDatastore] CancelAndCloseNow called but shutdown has already started
[2026-08-26 17:45:50][debug][GraphsyncDAGSyncer] ~GraphsyncDAGSyncer CALLED
[2026-08-26 17:45:50][info][GlobalDB] GlobalDB shutdown finished
[2026-08-26 17:45:50][info][KeyPairFileStorage] Path to keypairs multi_node_finality_fault/restart-certificate-passive/keypair
[2026-08-26 17:45:50][info][KeyPairFileStorage] Peer ID from public key: 12D3KooWBWyqoZiWKeKf8grfCs45VfHzsTsBDoG6nonAEubZ8udb
Current limits: 16384 (soft), 9223372036854775807 (hard)
New limits set successfully: 16384 (soft), 9223372036854775807 (hard)
Initialized relay addresses
[2026-08-26 17:45:50.421614000][th:85114896][info] GossipPubSub /ip4/0.0.0.0/tcp/54614/p2p/12D3KooWBWyqoZiWKeKf8grfCs45VfHzsTsBDoG6nonAEubZ8udb: Starting PubSub service
[2026-08-26 17:45:50.421672000][th:85115762][info] GossipPubSub Starting address monitoring system for mobile network changes
[2026-08-26 17:45:50.421674000][th:85115762][info] GossipPubSub === CURRENT NETWORK STATE ===
[2026-08-26 17:45:50.421681000][th:85115762][info] GossipPubSub Primary listening address: /ip4/0.0.0.0/tcp/54614/p2p/12D3KooWBWyqoZiWKeKf8grfCs45VfHzsTsBDoG6nonAEubZ8udb
[2026-08-26 17:45:50.421684000][th:85115762][info] GossipPubSub Host peer info addresses (0):
[2026-08-26 17:45:50.421685000][th:85115762][info] GossipPubSub Additional addresses we track (0):
[2026-08-26 17:45:50.421687000][th:85115762][info] GossipPubSub Listening addresses (1):
[2026-08-26 17:45:50.421689000][th:85115762][info] GossipPubSub   -> /ip4/0.0.0.0/tcp/54614/p2p/12D3KooWBWyqoZiWKeKf8grfCs45VfHzsTsBDoG6nonAEubZ8udb
[2026-08-26 17:45:50.421691000][th:85115762][info] GossipPubSub Interface addresses (0):
[2026-08-26 17:45:50.421692000][th:85115762][info] GossipPubSub === RAW OBSERVED ADDRESS DEBUG ===
[2026-08-26 17:45:50.421694000][th:85115762][info] GossipPubSub Local address: /ip4/0.0.0.0/tcp/54614/p2p/12D3KooWBWyqoZiWKeKf8grfCs45VfHzsTsBDoG6nonAEubZ8udb -> 0 raw observed, 0 activated+confirmed
[2026-08-26 17:45:50.421696000][th:85115762][info] GossipPubSub TOTAL: 0 raw observed addresses, 0 activated+confirmed addresses
[2026-08-26 17:45:50.421698000][th:85115762][info] GossipPubSub === END RAW OBSERVED ADDRESS DEBUG ===
[2026-08-26 17:45:50.421699000][th:85115762][info] GossipPubSub Observed addresses - all (0):
[2026-08-26 17:45:50.421701000][th:85115762][info] GossipPubSub Observed addresses - confirmed only (0):
[2026-08-26 17:45:50.421702000][th:85115762][info] GossipPubSub Relay addresses (0):
[2026-08-26 17:45:50.421704000][th:85115762][warning] GossipPubSub Failed to get addresses from peer repository: not found
[2026-08-26 17:45:50.421738000][th:85115762][info] GossipPubSub Found 1 valid network interfaces
[2026-08-26 17:45:50.421740000][th:85115762][info] GossipPubSub Current network interfaces (1):
[2026-08-26 17:45:50.421742000][th:85115762][info] GossipPubSub   -> 192.168.1.6
[2026-08-26 17:45:50.421744000][th:85115762][info] GossipPubSub Active connections: 0
[2026-08-26 17:45:50.421745000][th:85115762][info] GossipPubSub === PEER CONNECTION DETAILS ===
[2026-08-26 17:45:50.421746000][th:85115762][info] GossipPubSub NOTE: Observed addresses need to be seen by 4+ different peer groups to become 'activated'
[2026-08-26 17:45:50.421748000][th:85115762][info] GossipPubSub NOTE: Current connections: 0, so max possible observers: 0
[2026-08-26 17:45:50.421749000][th:85115762][info] GossipPubSub === END PEER CONNECTION DETAILS ===
[2026-08-26 17:45:50.421751000][th:85115762][info] GossipPubSub Connection manager stats:
[2026-08-26 17:45:50.421752000][th:85115762][info] GossipPubSub   -> Max connections: 1000
[2026-08-26 17:45:50.421754000][th:85115762][info] GossipPubSub   -> Current connections: 0
[2026-08-26 17:45:50.421755000][th:85115762][info] GossipPubSub === END NETWORK STATE ===
[2026-08-26 17:45:50.421874000][th:85115762][info] GossipPubSub /ip4/0.0.0.0/tcp/54614/p2p/12D3KooWBWyqoZiWKeKf8grfCs45VfHzsTsBDoG6nonAEubZ8udb : PubSub service started
[2026-08-26 17:45:50][info][GlobalDB] Opening database /Users/henriqueklein/gnus/SuperGenius/multi_node_finality_fault/restart-certificate-passive/rocksdb
[2026-08-26 17:45:50][debug][GraphsyncDAGSyncer] GraphSyncer created 5064852600 
[2026-08-26 17:45:50][info][CrdtDatastore] crdt Datastore created. Number of heads: 2 Current max-height: 18446744073709551615
[2026-08-26 17:45:50][info][GeniusAccount] Secure storage ID path: /Users/henriqueklein/gnus/SuperGenius/multi_node_finality_fault/restart-certificate-passive/account/secure_storage_id
[2026-08-26 17:45:50][info][GeniusAccount] Loaded public key from file: f6b7365994b10470... (length: 128)
[2026-08-26 17:45:50][info][GeniusAccount] Successfully loaded key_seed from storage
[2026-08-26 17:45:50][info][GeniusAccount] Validation successful: key_seed matches stored public key
[2026-08-26 17:45:50][warning][UTXOManager] Skipping malformed UTXO key /utxo-checkpoint/f6b7365994b104703458a230d6c2df3c94fa1d8307d8a208c2bffcb561b4e475e231d9e8c6360b07ee435ec389b64e07e2008b9856273e3b122affe284be5e4c/1
[2026-08-26 17:45:50][warning][UTXOManager] Skipping malformed UTXO key /utxo-checkpoint/f6b7365994b104703458a230d6c2df3c94fa1d8307d8a208c2bffcb561b4e475e231d9e8c6360b07ee435ec389b64e07e2008b9856273e3b122affe284be5e4c/latest
[2026-08-26 17:45:50][info][Blockchain] [f6b73659] Blockchain instance created with authorized full node: 8a33bdf1
[2026-08-26 17:45:50][info][ValidatorRegistry] InitializeCache: cache initialized with CID QmVqJ3nXGc6viuMec2gsMBrMhwmNz4r9aJZ2QEgGM3fT6G
[2026-08-26 17:45:50][info][CRDTCallbackManager] Successfully registered new data callback for pattern: '/?gnus-validator-registry'
[2026-08-26 17:45:50][info][ValidatorRegistry] RegisterFilter: result=true
[2026-08-26 17:45:50][info][ValidatorRegistry] New: instance ready
[2026-08-26 17:45:50.449286000][th:85115762][info] GossipPubSub /ip4/0.0.0.0/tcp/54614/p2p/12D3KooWBWyqoZiWKeKf8grfCs45VfHzsTsBDoG6nonAEubZ8udb: PubSub subscribed to topic 'gnus-validator-registry.3.7.144'
[2026-08-26 17:45:50][info][CRDTCallbackManager] Successfully registered new data callback for pattern: '^/?cert/[^/]+'
[2026-08-26 17:45:50.449312000][th:85115762][info] GossipPubSub /ip4/0.0.0.0/tcp/54614/p2p/12D3KooWBWyqoZiWKeKf8grfCs45VfHzsTsBDoG6nonAEubZ8udb: PubSub subscribed to topic 'consensus-channel-.3.7.144'
[2026-08-26 17:45:50][info][CRDTCallbackManager] Successfully registered new data callback for pattern: '/?gnus-genesis-block'
[2026-08-26 17:45:50][info][CRDTCallbackManager] Successfully registered new data callback for pattern: '/?gnus-account-creation-.*'
[2026-08-26 17:45:50.449338000][th:85115762][info] GossipPubSub /ip4/0.0.0.0/tcp/54614/p2p/12D3KooWBWyqoZiWKeKf8grfCs45VfHzsTsBDoG6nonAEubZ8udb: PubSub subscribed to topic 'consensus-channel-.3.7.144#datastore.3.7.144'
[2026-08-26 17:45:50][info][CRDTCallbackManager] Successfully registered new data callback for pattern: '^/?/bc-144/tx/[^/]+'
[2026-08-26 17:45:50][info][CRDTCallbackManager] Successfully registered deleted data callback for pattern: '^/?/bc-144/tx/[^/]+'
[2026-08-26 17:45:50][info][CRDTCallbackManager] Successfully registered new data callback for pattern: '^/?/bc-963/tx/[^/]+'
[2026-08-26 17:45:50][info][CRDTCallbackManager] Successfully registered deleted data callback for pattern: '^/?/bc-963/tx/[^/]+'
[2026-08-26 17:45:50][info][CRDTCallbackManager] Successfully registered new data callback for pattern: '^/?/bc-369/tx/[^/]+'
[2026-08-26 17:45:50][info][CRDTCallbackManager] Successfully registered deleted data callback for pattern: '^/?/bc-369/tx/[^/]+'
[2026-08-26 17:45:50.449452000][th:85115641][info] GossipPubSub Adding new peer: 12D3KooWJSAEzZVXc22xufdi7gtDLArb8bGCaYhTWy7RrMjxh1bb
[2026-08-26 17:45:50.449499000][th:85115641][info] GossipPubSub Adding new peer: 12D3KooWQM25YLpiNXQRjq878tMEAoJgMFDnGXfHienkx7DsAR7Z
[2026-08-26 17:45:50.449538000][th:85115641][info] GossipPubSub Adding new peer: 12D3KooWBWyqoZiWKeKf8grfCs45VfHzsTsBDoG6nonAEubZ8udb
[2026-08-26 17:45:50.449558000][th:85115669][info] GossipPubSub Adding new peer: 12D3KooWMvLnmwUHrtmJBmG6t8hJTG5GjydGSxj7hMDLEoUqPY3W
[2026-08-26 17:45:50.449605000][th:85115669][info] GossipPubSub Adding new peer: 12D3KooWQM25YLpiNXQRjq878tMEAoJgMFDnGXfHienkx7DsAR7Z
[2026-08-26 17:45:50.449645000][th:85115669][info] GossipPubSub Adding new peer: 12D3KooWBWyqoZiWKeKf8grfCs45VfHzsTsBDoG6nonAEubZ8udb
[2026-08-26 17:45:50.449655000][th:85115732][info] GossipPubSub Adding new peer: 12D3KooWMvLnmwUHrtmJBmG6t8hJTG5GjydGSxj7hMDLEoUqPY3W
[2026-08-26 17:45:50.449689000][th:85115732][info] GossipPubSub Adding new peer: 12D3KooWJSAEzZVXc22xufdi7gtDLArb8bGCaYhTWy7RrMjxh1bb
[2026-08-26 17:45:50.449721000][th:85115732][info] GossipPubSub Adding new peer: 12D3KooWBWyqoZiWKeKf8grfCs45VfHzsTsBDoG6nonAEubZ8udb
[2026-08-26 17:45:50.449754000][th:85115762][info] GossipPubSub Adding new peer: 12D3KooWMvLnmwUHrtmJBmG6t8hJTG5GjydGSxj7hMDLEoUqPY3W
[2026-08-26 17:45:50.449785000][th:85115762][info] GossipPubSub Adding new peer: 12D3KooWJSAEzZVXc22xufdi7gtDLArb8bGCaYhTWy7RrMjxh1bb
[2026-08-26 17:45:50.449818000][th:85115762][info] GossipPubSub Adding new peer: 12D3KooWQM25YLpiNXQRjq878tMEAoJgMFDnGXfHienkx7DsAR7Z
[2026-08-26 17:45:50][info][CRDTCallbackManager] Successfully unregistered new data callback for pattern: '^/?/bc-144/tx/[^/]+'
[2026-08-26 17:45:50][info][CRDTCallbackManager] Successfully unregistered deleted data callback for pattern: '^/?/bc-144/tx/[^/]+'
[2026-08-26 17:45:50][info][CRDTCallbackManager] Successfully unregistered new data callback for pattern: '^/?/bc-963/tx/[^/]+'
[2026-08-26 17:45:50][info][CRDTCallbackManager] Successfully unregistered deleted data callback for pattern: '^/?/bc-963/tx/[^/]+'
[2026-08-26 17:45:50][info][CRDTCallbackManager] Successfully unregistered new data callback for pattern: '^/?/bc-369/tx/[^/]+'
[2026-08-26 17:45:50][info][CRDTCallbackManager] Successfully unregistered deleted data callback for pattern: '^/?/bc-369/tx/[^/]+'
[2026-08-26 17:45:50][info][TransactionManager] [e08d3953 - full: false] ~TransactionManager: Metrics — cert_fallback(success=0 failure=0) validation(approve=0 reject=0) tracking(insert=0 confirm=0 fail=0)
[2026-08-26 17:45:50][info][Blockchain] [e08d3953] Stopping blockchain
[2026-08-26 17:45:50][info][CRDTCallbackManager] Successfully unregistered new data callback for pattern: '/?gnus-genesis-block'
[2026-08-26 17:45:50][info][CRDTCallbackManager] Successfully unregistered new data callback for pattern: '/?gnus-account-creation-.*'
[2026-08-26 17:45:50][info][CRDTCallbackManager] Successfully unregistered new data callback for pattern: '/?gnus-validator-registry'
[2026-08-26 17:45:50.531643000][th:85115641][error] GossipPubSub Address monitoring timer error: Operation canceled
[2026-08-26 17:45:50][error][PubSubBroadcasterExt] No message to process
[2026-08-26 17:45:50][error][PubSubBroadcasterExt] No message to process
[2026-08-26 17:45:51][debug][GlobalDB] ~GlobalDB CALLED with count 6 on multi_node_finality_fault/restart-certificate-validator-one/rocksdb 
[2026-08-26 17:45:51][info][GlobalDB] GlobalDB shutdown start
[2026-08-26 17:45:51][info][CrdtDatastore] CancelAndCloseNow: begin (pending_jobs=0, self_queue=0, root_queue=0, pending_roots=0, active_root=false)
[2026-08-26 17:45:51][debug][GraphsyncDAGSyncer] Stopping Dagsyncer
[2026-08-26 17:45:51][debug][GraphsyncDAGSyncer] Dagsyncer Stopped
[2026-08-26 17:45:51][info][CrdtDatastore] CancelAndCloseNow: CRDT workers stopped
[2026-08-26 17:45:51][warning][CrdtDatastore] CancelAndCloseNow called but shutdown has already started
[2026-08-26 17:45:51][debug][GraphsyncDAGSyncer] ~GraphsyncDAGSyncer CALLED
[2026-08-26 17:45:51][info][GlobalDB] GlobalDB shutdown finished
[2026-08-26 17:45:51][info][CRDTCallbackManager] Successfully unregistered new data callback for pattern: '^/?/bc-144/tx/[^/]+'
[2026-08-26 17:45:51][info][CRDTCallbackManager] Successfully unregistered deleted data callback for pattern: '^/?/bc-144/tx/[^/]+'
[2026-08-26 17:45:51][info][CRDTCallbackManager] Successfully unregistered new data callback for pattern: '^/?/bc-963/tx/[^/]+'
[2026-08-26 17:45:51][info][CRDTCallbackManager] Successfully unregistered deleted data callback for pattern: '^/?/bc-963/tx/[^/]+'
[2026-08-26 17:45:51][info][CRDTCallbackManager] Successfully unregistered new data callback for pattern: '^/?/bc-369/tx/[^/]+'
[2026-08-26 17:45:51][info][CRDTCallbackManager] Successfully unregistered deleted data callback for pattern: '^/?/bc-369/tx/[^/]+'
[2026-08-26 17:45:51][info][TransactionManager] [0a56ec29 - full: false] ~TransactionManager: Metrics — cert_fallback(success=0 failure=0) validation(approve=0 reject=0) tracking(insert=0 confirm=0 fail=0)
[2026-08-26 17:45:51][info][Blockchain] [0a56ec29] Stopping blockchain
[2026-08-26 17:45:51][info][CRDTCallbackManager] Successfully unregistered new data callback for pattern: '/?gnus-genesis-block'
[2026-08-26 17:45:51][info][CRDTCallbackManager] Successfully unregistered new data callback for pattern: '/?gnus-account-creation-.*'
[2026-08-26 17:45:51][info][CRDTCallbackManager] Successfully unregistered new data callback for pattern: '/?gnus-validator-registry'
[2026-08-26 17:45:51.848768000][th:85115669][error] GossipPubSub Address monitoring timer error: Operation canceled
[2026-08-26 17:45:51][error][PubSubBroadcasterExt] No message to process
[2026-08-26 17:45:51][error][PubSubBroadcasterExt] No message to process
[2026-08-26 17:45:52][debug][GlobalDB] ~GlobalDB CALLED with count 6 on multi_node_finality_fault/restart-certificate-validator-two/rocksdb 
[2026-08-26 17:45:52][info][GlobalDB] GlobalDB shutdown start
[2026-08-26 17:45:52][info][CrdtDatastore] CancelAndCloseNow: begin (pending_jobs=0, self_queue=0, root_queue=0, pending_roots=0, active_root=false)
[2026-08-26 17:45:52][debug][GraphsyncDAGSyncer] Stopping Dagsyncer
[2026-08-26 17:45:52][debug][GraphsyncDAGSyncer] Dagsyncer Stopped
[2026-08-26 17:45:52][info][CrdtDatastore] CancelAndCloseNow: CRDT workers stopped
[2026-08-26 17:45:52][warning][CrdtDatastore] CancelAndCloseNow called but shutdown has already started
[2026-08-26 17:45:52][debug][GraphsyncDAGSyncer] ~GraphsyncDAGSyncer CALLED
[2026-08-26 17:45:52][info][GlobalDB] GlobalDB shutdown finished
[2026-08-26 17:45:52][info][CRDTCallbackManager] Successfully unregistered new data callback for pattern: '^/?/bc-144/tx/[^/]+'
[2026-08-26 17:45:52][info][CRDTCallbackManager] Successfully unregistered deleted data callback for pattern: '^/?/bc-144/tx/[^/]+'
[2026-08-26 17:45:52][info][CRDTCallbackManager] Successfully unregistered new data callback for pattern: '^/?/bc-963/tx/[^/]+'
[2026-08-26 17:45:52][info][CRDTCallbackManager] Successfully unregistered deleted data callback for pattern: '^/?/bc-963/tx/[^/]+'
[2026-08-26 17:45:52][info][CRDTCallbackManager] Successfully unregistered new data callback for pattern: '^/?/bc-369/tx/[^/]+'
[2026-08-26 17:45:52][info][CRDTCallbackManager] Successfully unregistered deleted data callback for pattern: '^/?/bc-369/tx/[^/]+'
[2026-08-26 17:45:52][info][TransactionManager] [e800080c - full: false] ~TransactionManager: Metrics — cert_fallback(success=0 failure=0) validation(approve=0 reject=0) tracking(insert=0 confirm=0 fail=0)
[2026-08-26 17:45:52][info][Blockchain] [e800080c] Stopping blockchain
[2026-08-26 17:45:52][info][CRDTCallbackManager] Successfully unregistered new data callback for pattern: '/?gnus-genesis-block'
[2026-08-26 17:45:52][info][CRDTCallbackManager] Successfully unregistered new data callback for pattern: '/?gnus-account-creation-.*'
[2026-08-26 17:45:52][info][CRDTCallbackManager] Successfully unregistered new data callback for pattern: '/?gnus-validator-registry'
[2026-08-26 17:45:52.905461000][th:85115732][error] GossipPubSub Address monitoring timer error: Operation canceled
[2026-08-26 17:45:52][error][PubSubBroadcasterExt] No message to process
[2026-08-26 17:45:52][error][PubSubBroadcasterExt] No message to process
[2026-08-26 17:45:53][debug][GlobalDB] ~GlobalDB CALLED with count 6 on multi_node_finality_fault/restart-certificate-validator-three/rocksdb 
[2026-08-26 17:45:53][info][GlobalDB] GlobalDB shutdown start
[2026-08-26 17:45:53][info][CrdtDatastore] CancelAndCloseNow: begin (pending_jobs=0, self_queue=0, root_queue=0, pending_roots=0, active_root=false)
[2026-08-26 17:45:53][debug][GraphsyncDAGSyncer] Stopping Dagsyncer
[2026-08-26 17:45:53][debug][GraphsyncDAGSyncer] Dagsyncer Stopped
[2026-08-26 17:45:53][info][CrdtDatastore] CancelAndCloseNow: CRDT workers stopped
[2026-08-26 17:45:53][warning][CrdtDatastore] CancelAndCloseNow called but shutdown has already started
[2026-08-26 17:45:53][debug][GraphsyncDAGSyncer] ~GraphsyncDAGSyncer CALLED
[2026-08-26 17:45:53][info][GlobalDB] GlobalDB shutdown finished
[2026-08-26 17:45:53][info][CRDTCallbackManager] Successfully unregistered new data callback for pattern: '^/?/bc-144/tx/[^/]+'
[2026-08-26 17:45:53][info][CRDTCallbackManager] Successfully unregistered deleted data callback for pattern: '^/?/bc-144/tx/[^/]+'
[2026-08-26 17:45:53][info][CRDTCallbackManager] Successfully unregistered new data callback for pattern: '^/?/bc-963/tx/[^/]+'
[2026-08-26 17:45:53][info][CRDTCallbackManager] Successfully unregistered deleted data callback for pattern: '^/?/bc-963/tx/[^/]+'
[2026-08-26 17:45:53][info][CRDTCallbackManager] Successfully unregistered new data callback for pattern: '^/?/bc-369/tx/[^/]+'
[2026-08-26 17:45:53][info][CRDTCallbackManager] Successfully unregistered deleted data callback for pattern: '^/?/bc-369/tx/[^/]+'
[2026-08-26 17:45:53][info][TransactionManager] [f6b73659 - full: false] ~TransactionManager: Metrics — cert_fallback(success=0 failure=0) validation(approve=0 reject=0) tracking(insert=0 confirm=0 fail=0)
[2026-08-26 17:45:53][info][Blockchain] [f6b73659] Stopping blockchain
[2026-08-26 17:45:53][info][CRDTCallbackManager] Successfully unregistered new data callback for pattern: '/?gnus-genesis-block'
[2026-08-26 17:45:53][info][CRDTCallbackManager] Successfully unregistered new data callback for pattern: '/?gnus-account-creation-.*'
[2026-08-26 17:45:53][info][CRDTCallbackManager] Successfully unregistered new data callback for pattern: '/?gnus-validator-registry'
[2026-08-26 17:45:53.919016000][th:85115762][error] GossipPubSub Address monitoring timer error: Operation canceled
[2026-08-26 17:45:53][error][PubSubBroadcasterExt] No message to process
[2026-08-26 17:45:53][error][PubSubBroadcasterExt] No message to process
[2026-08-26 17:45:54][debug][GlobalDB] ~GlobalDB CALLED with count 6 on multi_node_finality_fault/restart-certificate-passive/rocksdb 
[2026-08-26 17:45:54][info][GlobalDB] GlobalDB shutdown start
[2026-08-26 17:45:54][info][CrdtDatastore] CancelAndCloseNow: begin (pending_jobs=0, self_queue=0, root_queue=0, pending_roots=0, active_root=false)
[2026-08-26 17:45:54][debug][GraphsyncDAGSyncer] Stopping Dagsyncer
[2026-08-26 17:45:54][debug][GraphsyncDAGSyncer] Dagsyncer Stopped
[2026-08-26 17:45:54][info][CrdtDatastore] CancelAndCloseNow: CRDT workers stopped
[2026-08-26 17:45:54][warning][CrdtDatastore] CancelAndCloseNow called but shutdown has already started
[2026-08-26 17:45:54][debug][GraphsyncDAGSyncer] ~GraphsyncDAGSyncer CALLED
[2026-08-26 17:45:54][info][GlobalDB] GlobalDB shutdown finished
[2026-08-26 17:45:54][info][KeyPairFileStorage] Path to keypairs multi_node_finality_fault/restart-mint-validator-one/keypair
[2026-08-26 17:45:54][info][KeyPairFileStorage] Peer ID from public key: 12D3KooWQjjEFY15Fj6buQfK1SjBeU3bji88hVdPVni1ibHcFEtK
Current limits: 16384 (soft), 9223372036854775807 (hard)
New limits set successfully: 16384 (soft), 9223372036854775807 (hard)
Initialized relay addresses
[2026-08-26 17:45:54.978594000][th:85114896][info] GossipPubSub /ip4/0.0.0.0/tcp/54621/p2p/12D3KooWQjjEFY15Fj6buQfK1SjBeU3bji88hVdPVni1ibHcFEtK: Starting PubSub service
[2026-08-26 17:45:54.978647000][th:85115848][info] GossipPubSub Starting address monitoring system for mobile network changes
[2026-08-26 17:45:54.978650000][th:85115848][info] GossipPubSub === CURRENT NETWORK STATE ===
[2026-08-26 17:45:54.978658000][th:85115848][info] GossipPubSub Primary listening address: /ip4/0.0.0.0/tcp/54621/p2p/12D3KooWQjjEFY15Fj6buQfK1SjBeU3bji88hVdPVni1ibHcFEtK
[2026-08-26 17:45:54.978660000][th:85115848][info] GossipPubSub Host peer info addresses (0):
[2026-08-26 17:45:54.978662000][th:85115848][info] GossipPubSub Additional addresses we track (0):
[2026-08-26 17:45:54.978664000][th:85115848][info] GossipPubSub Listening addresses (1):
[2026-08-26 17:45:54.978666000][th:85115848][info] GossipPubSub   -> /ip4/0.0.0.0/tcp/54621/p2p/12D3KooWQjjEFY15Fj6buQfK1SjBeU3bji88hVdPVni1ibHcFEtK
[2026-08-26 17:45:54.978668000][th:85115848][info] GossipPubSub Interface addresses (0):
[2026-08-26 17:45:54.978670000][th:85115848][info] GossipPubSub === RAW OBSERVED ADDRESS DEBUG ===
[2026-08-26 17:45:54.978672000][th:85115848][info] GossipPubSub Local address: /ip4/0.0.0.0/tcp/54621/p2p/12D3KooWQjjEFY15Fj6buQfK1SjBeU3bji88hVdPVni1ibHcFEtK -> 0 raw observed, 0 activated+confirmed
[2026-08-26 17:45:54.978675000][th:85115848][info] GossipPubSub TOTAL: 0 raw observed addresses, 0 activated+confirmed addresses
[2026-08-26 17:45:54.978678000][th:85115848][info] GossipPubSub === END RAW OBSERVED ADDRESS DEBUG ===
[2026-08-26 17:45:54.978680000][th:85115848][info] GossipPubSub Observed addresses - all (0):
[2026-08-26 17:45:54.978682000][th:85115848][info] GossipPubSub Observed addresses - confirmed only (0):
[2026-08-26 17:45:54.978683000][th:85115848][info] GossipPubSub Relay addresses (0):
[2026-08-26 17:45:54.978686000][th:85115848][warning] GossipPubSub Failed to get addresses from peer repository: not found
[2026-08-26 17:45:54.978715000][th:85115848][info] GossipPubSub Found 1 valid network interfaces
[2026-08-26 17:45:54.978717000][th:85115848][info] GossipPubSub Current network interfaces (1):
[2026-08-26 17:45:54.978718000][th:85115848][info] GossipPubSub   -> 192.168.1.6
[2026-08-26 17:45:54.978720000][th:85115848][info] GossipPubSub Active connections: 0
[2026-08-26 17:45:54.978721000][th:85115848][info] GossipPubSub === PEER CONNECTION DETAILS ===
[2026-08-26 17:45:54.978723000][th:85115848][info] GossipPubSub NOTE: Observed addresses need to be seen by 4+ different peer groups to become 'activated'
[2026-08-26 17:45:54.978724000][th:85115848][info] GossipPubSub NOTE: Current connections: 0, so max possible observers: 0
[2026-08-26 17:45:54.978725000][th:85115848][info] GossipPubSub === END PEER CONNECTION DETAILS ===
[2026-08-26 17:45:54.978727000][th:85115848][info] GossipPubSub Connection manager stats:
[2026-08-26 17:45:54.978728000][th:85115848][info] GossipPubSub   -> Max connections: 1000
[2026-08-26 17:45:54.978729000][th:85115848][info] GossipPubSub   -> Current connections: 0
[2026-08-26 17:45:54.978731000][th:85115848][info] GossipPubSub === END NETWORK STATE ===
[2026-08-26 17:45:54.978840000][th:85115848][info] GossipPubSub /ip4/0.0.0.0/tcp/54621/p2p/12D3KooWQjjEFY15Fj6buQfK1SjBeU3bji88hVdPVni1ibHcFEtK : PubSub service started
[2026-08-26 17:45:54][info][GlobalDB] Opening database /Users/henriqueklein/gnus/SuperGenius/multi_node_finality_fault/restart-mint-validator-one/rocksdb
[2026-08-26 17:45:55][debug][GraphsyncDAGSyncer] GraphSyncer created 5075144744 
[2026-08-26 17:45:55][info][CrdtDatastore] crdt Datastore created. Number of heads: 0 Current max-height: 0
[2026-08-26 17:45:55][info][GeniusAccount] Secure storage ID path: /Users/henriqueklein/gnus/SuperGenius/multi_node_finality_fault/restart-mint-validator-one/account/secure_storage_id
[2026-08-26 17:45:55][error][GeniusAccount] Could not find existing Genius address, generating one from a random mnemonic
[2026-08-26 17:45:55][warning][UTXOManager] Found UTXOs in storage, but there were none
[2026-08-26 17:45:55][info][Blockchain] [9cee4a11] Blockchain instance created with authorized full node: 8a33bdf1
[2026-08-26 17:45:55][error][ValidatorRegistry] InitializeCache: registry content not found during cache init
[2026-08-26 17:45:55][info][CRDTCallbackManager] Successfully registered new data callback for pattern: '/?gnus-validator-registry'
[2026-08-26 17:45:55][info][ValidatorRegistry] RegisterFilter: result=true
[2026-08-26 17:45:55][info][ValidatorRegistry] New: instance ready
[2026-08-26 17:45:55.014333000][th:85115848][info] GossipPubSub /ip4/0.0.0.0/tcp/54621/p2p/12D3KooWQjjEFY15Fj6buQfK1SjBeU3bji88hVdPVni1ibHcFEtK: PubSub subscribed to topic 'gnus-validator-registry.3.7.144'
[2026-08-26 17:45:55][info][CRDTCallbackManager] Successfully registered new data callback for pattern: '^/?cert/[^/]+'
[2026-08-26 17:45:55.014355000][th:85115848][info] GossipPubSub /ip4/0.0.0.0/tcp/54621/p2p/12D3KooWQjjEFY15Fj6buQfK1SjBeU3bji88hVdPVni1ibHcFEtK: PubSub subscribed to topic 'consensus-channel-.3.7.144'
[2026-08-26 17:45:55][warning][Blockchain] [9cee4a11] Failed to request validator registry during blockchain init
[2026-08-26 17:45:55][info][CRDTCallbackManager] Successfully registered new data callback for pattern: '/?gnus-genesis-block'
[2026-08-26 17:45:55][info][CRDTCallbackManager] Successfully registered new data callback for pattern: '/?gnus-account-creation-.*'
[2026-08-26 17:45:55.014374000][th:85115848][info] GossipPubSub /ip4/0.0.0.0/tcp/54621/p2p/12D3KooWQjjEFY15Fj6buQfK1SjBeU3bji88hVdPVni1ibHcFEtK: PubSub subscribed to topic 'consensus-channel-.3.7.144#datastore.3.7.144'
[2026-08-26 17:45:55][info][CRDTCallbackManager] Successfully registered new data callback for pattern: '^/?/bc-144/tx/[^/]+'
[2026-08-26 17:45:55][info][CRDTCallbackManager] Successfully registered deleted data callback for pattern: '^/?/bc-144/tx/[^/]+'
[2026-08-26 17:45:55][info][CRDTCallbackManager] Successfully registered new data callback for pattern: '^/?/bc-963/tx/[^/]+'
[2026-08-26 17:45:55][info][CRDTCallbackManager] Successfully registered deleted data callback for pattern: '^/?/bc-963/tx/[^/]+'
[2026-08-26 17:45:55][info][CRDTCallbackManager] Successfully registered new data callback for pattern: '^/?/bc-369/tx/[^/]+'
[2026-08-26 17:45:55][info][CRDTCallbackManager] Successfully registered deleted data callback for pattern: '^/?/bc-369/tx/[^/]+'
[2026-08-26 17:45:55][info][KeyPairFileStorage] Path to keypairs multi_node_finality_fault/restart-mint-validator-two/keypair
[2026-08-26 17:45:55][info][KeyPairFileStorage] Peer ID from public key: 12D3KooWD4VeCbopHR8eGZ68XfkWqwSGqa36vrnP41HXE2BbvJM1
Current limits: 16384 (soft), 9223372036854775807 (hard)
New limits set successfully: 16384 (soft), 9223372036854775807 (hard)
Initialized relay addresses
[2026-08-26 17:45:55.015831000][th:85114896][info] GossipPubSub /ip4/0.0.0.0/tcp/54622/p2p/12D3KooWD4VeCbopHR8eGZ68XfkWqwSGqa36vrnP41HXE2BbvJM1: Starting PubSub service
[2026-08-26 17:45:55.015873000][th:85115869][info] GossipPubSub Starting address monitoring system for mobile network changes
[2026-08-26 17:45:55.015875000][th:85115869][info] GossipPubSub === CURRENT NETWORK STATE ===
[2026-08-26 17:45:55.015882000][th:85115869][info] GossipPubSub Primary listening address: /ip4/0.0.0.0/tcp/54622/p2p/12D3KooWD4VeCbopHR8eGZ68XfkWqwSGqa36vrnP41HXE2BbvJM1
[2026-08-26 17:45:55.015884000][th:85115869][info] GossipPubSub Host peer info addresses (0):
[2026-08-26 17:45:55.015886000][th:85115869][info] GossipPubSub Additional addresses we track (0):
[2026-08-26 17:45:55.015888000][th:85115869][info] GossipPubSub Listening addresses (1):
[2026-08-26 17:45:55.015890000][th:85115869][info] GossipPubSub   -> /ip4/0.0.0.0/tcp/54622/p2p/12D3KooWD4VeCbopHR8eGZ68XfkWqwSGqa36vrnP41HXE2BbvJM1
[2026-08-26 17:45:55.015891000][th:85115869][info] GossipPubSub Interface addresses (0):
[2026-08-26 17:45:55.015893000][th:85115869][info] GossipPubSub === RAW OBSERVED ADDRESS DEBUG ===
[2026-08-26 17:45:55.015896000][th:85115869][info] GossipPubSub Local address: /ip4/0.0.0.0/tcp/54622/p2p/12D3KooWD4VeCbopHR8eGZ68XfkWqwSGqa36vrnP41HXE2BbvJM1 -> 0 raw observed, 0 activated+confirmed
[2026-08-26 17:45:55.015897000][th:85115869][info] GossipPubSub TOTAL: 0 raw observed addresses, 0 activated+confirmed addresses
[2026-08-26 17:45:55.015899000][th:85115869][info] GossipPubSub === END RAW OBSERVED ADDRESS DEBUG ===
[2026-08-26 17:45:55.015900000][th:85115869][info] GossipPubSub Observed addresses - all (0):
[2026-08-26 17:45:55.015902000][th:85115869][info] GossipPubSub Observed addresses - confirmed only (0):
[2026-08-26 17:45:55.015903000][th:85115869][info] GossipPubSub Relay addresses (0):
[2026-08-26 17:45:55.015905000][th:85115869][warning] GossipPubSub Failed to get addresses from peer repository: not found
[2026-08-26 17:45:55.015934000][th:85115869][info] GossipPubSub Found 1 valid network interfaces
[2026-08-26 17:45:55.015936000][th:85115869][info] GossipPubSub Current network interfaces (1):
[2026-08-26 17:45:55.015937000][th:85115869][info] GossipPubSub   -> 192.168.1.6
[2026-08-26 17:45:55.015939000][th:85115869][info] GossipPubSub Active connections: 0
[2026-08-26 17:45:55.015941000][th:85115869][info] GossipPubSub === PEER CONNECTION DETAILS ===
[2026-08-26 17:45:55.015942000][th:85115869][info] GossipPubSub NOTE: Observed addresses need to be seen by 4+ different peer groups to become 'activated'
[2026-08-26 17:45:55.015943000][th:85115869][info] GossipPubSub NOTE: Current connections: 0, so max possible observers: 0
[2026-08-26 17:45:55.015945000][th:85115869][info] GossipPubSub === END PEER CONNECTION DETAILS ===
[2026-08-26 17:45:55.015946000][th:85115869][info] GossipPubSub Connection manager stats:
[2026-08-26 17:45:55.015948000][th:85115869][info] GossipPubSub   -> Max connections: 1000
[2026-08-26 17:45:55.015949000][th:85115869][info] GossipPubSub   -> Current connections: 0
[2026-08-26 17:45:55.015950000][th:85115869][info] GossipPubSub === END NETWORK STATE ===
[2026-08-26 17:45:55.016064000][th:85115869][info] GossipPubSub /ip4/0.0.0.0/tcp/54622/p2p/12D3KooWD4VeCbopHR8eGZ68XfkWqwSGqa36vrnP41HXE2BbvJM1 : PubSub service started
[2026-08-26 17:45:55][info][GlobalDB] Opening database /Users/henriqueklein/gnus/SuperGenius/multi_node_finality_fault/restart-mint-validator-two/rocksdb
[2026-08-26 17:45:55][debug][GraphsyncDAGSyncer] GraphSyncer created 5066119144 
[2026-08-26 17:45:55][info][CrdtDatastore] crdt Datastore created. Number of heads: 0 Current max-height: 0
[2026-08-26 17:45:55][info][GeniusAccount] Secure storage ID path: /Users/henriqueklein/gnus/SuperGenius/multi_node_finality_fault/restart-mint-validator-two/account/secure_storage_id
[2026-08-26 17:45:55][error][GeniusAccount] Could not find existing Genius address, generating one from a random mnemonic
[2026-08-26 17:45:55][warning][UTXOManager] Found UTXOs in storage, but there were none
[2026-08-26 17:45:55][info][Blockchain] [7c036cce] Blockchain instance created with authorized full node: 8a33bdf1
[2026-08-26 17:45:55][error][ValidatorRegistry] InitializeCache: registry content not found during cache init
[2026-08-26 17:45:55][info][CRDTCallbackManager] Successfully registered new data callback for pattern: '/?gnus-validator-registry'
[2026-08-26 17:45:55][info][ValidatorRegistry] RegisterFilter: result=true
[2026-08-26 17:45:55][info][ValidatorRegistry] New: instance ready
[2026-08-26 17:45:55][info][CRDTCallbackManager] Successfully registered new data callback for pattern: '^/?cert/[^/]+'
[2026-08-26 17:45:55.049465000][th:85115869][info] GossipPubSub /ip4/0.0.0.0/tcp/54622/p2p/12D3KooWD4VeCbopHR8eGZ68XfkWqwSGqa36vrnP41HXE2BbvJM1: PubSub subscribed to topic 'gnus-validator-registry.3.7.144'
[2026-08-26 17:45:55][warning][Blockchain] [7c036cce] Failed to request validator registry during blockchain init
[2026-08-26 17:45:55][info][CRDTCallbackManager] Successfully registered new data callback for pattern: '/?gnus-genesis-block'
[2026-08-26 17:45:55][info][CRDTCallbackManager] Successfully registered new data callback for pattern: '/?gnus-account-creation-.*'
[2026-08-26 17:45:55.049522000][th:85115869][info] GossipPubSub /ip4/0.0.0.0/tcp/54622/p2p/12D3KooWD4VeCbopHR8eGZ68XfkWqwSGqa36vrnP41HXE2BbvJM1: PubSub subscribed to topic 'consensus-channel-.3.7.144'
[2026-08-26 17:45:55.049554000][th:85115869][info] GossipPubSub /ip4/0.0.0.0/tcp/54622/p2p/12D3KooWD4VeCbopHR8eGZ68XfkWqwSGqa36vrnP41HXE2BbvJM1: PubSub subscribed to topic 'consensus-channel-.3.7.144#datastore.3.7.144'
[2026-08-26 17:45:55][info][CRDTCallbackManager] Successfully registered new data callback for pattern: '^/?/bc-144/tx/[^/]+'
[2026-08-26 17:45:55][info][CRDTCallbackManager] Successfully registered deleted data callback for pattern: '^/?/bc-144/tx/[^/]+'
[2026-08-26 17:45:55][info][CRDTCallbackManager] Successfully registered new data callback for pattern: '^/?/bc-963/tx/[^/]+'
[2026-08-26 17:45:55][info][CRDTCallbackManager] Successfully registered deleted data callback for pattern: '^/?/bc-963/tx/[^/]+'
[2026-08-26 17:45:55][info][CRDTCallbackManager] Successfully registered new data callback for pattern: '^/?/bc-369/tx/[^/]+'
[2026-08-26 17:45:55][info][CRDTCallbackManager] Successfully registered deleted data callback for pattern: '^/?/bc-369/tx/[^/]+'
[2026-08-26 17:45:55][info][KeyPairFileStorage] Path to keypairs multi_node_finality_fault/restart-mint-validator-three/keypair
[2026-08-26 17:45:55][info][KeyPairFileStorage] Peer ID from public key: 12D3KooWP3i37UErCPXansxRhgXJJyn7kfP7hFQfrkkUAXt2Kdyp
Current limits: 16384 (soft), 9223372036854775807 (hard)
New limits set successfully: 16384 (soft), 9223372036854775807 (hard)
Initialized relay addresses
[2026-08-26 17:45:55.051132000][th:85114896][info] GossipPubSub /ip4/0.0.0.0/tcp/54623/p2p/12D3KooWP3i37UErCPXansxRhgXJJyn7kfP7hFQfrkkUAXt2Kdyp: Starting PubSub service
[2026-08-26 17:45:55.051181000][th:85115895][info] GossipPubSub Starting address monitoring system for mobile network changes
[2026-08-26 17:45:55.051184000][th:85115895][info] GossipPubSub === CURRENT NETWORK STATE ===
[2026-08-26 17:45:55.051190000][th:85115895][info] GossipPubSub Primary listening address: /ip4/0.0.0.0/tcp/54623/p2p/12D3KooWP3i37UErCPXansxRhgXJJyn7kfP7hFQfrkkUAXt2Kdyp
[2026-08-26 17:45:55.051192000][th:85115895][info] GossipPubSub Host peer info addresses (0):
[2026-08-26 17:45:55.051194000][th:85115895][info] GossipPubSub Additional addresses we track (0):
[2026-08-26 17:45:55.051196000][th:85115895][info] GossipPubSub Listening addresses (1):
[2026-08-26 17:45:55.051198000][th:85115895][info] GossipPubSub   -> /ip4/0.0.0.0/tcp/54623/p2p/12D3KooWP3i37UErCPXansxRhgXJJyn7kfP7hFQfrkkUAXt2Kdyp
[2026-08-26 17:45:55.051200000][th:85115895][info] GossipPubSub Interface addresses (0):
[2026-08-26 17:45:55.051202000][th:85115895][info] GossipPubSub === RAW OBSERVED ADDRESS DEBUG ===
[2026-08-26 17:45:55.051204000][th:85115895][info] GossipPubSub Local address: /ip4/0.0.0.0/tcp/54623/p2p/12D3KooWP3i37UErCPXansxRhgXJJyn7kfP7hFQfrkkUAXt2Kdyp -> 0 raw observed, 0 activated+confirmed
[2026-08-26 17:45:55.051206000][th:85115895][info] GossipPubSub TOTAL: 0 raw observed addresses, 0 activated+confirmed addresses
[2026-08-26 17:45:55.051207000][th:85115895][info] GossipPubSub === END RAW OBSERVED ADDRESS DEBUG ===
[2026-08-26 17:45:55.051209000][th:85115895][info] GossipPubSub Observed addresses - all (0):
[2026-08-26 17:45:55.051210000][th:85115895][info] GossipPubSub Observed addresses - confirmed only (0):
[2026-08-26 17:45:55.051212000][th:85115895][info] GossipPubSub Relay addresses (0):
[2026-08-26 17:45:55.051214000][th:85115895][warning] GossipPubSub Failed to get addresses from peer repository: not found
[2026-08-26 17:45:55.051242000][th:85115895][info] GossipPubSub Found 1 valid network interfaces
[2026-08-26 17:45:55.051244000][th:85115895][info] GossipPubSub Current network interfaces (1):
[2026-08-26 17:45:55.051245000][th:85115895][info] GossipPubSub   -> 192.168.1.6
[2026-08-26 17:45:55.051247000][th:85115895][info] GossipPubSub Active connections: 0
[2026-08-26 17:45:55.051248000][th:85115895][info] GossipPubSub === PEER CONNECTION DETAILS ===
[2026-08-26 17:45:55.051250000][th:85115895][info] GossipPubSub NOTE: Observed addresses need to be seen by 4+ different peer groups to become 'activated'
[2026-08-26 17:45:55.051251000][th:85115895][info] GossipPubSub NOTE: Current connections: 0, so max possible observers: 0
[2026-08-26 17:45:55.051253000][th:85115895][info] GossipPubSub === END PEER CONNECTION DETAILS ===
[2026-08-26 17:45:55.051254000][th:85115895][info] GossipPubSub Connection manager stats:
[2026-08-26 17:45:55.051256000][th:85115895][info] GossipPubSub   -> Max connections: 1000
[2026-08-26 17:45:55.051257000][th:85115895][info] GossipPubSub   -> Current connections: 0
[2026-08-26 17:45:55.051258000][th:85115895][info] GossipPubSub === END NETWORK STATE ===
[2026-08-26 17:45:55.051382000][th:85115895][info] GossipPubSub /ip4/0.0.0.0/tcp/54623/p2p/12D3KooWP3i37UErCPXansxRhgXJJyn7kfP7hFQfrkkUAXt2Kdyp : PubSub service started
[2026-08-26 17:45:55][info][GlobalDB] Opening database /Users/henriqueklein/gnus/SuperGenius/multi_node_finality_fault/restart-mint-validator-three/rocksdb
[2026-08-26 17:45:55][debug][GraphsyncDAGSyncer] GraphSyncer created 5064889112 
[2026-08-26 17:45:55][info][CrdtDatastore] crdt Datastore created. Number of heads: 0 Current max-height: 0
[2026-08-26 17:45:55][info][GeniusAccount] Secure storage ID path: /Users/henriqueklein/gnus/SuperGenius/multi_node_finality_fault/restart-mint-validator-three/account/secure_storage_id
[2026-08-26 17:45:55][error][GeniusAccount] Could not find existing Genius address, generating one from a random mnemonic
[2026-08-26 17:45:55][warning][UTXOManager] Found UTXOs in storage, but there were none
[2026-08-26 17:45:55][info][Blockchain] [64e401ba] Blockchain instance created with authorized full node: 8a33bdf1
[2026-08-26 17:45:55][error][ValidatorRegistry] InitializeCache: registry content not found during cache init
[2026-08-26 17:45:55][info][CRDTCallbackManager] Successfully registered new data callback for pattern: '/?gnus-validator-registry'
[2026-08-26 17:45:55][info][ValidatorRegistry] RegisterFilter: result=true
[2026-08-26 17:45:55][info][ValidatorRegistry] New: instance ready
[2026-08-26 17:45:55.091070000][th:85115895][info] GossipPubSub /ip4/0.0.0.0/tcp/54623/p2p/12D3KooWP3i37UErCPXansxRhgXJJyn7kfP7hFQfrkkUAXt2Kdyp: PubSub subscribed to topic 'gnus-validator-registry.3.7.144'
[2026-08-26 17:45:55][info][CRDTCallbackManager] Successfully registered new data callback for pattern: '^/?cert/[^/]+'
[2026-08-26 17:45:55.091103000][th:85115895][info] GossipPubSub /ip4/0.0.0.0/tcp/54623/p2p/12D3KooWP3i37UErCPXansxRhgXJJyn7kfP7hFQfrkkUAXt2Kdyp: PubSub subscribed to topic 'consensus-channel-.3.7.144'
[2026-08-26 17:45:55][warning][Blockchain] [64e401ba] Failed to request validator registry during blockchain init
[2026-08-26 17:45:55][info][CRDTCallbackManager] Successfully registered new data callback for pattern: '/?gnus-genesis-block'
[2026-08-26 17:45:55][info][CRDTCallbackManager] Successfully registered new data callback for pattern: '/?gnus-account-creation-.*'
[2026-08-26 17:45:55.091123000][th:85115895][info] GossipPubSub /ip4/0.0.0.0/tcp/54623/p2p/12D3KooWP3i37UErCPXansxRhgXJJyn7kfP7hFQfrkkUAXt2Kdyp: PubSub subscribed to topic 'consensus-channel-.3.7.144#datastore.3.7.144'
[2026-08-26 17:45:55][info][CRDTCallbackManager] Successfully registered new data callback for pattern: '^/?/bc-144/tx/[^/]+'
[2026-08-26 17:45:55][info][CRDTCallbackManager] Successfully registered deleted data callback for pattern: '^/?/bc-144/tx/[^/]+'
[2026-08-26 17:45:55][info][CRDTCallbackManager] Successfully registered new data callback for pattern: '^/?/bc-963/tx/[^/]+'
[2026-08-26 17:45:55][info][CRDTCallbackManager] Successfully registered deleted data callback for pattern: '^/?/bc-963/tx/[^/]+'
[2026-08-26 17:45:55][info][CRDTCallbackManager] Successfully registered new data callback for pattern: '^/?/bc-369/tx/[^/]+'
[2026-08-26 17:45:55][info][CRDTCallbackManager] Successfully registered deleted data callback for pattern: '^/?/bc-369/tx/[^/]+'
[2026-08-26 17:45:55][info][KeyPairFileStorage] Path to keypairs multi_node_finality_fault/restart-mint-passive/keypair
[2026-08-26 17:45:55][info][KeyPairFileStorage] Peer ID from public key: 12D3KooWAHs4cqDAaiH71K4YuuPd7jGMZGSfkgbWrZcJ4oVseRAq
Current limits: 16384 (soft), 9223372036854775807 (hard)
New limits set successfully: 16384 (soft), 9223372036854775807 (hard)
Initialized relay addresses
[2026-08-26 17:45:55.092671000][th:85114896][info] GossipPubSub /ip4/0.0.0.0/tcp/54624/p2p/12D3KooWAHs4cqDAaiH71K4YuuPd7jGMZGSfkgbWrZcJ4oVseRAq: Starting PubSub service
[2026-08-26 17:45:55.092718000][th:85115918][info] GossipPubSub Starting address monitoring system for mobile network changes
[2026-08-26 17:45:55.092721000][th:85115918][info] GossipPubSub === CURRENT NETWORK STATE ===
[2026-08-26 17:45:55.092727000][th:85115918][info] GossipPubSub Primary listening address: /ip4/0.0.0.0/tcp/54624/p2p/12D3KooWAHs4cqDAaiH71K4YuuPd7jGMZGSfkgbWrZcJ4oVseRAq
[2026-08-26 17:45:55.092729000][th:85115918][info] GossipPubSub Host peer info addresses (0):
[2026-08-26 17:45:55.092732000][th:85115918][info] GossipPubSub Additional addresses we track (0):
[2026-08-26 17:45:55.092734000][th:85115918][info] GossipPubSub Listening addresses (1):
[2026-08-26 17:45:55.092736000][th:85115918][info] GossipPubSub   -> /ip4/0.0.0.0/tcp/54624/p2p/12D3KooWAHs4cqDAaiH71K4YuuPd7jGMZGSfkgbWrZcJ4oVseRAq
[2026-08-26 17:45:55.092737000][th:85115918][info] GossipPubSub Interface addresses (0):
[2026-08-26 17:45:55.092739000][th:85115918][info] GossipPubSub === RAW OBSERVED ADDRESS DEBUG ===
[2026-08-26 17:45:55.092741000][th:85115918][info] GossipPubSub Local address: /ip4/0.0.0.0/tcp/54624/p2p/12D3KooWAHs4cqDAaiH71K4YuuPd7jGMZGSfkgbWrZcJ4oVseRAq -> 0 raw observed, 0 activated+confirmed
[2026-08-26 17:45:55.092743000][th:85115918][info] GossipPubSub TOTAL: 0 raw observed addresses, 0 activated+confirmed addresses
[2026-08-26 17:45:55.092745000][th:85115918][info] GossipPubSub === END RAW OBSERVED ADDRESS DEBUG ===
[2026-08-26 17:45:55.092746000][th:85115918][info] GossipPubSub Observed addresses - all (0):
[2026-08-26 17:45:55.092748000][th:85115918][info] GossipPubSub Observed addresses - confirmed only (0):
[2026-08-26 17:45:55.092750000][th:85115918][info] GossipPubSub Relay addresses (0):
[2026-08-26 17:45:55.092752000][th:85115918][warning] GossipPubSub Failed to get addresses from peer repository: not found
[2026-08-26 17:45:55.092782000][th:85115918][info] GossipPubSub Found 1 valid network interfaces
[2026-08-26 17:45:55.092784000][th:85115918][info] GossipPubSub Current network interfaces (1):
[2026-08-26 17:45:55.092786000][th:85115918][info] GossipPubSub   -> 192.168.1.6
[2026-08-26 17:45:55.092788000][th:85115918][info] GossipPubSub Active connections: 0
[2026-08-26 17:45:55.092789000][th:85115918][info] GossipPubSub === PEER CONNECTION DETAILS ===
[2026-08-26 17:45:55.092791000][th:85115918][info] GossipPubSub NOTE: Observed addresses need to be seen by 4+ different peer groups to become 'activated'
[2026-08-26 17:45:55.092792000][th:85115918][info] GossipPubSub NOTE: Current connections: 0, so max possible observers: 0
[2026-08-26 17:45:55.092794000][th:85115918][info] GossipPubSub === END PEER CONNECTION DETAILS ===
[2026-08-26 17:45:55.092796000][th:85115918][info] GossipPubSub Connection manager stats:
[2026-08-26 17:45:55.092797000][th:85115918][info] GossipPubSub   -> Max connections: 1000
[2026-08-26 17:45:55.092799000][th:85115918][info] GossipPubSub   -> Current connections: 0
[2026-08-26 17:45:55.092800000][th:85115918][info] GossipPubSub === END NETWORK STATE ===
[2026-08-26 17:45:55.092917000][th:85115918][info] GossipPubSub /ip4/0.0.0.0/tcp/54624/p2p/12D3KooWAHs4cqDAaiH71K4YuuPd7jGMZGSfkgbWrZcJ4oVseRAq : PubSub service started
[2026-08-26 17:45:55][info][GlobalDB] Opening database /Users/henriqueklein/gnus/SuperGenius/multi_node_finality_fault/restart-mint-passive/rocksdb
[2026-08-26 17:45:55][debug][GraphsyncDAGSyncer] GraphSyncer created 5064895784 
[2026-08-26 17:45:55][info][CrdtDatastore] crdt Datastore created. Number of heads: 0 Current max-height: 0
[2026-08-26 17:45:55][info][GeniusAccount] Secure storage ID path: /Users/henriqueklein/gnus/SuperGenius/multi_node_finality_fault/restart-mint-passive/account/secure_storage_id
[2026-08-26 17:45:55][error][GeniusAccount] Could not find existing Genius address, generating one from a random mnemonic
[2026-08-26 17:45:55][warning][UTXOManager] Found UTXOs in storage, but there were none
[2026-08-26 17:45:55][info][Blockchain] [4572d4a1] Blockchain instance created with authorized full node: 8a33bdf1
[2026-08-26 17:45:55][error][ValidatorRegistry] InitializeCache: registry content not found during cache init
[2026-08-26 17:45:55][info][CRDTCallbackManager] Successfully registered new data callback for pattern: '/?gnus-validator-registry'
[2026-08-26 17:45:55][info][ValidatorRegistry] RegisterFilter: result=true
[2026-08-26 17:45:55][info][ValidatorRegistry] New: instance ready
[2026-08-26 17:45:55.130546000][th:85115918][info] GossipPubSub /ip4/0.0.0.0/tcp/54624/p2p/12D3KooWAHs4cqDAaiH71K4YuuPd7jGMZGSfkgbWrZcJ4oVseRAq: PubSub subscribed to topic 'gnus-validator-registry.3.7.144'
[2026-08-26 17:45:55][info][CRDTCallbackManager] Successfully registered new data callback for pattern: '^/?cert/[^/]+'
[2026-08-26 17:45:55.130571000][th:85115918][info] GossipPubSub /ip4/0.0.0.0/tcp/54624/p2p/12D3KooWAHs4cqDAaiH71K4YuuPd7jGMZGSfkgbWrZcJ4oVseRAq: PubSub subscribed to topic 'consensus-channel-.3.7.144'
[2026-08-26 17:45:55][warning][Blockchain] [4572d4a1] Failed to request validator registry during blockchain init
[2026-08-26 17:45:55][info][CRDTCallbackManager] Successfully registered new data callback for pattern: '/?gnus-genesis-block'
[2026-08-26 17:45:55.130590000][th:85115918][info] GossipPubSub /ip4/0.0.0.0/tcp/54624/p2p/12D3KooWAHs4cqDAaiH71K4YuuPd7jGMZGSfkgbWrZcJ4oVseRAq: PubSub subscribed to topic 'consensus-channel-.3.7.144#datastore.3.7.144'
[2026-08-26 17:45:55][info][CRDTCallbackManager] Successfully registered new data callback for pattern: '/?gnus-account-creation-.*'
[2026-08-26 17:45:55][info][CRDTCallbackManager] Successfully registered new data callback for pattern: '^/?/bc-144/tx/[^/]+'
[2026-08-26 17:45:55][info][CRDTCallbackManager] Successfully registered deleted data callback for pattern: '^/?/bc-144/tx/[^/]+'
[2026-08-26 17:45:55][info][CRDTCallbackManager] Successfully registered new data callback for pattern: '^/?/bc-963/tx/[^/]+'
[2026-08-26 17:45:55][info][CRDTCallbackManager] Successfully registered deleted data callback for pattern: '^/?/bc-963/tx/[^/]+'
[2026-08-26 17:45:55][info][CRDTCallbackManager] Successfully registered new data callback for pattern: '^/?/bc-369/tx/[^/]+'
[2026-08-26 17:45:55][info][CRDTCallbackManager] Successfully registered deleted data callback for pattern: '^/?/bc-369/tx/[^/]+'
[2026-08-26 17:45:55][info][CrdtDatastore] Topics { name="gnus-validator-registry" }
[2026-08-26 17:45:55][info][CRDTCallbackManager] Executing callback for key '/gnus-validator-registry' matching pattern '/?gnus-validator-registry'
[2026-08-26 17:45:55][info][ValidatorRegistry] RegistryUpdateReceived: cache updated and initialized
[2026-08-26 17:45:55][debug][GraphsyncDAGSyncer] addNode: Added node QmUfuAnpdPcoey3UoQ4Emaj7BUpzswmv1c92xV43aRqoch on dagService 
[2026-08-26 17:45:55][info][ValidatorRegistry] StoreRegistryUpdate: stored registry update CID QmUfuAnpdPcoey3UoQ4Emaj7BUpzswmv1c92xV43aRqoch
[2026-08-26 17:45:55][info][ValidatorRegistry] StoreRegistryUpdate: success
[2026-08-26 17:45:55][info][CrdtDatastore] Topics { name="gnus-validator-registry" }
[2026-08-26 17:45:55][info][CRDTCallbackManager] Executing callback for key '/gnus-validator-registry' matching pattern '/?gnus-validator-registry'
[2026-08-26 17:45:55][info][ValidatorRegistry] RegistryUpdateReceived: cache updated and initialized
[2026-08-26 17:45:55][debug][GraphsyncDAGSyncer] addNode: Added node QmUfuAnpdPcoey3UoQ4Emaj7BUpzswmv1c92xV43aRqoch on dagService 
[2026-08-26 17:45:55][info][ValidatorRegistry] StoreRegistryUpdate: stored registry update CID QmUfuAnpdPcoey3UoQ4Emaj7BUpzswmv1c92xV43aRqoch
[2026-08-26 17:45:55][info][ValidatorRegistry] StoreRegistryUpdate: success
[2026-08-26 17:45:55][info][CrdtDatastore] Topics { name="gnus-validator-registry" }
[2026-08-26 17:45:55][info][CRDTCallbackManager] Executing callback for key '/gnus-validator-registry' matching pattern '/?gnus-validator-registry'
[2026-08-26 17:45:55][info][ValidatorRegistry] RegistryUpdateReceived: cache updated and initialized
[2026-08-26 17:45:55][debug][GraphsyncDAGSyncer] addNode: Added node QmUfuAnpdPcoey3UoQ4Emaj7BUpzswmv1c92xV43aRqoch on dagService 
[2026-08-26 17:45:55][info][ValidatorRegistry] StoreRegistryUpdate: stored registry update CID QmUfuAnpdPcoey3UoQ4Emaj7BUpzswmv1c92xV43aRqoch
[2026-08-26 17:45:55][info][ValidatorRegistry] StoreRegistryUpdate: success
[2026-08-26 17:45:55][info][CrdtDatastore] Topics { name="gnus-validator-registry" }
[2026-08-26 17:45:55][info][CRDTCallbackManager] Executing callback for key '/gnus-validator-registry' matching pattern '/?gnus-validator-registry'
[2026-08-26 17:45:55][info][ValidatorRegistry] RegistryUpdateReceived: cache updated and initialized
[2026-08-26 17:45:55][debug][GraphsyncDAGSyncer] addNode: Added node QmUfuAnpdPcoey3UoQ4Emaj7BUpzswmv1c92xV43aRqoch on dagService 
[2026-08-26 17:45:55][info][ValidatorRegistry] StoreRegistryUpdate: stored registry update CID QmUfuAnpdPcoey3UoQ4Emaj7BUpzswmv1c92xV43aRqoch
[2026-08-26 17:45:55][info][ValidatorRegistry] StoreRegistryUpdate: success
[2026-08-26 17:45:55.171959000][th:85115848][info] GossipPubSub Adding new peer: 12D3KooWD4VeCbopHR8eGZ68XfkWqwSGqa36vrnP41HXE2BbvJM1
[2026-08-26 17:45:55.172010000][th:85115848][info] GossipPubSub Adding new peer: 12D3KooWP3i37UErCPXansxRhgXJJyn7kfP7hFQfrkkUAXt2Kdyp
[2026-08-26 17:45:55.172049000][th:85115848][info] GossipPubSub Adding new peer: 12D3KooWAHs4cqDAaiH71K4YuuPd7jGMZGSfkgbWrZcJ4oVseRAq
[2026-08-26 17:45:55.172062000][th:85115869][info] GossipPubSub Adding new peer: 12D3KooWQjjEFY15Fj6buQfK1SjBeU3bji88hVdPVni1ibHcFEtK
[2026-08-26 17:45:55.172109000][th:85115869][info] GossipPubSub Adding new peer: 12D3KooWP3i37UErCPXansxRhgXJJyn7kfP7hFQfrkkUAXt2Kdyp
[2026-08-26 17:45:55.172149000][th:85115869][info] GossipPubSub Adding new peer: 12D3KooWAHs4cqDAaiH71K4YuuPd7jGMZGSfkgbWrZcJ4oVseRAq
[2026-08-26 17:45:55.172163000][th:85115895][info] GossipPubSub Adding new peer: 12D3KooWQjjEFY15Fj6buQfK1SjBeU3bji88hVdPVni1ibHcFEtK
[2026-08-26 17:45:55.172209000][th:85115895][info] GossipPubSub Adding new peer: 12D3KooWD4VeCbopHR8eGZ68XfkWqwSGqa36vrnP41HXE2BbvJM1
[2026-08-26 17:45:55.172248000][th:85115895][info] GossipPubSub Adding new peer: 12D3KooWAHs4cqDAaiH71K4YuuPd7jGMZGSfkgbWrZcJ4oVseRAq
[2026-08-26 17:45:55.172253000][th:85115918][info] GossipPubSub Adding new peer: 12D3KooWQjjEFY15Fj6buQfK1SjBeU3bji88hVdPVni1ibHcFEtK
[2026-08-26 17:45:55.172285000][th:85115918][info] GossipPubSub Adding new peer: 12D3KooWD4VeCbopHR8eGZ68XfkWqwSGqa36vrnP41HXE2BbvJM1
[2026-08-26 17:45:55.172318000][th:85115918][info] GossipPubSub Adding new peer: 12D3KooWP3i37UErCPXansxRhgXJJyn7kfP7hFQfrkkUAXt2Kdyp
[2026-08-26 17:45:55][info][TransactionManager] [9cee4a11 - full: false] ChangeTransactionState: Temp tracking entry created tx=91209082e509c0380f7943f80f08948d47509ec012fb5e9621c822433480c852
[2026-08-26 17:45:55][info][TransactionManager] [4572d4a1 - full: false] ChangeTransactionState: Temp tracking entry created tx=91209082e509c0380f7943f80f08948d47509ec012fb5e9621c822433480c852
[2026-08-26 17:45:55][info][TransactionManager] [7c036cce - full: false] ChangeTransactionState: Temp tracking entry created tx=91209082e509c0380f7943f80f08948d47509ec012fb5e9621c822433480c852
[2026-08-26 17:45:55][info][TransactionManager] [64e401ba - full: false] ChangeTransactionState: Temp tracking entry created tx=91209082e509c0380f7943f80f08948d47509ec012fb5e9621c822433480c852
[2026-08-26 17:45:57][error][ConsensusManager] HandleVote: ignored: proposal has not won frozen slot arbitration proposal_id=e4072084
[2026-08-26 17:45:57][error][ConsensusManager] HandleVote: ignored: proposal has not won frozen slot arbitration proposal_id=e4072084
[2026-08-26 17:45:57][error][ConsensusManager] HandleVote: ignored: proposal has not won frozen slot arbitration proposal_id=e4072084
[2026-08-26 17:45:57][error][ConsensusManager] HandleVote: ignored: proposal has not won frozen slot arbitration proposal_id=e4072084
[2026-08-26 17:45:59][info][CrdtDatastore] Topics { name="consensus-channel-.3.7.144#datastore" }
[2026-08-26 17:45:59][info][CRDTCallbackManager] Executing callback for key '/cert/mint-v2:test:0000000000000000000000000000000000000000000000000000000000000000:42:9cee4a1192793cc4b5091983688da2c350a41b3963f6570709b223283d03e460b859941672616dd24c9ff59caa6b7a9247fb3b3b714160101046d3bdd25c2a44:cccccccccccccccccccccccccccccccccccccccccccccccccccccccccccccccc' matching pattern '^/?cert/[^/]+'
[2026-08-26 17:45:59][debug][GraphsyncDAGSyncer] addNode: Added node QmQ9bd3BpEu1ghzVbdCmHViTHVrZxSLUzv28qsSPM9ApZa on dagService 
[2026-08-26 17:45:59][info][UTXOManager] Stored 1 UTXOs for address 9cee4a1192793cc4b5091983688da2c350a41b3963f6570709b223283d03e460b859941672616dd24c9ff59caa6b7a9247fb3b3b714160101046d3bdd25c2a44
[2026-08-26 17:45:59][info][UTXOManager] Stored 2 UTXOs for address 9cee4a1192793cc4b5091983688da2c350a41b3963f6570709b223283d03e460b859941672616dd24c9ff59caa6b7a9247fb3b3b714160101046d3bdd25c2a44
[2026-08-26 17:45:59][info][TransactionManager] [7c036cce - full: false] Created tokens (mint-v2), amount 42 balance 0
[2026-08-26 17:45:59][info][TransactionManager] [7c036cce - full: false] ChangeTransactionState: Tracking entry confirmed tx=91209082e509c0380f7943f80f08948d47509ec012fb5e9621c822433480c852
[2026-08-26 17:45:59][info][UTXOManager] Created checkpoint owner=7c036ccec1a213b3620aece736caadd2c49ace4750d56bc39d05fa51e448ad1fcab9c67d30625200cf574261167b2a224e956e6d94e63952cdabd5b8787b47a2 epoch=1 utxo_count=0
[2026-08-26 17:45:59][debug][GraphsyncDAGSyncer] Registered new peer 12D3KooWD4VeCbopHR8eGZ68XfkWqwSGqa36vrnP41HXE2BbvJM1 with key 0
[2026-08-26 17:45:59][debug][GraphsyncDAGSyncer] Added route for CID QmQ9bd3BpEu1ghzVbdCmHViTHVrZxSLUzv28qsSPM9ApZa to peer 12D3KooWD4VeCbopHR8eGZ68XfkWqwSGqa36vrnP41HXE2BbvJM1 (key 0, route_count=1)
[2026-08-26 17:45:59][debug][GraphsyncDAGSyncer] Registered new peer 12D3KooWD4VeCbopHR8eGZ68XfkWqwSGqa36vrnP41HXE2BbvJM1 with key 0
[2026-08-26 17:45:59][debug][GraphsyncDAGSyncer] Added route for CID QmQ9bd3BpEu1ghzVbdCmHViTHVrZxSLUzv28qsSPM9ApZa to peer 12D3KooWD4VeCbopHR8eGZ68XfkWqwSGqa36vrnP41HXE2BbvJM1 (key 0, route_count=1)
[2026-08-26 17:45:59][debug][GraphsyncDAGSyncer] Registered new peer 12D3KooWD4VeCbopHR8eGZ68XfkWqwSGqa36vrnP41HXE2BbvJM1 with key 0
[2026-08-26 17:45:59][debug][GraphsyncDAGSyncer] Added route for CID QmQ9bd3BpEu1ghzVbdCmHViTHVrZxSLUzv28qsSPM9ApZa to peer 12D3KooWD4VeCbopHR8eGZ68XfkWqwSGqa36vrnP41HXE2BbvJM1 (key 0, route_count=1)
[2026-08-26 17:46:00][debug][GraphsyncDAGSyncer] Block initialized without content to LRU cache: CID QmQ9bd3BpEu1ghzVbdCmHViTHVrZxSLUzv28qsSPM9ApZa, cache size: 1
[2026-08-26 17:46:00][debug][GraphsyncDAGSyncer] Requesting Node QmQ9bd3BpEu1ghzVbdCmHViTHVrZxSLUzv28qsSPM9ApZa on this 5075144744
[2026-08-26 17:46:00][debug][GraphsyncDAGSyncer] Return node for CID QmQ9bd3BpEu1ghzVbdCmHViTHVrZxSLUzv28qsSPM9ApZa instance=5066119144
[2026-08-26 17:46:00.055922000][th:85115848][warning] graphsync Request 1 for CID QmQ9bd3BpEu1ghzVbdCmHViTHVrZxSLUzv28qsSPM9ApZa got RS_FULL_CONTENT but no blocks received yet
[2026-08-26 17:46:00][debug][GraphsyncDAGSyncer] request progress: code=FULL_CONTENT, extensions=(graphsync/do-not-send-cids: 0x80) (graphsync/response-metadata: 0x80) 
[2026-08-26 17:46:00][debug][GraphsyncDAGSyncer] HasBlock: false, cid: QmQ9bd3BpEu1ghzVbdCmHViTHVrZxSLUzv28qsSPM9ApZa
[2026-08-26 17:46:00][debug][GraphsyncDAGSyncer] Existing block updated in LRU cache: CID QmQ9bd3BpEu1ghzVbdCmHViTHVrZxSLUzv28qsSPM9ApZa
[2026-08-26 17:46:00][debug][GraphsyncDAGSyncer] Node added to dagService. CID: QmQ9bd3BpEu1ghzVbdCmHViTHVrZxSLUzv28qsSPM9ApZa, links: []
[2026-08-26 17:46:00][debug][GraphsyncDAGSyncer] Seeing if peer 12D3KooWD4VeCbopHR8eGZ68XfkWqwSGqa36vrnP41HXE2BbvJM1 has links to AddRoute
[2026-08-26 17:46:00][info][GraphsyncDAGSyncer] TraverseCIDsLinks: Checking links on { cid="QmQ9bd3BpEu1ghzVbdCmHViTHVrZxSLUzv28qsSPM9ApZa", name="" }
[2026-08-26 17:46:00][info][GraphsyncDAGSyncer] TraverseCIDsLinks: Completed traversal. Links to fetch: 0, Visited: 0
[2026-08-26 17:46:00][debug][GraphsyncDAGSyncer] Block initialized without content to LRU cache: CID QmQ9bd3BpEu1ghzVbdCmHViTHVrZxSLUzv28qsSPM9ApZa, cache size: 1
[2026-08-26 17:46:00][debug][GraphsyncDAGSyncer] Requesting Node QmQ9bd3BpEu1ghzVbdCmHViTHVrZxSLUzv28qsSPM9ApZa on this 5064889112
[2026-08-26 17:46:00][debug][GraphsyncDAGSyncer] Return node for CID QmQ9bd3BpEu1ghzVbdCmHViTHVrZxSLUzv28qsSPM9ApZa instance=5066119144
[2026-08-26 17:46:00.127984000][th:85115895][warning] graphsync Request 1 for CID QmQ9bd3BpEu1ghzVbdCmHViTHVrZxSLUzv28qsSPM9ApZa got RS_FULL_CONTENT but no blocks received yet
[2026-08-26 17:46:00][debug][GraphsyncDAGSyncer] request progress: code=FULL_CONTENT, extensions=(graphsync/response-metadata: 0x80) (graphsync/do-not-send-cids: 0x80) 
[2026-08-26 17:46:00][debug][GraphsyncDAGSyncer] HasBlock: false, cid: QmQ9bd3BpEu1ghzVbdCmHViTHVrZxSLUzv28qsSPM9ApZa
[2026-08-26 17:46:00][debug][GraphsyncDAGSyncer] Existing block updated in LRU cache: CID QmQ9bd3BpEu1ghzVbdCmHViTHVrZxSLUzv28qsSPM9ApZa
[2026-08-26 17:46:00][debug][GraphsyncDAGSyncer] Node added to dagService. CID: QmQ9bd3BpEu1ghzVbdCmHViTHVrZxSLUzv28qsSPM9ApZa, links: []
[2026-08-26 17:46:00][debug][GraphsyncDAGSyncer] Seeing if peer 12D3KooWD4VeCbopHR8eGZ68XfkWqwSGqa36vrnP41HXE2BbvJM1 has links to AddRoute
[2026-08-26 17:46:00][info][GraphsyncDAGSyncer] TraverseCIDsLinks: Checking links on { cid="QmQ9bd3BpEu1ghzVbdCmHViTHVrZxSLUzv28qsSPM9ApZa", name="" }
[2026-08-26 17:46:00][info][GraphsyncDAGSyncer] TraverseCIDsLinks: Completed traversal. Links to fetch: 0, Visited: 0
[2026-08-26 17:46:00][debug][GraphsyncDAGSyncer] Block initialized without content to LRU cache: CID QmQ9bd3BpEu1ghzVbdCmHViTHVrZxSLUzv28qsSPM9ApZa, cache size: 1
[2026-08-26 17:46:00][debug][GraphsyncDAGSyncer] Requesting Node QmQ9bd3BpEu1ghzVbdCmHViTHVrZxSLUzv28qsSPM9ApZa on this 5064895784
[2026-08-26 17:46:00][debug][GraphsyncDAGSyncer] Return node for CID QmQ9bd3BpEu1ghzVbdCmHViTHVrZxSLUzv28qsSPM9ApZa instance=5066119144
[2026-08-26 17:46:00.152102000][th:85115918][warning] graphsync Request 1 for CID QmQ9bd3BpEu1ghzVbdCmHViTHVrZxSLUzv28qsSPM9ApZa got RS_FULL_CONTENT but no blocks received yet
[2026-08-26 17:46:00][debug][GraphsyncDAGSyncer] request progress: code=FULL_CONTENT, extensions=(graphsync/do-not-send-cids: 0x80) (graphsync/response-metadata: 0x80) 
[2026-08-26 17:46:00][debug][GraphsyncDAGSyncer] HasBlock: false, cid: QmQ9bd3BpEu1ghzVbdCmHViTHVrZxSLUzv28qsSPM9ApZa
[2026-08-26 17:46:00][debug][GraphsyncDAGSyncer] Existing block updated in LRU cache: CID QmQ9bd3BpEu1ghzVbdCmHViTHVrZxSLUzv28qsSPM9ApZa
[2026-08-26 17:46:00][debug][GraphsyncDAGSyncer] Node added to dagService. CID: QmQ9bd3BpEu1ghzVbdCmHViTHVrZxSLUzv28qsSPM9ApZa, links: []
[2026-08-26 17:46:00][debug][GraphsyncDAGSyncer] Seeing if peer 12D3KooWD4VeCbopHR8eGZ68XfkWqwSGqa36vrnP41HXE2BbvJM1 has links to AddRoute
[2026-08-26 17:46:00][info][GraphsyncDAGSyncer] TraverseCIDsLinks: Checking links on { cid="QmQ9bd3BpEu1ghzVbdCmHViTHVrZxSLUzv28qsSPM9ApZa", name="" }
[2026-08-26 17:46:00][info][GraphsyncDAGSyncer] TraverseCIDsLinks: Completed traversal. Links to fetch: 0, Visited: 0
[2026-08-26 17:46:00][debug][GraphsyncDAGSyncer] Return node for CID QmQ9bd3BpEu1ghzVbdCmHViTHVrZxSLUzv28qsSPM9ApZa instance=5075144744
[2026-08-26 17:46:00][info][CRDTCallbackManager] Executing callback for key '/cert/mint-v2:test:0000000000000000000000000000000000000000000000000000000000000000:42:9cee4a1192793cc4b5091983688da2c350a41b3963f6570709b223283d03e460b859941672616dd24c9ff59caa6b7a9247fb3b3b714160101046d3bdd25c2a44:cccccccccccccccccccccccccccccccccccccccccccccccccccccccccccccccc' matching pattern '^/?cert/[^/]+'
[2026-08-26 17:46:00][debug][GraphsyncDAGSyncer] addNode: Added node QmQ9bd3BpEu1ghzVbdCmHViTHVrZxSLUzv28qsSPM9ApZa on dagService 
[2026-08-26 17:46:00][debug][GraphsyncDAGSyncer] Block removed from LRU cache: CID QmQ9bd3BpEu1ghzVbdCmHViTHVrZxSLUzv28qsSPM9ApZa
[2026-08-26 17:46:00][debug][GraphsyncDAGSyncer] Return node for CID QmQ9bd3BpEu1ghzVbdCmHViTHVrZxSLUzv28qsSPM9ApZa instance=5064889112
[2026-08-26 17:46:00][info][CRDTCallbackManager] Executing callback for key '/cert/mint-v2:test:0000000000000000000000000000000000000000000000000000000000000000:42:9cee4a1192793cc4b5091983688da2c350a41b3963f6570709b223283d03e460b859941672616dd24c9ff59caa6b7a9247fb3b3b714160101046d3bdd25c2a44:cccccccccccccccccccccccccccccccccccccccccccccccccccccccccccccccc' matching pattern '^/?cert/[^/]+'
[2026-08-26 17:46:00][debug][GraphsyncDAGSyncer] addNode: Added node QmQ9bd3BpEu1ghzVbdCmHViTHVrZxSLUzv28qsSPM9ApZa on dagService 
[2026-08-26 17:46:00][debug][GraphsyncDAGSyncer] Block removed from LRU cache: CID QmQ9bd3BpEu1ghzVbdCmHViTHVrZxSLUzv28qsSPM9ApZa
[2026-08-26 17:46:00][debug][GraphsyncDAGSyncer] Return node for CID QmQ9bd3BpEu1ghzVbdCmHViTHVrZxSLUzv28qsSPM9ApZa instance=5064895784
[2026-08-26 17:46:00][info][CRDTCallbackManager] Executing callback for key '/cert/mint-v2:test:0000000000000000000000000000000000000000000000000000000000000000:42:9cee4a1192793cc4b5091983688da2c350a41b3963f6570709b223283d03e460b859941672616dd24c9ff59caa6b7a9247fb3b3b714160101046d3bdd25c2a44:cccccccccccccccccccccccccccccccccccccccccccccccccccccccccccccccc' matching pattern '^/?cert/[^/]+'
[2026-08-26 17:46:00][debug][GraphsyncDAGSyncer] addNode: Added node QmQ9bd3BpEu1ghzVbdCmHViTHVrZxSLUzv28qsSPM9ApZa on dagService 
[2026-08-26 17:46:00][debug][GraphsyncDAGSyncer] Block removed from LRU cache: CID QmQ9bd3BpEu1ghzVbdCmHViTHVrZxSLUzv28qsSPM9ApZa
[2026-08-26 17:46:00][info][UTXOManager] Stored 1 UTXOs for address 9cee4a1192793cc4b5091983688da2c350a41b3963f6570709b223283d03e460b859941672616dd24c9ff59caa6b7a9247fb3b3b714160101046d3bdd25c2a44
[2026-08-26 17:46:00][info][UTXOManager] Stored 2 UTXOs for address 9cee4a1192793cc4b5091983688da2c350a41b3963f6570709b223283d03e460b859941672616dd24c9ff59caa6b7a9247fb3b3b714160101046d3bdd25c2a44
[2026-08-26 17:46:00][info][TransactionManager] [9cee4a11 - full: false] Created tokens (mint-v2), amount 42 balance 42
[2026-08-26 17:46:00][info][Blockchain] [9cee4a11] Stopping blockchain
[2026-08-26 17:46:00][error][TransactionManager] [9cee4a11 - full: false] OnConsensusCertificate: Failed to change transaction state to CONFIRMED for hash 91209082e509c0380f7943f80f08948d47509ec012fb5e9621c822433480c852: Operation canceled
[2026-08-26 17:46:00][error][TransactionManager] [9cee4a11 - full: false] Failed to process certificate proposal_id=e4072084807efb3e3a7df6e9504b96c63581384abdb57be202315780750ce2c1 error=Operation canceled
[2026-08-26 17:46:00][info][CRDTCallbackManager] Successfully unregistered new data callback for pattern: '^/?/bc-144/tx/[^/]+'
[2026-08-26 17:46:00][info][CRDTCallbackManager] Successfully unregistered deleted data callback for pattern: '^/?/bc-144/tx/[^/]+'
[2026-08-26 17:46:00][info][CRDTCallbackManager] Successfully unregistered new data callback for pattern: '^/?/bc-963/tx/[^/]+'
[2026-08-26 17:46:00][info][CRDTCallbackManager] Successfully unregistered deleted data callback for pattern: '^/?/bc-963/tx/[^/]+'
[2026-08-26 17:46:00][info][CRDTCallbackManager] Successfully unregistered new data callback for pattern: '^/?/bc-369/tx/[^/]+'
[2026-08-26 17:46:00][info][CRDTCallbackManager] Successfully unregistered deleted data callback for pattern: '^/?/bc-369/tx/[^/]+'
[2026-08-26 17:46:00][info][TransactionManager] [9cee4a11 - full: false] ~TransactionManager: Metrics — cert_fallback(success=0 failure=0) validation(approve=1 reject=0) tracking(insert=1 confirm=0 fail=0)
[2026-08-26 17:46:00][info][CRDTCallbackManager] Successfully unregistered new data callback for pattern: '/?gnus-genesis-block'
[2026-08-26 17:46:00][info][CRDTCallbackManager] Successfully unregistered new data callback for pattern: '/?gnus-account-creation-.*'
[2026-08-26 17:46:00][info][CRDTCallbackManager] Successfully unregistered new data callback for pattern: '/?gnus-validator-registry'
[2026-08-26 17:46:00.663227000][th:85115848][error] GossipPubSub Address monitoring timer error: Operation canceled
[2026-08-26 17:46:00][error][PubSubBroadcasterExt] No message to process
[2026-08-26 17:46:00][error][PubSubBroadcasterExt] No message to process
[2026-08-26 17:46:00.663383000][th:85115848][error] graphsync Varint Error msg=Connection: closed by this host
[2026-08-26 17:46:00.663405000][th:85115848][info] graphsync stream read error, peer=BbvJM1, msg=stream is not readable
[2026-08-26 17:46:00][info][UTXOManager] Stored 1 UTXOs for address 9cee4a1192793cc4b5091983688da2c350a41b3963f6570709b223283d03e460b859941672616dd24c9ff59caa6b7a9247fb3b3b714160101046d3bdd25c2a44
[2026-08-26 17:46:00][info][UTXOManager] Stored 2 UTXOs for address 9cee4a1192793cc4b5091983688da2c350a41b3963f6570709b223283d03e460b859941672616dd24c9ff59caa6b7a9247fb3b3b714160101046d3bdd25c2a44
[2026-08-26 17:46:00][info][TransactionManager] [64e401ba - full: false] Created tokens (mint-v2), amount 42 balance 0
[2026-08-26 17:46:00][info][TransactionManager] [64e401ba - full: false] ChangeTransactionState: Tracking entry confirmed tx=91209082e509c0380f7943f80f08948d47509ec012fb5e9621c822433480c852
[2026-08-26 17:46:00][info][UTXOManager] Stored 1 UTXOs for address 9cee4a1192793cc4b5091983688da2c350a41b3963f6570709b223283d03e460b859941672616dd24c9ff59caa6b7a9247fb3b3b714160101046d3bdd25c2a44
[2026-08-26 17:46:00][info][UTXOManager] Created checkpoint owner=64e401baf83bae9a1a56962068eebb72b67d7b825605f0ff6d722140d96f1a379171234a80808d1aee70e414059dcb9fbc7e2891d976faaefe08c19d668d16fb epoch=1 utxo_count=0
[2026-08-26 17:46:00][info][UTXOManager] Stored 2 UTXOs for address 9cee4a1192793cc4b5091983688da2c350a41b3963f6570709b223283d03e460b859941672616dd24c9ff59caa6b7a9247fb3b3b714160101046d3bdd25c2a44
[2026-08-26 17:46:00][info][TransactionManager] [4572d4a1 - full: false] Created tokens (mint-v2), amount 42 balance 0
[2026-08-26 17:46:00][info][TransactionManager] [4572d4a1 - full: false] ChangeTransactionState: Tracking entry confirmed tx=91209082e509c0380f7943f80f08948d47509ec012fb5e9621c822433480c852
[2026-08-26 17:46:00][info][UTXOManager] Created checkpoint owner=4572d4a1b0a147f7344f7a4f440a9d43e3b613328196dd39c16b4e75c580a4cba01e3bc09ed51c21fa71415aee49e28a58a46d7b0ec634966c8932f4cc290396 epoch=1 utxo_count=0
[2026-08-26 17:46:01][debug][GlobalDB] ~GlobalDB CALLED with count 6 on multi_node_finality_fault/restart-mint-validator-one/rocksdb 
[2026-08-26 17:46:01][info][GlobalDB] GlobalDB shutdown start
[2026-08-26 17:46:01][info][CrdtDatastore] CancelAndCloseNow: begin (pending_jobs=1, self_queue=0, root_queue=0, pending_roots=0, active_root=false)
[2026-08-26 17:46:01][debug][GraphsyncDAGSyncer] Stopping Dagsyncer
[2026-08-26 17:46:01][debug][GraphsyncDAGSyncer] Dagsyncer Stopped
[2026-08-26 17:46:02][info][CrdtDatastore] CancelAndCloseNow: CRDT workers stopped
[2026-08-26 17:46:02][warning][CrdtDatastore] CancelAndCloseNow called but shutdown has already started
[2026-08-26 17:46:02][debug][GraphsyncDAGSyncer] ~GraphsyncDAGSyncer CALLED
[2026-08-26 17:46:02][info][GlobalDB] GlobalDB shutdown finished
[2026-08-26 17:46:02.066127000][th:85115869][error] graphsync Varint Error msg=Connection reset by peer
[2026-08-26 17:46:02.066228000][th:85115869][info] graphsync stream read error, peer=HcFEtK, msg=stream is not readable
[2026-08-26 17:46:02][info][KeyPairFileStorage] Path to keypairs multi_node_finality_fault/restart-mint-validator-one/keypair
[2026-08-26 17:46:02][info][KeyPairFileStorage] Peer ID from public key: 12D3KooWQjjEFY15Fj6buQfK1SjBeU3bji88hVdPVni1ibHcFEtK
Current limits: 16384 (soft), 9223372036854775807 (hard)
New limits set successfully: 16384 (soft), 9223372036854775807 (hard)
Initialized relay addresses
[2026-08-26 17:46:02.070213000][th:85114896][info] GossipPubSub /ip4/0.0.0.0/tcp/54621/p2p/12D3KooWQjjEFY15Fj6buQfK1SjBeU3bji88hVdPVni1ibHcFEtK: Starting PubSub service
[2026-08-26 17:46:02.070432000][th:85116035][info] GossipPubSub Starting address monitoring system for mobile network changes
[2026-08-26 17:46:02.070464000][th:85116035][info] GossipPubSub === CURRENT NETWORK STATE ===
[2026-08-26 17:46:02.070489000][th:85116035][info] GossipPubSub Primary listening address: /ip4/0.0.0.0/tcp/54621/p2p/12D3KooWQjjEFY15Fj6buQfK1SjBeU3bji88hVdPVni1ibHcFEtK
[2026-08-26 17:46:02.070501000][th:85116035][info] GossipPubSub Host peer info addresses (0):
[2026-08-26 17:46:02.070509000][th:85116035][info] GossipPubSub Additional addresses we track (0):
[2026-08-26 17:46:02.070517000][th:85116035][info] GossipPubSub Listening addresses (1):
[2026-08-26 17:46:02.070525000][th:85116035][info] GossipPubSub   -> /ip4/0.0.0.0/tcp/54621/p2p/12D3KooWQjjEFY15Fj6buQfK1SjBeU3bji88hVdPVni1ibHcFEtK
[2026-08-26 17:46:02.070532000][th:85116035][info] GossipPubSub Interface addresses (0):
[2026-08-26 17:46:02.070539000][th:85116035][info] GossipPubSub === RAW OBSERVED ADDRESS DEBUG ===
[2026-08-26 17:46:02.070548000][th:85116035][info] GossipPubSub Local address: /ip4/0.0.0.0/tcp/54621/p2p/12D3KooWQjjEFY15Fj6buQfK1SjBeU3bji88hVdPVni1ibHcFEtK -> 0 raw observed, 0 activated+confirmed
[2026-08-26 17:46:02.070556000][th:85116035][info] GossipPubSub TOTAL: 0 raw observed addresses, 0 activated+confirmed addresses
[2026-08-26 17:46:02.070563000][th:85116035][info] GossipPubSub === END RAW OBSERVED ADDRESS DEBUG ===
[2026-08-26 17:46:02.070569000][th:85116035][info] GossipPubSub Observed addresses - all (0):
[2026-08-26 17:46:02.070576000][th:85116035][info] GossipPubSub Observed addresses - confirmed only (0):
[2026-08-26 17:46:02.070582000][th:85116035][info] GossipPubSub Relay addresses (0):
[2026-08-26 17:46:02.070591000][th:85116035][warning] GossipPubSub Failed to get addresses from peer repository: not found
[2026-08-26 17:46:02.070697000][th:85116035][info] GossipPubSub Found 1 valid network interfaces
[2026-08-26 17:46:02.070714000][th:85116035][info] GossipPubSub Current network interfaces (1):
[2026-08-26 17:46:02.070720000][th:85116035][info] GossipPubSub   -> 192.168.1.6
[2026-08-26 17:46:02.070727000][th:85116035][info] GossipPubSub Active connections: 0
[2026-08-26 17:46:02.070733000][th:85116035][info] GossipPubSub === PEER CONNECTION DETAILS ===
[2026-08-26 17:46:02.070739000][th:85116035][info] GossipPubSub NOTE: Observed addresses need to be seen by 4+ different peer groups to become 'activated'
[2026-08-26 17:46:02.070746000][th:85116035][info] GossipPubSub NOTE: Current connections: 0, so max possible observers: 0
[2026-08-26 17:46:02.070752000][th:85116035][info] GossipPubSub === END PEER CONNECTION DETAILS ===
[2026-08-26 17:46:02.070759000][th:85116035][info] GossipPubSub Connection manager stats:
[2026-08-26 17:46:02.070765000][th:85116035][info] GossipPubSub   -> Max connections: 1000
[2026-08-26 17:46:02.070771000][th:85116035][info] GossipPubSub   -> Current connections: 0
[2026-08-26 17:46:02.070777000][th:85116035][info] GossipPubSub === END NETWORK STATE ===
[2026-08-26 17:46:02.071264000][th:85116035][info] GossipPubSub /ip4/0.0.0.0/tcp/54621/p2p/12D3KooWQjjEFY15Fj6buQfK1SjBeU3bji88hVdPVni1ibHcFEtK : PubSub service started
[2026-08-26 17:46:02][info][GlobalDB] Opening database /Users/henriqueklein/gnus/SuperGenius/multi_node_finality_fault/restart-mint-validator-one/rocksdb
[2026-08-26 17:46:02][debug][GraphsyncDAGSyncer] GraphSyncer created 4538266520 
[2026-08-26 17:46:02][info][CrdtDatastore] crdt Datastore created. Number of heads: 2 Current max-height: 18446744073709551615
[2026-08-26 17:46:02][info][GeniusAccount] Secure storage ID path: /Users/henriqueklein/gnus/SuperGenius/multi_node_finality_fault/restart-mint-validator-one/account/secure_storage_id
[2026-08-26 17:46:02][info][GeniusAccount] Loaded public key from file: 9cee4a1192793cc4... (length: 128)
[2026-08-26 17:46:02][info][GeniusAccount] Successfully loaded key_seed from storage
[2026-08-26 17:46:02][info][GeniusAccount] Validation successful: key_seed matches stored public key
[2026-08-26 17:46:02][info][Blockchain] [9cee4a11] Blockchain instance created with authorized full node: 8a33bdf1
[2026-08-26 17:46:02][info][ValidatorRegistry] InitializeCache: cache initialized with CID QmUfuAnpdPcoey3UoQ4Emaj7BUpzswmv1c92xV43aRqoch
[2026-08-26 17:46:02][info][CRDTCallbackManager] Successfully registered new data callback for pattern: '/?gnus-validator-registry'
[2026-08-26 17:46:02][info][ValidatorRegistry] RegisterFilter: result=true
[2026-08-26 17:46:02][info][ValidatorRegistry] New: instance ready
[2026-08-26 17:46:02.107879000][th:85116035][info] GossipPubSub /ip4/0.0.0.0/tcp/54621/p2p/12D3KooWQjjEFY15Fj6buQfK1SjBeU3bji88hVdPVni1ibHcFEtK: PubSub subscribed to topic 'gnus-validator-registry.3.7.144'
[2026-08-26 17:46:02.107920000][th:85116035][info] GossipPubSub /ip4/0.0.0.0/tcp/54621/p2p/12D3KooWQjjEFY15Fj6buQfK1SjBeU3bji88hVdPVni1ibHcFEtK: PubSub subscribed to topic 'consensus-channel-.3.7.144'
[2026-08-26 17:46:02][info][CRDTCallbackManager] Successfully registered new data callback for pattern: '^/?cert/[^/]+'
[2026-08-26 17:46:02.107969000][th:85116035][info] GossipPubSub /ip4/0.0.0.0/tcp/54621/p2p/12D3KooWQjjEFY15Fj6buQfK1SjBeU3bji88hVdPVni1ibHcFEtK: PubSub subscribed to topic 'consensus-channel-.3.7.144#datastore.3.7.144'
[2026-08-26 17:46:02][warning][ConsensusManager] ProcessCommittedCertificate: No subject handler for certificate with key /cert/mint-v2:test:0000000000000000000000000000000000000000000000000000000000000000:42:9cee4a1192793cc4b5091983688da2c350a41b3963f6570709b223283d03e460b859941672616dd24c9ff59caa6b7a9247fb3b3b714160101046d3bdd25c2a44:cccccccccccccccccccccccccccccccccccccccccccccccccccccccccccccccc 
[2026-08-26 17:46:02][warning][ConsensusManager] ProcessCommittedCertificate: No subject handler for certificate with key /cert/mint-v2:test:0000000000000000000000000000000000000000000000000000000000000000:42:9cee4a1192793cc4b5091983688da2c350a41b3963f6570709b223283d03e460b859941672616dd24c9ff59caa6b7a9247fb3b3b714160101046d3bdd25c2a44:cccccccccccccccccccccccccccccccccccccccccccccccccccccccccccccccc 
[2026-08-26 17:46:02][info][CRDTCallbackManager] Successfully registered new data callback for pattern: '/?gnus-genesis-block'
[2026-08-26 17:46:02][info][CRDTCallbackManager] Successfully registered new data callback for pattern: '/?gnus-account-creation-.*'
[2026-08-26 17:46:02][info][UTXOManager] Stored 2 UTXOs for address 9cee4a1192793cc4b5091983688da2c350a41b3963f6570709b223283d03e460b859941672616dd24c9ff59caa6b7a9247fb3b3b714160101046d3bdd25c2a44
[2026-08-26 17:46:02][info][TransactionManager] [9cee4a11 - full: false] Created tokens (mint-v2), amount 42 balance 42
[2026-08-26 17:46:02][info][TransactionManager] [9cee4a11 - full: false] ChangeTransactionState: Tracking entry confirmed tx=91209082e509c0380f7943f80f08948d47509ec012fb5e9621c822433480c852
[2026-08-26 17:46:02][info][TransactionManager] [9cee4a11 - full: false] OnConsensusCertificate: Standalone validator confirmed tx 91209082e509c0380f7943f80f08948d47509ec012fb5e9621c822433480c852 from certificate proposal_id=e4072084807efb3e3a7df6e9504b96c63581384abdb57be202315780750ce2c1
[2026-08-26 17:46:02][info][UTXOManager] Created checkpoint owner=9cee4a1192793cc4b5091983688da2c350a41b3963f6570709b223283d03e460b859941672616dd24c9ff59caa6b7a9247fb3b3b714160101046d3bdd25c2a44 epoch=1 utxo_count=1
[2026-08-26 17:46:02][info][CRDTCallbackManager] Successfully registered new data callback for pattern: '^/?/bc-144/tx/[^/]+'
[2026-08-26 17:46:02][info][CRDTCallbackManager] Successfully registered deleted data callback for pattern: '^/?/bc-144/tx/[^/]+'
[2026-08-26 17:46:02][info][CRDTCallbackManager] Successfully registered new data callback for pattern: '^/?/bc-963/tx/[^/]+'
[2026-08-26 17:46:02][info][CRDTCallbackManager] Successfully registered deleted data callback for pattern: '^/?/bc-963/tx/[^/]+'
[2026-08-26 17:46:02][info][CRDTCallbackManager] Successfully registered new data callback for pattern: '^/?/bc-369/tx/[^/]+'
[2026-08-26 17:46:02][info][CRDTCallbackManager] Successfully registered deleted data callback for pattern: '^/?/bc-369/tx/[^/]+'
[2026-08-26 17:46:02.148896000][th:85116035][info] GossipPubSub Adding new peer: 12D3KooWD4VeCbopHR8eGZ68XfkWqwSGqa36vrnP41HXE2BbvJM1
[2026-08-26 17:46:02.148971000][th:85116035][info] GossipPubSub Adding new peer: 12D3KooWP3i37UErCPXansxRhgXJJyn7kfP7hFQfrkkUAXt2Kdyp
[2026-08-26 17:46:02.149029000][th:85116035][info] GossipPubSub Adding new peer: 12D3KooWAHs4cqDAaiH71K4YuuPd7jGMZGSfkgbWrZcJ4oVseRAq
[2026-08-26 17:46:02.149073000][th:85115869][info] GossipPubSub Adding new peer: 12D3KooWQjjEFY15Fj6buQfK1SjBeU3bji88hVdPVni1ibHcFEtK
[2026-08-26 17:46:02.149141000][th:85115869][info] GossipPubSub Adding new peer: 12D3KooWP3i37UErCPXansxRhgXJJyn7kfP7hFQfrkkUAXt2Kdyp
[2026-08-26 17:46:02.149195000][th:85115869][info] GossipPubSub Adding new peer: 12D3KooWAHs4cqDAaiH71K4YuuPd7jGMZGSfkgbWrZcJ4oVseRAq
[2026-08-26 17:46:02.149227000][th:85115895][info] GossipPubSub Adding new peer: 12D3KooWQjjEFY15Fj6buQfK1SjBeU3bji88hVdPVni1ibHcFEtK
[2026-08-26 17:46:02.149280000][th:85115895][info] GossipPubSub Adding new peer: 12D3KooWD4VeCbopHR8eGZ68XfkWqwSGqa36vrnP41HXE2BbvJM1
[2026-08-26 17:46:02.149334000][th:85115895][info] GossipPubSub Adding new peer: 12D3KooWAHs4cqDAaiH71K4YuuPd7jGMZGSfkgbWrZcJ4oVseRAq
[2026-08-26 17:46:02.149392000][th:85115918][info] GossipPubSub Adding new peer: 12D3KooWQjjEFY15Fj6buQfK1SjBeU3bji88hVdPVni1ibHcFEtK
[2026-08-26 17:46:02.149444000][th:85115918][info] GossipPubSub Adding new peer: 12D3KooWD4VeCbopHR8eGZ68XfkWqwSGqa36vrnP41HXE2BbvJM1
[2026-08-26 17:46:02.149498000][th:85115918][info] GossipPubSub Adding new peer: 12D3KooWP3i37UErCPXansxRhgXJJyn7kfP7hFQfrkkUAXt2Kdyp
[2026-08-26 17:46:02][info][CRDTCallbackManager] Successfully unregistered new data callback for pattern: '^/?/bc-144/tx/[^/]+'
[2026-08-26 17:46:02][info][CRDTCallbackManager] Successfully unregistered deleted data callback for pattern: '^/?/bc-144/tx/[^/]+'
[2026-08-26 17:46:02][info][CRDTCallbackManager] Successfully unregistered new data callback for pattern: '^/?/bc-963/tx/[^/]+'
[2026-08-26 17:46:02][info][CRDTCallbackManager] Successfully unregistered deleted data callback for pattern: '^/?/bc-963/tx/[^/]+'
[2026-08-26 17:46:02][info][CRDTCallbackManager] Successfully unregistered new data callback for pattern: '^/?/bc-369/tx/[^/]+'
[2026-08-26 17:46:02][info][CRDTCallbackManager] Successfully unregistered deleted data callback for pattern: '^/?/bc-369/tx/[^/]+'
[2026-08-26 17:46:02][info][TransactionManager] [9cee4a11 - full: false] ~TransactionManager: Metrics — cert_fallback(success=1 failure=0) validation(approve=0 reject=0) tracking(insert=0 confirm=1 fail=0)
[2026-08-26 17:46:02][info][Blockchain] [9cee4a11] Stopping blockchain
[2026-08-26 17:46:02][info][CRDTCallbackManager] Successfully unregistered new data callback for pattern: '/?gnus-genesis-block'
[2026-08-26 17:46:02][info][CRDTCallbackManager] Successfully unregistered new data callback for pattern: '/?gnus-account-creation-.*'
[2026-08-26 17:46:02][info][CRDTCallbackManager] Successfully unregistered new data callback for pattern: '/?gnus-validator-registry'
[2026-08-26 17:46:02.231055000][th:85116035][error] GossipPubSub Address monitoring timer error: Operation canceled
[2026-08-26 17:46:02][error][PubSubBroadcasterExt] No message to process
[2026-08-26 17:46:02][error][PubSubBroadcasterExt] No message to process
[2026-08-26 17:46:03][debug][GlobalDB] ~GlobalDB CALLED with count 6 on multi_node_finality_fault/restart-mint-validator-one/rocksdb 
[2026-08-26 17:46:03][info][GlobalDB] GlobalDB shutdown start
[2026-08-26 17:46:03][info][CrdtDatastore] CancelAndCloseNow: begin (pending_jobs=0, self_queue=0, root_queue=0, pending_roots=0, active_root=false)
[2026-08-26 17:46:03][debug][GraphsyncDAGSyncer] Stopping Dagsyncer
[2026-08-26 17:46:03][debug][GraphsyncDAGSyncer] Dagsyncer Stopped
[2026-08-26 17:46:03][info][CrdtDatastore] CancelAndCloseNow: CRDT workers stopped
[2026-08-26 17:46:03][warning][CrdtDatastore] CancelAndCloseNow called but shutdown has already started
[2026-08-26 17:46:03][debug][GraphsyncDAGSyncer] ~GraphsyncDAGSyncer CALLED
[2026-08-26 17:46:03][info][GlobalDB] GlobalDB shutdown finished
[2026-08-26 17:46:03][info][KeyPairFileStorage] Path to keypairs multi_node_finality_fault/restart-mint-validator-one/keypair
[2026-08-26 17:46:03][info][KeyPairFileStorage] Peer ID from public key: 12D3KooWQjjEFY15Fj6buQfK1SjBeU3bji88hVdPVni1ibHcFEtK
Current limits: 16384 (soft), 9223372036854775807 (hard)
New limits set successfully: 16384 (soft), 9223372036854775807 (hard)
Initialized relay addresses
[2026-08-26 17:46:03.614250000][th:85114896][info] GossipPubSub /ip4/0.0.0.0/tcp/54621/p2p/12D3KooWQjjEFY15Fj6buQfK1SjBeU3bji88hVdPVni1ibHcFEtK: Starting PubSub service
[2026-08-26 17:46:03.614305000][th:85116086][info] GossipPubSub Starting address monitoring system for mobile network changes
[2026-08-26 17:46:03.614308000][th:85116086][info] GossipPubSub === CURRENT NETWORK STATE ===
[2026-08-26 17:46:03.614315000][th:85116086][info] GossipPubSub Primary listening address: /ip4/0.0.0.0/tcp/54621/p2p/12D3KooWQjjEFY15Fj6buQfK1SjBeU3bji88hVdPVni1ibHcFEtK
[2026-08-26 17:46:03.614318000][th:85116086][info] GossipPubSub Host peer info addresses (0):
[2026-08-26 17:46:03.614320000][th:85116086][info] GossipPubSub Additional addresses we track (0):
[2026-08-26 17:46:03.614321000][th:85116086][info] GossipPubSub Listening addresses (1):
[2026-08-26 17:46:03.614323000][th:85116086][info] GossipPubSub   -> /ip4/0.0.0.0/tcp/54621/p2p/12D3KooWQjjEFY15Fj6buQfK1SjBeU3bji88hVdPVni1ibHcFEtK
[2026-08-26 17:46:03.614325000][th:85116086][info] GossipPubSub Interface addresses (0):
[2026-08-26 17:46:03.614327000][th:85116086][info] GossipPubSub === RAW OBSERVED ADDRESS DEBUG ===
[2026-08-26 17:46:03.614329000][th:85116086][info] GossipPubSub Local address: /ip4/0.0.0.0/tcp/54621/p2p/12D3KooWQjjEFY15Fj6buQfK1SjBeU3bji88hVdPVni1ibHcFEtK -> 0 raw observed, 0 activated+confirmed
[2026-08-26 17:46:03.614332000][th:85116086][info] GossipPubSub TOTAL: 0 raw observed addresses, 0 activated+confirmed addresses
[2026-08-26 17:46:03.614333000][th:85116086][info] GossipPubSub === END RAW OBSERVED ADDRESS DEBUG ===
[2026-08-26 17:46:03.614335000][th:85116086][info] GossipPubSub Observed addresses - all (0):
[2026-08-26 17:46:03.614337000][th:85116086][info] GossipPubSub Observed addresses - confirmed only (0):
[2026-08-26 17:46:03.614338000][th:85116086][info] GossipPubSub Relay addresses (0):
[2026-08-26 17:46:03.614341000][th:85116086][warning] GossipPubSub Failed to get addresses from peer repository: not found
[2026-08-26 17:46:03.614370000][th:85116086][info] GossipPubSub Found 1 valid network interfaces
[2026-08-26 17:46:03.614371000][th:85116086][info] GossipPubSub Current network interfaces (1):
[2026-08-26 17:46:03.614373000][th:85116086][info] GossipPubSub   -> 192.168.1.6
[2026-08-26 17:46:03.614374000][th:85116086][info] GossipPubSub Active connections: 0
[2026-08-26 17:46:03.614375000][th:85116086][info] GossipPubSub === PEER CONNECTION DETAILS ===
[2026-08-26 17:46:03.614377000][th:85116086][info] GossipPubSub NOTE: Observed addresses need to be seen by 4+ different peer groups to become 'activated'
[2026-08-26 17:46:03.614378000][th:85116086][info] GossipPubSub NOTE: Current connections: 0, so max possible observers: 0
[2026-08-26 17:46:03.614379000][th:85116086][info] GossipPubSub === END PEER CONNECTION DETAILS ===
[2026-08-26 17:46:03.614381000][th:85116086][info] GossipPubSub Connection manager stats:
[2026-08-26 17:46:03.614382000][th:85116086][info] GossipPubSub   -> Max connections: 1000
[2026-08-26 17:46:03.614383000][th:85116086][info] GossipPubSub   -> Current connections: 0
[2026-08-26 17:46:03.614385000][th:85116086][info] GossipPubSub === END NETWORK STATE ===
[2026-08-26 17:46:03.614485000][th:85116086][info] GossipPubSub /ip4/0.0.0.0/tcp/54621/p2p/12D3KooWQjjEFY15Fj6buQfK1SjBeU3bji88hVdPVni1ibHcFEtK : PubSub service started
[2026-08-26 17:46:03][info][GlobalDB] Opening database /Users/henriqueklein/gnus/SuperGenius/multi_node_finality_fault/restart-mint-validator-one/rocksdb
[2026-08-26 17:46:03][debug][GraphsyncDAGSyncer] GraphSyncer created 4527927384 
[2026-08-26 17:46:03][info][CrdtDatastore] crdt Datastore created. Number of heads: 2 Current max-height: 18446744073709551615
[2026-08-26 17:46:03][info][GeniusAccount] Secure storage ID path: /Users/henriqueklein/gnus/SuperGenius/multi_node_finality_fault/restart-mint-validator-one/account/secure_storage_id
[2026-08-26 17:46:03][info][GeniusAccount] Loaded public key from file: 9cee4a1192793cc4... (length: 128)
[2026-08-26 17:46:03][info][GeniusAccount] Successfully loaded key_seed from storage
[2026-08-26 17:46:03][info][GeniusAccount] Validation successful: key_seed matches stored public key
[2026-08-26 17:46:03][warning][UTXOManager] Skipping malformed UTXO key /utxo-checkpoint/9cee4a1192793cc4b5091983688da2c350a41b3963f6570709b223283d03e460b859941672616dd24c9ff59caa6b7a9247fb3b3b714160101046d3bdd25c2a44/1
[2026-08-26 17:46:03][warning][UTXOManager] Skipping malformed UTXO key /utxo-checkpoint/9cee4a1192793cc4b5091983688da2c350a41b3963f6570709b223283d03e460b859941672616dd24c9ff59caa6b7a9247fb3b3b714160101046d3bdd25c2a44/latest
[2026-08-26 17:46:03][info][Blockchain] [9cee4a11] Blockchain instance created with authorized full node: 8a33bdf1
[2026-08-26 17:46:03][info][ValidatorRegistry] InitializeCache: cache initialized with CID QmUfuAnpdPcoey3UoQ4Emaj7BUpzswmv1c92xV43aRqoch
[2026-08-26 17:46:03][info][CRDTCallbackManager] Successfully registered new data callback for pattern: '/?gnus-validator-registry'
[2026-08-26 17:46:03][info][ValidatorRegistry] RegisterFilter: result=true
[2026-08-26 17:46:03][info][ValidatorRegistry] New: instance ready
[2026-08-26 17:46:03.632821000][th:85116086][info] GossipPubSub /ip4/0.0.0.0/tcp/54621/p2p/12D3KooWQjjEFY15Fj6buQfK1SjBeU3bji88hVdPVni1ibHcFEtK: PubSub subscribed to topic 'gnus-validator-registry.3.7.144'
[2026-08-26 17:46:03][info][CRDTCallbackManager] Successfully registered new data callback for pattern: '^/?cert/[^/]+'
[2026-08-26 17:46:03.632844000][th:85116086][info] GossipPubSub /ip4/0.0.0.0/tcp/54621/p2p/12D3KooWQjjEFY15Fj6buQfK1SjBeU3bji88hVdPVni1ibHcFEtK: PubSub subscribed to topic 'consensus-channel-.3.7.144'
[2026-08-26 17:46:03][info][CRDTCallbackManager] Successfully registered new data callback for pattern: '/?gnus-genesis-block'
[2026-08-26 17:46:03][info][CRDTCallbackManager] Successfully registered new data callback for pattern: '/?gnus-account-creation-.*'
[2026-08-26 17:46:03][info][CRDTCallbackManager] Successfully registered new data callback for pattern: '^/?/bc-144/tx/[^/]+'
[2026-08-26 17:46:03][info][CRDTCallbackManager] Successfully registered deleted data callback for pattern: '^/?/bc-144/tx/[^/]+'
[2026-08-26 17:46:03][info][CRDTCallbackManager] Successfully registered new data callback for pattern: '^/?/bc-963/tx/[^/]+'
[2026-08-26 17:46:03][info][CRDTCallbackManager] Successfully registered deleted data callback for pattern: '^/?/bc-963/tx/[^/]+'
[2026-08-26 17:46:03][info][CRDTCallbackManager] Successfully registered new data callback for pattern: '^/?/bc-369/tx/[^/]+'
[2026-08-26 17:46:03][info][CRDTCallbackManager] Successfully registered deleted data callback for pattern: '^/?/bc-369/tx/[^/]+'
[2026-08-26 17:46:03][info][CRDTCallbackManager] Successfully unregistered new data callback for pattern: '^/?/bc-144/tx/[^/]+'
[2026-08-26 17:46:03][info][CRDTCallbackManager] Successfully unregistered deleted data callback for pattern: '^/?/bc-144/tx/[^/]+'
[2026-08-26 17:46:03.635472000][th:85116086][info] GossipPubSub /ip4/0.0.0.0/tcp/54621/p2p/12D3KooWQjjEFY15Fj6buQfK1SjBeU3bji88hVdPVni1ibHcFEtK: PubSub subscribed to topic 'consensus-channel-.3.7.144#datastore.3.7.144'
[2026-08-26 17:46:03][info][CRDTCallbackManager] Successfully unregistered new data callback for pattern: '^/?/bc-963/tx/[^/]+'
[2026-08-26 17:46:03][info][CRDTCallbackManager] Successfully unregistered deleted data callback for pattern: '^/?/bc-963/tx/[^/]+'
[2026-08-26 17:46:03][info][CRDTCallbackManager] Successfully unregistered new data callback for pattern: '^/?/bc-369/tx/[^/]+'
[2026-08-26 17:46:03][info][CRDTCallbackManager] Successfully unregistered deleted data callback for pattern: '^/?/bc-369/tx/[^/]+'
[2026-08-26 17:46:03][info][TransactionManager] [7c036cce - full: false] ~TransactionManager: Metrics — cert_fallback(success=0 failure=0) validation(approve=1 reject=0) tracking(insert=1 confirm=1 fail=0)
[2026-08-26 17:46:03][info][Blockchain] [7c036cce] Stopping blockchain
[2026-08-26 17:46:03][info][CRDTCallbackManager] Successfully unregistered new data callback for pattern: '/?gnus-genesis-block'
[2026-08-26 17:46:03][info][CRDTCallbackManager] Successfully unregistered new data callback for pattern: '/?gnus-account-creation-.*'
[2026-08-26 17:46:03][info][CRDTCallbackManager] Successfully unregistered new data callback for pattern: '/?gnus-validator-registry'
[2026-08-26 17:46:03.635685000][th:85115869][error] GossipPubSub Address monitoring timer error: Operation canceled
[2026-08-26 17:46:03][error][PubSubBroadcasterExt] No message to process
[2026-08-26 17:46:03][error][PubSubBroadcasterExt] No message to process
[2026-08-26 17:46:03.635767000][th:85115869][error] graphsync Varint Error msg=Connection: closed by this host
[2026-08-26 17:46:03.635773000][th:85115869][info] graphsync stream read error, peer=t2Kdyp, msg=stream is not readable
[2026-08-26 17:46:03.635792000][th:85115869][error] graphsync Varint Error msg=Connection: closed by this host
[2026-08-26 17:46:03.635794000][th:85115869][info] graphsync stream read error, peer=VseRAq, msg=stream is not readable
[2026-08-26 17:46:04][debug][GlobalDB] ~GlobalDB CALLED with count 6 on multi_node_finality_fault/restart-mint-validator-two/rocksdb 
[2026-08-26 17:46:04][info][GlobalDB] GlobalDB shutdown start
[2026-08-26 17:46:04][info][CrdtDatastore] CancelAndCloseNow: begin (pending_jobs=0, self_queue=0, root_queue=0, pending_roots=0, active_root=false)
[2026-08-26 17:46:04][debug][GraphsyncDAGSyncer] Stopping Dagsyncer
[2026-08-26 17:46:04][debug][GraphsyncDAGSyncer] Dagsyncer Stopped
[2026-08-26 17:46:05][info][CrdtDatastore] CancelAndCloseNow: CRDT workers stopped
[2026-08-26 17:46:05][warning][CrdtDatastore] CancelAndCloseNow called but shutdown has already started
[2026-08-26 17:46:05][debug][GraphsyncDAGSyncer] ~GraphsyncDAGSyncer CALLED
[2026-08-26 17:46:05][info][GlobalDB] GlobalDB shutdown finished
[2026-08-26 17:46:05.123143000][th:85115918][error] graphsync Varint Error msg=Connection reset by peer
[2026-08-26 17:46:05.123157000][th:85115918][info] graphsync stream read error, peer=BbvJM1, msg=stream is not readable
[2026-08-26 17:46:05.123202000][th:85115895][error] graphsync Varint Error msg=Connection reset by peer
[2026-08-26 17:46:05.123206000][th:85115895][info] graphsync stream read error, peer=BbvJM1, msg=stream is not readable
[2026-08-26 17:46:05][info][KeyPairFileStorage] Path to keypairs multi_node_finality_fault/restart-mint-validator-two/keypair
[2026-08-26 17:46:05][info][KeyPairFileStorage] Peer ID from public key: 12D3KooWD4VeCbopHR8eGZ68XfkWqwSGqa36vrnP41HXE2BbvJM1
Current limits: 16384 (soft), 9223372036854775807 (hard)
New limits set successfully: 16384 (soft), 9223372036854775807 (hard)
Initialized relay addresses
[2026-08-26 17:46:05.124794000][th:85114896][info] GossipPubSub /ip4/0.0.0.0/tcp/54622/p2p/12D3KooWD4VeCbopHR8eGZ68XfkWqwSGqa36vrnP41HXE2BbvJM1: Starting PubSub service
[2026-08-26 17:46:05.124850000][th:85116123][info] GossipPubSub Starting address monitoring system for mobile network changes
[2026-08-26 17:46:05.124852000][th:85116123][info] GossipPubSub === CURRENT NETWORK STATE ===
[2026-08-26 17:46:05.124859000][th:85116123][info] GossipPubSub Primary listening address: /ip4/0.0.0.0/tcp/54622/p2p/12D3KooWD4VeCbopHR8eGZ68XfkWqwSGqa36vrnP41HXE2BbvJM1
[2026-08-26 17:46:05.124861000][th:85116123][info] GossipPubSub Host peer info addresses (0):
[2026-08-26 17:46:05.124863000][th:85116123][info] GossipPubSub Additional addresses we track (0):
[2026-08-26 17:46:05.124864000][th:85116123][info] GossipPubSub Listening addresses (1):
[2026-08-26 17:46:05.124866000][th:85116123][info] GossipPubSub   -> /ip4/0.0.0.0/tcp/54622/p2p/12D3KooWD4VeCbopHR8eGZ68XfkWqwSGqa36vrnP41HXE2BbvJM1
[2026-08-26 17:46:05.124868000][th:85116123][info] GossipPubSub Interface addresses (0):
[2026-08-26 17:46:05.124869000][th:85116123][info] GossipPubSub === RAW OBSERVED ADDRESS DEBUG ===
[2026-08-26 17:46:05.124872000][th:85116123][info] GossipPubSub Local address: /ip4/0.0.0.0/tcp/54622/p2p/12D3KooWD4VeCbopHR8eGZ68XfkWqwSGqa36vrnP41HXE2BbvJM1 -> 0 raw observed, 0 activated+confirmed
[2026-08-26 17:46:05.124874000][th:85116123][info] GossipPubSub TOTAL: 0 raw observed addresses, 0 activated+confirmed addresses
[2026-08-26 17:46:05.124875000][th:85116123][info] GossipPubSub === END RAW OBSERVED ADDRESS DEBUG ===
[2026-08-26 17:46:05.124877000][th:85116123][info] GossipPubSub Observed addresses - all (0):
[2026-08-26 17:46:05.124878000][th:85116123][info] GossipPubSub Observed addresses - confirmed only (0):
[2026-08-26 17:46:05.124880000][th:85116123][info] GossipPubSub Relay addresses (0):
[2026-08-26 17:46:05.124882000][th:85116123][warning] GossipPubSub Failed to get addresses from peer repository: not found
[2026-08-26 17:46:05.124914000][th:85116123][info] GossipPubSub Found 1 valid network interfaces
[2026-08-26 17:46:05.124916000][th:85116123][info] GossipPubSub Current network interfaces (1):
[2026-08-26 17:46:05.124918000][th:85116123][info] GossipPubSub   -> 192.168.1.6
[2026-08-26 17:46:05.124920000][th:85116123][info] GossipPubSub Active connections: 0
[2026-08-26 17:46:05.124921000][th:85116123][info] GossipPubSub === PEER CONNECTION DETAILS ===
[2026-08-26 17:46:05.124929000][th:85116123][info] GossipPubSub NOTE: Observed addresses need to be seen by 4+ different peer groups to become 'activated'
[2026-08-26 17:46:05.124932000][th:85116123][info] GossipPubSub NOTE: Current connections: 0, so max possible observers: 0
[2026-08-26 17:46:05.124934000][th:85116123][info] GossipPubSub === END PEER CONNECTION DETAILS ===
[2026-08-26 17:46:05.124936000][th:85116123][info] GossipPubSub Connection manager stats:
[2026-08-26 17:46:05.124938000][th:85116123][info] GossipPubSub   -> Max connections: 1000
[2026-08-26 17:46:05.124939000][th:85116123][info] GossipPubSub   -> Current connections: 0
[2026-08-26 17:46:05.124941000][th:85116123][info] GossipPubSub === END NETWORK STATE ===
[2026-08-26 17:46:05.125071000][th:85116123][info] GossipPubSub /ip4/0.0.0.0/tcp/54622/p2p/12D3KooWD4VeCbopHR8eGZ68XfkWqwSGqa36vrnP41HXE2BbvJM1 : PubSub service started
[2026-08-26 17:46:05][info][GlobalDB] Opening database /Users/henriqueklein/gnus/SuperGenius/multi_node_finality_fault/restart-mint-validator-two/rocksdb
[2026-08-26 17:46:05][debug][GraphsyncDAGSyncer] GraphSyncer created 5064949320 
[2026-08-26 17:46:05][info][CrdtDatastore] crdt Datastore created. Number of heads: 2 Current max-height: 18446744073709551615
[2026-08-26 17:46:05][info][GeniusAccount] Secure storage ID path: /Users/henriqueklein/gnus/SuperGenius/multi_node_finality_fault/restart-mint-validator-two/account/secure_storage_id
[2026-08-26 17:46:05][info][GeniusAccount] Loaded public key from file: 7c036ccec1a213b3... (length: 128)
[2026-08-26 17:46:05][info][GeniusAccount] Successfully loaded key_seed from storage
[2026-08-26 17:46:05][info][GeniusAccount] Validation successful: key_seed matches stored public key
[2026-08-26 17:46:05][warning][UTXOManager] Skipping malformed UTXO key /utxo-checkpoint/7c036ccec1a213b3620aece736caadd2c49ace4750d56bc39d05fa51e448ad1fcab9c67d30625200cf574261167b2a224e956e6d94e63952cdabd5b8787b47a2/1
[2026-08-26 17:46:05][warning][UTXOManager] Skipping malformed UTXO key /utxo-checkpoint/7c036ccec1a213b3620aece736caadd2c49ace4750d56bc39d05fa51e448ad1fcab9c67d30625200cf574261167b2a224e956e6d94e63952cdabd5b8787b47a2/latest
[2026-08-26 17:46:05][info][Blockchain] [7c036cce] Blockchain instance created with authorized full node: 8a33bdf1
[2026-08-26 17:46:05][info][ValidatorRegistry] InitializeCache: cache initialized with CID QmUfuAnpdPcoey3UoQ4Emaj7BUpzswmv1c92xV43aRqoch
[2026-08-26 17:46:05][info][CRDTCallbackManager] Successfully registered new data callback for pattern: '/?gnus-validator-registry'
[2026-08-26 17:46:05][info][ValidatorRegistry] RegisterFilter: result=true
[2026-08-26 17:46:05][info][ValidatorRegistry] New: instance ready
[2026-08-26 17:46:05.151693000][th:85116123][info] GossipPubSub /ip4/0.0.0.0/tcp/54622/p2p/12D3KooWD4VeCbopHR8eGZ68XfkWqwSGqa36vrnP41HXE2BbvJM1: PubSub subscribed to topic 'gnus-validator-registry.3.7.144'
[2026-08-26 17:46:05.151714000][th:85116123][info] GossipPubSub /ip4/0.0.0.0/tcp/54622/p2p/12D3KooWD4VeCbopHR8eGZ68XfkWqwSGqa36vrnP41HXE2BbvJM1: PubSub subscribed to topic 'consensus-channel-.3.7.144'
[2026-08-26 17:46:05][info][CRDTCallbackManager] Successfully registered new data callback for pattern: '^/?cert/[^/]+'
[2026-08-26 17:46:05.151733000][th:85116123][info] GossipPubSub /ip4/0.0.0.0/tcp/54622/p2p/12D3KooWD4VeCbopHR8eGZ68XfkWqwSGqa36vrnP41HXE2BbvJM1: PubSub subscribed to topic 'consensus-channel-.3.7.144#datastore.3.7.144'
[2026-08-26 17:46:05][info][CRDTCallbackManager] Successfully registered new data callback for pattern: '/?gnus-genesis-block'
[2026-08-26 17:46:05][info][CRDTCallbackManager] Successfully registered new data callback for pattern: '/?gnus-account-creation-.*'
[2026-08-26 17:46:05][info][CRDTCallbackManager] Successfully registered new data callback for pattern: '^/?/bc-144/tx/[^/]+'
[2026-08-26 17:46:05][info][CRDTCallbackManager] Successfully registered deleted data callback for pattern: '^/?/bc-144/tx/[^/]+'
[2026-08-26 17:46:05][info][CRDTCallbackManager] Successfully registered new data callback for pattern: '^/?/bc-963/tx/[^/]+'
[2026-08-26 17:46:05][info][CRDTCallbackManager] Successfully registered deleted data callback for pattern: '^/?/bc-963/tx/[^/]+'
[2026-08-26 17:46:05][info][CRDTCallbackManager] Successfully registered new data callback for pattern: '^/?/bc-369/tx/[^/]+'
[2026-08-26 17:46:05][info][CRDTCallbackManager] Successfully registered deleted data callback for pattern: '^/?/bc-369/tx/[^/]+'
[2026-08-26 17:46:05][info][CRDTCallbackManager] Successfully unregistered new data callback for pattern: '^/?/bc-144/tx/[^/]+'
[2026-08-26 17:46:05][info][CRDTCallbackManager] Successfully unregistered deleted data callback for pattern: '^/?/bc-144/tx/[^/]+'
[2026-08-26 17:46:05][info][CRDTCallbackManager] Successfully unregistered new data callback for pattern: '^/?/bc-963/tx/[^/]+'
[2026-08-26 17:46:05][info][CRDTCallbackManager] Successfully unregistered deleted data callback for pattern: '^/?/bc-963/tx/[^/]+'
[2026-08-26 17:46:05][info][CRDTCallbackManager] Successfully unregistered new data callback for pattern: '^/?/bc-369/tx/[^/]+'
[2026-08-26 17:46:05][info][CRDTCallbackManager] Successfully unregistered deleted data callback for pattern: '^/?/bc-369/tx/[^/]+'
[2026-08-26 17:46:05][info][TransactionManager] [64e401ba - full: false] ~TransactionManager: Metrics — cert_fallback(success=0 failure=0) validation(approve=1 reject=0) tracking(insert=1 confirm=1 fail=0)
[2026-08-26 17:46:05][info][Blockchain] [64e401ba] Stopping blockchain
[2026-08-26 17:46:05][info][CRDTCallbackManager] Successfully unregistered new data callback for pattern: '/?gnus-genesis-block'
[2026-08-26 17:46:05][info][CRDTCallbackManager] Successfully unregistered new data callback for pattern: '/?gnus-account-creation-.*'
[2026-08-26 17:46:05][info][CRDTCallbackManager] Successfully unregistered new data callback for pattern: '/?gnus-validator-registry'
[2026-08-26 17:46:05.151904000][th:85115895][error] GossipPubSub Address monitoring timer error: Operation canceled
[2026-08-26 17:46:05][error][PubSubBroadcasterExt] No message to process
[2026-08-26 17:46:05][error][PubSubBroadcasterExt] No message to process
[2026-08-26 17:46:06][debug][GlobalDB] ~GlobalDB CALLED with count 6 on multi_node_finality_fault/restart-mint-validator-three/rocksdb 
[2026-08-26 17:46:06][info][GlobalDB] GlobalDB shutdown start
[2026-08-26 17:46:06][info][CrdtDatastore] CancelAndCloseNow: begin (pending_jobs=1, self_queue=0, root_queue=0, pending_roots=0, active_root=false)
[2026-08-26 17:46:06][debug][GraphsyncDAGSyncer] Stopping Dagsyncer
[2026-08-26 17:46:06][debug][GraphsyncDAGSyncer] Dagsyncer Stopped
[2026-08-26 17:46:06][info][CrdtDatastore] CancelAndCloseNow: CRDT workers stopped
[2026-08-26 17:46:06][warning][CrdtDatastore] CancelAndCloseNow called but shutdown has already started
[2026-08-26 17:46:06][debug][GraphsyncDAGSyncer] ~GraphsyncDAGSyncer CALLED
[2026-08-26 17:46:06][info][GlobalDB] GlobalDB shutdown finished
[2026-08-26 17:46:06][info][KeyPairFileStorage] Path to keypairs multi_node_finality_fault/restart-mint-validator-three/keypair
[2026-08-26 17:46:06][info][KeyPairFileStorage] Peer ID from public key: 12D3KooWP3i37UErCPXansxRhgXJJyn7kfP7hFQfrkkUAXt2Kdyp
Current limits: 16384 (soft), 9223372036854775807 (hard)
New limits set successfully: 16384 (soft), 9223372036854775807 (hard)
Initialized relay addresses
[2026-08-26 17:46:06.167513000][th:85114896][info] GossipPubSub /ip4/0.0.0.0/tcp/54623/p2p/12D3KooWP3i37UErCPXansxRhgXJJyn7kfP7hFQfrkkUAXt2Kdyp: Starting PubSub service
[2026-08-26 17:46:06.167581000][th:85116151][info] GossipPubSub Starting address monitoring system for mobile network changes
[2026-08-26 17:46:06.167585000][th:85116151][info] GossipPubSub === CURRENT NETWORK STATE ===
[2026-08-26 17:46:06.167592000][th:85116151][info] GossipPubSub Primary listening address: /ip4/0.0.0.0/tcp/54623/p2p/12D3KooWP3i37UErCPXansxRhgXJJyn7kfP7hFQfrkkUAXt2Kdyp
[2026-08-26 17:46:06.167594000][th:85116151][info] GossipPubSub Host peer info addresses (0):
[2026-08-26 17:46:06.167596000][th:85116151][info] GossipPubSub Additional addresses we track (0):
[2026-08-26 17:46:06.167598000][th:85116151][info] GossipPubSub Listening addresses (1):
[2026-08-26 17:46:06.167600000][th:85116151][info] GossipPubSub   -> /ip4/0.0.0.0/tcp/54623/p2p/12D3KooWP3i37UErCPXansxRhgXJJyn7kfP7hFQfrkkUAXt2Kdyp
[2026-08-26 17:46:06.167601000][th:85116151][info] GossipPubSub Interface addresses (0):
[2026-08-26 17:46:06.167603000][th:85116151][info] GossipPubSub === RAW OBSERVED ADDRESS DEBUG ===
[2026-08-26 17:46:06.167608000][th:85116151][info] GossipPubSub Local address: /ip4/0.0.0.0/tcp/54623/p2p/12D3KooWP3i37UErCPXansxRhgXJJyn7kfP7hFQfrkkUAXt2Kdyp -> 0 raw observed, 0 activated+confirmed
[2026-08-26 17:46:06.167610000][th:85116151][info] GossipPubSub TOTAL: 0 raw observed addresses, 0 activated+confirmed addresses
[2026-08-26 17:46:06.167612000][th:85116151][info] GossipPubSub === END RAW OBSERVED ADDRESS DEBUG ===
[2026-08-26 17:46:06.167613000][th:85116151][info] GossipPubSub Observed addresses - all (0):
[2026-08-26 17:46:06.167615000][th:85116151][info] GossipPubSub Observed addresses - confirmed only (0):
[2026-08-26 17:46:06.167616000][th:85116151][info] GossipPubSub Relay addresses (0):
[2026-08-26 17:46:06.167619000][th:85116151][warning] GossipPubSub Failed to get addresses from peer repository: not found
[2026-08-26 17:46:06.167650000][th:85116151][info] GossipPubSub Found 1 valid network interfaces
[2026-08-26 17:46:06.167652000][th:85116151][info] GossipPubSub Current network interfaces (1):
[2026-08-26 17:46:06.167653000][th:85116151][info] GossipPubSub   -> 192.168.1.6
[2026-08-26 17:46:06.167655000][th:85116151][info] GossipPubSub Active connections: 0
[2026-08-26 17:46:06.167657000][th:85116151][info] GossipPubSub === PEER CONNECTION DETAILS ===
[2026-08-26 17:46:06.167658000][th:85116151][info] GossipPubSub NOTE: Observed addresses need to be seen by 4+ different peer groups to become 'activated'
[2026-08-26 17:46:06.167660000][th:85116151][info] GossipPubSub NOTE: Current connections: 0, so max possible observers: 0
[2026-08-26 17:46:06.167661000][th:85116151][info] GossipPubSub === END PEER CONNECTION DETAILS ===
[2026-08-26 17:46:06.167663000][th:85116151][info] GossipPubSub Connection manager stats:
[2026-08-26 17:46:06.167664000][th:85116151][info] GossipPubSub   -> Max connections: 1000
[2026-08-26 17:46:06.167665000][th:85116151][info] GossipPubSub   -> Current connections: 0
[2026-08-26 17:46:06.167667000][th:85116151][info] GossipPubSub === END NETWORK STATE ===
[2026-08-26 17:46:06.167789000][th:85116151][info] GossipPubSub /ip4/0.0.0.0/tcp/54623/p2p/12D3KooWP3i37UErCPXansxRhgXJJyn7kfP7hFQfrkkUAXt2Kdyp : PubSub service started
[2026-08-26 17:46:06][info][GlobalDB] Opening database /Users/henriqueklein/gnus/SuperGenius/multi_node_finality_fault/restart-mint-validator-three/rocksdb
[2026-08-26 17:46:06][debug][GraphsyncDAGSyncer] GraphSyncer created 5066238120 
[2026-08-26 17:46:06][info][CrdtDatastore] crdt Datastore created. Number of heads: 2 Current max-height: 18446744073709551615
[2026-08-26 17:46:06][info][GeniusAccount] Secure storage ID path: /Users/henriqueklein/gnus/SuperGenius/multi_node_finality_fault/restart-mint-validator-three/account/secure_storage_id
[2026-08-26 17:46:06][info][GeniusAccount] Loaded public key from file: 64e401baf83bae9a... (length: 128)
[2026-08-26 17:46:06][info][GeniusAccount] Successfully loaded key_seed from storage
[2026-08-26 17:46:06][info][GeniusAccount] Validation successful: key_seed matches stored public key
[2026-08-26 17:46:06][warning][UTXOManager] Skipping malformed UTXO key /utxo-checkpoint/64e401baf83bae9a1a56962068eebb72b67d7b825605f0ff6d722140d96f1a379171234a80808d1aee70e414059dcb9fbc7e2891d976faaefe08c19d668d16fb/1
[2026-08-26 17:46:06][warning][UTXOManager] Skipping malformed UTXO key /utxo-checkpoint/64e401baf83bae9a1a56962068eebb72b67d7b825605f0ff6d722140d96f1a379171234a80808d1aee70e414059dcb9fbc7e2891d976faaefe08c19d668d16fb/latest
[2026-08-26 17:46:06][info][Blockchain] [64e401ba] Blockchain instance created with authorized full node: 8a33bdf1
[2026-08-26 17:46:06][info][ValidatorRegistry] InitializeCache: cache initialized with CID QmUfuAnpdPcoey3UoQ4Emaj7BUpzswmv1c92xV43aRqoch
[2026-08-26 17:46:06][info][CRDTCallbackManager] Successfully registered new data callback for pattern: '/?gnus-validator-registry'
[2026-08-26 17:46:06][info][ValidatorRegistry] RegisterFilter: result=true
[2026-08-26 17:46:06][info][ValidatorRegistry] New: instance ready
[2026-08-26 17:46:06.187968000][th:85116151][info] GossipPubSub /ip4/0.0.0.0/tcp/54623/p2p/12D3KooWP3i37UErCPXansxRhgXJJyn7kfP7hFQfrkkUAXt2Kdyp: PubSub subscribed to topic 'gnus-validator-registry.3.7.144'
[2026-08-26 17:46:06][info][CRDTCallbackManager] Successfully registered new data callback for pattern: '^/?cert/[^/]+'
[2026-08-26 17:46:06.187994000][th:85116151][info] GossipPubSub /ip4/0.0.0.0/tcp/54623/p2p/12D3KooWP3i37UErCPXansxRhgXJJyn7kfP7hFQfrkkUAXt2Kdyp: PubSub subscribed to topic 'consensus-channel-.3.7.144'
[2026-08-26 17:46:06.188019000][th:85116151][info] GossipPubSub /ip4/0.0.0.0/tcp/54623/p2p/12D3KooWP3i37UErCPXansxRhgXJJyn7kfP7hFQfrkkUAXt2Kdyp: PubSub subscribed to topic 'consensus-channel-.3.7.144#datastore.3.7.144'
[2026-08-26 17:46:06][info][CRDTCallbackManager] Successfully registered new data callback for pattern: '/?gnus-genesis-block'
[2026-08-26 17:46:06][info][CRDTCallbackManager] Successfully registered new data callback for pattern: '/?gnus-account-creation-.*'
[2026-08-26 17:46:06][info][CRDTCallbackManager] Successfully registered new data callback for pattern: '^/?/bc-144/tx/[^/]+'
[2026-08-26 17:46:06][info][CRDTCallbackManager] Successfully registered deleted data callback for pattern: '^/?/bc-144/tx/[^/]+'
[2026-08-26 17:46:06][info][CRDTCallbackManager] Successfully registered new data callback for pattern: '^/?/bc-963/tx/[^/]+'
[2026-08-26 17:46:06][info][CRDTCallbackManager] Successfully registered deleted data callback for pattern: '^/?/bc-963/tx/[^/]+'
[2026-08-26 17:46:06][info][CRDTCallbackManager] Successfully registered new data callback for pattern: '^/?/bc-369/tx/[^/]+'
[2026-08-26 17:46:06][info][CRDTCallbackManager] Successfully registered deleted data callback for pattern: '^/?/bc-369/tx/[^/]+'
[2026-08-26 17:46:06][info][CRDTCallbackManager] Successfully unregistered new data callback for pattern: '^/?/bc-144/tx/[^/]+'
[2026-08-26 17:46:06][info][CRDTCallbackManager] Successfully unregistered deleted data callback for pattern: '^/?/bc-144/tx/[^/]+'
[2026-08-26 17:46:06][info][CRDTCallbackManager] Successfully unregistered new data callback for pattern: '^/?/bc-963/tx/[^/]+'
[2026-08-26 17:46:06][info][CRDTCallbackManager] Successfully unregistered deleted data callback for pattern: '^/?/bc-963/tx/[^/]+'
[2026-08-26 17:46:06][info][CRDTCallbackManager] Successfully unregistered new data callback for pattern: '^/?/bc-369/tx/[^/]+'
[2026-08-26 17:46:06][info][CRDTCallbackManager] Successfully unregistered deleted data callback for pattern: '^/?/bc-369/tx/[^/]+'
[2026-08-26 17:46:06][info][TransactionManager] [4572d4a1 - full: false] ~TransactionManager: Metrics — cert_fallback(success=0 failure=0) validation(approve=1 reject=0) tracking(insert=1 confirm=1 fail=0)
[2026-08-26 17:46:06][info][Blockchain] [4572d4a1] Stopping blockchain
[2026-08-26 17:46:06][info][CRDTCallbackManager] Successfully unregistered new data callback for pattern: '/?gnus-genesis-block'
[2026-08-26 17:46:06][info][CRDTCallbackManager] Successfully unregistered new data callback for pattern: '/?gnus-account-creation-.*'
[2026-08-26 17:46:06][info][CRDTCallbackManager] Successfully unregistered new data callback for pattern: '/?gnus-validator-registry'
[2026-08-26 17:46:06.188162000][th:85115918][error] GossipPubSub Address monitoring timer error: Operation canceled
[2026-08-26 17:46:06][error][PubSubBroadcasterExt] No message to process
[2026-08-26 17:46:06][error][PubSubBroadcasterExt] No message to process
[2026-08-26 17:46:07][debug][GlobalDB] ~GlobalDB CALLED with count 6 on multi_node_finality_fault/restart-mint-passive/rocksdb 
[2026-08-26 17:46:07][info][GlobalDB] GlobalDB shutdown start
[2026-08-26 17:46:07][info][CrdtDatastore] CancelAndCloseNow: begin (pending_jobs=1, self_queue=0, root_queue=0, pending_roots=0, active_root=false)
[2026-08-26 17:46:07][debug][GraphsyncDAGSyncer] Stopping Dagsyncer
[2026-08-26 17:46:07][debug][GraphsyncDAGSyncer] Dagsyncer Stopped
[2026-08-26 17:46:07][info][CrdtDatastore] CancelAndCloseNow: CRDT workers stopped
[2026-08-26 17:46:07][warning][CrdtDatastore] CancelAndCloseNow called but shutdown has already started
[2026-08-26 17:46:07][debug][GraphsyncDAGSyncer] ~GraphsyncDAGSyncer CALLED
[2026-08-26 17:46:07][info][GlobalDB] GlobalDB shutdown finished
[2026-08-26 17:46:07][info][KeyPairFileStorage] Path to keypairs multi_node_finality_fault/restart-mint-passive/keypair
[2026-08-26 17:46:07][info][KeyPairFileStorage] Peer ID from public key: 12D3KooWAHs4cqDAaiH71K4YuuPd7jGMZGSfkgbWrZcJ4oVseRAq
Current limits: 16384 (soft), 9223372036854775807 (hard)
New limits set successfully: 16384 (soft), 9223372036854775807 (hard)
Initialized relay addresses
[2026-08-26 17:46:07.199651000][th:85114896][info] GossipPubSub /ip4/0.0.0.0/tcp/54624/p2p/12D3KooWAHs4cqDAaiH71K4YuuPd7jGMZGSfkgbWrZcJ4oVseRAq: Starting PubSub service
[2026-08-26 17:46:07.199703000][th:85116186][info] GossipPubSub Starting address monitoring system for mobile network changes
[2026-08-26 17:46:07.199706000][th:85116186][info] GossipPubSub === CURRENT NETWORK STATE ===
[2026-08-26 17:46:07.199713000][th:85116186][info] GossipPubSub Primary listening address: /ip4/0.0.0.0/tcp/54624/p2p/12D3KooWAHs4cqDAaiH71K4YuuPd7jGMZGSfkgbWrZcJ4oVseRAq
[2026-08-26 17:46:07.199715000][th:85116186][info] GossipPubSub Host peer info addresses (0):
[2026-08-26 17:46:07.199717000][th:85116186][info] GossipPubSub Additional addresses we track (0):
[2026-08-26 17:46:07.199719000][th:85116186][info] GossipPubSub Listening addresses (1):
[2026-08-26 17:46:07.199721000][th:85116186][info] GossipPubSub   -> /ip4/0.0.0.0/tcp/54624/p2p/12D3KooWAHs4cqDAaiH71K4YuuPd7jGMZGSfkgbWrZcJ4oVseRAq
[2026-08-26 17:46:07.199723000][th:85116186][info] GossipPubSub Interface addresses (0):
[2026-08-26 17:46:07.199725000][th:85116186][info] GossipPubSub === RAW OBSERVED ADDRESS DEBUG ===
[2026-08-26 17:46:07.199728000][th:85116186][info] GossipPubSub Local address: /ip4/0.0.0.0/tcp/54624/p2p/12D3KooWAHs4cqDAaiH71K4YuuPd7jGMZGSfkgbWrZcJ4oVseRAq -> 0 raw observed, 0 activated+confirmed
[2026-08-26 17:46:07.199730000][th:85116186][info] GossipPubSub TOTAL: 0 raw observed addresses, 0 activated+confirmed addresses
[2026-08-26 17:46:07.199731000][th:85116186][info] GossipPubSub === END RAW OBSERVED ADDRESS DEBUG ===
[2026-08-26 17:46:07.199733000][th:85116186][info] GossipPubSub Observed addresses - all (0):
[2026-08-26 17:46:07.199735000][th:85116186][info] GossipPubSub Observed addresses - confirmed only (0):
[2026-08-26 17:46:07.199736000][th:85116186][info] GossipPubSub Relay addresses (0):
[2026-08-26 17:46:07.199739000][th:85116186][warning] GossipPubSub Failed to get addresses from peer repository: not found
[2026-08-26 17:46:07.199769000][th:85116186][info] GossipPubSub Found 1 valid network interfaces
[2026-08-26 17:46:07.199771000][th:85116186][info] GossipPubSub Current network interfaces (1):
[2026-08-26 17:46:07.199772000][th:85116186][info] GossipPubSub   -> 192.168.1.6
[2026-08-26 17:46:07.199774000][th:85116186][info] GossipPubSub Active connections: 0
[2026-08-26 17:46:07.199775000][th:85116186][info] GossipPubSub === PEER CONNECTION DETAILS ===
[2026-08-26 17:46:07.199776000][th:85116186][info] GossipPubSub NOTE: Observed addresses need to be seen by 4+ different peer groups to become 'activated'
[2026-08-26 17:46:07.199778000][th:85116186][info] GossipPubSub NOTE: Current connections: 0, so max possible observers: 0
[2026-08-26 17:46:07.199779000][th:85116186][info] GossipPubSub === END PEER CONNECTION DETAILS ===
[2026-08-26 17:46:07.199780000][th:85116186][info] GossipPubSub Connection manager stats:
[2026-08-26 17:46:07.199782000][th:85116186][info] GossipPubSub   -> Max connections: 1000
[2026-08-26 17:46:07.199783000][th:85116186][info] GossipPubSub   -> Current connections: 0
[2026-08-26 17:46:07.199784000][th:85116186][info] GossipPubSub === END NETWORK STATE ===
[2026-08-26 17:46:07.199915000][th:85116186][info] GossipPubSub /ip4/0.0.0.0/tcp/54624/p2p/12D3KooWAHs4cqDAaiH71K4YuuPd7jGMZGSfkgbWrZcJ4oVseRAq : PubSub service started
[2026-08-26 17:46:07][info][GlobalDB] Opening database /Users/henriqueklein/gnus/SuperGenius/multi_node_finality_fault/restart-mint-passive/rocksdb
[2026-08-26 17:46:07][debug][GraphsyncDAGSyncer] GraphSyncer created 5066336184 
[2026-08-26 17:46:07][info][CrdtDatastore] crdt Datastore created. Number of heads: 2 Current max-height: 18446744073709551615
[2026-08-26 17:46:07][info][GeniusAccount] Secure storage ID path: /Users/henriqueklein/gnus/SuperGenius/multi_node_finality_fault/restart-mint-passive/account/secure_storage_id
[2026-08-26 17:46:07][info][GeniusAccount] Loaded public key from file: 4572d4a1b0a147f7... (length: 128)
[2026-08-26 17:46:07][info][GeniusAccount] Successfully loaded key_seed from storage
[2026-08-26 17:46:07][info][GeniusAccount] Validation successful: key_seed matches stored public key
[2026-08-26 17:46:07][warning][UTXOManager] Skipping malformed UTXO key /utxo-checkpoint/4572d4a1b0a147f7344f7a4f440a9d43e3b613328196dd39c16b4e75c580a4cba01e3bc09ed51c21fa71415aee49e28a58a46d7b0ec634966c8932f4cc290396/1
[2026-08-26 17:46:07][warning][UTXOManager] Skipping malformed UTXO key /utxo-checkpoint/4572d4a1b0a147f7344f7a4f440a9d43e3b613328196dd39c16b4e75c580a4cba01e3bc09ed51c21fa71415aee49e28a58a46d7b0ec634966c8932f4cc290396/latest
[2026-08-26 17:46:07][info][Blockchain] [4572d4a1] Blockchain instance created with authorized full node: 8a33bdf1
[2026-08-26 17:46:07][info][ValidatorRegistry] InitializeCache: cache initialized with CID QmUfuAnpdPcoey3UoQ4Emaj7BUpzswmv1c92xV43aRqoch
[2026-08-26 17:46:07][info][CRDTCallbackManager] Successfully registered new data callback for pattern: '/?gnus-validator-registry'
[2026-08-26 17:46:07][info][ValidatorRegistry] RegisterFilter: result=true
[2026-08-26 17:46:07][info][ValidatorRegistry] New: instance ready
[2026-08-26 17:46:07.227740000][th:85116186][info] GossipPubSub /ip4/0.0.0.0/tcp/54624/p2p/12D3KooWAHs4cqDAaiH71K4YuuPd7jGMZGSfkgbWrZcJ4oVseRAq: PubSub subscribed to topic 'gnus-validator-registry.3.7.144'
[2026-08-26 17:46:07][info][CRDTCallbackManager] Successfully registered new data callback for pattern: '^/?cert/[^/]+'
[2026-08-26 17:46:07.227794000][th:85116186][info] GossipPubSub /ip4/0.0.0.0/tcp/54624/p2p/12D3KooWAHs4cqDAaiH71K4YuuPd7jGMZGSfkgbWrZcJ4oVseRAq: PubSub subscribed to topic 'consensus-channel-.3.7.144'
[2026-08-26 17:46:07][info][CRDTCallbackManager] Successfully registered new data callback for pattern: '/?gnus-genesis-block'
[2026-08-26 17:46:07][info][CRDTCallbackManager] Successfully registered new data callback for pattern: '/?gnus-account-creation-.*'
[2026-08-26 17:46:07][info][CRDTCallbackManager] Successfully registered new data callback for pattern: '^/?/bc-144/tx/[^/]+'
[2026-08-26 17:46:07][info][CRDTCallbackManager] Successfully registered deleted data callback for pattern: '^/?/bc-144/tx/[^/]+'
[2026-08-26 17:46:07][info][CRDTCallbackManager] Successfully registered new data callback for pattern: '^/?/bc-963/tx/[^/]+'
[2026-08-26 17:46:07][info][CRDTCallbackManager] Successfully registered deleted data callback for pattern: '^/?/bc-963/tx/[^/]+'
[2026-08-26 17:46:07.227837000][th:85116186][info] GossipPubSub /ip4/0.0.0.0/tcp/54624/p2p/12D3KooWAHs4cqDAaiH71K4YuuPd7jGMZGSfkgbWrZcJ4oVseRAq: PubSub subscribed to topic 'consensus-channel-.3.7.144#datastore.3.7.144'
[2026-08-26 17:46:07][info][CRDTCallbackManager] Successfully registered new data callback for pattern: '^/?/bc-369/tx/[^/]+'
[2026-08-26 17:46:07][info][CRDTCallbackManager] Successfully registered deleted data callback for pattern: '^/?/bc-369/tx/[^/]+'
[2026-08-26 17:46:07.227941000][th:85116086][info] GossipPubSub Adding new peer: 12D3KooWD4VeCbopHR8eGZ68XfkWqwSGqa36vrnP41HXE2BbvJM1
[2026-08-26 17:46:07.227992000][th:85116086][info] GossipPubSub Adding new peer: 12D3KooWP3i37UErCPXansxRhgXJJyn7kfP7hFQfrkkUAXt2Kdyp
[2026-08-26 17:46:07.228032000][th:85116086][info] GossipPubSub Adding new peer: 12D3KooWAHs4cqDAaiH71K4YuuPd7jGMZGSfkgbWrZcJ4oVseRAq
[2026-08-26 17:46:07.228051000][th:85116123][info] GossipPubSub Adding new peer: 12D3KooWQjjEFY15Fj6buQfK1SjBeU3bji88hVdPVni1ibHcFEtK
[2026-08-26 17:46:07.228098000][th:85116123][info] GossipPubSub Adding new peer: 12D3KooWP3i37UErCPXansxRhgXJJyn7kfP7hFQfrkkUAXt2Kdyp
[2026-08-26 17:46:07.228141000][th:85116123][info] GossipPubSub Adding new peer: 12D3KooWAHs4cqDAaiH71K4YuuPd7jGMZGSfkgbWrZcJ4oVseRAq
[2026-08-26 17:46:07.228146000][th:85116151][info] GossipPubSub Adding new peer: 12D3KooWQjjEFY15Fj6buQfK1SjBeU3bji88hVdPVni1ibHcFEtK
[2026-08-26 17:46:07.228177000][th:85116151][info] GossipPubSub Adding new peer: 12D3KooWD4VeCbopHR8eGZ68XfkWqwSGqa36vrnP41HXE2BbvJM1
[2026-08-26 17:46:07.228210000][th:85116151][info] GossipPubSub Adding new peer: 12D3KooWAHs4cqDAaiH71K4YuuPd7jGMZGSfkgbWrZcJ4oVseRAq
[2026-08-26 17:46:07.228242000][th:85116186][info] GossipPubSub Adding new peer: 12D3KooWQjjEFY15Fj6buQfK1SjBeU3bji88hVdPVni1ibHcFEtK
[2026-08-26 17:46:07.228273000][th:85116186][info] GossipPubSub Adding new peer: 12D3KooWD4VeCbopHR8eGZ68XfkWqwSGqa36vrnP41HXE2BbvJM1
[2026-08-26 17:46:07.228305000][th:85116186][info] GossipPubSub Adding new peer: 12D3KooWP3i37UErCPXansxRhgXJJyn7kfP7hFQfrkkUAXt2Kdyp
[2026-08-26 17:46:07][info][CRDTCallbackManager] Successfully unregistered new data callback for pattern: '^/?/bc-144/tx/[^/]+'
[2026-08-26 17:46:07][info][CRDTCallbackManager] Successfully unregistered deleted data callback for pattern: '^/?/bc-144/tx/[^/]+'
[2026-08-26 17:46:07][info][CRDTCallbackManager] Successfully unregistered new data callback for pattern: '^/?/bc-963/tx/[^/]+'
[2026-08-26 17:46:07][info][CRDTCallbackManager] Successfully unregistered deleted data callback for pattern: '^/?/bc-963/tx/[^/]+'
[2026-08-26 17:46:07][info][CRDTCallbackManager] Successfully unregistered new data callback for pattern: '^/?/bc-369/tx/[^/]+'
[2026-08-26 17:46:07][info][CRDTCallbackManager] Successfully unregistered deleted data callback for pattern: '^/?/bc-369/tx/[^/]+'
[2026-08-26 17:46:07][info][TransactionManager] [9cee4a11 - full: false] ~TransactionManager: Metrics — cert_fallback(success=0 failure=0) validation(approve=0 reject=0) tracking(insert=0 confirm=0 fail=0)
[2026-08-26 17:46:07][info][Blockchain] [9cee4a11] Stopping blockchain
[2026-08-26 17:46:07][info][CRDTCallbackManager] Successfully unregistered new data callback for pattern: '/?gnus-genesis-block'
[2026-08-26 17:46:07][info][CRDTCallbackManager] Successfully unregistered new data callback for pattern: '/?gnus-account-creation-.*'
[2026-08-26 17:46:07][info][CRDTCallbackManager] Successfully unregistered new data callback for pattern: '/?gnus-validator-registry'
[2026-08-26 17:46:07.304141000][th:85116086][error] GossipPubSub Address monitoring timer error: Operation canceled
[2026-08-26 17:46:07][error][PubSubBroadcasterExt] No message to process
[2026-08-26 17:46:07][error][PubSubBroadcasterExt] No message to process
[2026-08-26 17:46:08][debug][GlobalDB] ~GlobalDB CALLED with count 6 on multi_node_finality_fault/restart-mint-validator-one/rocksdb 
[2026-08-26 17:46:08][info][GlobalDB] GlobalDB shutdown start
[2026-08-26 17:46:08][info][CrdtDatastore] CancelAndCloseNow: begin (pending_jobs=0, self_queue=0, root_queue=0, pending_roots=0, active_root=false)
[2026-08-26 17:46:08][debug][GraphsyncDAGSyncer] Stopping Dagsyncer
[2026-08-26 17:46:08][debug][GraphsyncDAGSyncer] Dagsyncer Stopped
[2026-08-26 17:46:08][info][CrdtDatastore] CancelAndCloseNow: CRDT workers stopped
[2026-08-26 17:46:08][warning][CrdtDatastore] CancelAndCloseNow called but shutdown has already started
[2026-08-26 17:46:08][debug][GraphsyncDAGSyncer] ~GraphsyncDAGSyncer CALLED
[2026-08-26 17:46:08][info][GlobalDB] GlobalDB shutdown finished
[2026-08-26 17:46:08][info][CRDTCallbackManager] Successfully unregistered new data callback for pattern: '^/?/bc-144/tx/[^/]+'
[2026-08-26 17:46:08][info][CRDTCallbackManager] Successfully unregistered deleted data callback for pattern: '^/?/bc-144/tx/[^/]+'
[2026-08-26 17:46:08][info][CRDTCallbackManager] Successfully unregistered new data callback for pattern: '^/?/bc-963/tx/[^/]+'
[2026-08-26 17:46:08][info][CRDTCallbackManager] Successfully unregistered deleted data callback for pattern: '^/?/bc-963/tx/[^/]+'
[2026-08-26 17:46:08][info][CRDTCallbackManager] Successfully unregistered new data callback for pattern: '^/?/bc-369/tx/[^/]+'
[2026-08-26 17:46:08][info][CRDTCallbackManager] Successfully unregistered deleted data callback for pattern: '^/?/bc-369/tx/[^/]+'
[2026-08-26 17:46:08][info][TransactionManager] [7c036cce - full: false] ~TransactionManager: Metrics — cert_fallback(success=0 failure=0) validation(approve=0 reject=0) tracking(insert=0 confirm=0 fail=0)
[2026-08-26 17:46:08][info][Blockchain] [7c036cce] Stopping blockchain
[2026-08-26 17:46:08][info][CRDTCallbackManager] Successfully unregistered new data callback for pattern: '/?gnus-genesis-block'
[2026-08-26 17:46:08][info][CRDTCallbackManager] Successfully unregistered new data callback for pattern: '/?gnus-account-creation-.*'
[2026-08-26 17:46:08][info][CRDTCallbackManager] Successfully unregistered new data callback for pattern: '/?gnus-validator-registry'
[2026-08-26 17:46:08.665828000][th:85116123][error] GossipPubSub Address monitoring timer error: Operation canceled
[2026-08-26 17:46:08][error][PubSubBroadcasterExt] No message to process
[2026-08-26 17:46:08][error][PubSubBroadcasterExt] No message to process
[2026-08-26 17:46:09][debug][GlobalDB] ~GlobalDB CALLED with count 6 on multi_node_finality_fault/restart-mint-validator-two/rocksdb 
[2026-08-26 17:46:09][info][GlobalDB] GlobalDB shutdown start
[2026-08-26 17:46:09][info][CrdtDatastore] CancelAndCloseNow: begin (pending_jobs=0, self_queue=0, root_queue=0, pending_roots=0, active_root=false)
[2026-08-26 17:46:09][debug][GraphsyncDAGSyncer] Stopping Dagsyncer
[2026-08-26 17:46:09][debug][GraphsyncDAGSyncer] Dagsyncer Stopped
[2026-08-26 17:46:09][info][CrdtDatastore] CancelAndCloseNow: CRDT workers stopped
[2026-08-26 17:46:09][warning][CrdtDatastore] CancelAndCloseNow called but shutdown has already started
[2026-08-26 17:46:09][debug][GraphsyncDAGSyncer] ~GraphsyncDAGSyncer CALLED
[2026-08-26 17:46:09][info][GlobalDB] GlobalDB shutdown finished
[2026-08-26 17:46:09][info][CRDTCallbackManager] Successfully unregistered new data callback for pattern: '^/?/bc-144/tx/[^/]+'
[2026-08-26 17:46:09][info][CRDTCallbackManager] Successfully unregistered deleted data callback for pattern: '^/?/bc-144/tx/[^/]+'
[2026-08-26 17:46:09][info][CRDTCallbackManager] Successfully unregistered new data callback for pattern: '^/?/bc-963/tx/[^/]+'
[2026-08-26 17:46:09][info][CRDTCallbackManager] Successfully unregistered deleted data callback for pattern: '^/?/bc-963/tx/[^/]+'
[2026-08-26 17:46:09][info][CRDTCallbackManager] Successfully unregistered new data callback for pattern: '^/?/bc-369/tx/[^/]+'
[2026-08-26 17:46:09][info][CRDTCallbackManager] Successfully unregistered deleted data callback for pattern: '^/?/bc-369/tx/[^/]+'
[2026-08-26 17:46:09][info][TransactionManager] [64e401ba - full: false] ~TransactionManager: Metrics — cert_fallback(success=0 failure=0) validation(approve=0 reject=0) tracking(insert=0 confirm=0 fail=0)
[2026-08-26 17:46:09][info][Blockchain] [64e401ba] Stopping blockchain
[2026-08-26 17:46:09][info][CRDTCallbackManager] Successfully unregistered new data callback for pattern: '/?gnus-genesis-block'
[2026-08-26 17:46:09][info][CRDTCallbackManager] Successfully unregistered new data callback for pattern: '/?gnus-account-creation-.*'
[2026-08-26 17:46:09][info][CRDTCallbackManager] Successfully unregistered new data callback for pattern: '/?gnus-validator-registry'
[2026-08-26 17:46:09.683931000][th:85116151][error] GossipPubSub Address monitoring timer error: Operation canceled
[2026-08-26 17:46:09][error][PubSubBroadcasterExt] No message to process
[2026-08-26 17:46:09][error][PubSubBroadcasterExt] No message to process
[2026-08-26 17:46:10][debug][GlobalDB] ~GlobalDB CALLED with count 6 on multi_node_finality_fault/restart-mint-validator-three/rocksdb 
[2026-08-26 17:46:10][info][GlobalDB] GlobalDB shutdown start
[2026-08-26 17:46:10][info][CrdtDatastore] CancelAndCloseNow: begin (pending_jobs=0, self_queue=0, root_queue=0, pending_roots=0, active_root=false)
[2026-08-26 17:46:10][debug][GraphsyncDAGSyncer] Stopping Dagsyncer
[2026-08-26 17:46:10][debug][GraphsyncDAGSyncer] Dagsyncer Stopped
[2026-08-26 17:46:10][info][CrdtDatastore] CancelAndCloseNow: CRDT workers stopped
[2026-08-26 17:46:10][warning][CrdtDatastore] CancelAndCloseNow called but shutdown has already started
[2026-08-26 17:46:10][debug][GraphsyncDAGSyncer] ~GraphsyncDAGSyncer CALLED
[2026-08-26 17:46:10][info][GlobalDB] GlobalDB shutdown finished
[2026-08-26 17:46:10][info][CRDTCallbackManager] Successfully unregistered new data callback for pattern: '^/?/bc-144/tx/[^/]+'
[2026-08-26 17:46:10][info][CRDTCallbackManager] Successfully unregistered deleted data callback for pattern: '^/?/bc-144/tx/[^/]+'
[2026-08-26 17:46:10][info][CRDTCallbackManager] Successfully unregistered new data callback for pattern: '^/?/bc-963/tx/[^/]+'
[2026-08-26 17:46:10][info][CRDTCallbackManager] Successfully unregistered deleted data callback for pattern: '^/?/bc-963/tx/[^/]+'
[2026-08-26 17:46:10][info][CRDTCallbackManager] Successfully unregistered new data callback for pattern: '^/?/bc-369/tx/[^/]+'
[2026-08-26 17:46:10][info][CRDTCallbackManager] Successfully unregistered deleted data callback for pattern: '^/?/bc-369/tx/[^/]+'
[2026-08-26 17:46:10][info][TransactionManager] [4572d4a1 - full: false] ~TransactionManager: Metrics — cert_fallback(success=0 failure=0) validation(approve=0 reject=0) tracking(insert=0 confirm=0 fail=0)
[2026-08-26 17:46:10][info][Blockchain] [4572d4a1] Stopping blockchain
[2026-08-26 17:46:10][info][CRDTCallbackManager] Successfully unregistered new data callback for pattern: '/?gnus-genesis-block'
[2026-08-26 17:46:10][info][CRDTCallbackManager] Successfully unregistered new data callback for pattern: '/?gnus-account-creation-.*'
[2026-08-26 17:46:10][info][CRDTCallbackManager] Successfully unregistered new data callback for pattern: '/?gnus-validator-registry'
[2026-08-26 17:46:10.715918000][th:85116186][error] GossipPubSub Address monitoring timer error: Operation canceled
[2026-08-26 17:46:10][error][PubSubBroadcasterExt] No message to process
[2026-08-26 17:46:10][error][PubSubBroadcasterExt] No message to process
[2026-08-26 17:46:11][debug][GlobalDB] ~GlobalDB CALLED with count 6 on multi_node_finality_fault/restart-mint-passive/rocksdb 
[2026-08-26 17:46:11][info][GlobalDB] GlobalDB shutdown start
[2026-08-26 17:46:11][info][CrdtDatastore] CancelAndCloseNow: begin (pending_jobs=0, self_queue=0, root_queue=0, pending_roots=0, active_root=false)
[2026-08-26 17:46:11][debug][GraphsyncDAGSyncer] Stopping Dagsyncer
[2026-08-26 17:46:11][debug][GraphsyncDAGSyncer] Dagsyncer Stopped
[2026-08-26 17:46:11][info][CrdtDatastore] CancelAndCloseNow: CRDT workers stopped
[2026-08-26 17:46:11][warning][CrdtDatastore] CancelAndCloseNow called but shutdown has already started
[2026-08-26 17:46:11][debug][GraphsyncDAGSyncer] ~GraphsyncDAGSyncer CALLED
[2026-08-26 17:46:11][info][GlobalDB] GlobalDB shutdown finished
P12_MINT_MARKER_DIAG run=3 outcome=pass boundary=none state=complete error=none sequence=6
[2026-08-26 17:46:11.751292000][th:85114924][error] GossipPubSub Address monitoring timer error: Operation canceled
[2026-08-26 17:46:11][error][PubSubBroadcasterExt] No message to process
[2026-08-26 17:46:12][debug][GlobalDB] ~GlobalDB CALLED with count 5 on CRDT.Datastore.TEST.unit_1 
[2026-08-26 17:46:12][info][GlobalDB] GlobalDB shutdown start
[2026-08-26 17:46:12][info][CrdtDatastore] CancelAndCloseNow: begin (pending_jobs=0, self_queue=0, root_queue=0, pending_roots=0, active_root=false)
[2026-08-26 17:46:12][debug][GraphsyncDAGSyncer] Stopping Dagsyncer
[2026-08-26 17:46:12][debug][GraphsyncDAGSyncer] Dagsyncer Stopped
[2026-08-26 17:46:12][info][CrdtDatastore] CancelAndCloseNow: CRDT workers stopped
[2026-08-26 17:46:12][warning][CrdtDatastore] CancelAndCloseNow called but shutdown has already started
[2026-08-26 17:46:12][debug][GraphsyncDAGSyncer] ~GraphsyncDAGSyncer CALLED
[2026-08-26 17:46:12][info][GlobalDB] GlobalDB shutdown finished
[       OK ] FinalityFaultNetwork.RestartAtVoteCertificateAndMintDurableBoundariesRecoversExactlyOnce (53958 ms)
[----------] 1 test from FinalityFaultNetwork (53958 ms total)

[----------] Global test environment tear-down
[==========] 1 test from 1 test suite ran. (53958 ms total)
[  PASSED  ] 1 test.
