Running main() from /Users/henriqueklein/gnus/thirdparty/GTest/googletest/src/gtest_main.cc
Note: Google Test filter = FinalityFaultNetwork.RestartAtVoteCertificateAndMintDurableBoundariesRecoversExactlyOnce
[==========] Running 1 test from 1 test suite.
[----------] Global test environment set-up.
[----------] 1 test from FinalityFaultNetwork
[ RUN      ] FinalityFaultNetwork.RestartAtVoteCertificateAndMintDurableBoundariesRecoversExactlyOnce
[2026-08-26 17:42:50][info][KeyPairFileStorage] Path to keypairs CRDT.Datastore.TEST/unit_test_1
[2026-08-26 17:42:50][info][KeyPairFileStorage] Peer ID from public key: 12D3KooWFu76n4Kt7btLfV3q6asBowE7WTY5KwfN5no2F9T1pqiV
Current limits: 1048575 (soft), 9223372036854775807 (hard)
New limits set successfully: 16384 (soft), 9223372036854775807 (hard)
Initialized relay addresses
[2026-08-26 17:42:50][info][GlobalDB] Opening database /Users/henriqueklein/gnus/SuperGenius/CRDT.Datastore.TEST.unit_1
[2026-08-26 17:42:51][debug][GraphsyncDAGSyncer] GraphSyncer created 5000943928 
[2026-08-26 17:42:51][info][CrdtDatastore] crdt Datastore created. Number of heads: 0 Current max-height: 0
[2026-08-26 17:42:51.037923000][th:85111454][info] GossipPubSub /ip4/0.0.0.0/tcp/40001/p2p/12D3KooWFu76n4Kt7btLfV3q6asBowE7WTY5KwfN5no2F9T1pqiV: Starting PubSub service
[2026-08-26 17:42:51.038220000][th:85111497][info] GossipPubSub /ip4/0.0.0.0/tcp/40001/p2p/12D3KooWFu76n4Kt7btLfV3q6asBowE7WTY5KwfN5no2F9T1pqiV: PubSub subscribed to topic 'CRDT.Datastore.TEST.Channel.3.7.144'
[2026-08-26 17:42:51.038258000][th:85111497][info] GossipPubSub Starting address monitoring system for mobile network changes
[2026-08-26 17:42:51.038262000][th:85111497][info] GossipPubSub === CURRENT NETWORK STATE ===
[2026-08-26 17:42:51.038292000][th:85111497][info] GossipPubSub Primary listening address: /ip4/0.0.0.0/tcp/40001/p2p/12D3KooWFu76n4Kt7btLfV3q6asBowE7WTY5KwfN5no2F9T1pqiV
[2026-08-26 17:42:51.038296000][th:85111497][info] GossipPubSub Host peer info addresses (0):
[2026-08-26 17:42:51.038299000][th:85111497][info] GossipPubSub Additional addresses we track (0):
[2026-08-26 17:42:51.038302000][th:85111497][info] GossipPubSub Listening addresses (1):
[2026-08-26 17:42:51.038305000][th:85111497][info] GossipPubSub   -> /ip4/0.0.0.0/tcp/40001/p2p/12D3KooWFu76n4Kt7btLfV3q6asBowE7WTY5KwfN5no2F9T1pqiV
[2026-08-26 17:42:51.038308000][th:85111497][info] GossipPubSub Interface addresses (0):
[2026-08-26 17:42:51.038310000][th:85111497][info] GossipPubSub === RAW OBSERVED ADDRESS DEBUG ===
[2026-08-26 17:42:51.038315000][th:85111497][info] GossipPubSub Local address: /ip4/0.0.0.0/tcp/40001/p2p/12D3KooWFu76n4Kt7btLfV3q6asBowE7WTY5KwfN5no2F9T1pqiV -> 0 raw observed, 0 activated+confirmed
[2026-08-26 17:42:51.038318000][th:85111497][info] GossipPubSub TOTAL: 0 raw observed addresses, 0 activated+confirmed addresses
[2026-08-26 17:42:51.038320000][th:85111497][info] GossipPubSub === END RAW OBSERVED ADDRESS DEBUG ===
[2026-08-26 17:42:51.038323000][th:85111497][info] GossipPubSub Observed addresses - all (0):
[2026-08-26 17:42:51.038325000][th:85111497][info] GossipPubSub Observed addresses - confirmed only (0):
[2026-08-26 17:42:51.038328000][th:85111497][info] GossipPubSub Relay addresses (0):
[2026-08-26 17:42:51.038347000][th:85111497][warning] GossipPubSub Failed to get addresses from peer repository: not found
[2026-08-26 17:42:51.038636000][th:85111497][info] GossipPubSub Found 1 valid network interfaces
[2026-08-26 17:42:51.038641000][th:85111497][info] GossipPubSub Current network interfaces (1):
[2026-08-26 17:42:51.038644000][th:85111497][info] GossipPubSub   -> 192.168.1.6
[2026-08-26 17:42:51.038647000][th:85111497][info] GossipPubSub Active connections: 0
[2026-08-26 17:42:51.038650000][th:85111497][info] GossipPubSub === PEER CONNECTION DETAILS ===
[2026-08-26 17:42:51.038652000][th:85111497][info] GossipPubSub NOTE: Observed addresses need to be seen by 4+ different peer groups to become 'activated'
[2026-08-26 17:42:51.038655000][th:85111497][info] GossipPubSub NOTE: Current connections: 0, so max possible observers: 0
[2026-08-26 17:42:51.038668000][th:85111497][info] GossipPubSub === END PEER CONNECTION DETAILS ===
[2026-08-26 17:42:51.038670000][th:85111497][info] GossipPubSub Connection manager stats:
[2026-08-26 17:42:51.038673000][th:85111497][info] GossipPubSub   -> Max connections: 1000
[2026-08-26 17:42:51.038676000][th:85111497][info] GossipPubSub   -> Current connections: 0
[2026-08-26 17:42:51.038678000][th:85111497][info] GossipPubSub === END NETWORK STATE ===
[2026-08-26 17:42:51.038744000][th:85111497][info] GossipPubSub /ip4/0.0.0.0/tcp/40001/p2p/12D3KooWFu76n4Kt7btLfV3q6asBowE7WTY5KwfN5no2F9T1pqiV : PubSub service started
[2026-08-26 17:42:51][info][KeyPairFileStorage] Path to keypairs multi_node_finality_fault/restart-vote-validator-one/keypair
[2026-08-26 17:42:51][info][KeyPairFileStorage] Peer ID from public key: 12D3KooWRfKwtssY3KMRX27U9nhgxSM9ycNszQgDvHCDoz4kimXd
Current limits: 16384 (soft), 9223372036854775807 (hard)
New limits set successfully: 16384 (soft), 9223372036854775807 (hard)
Initialized relay addresses
[2026-08-26 17:42:51.041458000][th:85111454][info] GossipPubSub /ip4/0.0.0.0/tcp/54601/p2p/12D3KooWRfKwtssY3KMRX27U9nhgxSM9ycNszQgDvHCDoz4kimXd: Starting PubSub service
[2026-08-26 17:42:51.041546000][th:85111498][info] GossipPubSub Starting address monitoring system for mobile network changes
[2026-08-26 17:42:51.041553000][th:85111498][info] GossipPubSub === CURRENT NETWORK STATE ===
[2026-08-26 17:42:51.041564000][th:85111498][info] GossipPubSub Primary listening address: /ip4/0.0.0.0/tcp/54601/p2p/12D3KooWRfKwtssY3KMRX27U9nhgxSM9ycNszQgDvHCDoz4kimXd
[2026-08-26 17:42:51.041568000][th:85111498][info] GossipPubSub Host peer info addresses (0):
[2026-08-26 17:42:51.041571000][th:85111498][info] GossipPubSub Additional addresses we track (0):
[2026-08-26 17:42:51.041574000][th:85111498][info] GossipPubSub Listening addresses (1):
[2026-08-26 17:42:51.041577000][th:85111498][info] GossipPubSub   -> /ip4/0.0.0.0/tcp/54601/p2p/12D3KooWRfKwtssY3KMRX27U9nhgxSM9ycNszQgDvHCDoz4kimXd
[2026-08-26 17:42:51.041579000][th:85111498][info] GossipPubSub Interface addresses (0):
[2026-08-26 17:42:51.041582000][th:85111498][info] GossipPubSub === RAW OBSERVED ADDRESS DEBUG ===
[2026-08-26 17:42:51.041586000][th:85111498][info] GossipPubSub Local address: /ip4/0.0.0.0/tcp/54601/p2p/12D3KooWRfKwtssY3KMRX27U9nhgxSM9ycNszQgDvHCDoz4kimXd -> 0 raw observed, 0 activated+confirmed
[2026-08-26 17:42:51.041588000][th:85111498][info] GossipPubSub TOTAL: 0 raw observed addresses, 0 activated+confirmed addresses
[2026-08-26 17:42:51.041590000][th:85111498][info] GossipPubSub === END RAW OBSERVED ADDRESS DEBUG ===
[2026-08-26 17:42:51.041593000][th:85111498][info] GossipPubSub Observed addresses - all (0):
[2026-08-26 17:42:51.041595000][th:85111498][info] GossipPubSub Observed addresses - confirmed only (0):
[2026-08-26 17:42:51.041597000][th:85111498][info] GossipPubSub Relay addresses (0):
[2026-08-26 17:42:51.041600000][th:85111498][warning] GossipPubSub Failed to get addresses from peer repository: not found
[2026-08-26 17:42:51.041642000][th:85111498][info] GossipPubSub Found 1 valid network interfaces
[2026-08-26 17:42:51.041645000][th:85111498][info] GossipPubSub Current network interfaces (1):
[2026-08-26 17:42:51.041647000][th:85111498][info] GossipPubSub   -> 192.168.1.6
[2026-08-26 17:42:51.041649000][th:85111498][info] GossipPubSub Active connections: 0
[2026-08-26 17:42:51.041651000][th:85111498][info] GossipPubSub === PEER CONNECTION DETAILS ===
[2026-08-26 17:42:51.041653000][th:85111498][info] GossipPubSub NOTE: Observed addresses need to be seen by 4+ different peer groups to become 'activated'
[2026-08-26 17:42:51.041656000][th:85111498][info] GossipPubSub NOTE: Current connections: 0, so max possible observers: 0
[2026-08-26 17:42:51.041658000][th:85111498][info] GossipPubSub === END PEER CONNECTION DETAILS ===
[2026-08-26 17:42:51.041660000][th:85111498][info] GossipPubSub Connection manager stats:
[2026-08-26 17:42:51.041662000][th:85111498][info] GossipPubSub   -> Max connections: 1000
[2026-08-26 17:42:51.041664000][th:85111498][info] GossipPubSub   -> Current connections: 0
[2026-08-26 17:42:51.041674000][th:85111498][info] GossipPubSub === END NETWORK STATE ===
[2026-08-26 17:42:51.041935000][th:85111498][info] GossipPubSub /ip4/0.0.0.0/tcp/54601/p2p/12D3KooWRfKwtssY3KMRX27U9nhgxSM9ycNszQgDvHCDoz4kimXd : PubSub service started
[2026-08-26 17:42:51][info][GlobalDB] Opening database /Users/henriqueklein/gnus/SuperGenius/multi_node_finality_fault/restart-vote-validator-one/rocksdb
[2026-08-26 17:42:51][debug][GraphsyncDAGSyncer] GraphSyncer created 4980952520 
[2026-08-26 17:42:51][info][CrdtDatastore] crdt Datastore created. Number of heads: 0 Current max-height: 0
[2026-08-26 17:42:51][info][GeniusAccount] Secure storage ID path: /Users/henriqueklein/gnus/SuperGenius/multi_node_finality_fault/restart-vote-validator-one/account/secure_storage_id
[2026-08-26 17:42:51][error][GeniusAccount] Could not find existing Genius address, generating one from a random mnemonic
[2026-08-26 17:42:51][warning][UTXOManager] Found UTXOs in storage, but there were none
[2026-08-26 17:42:51][info][Blockchain] [79f61aab] Blockchain instance created with authorized full node: 8a33bdf1
[2026-08-26 17:42:51][error][ValidatorRegistry] InitializeCache: registry content not found during cache init
[2026-08-26 17:42:51][info][CRDTCallbackManager] Successfully registered new data callback for pattern: '/?gnus-validator-registry'
[2026-08-26 17:42:51][info][ValidatorRegistry] RegisterFilter: result=true
[2026-08-26 17:42:51][info][ValidatorRegistry] New: instance ready
[2026-08-26 17:42:51.080826000][th:85111498][info] GossipPubSub /ip4/0.0.0.0/tcp/54601/p2p/12D3KooWRfKwtssY3KMRX27U9nhgxSM9ycNszQgDvHCDoz4kimXd: PubSub subscribed to topic 'gnus-validator-registry.3.7.144'
[2026-08-26 17:42:51][info][CRDTCallbackManager] Successfully registered new data callback for pattern: '^/?cert/[^/]+'
[2026-08-26 17:42:51.080896000][th:85111498][info] GossipPubSub /ip4/0.0.0.0/tcp/54601/p2p/12D3KooWRfKwtssY3KMRX27U9nhgxSM9ycNszQgDvHCDoz4kimXd: PubSub subscribed to topic 'consensus-channel-.3.7.144'
[2026-08-26 17:42:51][warning][Blockchain] [79f61aab] Failed to request validator registry during blockchain init
[2026-08-26 17:42:51][info][CRDTCallbackManager] Successfully registered new data callback for pattern: '/?gnus-genesis-block'
[2026-08-26 17:42:51][info][CRDTCallbackManager] Successfully registered new data callback for pattern: '/?gnus-account-creation-.*'
[2026-08-26 17:42:51.080931000][th:85111498][info] GossipPubSub /ip4/0.0.0.0/tcp/54601/p2p/12D3KooWRfKwtssY3KMRX27U9nhgxSM9ycNszQgDvHCDoz4kimXd: PubSub subscribed to topic 'consensus-channel-.3.7.144#datastore.3.7.144'
[2026-08-26 17:42:51][info][CRDTCallbackManager] Successfully registered new data callback for pattern: '^/?/bc-144/tx/[^/]+'
[2026-08-26 17:42:51][info][CRDTCallbackManager] Successfully registered deleted data callback for pattern: '^/?/bc-144/tx/[^/]+'
[2026-08-26 17:42:51][info][CRDTCallbackManager] Successfully registered new data callback for pattern: '^/?/bc-963/tx/[^/]+'
[2026-08-26 17:42:51][info][CRDTCallbackManager] Successfully registered deleted data callback for pattern: '^/?/bc-963/tx/[^/]+'
[2026-08-26 17:42:51][info][CRDTCallbackManager] Successfully registered new data callback for pattern: '^/?/bc-369/tx/[^/]+'
[2026-08-26 17:42:51][info][CRDTCallbackManager] Successfully registered deleted data callback for pattern: '^/?/bc-369/tx/[^/]+'
[2026-08-26 17:42:51][info][KeyPairFileStorage] Path to keypairs multi_node_finality_fault/restart-vote-validator-two/keypair
[2026-08-26 17:42:51][info][KeyPairFileStorage] Peer ID from public key: 12D3KooWJyD7YYAjz4AyKxk2SmzP99eiQcQZASy3c7roeWgsaLbP
Current limits: 16384 (soft), 9223372036854775807 (hard)
New limits set successfully: 16384 (soft), 9223372036854775807 (hard)
Initialized relay addresses
[2026-08-26 17:42:51.083366000][th:85111454][info] GossipPubSub /ip4/0.0.0.0/tcp/54602/p2p/12D3KooWJyD7YYAjz4AyKxk2SmzP99eiQcQZASy3c7roeWgsaLbP: Starting PubSub service
[2026-08-26 17:42:51.083485000][th:85111520][info] GossipPubSub Starting address monitoring system for mobile network changes
[2026-08-26 17:42:51.083495000][th:85111520][info] GossipPubSub === CURRENT NETWORK STATE ===
[2026-08-26 17:42:51.083506000][th:85111520][info] GossipPubSub Primary listening address: /ip4/0.0.0.0/tcp/54602/p2p/12D3KooWJyD7YYAjz4AyKxk2SmzP99eiQcQZASy3c7roeWgsaLbP
[2026-08-26 17:42:51.083511000][th:85111520][info] GossipPubSub Host peer info addresses (0):
[2026-08-26 17:42:51.083514000][th:85111520][info] GossipPubSub Additional addresses we track (0):
[2026-08-26 17:42:51.083516000][th:85111520][info] GossipPubSub Listening addresses (1):
[2026-08-26 17:42:51.083519000][th:85111520][info] GossipPubSub   -> /ip4/0.0.0.0/tcp/54602/p2p/12D3KooWJyD7YYAjz4AyKxk2SmzP99eiQcQZASy3c7roeWgsaLbP
[2026-08-26 17:42:51.083521000][th:85111520][info] GossipPubSub Interface addresses (0):
[2026-08-26 17:42:51.083523000][th:85111520][info] GossipPubSub === RAW OBSERVED ADDRESS DEBUG ===
[2026-08-26 17:42:51.083527000][th:85111520][info] GossipPubSub Local address: /ip4/0.0.0.0/tcp/54602/p2p/12D3KooWJyD7YYAjz4AyKxk2SmzP99eiQcQZASy3c7roeWgsaLbP -> 0 raw observed, 0 activated+confirmed
[2026-08-26 17:42:51.083529000][th:85111520][info] GossipPubSub TOTAL: 0 raw observed addresses, 0 activated+confirmed addresses
[2026-08-26 17:42:51.083531000][th:85111520][info] GossipPubSub === END RAW OBSERVED ADDRESS DEBUG ===
[2026-08-26 17:42:51.083533000][th:85111520][info] GossipPubSub Observed addresses - all (0):
[2026-08-26 17:42:51.083536000][th:85111520][info] GossipPubSub Observed addresses - confirmed only (0):
[2026-08-26 17:42:51.083538000][th:85111520][info] GossipPubSub Relay addresses (0):
[2026-08-26 17:42:51.083543000][th:85111520][warning] GossipPubSub Failed to get addresses from peer repository: not found
[2026-08-26 17:42:51.083604000][th:85111520][info] GossipPubSub Found 1 valid network interfaces
[2026-08-26 17:42:51.083608000][th:85111520][info] GossipPubSub Current network interfaces (1):
[2026-08-26 17:42:51.083610000][th:85111520][info] GossipPubSub   -> 192.168.1.6
[2026-08-26 17:42:51.083612000][th:85111520][info] GossipPubSub Active connections: 0
[2026-08-26 17:42:51.083614000][th:85111520][info] GossipPubSub === PEER CONNECTION DETAILS ===
[2026-08-26 17:42:51.083617000][th:85111520][info] GossipPubSub NOTE: Observed addresses need to be seen by 4+ different peer groups to become 'activated'
[2026-08-26 17:42:51.083619000][th:85111520][info] GossipPubSub NOTE: Current connections: 0, so max possible observers: 0
[2026-08-26 17:42:51.083621000][th:85111520][info] GossipPubSub === END PEER CONNECTION DETAILS ===
[2026-08-26 17:42:51.083623000][th:85111520][info] GossipPubSub Connection manager stats:
[2026-08-26 17:42:51.083625000][th:85111520][info] GossipPubSub   -> Max connections: 1000
[2026-08-26 17:42:51.083627000][th:85111520][info] GossipPubSub   -> Current connections: 0
[2026-08-26 17:42:51.083629000][th:85111520][info] GossipPubSub === END NETWORK STATE ===
[2026-08-26 17:42:51.083877000][th:85111520][info] GossipPubSub /ip4/0.0.0.0/tcp/54602/p2p/12D3KooWJyD7YYAjz4AyKxk2SmzP99eiQcQZASy3c7roeWgsaLbP : PubSub service started
[2026-08-26 17:42:51][info][GlobalDB] Opening database /Users/henriqueklein/gnus/SuperGenius/multi_node_finality_fault/restart-vote-validator-two/rocksdb
[2026-08-26 17:42:51][debug][GraphsyncDAGSyncer] GraphSyncer created 4981005416 
[2026-08-26 17:42:51][info][CrdtDatastore] crdt Datastore created. Number of heads: 0 Current max-height: 0
[2026-08-26 17:42:51][info][GeniusAccount] Secure storage ID path: /Users/henriqueklein/gnus/SuperGenius/multi_node_finality_fault/restart-vote-validator-two/account/secure_storage_id
[2026-08-26 17:42:51][error][GeniusAccount] Could not find existing Genius address, generating one from a random mnemonic
[2026-08-26 17:42:51][warning][UTXOManager] Found UTXOs in storage, but there were none
[2026-08-26 17:42:51][info][Blockchain] [1f98bc13] Blockchain instance created with authorized full node: 8a33bdf1
[2026-08-26 17:42:51][error][ValidatorRegistry] InitializeCache: registry content not found during cache init
[2026-08-26 17:42:51][info][CRDTCallbackManager] Successfully registered new data callback for pattern: '/?gnus-validator-registry'
[2026-08-26 17:42:51][info][ValidatorRegistry] RegisterFilter: result=true
[2026-08-26 17:42:51][info][ValidatorRegistry] New: instance ready
[2026-08-26 17:42:51.128017000][th:85111520][info] GossipPubSub /ip4/0.0.0.0/tcp/54602/p2p/12D3KooWJyD7YYAjz4AyKxk2SmzP99eiQcQZASy3c7roeWgsaLbP: PubSub subscribed to topic 'gnus-validator-registry.3.7.144'
[2026-08-26 17:42:51][info][CRDTCallbackManager] Successfully registered new data callback for pattern: '^/?cert/[^/]+'
[2026-08-26 17:42:51.128037000][th:85111520][info] GossipPubSub /ip4/0.0.0.0/tcp/54602/p2p/12D3KooWJyD7YYAjz4AyKxk2SmzP99eiQcQZASy3c7roeWgsaLbP: PubSub subscribed to topic 'consensus-channel-.3.7.144'
[2026-08-26 17:42:51.128056000][th:85111520][info] GossipPubSub /ip4/0.0.0.0/tcp/54602/p2p/12D3KooWJyD7YYAjz4AyKxk2SmzP99eiQcQZASy3c7roeWgsaLbP: PubSub subscribed to topic 'consensus-channel-.3.7.144#datastore.3.7.144'
[2026-08-26 17:42:51][warning][Blockchain] [1f98bc13] Failed to request validator registry during blockchain init
[2026-08-26 17:42:51][info][CRDTCallbackManager] Successfully registered new data callback for pattern: '/?gnus-genesis-block'
[2026-08-26 17:42:51][info][CRDTCallbackManager] Successfully registered new data callback for pattern: '/?gnus-account-creation-.*'
[2026-08-26 17:42:51][info][CRDTCallbackManager] Successfully registered new data callback for pattern: '^/?/bc-144/tx/[^/]+'
[2026-08-26 17:42:51][info][CRDTCallbackManager] Successfully registered deleted data callback for pattern: '^/?/bc-144/tx/[^/]+'
[2026-08-26 17:42:51][info][CRDTCallbackManager] Successfully registered new data callback for pattern: '^/?/bc-963/tx/[^/]+'
[2026-08-26 17:42:51][info][CRDTCallbackManager] Successfully registered deleted data callback for pattern: '^/?/bc-963/tx/[^/]+'
[2026-08-26 17:42:51][info][CRDTCallbackManager] Successfully registered new data callback for pattern: '^/?/bc-369/tx/[^/]+'
[2026-08-26 17:42:51][info][CRDTCallbackManager] Successfully registered deleted data callback for pattern: '^/?/bc-369/tx/[^/]+'
[2026-08-26 17:42:51][info][KeyPairFileStorage] Path to keypairs multi_node_finality_fault/restart-vote-validator-three/keypair
[2026-08-26 17:42:51][info][KeyPairFileStorage] Peer ID from public key: 12D3KooWNY8nfdQnJLKanPpGpkZhXzgbnAp2r4qEBw5FWHkBUxvy
Current limits: 16384 (soft), 9223372036854775807 (hard)
New limits set successfully: 16384 (soft), 9223372036854775807 (hard)
Initialized relay addresses
[2026-08-26 17:42:51.129623000][th:85111454][info] GossipPubSub /ip4/0.0.0.0/tcp/54603/p2p/12D3KooWNY8nfdQnJLKanPpGpkZhXzgbnAp2r4qEBw5FWHkBUxvy: Starting PubSub service
[2026-08-26 17:42:51.129670000][th:85111543][info] GossipPubSub Starting address monitoring system for mobile network changes
[2026-08-26 17:42:51.129673000][th:85111543][info] GossipPubSub === CURRENT NETWORK STATE ===
[2026-08-26 17:42:51.129680000][th:85111543][info] GossipPubSub Primary listening address: /ip4/0.0.0.0/tcp/54603/p2p/12D3KooWNY8nfdQnJLKanPpGpkZhXzgbnAp2r4qEBw5FWHkBUxvy
[2026-08-26 17:42:51.129682000][th:85111543][info] GossipPubSub Host peer info addresses (0):
[2026-08-26 17:42:51.129683000][th:85111543][info] GossipPubSub Additional addresses we track (0):
[2026-08-26 17:42:51.129685000][th:85111543][info] GossipPubSub Listening addresses (1):
[2026-08-26 17:42:51.129687000][th:85111543][info] GossipPubSub   -> /ip4/0.0.0.0/tcp/54603/p2p/12D3KooWNY8nfdQnJLKanPpGpkZhXzgbnAp2r4qEBw5FWHkBUxvy
[2026-08-26 17:42:51.129688000][th:85111543][info] GossipPubSub Interface addresses (0):
[2026-08-26 17:42:51.129690000][th:85111543][info] GossipPubSub === RAW OBSERVED ADDRESS DEBUG ===
[2026-08-26 17:42:51.129692000][th:85111543][info] GossipPubSub Local address: /ip4/0.0.0.0/tcp/54603/p2p/12D3KooWNY8nfdQnJLKanPpGpkZhXzgbnAp2r4qEBw5FWHkBUxvy -> 0 raw observed, 0 activated+confirmed
[2026-08-26 17:42:51.129694000][th:85111543][info] GossipPubSub TOTAL: 0 raw observed addresses, 0 activated+confirmed addresses
[2026-08-26 17:42:51.129695000][th:85111543][info] GossipPubSub === END RAW OBSERVED ADDRESS DEBUG ===
[2026-08-26 17:42:51.129702000][th:85111543][info] GossipPubSub Observed addresses - all (0):
[2026-08-26 17:42:51.129703000][th:85111543][info] GossipPubSub Observed addresses - confirmed only (0):
[2026-08-26 17:42:51.129704000][th:85111543][info] GossipPubSub Relay addresses (0):
[2026-08-26 17:42:51.129707000][th:85111543][warning] GossipPubSub Failed to get addresses from peer repository: not found
[2026-08-26 17:42:51.129741000][th:85111543][info] GossipPubSub Found 1 valid network interfaces
[2026-08-26 17:42:51.129742000][th:85111543][info] GossipPubSub Current network interfaces (1):
[2026-08-26 17:42:51.129744000][th:85111543][info] GossipPubSub   -> 192.168.1.6
[2026-08-26 17:42:51.129746000][th:85111543][info] GossipPubSub Active connections: 0
[2026-08-26 17:42:51.129747000][th:85111543][info] GossipPubSub === PEER CONNECTION DETAILS ===
[2026-08-26 17:42:51.129749000][th:85111543][info] GossipPubSub NOTE: Observed addresses need to be seen by 4+ different peer groups to become 'activated'
[2026-08-26 17:42:51.129750000][th:85111543][info] GossipPubSub NOTE: Current connections: 0, so max possible observers: 0
[2026-08-26 17:42:51.129752000][th:85111543][info] GossipPubSub === END PEER CONNECTION DETAILS ===
[2026-08-26 17:42:51.129753000][th:85111543][info] GossipPubSub Connection manager stats:
[2026-08-26 17:42:51.129754000][th:85111543][info] GossipPubSub   -> Max connections: 1000
[2026-08-26 17:42:51.129756000][th:85111543][info] GossipPubSub   -> Current connections: 0
[2026-08-26 17:42:51.129757000][th:85111543][info] GossipPubSub === END NETWORK STATE ===
[2026-08-26 17:42:51.129901000][th:85111543][info] GossipPubSub /ip4/0.0.0.0/tcp/54603/p2p/12D3KooWNY8nfdQnJLKanPpGpkZhXzgbnAp2r4qEBw5FWHkBUxvy : PubSub service started
[2026-08-26 17:42:51][info][GlobalDB] Opening database /Users/henriqueklein/gnus/SuperGenius/multi_node_finality_fault/restart-vote-validator-three/rocksdb
[2026-08-26 17:42:51][debug][GraphsyncDAGSyncer] GraphSyncer created 5001005304 
[2026-08-26 17:42:51][info][CrdtDatastore] crdt Datastore created. Number of heads: 0 Current max-height: 0
[2026-08-26 17:42:51][info][GeniusAccount] Secure storage ID path: /Users/henriqueklein/gnus/SuperGenius/multi_node_finality_fault/restart-vote-validator-three/account/secure_storage_id
[2026-08-26 17:42:51][error][GeniusAccount] Could not find existing Genius address, generating one from a random mnemonic
[2026-08-26 17:42:51][warning][UTXOManager] Found UTXOs in storage, but there were none
[2026-08-26 17:42:51][info][Blockchain] [9f27ffab] Blockchain instance created with authorized full node: 8a33bdf1
[2026-08-26 17:42:51][error][ValidatorRegistry] InitializeCache: registry content not found during cache init
[2026-08-26 17:42:51][info][CRDTCallbackManager] Successfully registered new data callback for pattern: '/?gnus-validator-registry'
[2026-08-26 17:42:51][info][ValidatorRegistry] RegisterFilter: result=true
[2026-08-26 17:42:51][info][ValidatorRegistry] New: instance ready
[2026-08-26 17:42:51.167478000][th:85111543][info] GossipPubSub /ip4/0.0.0.0/tcp/54603/p2p/12D3KooWNY8nfdQnJLKanPpGpkZhXzgbnAp2r4qEBw5FWHkBUxvy: PubSub subscribed to topic 'gnus-validator-registry.3.7.144'
[2026-08-26 17:42:51][info][CRDTCallbackManager] Successfully registered new data callback for pattern: '^/?cert/[^/]+'
[2026-08-26 17:42:51.167499000][th:85111543][info] GossipPubSub /ip4/0.0.0.0/tcp/54603/p2p/12D3KooWNY8nfdQnJLKanPpGpkZhXzgbnAp2r4qEBw5FWHkBUxvy: PubSub subscribed to topic 'consensus-channel-.3.7.144'
[2026-08-26 17:42:51][warning][Blockchain] [9f27ffab] Failed to request validator registry during blockchain init
[2026-08-26 17:42:51][info][CRDTCallbackManager] Successfully registered new data callback for pattern: '/?gnus-genesis-block'
[2026-08-26 17:42:51.167518000][th:85111543][info] GossipPubSub /ip4/0.0.0.0/tcp/54603/p2p/12D3KooWNY8nfdQnJLKanPpGpkZhXzgbnAp2r4qEBw5FWHkBUxvy: PubSub subscribed to topic 'consensus-channel-.3.7.144#datastore.3.7.144'
[2026-08-26 17:42:51][info][CRDTCallbackManager] Successfully registered new data callback for pattern: '/?gnus-account-creation-.*'
[2026-08-26 17:42:51][info][CRDTCallbackManager] Successfully registered new data callback for pattern: '^/?/bc-144/tx/[^/]+'
[2026-08-26 17:42:51][info][CRDTCallbackManager] Successfully registered deleted data callback for pattern: '^/?/bc-144/tx/[^/]+'
[2026-08-26 17:42:51][info][CRDTCallbackManager] Successfully registered new data callback for pattern: '^/?/bc-963/tx/[^/]+'
[2026-08-26 17:42:51][info][CRDTCallbackManager] Successfully registered deleted data callback for pattern: '^/?/bc-963/tx/[^/]+'
[2026-08-26 17:42:51][info][CRDTCallbackManager] Successfully registered new data callback for pattern: '^/?/bc-369/tx/[^/]+'
[2026-08-26 17:42:51][info][CRDTCallbackManager] Successfully registered deleted data callback for pattern: '^/?/bc-369/tx/[^/]+'
[2026-08-26 17:42:51][info][KeyPairFileStorage] Path to keypairs multi_node_finality_fault/restart-vote-passive/keypair
[2026-08-26 17:42:51][info][KeyPairFileStorage] Peer ID from public key: 12D3KooWFAgepG3zdNJAFDYKhCWgrX5ktZXtjimXgoi7cBdZJNo5
Current limits: 16384 (soft), 9223372036854775807 (hard)
New limits set successfully: 16384 (soft), 9223372036854775807 (hard)
Initialized relay addresses
[2026-08-26 17:42:51.169022000][th:85111454][info] GossipPubSub /ip4/0.0.0.0/tcp/54604/p2p/12D3KooWFAgepG3zdNJAFDYKhCWgrX5ktZXtjimXgoi7cBdZJNo5: Starting PubSub service
[2026-08-26 17:42:51.169070000][th:85111565][info] GossipPubSub Starting address monitoring system for mobile network changes
[2026-08-26 17:42:51.169073000][th:85111565][info] GossipPubSub === CURRENT NETWORK STATE ===
[2026-08-26 17:42:51.169079000][th:85111565][info] GossipPubSub Primary listening address: /ip4/0.0.0.0/tcp/54604/p2p/12D3KooWFAgepG3zdNJAFDYKhCWgrX5ktZXtjimXgoi7cBdZJNo5
[2026-08-26 17:42:51.169082000][th:85111565][info] GossipPubSub Host peer info addresses (0):
[2026-08-26 17:42:51.169084000][th:85111565][info] GossipPubSub Additional addresses we track (0):
[2026-08-26 17:42:51.169086000][th:85111565][info] GossipPubSub Listening addresses (1):
[2026-08-26 17:42:51.169087000][th:85111565][info] GossipPubSub   -> /ip4/0.0.0.0/tcp/54604/p2p/12D3KooWFAgepG3zdNJAFDYKhCWgrX5ktZXtjimXgoi7cBdZJNo5
[2026-08-26 17:42:51.169089000][th:85111565][info] GossipPubSub Interface addresses (0):
[2026-08-26 17:42:51.169090000][th:85111565][info] GossipPubSub === RAW OBSERVED ADDRESS DEBUG ===
[2026-08-26 17:42:51.169093000][th:85111565][info] GossipPubSub Local address: /ip4/0.0.0.0/tcp/54604/p2p/12D3KooWFAgepG3zdNJAFDYKhCWgrX5ktZXtjimXgoi7cBdZJNo5 -> 0 raw observed, 0 activated+confirmed
[2026-08-26 17:42:51.169095000][th:85111565][info] GossipPubSub TOTAL: 0 raw observed addresses, 0 activated+confirmed addresses
[2026-08-26 17:42:51.169096000][th:85111565][info] GossipPubSub === END RAW OBSERVED ADDRESS DEBUG ===
[2026-08-26 17:42:51.169097000][th:85111565][info] GossipPubSub Observed addresses - all (0):
[2026-08-26 17:42:51.169099000][th:85111565][info] GossipPubSub Observed addresses - confirmed only (0):
[2026-08-26 17:42:51.169100000][th:85111565][info] GossipPubSub Relay addresses (0):
[2026-08-26 17:42:51.169103000][th:85111565][warning] GossipPubSub Failed to get addresses from peer repository: not found
[2026-08-26 17:42:51.169135000][th:85111565][info] GossipPubSub Found 1 valid network interfaces
[2026-08-26 17:42:51.169137000][th:85111565][info] GossipPubSub Current network interfaces (1):
[2026-08-26 17:42:51.169139000][th:85111565][info] GossipPubSub   -> 192.168.1.6
[2026-08-26 17:42:51.169141000][th:85111565][info] GossipPubSub Active connections: 0
[2026-08-26 17:42:51.169142000][th:85111565][info] GossipPubSub === PEER CONNECTION DETAILS ===
[2026-08-26 17:42:51.169144000][th:85111565][info] GossipPubSub NOTE: Observed addresses need to be seen by 4+ different peer groups to become 'activated'
[2026-08-26 17:42:51.169145000][th:85111565][info] GossipPubSub NOTE: Current connections: 0, so max possible observers: 0
[2026-08-26 17:42:51.169146000][th:85111565][info] GossipPubSub === END PEER CONNECTION DETAILS ===
[2026-08-26 17:42:51.169152000][th:85111565][info] GossipPubSub Connection manager stats:
[2026-08-26 17:42:51.169153000][th:85111565][info] GossipPubSub   -> Max connections: 1000
[2026-08-26 17:42:51.169155000][th:85111565][info] GossipPubSub   -> Current connections: 0
[2026-08-26 17:42:51.169156000][th:85111565][info] GossipPubSub === END NETWORK STATE ===
[2026-08-26 17:42:51.169303000][th:85111565][info] GossipPubSub /ip4/0.0.0.0/tcp/54604/p2p/12D3KooWFAgepG3zdNJAFDYKhCWgrX5ktZXtjimXgoi7cBdZJNo5 : PubSub service started
[2026-08-26 17:42:51][info][GlobalDB] Opening database /Users/henriqueklein/gnus/SuperGenius/multi_node_finality_fault/restart-vote-passive/rocksdb
[2026-08-26 17:42:51][debug][GraphsyncDAGSyncer] GraphSyncer created 5001136856 
[2026-08-26 17:42:51][info][CrdtDatastore] crdt Datastore created. Number of heads: 0 Current max-height: 0
[2026-08-26 17:42:51][info][GeniusAccount] Secure storage ID path: /Users/henriqueklein/gnus/SuperGenius/multi_node_finality_fault/restart-vote-passive/account/secure_storage_id
[2026-08-26 17:42:51][error][GeniusAccount] Could not find existing Genius address, generating one from a random mnemonic
[2026-08-26 17:42:51][warning][UTXOManager] Found UTXOs in storage, but there were none
[2026-08-26 17:42:51][info][Blockchain] [f5aa9b5c] Blockchain instance created with authorized full node: 8a33bdf1
[2026-08-26 17:42:51][error][ValidatorRegistry] InitializeCache: registry content not found during cache init
[2026-08-26 17:42:51][info][CRDTCallbackManager] Successfully registered new data callback for pattern: '/?gnus-validator-registry'
[2026-08-26 17:42:51][info][ValidatorRegistry] RegisterFilter: result=true
[2026-08-26 17:42:51][info][ValidatorRegistry] New: instance ready
[2026-08-26 17:42:51.205979000][th:85111565][info] GossipPubSub /ip4/0.0.0.0/tcp/54604/p2p/12D3KooWFAgepG3zdNJAFDYKhCWgrX5ktZXtjimXgoi7cBdZJNo5: PubSub subscribed to topic 'gnus-validator-registry.3.7.144'
[2026-08-26 17:42:51][info][CRDTCallbackManager] Successfully registered new data callback for pattern: '^/?cert/[^/]+'
[2026-08-26 17:42:51.206000000][th:85111565][info] GossipPubSub /ip4/0.0.0.0/tcp/54604/p2p/12D3KooWFAgepG3zdNJAFDYKhCWgrX5ktZXtjimXgoi7cBdZJNo5: PubSub subscribed to topic 'consensus-channel-.3.7.144'
[2026-08-26 17:42:51][warning][Blockchain] [f5aa9b5c] Failed to request validator registry during blockchain init
[2026-08-26 17:42:51][info][CRDTCallbackManager] Successfully registered new data callback for pattern: '/?gnus-genesis-block'
[2026-08-26 17:42:51][info][CRDTCallbackManager] Successfully registered new data callback for pattern: '/?gnus-account-creation-.*'
[2026-08-26 17:42:51.206028000][th:85111565][info] GossipPubSub /ip4/0.0.0.0/tcp/54604/p2p/12D3KooWFAgepG3zdNJAFDYKhCWgrX5ktZXtjimXgoi7cBdZJNo5: PubSub subscribed to topic 'consensus-channel-.3.7.144#datastore.3.7.144'
[2026-08-26 17:42:51][info][CRDTCallbackManager] Successfully registered new data callback for pattern: '^/?/bc-144/tx/[^/]+'
[2026-08-26 17:42:51][info][CRDTCallbackManager] Successfully registered deleted data callback for pattern: '^/?/bc-144/tx/[^/]+'
[2026-08-26 17:42:51][info][CRDTCallbackManager] Successfully registered new data callback for pattern: '^/?/bc-963/tx/[^/]+'
[2026-08-26 17:42:51][info][CRDTCallbackManager] Successfully registered deleted data callback for pattern: '^/?/bc-963/tx/[^/]+'
[2026-08-26 17:42:51][info][CRDTCallbackManager] Successfully registered new data callback for pattern: '^/?/bc-369/tx/[^/]+'
[2026-08-26 17:42:51][info][CRDTCallbackManager] Successfully registered deleted data callback for pattern: '^/?/bc-369/tx/[^/]+'
[2026-08-26 17:42:51][info][CrdtDatastore] Topics { name="gnus-validator-registry" }
[2026-08-26 17:42:51][info][CRDTCallbackManager] Executing callback for key '/gnus-validator-registry' matching pattern '/?gnus-validator-registry'
[2026-08-26 17:42:51][info][ValidatorRegistry] RegistryUpdateReceived: cache updated and initialized
[2026-08-26 17:42:51][debug][GraphsyncDAGSyncer] addNode: Added node QmdfgTvpud3u4XfifHWFxER3cwaWAPrJVMFMLSmiRoHDEu on dagService 
[2026-08-26 17:42:51][info][ValidatorRegistry] StoreRegistryUpdate: stored registry update CID QmdfgTvpud3u4XfifHWFxER3cwaWAPrJVMFMLSmiRoHDEu
[2026-08-26 17:42:51][info][ValidatorRegistry] StoreRegistryUpdate: success
[2026-08-26 17:42:51][info][CrdtDatastore] Topics { name="gnus-validator-registry" }
[2026-08-26 17:42:51][info][CRDTCallbackManager] Executing callback for key '/gnus-validator-registry' matching pattern '/?gnus-validator-registry'
[2026-08-26 17:42:51][info][ValidatorRegistry] RegistryUpdateReceived: cache updated and initialized
[2026-08-26 17:42:51][debug][GraphsyncDAGSyncer] addNode: Added node QmdfgTvpud3u4XfifHWFxER3cwaWAPrJVMFMLSmiRoHDEu on dagService 
[2026-08-26 17:42:51][info][ValidatorRegistry] StoreRegistryUpdate: stored registry update CID QmdfgTvpud3u4XfifHWFxER3cwaWAPrJVMFMLSmiRoHDEu
[2026-08-26 17:42:51][info][ValidatorRegistry] StoreRegistryUpdate: success
[2026-08-26 17:42:51][info][CrdtDatastore] Topics { name="gnus-validator-registry" }
[2026-08-26 17:42:51][info][CRDTCallbackManager] Executing callback for key '/gnus-validator-registry' matching pattern '/?gnus-validator-registry'
[2026-08-26 17:42:51][info][ValidatorRegistry] RegistryUpdateReceived: cache updated and initialized
[2026-08-26 17:42:51][debug][GraphsyncDAGSyncer] addNode: Added node QmdfgTvpud3u4XfifHWFxER3cwaWAPrJVMFMLSmiRoHDEu on dagService 
[2026-08-26 17:42:51][info][ValidatorRegistry] StoreRegistryUpdate: stored registry update CID QmdfgTvpud3u4XfifHWFxER3cwaWAPrJVMFMLSmiRoHDEu
[2026-08-26 17:42:51][info][ValidatorRegistry] StoreRegistryUpdate: success
[2026-08-26 17:42:51][info][CrdtDatastore] Topics { name="gnus-validator-registry" }
[2026-08-26 17:42:51][info][CRDTCallbackManager] Executing callback for key '/gnus-validator-registry' matching pattern '/?gnus-validator-registry'
[2026-08-26 17:42:51][info][ValidatorRegistry] RegistryUpdateReceived: cache updated and initialized
[2026-08-26 17:42:51][debug][GraphsyncDAGSyncer] addNode: Added node QmdfgTvpud3u4XfifHWFxER3cwaWAPrJVMFMLSmiRoHDEu on dagService 
[2026-08-26 17:42:51][info][ValidatorRegistry] StoreRegistryUpdate: stored registry update CID QmdfgTvpud3u4XfifHWFxER3cwaWAPrJVMFMLSmiRoHDEu
[2026-08-26 17:42:51][info][ValidatorRegistry] StoreRegistryUpdate: success
[2026-08-26 17:42:51][info][TransactionManager] [79f61aab - full: false] ChangeTransactionState: Temp tracking entry created tx=7fb881f383c259662147cbefb618df0c78bd46d8441bfd3dcdf2ce096e34d318
[2026-08-26 17:42:53][info][CRDTCallbackManager] Successfully unregistered new data callback for pattern: '^/?/bc-144/tx/[^/]+'
[2026-08-26 17:42:53][info][CRDTCallbackManager] Successfully unregistered deleted data callback for pattern: '^/?/bc-144/tx/[^/]+'
[2026-08-26 17:42:53][info][CRDTCallbackManager] Successfully unregistered new data callback for pattern: '^/?/bc-963/tx/[^/]+'
[2026-08-26 17:42:53][info][CRDTCallbackManager] Successfully unregistered deleted data callback for pattern: '^/?/bc-963/tx/[^/]+'
[2026-08-26 17:42:53][info][CRDTCallbackManager] Successfully unregistered new data callback for pattern: '^/?/bc-369/tx/[^/]+'
[2026-08-26 17:42:53][info][CRDTCallbackManager] Successfully unregistered deleted data callback for pattern: '^/?/bc-369/tx/[^/]+'
[2026-08-26 17:42:53][info][TransactionManager] [79f61aab - full: false] ~TransactionManager: Metrics — cert_fallback(success=0 failure=0) validation(approve=1 reject=0) tracking(insert=1 confirm=0 fail=0)
[2026-08-26 17:42:53][info][Blockchain] [79f61aab] Stopping blockchain
[2026-08-26 17:42:53][info][CRDTCallbackManager] Successfully unregistered new data callback for pattern: '/?gnus-genesis-block'
[2026-08-26 17:42:53][info][CRDTCallbackManager] Successfully unregistered new data callback for pattern: '/?gnus-account-creation-.*'
[2026-08-26 17:42:53][info][CRDTCallbackManager] Successfully unregistered new data callback for pattern: '/?gnus-validator-registry'
[2026-08-26 17:42:53.608919000][th:85111498][error] GossipPubSub Address monitoring timer error: Operation canceled
[2026-08-26 17:42:53][error][PubSubBroadcasterExt] No message to process
[2026-08-26 17:42:53][error][PubSubBroadcasterExt] No message to process
[2026-08-26 17:42:54][debug][GlobalDB] ~GlobalDB CALLED with count 6 on multi_node_finality_fault/restart-vote-validator-one/rocksdb 
[2026-08-26 17:42:54][info][GlobalDB] GlobalDB shutdown start
[2026-08-26 17:42:54][info][CrdtDatastore] CancelAndCloseNow: begin (pending_jobs=0, self_queue=0, root_queue=0, pending_roots=0, active_root=false)
[2026-08-26 17:42:54][debug][GraphsyncDAGSyncer] Stopping Dagsyncer
[2026-08-26 17:42:54][debug][GraphsyncDAGSyncer] Dagsyncer Stopped
[2026-08-26 17:42:55][info][CrdtDatastore] CancelAndCloseNow: CRDT workers stopped
[2026-08-26 17:42:55][warning][CrdtDatastore] CancelAndCloseNow called but shutdown has already started
[2026-08-26 17:42:55][debug][GraphsyncDAGSyncer] ~GraphsyncDAGSyncer CALLED
[2026-08-26 17:42:55][info][GlobalDB] GlobalDB shutdown finished
[2026-08-26 17:42:55][info][KeyPairFileStorage] Path to keypairs multi_node_finality_fault/restart-vote-validator-one/keypair
[2026-08-26 17:42:55][info][KeyPairFileStorage] Peer ID from public key: 12D3KooWRfKwtssY3KMRX27U9nhgxSM9ycNszQgDvHCDoz4kimXd
Current limits: 16384 (soft), 9223372036854775807 (hard)
New limits set successfully: 16384 (soft), 9223372036854775807 (hard)
Initialized relay addresses
[2026-08-26 17:42:55.104518000][th:85111454][info] GossipPubSub /ip4/0.0.0.0/tcp/54601/p2p/12D3KooWRfKwtssY3KMRX27U9nhgxSM9ycNszQgDvHCDoz4kimXd: Starting PubSub service
[2026-08-26 17:42:55.104574000][th:85111617][info] GossipPubSub Starting address monitoring system for mobile network changes
[2026-08-26 17:42:55.104576000][th:85111617][info] GossipPubSub === CURRENT NETWORK STATE ===
[2026-08-26 17:42:55.104585000][th:85111617][info] GossipPubSub Primary listening address: /ip4/0.0.0.0/tcp/54601/p2p/12D3KooWRfKwtssY3KMRX27U9nhgxSM9ycNszQgDvHCDoz4kimXd
[2026-08-26 17:42:55.104588000][th:85111617][info] GossipPubSub Host peer info addresses (0):
[2026-08-26 17:42:55.104590000][th:85111617][info] GossipPubSub Additional addresses we track (0):
[2026-08-26 17:42:55.104592000][th:85111617][info] GossipPubSub Listening addresses (1):
[2026-08-26 17:42:55.104593000][th:85111617][info] GossipPubSub   -> /ip4/0.0.0.0/tcp/54601/p2p/12D3KooWRfKwtssY3KMRX27U9nhgxSM9ycNszQgDvHCDoz4kimXd
[2026-08-26 17:42:55.104595000][th:85111617][info] GossipPubSub Interface addresses (0):
[2026-08-26 17:42:55.104596000][th:85111617][info] GossipPubSub === RAW OBSERVED ADDRESS DEBUG ===
[2026-08-26 17:42:55.104599000][th:85111617][info] GossipPubSub Local address: /ip4/0.0.0.0/tcp/54601/p2p/12D3KooWRfKwtssY3KMRX27U9nhgxSM9ycNszQgDvHCDoz4kimXd -> 0 raw observed, 0 activated+confirmed
[2026-08-26 17:42:55.104601000][th:85111617][info] GossipPubSub TOTAL: 0 raw observed addresses, 0 activated+confirmed addresses
[2026-08-26 17:42:55.104602000][th:85111617][info] GossipPubSub === END RAW OBSERVED ADDRESS DEBUG ===
[2026-08-26 17:42:55.104604000][th:85111617][info] GossipPubSub Observed addresses - all (0):
[2026-08-26 17:42:55.104605000][th:85111617][info] GossipPubSub Observed addresses - confirmed only (0):
[2026-08-26 17:42:55.104607000][th:85111617][info] GossipPubSub Relay addresses (0):
[2026-08-26 17:42:55.104609000][th:85111617][warning] GossipPubSub Failed to get addresses from peer repository: not found
[2026-08-26 17:42:55.104642000][th:85111617][info] GossipPubSub Found 1 valid network interfaces
[2026-08-26 17:42:55.104644000][th:85111617][info] GossipPubSub Current network interfaces (1):
[2026-08-26 17:42:55.104645000][th:85111617][info] GossipPubSub   -> 192.168.1.6
[2026-08-26 17:42:55.104647000][th:85111617][info] GossipPubSub Active connections: 0
[2026-08-26 17:42:55.104648000][th:85111617][info] GossipPubSub === PEER CONNECTION DETAILS ===
[2026-08-26 17:42:55.104650000][th:85111617][info] GossipPubSub NOTE: Observed addresses need to be seen by 4+ different peer groups to become 'activated'
[2026-08-26 17:42:55.104651000][th:85111617][info] GossipPubSub NOTE: Current connections: 0, so max possible observers: 0
[2026-08-26 17:42:55.104662000][th:85111617][info] GossipPubSub === END PEER CONNECTION DETAILS ===
[2026-08-26 17:42:55.104663000][th:85111617][info] GossipPubSub Connection manager stats:
[2026-08-26 17:42:55.104665000][th:85111617][info] GossipPubSub   -> Max connections: 1000
[2026-08-26 17:42:55.104666000][th:85111617][info] GossipPubSub   -> Current connections: 0
[2026-08-26 17:42:55.104667000][th:85111617][info] GossipPubSub === END NETWORK STATE ===
[2026-08-26 17:42:55.104785000][th:85111617][info] GossipPubSub /ip4/0.0.0.0/tcp/54601/p2p/12D3KooWRfKwtssY3KMRX27U9nhgxSM9ycNszQgDvHCDoz4kimXd : PubSub service started
[2026-08-26 17:42:55][info][GlobalDB] Opening database /Users/henriqueklein/gnus/SuperGenius/multi_node_finality_fault/restart-vote-validator-one/rocksdb
[2026-08-26 17:42:55][debug][GraphsyncDAGSyncer] GraphSyncer created 4981002280 
[2026-08-26 17:42:55][info][CrdtDatastore] crdt Datastore created. Number of heads: 1 Current max-height: 1
[2026-08-26 17:42:55][info][GeniusAccount] Secure storage ID path: /Users/henriqueklein/gnus/SuperGenius/multi_node_finality_fault/restart-vote-validator-one/account/secure_storage_id
[2026-08-26 17:42:55][info][GeniusAccount] Loaded public key from file: 79f61aabedb63a0d... (length: 128)
[2026-08-26 17:42:55][info][GeniusAccount] Successfully loaded key_seed from storage
[2026-08-26 17:42:55][info][GeniusAccount] Validation successful: key_seed matches stored public key
[2026-08-26 17:42:55][warning][UTXOManager] Found UTXOs in storage, but there were none
[2026-08-26 17:42:55][info][Blockchain] [79f61aab] Blockchain instance created with authorized full node: 8a33bdf1
[2026-08-26 17:42:55][info][ValidatorRegistry] InitializeCache: cache initialized with CID QmdfgTvpud3u4XfifHWFxER3cwaWAPrJVMFMLSmiRoHDEu
[2026-08-26 17:42:55][info][CRDTCallbackManager] Successfully registered new data callback for pattern: '/?gnus-validator-registry'
[2026-08-26 17:42:55][info][ValidatorRegistry] RegisterFilter: result=true
[2026-08-26 17:42:55][info][ValidatorRegistry] New: instance ready
[2026-08-26 17:42:55.130470000][th:85111617][info] GossipPubSub /ip4/0.0.0.0/tcp/54601/p2p/12D3KooWRfKwtssY3KMRX27U9nhgxSM9ycNszQgDvHCDoz4kimXd: PubSub subscribed to topic 'gnus-validator-registry.3.7.144'
[2026-08-26 17:42:55.130490000][th:85111617][info] GossipPubSub /ip4/0.0.0.0/tcp/54601/p2p/12D3KooWRfKwtssY3KMRX27U9nhgxSM9ycNszQgDvHCDoz4kimXd: PubSub subscribed to topic 'consensus-channel-.3.7.144'
[2026-08-26 17:42:55][info][CRDTCallbackManager] Successfully registered new data callback for pattern: '^/?cert/[^/]+'
[2026-08-26 17:42:55.131183000][th:85111617][info] GossipPubSub /ip4/0.0.0.0/tcp/54601/p2p/12D3KooWRfKwtssY3KMRX27U9nhgxSM9ycNszQgDvHCDoz4kimXd: PubSub subscribed to topic 'consensus-channel-.3.7.144#datastore.3.7.144'
[2026-08-26 17:42:55][info][CRDTCallbackManager] Successfully registered new data callback for pattern: '/?gnus-genesis-block'
[2026-08-26 17:42:55][info][CRDTCallbackManager] Successfully registered new data callback for pattern: '/?gnus-account-creation-.*'
[2026-08-26 17:42:55][info][CRDTCallbackManager] Successfully registered new data callback for pattern: '^/?/bc-144/tx/[^/]+'
[2026-08-26 17:42:55][info][CRDTCallbackManager] Successfully registered deleted data callback for pattern: '^/?/bc-144/tx/[^/]+'
[2026-08-26 17:42:55][info][CRDTCallbackManager] Successfully registered new data callback for pattern: '^/?/bc-963/tx/[^/]+'
[2026-08-26 17:42:55][info][CRDTCallbackManager] Successfully registered deleted data callback for pattern: '^/?/bc-963/tx/[^/]+'
[2026-08-26 17:42:55][info][CRDTCallbackManager] Successfully registered new data callback for pattern: '^/?/bc-369/tx/[^/]+'
[2026-08-26 17:42:55][info][CRDTCallbackManager] Successfully registered deleted data callback for pattern: '^/?/bc-369/tx/[^/]+'
[2026-08-26 17:42:55.131999000][th:85111617][info] GossipPubSub Adding new peer: 12D3KooWJyD7YYAjz4AyKxk2SmzP99eiQcQZASy3c7roeWgsaLbP
[2026-08-26 17:42:55.132079000][th:85111617][info] GossipPubSub Adding new peer: 12D3KooWNY8nfdQnJLKanPpGpkZhXzgbnAp2r4qEBw5FWHkBUxvy
[2026-08-26 17:42:55.132133000][th:85111617][info] GossipPubSub Adding new peer: 12D3KooWFAgepG3zdNJAFDYKhCWgrX5ktZXtjimXgoi7cBdZJNo5
[2026-08-26 17:42:55.132168000][th:85111520][info] GossipPubSub Adding new peer: 12D3KooWRfKwtssY3KMRX27U9nhgxSM9ycNszQgDvHCDoz4kimXd
[2026-08-26 17:42:55.132215000][th:85111520][info] GossipPubSub Adding new peer: 12D3KooWNY8nfdQnJLKanPpGpkZhXzgbnAp2r4qEBw5FWHkBUxvy
[2026-08-26 17:42:55.132268000][th:85111543][info] GossipPubSub Adding new peer: 12D3KooWRfKwtssY3KMRX27U9nhgxSM9ycNszQgDvHCDoz4kimXd
[2026-08-26 17:42:55.132313000][th:85111520][info] GossipPubSub Adding new peer: 12D3KooWFAgepG3zdNJAFDYKhCWgrX5ktZXtjimXgoi7cBdZJNo5
[2026-08-26 17:42:55.132347000][th:85111543][info] GossipPubSub Adding new peer: 12D3KooWJyD7YYAjz4AyKxk2SmzP99eiQcQZASy3c7roeWgsaLbP
[2026-08-26 17:42:55.132375000][th:85111565][info] GossipPubSub Adding new peer: 12D3KooWRfKwtssY3KMRX27U9nhgxSM9ycNszQgDvHCDoz4kimXd
[2026-08-26 17:42:55.132398000][th:85111543][info] GossipPubSub Adding new peer: 12D3KooWFAgepG3zdNJAFDYKhCWgrX5ktZXtjimXgoi7cBdZJNo5
[2026-08-26 17:42:55.132479000][th:85111565][info] GossipPubSub Adding new peer: 12D3KooWJyD7YYAjz4AyKxk2SmzP99eiQcQZASy3c7roeWgsaLbP
[2026-08-26 17:42:55.132507000][th:85111565][info] GossipPubSub Adding new peer: 12D3KooWNY8nfdQnJLKanPpGpkZhXzgbnAp2r4qEBw5FWHkBUxvy
[2026-08-26 17:42:55][info][TransactionManager] [79f61aab - full: false] ChangeTransactionState: Temp tracking entry created tx=7fb881f383c259662147cbefb618df0c78bd46d8441bfd3dcdf2ce096e34d318
[2026-08-26 17:42:55][info][TransactionManager] [9f27ffab - full: false] ChangeTransactionState: Temp tracking entry created tx=7fb881f383c259662147cbefb618df0c78bd46d8441bfd3dcdf2ce096e34d318
[2026-08-26 17:42:55][info][TransactionManager] [f5aa9b5c - full: false] ChangeTransactionState: Temp tracking entry created tx=7fb881f383c259662147cbefb618df0c78bd46d8441bfd3dcdf2ce096e34d318
[2026-08-26 17:42:55][info][TransactionManager] [1f98bc13 - full: false] ChangeTransactionState: Temp tracking entry created tx=7fb881f383c259662147cbefb618df0c78bd46d8441bfd3dcdf2ce096e34d318
[2026-08-26 17:42:59][info][CrdtDatastore] Topics { name="consensus-channel-.3.7.144#datastore" }
[2026-08-26 17:42:59][info][CRDTCallbackManager] Executing callback for key '/cert/mint-v2:test:0000000000000000000000000000000000000000000000000000000000000000:42:79f61aabedb63a0dcecaf67eaea6ff5b247ab96e22da5c6ed7dc1cee8f76deaa649025267fff9052aa8916f1c65421c9355742e9e4b22556d1ddeea318e1d03e:cccccccccccccccccccccccccccccccccccccccccccccccccccccccccccccccc' matching pattern '^/?cert/[^/]+'
[2026-08-26 17:42:59][debug][GraphsyncDAGSyncer] addNode: Added node QmQDw8UaCuXAfq2RUnC8j8F7cqWNgbG8AKrsWWBtgVz3tt on dagService 
[2026-08-26 17:42:59][info][UTXOManager] Stored 1 UTXOs for address 79f61aabedb63a0dcecaf67eaea6ff5b247ab96e22da5c6ed7dc1cee8f76deaa649025267fff9052aa8916f1c65421c9355742e9e4b22556d1ddeea318e1d03e
[2026-08-26 17:42:59][info][UTXOManager] Stored 2 UTXOs for address 79f61aabedb63a0dcecaf67eaea6ff5b247ab96e22da5c6ed7dc1cee8f76deaa649025267fff9052aa8916f1c65421c9355742e9e4b22556d1ddeea318e1d03e
[2026-08-26 17:42:59][info][TransactionManager] [1f98bc13 - full: false] Created tokens (mint-v2), amount 42 balance 0
[2026-08-26 17:42:59][info][TransactionManager] [1f98bc13 - full: false] ChangeTransactionState: Tracking entry confirmed tx=7fb881f383c259662147cbefb618df0c78bd46d8441bfd3dcdf2ce096e34d318
[2026-08-26 17:42:59][info][UTXOManager] Created checkpoint owner=1f98bc13643b273da58d389e07ee14d021409db95359e54688e72c774b78509612f63753ede4d164d1e7a2b7fec3ca037b320c8b18d019a68e10bb9b7793a398 epoch=1 utxo_count=0
[2026-08-26 17:42:59][debug][GraphsyncDAGSyncer] Registered new peer 12D3KooWJyD7YYAjz4AyKxk2SmzP99eiQcQZASy3c7roeWgsaLbP with key 0
[2026-08-26 17:42:59][debug][GraphsyncDAGSyncer] Registered new peer 12D3KooWJyD7YYAjz4AyKxk2SmzP99eiQcQZASy3c7roeWgsaLbP with key 0
[2026-08-26 17:42:59][debug][GraphsyncDAGSyncer] Registered new peer 12D3KooWJyD7YYAjz4AyKxk2SmzP99eiQcQZASy3c7roeWgsaLbP with key 0
[2026-08-26 17:42:59][debug][GraphsyncDAGSyncer] Added route for CID QmQDw8UaCuXAfq2RUnC8j8F7cqWNgbG8AKrsWWBtgVz3tt to peer 12D3KooWJyD7YYAjz4AyKxk2SmzP99eiQcQZASy3c7roeWgsaLbP (key 0, route_count=1)
[2026-08-26 17:42:59][debug][GraphsyncDAGSyncer] Added route for CID QmQDw8UaCuXAfq2RUnC8j8F7cqWNgbG8AKrsWWBtgVz3tt to peer 12D3KooWJyD7YYAjz4AyKxk2SmzP99eiQcQZASy3c7roeWgsaLbP (key 0, route_count=1)
[2026-08-26 17:42:59][debug][GraphsyncDAGSyncer] Added route for CID QmQDw8UaCuXAfq2RUnC8j8F7cqWNgbG8AKrsWWBtgVz3tt to peer 12D3KooWJyD7YYAjz4AyKxk2SmzP99eiQcQZASy3c7roeWgsaLbP (key 0, route_count=1)
[2026-08-26 17:43:00][debug][GraphsyncDAGSyncer] Block initialized without content to LRU cache: CID QmQDw8UaCuXAfq2RUnC8j8F7cqWNgbG8AKrsWWBtgVz3tt, cache size: 1
[2026-08-26 17:43:00][debug][GraphsyncDAGSyncer] Requesting Node QmQDw8UaCuXAfq2RUnC8j8F7cqWNgbG8AKrsWWBtgVz3tt on this 4981002280
[2026-08-26 17:43:00][debug][GraphsyncDAGSyncer] Return node for CID QmQDw8UaCuXAfq2RUnC8j8F7cqWNgbG8AKrsWWBtgVz3tt instance=4981005416
[2026-08-26 17:43:00.162755000][th:85111617][warning] graphsync Request 1 for CID QmQDw8UaCuXAfq2RUnC8j8F7cqWNgbG8AKrsWWBtgVz3tt got RS_FULL_CONTENT but no blocks received yet
[2026-08-26 17:43:00][debug][GraphsyncDAGSyncer] request progress: code=FULL_CONTENT, extensions=(graphsync/do-not-send-cids: 0x80) (graphsync/response-metadata: 0x80) 
[2026-08-26 17:43:00][debug][GraphsyncDAGSyncer] HasBlock: false, cid: QmQDw8UaCuXAfq2RUnC8j8F7cqWNgbG8AKrsWWBtgVz3tt
[2026-08-26 17:43:00][debug][GraphsyncDAGSyncer] Existing block updated in LRU cache: CID QmQDw8UaCuXAfq2RUnC8j8F7cqWNgbG8AKrsWWBtgVz3tt
[2026-08-26 17:43:00][debug][GraphsyncDAGSyncer] Node added to dagService. CID: QmQDw8UaCuXAfq2RUnC8j8F7cqWNgbG8AKrsWWBtgVz3tt, links: []
[2026-08-26 17:43:00][debug][GraphsyncDAGSyncer] Seeing if peer 12D3KooWJyD7YYAjz4AyKxk2SmzP99eiQcQZASy3c7roeWgsaLbP has links to AddRoute
[2026-08-26 17:43:00][info][GraphsyncDAGSyncer] TraverseCIDsLinks: Checking links on { cid="QmQDw8UaCuXAfq2RUnC8j8F7cqWNgbG8AKrsWWBtgVz3tt", name="" }
[2026-08-26 17:43:00][info][GraphsyncDAGSyncer] TraverseCIDsLinks: Completed traversal. Links to fetch: 0, Visited: 0
[2026-08-26 17:43:00][debug][GraphsyncDAGSyncer] Block initialized without content to LRU cache: CID QmQDw8UaCuXAfq2RUnC8j8F7cqWNgbG8AKrsWWBtgVz3tt, cache size: 1
[2026-08-26 17:43:00][debug][GraphsyncDAGSyncer] Requesting Node QmQDw8UaCuXAfq2RUnC8j8F7cqWNgbG8AKrsWWBtgVz3tt on this 5001005304
[2026-08-26 17:43:00][debug][GraphsyncDAGSyncer] Return node for CID QmQDw8UaCuXAfq2RUnC8j8F7cqWNgbG8AKrsWWBtgVz3tt instance=4981005416
[2026-08-26 17:43:00.229799000][th:85111543][warning] graphsync Request 1 for CID QmQDw8UaCuXAfq2RUnC8j8F7cqWNgbG8AKrsWWBtgVz3tt got RS_FULL_CONTENT but no blocks received yet
[2026-08-26 17:43:00][debug][GraphsyncDAGSyncer] request progress: code=FULL_CONTENT, extensions=(graphsync/response-metadata: 0x80) (graphsync/do-not-send-cids: 0x80) 
[2026-08-26 17:43:00][debug][GraphsyncDAGSyncer] HasBlock: false, cid: QmQDw8UaCuXAfq2RUnC8j8F7cqWNgbG8AKrsWWBtgVz3tt
[2026-08-26 17:43:00][debug][GraphsyncDAGSyncer] Existing block updated in LRU cache: CID QmQDw8UaCuXAfq2RUnC8j8F7cqWNgbG8AKrsWWBtgVz3tt
[2026-08-26 17:43:00][debug][GraphsyncDAGSyncer] Node added to dagService. CID: QmQDw8UaCuXAfq2RUnC8j8F7cqWNgbG8AKrsWWBtgVz3tt, links: []
[2026-08-26 17:43:00][debug][GraphsyncDAGSyncer] Seeing if peer 12D3KooWJyD7YYAjz4AyKxk2SmzP99eiQcQZASy3c7roeWgsaLbP has links to AddRoute
[2026-08-26 17:43:00][info][GraphsyncDAGSyncer] TraverseCIDsLinks: Checking links on { cid="QmQDw8UaCuXAfq2RUnC8j8F7cqWNgbG8AKrsWWBtgVz3tt", name="" }
[2026-08-26 17:43:00][info][GraphsyncDAGSyncer] TraverseCIDsLinks: Completed traversal. Links to fetch: 0, Visited: 0
[2026-08-26 17:43:00][debug][GraphsyncDAGSyncer] Return node for CID QmQDw8UaCuXAfq2RUnC8j8F7cqWNgbG8AKrsWWBtgVz3tt instance=4981002280
[2026-08-26 17:43:00][debug][GraphsyncDAGSyncer] Block initialized without content to LRU cache: CID QmQDw8UaCuXAfq2RUnC8j8F7cqWNgbG8AKrsWWBtgVz3tt, cache size: 1
[2026-08-26 17:43:00][debug][GraphsyncDAGSyncer] Requesting Node QmQDw8UaCuXAfq2RUnC8j8F7cqWNgbG8AKrsWWBtgVz3tt on this 5001136856
[2026-08-26 17:43:00][debug][GraphsyncDAGSyncer] Return node for CID QmQDw8UaCuXAfq2RUnC8j8F7cqWNgbG8AKrsWWBtgVz3tt instance=4981005416
[2026-08-26 17:43:00.271942000][th:85111565][warning] graphsync Request 1 for CID QmQDw8UaCuXAfq2RUnC8j8F7cqWNgbG8AKrsWWBtgVz3tt got RS_FULL_CONTENT but no blocks received yet
[2026-08-26 17:43:00][debug][GraphsyncDAGSyncer] request progress: code=FULL_CONTENT, extensions=(graphsync/do-not-send-cids: 0x80) (graphsync/response-metadata: 0x80) 
[2026-08-26 17:43:00][debug][GraphsyncDAGSyncer] HasBlock: false, cid: QmQDw8UaCuXAfq2RUnC8j8F7cqWNgbG8AKrsWWBtgVz3tt
[2026-08-26 17:43:00][debug][GraphsyncDAGSyncer] Existing block updated in LRU cache: CID QmQDw8UaCuXAfq2RUnC8j8F7cqWNgbG8AKrsWWBtgVz3tt
[2026-08-26 17:43:00][debug][GraphsyncDAGSyncer] Node added to dagService. CID: QmQDw8UaCuXAfq2RUnC8j8F7cqWNgbG8AKrsWWBtgVz3tt, links: []
[2026-08-26 17:43:00][debug][GraphsyncDAGSyncer] Seeing if peer 12D3KooWJyD7YYAjz4AyKxk2SmzP99eiQcQZASy3c7roeWgsaLbP has links to AddRoute
[2026-08-26 17:43:00][info][GraphsyncDAGSyncer] TraverseCIDsLinks: Checking links on { cid="QmQDw8UaCuXAfq2RUnC8j8F7cqWNgbG8AKrsWWBtgVz3tt", name="" }
[2026-08-26 17:43:00][info][GraphsyncDAGSyncer] TraverseCIDsLinks: Completed traversal. Links to fetch: 0, Visited: 0
[2026-08-26 17:43:00][info][CRDTCallbackManager] Executing callback for key '/cert/mint-v2:test:0000000000000000000000000000000000000000000000000000000000000000:42:79f61aabedb63a0dcecaf67eaea6ff5b247ab96e22da5c6ed7dc1cee8f76deaa649025267fff9052aa8916f1c65421c9355742e9e4b22556d1ddeea318e1d03e:cccccccccccccccccccccccccccccccccccccccccccccccccccccccccccccccc' matching pattern '^/?cert/[^/]+'
[2026-08-26 17:43:00][debug][GraphsyncDAGSyncer] addNode: Added node QmQDw8UaCuXAfq2RUnC8j8F7cqWNgbG8AKrsWWBtgVz3tt on dagService 
[2026-08-26 17:43:00][debug][GraphsyncDAGSyncer] Block removed from LRU cache: CID QmQDw8UaCuXAfq2RUnC8j8F7cqWNgbG8AKrsWWBtgVz3tt
[2026-08-26 17:43:00][debug][GraphsyncDAGSyncer] Return node for CID QmQDw8UaCuXAfq2RUnC8j8F7cqWNgbG8AKrsWWBtgVz3tt instance=5001005304
[2026-08-26 17:43:00][info][CRDTCallbackManager] Executing callback for key '/cert/mint-v2:test:0000000000000000000000000000000000000000000000000000000000000000:42:79f61aabedb63a0dcecaf67eaea6ff5b247ab96e22da5c6ed7dc1cee8f76deaa649025267fff9052aa8916f1c65421c9355742e9e4b22556d1ddeea318e1d03e:cccccccccccccccccccccccccccccccccccccccccccccccccccccccccccccccc' matching pattern '^/?cert/[^/]+'
[2026-08-26 17:43:00][debug][GraphsyncDAGSyncer] addNode: Added node QmQDw8UaCuXAfq2RUnC8j8F7cqWNgbG8AKrsWWBtgVz3tt on dagService 
[2026-08-26 17:43:00][debug][GraphsyncDAGSyncer] Block removed from LRU cache: CID QmQDw8UaCuXAfq2RUnC8j8F7cqWNgbG8AKrsWWBtgVz3tt
[2026-08-26 17:43:00][debug][GraphsyncDAGSyncer] Return node for CID QmQDw8UaCuXAfq2RUnC8j8F7cqWNgbG8AKrsWWBtgVz3tt instance=5001136856
[2026-08-26 17:43:00][info][CRDTCallbackManager] Executing callback for key '/cert/mint-v2:test:0000000000000000000000000000000000000000000000000000000000000000:42:79f61aabedb63a0dcecaf67eaea6ff5b247ab96e22da5c6ed7dc1cee8f76deaa649025267fff9052aa8916f1c65421c9355742e9e4b22556d1ddeea318e1d03e:cccccccccccccccccccccccccccccccccccccccccccccccccccccccccccccccc' matching pattern '^/?cert/[^/]+'
[2026-08-26 17:43:00][debug][GraphsyncDAGSyncer] addNode: Added node QmQDw8UaCuXAfq2RUnC8j8F7cqWNgbG8AKrsWWBtgVz3tt on dagService 
[2026-08-26 17:43:00][debug][GraphsyncDAGSyncer] Block removed from LRU cache: CID QmQDw8UaCuXAfq2RUnC8j8F7cqWNgbG8AKrsWWBtgVz3tt
[2026-08-26 17:43:00][info][UTXOManager] Stored 1 UTXOs for address 79f61aabedb63a0dcecaf67eaea6ff5b247ab96e22da5c6ed7dc1cee8f76deaa649025267fff9052aa8916f1c65421c9355742e9e4b22556d1ddeea318e1d03e
[2026-08-26 17:43:00][info][UTXOManager] Stored 1 UTXOs for address 79f61aabedb63a0dcecaf67eaea6ff5b247ab96e22da5c6ed7dc1cee8f76deaa649025267fff9052aa8916f1c65421c9355742e9e4b22556d1ddeea318e1d03e
[2026-08-26 17:43:00][info][UTXOManager] Stored 2 UTXOs for address 79f61aabedb63a0dcecaf67eaea6ff5b247ab96e22da5c6ed7dc1cee8f76deaa649025267fff9052aa8916f1c65421c9355742e9e4b22556d1ddeea318e1d03e
[2026-08-26 17:43:00][info][TransactionManager] [f5aa9b5c - full: false] Created tokens (mint-v2), amount 42 balance 0
[2026-08-26 17:43:00][info][UTXOManager] Stored 2 UTXOs for address 79f61aabedb63a0dcecaf67eaea6ff5b247ab96e22da5c6ed7dc1cee8f76deaa649025267fff9052aa8916f1c65421c9355742e9e4b22556d1ddeea318e1d03e
[2026-08-26 17:43:00][info][TransactionManager] [79f61aab - full: false] Created tokens (mint-v2), amount 42 balance 42
[2026-08-26 17:43:00][info][UTXOManager] Stored 1 UTXOs for address 79f61aabedb63a0dcecaf67eaea6ff5b247ab96e22da5c6ed7dc1cee8f76deaa649025267fff9052aa8916f1c65421c9355742e9e4b22556d1ddeea318e1d03e
[2026-08-26 17:43:00][info][TransactionManager] [f5aa9b5c - full: false] ChangeTransactionState: Tracking entry confirmed tx=7fb881f383c259662147cbefb618df0c78bd46d8441bfd3dcdf2ce096e34d318
[2026-08-26 17:43:00][info][TransactionManager] [79f61aab - full: false] ChangeTransactionState: Tracking entry confirmed tx=7fb881f383c259662147cbefb618df0c78bd46d8441bfd3dcdf2ce096e34d318
[2026-08-26 17:43:00][info][UTXOManager] Stored 2 UTXOs for address 79f61aabedb63a0dcecaf67eaea6ff5b247ab96e22da5c6ed7dc1cee8f76deaa649025267fff9052aa8916f1c65421c9355742e9e4b22556d1ddeea318e1d03e
[2026-08-26 17:43:00][info][TransactionManager] [9f27ffab - full: false] Created tokens (mint-v2), amount 42 balance 0
[2026-08-26 17:43:00][info][TransactionManager] [9f27ffab - full: false] ChangeTransactionState: Tracking entry confirmed tx=7fb881f383c259662147cbefb618df0c78bd46d8441bfd3dcdf2ce096e34d318
[2026-08-26 17:43:00][info][UTXOManager] Created checkpoint owner=f5aa9b5cc90c6e4b58045ae3bb241361aa16624d5abbda7bcd42fc59e0fc5e4862cdd62048fefc939418a157b47832b01359999693ee4b75939c0f55f16166f2 epoch=1 utxo_count=0
[2026-08-26 17:43:00][info][UTXOManager] Created checkpoint owner=79f61aabedb63a0dcecaf67eaea6ff5b247ab96e22da5c6ed7dc1cee8f76deaa649025267fff9052aa8916f1c65421c9355742e9e4b22556d1ddeea318e1d03e epoch=1 utxo_count=1
[2026-08-26 17:43:00][info][UTXOManager] Created checkpoint owner=9f27ffab8111d7867754dde3cf5ff7a42194acf2e7a0a2fdecfa203f85397689c4a6b1e0bf2b088000ef3206bf73105c4b17f9fd8ec501e1b201b7d891a391fa epoch=1 utxo_count=0
[2026-08-26 17:43:00][info][CRDTCallbackManager] Successfully unregistered new data callback for pattern: '^/?/bc-144/tx/[^/]+'
[2026-08-26 17:43:00][info][CRDTCallbackManager] Successfully unregistered deleted data callback for pattern: '^/?/bc-144/tx/[^/]+'
[2026-08-26 17:43:00][info][CRDTCallbackManager] Successfully unregistered new data callback for pattern: '^/?/bc-963/tx/[^/]+'
[2026-08-26 17:43:00][info][CRDTCallbackManager] Successfully unregistered deleted data callback for pattern: '^/?/bc-963/tx/[^/]+'
[2026-08-26 17:43:00][info][CRDTCallbackManager] Successfully unregistered new data callback for pattern: '^/?/bc-369/tx/[^/]+'
[2026-08-26 17:43:00][info][CRDTCallbackManager] Successfully unregistered deleted data callback for pattern: '^/?/bc-369/tx/[^/]+'
[2026-08-26 17:43:00][info][TransactionManager] [79f61aab - full: false] ~TransactionManager: Metrics — cert_fallback(success=0 failure=0) validation(approve=1 reject=0) tracking(insert=1 confirm=1 fail=0)
[2026-08-26 17:43:00][info][Blockchain] [79f61aab] Stopping blockchain
[2026-08-26 17:43:00][info][CRDTCallbackManager] Successfully unregistered new data callback for pattern: '/?gnus-genesis-block'
[2026-08-26 17:43:00][info][CRDTCallbackManager] Successfully unregistered new data callback for pattern: '/?gnus-account-creation-.*'
[2026-08-26 17:43:00][info][CRDTCallbackManager] Successfully unregistered new data callback for pattern: '/?gnus-validator-registry'
[2026-08-26 17:43:00.848178000][th:85111617][error] GossipPubSub Address monitoring timer error: Operation canceled
[2026-08-26 17:43:00][error][PubSubBroadcasterExt] No message to process
[2026-08-26 17:43:00][error][PubSubBroadcasterExt] No message to process
[2026-08-26 17:43:00.848301000][th:85111617][error] graphsync Varint Error msg=Connection: closed by this host
[2026-08-26 17:43:00.848306000][th:85111617][info] graphsync stream read error, peer=gsaLbP, msg=stream is not readable
[2026-08-26 17:43:01][debug][GlobalDB] ~GlobalDB CALLED with count 6 on multi_node_finality_fault/restart-vote-validator-one/rocksdb 
[2026-08-26 17:43:01][info][GlobalDB] GlobalDB shutdown start
[2026-08-26 17:43:01][info][CrdtDatastore] CancelAndCloseNow: begin (pending_jobs=1, self_queue=0, root_queue=0, pending_roots=0, active_root=false)
[2026-08-26 17:43:01][debug][GraphsyncDAGSyncer] Stopping Dagsyncer
[2026-08-26 17:43:01][debug][GraphsyncDAGSyncer] Dagsyncer Stopped
[2026-08-26 17:43:02][info][CrdtDatastore] CancelAndCloseNow: CRDT workers stopped
[2026-08-26 17:43:02][warning][CrdtDatastore] CancelAndCloseNow called but shutdown has already started
[2026-08-26 17:43:02][debug][GraphsyncDAGSyncer] ~GraphsyncDAGSyncer CALLED
[2026-08-26 17:43:02.177411000][th:85111520][error] graphsync Varint Error msg=Connection reset by peer
[2026-08-26 17:43:02.177538000][th:85111520][info] graphsync stream read error, peer=4kimXd, msg=stream is not readable
[2026-08-26 17:43:02][info][GlobalDB] GlobalDB shutdown finished
[2026-08-26 17:43:02][info][KeyPairFileStorage] Path to keypairs multi_node_finality_fault/restart-vote-validator-one/keypair
[2026-08-26 17:43:02][info][KeyPairFileStorage] Peer ID from public key: 12D3KooWRfKwtssY3KMRX27U9nhgxSM9ycNszQgDvHCDoz4kimXd
Current limits: 16384 (soft), 9223372036854775807 (hard)
New limits set successfully: 16384 (soft), 9223372036854775807 (hard)
Initialized relay addresses
[2026-08-26 17:43:02.181016000][th:85111454][info] GossipPubSub /ip4/0.0.0.0/tcp/54601/p2p/12D3KooWRfKwtssY3KMRX27U9nhgxSM9ycNszQgDvHCDoz4kimXd: Starting PubSub service
[2026-08-26 17:43:02.181200000][th:85111707][info] GossipPubSub Starting address monitoring system for mobile network changes
[2026-08-26 17:43:02.181214000][th:85111707][info] GossipPubSub === CURRENT NETWORK STATE ===
[2026-08-26 17:43:02.181235000][th:85111707][info] GossipPubSub Primary listening address: /ip4/0.0.0.0/tcp/54601/p2p/12D3KooWRfKwtssY3KMRX27U9nhgxSM9ycNszQgDvHCDoz4kimXd
[2026-08-26 17:43:02.181241000][th:85111707][info] GossipPubSub Host peer info addresses (0):
[2026-08-26 17:43:02.181246000][th:85111707][info] GossipPubSub Additional addresses we track (0):
[2026-08-26 17:43:02.181251000][th:85111707][info] GossipPubSub Listening addresses (1):
[2026-08-26 17:43:02.181257000][th:85111707][info] GossipPubSub   -> /ip4/0.0.0.0/tcp/54601/p2p/12D3KooWRfKwtssY3KMRX27U9nhgxSM9ycNszQgDvHCDoz4kimXd
[2026-08-26 17:43:02.181261000][th:85111707][info] GossipPubSub Interface addresses (0):
[2026-08-26 17:43:02.181264000][th:85111707][info] GossipPubSub === RAW OBSERVED ADDRESS DEBUG ===
[2026-08-26 17:43:02.181271000][th:85111707][info] GossipPubSub Local address: /ip4/0.0.0.0/tcp/54601/p2p/12D3KooWRfKwtssY3KMRX27U9nhgxSM9ycNszQgDvHCDoz4kimXd -> 0 raw observed, 0 activated+confirmed
[2026-08-26 17:43:02.181276000][th:85111707][info] GossipPubSub TOTAL: 0 raw observed addresses, 0 activated+confirmed addresses
[2026-08-26 17:43:02.181279000][th:85111707][info] GossipPubSub === END RAW OBSERVED ADDRESS DEBUG ===
[2026-08-26 17:43:02.181283000][th:85111707][info] GossipPubSub Observed addresses - all (0):
[2026-08-26 17:43:02.181288000][th:85111707][info] GossipPubSub Observed addresses - confirmed only (0):
[2026-08-26 17:43:02.181292000][th:85111707][info] GossipPubSub Relay addresses (0):
[2026-08-26 17:43:02.181299000][th:85111707][warning] GossipPubSub Failed to get addresses from peer repository: not found
[2026-08-26 17:43:02.181372000][th:85111707][info] GossipPubSub Found 1 valid network interfaces
[2026-08-26 17:43:02.181378000][th:85111707][info] GossipPubSub Current network interfaces (1):
[2026-08-26 17:43:02.181382000][th:85111707][info] GossipPubSub   -> 192.168.1.6
[2026-08-26 17:43:02.181386000][th:85111707][info] GossipPubSub Active connections: 0
[2026-08-26 17:43:02.181390000][th:85111707][info] GossipPubSub === PEER CONNECTION DETAILS ===
[2026-08-26 17:43:02.181394000][th:85111707][info] GossipPubSub NOTE: Observed addresses need to be seen by 4+ different peer groups to become 'activated'
[2026-08-26 17:43:02.181468000][th:85111707][info] GossipPubSub NOTE: Current connections: 0, so max possible observers: 0
[2026-08-26 17:43:02.181477000][th:85111707][info] GossipPubSub === END PEER CONNECTION DETAILS ===
[2026-08-26 17:43:02.181482000][th:85111707][info] GossipPubSub Connection manager stats:
[2026-08-26 17:43:02.181487000][th:85111707][info] GossipPubSub   -> Max connections: 1000
[2026-08-26 17:43:02.181491000][th:85111707][info] GossipPubSub   -> Current connections: 0
[2026-08-26 17:43:02.181495000][th:85111707][info] GossipPubSub === END NETWORK STATE ===
[2026-08-26 17:43:02.181763000][th:85111707][info] GossipPubSub /ip4/0.0.0.0/tcp/54601/p2p/12D3KooWRfKwtssY3KMRX27U9nhgxSM9ycNszQgDvHCDoz4kimXd : PubSub service started
[2026-08-26 17:43:02][info][GlobalDB] Opening database /Users/henriqueklein/gnus/SuperGenius/multi_node_finality_fault/restart-vote-validator-one/rocksdb
[2026-08-26 17:43:02][debug][GraphsyncDAGSyncer] GraphSyncer created 4712324104 
[2026-08-26 17:43:02][info][CrdtDatastore] crdt Datastore created. Number of heads: 2 Current max-height: 18446744073709551615
[2026-08-26 17:43:02][info][GeniusAccount] Secure storage ID path: /Users/henriqueklein/gnus/SuperGenius/multi_node_finality_fault/restart-vote-validator-one/account/secure_storage_id
[2026-08-26 17:43:02][info][GeniusAccount] Loaded public key from file: 79f61aabedb63a0d... (length: 128)
[2026-08-26 17:43:02][info][GeniusAccount] Successfully loaded key_seed from storage
[2026-08-26 17:43:02][info][GeniusAccount] Validation successful: key_seed matches stored public key
[2026-08-26 17:43:02][warning][UTXOManager] Skipping malformed UTXO key /utxo-checkpoint/79f61aabedb63a0dcecaf67eaea6ff5b247ab96e22da5c6ed7dc1cee8f76deaa649025267fff9052aa8916f1c65421c9355742e9e4b22556d1ddeea318e1d03e/1
[2026-08-26 17:43:02][warning][UTXOManager] Skipping malformed UTXO key /utxo-checkpoint/79f61aabedb63a0dcecaf67eaea6ff5b247ab96e22da5c6ed7dc1cee8f76deaa649025267fff9052aa8916f1c65421c9355742e9e4b22556d1ddeea318e1d03e/latest
[2026-08-26 17:43:02][info][Blockchain] [79f61aab] Blockchain instance created with authorized full node: 8a33bdf1
[2026-08-26 17:43:02][info][ValidatorRegistry] InitializeCache: cache initialized with CID QmdfgTvpud3u4XfifHWFxER3cwaWAPrJVMFMLSmiRoHDEu
[2026-08-26 17:43:02][info][CRDTCallbackManager] Successfully registered new data callback for pattern: '/?gnus-validator-registry'
[2026-08-26 17:43:02][info][ValidatorRegistry] RegisterFilter: result=true
[2026-08-26 17:43:02][info][ValidatorRegistry] New: instance ready
[2026-08-26 17:43:02.212210000][th:85111707][info] GossipPubSub /ip4/0.0.0.0/tcp/54601/p2p/12D3KooWRfKwtssY3KMRX27U9nhgxSM9ycNszQgDvHCDoz4kimXd: PubSub subscribed to topic 'gnus-validator-registry.3.7.144'
[2026-08-26 17:43:02.212248000][th:85111707][info] GossipPubSub /ip4/0.0.0.0/tcp/54601/p2p/12D3KooWRfKwtssY3KMRX27U9nhgxSM9ycNszQgDvHCDoz4kimXd: PubSub subscribed to topic 'consensus-channel-.3.7.144'
[2026-08-26 17:43:02][info][CRDTCallbackManager] Successfully registered new data callback for pattern: '^/?cert/[^/]+'
[2026-08-26 17:43:02.212476000][th:85111707][info] GossipPubSub /ip4/0.0.0.0/tcp/54601/p2p/12D3KooWRfKwtssY3KMRX27U9nhgxSM9ycNszQgDvHCDoz4kimXd: PubSub subscribed to topic 'consensus-channel-.3.7.144#datastore.3.7.144'
[2026-08-26 17:43:02][info][CRDTCallbackManager] Successfully registered new data callback for pattern: '/?gnus-genesis-block'
[2026-08-26 17:43:02][info][CRDTCallbackManager] Successfully registered new data callback for pattern: '/?gnus-account-creation-.*'
[2026-08-26 17:43:02][info][CRDTCallbackManager] Successfully registered new data callback for pattern: '^/?/bc-144/tx/[^/]+'
[2026-08-26 17:43:02][info][CRDTCallbackManager] Successfully registered deleted data callback for pattern: '^/?/bc-144/tx/[^/]+'
[2026-08-26 17:43:02][info][CRDTCallbackManager] Successfully registered new data callback for pattern: '^/?/bc-963/tx/[^/]+'
[2026-08-26 17:43:02][info][CRDTCallbackManager] Successfully registered deleted data callback for pattern: '^/?/bc-963/tx/[^/]+'
[2026-08-26 17:43:02][info][CRDTCallbackManager] Successfully registered new data callback for pattern: '^/?/bc-369/tx/[^/]+'
[2026-08-26 17:43:02][info][CRDTCallbackManager] Successfully registered deleted data callback for pattern: '^/?/bc-369/tx/[^/]+'
[2026-08-26 17:43:02][info][CRDTCallbackManager] Successfully unregistered new data callback for pattern: '^/?/bc-144/tx/[^/]+'
[2026-08-26 17:43:02][info][CRDTCallbackManager] Successfully unregistered deleted data callback for pattern: '^/?/bc-144/tx/[^/]+'
[2026-08-26 17:43:02][info][CRDTCallbackManager] Successfully unregistered new data callback for pattern: '^/?/bc-963/tx/[^/]+'
[2026-08-26 17:43:02][info][CRDTCallbackManager] Successfully unregistered deleted data callback for pattern: '^/?/bc-963/tx/[^/]+'
[2026-08-26 17:43:02][info][CRDTCallbackManager] Successfully unregistered new data callback for pattern: '^/?/bc-369/tx/[^/]+'
[2026-08-26 17:43:02][info][CRDTCallbackManager] Successfully unregistered deleted data callback for pattern: '^/?/bc-369/tx/[^/]+'
[2026-08-26 17:43:02][info][TransactionManager] [1f98bc13 - full: false] ~TransactionManager: Metrics — cert_fallback(success=0 failure=0) validation(approve=1 reject=0) tracking(insert=1 confirm=1 fail=0)
[2026-08-26 17:43:02][info][Blockchain] [1f98bc13] Stopping blockchain
[2026-08-26 17:43:02][info][CRDTCallbackManager] Successfully unregistered new data callback for pattern: '/?gnus-genesis-block'
[2026-08-26 17:43:02][info][CRDTCallbackManager] Successfully unregistered new data callback for pattern: '/?gnus-account-creation-.*'
[2026-08-26 17:43:02][info][CRDTCallbackManager] Successfully unregistered new data callback for pattern: '/?gnus-validator-registry'
[2026-08-26 17:43:02.216602000][th:85111520][error] GossipPubSub Address monitoring timer error: Operation canceled
[2026-08-26 17:43:02][error][PubSubBroadcasterExt] No message to process
[2026-08-26 17:43:02][error][PubSubBroadcasterExt] No message to process
[2026-08-26 17:43:02.217241000][th:85111520][error] graphsync Varint Error msg=Connection: closed by this host
[2026-08-26 17:43:02.217254000][th:85111520][info] graphsync stream read error, peer=dZJNo5, msg=stream is not readable
[2026-08-26 17:43:02.217306000][th:85111520][error] graphsync Varint Error msg=Connection: closed by this host
[2026-08-26 17:43:02.217315000][th:85111520][info] graphsync stream read error, peer=kBUxvy, msg=stream is not readable
[2026-08-26 17:43:03][debug][GlobalDB] ~GlobalDB CALLED with count 6 on multi_node_finality_fault/restart-vote-validator-two/rocksdb 
[2026-08-26 17:43:03][info][GlobalDB] GlobalDB shutdown start
[2026-08-26 17:43:03][info][CrdtDatastore] CancelAndCloseNow: begin (pending_jobs=0, self_queue=0, root_queue=0, pending_roots=0, active_root=false)
[2026-08-26 17:43:03][debug][GraphsyncDAGSyncer] Stopping Dagsyncer
[2026-08-26 17:43:03][debug][GraphsyncDAGSyncer] Dagsyncer Stopped
[2026-08-26 17:43:03][info][CrdtDatastore] CancelAndCloseNow: CRDT workers stopped
[2026-08-26 17:43:03][warning][CrdtDatastore] CancelAndCloseNow called but shutdown has already started
[2026-08-26 17:43:03][debug][GraphsyncDAGSyncer] ~GraphsyncDAGSyncer CALLED
[2026-08-26 17:43:03.717494000][th:85111543][error] graphsync Varint Error msg=Connection reset by peer
[2026-08-26 17:43:03.717509000][th:85111543][info] graphsync stream read error, peer=gsaLbP, msg=stream is not readable
[2026-08-26 17:43:03][info][GlobalDB] GlobalDB shutdown finished
[2026-08-26 17:43:03.717515000][th:85111565][error] graphsync Varint Error msg=Connection reset by peer
[2026-08-26 17:43:03.717549000][th:85111565][info] graphsync stream read error, peer=gsaLbP, msg=stream is not readable
[2026-08-26 17:43:03][info][KeyPairFileStorage] Path to keypairs multi_node_finality_fault/restart-vote-validator-two/keypair
[2026-08-26 17:43:03][info][KeyPairFileStorage] Peer ID from public key: 12D3KooWJyD7YYAjz4AyKxk2SmzP99eiQcQZASy3c7roeWgsaLbP
Current limits: 16384 (soft), 9223372036854775807 (hard)
New limits set successfully: 16384 (soft), 9223372036854775807 (hard)
Initialized relay addresses
[2026-08-26 17:43:03.719055000][th:85111454][info] GossipPubSub /ip4/0.0.0.0/tcp/54602/p2p/12D3KooWJyD7YYAjz4AyKxk2SmzP99eiQcQZASy3c7roeWgsaLbP: Starting PubSub service
[2026-08-26 17:43:03.719107000][th:85111755][info] GossipPubSub Starting address monitoring system for mobile network changes
[2026-08-26 17:43:03.719114000][th:85111755][info] GossipPubSub === CURRENT NETWORK STATE ===
[2026-08-26 17:43:03.719122000][th:85111755][info] GossipPubSub Primary listening address: /ip4/0.0.0.0/tcp/54602/p2p/12D3KooWJyD7YYAjz4AyKxk2SmzP99eiQcQZASy3c7roeWgsaLbP
[2026-08-26 17:43:03.719125000][th:85111755][info] GossipPubSub Host peer info addresses (0):
[2026-08-26 17:43:03.719127000][th:85111755][info] GossipPubSub Additional addresses we track (0):
[2026-08-26 17:43:03.719129000][th:85111755][info] GossipPubSub Listening addresses (1):
[2026-08-26 17:43:03.719131000][th:85111755][info] GossipPubSub   -> /ip4/0.0.0.0/tcp/54602/p2p/12D3KooWJyD7YYAjz4AyKxk2SmzP99eiQcQZASy3c7roeWgsaLbP
[2026-08-26 17:43:03.719133000][th:85111755][info] GossipPubSub Interface addresses (0):
[2026-08-26 17:43:03.719134000][th:85111755][info] GossipPubSub === RAW OBSERVED ADDRESS DEBUG ===
[2026-08-26 17:43:03.719137000][th:85111755][info] GossipPubSub Local address: /ip4/0.0.0.0/tcp/54602/p2p/12D3KooWJyD7YYAjz4AyKxk2SmzP99eiQcQZASy3c7roeWgsaLbP -> 0 raw observed, 0 activated+confirmed
[2026-08-26 17:43:03.719139000][th:85111755][info] GossipPubSub TOTAL: 0 raw observed addresses, 0 activated+confirmed addresses
[2026-08-26 17:43:03.719140000][th:85111755][info] GossipPubSub === END RAW OBSERVED ADDRESS DEBUG ===
[2026-08-26 17:43:03.719142000][th:85111755][info] GossipPubSub Observed addresses - all (0):
[2026-08-26 17:43:03.719143000][th:85111755][info] GossipPubSub Observed addresses - confirmed only (0):
[2026-08-26 17:43:03.719145000][th:85111755][info] GossipPubSub Relay addresses (0):
[2026-08-26 17:43:03.719147000][th:85111755][warning] GossipPubSub Failed to get addresses from peer repository: not found
[2026-08-26 17:43:03.719176000][th:85111755][info] GossipPubSub Found 1 valid network interfaces
[2026-08-26 17:43:03.719179000][th:85111755][info] GossipPubSub Current network interfaces (1):
[2026-08-26 17:43:03.719180000][th:85111755][info] GossipPubSub   -> 192.168.1.6
[2026-08-26 17:43:03.719182000][th:85111755][info] GossipPubSub Active connections: 0
[2026-08-26 17:43:03.719184000][th:85111755][info] GossipPubSub === PEER CONNECTION DETAILS ===
[2026-08-26 17:43:03.719185000][th:85111755][info] GossipPubSub NOTE: Observed addresses need to be seen by 4+ different peer groups to become 'activated'
[2026-08-26 17:43:03.719187000][th:85111755][info] GossipPubSub NOTE: Current connections: 0, so max possible observers: 0
[2026-08-26 17:43:03.719188000][th:85111755][info] GossipPubSub === END PEER CONNECTION DETAILS ===
[2026-08-26 17:43:03.719189000][th:85111755][info] GossipPubSub Connection manager stats:
[2026-08-26 17:43:03.719191000][th:85111755][info] GossipPubSub   -> Max connections: 1000
[2026-08-26 17:43:03.719192000][th:85111755][info] GossipPubSub   -> Current connections: 0
[2026-08-26 17:43:03.719194000][th:85111755][info] GossipPubSub === END NETWORK STATE ===
[2026-08-26 17:43:03.719303000][th:85111755][info] GossipPubSub /ip4/0.0.0.0/tcp/54602/p2p/12D3KooWJyD7YYAjz4AyKxk2SmzP99eiQcQZASy3c7roeWgsaLbP : PubSub service started
[2026-08-26 17:43:03][info][GlobalDB] Opening database /Users/henriqueklein/gnus/SuperGenius/multi_node_finality_fault/restart-vote-validator-two/rocksdb
[2026-08-26 17:43:03][debug][GraphsyncDAGSyncer] GraphSyncer created 4981936168 
[2026-08-26 17:43:03][info][CrdtDatastore] crdt Datastore created. Number of heads: 2 Current max-height: 18446744073709551615
[2026-08-26 17:43:03][info][GeniusAccount] Secure storage ID path: /Users/henriqueklein/gnus/SuperGenius/multi_node_finality_fault/restart-vote-validator-two/account/secure_storage_id
[2026-08-26 17:43:03][info][GeniusAccount] Loaded public key from file: 1f98bc13643b273d... (length: 128)
[2026-08-26 17:43:03][info][GeniusAccount] Successfully loaded key_seed from storage
[2026-08-26 17:43:03][info][GeniusAccount] Validation successful: key_seed matches stored public key
[2026-08-26 17:43:03][warning][UTXOManager] Skipping malformed UTXO key /utxo-checkpoint/1f98bc13643b273da58d389e07ee14d021409db95359e54688e72c774b78509612f63753ede4d164d1e7a2b7fec3ca037b320c8b18d019a68e10bb9b7793a398/1
[2026-08-26 17:43:03][warning][UTXOManager] Skipping malformed UTXO key /utxo-checkpoint/1f98bc13643b273da58d389e07ee14d021409db95359e54688e72c774b78509612f63753ede4d164d1e7a2b7fec3ca037b320c8b18d019a68e10bb9b7793a398/latest
[2026-08-26 17:43:03][info][Blockchain] [1f98bc13] Blockchain instance created with authorized full node: 8a33bdf1
[2026-08-26 17:43:03][info][ValidatorRegistry] InitializeCache: cache initialized with CID QmdfgTvpud3u4XfifHWFxER3cwaWAPrJVMFMLSmiRoHDEu
[2026-08-26 17:43:03][info][CRDTCallbackManager] Successfully registered new data callback for pattern: '/?gnus-validator-registry'
[2026-08-26 17:43:03][info][ValidatorRegistry] RegisterFilter: result=true
[2026-08-26 17:43:03][info][ValidatorRegistry] New: instance ready
[2026-08-26 17:43:03.745521000][th:85111755][info] GossipPubSub /ip4/0.0.0.0/tcp/54602/p2p/12D3KooWJyD7YYAjz4AyKxk2SmzP99eiQcQZASy3c7roeWgsaLbP: PubSub subscribed to topic 'gnus-validator-registry.3.7.144'
[2026-08-26 17:43:03][info][CRDTCallbackManager] Successfully registered new data callback for pattern: '^/?cert/[^/]+'
[2026-08-26 17:43:03.745542000][th:85111755][info] GossipPubSub /ip4/0.0.0.0/tcp/54602/p2p/12D3KooWJyD7YYAjz4AyKxk2SmzP99eiQcQZASy3c7roeWgsaLbP: PubSub subscribed to topic 'consensus-channel-.3.7.144'
[2026-08-26 17:43:03.745560000][th:85111755][info] GossipPubSub /ip4/0.0.0.0/tcp/54602/p2p/12D3KooWJyD7YYAjz4AyKxk2SmzP99eiQcQZASy3c7roeWgsaLbP: PubSub subscribed to topic 'consensus-channel-.3.7.144#datastore.3.7.144'
[2026-08-26 17:43:03][info][CRDTCallbackManager] Successfully registered new data callback for pattern: '/?gnus-genesis-block'
[2026-08-26 17:43:03][info][CRDTCallbackManager] Successfully registered new data callback for pattern: '/?gnus-account-creation-.*'
[2026-08-26 17:43:03][info][CRDTCallbackManager] Successfully registered new data callback for pattern: '^/?/bc-144/tx/[^/]+'
[2026-08-26 17:43:03][info][CRDTCallbackManager] Successfully registered deleted data callback for pattern: '^/?/bc-144/tx/[^/]+'
[2026-08-26 17:43:03][info][CRDTCallbackManager] Successfully registered new data callback for pattern: '^/?/bc-963/tx/[^/]+'
[2026-08-26 17:43:03][info][CRDTCallbackManager] Successfully registered deleted data callback for pattern: '^/?/bc-963/tx/[^/]+'
[2026-08-26 17:43:03][info][CRDTCallbackManager] Successfully registered new data callback for pattern: '^/?/bc-369/tx/[^/]+'
[2026-08-26 17:43:03][info][CRDTCallbackManager] Successfully registered deleted data callback for pattern: '^/?/bc-369/tx/[^/]+'
[2026-08-26 17:43:03][info][CRDTCallbackManager] Successfully unregistered new data callback for pattern: '^/?/bc-144/tx/[^/]+'
[2026-08-26 17:43:03][info][CRDTCallbackManager] Successfully unregistered deleted data callback for pattern: '^/?/bc-144/tx/[^/]+'
[2026-08-26 17:43:03][info][CRDTCallbackManager] Successfully unregistered new data callback for pattern: '^/?/bc-963/tx/[^/]+'
[2026-08-26 17:43:03][info][CRDTCallbackManager] Successfully unregistered deleted data callback for pattern: '^/?/bc-963/tx/[^/]+'
[2026-08-26 17:43:03][info][CRDTCallbackManager] Successfully unregistered new data callback for pattern: '^/?/bc-369/tx/[^/]+'
[2026-08-26 17:43:03][info][CRDTCallbackManager] Successfully unregistered deleted data callback for pattern: '^/?/bc-369/tx/[^/]+'
[2026-08-26 17:43:03][info][TransactionManager] [9f27ffab - full: false] ~TransactionManager: Metrics — cert_fallback(success=0 failure=0) validation(approve=1 reject=0) tracking(insert=1 confirm=1 fail=0)
[2026-08-26 17:43:03][info][Blockchain] [9f27ffab] Stopping blockchain
[2026-08-26 17:43:03][info][CRDTCallbackManager] Successfully unregistered new data callback for pattern: '/?gnus-genesis-block'
[2026-08-26 17:43:03][info][CRDTCallbackManager] Successfully unregistered new data callback for pattern: '/?gnus-account-creation-.*'
[2026-08-26 17:43:03][info][CRDTCallbackManager] Successfully unregistered new data callback for pattern: '/?gnus-validator-registry'
[2026-08-26 17:43:03.745700000][th:85111543][error] GossipPubSub Address monitoring timer error: Operation canceled
[2026-08-26 17:43:03][error][PubSubBroadcasterExt] No message to process
[2026-08-26 17:43:03][error][PubSubBroadcasterExt] No message to process
[2026-08-26 17:43:04][debug][GlobalDB] ~GlobalDB CALLED with count 6 on multi_node_finality_fault/restart-vote-validator-three/rocksdb 
[2026-08-26 17:43:04][info][GlobalDB] GlobalDB shutdown start
[2026-08-26 17:43:04][info][CrdtDatastore] CancelAndCloseNow: begin (pending_jobs=1, self_queue=0, root_queue=0, pending_roots=0, active_root=false)
[2026-08-26 17:43:04][debug][GraphsyncDAGSyncer] Stopping Dagsyncer
[2026-08-26 17:43:04][debug][GraphsyncDAGSyncer] Dagsyncer Stopped
[2026-08-26 17:43:04][info][CrdtDatastore] CancelAndCloseNow: CRDT workers stopped
[2026-08-26 17:43:04][warning][CrdtDatastore] CancelAndCloseNow called but shutdown has already started
[2026-08-26 17:43:04][debug][GraphsyncDAGSyncer] ~GraphsyncDAGSyncer CALLED
[2026-08-26 17:43:04][info][GlobalDB] GlobalDB shutdown finished
[2026-08-26 17:43:04][info][KeyPairFileStorage] Path to keypairs multi_node_finality_fault/restart-vote-validator-three/keypair
[2026-08-26 17:43:04][info][KeyPairFileStorage] Peer ID from public key: 12D3KooWNY8nfdQnJLKanPpGpkZhXzgbnAp2r4qEBw5FWHkBUxvy
Current limits: 16384 (soft), 9223372036854775807 (hard)
New limits set successfully: 16384 (soft), 9223372036854775807 (hard)
Initialized relay addresses
[2026-08-26 17:43:04.762009000][th:85111454][info] GossipPubSub /ip4/0.0.0.0/tcp/54603/p2p/12D3KooWNY8nfdQnJLKanPpGpkZhXzgbnAp2r4qEBw5FWHkBUxvy: Starting PubSub service
[2026-08-26 17:43:04.762065000][th:85111796][info] GossipPubSub Starting address monitoring system for mobile network changes
[2026-08-26 17:43:04.762068000][th:85111796][info] GossipPubSub === CURRENT NETWORK STATE ===
[2026-08-26 17:43:04.762076000][th:85111796][info] GossipPubSub Primary listening address: /ip4/0.0.0.0/tcp/54603/p2p/12D3KooWNY8nfdQnJLKanPpGpkZhXzgbnAp2r4qEBw5FWHkBUxvy
[2026-08-26 17:43:04.762078000][th:85111796][info] GossipPubSub Host peer info addresses (0):
[2026-08-26 17:43:04.762081000][th:85111796][info] GossipPubSub Additional addresses we track (0):
[2026-08-26 17:43:04.762082000][th:85111796][info] GossipPubSub Listening addresses (1):
[2026-08-26 17:43:04.762084000][th:85111796][info] GossipPubSub   -> /ip4/0.0.0.0/tcp/54603/p2p/12D3KooWNY8nfdQnJLKanPpGpkZhXzgbnAp2r4qEBw5FWHkBUxvy
[2026-08-26 17:43:04.762086000][th:85111796][info] GossipPubSub Interface addresses (0):
[2026-08-26 17:43:04.762087000][th:85111796][info] GossipPubSub === RAW OBSERVED ADDRESS DEBUG ===
[2026-08-26 17:43:04.762090000][th:85111796][info] GossipPubSub Local address: /ip4/0.0.0.0/tcp/54603/p2p/12D3KooWNY8nfdQnJLKanPpGpkZhXzgbnAp2r4qEBw5FWHkBUxvy -> 0 raw observed, 0 activated+confirmed
[2026-08-26 17:43:04.762092000][th:85111796][info] GossipPubSub TOTAL: 0 raw observed addresses, 0 activated+confirmed addresses
[2026-08-26 17:43:04.762093000][th:85111796][info] GossipPubSub === END RAW OBSERVED ADDRESS DEBUG ===
[2026-08-26 17:43:04.762095000][th:85111796][info] GossipPubSub Observed addresses - all (0):
[2026-08-26 17:43:04.762096000][th:85111796][info] GossipPubSub Observed addresses - confirmed only (0):
[2026-08-26 17:43:04.762098000][th:85111796][info] GossipPubSub Relay addresses (0):
[2026-08-26 17:43:04.762101000][th:85111796][warning] GossipPubSub Failed to get addresses from peer repository: not found
[2026-08-26 17:43:04.762137000][th:85111796][info] GossipPubSub Found 1 valid network interfaces
[2026-08-26 17:43:04.762151000][th:85111796][info] GossipPubSub Current network interfaces (1):
[2026-08-26 17:43:04.762155000][th:85111796][info] GossipPubSub   -> 192.168.1.6
[2026-08-26 17:43:04.762158000][th:85111796][info] GossipPubSub Active connections: 0
[2026-08-26 17:43:04.762160000][th:85111796][info] GossipPubSub === PEER CONNECTION DETAILS ===
[2026-08-26 17:43:04.762162000][th:85111796][info] GossipPubSub NOTE: Observed addresses need to be seen by 4+ different peer groups to become 'activated'
[2026-08-26 17:43:04.762163000][th:85111796][info] GossipPubSub NOTE: Current connections: 0, so max possible observers: 0
[2026-08-26 17:43:04.762165000][th:85111796][info] GossipPubSub === END PEER CONNECTION DETAILS ===
[2026-08-26 17:43:04.762166000][th:85111796][info] GossipPubSub Connection manager stats:
[2026-08-26 17:43:04.762168000][th:85111796][info] GossipPubSub   -> Max connections: 1000
[2026-08-26 17:43:04.762169000][th:85111796][info] GossipPubSub   -> Current connections: 0
[2026-08-26 17:43:04.762170000][th:85111796][info] GossipPubSub === END NETWORK STATE ===
[2026-08-26 17:43:04.762301000][th:85111796][info] GossipPubSub /ip4/0.0.0.0/tcp/54603/p2p/12D3KooWNY8nfdQnJLKanPpGpkZhXzgbnAp2r4qEBw5FWHkBUxvy : PubSub service started
[2026-08-26 17:43:04][info][GlobalDB] Opening database /Users/henriqueklein/gnus/SuperGenius/multi_node_finality_fault/restart-vote-validator-three/rocksdb
[2026-08-26 17:43:04][debug][GraphsyncDAGSyncer] GraphSyncer created 4981050008 
[2026-08-26 17:43:04][info][CrdtDatastore] crdt Datastore created. Number of heads: 2 Current max-height: 18446744073709551615
[2026-08-26 17:43:04][info][GeniusAccount] Secure storage ID path: /Users/henriqueklein/gnus/SuperGenius/multi_node_finality_fault/restart-vote-validator-three/account/secure_storage_id
[2026-08-26 17:43:04][info][GeniusAccount] Loaded public key from file: 9f27ffab8111d786... (length: 128)
[2026-08-26 17:43:04][info][GeniusAccount] Successfully loaded key_seed from storage
[2026-08-26 17:43:04][info][GeniusAccount] Validation successful: key_seed matches stored public key
[2026-08-26 17:43:04][warning][UTXOManager] Skipping malformed UTXO key /utxo-checkpoint/9f27ffab8111d7867754dde3cf5ff7a42194acf2e7a0a2fdecfa203f85397689c4a6b1e0bf2b088000ef3206bf73105c4b17f9fd8ec501e1b201b7d891a391fa/1
[2026-08-26 17:43:04][warning][UTXOManager] Skipping malformed UTXO key /utxo-checkpoint/9f27ffab8111d7867754dde3cf5ff7a42194acf2e7a0a2fdecfa203f85397689c4a6b1e0bf2b088000ef3206bf73105c4b17f9fd8ec501e1b201b7d891a391fa/latest
[2026-08-26 17:43:04][info][Blockchain] [9f27ffab] Blockchain instance created with authorized full node: 8a33bdf1
[2026-08-26 17:43:04][info][ValidatorRegistry] InitializeCache: cache initialized with CID QmdfgTvpud3u4XfifHWFxER3cwaWAPrJVMFMLSmiRoHDEu
[2026-08-26 17:43:04][info][CRDTCallbackManager] Successfully registered new data callback for pattern: '/?gnus-validator-registry'
[2026-08-26 17:43:04][info][ValidatorRegistry] RegisterFilter: result=true
[2026-08-26 17:43:04][info][ValidatorRegistry] New: instance ready
[2026-08-26 17:43:04.786940000][th:85111796][info] GossipPubSub /ip4/0.0.0.0/tcp/54603/p2p/12D3KooWNY8nfdQnJLKanPpGpkZhXzgbnAp2r4qEBw5FWHkBUxvy: PubSub subscribed to topic 'gnus-validator-registry.3.7.144'
[2026-08-26 17:43:04][info][CRDTCallbackManager] Successfully registered new data callback for pattern: '^/?cert/[^/]+'
[2026-08-26 17:43:04.786968000][th:85111796][info] GossipPubSub /ip4/0.0.0.0/tcp/54603/p2p/12D3KooWNY8nfdQnJLKanPpGpkZhXzgbnAp2r4qEBw5FWHkBUxvy: PubSub subscribed to topic 'consensus-channel-.3.7.144'
[2026-08-26 17:43:04][info][CRDTCallbackManager] Successfully registered new data callback for pattern: '/?gnus-genesis-block'
[2026-08-26 17:43:04][info][CRDTCallbackManager] Successfully registered new data callback for pattern: '/?gnus-account-creation-.*'
[2026-08-26 17:43:04.786989000][th:85111796][info] GossipPubSub /ip4/0.0.0.0/tcp/54603/p2p/12D3KooWNY8nfdQnJLKanPpGpkZhXzgbnAp2r4qEBw5FWHkBUxvy: PubSub subscribed to topic 'consensus-channel-.3.7.144#datastore.3.7.144'
[2026-08-26 17:43:04][info][CRDTCallbackManager] Successfully registered new data callback for pattern: '^/?/bc-144/tx/[^/]+'
[2026-08-26 17:43:04][info][CRDTCallbackManager] Successfully registered deleted data callback for pattern: '^/?/bc-144/tx/[^/]+'
[2026-08-26 17:43:04][info][CRDTCallbackManager] Successfully registered new data callback for pattern: '^/?/bc-963/tx/[^/]+'
[2026-08-26 17:43:04][info][CRDTCallbackManager] Successfully registered deleted data callback for pattern: '^/?/bc-963/tx/[^/]+'
[2026-08-26 17:43:04][info][CRDTCallbackManager] Successfully registered new data callback for pattern: '^/?/bc-369/tx/[^/]+'
[2026-08-26 17:43:04][info][CRDTCallbackManager] Successfully registered deleted data callback for pattern: '^/?/bc-369/tx/[^/]+'
[2026-08-26 17:43:04][info][CRDTCallbackManager] Successfully unregistered new data callback for pattern: '^/?/bc-144/tx/[^/]+'
[2026-08-26 17:43:04][info][CRDTCallbackManager] Successfully unregistered deleted data callback for pattern: '^/?/bc-144/tx/[^/]+'
[2026-08-26 17:43:04][info][CRDTCallbackManager] Successfully unregistered new data callback for pattern: '^/?/bc-963/tx/[^/]+'
[2026-08-26 17:43:04][info][CRDTCallbackManager] Successfully unregistered deleted data callback for pattern: '^/?/bc-963/tx/[^/]+'
[2026-08-26 17:43:04][info][CRDTCallbackManager] Successfully unregistered new data callback for pattern: '^/?/bc-369/tx/[^/]+'
[2026-08-26 17:43:04][info][CRDTCallbackManager] Successfully unregistered deleted data callback for pattern: '^/?/bc-369/tx/[^/]+'
[2026-08-26 17:43:04][info][TransactionManager] [f5aa9b5c - full: false] ~TransactionManager: Metrics — cert_fallback(success=0 failure=0) validation(approve=1 reject=0) tracking(insert=1 confirm=1 fail=0)
[2026-08-26 17:43:04][info][Blockchain] [f5aa9b5c] Stopping blockchain
[2026-08-26 17:43:04][info][CRDTCallbackManager] Successfully unregistered new data callback for pattern: '/?gnus-genesis-block'
[2026-08-26 17:43:04][info][CRDTCallbackManager] Successfully unregistered new data callback for pattern: '/?gnus-account-creation-.*'
[2026-08-26 17:43:04][info][CRDTCallbackManager] Successfully unregistered new data callback for pattern: '/?gnus-validator-registry'
[2026-08-26 17:43:04.787131000][th:85111565][error] GossipPubSub Address monitoring timer error: Operation canceled
[2026-08-26 17:43:04][error][PubSubBroadcasterExt] No message to process
[2026-08-26 17:43:04][error][PubSubBroadcasterExt] No message to process
[2026-08-26 17:43:05][debug][GlobalDB] ~GlobalDB CALLED with count 6 on multi_node_finality_fault/restart-vote-passive/rocksdb 
[2026-08-26 17:43:05][info][GlobalDB] GlobalDB shutdown start
[2026-08-26 17:43:05][info][CrdtDatastore] CancelAndCloseNow: begin (pending_jobs=1, self_queue=0, root_queue=0, pending_roots=0, active_root=false)
[2026-08-26 17:43:05][debug][GraphsyncDAGSyncer] Stopping Dagsyncer
[2026-08-26 17:43:05][debug][GraphsyncDAGSyncer] Dagsyncer Stopped
[2026-08-26 17:43:05][info][CrdtDatastore] CancelAndCloseNow: CRDT workers stopped
[2026-08-26 17:43:05][warning][CrdtDatastore] CancelAndCloseNow called but shutdown has already started
[2026-08-26 17:43:05][debug][GraphsyncDAGSyncer] ~GraphsyncDAGSyncer CALLED
[2026-08-26 17:43:05][info][GlobalDB] GlobalDB shutdown finished
[2026-08-26 17:43:05][info][KeyPairFileStorage] Path to keypairs multi_node_finality_fault/restart-vote-passive/keypair
[2026-08-26 17:43:05][info][KeyPairFileStorage] Peer ID from public key: 12D3KooWFAgepG3zdNJAFDYKhCWgrX5ktZXtjimXgoi7cBdZJNo5
Current limits: 16384 (soft), 9223372036854775807 (hard)
New limits set successfully: 16384 (soft), 9223372036854775807 (hard)
Initialized relay addresses
[2026-08-26 17:43:05.810977000][th:85111454][info] GossipPubSub /ip4/0.0.0.0/tcp/54604/p2p/12D3KooWFAgepG3zdNJAFDYKhCWgrX5ktZXtjimXgoi7cBdZJNo5: Starting PubSub service
[2026-08-26 17:43:05.811031000][th:85111846][info] GossipPubSub Starting address monitoring system for mobile network changes
[2026-08-26 17:43:05.811035000][th:85111846][info] GossipPubSub === CURRENT NETWORK STATE ===
[2026-08-26 17:43:05.811043000][th:85111846][info] GossipPubSub Primary listening address: /ip4/0.0.0.0/tcp/54604/p2p/12D3KooWFAgepG3zdNJAFDYKhCWgrX5ktZXtjimXgoi7cBdZJNo5
[2026-08-26 17:43:05.811046000][th:85111846][info] GossipPubSub Host peer info addresses (0):
[2026-08-26 17:43:05.811049000][th:85111846][info] GossipPubSub Additional addresses we track (0):
[2026-08-26 17:43:05.811052000][th:85111846][info] GossipPubSub Listening addresses (1):
[2026-08-26 17:43:05.811055000][th:85111846][info] GossipPubSub   -> /ip4/0.0.0.0/tcp/54604/p2p/12D3KooWFAgepG3zdNJAFDYKhCWgrX5ktZXtjimXgoi7cBdZJNo5
[2026-08-26 17:43:05.811057000][th:85111846][info] GossipPubSub Interface addresses (0):
[2026-08-26 17:43:05.811059000][th:85111846][info] GossipPubSub === RAW OBSERVED ADDRESS DEBUG ===
[2026-08-26 17:43:05.811063000][th:85111846][info] GossipPubSub Local address: /ip4/0.0.0.0/tcp/54604/p2p/12D3KooWFAgepG3zdNJAFDYKhCWgrX5ktZXtjimXgoi7cBdZJNo5 -> 0 raw observed, 0 activated+confirmed
[2026-08-26 17:43:05.811066000][th:85111846][info] GossipPubSub TOTAL: 0 raw observed addresses, 0 activated+confirmed addresses
[2026-08-26 17:43:05.811068000][th:85111846][info] GossipPubSub === END RAW OBSERVED ADDRESS DEBUG ===
[2026-08-26 17:43:05.811071000][th:85111846][info] GossipPubSub Observed addresses - all (0):
[2026-08-26 17:43:05.811073000][th:85111846][info] GossipPubSub Observed addresses - confirmed only (0):
[2026-08-26 17:43:05.811075000][th:85111846][info] GossipPubSub Relay addresses (0):
[2026-08-26 17:43:05.811078000][th:85111846][warning] GossipPubSub Failed to get addresses from peer repository: not found
[2026-08-26 17:43:05.811108000][th:85111846][info] GossipPubSub Found 1 valid network interfaces
[2026-08-26 17:43:05.811110000][th:85111846][info] GossipPubSub Current network interfaces (1):
[2026-08-26 17:43:05.811112000][th:85111846][info] GossipPubSub   -> 192.168.1.6
[2026-08-26 17:43:05.811114000][th:85111846][info] GossipPubSub Active connections: 0
[2026-08-26 17:43:05.811116000][th:85111846][info] GossipPubSub === PEER CONNECTION DETAILS ===
[2026-08-26 17:43:05.811118000][th:85111846][info] GossipPubSub NOTE: Observed addresses need to be seen by 4+ different peer groups to become 'activated'
[2026-08-26 17:43:05.811120000][th:85111846][info] GossipPubSub NOTE: Current connections: 0, so max possible observers: 0
[2026-08-26 17:43:05.811122000][th:85111846][info] GossipPubSub === END PEER CONNECTION DETAILS ===
[2026-08-26 17:43:05.811124000][th:85111846][info] GossipPubSub Connection manager stats:
[2026-08-26 17:43:05.811125000][th:85111846][info] GossipPubSub   -> Max connections: 1000
[2026-08-26 17:43:05.811127000][th:85111846][info] GossipPubSub   -> Current connections: 0
[2026-08-26 17:43:05.811129000][th:85111846][info] GossipPubSub === END NETWORK STATE ===
[2026-08-26 17:43:05.811236000][th:85111846][info] GossipPubSub /ip4/0.0.0.0/tcp/54604/p2p/12D3KooWFAgepG3zdNJAFDYKhCWgrX5ktZXtjimXgoi7cBdZJNo5 : PubSub service started
[2026-08-26 17:43:05][info][GlobalDB] Opening database /Users/henriqueklein/gnus/SuperGenius/multi_node_finality_fault/restart-vote-passive/rocksdb
[2026-08-26 17:43:05][debug][GraphsyncDAGSyncer] GraphSyncer created 4981894440 
[2026-08-26 17:43:05][info][CrdtDatastore] crdt Datastore created. Number of heads: 2 Current max-height: 18446744073709551615
[2026-08-26 17:43:05][info][GeniusAccount] Secure storage ID path: /Users/henriqueklein/gnus/SuperGenius/multi_node_finality_fault/restart-vote-passive/account/secure_storage_id
[2026-08-26 17:43:05][info][GeniusAccount] Loaded public key from file: f5aa9b5cc90c6e4b... (length: 128)
[2026-08-26 17:43:05][info][GeniusAccount] Successfully loaded key_seed from storage
[2026-08-26 17:43:05][info][GeniusAccount] Validation successful: key_seed matches stored public key
[2026-08-26 17:43:05][warning][UTXOManager] Skipping malformed UTXO key /utxo-checkpoint/f5aa9b5cc90c6e4b58045ae3bb241361aa16624d5abbda7bcd42fc59e0fc5e4862cdd62048fefc939418a157b47832b01359999693ee4b75939c0f55f16166f2/1
[2026-08-26 17:43:05][warning][UTXOManager] Skipping malformed UTXO key /utxo-checkpoint/f5aa9b5cc90c6e4b58045ae3bb241361aa16624d5abbda7bcd42fc59e0fc5e4862cdd62048fefc939418a157b47832b01359999693ee4b75939c0f55f16166f2/latest
[2026-08-26 17:43:05][info][Blockchain] [f5aa9b5c] Blockchain instance created with authorized full node: 8a33bdf1
[2026-08-26 17:43:05][info][ValidatorRegistry] InitializeCache: cache initialized with CID QmdfgTvpud3u4XfifHWFxER3cwaWAPrJVMFMLSmiRoHDEu
[2026-08-26 17:43:05][info][CRDTCallbackManager] Successfully registered new data callback for pattern: '/?gnus-validator-registry'
[2026-08-26 17:43:05][info][ValidatorRegistry] RegisterFilter: result=true
[2026-08-26 17:43:05][info][ValidatorRegistry] New: instance ready
[2026-08-26 17:43:05.845180000][th:85111846][info] GossipPubSub /ip4/0.0.0.0/tcp/54604/p2p/12D3KooWFAgepG3zdNJAFDYKhCWgrX5ktZXtjimXgoi7cBdZJNo5: PubSub subscribed to topic 'gnus-validator-registry.3.7.144'
[2026-08-26 17:43:05.845203000][th:85111846][info] GossipPubSub /ip4/0.0.0.0/tcp/54604/p2p/12D3KooWFAgepG3zdNJAFDYKhCWgrX5ktZXtjimXgoi7cBdZJNo5: PubSub subscribed to topic 'consensus-channel-.3.7.144'
[2026-08-26 17:43:05][info][CRDTCallbackManager] Successfully registered new data callback for pattern: '^/?cert/[^/]+'
[2026-08-26 17:43:05.845238000][th:85111846][info] GossipPubSub /ip4/0.0.0.0/tcp/54604/p2p/12D3KooWFAgepG3zdNJAFDYKhCWgrX5ktZXtjimXgoi7cBdZJNo5: PubSub subscribed to topic 'consensus-channel-.3.7.144#datastore.3.7.144'
[2026-08-26 17:43:05][info][CRDTCallbackManager] Successfully registered new data callback for pattern: '/?gnus-genesis-block'
[2026-08-26 17:43:05][info][CRDTCallbackManager] Successfully registered new data callback for pattern: '/?gnus-account-creation-.*'
[2026-08-26 17:43:05][info][CRDTCallbackManager] Successfully registered new data callback for pattern: '^/?/bc-144/tx/[^/]+'
[2026-08-26 17:43:05][info][CRDTCallbackManager] Successfully registered deleted data callback for pattern: '^/?/bc-144/tx/[^/]+'
[2026-08-26 17:43:05][info][CRDTCallbackManager] Successfully registered new data callback for pattern: '^/?/bc-963/tx/[^/]+'
[2026-08-26 17:43:05][info][CRDTCallbackManager] Successfully registered deleted data callback for pattern: '^/?/bc-963/tx/[^/]+'
[2026-08-26 17:43:05][info][CRDTCallbackManager] Successfully registered new data callback for pattern: '^/?/bc-369/tx/[^/]+'
[2026-08-26 17:43:05][info][CRDTCallbackManager] Successfully registered deleted data callback for pattern: '^/?/bc-369/tx/[^/]+'
[2026-08-26 17:43:05.845405000][th:85111707][info] GossipPubSub Adding new peer: 12D3KooWJyD7YYAjz4AyKxk2SmzP99eiQcQZASy3c7roeWgsaLbP
[2026-08-26 17:43:05.845484000][th:85111707][info] GossipPubSub Adding new peer: 12D3KooWNY8nfdQnJLKanPpGpkZhXzgbnAp2r4qEBw5FWHkBUxvy
[2026-08-26 17:43:05.845502000][th:85111755][info] GossipPubSub Adding new peer: 12D3KooWRfKwtssY3KMRX27U9nhgxSM9ycNszQgDvHCDoz4kimXd
[2026-08-26 17:43:05.845514000][th:85111707][info] GossipPubSub Adding new peer: 12D3KooWFAgepG3zdNJAFDYKhCWgrX5ktZXtjimXgoi7cBdZJNo5
[2026-08-26 17:43:05.845575000][th:85111755][info] GossipPubSub Adding new peer: 12D3KooWNY8nfdQnJLKanPpGpkZhXzgbnAp2r4qEBw5FWHkBUxvy
[2026-08-26 17:43:05.845603000][th:85111796][info] GossipPubSub Adding new peer: 12D3KooWRfKwtssY3KMRX27U9nhgxSM9ycNszQgDvHCDoz4kimXd
[2026-08-26 17:43:05.845631000][th:85111755][info] GossipPubSub Adding new peer: 12D3KooWFAgepG3zdNJAFDYKhCWgrX5ktZXtjimXgoi7cBdZJNo5
[2026-08-26 17:43:05.845687000][th:85111796][info] GossipPubSub Adding new peer: 12D3KooWJyD7YYAjz4AyKxk2SmzP99eiQcQZASy3c7roeWgsaLbP
[2026-08-26 17:43:05.845699000][th:85111846][info] GossipPubSub Adding new peer: 12D3KooWRfKwtssY3KMRX27U9nhgxSM9ycNszQgDvHCDoz4kimXd
[2026-08-26 17:43:05.845716000][th:85111796][info] GossipPubSub Adding new peer: 12D3KooWFAgepG3zdNJAFDYKhCWgrX5ktZXtjimXgoi7cBdZJNo5
[2026-08-26 17:43:05.845775000][th:85111846][info] GossipPubSub Adding new peer: 12D3KooWJyD7YYAjz4AyKxk2SmzP99eiQcQZASy3c7roeWgsaLbP
[2026-08-26 17:43:05.845806000][th:85111846][info] GossipPubSub Adding new peer: 12D3KooWNY8nfdQnJLKanPpGpkZhXzgbnAp2r4qEBw5FWHkBUxvy
26.08.26 17:43:05[38;2;128;128;128m.912808[0m  [38;2;255;069;000m[1mError   [0m  [1mNoiseHandshake[0m  [1mNoise handshake failed, Message is too short with 12D3KooWFAgepG3zdNJAFDYKhCWgrX5ktZXtjimXgoi7cBdZJNo5 on address /ip4/192.168.1.6/tcp/54604[0m
26.08.26 17:43:05[38;2;128;128;128m.912949[0m  [38;2;255;069;000m[1mError   [0m  [1mNoiseHandshake[0m  [1mNoise handshake failed, Message is too short with 12D3KooWRfKwtssY3KMRX27U9nhgxSM9ycNszQgDvHCDoz4kimXd on address /ip4/192.168.1.6/tcp/54601[0m
[2026-08-26 17:43:05][info][CRDTCallbackManager] Successfully unregistered new data callback for pattern: '^/?/bc-144/tx/[^/]+'
[2026-08-26 17:43:05][info][CRDTCallbackManager] Successfully unregistered deleted data callback for pattern: '^/?/bc-144/tx/[^/]+'
[2026-08-26 17:43:05][info][CRDTCallbackManager] Successfully unregistered new data callback for pattern: '^/?/bc-963/tx/[^/]+'
[2026-08-26 17:43:05][info][CRDTCallbackManager] Successfully unregistered deleted data callback for pattern: '^/?/bc-963/tx/[^/]+'
[2026-08-26 17:43:05][info][CRDTCallbackManager] Successfully unregistered new data callback for pattern: '^/?/bc-369/tx/[^/]+'
[2026-08-26 17:43:05][info][CRDTCallbackManager] Successfully unregistered deleted data callback for pattern: '^/?/bc-369/tx/[^/]+'
[2026-08-26 17:43:05][info][TransactionManager] [79f61aab - full: false] ~TransactionManager: Metrics — cert_fallback(success=0 failure=0) validation(approve=0 reject=0) tracking(insert=0 confirm=0 fail=0)
[2026-08-26 17:43:05][info][Blockchain] [79f61aab] Stopping blockchain
[2026-08-26 17:43:05][info][CRDTCallbackManager] Successfully unregistered new data callback for pattern: '/?gnus-genesis-block'
[2026-08-26 17:43:05][info][CRDTCallbackManager] Successfully unregistered new data callback for pattern: '/?gnus-account-creation-.*'
[2026-08-26 17:43:05][info][CRDTCallbackManager] Successfully unregistered new data callback for pattern: '/?gnus-validator-registry'
[2026-08-26 17:43:05.928728000][th:85111707][error] GossipPubSub Address monitoring timer error: Operation canceled
[2026-08-26 17:43:05][error][PubSubBroadcasterExt] No message to process
[2026-08-26 17:43:05][error][PubSubBroadcasterExt] No message to process
[2026-08-26 17:43:06][debug][GlobalDB] ~GlobalDB CALLED with count 6 on multi_node_finality_fault/restart-vote-validator-one/rocksdb 
[2026-08-26 17:43:06][info][GlobalDB] GlobalDB shutdown start
[2026-08-26 17:43:06][info][CrdtDatastore] CancelAndCloseNow: begin (pending_jobs=0, self_queue=0, root_queue=0, pending_roots=0, active_root=false)
[2026-08-26 17:43:06][debug][GraphsyncDAGSyncer] Stopping Dagsyncer
[2026-08-26 17:43:06][debug][GraphsyncDAGSyncer] Dagsyncer Stopped
[2026-08-26 17:43:07][info][CrdtDatastore] CancelAndCloseNow: CRDT workers stopped
[2026-08-26 17:43:07][warning][CrdtDatastore] CancelAndCloseNow called but shutdown has already started
[2026-08-26 17:43:07][debug][GraphsyncDAGSyncer] ~GraphsyncDAGSyncer CALLED
[2026-08-26 17:43:07][info][GlobalDB] GlobalDB shutdown finished
[2026-08-26 17:43:07][info][CRDTCallbackManager] Successfully unregistered new data callback for pattern: '^/?/bc-144/tx/[^/]+'
[2026-08-26 17:43:07][info][CRDTCallbackManager] Successfully unregistered deleted data callback for pattern: '^/?/bc-144/tx/[^/]+'
[2026-08-26 17:43:07][info][CRDTCallbackManager] Successfully unregistered new data callback for pattern: '^/?/bc-963/tx/[^/]+'
[2026-08-26 17:43:07][info][CRDTCallbackManager] Successfully unregistered deleted data callback for pattern: '^/?/bc-963/tx/[^/]+'
[2026-08-26 17:43:07][info][CRDTCallbackManager] Successfully unregistered new data callback for pattern: '^/?/bc-369/tx/[^/]+'
[2026-08-26 17:43:07][info][CRDTCallbackManager] Successfully unregistered deleted data callback for pattern: '^/?/bc-369/tx/[^/]+'
[2026-08-26 17:43:07][info][TransactionManager] [1f98bc13 - full: false] ~TransactionManager: Metrics — cert_fallback(success=0 failure=0) validation(approve=0 reject=0) tracking(insert=0 confirm=0 fail=0)
[2026-08-26 17:43:07][info][Blockchain] [1f98bc13] Stopping blockchain
[2026-08-26 17:43:07][info][CRDTCallbackManager] Successfully unregistered new data callback for pattern: '/?gnus-genesis-block'
[2026-08-26 17:43:07][info][CRDTCallbackManager] Successfully unregistered new data callback for pattern: '/?gnus-account-creation-.*'
[2026-08-26 17:43:07][info][CRDTCallbackManager] Successfully unregistered new data callback for pattern: '/?gnus-validator-registry'
[2026-08-26 17:43:07.243823000][th:85111755][error] GossipPubSub Address monitoring timer error: Operation canceled
[2026-08-26 17:43:07][error][PubSubBroadcasterExt] No message to process
[2026-08-26 17:43:07][error][PubSubBroadcasterExt] No message to process
[2026-08-26 17:43:08][debug][GlobalDB] ~GlobalDB CALLED with count 6 on multi_node_finality_fault/restart-vote-validator-two/rocksdb 
[2026-08-26 17:43:08][info][GlobalDB] GlobalDB shutdown start
[2026-08-26 17:43:08][info][CrdtDatastore] CancelAndCloseNow: begin (pending_jobs=0, self_queue=0, root_queue=0, pending_roots=0, active_root=false)
[2026-08-26 17:43:08][debug][GraphsyncDAGSyncer] Stopping Dagsyncer
[2026-08-26 17:43:08][debug][GraphsyncDAGSyncer] Dagsyncer Stopped
[2026-08-26 17:43:08][info][CrdtDatastore] CancelAndCloseNow: CRDT workers stopped
[2026-08-26 17:43:08][warning][CrdtDatastore] CancelAndCloseNow called but shutdown has already started
[2026-08-26 17:43:08][debug][GraphsyncDAGSyncer] ~GraphsyncDAGSyncer CALLED
[2026-08-26 17:43:08][info][GlobalDB] GlobalDB shutdown finished
[2026-08-26 17:43:08][info][CRDTCallbackManager] Successfully unregistered new data callback for pattern: '^/?/bc-144/tx/[^/]+'
[2026-08-26 17:43:08][info][CRDTCallbackManager] Successfully unregistered deleted data callback for pattern: '^/?/bc-144/tx/[^/]+'
[2026-08-26 17:43:08][info][CRDTCallbackManager] Successfully unregistered new data callback for pattern: '^/?/bc-963/tx/[^/]+'
[2026-08-26 17:43:08][info][CRDTCallbackManager] Successfully unregistered deleted data callback for pattern: '^/?/bc-963/tx/[^/]+'
[2026-08-26 17:43:08][info][CRDTCallbackManager] Successfully unregistered new data callback for pattern: '^/?/bc-369/tx/[^/]+'
[2026-08-26 17:43:08][info][CRDTCallbackManager] Successfully unregistered deleted data callback for pattern: '^/?/bc-369/tx/[^/]+'
[2026-08-26 17:43:08][info][TransactionManager] [9f27ffab - full: false] ~TransactionManager: Metrics — cert_fallback(success=0 failure=0) validation(approve=0 reject=0) tracking(insert=0 confirm=0 fail=0)
[2026-08-26 17:43:08][info][Blockchain] [9f27ffab] Stopping blockchain
[2026-08-26 17:43:08][info][CRDTCallbackManager] Successfully unregistered new data callback for pattern: '/?gnus-genesis-block'
[2026-08-26 17:43:08][info][CRDTCallbackManager] Successfully unregistered new data callback for pattern: '/?gnus-account-creation-.*'
[2026-08-26 17:43:08][info][CRDTCallbackManager] Successfully unregistered new data callback for pattern: '/?gnus-validator-registry'
[2026-08-26 17:43:08.278732000][th:85111796][error] GossipPubSub Address monitoring timer error: Operation canceled
[2026-08-26 17:43:08][error][PubSubBroadcasterExt] No message to process
[2026-08-26 17:43:08][error][PubSubBroadcasterExt] No message to process
[2026-08-26 17:43:09][debug][GlobalDB] ~GlobalDB CALLED with count 6 on multi_node_finality_fault/restart-vote-validator-three/rocksdb 
[2026-08-26 17:43:09][info][GlobalDB] GlobalDB shutdown start
[2026-08-26 17:43:09][info][CrdtDatastore] CancelAndCloseNow: begin (pending_jobs=0, self_queue=0, root_queue=0, pending_roots=0, active_root=false)
[2026-08-26 17:43:09][debug][GraphsyncDAGSyncer] Stopping Dagsyncer
[2026-08-26 17:43:09][debug][GraphsyncDAGSyncer] Dagsyncer Stopped
[2026-08-26 17:43:09][info][CrdtDatastore] CancelAndCloseNow: CRDT workers stopped
[2026-08-26 17:43:09][warning][CrdtDatastore] CancelAndCloseNow called but shutdown has already started
[2026-08-26 17:43:09][debug][GraphsyncDAGSyncer] ~GraphsyncDAGSyncer CALLED
[2026-08-26 17:43:09][info][GlobalDB] GlobalDB shutdown finished
[2026-08-26 17:43:09][info][CRDTCallbackManager] Successfully unregistered new data callback for pattern: '^/?/bc-144/tx/[^/]+'
[2026-08-26 17:43:09][info][CRDTCallbackManager] Successfully unregistered deleted data callback for pattern: '^/?/bc-144/tx/[^/]+'
[2026-08-26 17:43:09][info][CRDTCallbackManager] Successfully unregistered new data callback for pattern: '^/?/bc-963/tx/[^/]+'
[2026-08-26 17:43:09][info][CRDTCallbackManager] Successfully unregistered deleted data callback for pattern: '^/?/bc-963/tx/[^/]+'
[2026-08-26 17:43:09][info][CRDTCallbackManager] Successfully unregistered new data callback for pattern: '^/?/bc-369/tx/[^/]+'
[2026-08-26 17:43:09][info][CRDTCallbackManager] Successfully unregistered deleted data callback for pattern: '^/?/bc-369/tx/[^/]+'
[2026-08-26 17:43:09][info][TransactionManager] [f5aa9b5c - full: false] ~TransactionManager: Metrics — cert_fallback(success=0 failure=0) validation(approve=0 reject=0) tracking(insert=0 confirm=0 fail=0)
[2026-08-26 17:43:09][info][Blockchain] [f5aa9b5c] Stopping blockchain
[2026-08-26 17:43:09][info][CRDTCallbackManager] Successfully unregistered new data callback for pattern: '/?gnus-genesis-block'
[2026-08-26 17:43:09][info][CRDTCallbackManager] Successfully unregistered new data callback for pattern: '/?gnus-account-creation-.*'
[2026-08-26 17:43:09][info][CRDTCallbackManager] Successfully unregistered new data callback for pattern: '/?gnus-validator-registry'
[2026-08-26 17:43:09.313121000][th:85111846][error] GossipPubSub Address monitoring timer error: Operation canceled
[2026-08-26 17:43:09][error][PubSubBroadcasterExt] No message to process
[2026-08-26 17:43:09][error][PubSubBroadcasterExt] No message to process
[2026-08-26 17:43:10][debug][GlobalDB] ~GlobalDB CALLED with count 6 on multi_node_finality_fault/restart-vote-passive/rocksdb 
[2026-08-26 17:43:10][info][GlobalDB] GlobalDB shutdown start
[2026-08-26 17:43:10][info][CrdtDatastore] CancelAndCloseNow: begin (pending_jobs=0, self_queue=0, root_queue=0, pending_roots=0, active_root=false)
[2026-08-26 17:43:10][debug][GraphsyncDAGSyncer] Stopping Dagsyncer
[2026-08-26 17:43:10][debug][GraphsyncDAGSyncer] Dagsyncer Stopped
[2026-08-26 17:43:10][info][CrdtDatastore] CancelAndCloseNow: CRDT workers stopped
[2026-08-26 17:43:10][warning][CrdtDatastore] CancelAndCloseNow called but shutdown has already started
[2026-08-26 17:43:10][debug][GraphsyncDAGSyncer] ~GraphsyncDAGSyncer CALLED
[2026-08-26 17:43:10][info][GlobalDB] GlobalDB shutdown finished
[2026-08-26 17:43:10][info][KeyPairFileStorage] Path to keypairs multi_node_finality_fault/restart-certificate-validator-one/keypair
[2026-08-26 17:43:10][info][KeyPairFileStorage] Peer ID from public key: 12D3KooWAS9USQjkkCPHk5RN7p6LaXkTMcR2wzNEx1ZadhWfyS1p
Current limits: 16384 (soft), 9223372036854775807 (hard)
New limits set successfully: 16384 (soft), 9223372036854775807 (hard)
Initialized relay addresses
[2026-08-26 17:43:10.379537000][th:85111454][info] GossipPubSub /ip4/0.0.0.0/tcp/54611/p2p/12D3KooWAS9USQjkkCPHk5RN7p6LaXkTMcR2wzNEx1ZadhWfyS1p: Starting PubSub service
[2026-08-26 17:43:10.379595000][th:85111922][info] GossipPubSub Starting address monitoring system for mobile network changes
[2026-08-26 17:43:10.379599000][th:85111922][info] GossipPubSub === CURRENT NETWORK STATE ===
[2026-08-26 17:43:10.379608000][th:85111922][info] GossipPubSub Primary listening address: /ip4/0.0.0.0/tcp/54611/p2p/12D3KooWAS9USQjkkCPHk5RN7p6LaXkTMcR2wzNEx1ZadhWfyS1p
[2026-08-26 17:43:10.379611000][th:85111922][info] GossipPubSub Host peer info addresses (0):
[2026-08-26 17:43:10.379614000][th:85111922][info] GossipPubSub Additional addresses we track (0):
[2026-08-26 17:43:10.379617000][th:85111922][info] GossipPubSub Listening addresses (1):
[2026-08-26 17:43:10.379620000][th:85111922][info] GossipPubSub   -> /ip4/0.0.0.0/tcp/54611/p2p/12D3KooWAS9USQjkkCPHk5RN7p6LaXkTMcR2wzNEx1ZadhWfyS1p
[2026-08-26 17:43:10.379622000][th:85111922][info] GossipPubSub Interface addresses (0):
[2026-08-26 17:43:10.379625000][th:85111922][info] GossipPubSub === RAW OBSERVED ADDRESS DEBUG ===
[2026-08-26 17:43:10.379628000][th:85111922][info] GossipPubSub Local address: /ip4/0.0.0.0/tcp/54611/p2p/12D3KooWAS9USQjkkCPHk5RN7p6LaXkTMcR2wzNEx1ZadhWfyS1p -> 0 raw observed, 0 activated+confirmed
[2026-08-26 17:43:10.379631000][th:85111922][info] GossipPubSub TOTAL: 0 raw observed addresses, 0 activated+confirmed addresses
[2026-08-26 17:43:10.379635000][th:85111922][info] GossipPubSub === END RAW OBSERVED ADDRESS DEBUG ===
[2026-08-26 17:43:10.379638000][th:85111922][info] GossipPubSub Observed addresses - all (0):
[2026-08-26 17:43:10.379640000][th:85111922][info] GossipPubSub Observed addresses - confirmed only (0):
[2026-08-26 17:43:10.379643000][th:85111922][info] GossipPubSub Relay addresses (0):
[2026-08-26 17:43:10.379645000][th:85111922][warning] GossipPubSub Failed to get addresses from peer repository: not found
[2026-08-26 17:43:10.379674000][th:85111922][info] GossipPubSub Found 1 valid network interfaces
[2026-08-26 17:43:10.379677000][th:85111922][info] GossipPubSub Current network interfaces (1):
[2026-08-26 17:43:10.379679000][th:85111922][info] GossipPubSub   -> 192.168.1.6
[2026-08-26 17:43:10.379681000][th:85111922][info] GossipPubSub Active connections: 0
[2026-08-26 17:43:10.379683000][th:85111922][info] GossipPubSub === PEER CONNECTION DETAILS ===
[2026-08-26 17:43:10.379685000][th:85111922][info] GossipPubSub NOTE: Observed addresses need to be seen by 4+ different peer groups to become 'activated'
[2026-08-26 17:43:10.379687000][th:85111922][info] GossipPubSub NOTE: Current connections: 0, so max possible observers: 0
[2026-08-26 17:43:10.379689000][th:85111922][info] GossipPubSub === END PEER CONNECTION DETAILS ===
[2026-08-26 17:43:10.379691000][th:85111922][info] GossipPubSub Connection manager stats:
[2026-08-26 17:43:10.379693000][th:85111922][info] GossipPubSub   -> Max connections: 1000
[2026-08-26 17:43:10.379695000][th:85111922][info] GossipPubSub   -> Current connections: 0
[2026-08-26 17:43:10.379696000][th:85111922][info] GossipPubSub === END NETWORK STATE ===
[2026-08-26 17:43:10.379811000][th:85111922][info] GossipPubSub /ip4/0.0.0.0/tcp/54611/p2p/12D3KooWAS9USQjkkCPHk5RN7p6LaXkTMcR2wzNEx1ZadhWfyS1p : PubSub service started
[2026-08-26 17:43:10][info][GlobalDB] Opening database /Users/henriqueklein/gnus/SuperGenius/multi_node_finality_fault/restart-certificate-validator-one/rocksdb
[2026-08-26 17:43:10][debug][GraphsyncDAGSyncer] GraphSyncer created 4981002280 
[2026-08-26 17:43:10][info][CrdtDatastore] crdt Datastore created. Number of heads: 0 Current max-height: 0
[2026-08-26 17:43:10][info][GeniusAccount] Secure storage ID path: /Users/henriqueklein/gnus/SuperGenius/multi_node_finality_fault/restart-certificate-validator-one/account/secure_storage_id
[2026-08-26 17:43:10][error][GeniusAccount] Could not find existing Genius address, generating one from a random mnemonic
[2026-08-26 17:43:10][warning][UTXOManager] Found UTXOs in storage, but there were none
[2026-08-26 17:43:10][info][Blockchain] [726dc27a] Blockchain instance created with authorized full node: 8a33bdf1
[2026-08-26 17:43:10][error][ValidatorRegistry] InitializeCache: registry content not found during cache init
[2026-08-26 17:43:10][info][CRDTCallbackManager] Successfully registered new data callback for pattern: '/?gnus-validator-registry'
[2026-08-26 17:43:10][info][ValidatorRegistry] RegisterFilter: result=true
[2026-08-26 17:43:10][info][ValidatorRegistry] New: instance ready
[2026-08-26 17:43:10.418457000][th:85111922][info] GossipPubSub /ip4/0.0.0.0/tcp/54611/p2p/12D3KooWAS9USQjkkCPHk5RN7p6LaXkTMcR2wzNEx1ZadhWfyS1p: PubSub subscribed to topic 'gnus-validator-registry.3.7.144'
[2026-08-26 17:43:10][info][CRDTCallbackManager] Successfully registered new data callback for pattern: '^/?cert/[^/]+'
[2026-08-26 17:43:10.418480000][th:85111922][info] GossipPubSub /ip4/0.0.0.0/tcp/54611/p2p/12D3KooWAS9USQjkkCPHk5RN7p6LaXkTMcR2wzNEx1ZadhWfyS1p: PubSub subscribed to topic 'consensus-channel-.3.7.144'
[2026-08-26 17:43:10][warning][Blockchain] [726dc27a] Failed to request validator registry during blockchain init
[2026-08-26 17:43:10.418499000][th:85111922][info] GossipPubSub /ip4/0.0.0.0/tcp/54611/p2p/12D3KooWAS9USQjkkCPHk5RN7p6LaXkTMcR2wzNEx1ZadhWfyS1p: PubSub subscribed to topic 'consensus-channel-.3.7.144#datastore.3.7.144'
[2026-08-26 17:43:10][info][CRDTCallbackManager] Successfully registered new data callback for pattern: '/?gnus-genesis-block'
[2026-08-26 17:43:10][info][CRDTCallbackManager] Successfully registered new data callback for pattern: '/?gnus-account-creation-.*'
[2026-08-26 17:43:10][info][CRDTCallbackManager] Successfully registered new data callback for pattern: '^/?/bc-144/tx/[^/]+'
[2026-08-26 17:43:10][info][CRDTCallbackManager] Successfully registered deleted data callback for pattern: '^/?/bc-144/tx/[^/]+'
[2026-08-26 17:43:10][info][CRDTCallbackManager] Successfully registered new data callback for pattern: '^/?/bc-963/tx/[^/]+'
[2026-08-26 17:43:10][info][CRDTCallbackManager] Successfully registered deleted data callback for pattern: '^/?/bc-963/tx/[^/]+'
[2026-08-26 17:43:10][info][CRDTCallbackManager] Successfully registered new data callback for pattern: '^/?/bc-369/tx/[^/]+'
[2026-08-26 17:43:10][info][CRDTCallbackManager] Successfully registered deleted data callback for pattern: '^/?/bc-369/tx/[^/]+'
[2026-08-26 17:43:10][info][KeyPairFileStorage] Path to keypairs multi_node_finality_fault/restart-certificate-validator-two/keypair
[2026-08-26 17:43:10][info][KeyPairFileStorage] Peer ID from public key: 12D3KooWHP9XQmeM9gUtmLpWxyBeKgshp97CbFPE1fWK18AqabrS
Current limits: 16384 (soft), 9223372036854775807 (hard)
New limits set successfully: 16384 (soft), 9223372036854775807 (hard)
Initialized relay addresses
[2026-08-26 17:43:10.420046000][th:85111454][info] GossipPubSub /ip4/0.0.0.0/tcp/54612/p2p/12D3KooWHP9XQmeM9gUtmLpWxyBeKgshp97CbFPE1fWK18AqabrS: Starting PubSub service
[2026-08-26 17:43:10.420091000][th:85111943][info] GossipPubSub Starting address monitoring system for mobile network changes
[2026-08-26 17:43:10.420094000][th:85111943][info] GossipPubSub === CURRENT NETWORK STATE ===
[2026-08-26 17:43:10.420102000][th:85111943][info] GossipPubSub Primary listening address: /ip4/0.0.0.0/tcp/54612/p2p/12D3KooWHP9XQmeM9gUtmLpWxyBeKgshp97CbFPE1fWK18AqabrS
[2026-08-26 17:43:10.420105000][th:85111943][info] GossipPubSub Host peer info addresses (0):
[2026-08-26 17:43:10.420107000][th:85111943][info] GossipPubSub Additional addresses we track (0):
[2026-08-26 17:43:10.420110000][th:85111943][info] GossipPubSub Listening addresses (1):
[2026-08-26 17:43:10.420113000][th:85111943][info] GossipPubSub   -> /ip4/0.0.0.0/tcp/54612/p2p/12D3KooWHP9XQmeM9gUtmLpWxyBeKgshp97CbFPE1fWK18AqabrS
[2026-08-26 17:43:10.420115000][th:85111943][info] GossipPubSub Interface addresses (0):
[2026-08-26 17:43:10.420117000][th:85111943][info] GossipPubSub === RAW OBSERVED ADDRESS DEBUG ===
[2026-08-26 17:43:10.420120000][th:85111943][info] GossipPubSub Local address: /ip4/0.0.0.0/tcp/54612/p2p/12D3KooWHP9XQmeM9gUtmLpWxyBeKgshp97CbFPE1fWK18AqabrS -> 0 raw observed, 0 activated+confirmed
[2026-08-26 17:43:10.420123000][th:85111943][info] GossipPubSub TOTAL: 0 raw observed addresses, 0 activated+confirmed addresses
[2026-08-26 17:43:10.420125000][th:85111943][info] GossipPubSub === END RAW OBSERVED ADDRESS DEBUG ===
[2026-08-26 17:43:10.420127000][th:85111943][info] GossipPubSub Observed addresses - all (0):
[2026-08-26 17:43:10.420129000][th:85111943][info] GossipPubSub Observed addresses - confirmed only (0):
[2026-08-26 17:43:10.420131000][th:85111943][info] GossipPubSub Relay addresses (0):
[2026-08-26 17:43:10.420134000][th:85111943][warning] GossipPubSub Failed to get addresses from peer repository: not found
[2026-08-26 17:43:10.420166000][th:85111943][info] GossipPubSub Found 1 valid network interfaces
[2026-08-26 17:43:10.420169000][th:85111943][info] GossipPubSub Current network interfaces (1):
[2026-08-26 17:43:10.420171000][th:85111943][info] GossipPubSub   -> 192.168.1.6
[2026-08-26 17:43:10.420174000][th:85111943][info] GossipPubSub Active connections: 0
[2026-08-26 17:43:10.420176000][th:85111943][info] GossipPubSub === PEER CONNECTION DETAILS ===
[2026-08-26 17:43:10.420178000][th:85111943][info] GossipPubSub NOTE: Observed addresses need to be seen by 4+ different peer groups to become 'activated'
[2026-08-26 17:43:10.420180000][th:85111943][info] GossipPubSub NOTE: Current connections: 0, so max possible observers: 0
[2026-08-26 17:43:10.420182000][th:85111943][info] GossipPubSub === END PEER CONNECTION DETAILS ===
[2026-08-26 17:43:10.420184000][th:85111943][info] GossipPubSub Connection manager stats:
[2026-08-26 17:43:10.420186000][th:85111943][info] GossipPubSub   -> Max connections: 1000
[2026-08-26 17:43:10.420188000][th:85111943][info] GossipPubSub   -> Current connections: 0
[2026-08-26 17:43:10.420190000][th:85111943][info] GossipPubSub === END NETWORK STATE ===
[2026-08-26 17:43:10.420305000][th:85111943][info] GossipPubSub /ip4/0.0.0.0/tcp/54612/p2p/12D3KooWHP9XQmeM9gUtmLpWxyBeKgshp97CbFPE1fWK18AqabrS : PubSub service started
[2026-08-26 17:43:10][info][GlobalDB] Opening database /Users/henriqueklein/gnus/SuperGenius/multi_node_finality_fault/restart-certificate-validator-two/rocksdb
[2026-08-26 17:43:10][debug][GraphsyncDAGSyncer] GraphSyncer created 5001071416 
[2026-08-26 17:43:10][info][CrdtDatastore] crdt Datastore created. Number of heads: 0 Current max-height: 0
[2026-08-26 17:43:10][info][GeniusAccount] Secure storage ID path: /Users/henriqueklein/gnus/SuperGenius/multi_node_finality_fault/restart-certificate-validator-two/account/secure_storage_id
[2026-08-26 17:43:10][error][GeniusAccount] Could not find existing Genius address, generating one from a random mnemonic
[2026-08-26 17:43:10][warning][UTXOManager] Found UTXOs in storage, but there were none
[2026-08-26 17:43:10][info][Blockchain] [2aaa7f07] Blockchain instance created with authorized full node: 8a33bdf1
[2026-08-26 17:43:10][error][ValidatorRegistry] InitializeCache: registry content not found during cache init
[2026-08-26 17:43:10][info][CRDTCallbackManager] Successfully registered new data callback for pattern: '/?gnus-validator-registry'
[2026-08-26 17:43:10][info][ValidatorRegistry] RegisterFilter: result=true
[2026-08-26 17:43:10][info][ValidatorRegistry] New: instance ready
[2026-08-26 17:43:10.454269000][th:85111943][info] GossipPubSub /ip4/0.0.0.0/tcp/54612/p2p/12D3KooWHP9XQmeM9gUtmLpWxyBeKgshp97CbFPE1fWK18AqabrS: PubSub subscribed to topic 'gnus-validator-registry.3.7.144'
[2026-08-26 17:43:10][info][CRDTCallbackManager] Successfully registered new data callback for pattern: '^/?cert/[^/]+'
[2026-08-26 17:43:10.454297000][th:85111943][info] GossipPubSub /ip4/0.0.0.0/tcp/54612/p2p/12D3KooWHP9XQmeM9gUtmLpWxyBeKgshp97CbFPE1fWK18AqabrS: PubSub subscribed to topic 'consensus-channel-.3.7.144'
[2026-08-26 17:43:10][warning][Blockchain] [2aaa7f07] Failed to request validator registry during blockchain init
[2026-08-26 17:43:10][info][CRDTCallbackManager] Successfully registered new data callback for pattern: '/?gnus-genesis-block'
[2026-08-26 17:43:10][info][CRDTCallbackManager] Successfully registered new data callback for pattern: '/?gnus-account-creation-.*'
[2026-08-26 17:43:10.454321000][th:85111943][info] GossipPubSub /ip4/0.0.0.0/tcp/54612/p2p/12D3KooWHP9XQmeM9gUtmLpWxyBeKgshp97CbFPE1fWK18AqabrS: PubSub subscribed to topic 'consensus-channel-.3.7.144#datastore.3.7.144'
[2026-08-26 17:43:10][info][CRDTCallbackManager] Successfully registered new data callback for pattern: '^/?/bc-144/tx/[^/]+'
[2026-08-26 17:43:10][info][CRDTCallbackManager] Successfully registered deleted data callback for pattern: '^/?/bc-144/tx/[^/]+'
[2026-08-26 17:43:10][info][CRDTCallbackManager] Successfully registered new data callback for pattern: '^/?/bc-963/tx/[^/]+'
[2026-08-26 17:43:10][info][CRDTCallbackManager] Successfully registered deleted data callback for pattern: '^/?/bc-963/tx/[^/]+'
[2026-08-26 17:43:10][info][CRDTCallbackManager] Successfully registered new data callback for pattern: '^/?/bc-369/tx/[^/]+'
[2026-08-26 17:43:10][info][CRDTCallbackManager] Successfully registered deleted data callback for pattern: '^/?/bc-369/tx/[^/]+'
[2026-08-26 17:43:10][info][KeyPairFileStorage] Path to keypairs multi_node_finality_fault/restart-certificate-validator-three/keypair
[2026-08-26 17:43:10][info][KeyPairFileStorage] Peer ID from public key: 12D3KooWPTsv3JkHGrKwqWKkU7Eq2nLSJU9Dmt8PgURj2wJLxjfD
Current limits: 16384 (soft), 9223372036854775807 (hard)
New limits set successfully: 16384 (soft), 9223372036854775807 (hard)
Initialized relay addresses
[2026-08-26 17:43:10.455850000][th:85111454][info] GossipPubSub /ip4/0.0.0.0/tcp/54613/p2p/12D3KooWPTsv3JkHGrKwqWKkU7Eq2nLSJU9Dmt8PgURj2wJLxjfD: Starting PubSub service
[2026-08-26 17:43:10.455897000][th:85111968][info] GossipPubSub Starting address monitoring system for mobile network changes
[2026-08-26 17:43:10.455900000][th:85111968][info] GossipPubSub === CURRENT NETWORK STATE ===
[2026-08-26 17:43:10.455907000][th:85111968][info] GossipPubSub Primary listening address: /ip4/0.0.0.0/tcp/54613/p2p/12D3KooWPTsv3JkHGrKwqWKkU7Eq2nLSJU9Dmt8PgURj2wJLxjfD
[2026-08-26 17:43:10.455910000][th:85111968][info] GossipPubSub Host peer info addresses (0):
[2026-08-26 17:43:10.455912000][th:85111968][info] GossipPubSub Additional addresses we track (0):
[2026-08-26 17:43:10.455915000][th:85111968][info] GossipPubSub Listening addresses (1):
[2026-08-26 17:43:10.455917000][th:85111968][info] GossipPubSub   -> /ip4/0.0.0.0/tcp/54613/p2p/12D3KooWPTsv3JkHGrKwqWKkU7Eq2nLSJU9Dmt8PgURj2wJLxjfD
[2026-08-26 17:43:10.455919000][th:85111968][info] GossipPubSub Interface addresses (0):
[2026-08-26 17:43:10.455921000][th:85111968][info] GossipPubSub === RAW OBSERVED ADDRESS DEBUG ===
[2026-08-26 17:43:10.455924000][th:85111968][info] GossipPubSub Local address: /ip4/0.0.0.0/tcp/54613/p2p/12D3KooWPTsv3JkHGrKwqWKkU7Eq2nLSJU9Dmt8PgURj2wJLxjfD -> 0 raw observed, 0 activated+confirmed
[2026-08-26 17:43:10.455927000][th:85111968][info] GossipPubSub TOTAL: 0 raw observed addresses, 0 activated+confirmed addresses
[2026-08-26 17:43:10.455929000][th:85111968][info] GossipPubSub === END RAW OBSERVED ADDRESS DEBUG ===
[2026-08-26 17:43:10.455931000][th:85111968][info] GossipPubSub Observed addresses - all (0):
[2026-08-26 17:43:10.455933000][th:85111968][info] GossipPubSub Observed addresses - confirmed only (0):
[2026-08-26 17:43:10.455935000][th:85111968][info] GossipPubSub Relay addresses (0):
[2026-08-26 17:43:10.455938000][th:85111968][warning] GossipPubSub Failed to get addresses from peer repository: not found
[2026-08-26 17:43:10.455967000][th:85111968][info] GossipPubSub Found 1 valid network interfaces
[2026-08-26 17:43:10.455970000][th:85111968][info] GossipPubSub Current network interfaces (1):
[2026-08-26 17:43:10.455972000][th:85111968][info] GossipPubSub   -> 192.168.1.6
[2026-08-26 17:43:10.455974000][th:85111968][info] GossipPubSub Active connections: 0
[2026-08-26 17:43:10.455976000][th:85111968][info] GossipPubSub === PEER CONNECTION DETAILS ===
[2026-08-26 17:43:10.455979000][th:85111968][info] GossipPubSub NOTE: Observed addresses need to be seen by 4+ different peer groups to become 'activated'
[2026-08-26 17:43:10.455981000][th:85111968][info] GossipPubSub NOTE: Current connections: 0, so max possible observers: 0
[2026-08-26 17:43:10.455983000][th:85111968][info] GossipPubSub === END PEER CONNECTION DETAILS ===
[2026-08-26 17:43:10.455985000][th:85111968][info] GossipPubSub Connection manager stats:
[2026-08-26 17:43:10.455987000][th:85111968][info] GossipPubSub   -> Max connections: 1000
[2026-08-26 17:43:10.455990000][th:85111968][info] GossipPubSub   -> Current connections: 0
[2026-08-26 17:43:10.455992000][th:85111968][info] GossipPubSub === END NETWORK STATE ===
[2026-08-26 17:43:10.456109000][th:85111968][info] GossipPubSub /ip4/0.0.0.0/tcp/54613/p2p/12D3KooWPTsv3JkHGrKwqWKkU7Eq2nLSJU9Dmt8PgURj2wJLxjfD : PubSub service started
[2026-08-26 17:43:10][info][GlobalDB] Opening database /Users/henriqueklein/gnus/SuperGenius/multi_node_finality_fault/restart-certificate-validator-three/rocksdb
[2026-08-26 17:43:10][debug][GraphsyncDAGSyncer] GraphSyncer created 4981911528 
[2026-08-26 17:43:10][info][CrdtDatastore] crdt Datastore created. Number of heads: 0 Current max-height: 0
[2026-08-26 17:43:10][info][GeniusAccount] Secure storage ID path: /Users/henriqueklein/gnus/SuperGenius/multi_node_finality_fault/restart-certificate-validator-three/account/secure_storage_id
[2026-08-26 17:43:10][error][GeniusAccount] Could not find existing Genius address, generating one from a random mnemonic
[2026-08-26 17:43:10][warning][UTXOManager] Found UTXOs in storage, but there were none
[2026-08-26 17:43:10][info][Blockchain] [d2f30b3b] Blockchain instance created with authorized full node: 8a33bdf1
[2026-08-26 17:43:10][error][ValidatorRegistry] InitializeCache: registry content not found during cache init
[2026-08-26 17:43:10][info][CRDTCallbackManager] Successfully registered new data callback for pattern: '/?gnus-validator-registry'
[2026-08-26 17:43:10][info][ValidatorRegistry] RegisterFilter: result=true
[2026-08-26 17:43:10][info][ValidatorRegistry] New: instance ready
[2026-08-26 17:43:10.490638000][th:85111968][info] GossipPubSub /ip4/0.0.0.0/tcp/54613/p2p/12D3KooWPTsv3JkHGrKwqWKkU7Eq2nLSJU9Dmt8PgURj2wJLxjfD: PubSub subscribed to topic 'gnus-validator-registry.3.7.144'
[2026-08-26 17:43:10][info][CRDTCallbackManager] Successfully registered new data callback for pattern: '^/?cert/[^/]+'
[2026-08-26 17:43:10.490664000][th:85111968][info] GossipPubSub /ip4/0.0.0.0/tcp/54613/p2p/12D3KooWPTsv3JkHGrKwqWKkU7Eq2nLSJU9Dmt8PgURj2wJLxjfD: PubSub subscribed to topic 'consensus-channel-.3.7.144'
[2026-08-26 17:43:10][warning][Blockchain] [d2f30b3b] Failed to request validator registry during blockchain init
[2026-08-26 17:43:10][info][CRDTCallbackManager] Successfully registered new data callback for pattern: '/?gnus-genesis-block'
[2026-08-26 17:43:10][info][CRDTCallbackManager] Successfully registered new data callback for pattern: '/?gnus-account-creation-.*'
[2026-08-26 17:43:10.490684000][th:85111968][info] GossipPubSub /ip4/0.0.0.0/tcp/54613/p2p/12D3KooWPTsv3JkHGrKwqWKkU7Eq2nLSJU9Dmt8PgURj2wJLxjfD: PubSub subscribed to topic 'consensus-channel-.3.7.144#datastore.3.7.144'
[2026-08-26 17:43:10][info][CRDTCallbackManager] Successfully registered new data callback for pattern: '^/?/bc-144/tx/[^/]+'
[2026-08-26 17:43:10][info][CRDTCallbackManager] Successfully registered deleted data callback for pattern: '^/?/bc-144/tx/[^/]+'
[2026-08-26 17:43:10][info][CRDTCallbackManager] Successfully registered new data callback for pattern: '^/?/bc-963/tx/[^/]+'
[2026-08-26 17:43:10][info][CRDTCallbackManager] Successfully registered deleted data callback for pattern: '^/?/bc-963/tx/[^/]+'
[2026-08-26 17:43:10][info][CRDTCallbackManager] Successfully registered new data callback for pattern: '^/?/bc-369/tx/[^/]+'
[2026-08-26 17:43:10][info][CRDTCallbackManager] Successfully registered deleted data callback for pattern: '^/?/bc-369/tx/[^/]+'
[2026-08-26 17:43:10][info][KeyPairFileStorage] Path to keypairs multi_node_finality_fault/restart-certificate-passive/keypair
[2026-08-26 17:43:10][info][KeyPairFileStorage] Peer ID from public key: 12D3KooWAJsLq1n1JRYTSPLVbf4Mryawrg8DirqvuqXY6rCzMRLd
Current limits: 16384 (soft), 9223372036854775807 (hard)
New limits set successfully: 16384 (soft), 9223372036854775807 (hard)
Initialized relay addresses
[2026-08-26 17:43:10.492171000][th:85111454][info] GossipPubSub /ip4/0.0.0.0/tcp/54614/p2p/12D3KooWAJsLq1n1JRYTSPLVbf4Mryawrg8DirqvuqXY6rCzMRLd: Starting PubSub service
[2026-08-26 17:43:10.492217000][th:85111989][info] GossipPubSub Starting address monitoring system for mobile network changes
[2026-08-26 17:43:10.492220000][th:85111989][info] GossipPubSub === CURRENT NETWORK STATE ===
[2026-08-26 17:43:10.492226000][th:85111989][info] GossipPubSub Primary listening address: /ip4/0.0.0.0/tcp/54614/p2p/12D3KooWAJsLq1n1JRYTSPLVbf4Mryawrg8DirqvuqXY6rCzMRLd
[2026-08-26 17:43:10.492229000][th:85111989][info] GossipPubSub Host peer info addresses (0):
[2026-08-26 17:43:10.492231000][th:85111989][info] GossipPubSub Additional addresses we track (0):
[2026-08-26 17:43:10.492233000][th:85111989][info] GossipPubSub Listening addresses (1):
[2026-08-26 17:43:10.492236000][th:85111989][info] GossipPubSub   -> /ip4/0.0.0.0/tcp/54614/p2p/12D3KooWAJsLq1n1JRYTSPLVbf4Mryawrg8DirqvuqXY6rCzMRLd
[2026-08-26 17:43:10.492238000][th:85111989][info] GossipPubSub Interface addresses (0):
[2026-08-26 17:43:10.492240000][th:85111989][info] GossipPubSub === RAW OBSERVED ADDRESS DEBUG ===
[2026-08-26 17:43:10.492252000][th:85111989][info] GossipPubSub Local address: /ip4/0.0.0.0/tcp/54614/p2p/12D3KooWAJsLq1n1JRYTSPLVbf4Mryawrg8DirqvuqXY6rCzMRLd -> 0 raw observed, 0 activated+confirmed
[2026-08-26 17:43:10.492254000][th:85111989][info] GossipPubSub TOTAL: 0 raw observed addresses, 0 activated+confirmed addresses
[2026-08-26 17:43:10.492255000][th:85111989][info] GossipPubSub === END RAW OBSERVED ADDRESS DEBUG ===
[2026-08-26 17:43:10.492257000][th:85111989][info] GossipPubSub Observed addresses - all (0):
[2026-08-26 17:43:10.492258000][th:85111989][info] GossipPubSub Observed addresses - confirmed only (0):
[2026-08-26 17:43:10.492260000][th:85111989][info] GossipPubSub Relay addresses (0):
[2026-08-26 17:43:10.492262000][th:85111989][warning] GossipPubSub Failed to get addresses from peer repository: not found
[2026-08-26 17:43:10.492291000][th:85111989][info] GossipPubSub Found 1 valid network interfaces
[2026-08-26 17:43:10.492293000][th:85111989][info] GossipPubSub Current network interfaces (1):
[2026-08-26 17:43:10.492294000][th:85111989][info] GossipPubSub   -> 192.168.1.6
[2026-08-26 17:43:10.492296000][th:85111989][info] GossipPubSub Active connections: 0
[2026-08-26 17:43:10.492297000][th:85111989][info] GossipPubSub === PEER CONNECTION DETAILS ===
[2026-08-26 17:43:10.492299000][th:85111989][info] GossipPubSub NOTE: Observed addresses need to be seen by 4+ different peer groups to become 'activated'
[2026-08-26 17:43:10.492301000][th:85111989][info] GossipPubSub NOTE: Current connections: 0, so max possible observers: 0
[2026-08-26 17:43:10.492302000][th:85111989][info] GossipPubSub === END PEER CONNECTION DETAILS ===
[2026-08-26 17:43:10.492304000][th:85111989][info] GossipPubSub Connection manager stats:
[2026-08-26 17:43:10.492305000][th:85111989][info] GossipPubSub   -> Max connections: 1000
[2026-08-26 17:43:10.492307000][th:85111989][info] GossipPubSub   -> Current connections: 0
[2026-08-26 17:43:10.492308000][th:85111989][info] GossipPubSub === END NETWORK STATE ===
[2026-08-26 17:43:10.492426000][th:85111989][info] GossipPubSub /ip4/0.0.0.0/tcp/54614/p2p/12D3KooWAJsLq1n1JRYTSPLVbf4Mryawrg8DirqvuqXY6rCzMRLd : PubSub service started
[2026-08-26 17:43:10][info][GlobalDB] Opening database /Users/henriqueklein/gnus/SuperGenius/multi_node_finality_fault/restart-certificate-passive/rocksdb
[2026-08-26 17:43:10][debug][GraphsyncDAGSyncer] GraphSyncer created 4999639112 
[2026-08-26 17:43:10][info][CrdtDatastore] crdt Datastore created. Number of heads: 0 Current max-height: 0
[2026-08-26 17:43:10][info][GeniusAccount] Secure storage ID path: /Users/henriqueklein/gnus/SuperGenius/multi_node_finality_fault/restart-certificate-passive/account/secure_storage_id
[2026-08-26 17:43:10][error][GeniusAccount] Could not find existing Genius address, generating one from a random mnemonic
[2026-08-26 17:43:10][warning][UTXOManager] Found UTXOs in storage, but there were none
[2026-08-26 17:43:10][info][Blockchain] [35973f8e] Blockchain instance created with authorized full node: 8a33bdf1
[2026-08-26 17:43:10][error][ValidatorRegistry] InitializeCache: registry content not found during cache init
[2026-08-26 17:43:10][info][CRDTCallbackManager] Successfully registered new data callback for pattern: '/?gnus-validator-registry'
[2026-08-26 17:43:10][info][ValidatorRegistry] RegisterFilter: result=true
[2026-08-26 17:43:10][info][ValidatorRegistry] New: instance ready
[2026-08-26 17:43:10.526580000][th:85111989][info] GossipPubSub /ip4/0.0.0.0/tcp/54614/p2p/12D3KooWAJsLq1n1JRYTSPLVbf4Mryawrg8DirqvuqXY6rCzMRLd: PubSub subscribed to topic 'gnus-validator-registry.3.7.144'
[2026-08-26 17:43:10][info][CRDTCallbackManager] Successfully registered new data callback for pattern: '^/?cert/[^/]+'
[2026-08-26 17:43:10.526603000][th:85111989][info] GossipPubSub /ip4/0.0.0.0/tcp/54614/p2p/12D3KooWAJsLq1n1JRYTSPLVbf4Mryawrg8DirqvuqXY6rCzMRLd: PubSub subscribed to topic 'consensus-channel-.3.7.144'
[2026-08-26 17:43:10][warning][Blockchain] [35973f8e] Failed to request validator registry during blockchain init
[2026-08-26 17:43:10][info][CRDTCallbackManager] Successfully registered new data callback for pattern: '/?gnus-genesis-block'
[2026-08-26 17:43:10.526621000][th:85111989][info] GossipPubSub /ip4/0.0.0.0/tcp/54614/p2p/12D3KooWAJsLq1n1JRYTSPLVbf4Mryawrg8DirqvuqXY6rCzMRLd: PubSub subscribed to topic 'consensus-channel-.3.7.144#datastore.3.7.144'
[2026-08-26 17:43:10][info][CRDTCallbackManager] Successfully registered new data callback for pattern: '/?gnus-account-creation-.*'
[2026-08-26 17:43:10][info][CRDTCallbackManager] Successfully registered new data callback for pattern: '^/?/bc-144/tx/[^/]+'
[2026-08-26 17:43:10][info][CRDTCallbackManager] Successfully registered deleted data callback for pattern: '^/?/bc-144/tx/[^/]+'
[2026-08-26 17:43:10][info][CRDTCallbackManager] Successfully registered new data callback for pattern: '^/?/bc-963/tx/[^/]+'
[2026-08-26 17:43:10][info][CRDTCallbackManager] Successfully registered deleted data callback for pattern: '^/?/bc-963/tx/[^/]+'
[2026-08-26 17:43:10][info][CRDTCallbackManager] Successfully registered new data callback for pattern: '^/?/bc-369/tx/[^/]+'
[2026-08-26 17:43:10][info][CRDTCallbackManager] Successfully registered deleted data callback for pattern: '^/?/bc-369/tx/[^/]+'
[2026-08-26 17:43:10][info][CrdtDatastore] Topics { name="gnus-validator-registry" }
[2026-08-26 17:43:10][info][CRDTCallbackManager] Executing callback for key '/gnus-validator-registry' matching pattern '/?gnus-validator-registry'
[2026-08-26 17:43:10][info][ValidatorRegistry] RegistryUpdateReceived: cache updated and initialized
[2026-08-26 17:43:10][debug][GraphsyncDAGSyncer] addNode: Added node QmTpjGE8ESntQt1zEDH5wKzejhDieieGf3rX58Dw1DzEQt on dagService 
[2026-08-26 17:43:10][info][ValidatorRegistry] StoreRegistryUpdate: stored registry update CID QmTpjGE8ESntQt1zEDH5wKzejhDieieGf3rX58Dw1DzEQt
[2026-08-26 17:43:10][info][ValidatorRegistry] StoreRegistryUpdate: success
[2026-08-26 17:43:10][info][CrdtDatastore] Topics { name="gnus-validator-registry" }
[2026-08-26 17:43:10][info][CRDTCallbackManager] Executing callback for key '/gnus-validator-registry' matching pattern '/?gnus-validator-registry'
[2026-08-26 17:43:10][info][ValidatorRegistry] RegistryUpdateReceived: cache updated and initialized
[2026-08-26 17:43:10][debug][GraphsyncDAGSyncer] addNode: Added node QmTpjGE8ESntQt1zEDH5wKzejhDieieGf3rX58Dw1DzEQt on dagService 
[2026-08-26 17:43:10][info][ValidatorRegistry] StoreRegistryUpdate: stored registry update CID QmTpjGE8ESntQt1zEDH5wKzejhDieieGf3rX58Dw1DzEQt
[2026-08-26 17:43:10][info][ValidatorRegistry] StoreRegistryUpdate: success
[2026-08-26 17:43:10][info][CrdtDatastore] Topics { name="gnus-validator-registry" }
[2026-08-26 17:43:10][info][CRDTCallbackManager] Executing callback for key '/gnus-validator-registry' matching pattern '/?gnus-validator-registry'
[2026-08-26 17:43:10][info][ValidatorRegistry] RegistryUpdateReceived: cache updated and initialized
[2026-08-26 17:43:10][debug][GraphsyncDAGSyncer] addNode: Added node QmTpjGE8ESntQt1zEDH5wKzejhDieieGf3rX58Dw1DzEQt on dagService 
[2026-08-26 17:43:10][info][ValidatorRegistry] StoreRegistryUpdate: stored registry update CID QmTpjGE8ESntQt1zEDH5wKzejhDieieGf3rX58Dw1DzEQt
[2026-08-26 17:43:10][info][ValidatorRegistry] StoreRegistryUpdate: success
[2026-08-26 17:43:10][info][CrdtDatastore] Topics { name="gnus-validator-registry" }
[2026-08-26 17:43:10][info][CRDTCallbackManager] Executing callback for key '/gnus-validator-registry' matching pattern '/?gnus-validator-registry'
[2026-08-26 17:43:10][info][ValidatorRegistry] RegistryUpdateReceived: cache updated and initialized
[2026-08-26 17:43:10][debug][GraphsyncDAGSyncer] addNode: Added node QmTpjGE8ESntQt1zEDH5wKzejhDieieGf3rX58Dw1DzEQt on dagService 
[2026-08-26 17:43:10][info][ValidatorRegistry] StoreRegistryUpdate: stored registry update CID QmTpjGE8ESntQt1zEDH5wKzejhDieieGf3rX58Dw1DzEQt
[2026-08-26 17:43:10][info][ValidatorRegistry] StoreRegistryUpdate: success
[2026-08-26 17:43:10.573897000][th:85111922][info] GossipPubSub Adding new peer: 12D3KooWHP9XQmeM9gUtmLpWxyBeKgshp97CbFPE1fWK18AqabrS
[2026-08-26 17:43:10.573951000][th:85111922][info] GossipPubSub Adding new peer: 12D3KooWPTsv3JkHGrKwqWKkU7Eq2nLSJU9Dmt8PgURj2wJLxjfD
[2026-08-26 17:43:10.573992000][th:85111922][info] GossipPubSub Adding new peer: 12D3KooWAJsLq1n1JRYTSPLVbf4Mryawrg8DirqvuqXY6rCzMRLd
[2026-08-26 17:43:10.574002000][th:85111943][info] GossipPubSub Adding new peer: 12D3KooWAS9USQjkkCPHk5RN7p6LaXkTMcR2wzNEx1ZadhWfyS1p
[2026-08-26 17:43:10.574048000][th:85111943][info] GossipPubSub Adding new peer: 12D3KooWPTsv3JkHGrKwqWKkU7Eq2nLSJU9Dmt8PgURj2wJLxjfD
[2026-08-26 17:43:10.574088000][th:85111943][info] GossipPubSub Adding new peer: 12D3KooWAJsLq1n1JRYTSPLVbf4Mryawrg8DirqvuqXY6rCzMRLd
[2026-08-26 17:43:10.574098000][th:85111968][info] GossipPubSub Adding new peer: 12D3KooWAS9USQjkkCPHk5RN7p6LaXkTMcR2wzNEx1ZadhWfyS1p
[2026-08-26 17:43:10.574130000][th:85111968][info] GossipPubSub Adding new peer: 12D3KooWHP9XQmeM9gUtmLpWxyBeKgshp97CbFPE1fWK18AqabrS
[2026-08-26 17:43:10.574162000][th:85111968][info] GossipPubSub Adding new peer: 12D3KooWAJsLq1n1JRYTSPLVbf4Mryawrg8DirqvuqXY6rCzMRLd
[2026-08-26 17:43:10.574194000][th:85111989][info] GossipPubSub Adding new peer: 12D3KooWAS9USQjkkCPHk5RN7p6LaXkTMcR2wzNEx1ZadhWfyS1p
[2026-08-26 17:43:10.574225000][th:85111989][info] GossipPubSub Adding new peer: 12D3KooWHP9XQmeM9gUtmLpWxyBeKgshp97CbFPE1fWK18AqabrS
[2026-08-26 17:43:10.574258000][th:85111989][info] GossipPubSub Adding new peer: 12D3KooWPTsv3JkHGrKwqWKkU7Eq2nLSJU9Dmt8PgURj2wJLxjfD
[2026-08-26 17:43:10][info][TransactionManager] [726dc27a - full: false] ChangeTransactionState: Temp tracking entry created tx=2120cd1ede77b463386ad37ad3d6a20ca33367f77b901008a59b44feb5877da8
[2026-08-26 17:43:10][info][TransactionManager] [35973f8e - full: false] ChangeTransactionState: Temp tracking entry created tx=2120cd1ede77b463386ad37ad3d6a20ca33367f77b901008a59b44feb5877da8
[2026-08-26 17:43:10][info][TransactionManager] [2aaa7f07 - full: false] ChangeTransactionState: Temp tracking entry created tx=2120cd1ede77b463386ad37ad3d6a20ca33367f77b901008a59b44feb5877da8
[2026-08-26 17:43:10][info][TransactionManager] [d2f30b3b - full: false] ChangeTransactionState: Temp tracking entry created tx=2120cd1ede77b463386ad37ad3d6a20ca33367f77b901008a59b44feb5877da8
[2026-08-26 17:43:13][error][ConsensusManager] HandleVote: ignored: proposal has not won frozen slot arbitration proposal_id=5c42bd97
[2026-08-26 17:43:13][error][ConsensusManager] HandleVote: ignored: proposal has not won frozen slot arbitration proposal_id=5c42bd97
[2026-08-26 17:43:13][error][ConsensusManager] HandleVote: ignored: proposal has not won frozen slot arbitration proposal_id=5c42bd97
[2026-08-26 17:43:13][error][ConsensusManager] HandleVote: ignored: proposal has not won frozen slot arbitration proposal_id=5c42bd97
[2026-08-26 17:43:15][info][CrdtDatastore] Topics { name="consensus-channel-.3.7.144#datastore" }
[2026-08-26 17:43:15][info][CRDTCallbackManager] Executing callback for key '/cert/mint-v2:test:0000000000000000000000000000000000000000000000000000000000000000:42:726dc27a62a2424bebf70b741ed227f2376c06e6aad0b14a8a8fbf7719c90321bcda377e85fefe425a03cae78f336387ebf8e7f123526021b1dd4498888fde4d:cccccccccccccccccccccccccccccccccccccccccccccccccccccccccccccccc' matching pattern '^/?cert/[^/]+'
[2026-08-26 17:43:15][debug][GraphsyncDAGSyncer] addNode: Added node QmNYkYERDFJPKreKSp7YKLb3xvkFWQJ4EjjmR2sXViiqSB on dagService 
[2026-08-26 17:43:15][debug][GraphsyncDAGSyncer] Registered new peer 12D3KooWHP9XQmeM9gUtmLpWxyBeKgshp97CbFPE1fWK18AqabrS with key 0
[2026-08-26 17:43:15][debug][GraphsyncDAGSyncer] Registered new peer 12D3KooWHP9XQmeM9gUtmLpWxyBeKgshp97CbFPE1fWK18AqabrS with key 0
[2026-08-26 17:43:15][debug][GraphsyncDAGSyncer] Added route for CID QmNYkYERDFJPKreKSp7YKLb3xvkFWQJ4EjjmR2sXViiqSB to peer 12D3KooWHP9XQmeM9gUtmLpWxyBeKgshp97CbFPE1fWK18AqabrS (key 0, route_count=1)
[2026-08-26 17:43:15][debug][GraphsyncDAGSyncer] Added route for CID QmNYkYERDFJPKreKSp7YKLb3xvkFWQJ4EjjmR2sXViiqSB to peer 12D3KooWHP9XQmeM9gUtmLpWxyBeKgshp97CbFPE1fWK18AqabrS (key 0, route_count=1)
[2026-08-26 17:43:15][debug][GraphsyncDAGSyncer] Registered new peer 12D3KooWHP9XQmeM9gUtmLpWxyBeKgshp97CbFPE1fWK18AqabrS with key 0
[2026-08-26 17:43:15][debug][GraphsyncDAGSyncer] Added route for CID QmNYkYERDFJPKreKSp7YKLb3xvkFWQJ4EjjmR2sXViiqSB to peer 12D3KooWHP9XQmeM9gUtmLpWxyBeKgshp97CbFPE1fWK18AqabrS (key 0, route_count=1)
[2026-08-26 17:43:15][debug][GraphsyncDAGSyncer] Block initialized without content to LRU cache: CID QmNYkYERDFJPKreKSp7YKLb3xvkFWQJ4EjjmR2sXViiqSB, cache size: 1
[2026-08-26 17:43:15][debug][GraphsyncDAGSyncer] Requesting Node QmNYkYERDFJPKreKSp7YKLb3xvkFWQJ4EjjmR2sXViiqSB on this 4981002280
[2026-08-26 17:43:15][debug][GraphsyncDAGSyncer] Return node for CID QmNYkYERDFJPKreKSp7YKLb3xvkFWQJ4EjjmR2sXViiqSB instance=5001071416
[2026-08-26 17:43:15.456776000][th:85111922][warning] graphsync Request 1 for CID QmNYkYERDFJPKreKSp7YKLb3xvkFWQJ4EjjmR2sXViiqSB got RS_FULL_CONTENT but no blocks received yet
[2026-08-26 17:43:15][debug][GraphsyncDAGSyncer] request progress: code=FULL_CONTENT, extensions=(graphsync/do-not-send-cids: 0x80) (graphsync/response-metadata: 0x80) 
[2026-08-26 17:43:15][debug][GraphsyncDAGSyncer] HasBlock: false, cid: QmNYkYERDFJPKreKSp7YKLb3xvkFWQJ4EjjmR2sXViiqSB
[2026-08-26 17:43:15][debug][GraphsyncDAGSyncer] Existing block updated in LRU cache: CID QmNYkYERDFJPKreKSp7YKLb3xvkFWQJ4EjjmR2sXViiqSB
[2026-08-26 17:43:15][debug][GraphsyncDAGSyncer] Node added to dagService. CID: QmNYkYERDFJPKreKSp7YKLb3xvkFWQJ4EjjmR2sXViiqSB, links: []
[2026-08-26 17:43:15][debug][GraphsyncDAGSyncer] Seeing if peer 12D3KooWHP9XQmeM9gUtmLpWxyBeKgshp97CbFPE1fWK18AqabrS has links to AddRoute
[2026-08-26 17:43:15][info][GraphsyncDAGSyncer] TraverseCIDsLinks: Checking links on { cid="QmNYkYERDFJPKreKSp7YKLb3xvkFWQJ4EjjmR2sXViiqSB", name="" }
[2026-08-26 17:43:15][info][GraphsyncDAGSyncer] TraverseCIDsLinks: Completed traversal. Links to fetch: 0, Visited: 0
[2026-08-26 17:43:15][debug][GraphsyncDAGSyncer] Block initialized without content to LRU cache: CID QmNYkYERDFJPKreKSp7YKLb3xvkFWQJ4EjjmR2sXViiqSB, cache size: 1
[2026-08-26 17:43:15][debug][GraphsyncDAGSyncer] Requesting Node QmNYkYERDFJPKreKSp7YKLb3xvkFWQJ4EjjmR2sXViiqSB on this 4981911528
[2026-08-26 17:43:15][debug][GraphsyncDAGSyncer] Return node for CID QmNYkYERDFJPKreKSp7YKLb3xvkFWQJ4EjjmR2sXViiqSB instance=5001071416
[2026-08-26 17:43:15.532335000][th:85111968][warning] graphsync Request 1 for CID QmNYkYERDFJPKreKSp7YKLb3xvkFWQJ4EjjmR2sXViiqSB got RS_FULL_CONTENT but no blocks received yet
[2026-08-26 17:43:15][debug][GraphsyncDAGSyncer] request progress: code=FULL_CONTENT, extensions=(graphsync/do-not-send-cids: 0x80) (graphsync/response-metadata: 0x80) 
[2026-08-26 17:43:15][debug][GraphsyncDAGSyncer] HasBlock: false, cid: QmNYkYERDFJPKreKSp7YKLb3xvkFWQJ4EjjmR2sXViiqSB
[2026-08-26 17:43:15][debug][GraphsyncDAGSyncer] Existing block updated in LRU cache: CID QmNYkYERDFJPKreKSp7YKLb3xvkFWQJ4EjjmR2sXViiqSB
[2026-08-26 17:43:15][debug][GraphsyncDAGSyncer] Node added to dagService. CID: QmNYkYERDFJPKreKSp7YKLb3xvkFWQJ4EjjmR2sXViiqSB, links: []
[2026-08-26 17:43:15][debug][GraphsyncDAGSyncer] Seeing if peer 12D3KooWHP9XQmeM9gUtmLpWxyBeKgshp97CbFPE1fWK18AqabrS has links to AddRoute
[2026-08-26 17:43:15][info][GraphsyncDAGSyncer] TraverseCIDsLinks: Checking links on { cid="QmNYkYERDFJPKreKSp7YKLb3xvkFWQJ4EjjmR2sXViiqSB", name="" }
[2026-08-26 17:43:15][info][GraphsyncDAGSyncer] TraverseCIDsLinks: Completed traversal. Links to fetch: 0, Visited: 0
[2026-08-26 17:43:15][debug][GraphsyncDAGSyncer] Block initialized without content to LRU cache: CID QmNYkYERDFJPKreKSp7YKLb3xvkFWQJ4EjjmR2sXViiqSB, cache size: 1
[2026-08-26 17:43:15][debug][GraphsyncDAGSyncer] Requesting Node QmNYkYERDFJPKreKSp7YKLb3xvkFWQJ4EjjmR2sXViiqSB on this 4999639112
[2026-08-26 17:43:15][debug][GraphsyncDAGSyncer] Return node for CID QmNYkYERDFJPKreKSp7YKLb3xvkFWQJ4EjjmR2sXViiqSB instance=5001071416
[2026-08-26 17:43:15.558753000][th:85111989][warning] graphsync Request 1 for CID QmNYkYERDFJPKreKSp7YKLb3xvkFWQJ4EjjmR2sXViiqSB got RS_FULL_CONTENT but no blocks received yet
[2026-08-26 17:43:15][debug][GraphsyncDAGSyncer] request progress: code=FULL_CONTENT, extensions=(graphsync/do-not-send-cids: 0x80) (graphsync/response-metadata: 0x80) 
[2026-08-26 17:43:15][debug][GraphsyncDAGSyncer] Return node for CID QmNYkYERDFJPKreKSp7YKLb3xvkFWQJ4EjjmR2sXViiqSB instance=4981002280
[2026-08-26 17:43:15][debug][GraphsyncDAGSyncer] HasBlock: false, cid: QmNYkYERDFJPKreKSp7YKLb3xvkFWQJ4EjjmR2sXViiqSB
[2026-08-26 17:43:15][debug][GraphsyncDAGSyncer] Existing block updated in LRU cache: CID QmNYkYERDFJPKreKSp7YKLb3xvkFWQJ4EjjmR2sXViiqSB
[2026-08-26 17:43:15][debug][GraphsyncDAGSyncer] Node added to dagService. CID: QmNYkYERDFJPKreKSp7YKLb3xvkFWQJ4EjjmR2sXViiqSB, links: []
[2026-08-26 17:43:15][debug][GraphsyncDAGSyncer] Seeing if peer 12D3KooWHP9XQmeM9gUtmLpWxyBeKgshp97CbFPE1fWK18AqabrS has links to AddRoute
[2026-08-26 17:43:15][info][GraphsyncDAGSyncer] TraverseCIDsLinks: Checking links on { cid="QmNYkYERDFJPKreKSp7YKLb3xvkFWQJ4EjjmR2sXViiqSB", name="" }
[2026-08-26 17:43:15][info][GraphsyncDAGSyncer] TraverseCIDsLinks: Completed traversal. Links to fetch: 0, Visited: 0
[2026-08-26 17:43:15][info][CRDTCallbackManager] Executing callback for key '/cert/mint-v2:test:0000000000000000000000000000000000000000000000000000000000000000:42:726dc27a62a2424bebf70b741ed227f2376c06e6aad0b14a8a8fbf7719c90321bcda377e85fefe425a03cae78f336387ebf8e7f123526021b1dd4498888fde4d:cccccccccccccccccccccccccccccccccccccccccccccccccccccccccccccccc' matching pattern '^/?cert/[^/]+'
[2026-08-26 17:43:15][debug][GraphsyncDAGSyncer] addNode: Added node QmNYkYERDFJPKreKSp7YKLb3xvkFWQJ4EjjmR2sXViiqSB on dagService 
[2026-08-26 17:43:15][debug][GraphsyncDAGSyncer] Block removed from LRU cache: CID QmNYkYERDFJPKreKSp7YKLb3xvkFWQJ4EjjmR2sXViiqSB
[2026-08-26 17:43:15][debug][GraphsyncDAGSyncer] Return node for CID QmNYkYERDFJPKreKSp7YKLb3xvkFWQJ4EjjmR2sXViiqSB instance=4981911528
[2026-08-26 17:43:15][info][CRDTCallbackManager] Executing callback for key '/cert/mint-v2:test:0000000000000000000000000000000000000000000000000000000000000000:42:726dc27a62a2424bebf70b741ed227f2376c06e6aad0b14a8a8fbf7719c90321bcda377e85fefe425a03cae78f336387ebf8e7f123526021b1dd4498888fde4d:cccccccccccccccccccccccccccccccccccccccccccccccccccccccccccccccc' matching pattern '^/?cert/[^/]+'
[2026-08-26 17:43:15][debug][GraphsyncDAGSyncer] addNode: Added node QmNYkYERDFJPKreKSp7YKLb3xvkFWQJ4EjjmR2sXViiqSB on dagService 
[2026-08-26 17:43:15][debug][GraphsyncDAGSyncer] Block removed from LRU cache: CID QmNYkYERDFJPKreKSp7YKLb3xvkFWQJ4EjjmR2sXViiqSB
[2026-08-26 17:43:15][debug][GraphsyncDAGSyncer] Return node for CID QmNYkYERDFJPKreKSp7YKLb3xvkFWQJ4EjjmR2sXViiqSB instance=4999639112
[2026-08-26 17:43:15][info][CRDTCallbackManager] Executing callback for key '/cert/mint-v2:test:0000000000000000000000000000000000000000000000000000000000000000:42:726dc27a62a2424bebf70b741ed227f2376c06e6aad0b14a8a8fbf7719c90321bcda377e85fefe425a03cae78f336387ebf8e7f123526021b1dd4498888fde4d:cccccccccccccccccccccccccccccccccccccccccccccccccccccccccccccccc' matching pattern '^/?cert/[^/]+'
[2026-08-26 17:43:15][debug][GraphsyncDAGSyncer] addNode: Added node QmNYkYERDFJPKreKSp7YKLb3xvkFWQJ4EjjmR2sXViiqSB on dagService 
[2026-08-26 17:43:15][debug][GraphsyncDAGSyncer] Block removed from LRU cache: CID QmNYkYERDFJPKreKSp7YKLb3xvkFWQJ4EjjmR2sXViiqSB
[2026-08-26 17:43:15][info][CRDTCallbackManager] Successfully unregistered new data callback for pattern: '^/?/bc-144/tx/[^/]+'
[2026-08-26 17:43:15][info][CRDTCallbackManager] Successfully unregistered deleted data callback for pattern: '^/?/bc-144/tx/[^/]+'
[2026-08-26 17:43:15][info][CRDTCallbackManager] Successfully unregistered new data callback for pattern: '^/?/bc-963/tx/[^/]+'
[2026-08-26 17:43:15][info][CRDTCallbackManager] Successfully unregistered deleted data callback for pattern: '^/?/bc-963/tx/[^/]+'
[2026-08-26 17:43:15][info][CRDTCallbackManager] Successfully unregistered new data callback for pattern: '^/?/bc-369/tx/[^/]+'
[2026-08-26 17:43:15][info][CRDTCallbackManager] Successfully unregistered deleted data callback for pattern: '^/?/bc-369/tx/[^/]+'
[2026-08-26 17:43:15][info][TransactionManager] [2aaa7f07 - full: false] ~TransactionManager: Metrics — cert_fallback(success=0 failure=0) validation(approve=1 reject=0) tracking(insert=1 confirm=0 fail=0)
[2026-08-26 17:43:15][info][Blockchain] [2aaa7f07] Stopping blockchain
[2026-08-26 17:43:15][info][CRDTCallbackManager] Successfully unregistered new data callback for pattern: '/?gnus-genesis-block'
[2026-08-26 17:43:15][info][CRDTCallbackManager] Successfully unregistered new data callback for pattern: '/?gnus-account-creation-.*'
[2026-08-26 17:43:15][info][CRDTCallbackManager] Successfully unregistered new data callback for pattern: '/?gnus-validator-registry'
[2026-08-26 17:43:15.681501000][th:85111943][error] GossipPubSub Address monitoring timer error: Operation canceled
[2026-08-26 17:43:15][error][PubSubBroadcasterExt] No message to process
[2026-08-26 17:43:15][error][PubSubBroadcasterExt] No message to process
[2026-08-26 17:43:15.681620000][th:85111943][error] graphsync Varint Error msg=Connection: closed by this host
[2026-08-26 17:43:15.681626000][th:85111943][info] graphsync stream read error, peer=JLxjfD, msg=stream is not readable
[2026-08-26 17:43:15.681655000][th:85111943][error] graphsync Varint Error msg=Connection: closed by this host
[2026-08-26 17:43:15.681658000][th:85111943][info] graphsync stream read error, peer=CzMRLd, msg=stream is not readable
[2026-08-26 17:43:15.681673000][th:85111943][error] graphsync Varint Error msg=Connection: closed by this host
[2026-08-26 17:43:15.681677000][th:85111943][info] graphsync stream read error, peer=WfyS1p, msg=stream is not readable
[2026-08-26 17:43:16][info][UTXOManager] Stored 1 UTXOs for address 726dc27a62a2424bebf70b741ed227f2376c06e6aad0b14a8a8fbf7719c90321bcda377e85fefe425a03cae78f336387ebf8e7f123526021b1dd4498888fde4d
[2026-08-26 17:43:16][info][UTXOManager] Stored 2 UTXOs for address 726dc27a62a2424bebf70b741ed227f2376c06e6aad0b14a8a8fbf7719c90321bcda377e85fefe425a03cae78f336387ebf8e7f123526021b1dd4498888fde4d
[2026-08-26 17:43:16][info][TransactionManager] [726dc27a - full: false] Created tokens (mint-v2), amount 42 balance 42
[2026-08-26 17:43:16][info][TransactionManager] [726dc27a - full: false] ChangeTransactionState: Tracking entry confirmed tx=2120cd1ede77b463386ad37ad3d6a20ca33367f77b901008a59b44feb5877da8
[2026-08-26 17:43:16][info][UTXOManager] Created checkpoint owner=726dc27a62a2424bebf70b741ed227f2376c06e6aad0b14a8a8fbf7719c90321bcda377e85fefe425a03cae78f336387ebf8e7f123526021b1dd4498888fde4d epoch=1 utxo_count=1
[2026-08-26 17:43:16][info][UTXOManager] Stored 1 UTXOs for address 726dc27a62a2424bebf70b741ed227f2376c06e6aad0b14a8a8fbf7719c90321bcda377e85fefe425a03cae78f336387ebf8e7f123526021b1dd4498888fde4d
[2026-08-26 17:43:16][info][UTXOManager] Stored 1 UTXOs for address 726dc27a62a2424bebf70b741ed227f2376c06e6aad0b14a8a8fbf7719c90321bcda377e85fefe425a03cae78f336387ebf8e7f123526021b1dd4498888fde4d
[2026-08-26 17:43:16][info][UTXOManager] Stored 2 UTXOs for address 726dc27a62a2424bebf70b741ed227f2376c06e6aad0b14a8a8fbf7719c90321bcda377e85fefe425a03cae78f336387ebf8e7f123526021b1dd4498888fde4d
[2026-08-26 17:43:16][info][TransactionManager] [d2f30b3b - full: false] Created tokens (mint-v2), amount 42 balance 0
[2026-08-26 17:43:16][info][UTXOManager] Stored 2 UTXOs for address 726dc27a62a2424bebf70b741ed227f2376c06e6aad0b14a8a8fbf7719c90321bcda377e85fefe425a03cae78f336387ebf8e7f123526021b1dd4498888fde4d
[2026-08-26 17:43:16][info][TransactionManager] [35973f8e - full: false] Created tokens (mint-v2), amount 42 balance 0
[2026-08-26 17:43:16][info][TransactionManager] [d2f30b3b - full: false] ChangeTransactionState: Tracking entry confirmed tx=2120cd1ede77b463386ad37ad3d6a20ca33367f77b901008a59b44feb5877da8
[2026-08-26 17:43:16][info][TransactionManager] [35973f8e - full: false] ChangeTransactionState: Tracking entry confirmed tx=2120cd1ede77b463386ad37ad3d6a20ca33367f77b901008a59b44feb5877da8
[2026-08-26 17:43:16][info][UTXOManager] Created checkpoint owner=d2f30b3b35bd5095b0cc31e7ee440f108411db1d4d44348cdf8b0b78343b2ee80669c1cec6deebc0a21e70ddd0437fb42ad02008d26f78665b11f413da4ef42b epoch=1 utxo_count=0
[2026-08-26 17:43:16][info][UTXOManager] Created checkpoint owner=35973f8eaa340a9fa1189eaeb289c9d36ff642c9cf427e68d7a1b110d00e9108469ee0b3a0f797d8eb979bf928a44e588c5f31a145d3f3c7127ff996d0f7fd76 epoch=1 utxo_count=0
[2026-08-26 17:43:16][debug][GlobalDB] ~GlobalDB CALLED with count 6 on multi_node_finality_fault/restart-certificate-validator-two/rocksdb 
[2026-08-26 17:43:16][info][GlobalDB] GlobalDB shutdown start
[2026-08-26 17:43:16][info][CrdtDatastore] CancelAndCloseNow: begin (pending_jobs=1, self_queue=0, root_queue=0, pending_roots=0, active_root=false)
[2026-08-26 17:43:16][debug][GraphsyncDAGSyncer] Stopping Dagsyncer
[2026-08-26 17:43:16][debug][GraphsyncDAGSyncer] Dagsyncer Stopped
[2026-08-26 17:43:16][info][CrdtDatastore] CancelAndCloseNow: CRDT workers stopped
[2026-08-26 17:43:16][warning][CrdtDatastore] CancelAndCloseNow called but shutdown has already started
[2026-08-26 17:43:16][debug][GraphsyncDAGSyncer] ~GraphsyncDAGSyncer CALLED
[2026-08-26 17:43:16.998401000][th:85111922][error] graphsync Varint Error msg=Connection reset by peer
[2026-08-26 17:43:16.998463000][th:85111922][info] graphsync stream read error, peer=AqabrS, msg=stream is not readable
[2026-08-26 17:43:16][info][GlobalDB] GlobalDB shutdown finished
[2026-08-26 17:43:16.998685000][th:85111968][error] graphsync Varint Error msg=Connection reset by peer
[2026-08-26 17:43:16.998737000][th:85111968][info] graphsync stream read error, peer=AqabrS, msg=stream is not readable
[2026-08-26 17:43:16.998930000][th:85111989][error] graphsync Varint Error msg=Connection reset by peer
[2026-08-26 17:43:16.998964000][th:85111989][info] graphsync stream read error, peer=AqabrS, msg=stream is not readable
[2026-08-26 17:43:16][info][KeyPairFileStorage] Path to keypairs multi_node_finality_fault/restart-certificate-validator-two/keypair
[2026-08-26 17:43:17][info][KeyPairFileStorage] Peer ID from public key: 12D3KooWHP9XQmeM9gUtmLpWxyBeKgshp97CbFPE1fWK18AqabrS
Current limits: 16384 (soft), 9223372036854775807 (hard)
New limits set successfully: 16384 (soft), 9223372036854775807 (hard)
Initialized relay addresses
[2026-08-26 17:43:17.003587000][th:85111454][info] GossipPubSub /ip4/0.0.0.0/tcp/54612/p2p/12D3KooWHP9XQmeM9gUtmLpWxyBeKgshp97CbFPE1fWK18AqabrS: Starting PubSub service
[2026-08-26 17:43:17.003740000][th:85112101][info] GossipPubSub Starting address monitoring system for mobile network changes
[2026-08-26 17:43:17.003750000][th:85112101][info] GossipPubSub === CURRENT NETWORK STATE ===
[2026-08-26 17:43:17.003769000][th:85112101][info] GossipPubSub Primary listening address: /ip4/0.0.0.0/tcp/54612/p2p/12D3KooWHP9XQmeM9gUtmLpWxyBeKgshp97CbFPE1fWK18AqabrS
[2026-08-26 17:43:17.003777000][th:85112101][info] GossipPubSub Host peer info addresses (0):
[2026-08-26 17:43:17.003783000][th:85112101][info] GossipPubSub Additional addresses we track (0):
[2026-08-26 17:43:17.003788000][th:85112101][info] GossipPubSub Listening addresses (1):
[2026-08-26 17:43:17.003794000][th:85112101][info] GossipPubSub   -> /ip4/0.0.0.0/tcp/54612/p2p/12D3KooWHP9XQmeM9gUtmLpWxyBeKgshp97CbFPE1fWK18AqabrS
[2026-08-26 17:43:17.003807000][th:85112101][info] GossipPubSub Interface addresses (0):
[2026-08-26 17:43:17.003812000][th:85112101][info] GossipPubSub === RAW OBSERVED ADDRESS DEBUG ===
[2026-08-26 17:43:17.003819000][th:85112101][info] GossipPubSub Local address: /ip4/0.0.0.0/tcp/54612/p2p/12D3KooWHP9XQmeM9gUtmLpWxyBeKgshp97CbFPE1fWK18AqabrS -> 0 raw observed, 0 activated+confirmed
[2026-08-26 17:43:17.003825000][th:85112101][info] GossipPubSub TOTAL: 0 raw observed addresses, 0 activated+confirmed addresses
[2026-08-26 17:43:17.003831000][th:85112101][info] GossipPubSub === END RAW OBSERVED ADDRESS DEBUG ===
[2026-08-26 17:43:17.003836000][th:85112101][info] GossipPubSub Observed addresses - all (0):
[2026-08-26 17:43:17.003841000][th:85112101][info] GossipPubSub Observed addresses - confirmed only (0):
[2026-08-26 17:43:17.003846000][th:85112101][info] GossipPubSub Relay addresses (0):
[2026-08-26 17:43:17.003857000][th:85112101][warning] GossipPubSub Failed to get addresses from peer repository: not found
[2026-08-26 17:43:17.003935000][th:85112101][info] GossipPubSub Found 1 valid network interfaces
[2026-08-26 17:43:17.003941000][th:85112101][info] GossipPubSub Current network interfaces (1):
[2026-08-26 17:43:17.003947000][th:85112101][info] GossipPubSub   -> 192.168.1.6
[2026-08-26 17:43:17.003952000][th:85112101][info] GossipPubSub Active connections: 0
[2026-08-26 17:43:17.003957000][th:85112101][info] GossipPubSub === PEER CONNECTION DETAILS ===
[2026-08-26 17:43:17.003962000][th:85112101][info] GossipPubSub NOTE: Observed addresses need to be seen by 4+ different peer groups to become 'activated'
[2026-08-26 17:43:17.003967000][th:85112101][info] GossipPubSub NOTE: Current connections: 0, so max possible observers: 0
[2026-08-26 17:43:17.003971000][th:85112101][info] GossipPubSub === END PEER CONNECTION DETAILS ===
[2026-08-26 17:43:17.003976000][th:85112101][info] GossipPubSub Connection manager stats:
[2026-08-26 17:43:17.003981000][th:85112101][info] GossipPubSub   -> Max connections: 1000
[2026-08-26 17:43:17.003986000][th:85112101][info] GossipPubSub   -> Current connections: 0
[2026-08-26 17:43:17.003990000][th:85112101][info] GossipPubSub === END NETWORK STATE ===
[2026-08-26 17:43:17.004289000][th:85112101][info] GossipPubSub /ip4/0.0.0.0/tcp/54612/p2p/12D3KooWHP9XQmeM9gUtmLpWxyBeKgshp97CbFPE1fWK18AqabrS : PubSub service started
[2026-08-26 17:43:17][info][GlobalDB] Opening database /Users/henriqueklein/gnus/SuperGenius/multi_node_finality_fault/restart-certificate-validator-two/rocksdb
[2026-08-26 17:43:17][debug][GraphsyncDAGSyncer] GraphSyncer created 5001099784 
[2026-08-26 17:43:17][info][CrdtDatastore] crdt Datastore created. Number of heads: 2 Current max-height: 18446744073709551615
[2026-08-26 17:43:17][info][GeniusAccount] Secure storage ID path: /Users/henriqueklein/gnus/SuperGenius/multi_node_finality_fault/restart-certificate-validator-two/account/secure_storage_id
[2026-08-26 17:43:17][info][GeniusAccount] Loaded public key from file: 2aaa7f073004aefe... (length: 128)
[2026-08-26 17:43:17][info][GeniusAccount] Successfully loaded key_seed from storage
[2026-08-26 17:43:17][info][GeniusAccount] Validation successful: key_seed matches stored public key
[2026-08-26 17:43:17][warning][UTXOManager] Found UTXOs in storage, but there were none
[2026-08-26 17:43:17][info][Blockchain] [2aaa7f07] Blockchain instance created with authorized full node: 8a33bdf1
[2026-08-26 17:43:17][info][ValidatorRegistry] InitializeCache: cache initialized with CID QmTpjGE8ESntQt1zEDH5wKzejhDieieGf3rX58Dw1DzEQt
[2026-08-26 17:43:17][info][CRDTCallbackManager] Successfully registered new data callback for pattern: '/?gnus-validator-registry'
[2026-08-26 17:43:17][info][ValidatorRegistry] RegisterFilter: result=true
[2026-08-26 17:43:17][info][ValidatorRegistry] New: instance ready
[2026-08-26 17:43:17.032504000][th:85112101][info] GossipPubSub /ip4/0.0.0.0/tcp/54612/p2p/12D3KooWHP9XQmeM9gUtmLpWxyBeKgshp97CbFPE1fWK18AqabrS: PubSub subscribed to topic 'gnus-validator-registry.3.7.144'
[2026-08-26 17:43:17.032538000][th:85112101][info] GossipPubSub /ip4/0.0.0.0/tcp/54612/p2p/12D3KooWHP9XQmeM9gUtmLpWxyBeKgshp97CbFPE1fWK18AqabrS: PubSub subscribed to topic 'consensus-channel-.3.7.144'
[2026-08-26 17:43:17][info][CRDTCallbackManager] Successfully registered new data callback for pattern: '^/?cert/[^/]+'
[2026-08-26 17:43:17.032580000][th:85112101][info] GossipPubSub /ip4/0.0.0.0/tcp/54612/p2p/12D3KooWHP9XQmeM9gUtmLpWxyBeKgshp97CbFPE1fWK18AqabrS: PubSub subscribed to topic 'consensus-channel-.3.7.144#datastore.3.7.144'
[2026-08-26 17:43:17][warning][ConsensusManager] ProcessCommittedCertificate: No subject handler for certificate with key /cert/mint-v2:test:0000000000000000000000000000000000000000000000000000000000000000:42:726dc27a62a2424bebf70b741ed227f2376c06e6aad0b14a8a8fbf7719c90321bcda377e85fefe425a03cae78f336387ebf8e7f123526021b1dd4498888fde4d:cccccccccccccccccccccccccccccccccccccccccccccccccccccccccccccccc 
[2026-08-26 17:43:17][warning][ConsensusManager] ProcessCommittedCertificate: No subject handler for certificate with key /cert/mint-v2:test:0000000000000000000000000000000000000000000000000000000000000000:42:726dc27a62a2424bebf70b741ed227f2376c06e6aad0b14a8a8fbf7719c90321bcda377e85fefe425a03cae78f336387ebf8e7f123526021b1dd4498888fde4d:cccccccccccccccccccccccccccccccccccccccccccccccccccccccccccccccc 
[2026-08-26 17:43:17][info][CRDTCallbackManager] Successfully registered new data callback for pattern: '/?gnus-genesis-block'
[2026-08-26 17:43:17][info][CRDTCallbackManager] Successfully registered new data callback for pattern: '/?gnus-account-creation-.*'
[2026-08-26 17:43:17][info][UTXOManager] Stored 1 UTXOs for address 726dc27a62a2424bebf70b741ed227f2376c06e6aad0b14a8a8fbf7719c90321bcda377e85fefe425a03cae78f336387ebf8e7f123526021b1dd4498888fde4d
[2026-08-26 17:43:17][info][UTXOManager] Stored 2 UTXOs for address 726dc27a62a2424bebf70b741ed227f2376c06e6aad0b14a8a8fbf7719c90321bcda377e85fefe425a03cae78f336387ebf8e7f123526021b1dd4498888fde4d
[2026-08-26 17:43:17][info][TransactionManager] [2aaa7f07 - full: false] Created tokens (mint-v2), amount 42 balance 0
[2026-08-26 17:43:17][info][TransactionManager] [2aaa7f07 - full: false] ChangeTransactionState: Tracking entry confirmed tx=2120cd1ede77b463386ad37ad3d6a20ca33367f77b901008a59b44feb5877da8
[2026-08-26 17:43:17][info][TransactionManager] [2aaa7f07 - full: false] OnConsensusCertificate: Standalone validator confirmed tx 2120cd1ede77b463386ad37ad3d6a20ca33367f77b901008a59b44feb5877da8 from certificate proposal_id=5c42bd97fc7860de7f26789f2882a4580f8f6a07aa1a5c46534699c5ee583ddb
[2026-08-26 17:43:17][info][UTXOManager] Created checkpoint owner=2aaa7f073004aefebb6d0aad01557e5fbdf3961e060fa4b2fe309af94a28577840c8a7ed9f0caf342fff43f1ae22d1f6ec8aa621b6ec1b571589eaee907892ed epoch=1 utxo_count=0
[2026-08-26 17:43:17][info][CRDTCallbackManager] Successfully registered new data callback for pattern: '^/?/bc-144/tx/[^/]+'
[2026-08-26 17:43:17][info][CRDTCallbackManager] Successfully registered deleted data callback for pattern: '^/?/bc-144/tx/[^/]+'
[2026-08-26 17:43:17][info][CRDTCallbackManager] Successfully registered new data callback for pattern: '^/?/bc-963/tx/[^/]+'
[2026-08-26 17:43:17][info][CRDTCallbackManager] Successfully registered deleted data callback for pattern: '^/?/bc-963/tx/[^/]+'
[2026-08-26 17:43:17][info][CRDTCallbackManager] Successfully registered new data callback for pattern: '^/?/bc-369/tx/[^/]+'
[2026-08-26 17:43:17][info][CRDTCallbackManager] Successfully registered deleted data callback for pattern: '^/?/bc-369/tx/[^/]+'
[2026-08-26 17:43:17.068710000][th:85111922][info] GossipPubSub Adding new peer: 12D3KooWHP9XQmeM9gUtmLpWxyBeKgshp97CbFPE1fWK18AqabrS
[2026-08-26 17:43:17.068788000][th:85111922][info] GossipPubSub Adding new peer: 12D3KooWPTsv3JkHGrKwqWKkU7Eq2nLSJU9Dmt8PgURj2wJLxjfD
[2026-08-26 17:43:17.068843000][th:85111922][info] GossipPubSub Adding new peer: 12D3KooWAJsLq1n1JRYTSPLVbf4Mryawrg8DirqvuqXY6rCzMRLd
[2026-08-26 17:43:17.068889000][th:85112101][info] GossipPubSub Adding new peer: 12D3KooWAS9USQjkkCPHk5RN7p6LaXkTMcR2wzNEx1ZadhWfyS1p
[2026-08-26 17:43:17.068966000][th:85112101][info] GossipPubSub Adding new peer: 12D3KooWPTsv3JkHGrKwqWKkU7Eq2nLSJU9Dmt8PgURj2wJLxjfD
[2026-08-26 17:43:17.069025000][th:85112101][info] GossipPubSub Adding new peer: 12D3KooWAJsLq1n1JRYTSPLVbf4Mryawrg8DirqvuqXY6rCzMRLd
[2026-08-26 17:43:17.069047000][th:85111968][info] GossipPubSub Adding new peer: 12D3KooWAS9USQjkkCPHk5RN7p6LaXkTMcR2wzNEx1ZadhWfyS1p
[2026-08-26 17:43:17.069100000][th:85111968][info] GossipPubSub Adding new peer: 12D3KooWHP9XQmeM9gUtmLpWxyBeKgshp97CbFPE1fWK18AqabrS
[2026-08-26 17:43:17.069154000][th:85111968][info] GossipPubSub Adding new peer: 12D3KooWAJsLq1n1JRYTSPLVbf4Mryawrg8DirqvuqXY6rCzMRLd
[2026-08-26 17:43:17.069212000][th:85111989][info] GossipPubSub Adding new peer: 12D3KooWAS9USQjkkCPHk5RN7p6LaXkTMcR2wzNEx1ZadhWfyS1p
[2026-08-26 17:43:17.069265000][th:85111989][info] GossipPubSub Adding new peer: 12D3KooWHP9XQmeM9gUtmLpWxyBeKgshp97CbFPE1fWK18AqabrS
[2026-08-26 17:43:17.069319000][th:85111989][info] GossipPubSub Adding new peer: 12D3KooWPTsv3JkHGrKwqWKkU7Eq2nLSJU9Dmt8PgURj2wJLxjfD
[2026-08-26 17:43:17][info][CRDTCallbackManager] Successfully unregistered new data callback for pattern: '^/?/bc-144/tx/[^/]+'
[2026-08-26 17:43:17][info][CRDTCallbackManager] Successfully unregistered deleted data callback for pattern: '^/?/bc-144/tx/[^/]+'
[2026-08-26 17:43:17][info][CRDTCallbackManager] Successfully unregistered new data callback for pattern: '^/?/bc-963/tx/[^/]+'
[2026-08-26 17:43:17][info][CRDTCallbackManager] Successfully unregistered deleted data callback for pattern: '^/?/bc-963/tx/[^/]+'
[2026-08-26 17:43:17][info][CRDTCallbackManager] Successfully unregistered new data callback for pattern: '^/?/bc-369/tx/[^/]+'
[2026-08-26 17:43:17][info][CRDTCallbackManager] Successfully unregistered deleted data callback for pattern: '^/?/bc-369/tx/[^/]+'
[2026-08-26 17:43:17][info][TransactionManager] [726dc27a - full: false] ~TransactionManager: Metrics — cert_fallback(success=0 failure=0) validation(approve=1 reject=0) tracking(insert=1 confirm=1 fail=0)
[2026-08-26 17:43:17][info][Blockchain] [726dc27a] Stopping blockchain
[2026-08-26 17:43:17][info][CRDTCallbackManager] Successfully unregistered new data callback for pattern: '/?gnus-genesis-block'
[2026-08-26 17:43:17][info][CRDTCallbackManager] Successfully unregistered new data callback for pattern: '/?gnus-account-creation-.*'
[2026-08-26 17:43:17][info][CRDTCallbackManager] Successfully unregistered new data callback for pattern: '/?gnus-validator-registry'
[2026-08-26 17:43:17.194253000][th:85111922][error] GossipPubSub Address monitoring timer error: Operation canceled
[2026-08-26 17:43:17][error][PubSubBroadcasterExt] No message to process
[2026-08-26 17:43:17][error][PubSubBroadcasterExt] No message to process
[2026-08-26 17:43:18][debug][GlobalDB] ~GlobalDB CALLED with count 6 on multi_node_finality_fault/restart-certificate-validator-one/rocksdb 
[2026-08-26 17:43:18][info][GlobalDB] GlobalDB shutdown start
[2026-08-26 17:43:18][info][CrdtDatastore] CancelAndCloseNow: begin (pending_jobs=1, self_queue=0, root_queue=0, pending_roots=0, active_root=false)
[2026-08-26 17:43:18][debug][GraphsyncDAGSyncer] Stopping Dagsyncer
[2026-08-26 17:43:18][debug][GraphsyncDAGSyncer] Dagsyncer Stopped
[2026-08-26 17:43:18][info][CrdtDatastore] CancelAndCloseNow: CRDT workers stopped
[2026-08-26 17:43:18][warning][CrdtDatastore] CancelAndCloseNow called but shutdown has already started
[2026-08-26 17:43:18][debug][GraphsyncDAGSyncer] ~GraphsyncDAGSyncer CALLED
[2026-08-26 17:43:18][info][GlobalDB] GlobalDB shutdown finished
[2026-08-26 17:43:18][info][KeyPairFileStorage] Path to keypairs multi_node_finality_fault/restart-certificate-validator-one/keypair
[2026-08-26 17:43:18][info][KeyPairFileStorage] Peer ID from public key: 12D3KooWAS9USQjkkCPHk5RN7p6LaXkTMcR2wzNEx1ZadhWfyS1p
Current limits: 16384 (soft), 9223372036854775807 (hard)
New limits set successfully: 16384 (soft), 9223372036854775807 (hard)
Initialized relay addresses
[2026-08-26 17:43:18.480983000][th:85111454][info] GossipPubSub /ip4/0.0.0.0/tcp/54611/p2p/12D3KooWAS9USQjkkCPHk5RN7p6LaXkTMcR2wzNEx1ZadhWfyS1p: Starting PubSub service
[2026-08-26 17:43:18.481038000][th:85112160][info] GossipPubSub Starting address monitoring system for mobile network changes
[2026-08-26 17:43:18.481042000][th:85112160][info] GossipPubSub === CURRENT NETWORK STATE ===
[2026-08-26 17:43:18.481050000][th:85112160][info] GossipPubSub Primary listening address: /ip4/0.0.0.0/tcp/54611/p2p/12D3KooWAS9USQjkkCPHk5RN7p6LaXkTMcR2wzNEx1ZadhWfyS1p
[2026-08-26 17:43:18.481053000][th:85112160][info] GossipPubSub Host peer info addresses (0):
[2026-08-26 17:43:18.481055000][th:85112160][info] GossipPubSub Additional addresses we track (0):
[2026-08-26 17:43:18.481058000][th:85112160][info] GossipPubSub Listening addresses (1):
[2026-08-26 17:43:18.481061000][th:85112160][info] GossipPubSub   -> /ip4/0.0.0.0/tcp/54611/p2p/12D3KooWAS9USQjkkCPHk5RN7p6LaXkTMcR2wzNEx1ZadhWfyS1p
[2026-08-26 17:43:18.481064000][th:85112160][info] GossipPubSub Interface addresses (0):
[2026-08-26 17:43:18.481066000][th:85112160][info] GossipPubSub === RAW OBSERVED ADDRESS DEBUG ===
[2026-08-26 17:43:18.481070000][th:85112160][info] GossipPubSub Local address: /ip4/0.0.0.0/tcp/54611/p2p/12D3KooWAS9USQjkkCPHk5RN7p6LaXkTMcR2wzNEx1ZadhWfyS1p -> 0 raw observed, 0 activated+confirmed
[2026-08-26 17:43:18.481073000][th:85112160][info] GossipPubSub TOTAL: 0 raw observed addresses, 0 activated+confirmed addresses
[2026-08-26 17:43:18.481075000][th:85112160][info] GossipPubSub === END RAW OBSERVED ADDRESS DEBUG ===
[2026-08-26 17:43:18.481077000][th:85112160][info] GossipPubSub Observed addresses - all (0):
[2026-08-26 17:43:18.481080000][th:85112160][info] GossipPubSub Observed addresses - confirmed only (0):
[2026-08-26 17:43:18.481082000][th:85112160][info] GossipPubSub Relay addresses (0):
[2026-08-26 17:43:18.481086000][th:85112160][warning] GossipPubSub Failed to get addresses from peer repository: not found
[2026-08-26 17:43:18.481115000][th:85112160][info] GossipPubSub Found 1 valid network interfaces
[2026-08-26 17:43:18.481117000][th:85112160][info] GossipPubSub Current network interfaces (1):
[2026-08-26 17:43:18.481119000][th:85112160][info] GossipPubSub   -> 192.168.1.6
[2026-08-26 17:43:18.481122000][th:85112160][info] GossipPubSub Active connections: 0
[2026-08-26 17:43:18.481124000][th:85112160][info] GossipPubSub === PEER CONNECTION DETAILS ===
[2026-08-26 17:43:18.481125000][th:85112160][info] GossipPubSub NOTE: Observed addresses need to be seen by 4+ different peer groups to become 'activated'
[2026-08-26 17:43:18.481128000][th:85112160][info] GossipPubSub NOTE: Current connections: 0, so max possible observers: 0
[2026-08-26 17:43:18.481129000][th:85112160][info] GossipPubSub === END PEER CONNECTION DETAILS ===
[2026-08-26 17:43:18.481131000][th:85112160][info] GossipPubSub Connection manager stats:
[2026-08-26 17:43:18.481133000][th:85112160][info] GossipPubSub   -> Max connections: 1000
[2026-08-26 17:43:18.481135000][th:85112160][info] GossipPubSub   -> Current connections: 0
[2026-08-26 17:43:18.481137000][th:85112160][info] GossipPubSub === END NETWORK STATE ===
[2026-08-26 17:43:18.481237000][th:85112160][info] GossipPubSub /ip4/0.0.0.0/tcp/54611/p2p/12D3KooWAS9USQjkkCPHk5RN7p6LaXkTMcR2wzNEx1ZadhWfyS1p : PubSub service started
[2026-08-26 17:43:18][info][GlobalDB] Opening database /Users/henriqueklein/gnus/SuperGenius/multi_node_finality_fault/restart-certificate-validator-one/rocksdb
[2026-08-26 17:43:18][debug][GraphsyncDAGSyncer] GraphSyncer created 4981119352 
[2026-08-26 17:43:18][info][CrdtDatastore] crdt Datastore created. Number of heads: 2 Current max-height: 18446744073709551615
[2026-08-26 17:43:18][info][GeniusAccount] Secure storage ID path: /Users/henriqueklein/gnus/SuperGenius/multi_node_finality_fault/restart-certificate-validator-one/account/secure_storage_id
[2026-08-26 17:43:18][info][GeniusAccount] Loaded public key from file: 726dc27a62a2424b... (length: 128)
[2026-08-26 17:43:18][info][GeniusAccount] Successfully loaded key_seed from storage
[2026-08-26 17:43:18][info][GeniusAccount] Validation successful: key_seed matches stored public key
[2026-08-26 17:43:18][warning][UTXOManager] Skipping malformed UTXO key /utxo-checkpoint/726dc27a62a2424bebf70b741ed227f2376c06e6aad0b14a8a8fbf7719c90321bcda377e85fefe425a03cae78f336387ebf8e7f123526021b1dd4498888fde4d/1
[2026-08-26 17:43:18][warning][UTXOManager] Skipping malformed UTXO key /utxo-checkpoint/726dc27a62a2424bebf70b741ed227f2376c06e6aad0b14a8a8fbf7719c90321bcda377e85fefe425a03cae78f336387ebf8e7f123526021b1dd4498888fde4d/latest
[2026-08-26 17:43:18][info][Blockchain] [726dc27a] Blockchain instance created with authorized full node: 8a33bdf1
[2026-08-26 17:43:18][info][ValidatorRegistry] InitializeCache: cache initialized with CID QmTpjGE8ESntQt1zEDH5wKzejhDieieGf3rX58Dw1DzEQt
[2026-08-26 17:43:18][info][CRDTCallbackManager] Successfully registered new data callback for pattern: '/?gnus-validator-registry'
[2026-08-26 17:43:18][info][ValidatorRegistry] RegisterFilter: result=true
[2026-08-26 17:43:18][info][ValidatorRegistry] New: instance ready
[2026-08-26 17:43:18.508545000][th:85112160][info] GossipPubSub /ip4/0.0.0.0/tcp/54611/p2p/12D3KooWAS9USQjkkCPHk5RN7p6LaXkTMcR2wzNEx1ZadhWfyS1p: PubSub subscribed to topic 'gnus-validator-registry.3.7.144'
[2026-08-26 17:43:18][info][CRDTCallbackManager] Successfully registered new data callback for pattern: '^/?cert/[^/]+'
[2026-08-26 17:43:18.508574000][th:85112160][info] GossipPubSub /ip4/0.0.0.0/tcp/54611/p2p/12D3KooWAS9USQjkkCPHk5RN7p6LaXkTMcR2wzNEx1ZadhWfyS1p: PubSub subscribed to topic 'consensus-channel-.3.7.144'
[2026-08-26 17:43:18.508596000][th:85112160][info] GossipPubSub /ip4/0.0.0.0/tcp/54611/p2p/12D3KooWAS9USQjkkCPHk5RN7p6LaXkTMcR2wzNEx1ZadhWfyS1p: PubSub subscribed to topic 'consensus-channel-.3.7.144#datastore.3.7.144'
[2026-08-26 17:43:18][info][CRDTCallbackManager] Successfully registered new data callback for pattern: '/?gnus-genesis-block'
[2026-08-26 17:43:18][info][CRDTCallbackManager] Successfully registered new data callback for pattern: '/?gnus-account-creation-.*'
[2026-08-26 17:43:18][info][CRDTCallbackManager] Successfully registered new data callback for pattern: '^/?/bc-144/tx/[^/]+'
[2026-08-26 17:43:18][info][CRDTCallbackManager] Successfully registered deleted data callback for pattern: '^/?/bc-144/tx/[^/]+'
[2026-08-26 17:43:18][info][CRDTCallbackManager] Successfully registered new data callback for pattern: '^/?/bc-963/tx/[^/]+'
[2026-08-26 17:43:18][info][CRDTCallbackManager] Successfully registered deleted data callback for pattern: '^/?/bc-963/tx/[^/]+'
[2026-08-26 17:43:18][info][CRDTCallbackManager] Successfully registered new data callback for pattern: '^/?/bc-369/tx/[^/]+'
[2026-08-26 17:43:18][info][CRDTCallbackManager] Successfully registered deleted data callback for pattern: '^/?/bc-369/tx/[^/]+'
[2026-08-26 17:43:18][info][CRDTCallbackManager] Successfully unregistered new data callback for pattern: '^/?/bc-144/tx/[^/]+'
[2026-08-26 17:43:18][info][CRDTCallbackManager] Successfully unregistered deleted data callback for pattern: '^/?/bc-144/tx/[^/]+'
[2026-08-26 17:43:18][info][CRDTCallbackManager] Successfully unregistered new data callback for pattern: '^/?/bc-963/tx/[^/]+'
[2026-08-26 17:43:18][info][CRDTCallbackManager] Successfully unregistered deleted data callback for pattern: '^/?/bc-963/tx/[^/]+'
[2026-08-26 17:43:18][info][CRDTCallbackManager] Successfully unregistered new data callback for pattern: '^/?/bc-369/tx/[^/]+'
[2026-08-26 17:43:18][info][CRDTCallbackManager] Successfully unregistered deleted data callback for pattern: '^/?/bc-369/tx/[^/]+'
[2026-08-26 17:43:18][info][TransactionManager] [2aaa7f07 - full: false] ~TransactionManager: Metrics — cert_fallback(success=1 failure=0) validation(approve=0 reject=0) tracking(insert=0 confirm=1 fail=0)
[2026-08-26 17:43:18][info][Blockchain] [2aaa7f07] Stopping blockchain
[2026-08-26 17:43:18][info][CRDTCallbackManager] Successfully unregistered new data callback for pattern: '/?gnus-genesis-block'
[2026-08-26 17:43:18][info][CRDTCallbackManager] Successfully unregistered new data callback for pattern: '/?gnus-account-creation-.*'
[2026-08-26 17:43:18][info][CRDTCallbackManager] Successfully unregistered new data callback for pattern: '/?gnus-validator-registry'
[2026-08-26 17:43:18.508767000][th:85112101][error] GossipPubSub Address monitoring timer error: Operation canceled
[2026-08-26 17:43:18][error][PubSubBroadcasterExt] No message to process
[2026-08-26 17:43:18][error][PubSubBroadcasterExt] No message to process
[2026-08-26 17:43:19][debug][GlobalDB] ~GlobalDB CALLED with count 6 on multi_node_finality_fault/restart-certificate-validator-two/rocksdb 
[2026-08-26 17:43:19][info][GlobalDB] GlobalDB shutdown start
[2026-08-26 17:43:19][info][CrdtDatastore] CancelAndCloseNow: begin (pending_jobs=0, self_queue=0, root_queue=0, pending_roots=0, active_root=false)
[2026-08-26 17:43:19][debug][GraphsyncDAGSyncer] Stopping Dagsyncer
[2026-08-26 17:43:19][debug][GraphsyncDAGSyncer] Dagsyncer Stopped
[2026-08-26 17:43:19][info][CrdtDatastore] CancelAndCloseNow: CRDT workers stopped
[2026-08-26 17:43:19][warning][CrdtDatastore] CancelAndCloseNow called but shutdown has already started
[2026-08-26 17:43:19][debug][GraphsyncDAGSyncer] ~GraphsyncDAGSyncer CALLED
[2026-08-26 17:43:19][info][GlobalDB] GlobalDB shutdown finished
[2026-08-26 17:43:19][info][KeyPairFileStorage] Path to keypairs multi_node_finality_fault/restart-certificate-validator-two/keypair
[2026-08-26 17:43:19][info][KeyPairFileStorage] Peer ID from public key: 12D3KooWHP9XQmeM9gUtmLpWxyBeKgshp97CbFPE1fWK18AqabrS
Current limits: 16384 (soft), 9223372036854775807 (hard)
New limits set successfully: 16384 (soft), 9223372036854775807 (hard)
Initialized relay addresses
[2026-08-26 17:43:19.550210000][th:85111454][info] GossipPubSub /ip4/0.0.0.0/tcp/54612/p2p/12D3KooWHP9XQmeM9gUtmLpWxyBeKgshp97CbFPE1fWK18AqabrS: Starting PubSub service
[2026-08-26 17:43:19.550264000][th:85112190][info] GossipPubSub Starting address monitoring system for mobile network changes
[2026-08-26 17:43:19.550268000][th:85112190][info] GossipPubSub === CURRENT NETWORK STATE ===
[2026-08-26 17:43:19.550277000][th:85112190][info] GossipPubSub Primary listening address: /ip4/0.0.0.0/tcp/54612/p2p/12D3KooWHP9XQmeM9gUtmLpWxyBeKgshp97CbFPE1fWK18AqabrS
[2026-08-26 17:43:19.550280000][th:85112190][info] GossipPubSub Host peer info addresses (0):
[2026-08-26 17:43:19.550282000][th:85112190][info] GossipPubSub Additional addresses we track (0):
[2026-08-26 17:43:19.550285000][th:85112190][info] GossipPubSub Listening addresses (1):
[2026-08-26 17:43:19.550288000][th:85112190][info] GossipPubSub   -> /ip4/0.0.0.0/tcp/54612/p2p/12D3KooWHP9XQmeM9gUtmLpWxyBeKgshp97CbFPE1fWK18AqabrS
[2026-08-26 17:43:19.550290000][th:85112190][info] GossipPubSub Interface addresses (0):
[2026-08-26 17:43:19.550293000][th:85112190][info] GossipPubSub === RAW OBSERVED ADDRESS DEBUG ===
[2026-08-26 17:43:19.550296000][th:85112190][info] GossipPubSub Local address: /ip4/0.0.0.0/tcp/54612/p2p/12D3KooWHP9XQmeM9gUtmLpWxyBeKgshp97CbFPE1fWK18AqabrS -> 0 raw observed, 0 activated+confirmed
[2026-08-26 17:43:19.550299000][th:85112190][info] GossipPubSub TOTAL: 0 raw observed addresses, 0 activated+confirmed addresses
[2026-08-26 17:43:19.550302000][th:85112190][info] GossipPubSub === END RAW OBSERVED ADDRESS DEBUG ===
[2026-08-26 17:43:19.550304000][th:85112190][info] GossipPubSub Observed addresses - all (0):
[2026-08-26 17:43:19.550307000][th:85112190][info] GossipPubSub Observed addresses - confirmed only (0):
[2026-08-26 17:43:19.550309000][th:85112190][info] GossipPubSub Relay addresses (0):
[2026-08-26 17:43:19.550312000][th:85112190][warning] GossipPubSub Failed to get addresses from peer repository: not found
[2026-08-26 17:43:19.550340000][th:85112190][info] GossipPubSub Found 1 valid network interfaces
[2026-08-26 17:43:19.550342000][th:85112190][info] GossipPubSub Current network interfaces (1):
[2026-08-26 17:43:19.550344000][th:85112190][info] GossipPubSub   -> 192.168.1.6
[2026-08-26 17:43:19.550347000][th:85112190][info] GossipPubSub Active connections: 0
[2026-08-26 17:43:19.550348000][th:85112190][info] GossipPubSub === PEER CONNECTION DETAILS ===
[2026-08-26 17:43:19.550350000][th:85112190][info] GossipPubSub NOTE: Observed addresses need to be seen by 4+ different peer groups to become 'activated'
[2026-08-26 17:43:19.550352000][th:85112190][info] GossipPubSub NOTE: Current connections: 0, so max possible observers: 0
[2026-08-26 17:43:19.550354000][th:85112190][info] GossipPubSub === END PEER CONNECTION DETAILS ===
[2026-08-26 17:43:19.550356000][th:85112190][info] GossipPubSub Connection manager stats:
[2026-08-26 17:43:19.550358000][th:85112190][info] GossipPubSub   -> Max connections: 1000
[2026-08-26 17:43:19.550360000][th:85112190][info] GossipPubSub   -> Current connections: 0
[2026-08-26 17:43:19.550362000][th:85112190][info] GossipPubSub === END NETWORK STATE ===
[2026-08-26 17:43:19.550457000][th:85112190][info] GossipPubSub /ip4/0.0.0.0/tcp/54612/p2p/12D3KooWHP9XQmeM9gUtmLpWxyBeKgshp97CbFPE1fWK18AqabrS : PubSub service started
[2026-08-26 17:43:19][info][GlobalDB] Opening database /Users/henriqueklein/gnus/SuperGenius/multi_node_finality_fault/restart-certificate-validator-two/rocksdb
[2026-08-26 17:43:19][debug][GraphsyncDAGSyncer] GraphSyncer created 4981897624 
[2026-08-26 17:43:19][info][CrdtDatastore] crdt Datastore created. Number of heads: 2 Current max-height: 18446744073709551615
[2026-08-26 17:43:19][info][GeniusAccount] Secure storage ID path: /Users/henriqueklein/gnus/SuperGenius/multi_node_finality_fault/restart-certificate-validator-two/account/secure_storage_id
[2026-08-26 17:43:19][info][GeniusAccount] Loaded public key from file: 2aaa7f073004aefe... (length: 128)
[2026-08-26 17:43:19][info][GeniusAccount] Successfully loaded key_seed from storage
[2026-08-26 17:43:19][info][GeniusAccount] Validation successful: key_seed matches stored public key
[2026-08-26 17:43:19][warning][UTXOManager] Skipping malformed UTXO key /utxo-checkpoint/2aaa7f073004aefebb6d0aad01557e5fbdf3961e060fa4b2fe309af94a28577840c8a7ed9f0caf342fff43f1ae22d1f6ec8aa621b6ec1b571589eaee907892ed/1
[2026-08-26 17:43:19][warning][UTXOManager] Skipping malformed UTXO key /utxo-checkpoint/2aaa7f073004aefebb6d0aad01557e5fbdf3961e060fa4b2fe309af94a28577840c8a7ed9f0caf342fff43f1ae22d1f6ec8aa621b6ec1b571589eaee907892ed/latest
[2026-08-26 17:43:19][info][Blockchain] [2aaa7f07] Blockchain instance created with authorized full node: 8a33bdf1
[2026-08-26 17:43:19][info][ValidatorRegistry] InitializeCache: cache initialized with CID QmTpjGE8ESntQt1zEDH5wKzejhDieieGf3rX58Dw1DzEQt
[2026-08-26 17:43:19][info][CRDTCallbackManager] Successfully registered new data callback for pattern: '/?gnus-validator-registry'
[2026-08-26 17:43:19][info][ValidatorRegistry] RegisterFilter: result=true
[2026-08-26 17:43:19][info][ValidatorRegistry] New: instance ready
[2026-08-26 17:43:19.572791000][th:85112190][info] GossipPubSub /ip4/0.0.0.0/tcp/54612/p2p/12D3KooWHP9XQmeM9gUtmLpWxyBeKgshp97CbFPE1fWK18AqabrS: PubSub subscribed to topic 'gnus-validator-registry.3.7.144'
[2026-08-26 17:43:19][info][CRDTCallbackManager] Successfully registered new data callback for pattern: '^/?cert/[^/]+'
[2026-08-26 17:43:19.572814000][th:85112190][info] GossipPubSub /ip4/0.0.0.0/tcp/54612/p2p/12D3KooWHP9XQmeM9gUtmLpWxyBeKgshp97CbFPE1fWK18AqabrS: PubSub subscribed to topic 'consensus-channel-.3.7.144'
[2026-08-26 17:43:19.572841000][th:85112190][info] GossipPubSub /ip4/0.0.0.0/tcp/54612/p2p/12D3KooWHP9XQmeM9gUtmLpWxyBeKgshp97CbFPE1fWK18AqabrS: PubSub subscribed to topic 'consensus-channel-.3.7.144#datastore.3.7.144'
[2026-08-26 17:43:19][info][CRDTCallbackManager] Successfully registered new data callback for pattern: '/?gnus-genesis-block'
[2026-08-26 17:43:19][info][CRDTCallbackManager] Successfully registered new data callback for pattern: '/?gnus-account-creation-.*'
[2026-08-26 17:43:19][info][CRDTCallbackManager] Successfully registered new data callback for pattern: '^/?/bc-144/tx/[^/]+'
[2026-08-26 17:43:19][info][CRDTCallbackManager] Successfully registered deleted data callback for pattern: '^/?/bc-144/tx/[^/]+'
[2026-08-26 17:43:19][info][CRDTCallbackManager] Successfully registered new data callback for pattern: '^/?/bc-963/tx/[^/]+'
[2026-08-26 17:43:19][info][CRDTCallbackManager] Successfully registered deleted data callback for pattern: '^/?/bc-963/tx/[^/]+'
[2026-08-26 17:43:19][info][CRDTCallbackManager] Successfully registered new data callback for pattern: '^/?/bc-369/tx/[^/]+'
[2026-08-26 17:43:19][info][CRDTCallbackManager] Successfully registered deleted data callback for pattern: '^/?/bc-369/tx/[^/]+'
[2026-08-26 17:43:19][info][CRDTCallbackManager] Successfully unregistered new data callback for pattern: '^/?/bc-144/tx/[^/]+'
[2026-08-26 17:43:19][info][CRDTCallbackManager] Successfully unregistered deleted data callback for pattern: '^/?/bc-144/tx/[^/]+'
[2026-08-26 17:43:19][info][CRDTCallbackManager] Successfully unregistered new data callback for pattern: '^/?/bc-963/tx/[^/]+'
[2026-08-26 17:43:19][info][CRDTCallbackManager] Successfully unregistered deleted data callback for pattern: '^/?/bc-963/tx/[^/]+'
[2026-08-26 17:43:19][info][CRDTCallbackManager] Successfully unregistered new data callback for pattern: '^/?/bc-369/tx/[^/]+'
[2026-08-26 17:43:19][info][CRDTCallbackManager] Successfully unregistered deleted data callback for pattern: '^/?/bc-369/tx/[^/]+'
[2026-08-26 17:43:19][info][TransactionManager] [d2f30b3b - full: false] ~TransactionManager: Metrics — cert_fallback(success=0 failure=0) validation(approve=1 reject=0) tracking(insert=1 confirm=1 fail=0)
[2026-08-26 17:43:19][info][Blockchain] [d2f30b3b] Stopping blockchain
[2026-08-26 17:43:19][info][CRDTCallbackManager] Successfully unregistered new data callback for pattern: '/?gnus-genesis-block'
[2026-08-26 17:43:19][info][CRDTCallbackManager] Successfully unregistered new data callback for pattern: '/?gnus-account-creation-.*'
[2026-08-26 17:43:19][info][CRDTCallbackManager] Successfully unregistered new data callback for pattern: '/?gnus-validator-registry'
[2026-08-26 17:43:19.575769000][th:85111968][error] GossipPubSub Address monitoring timer error: Operation canceled
[2026-08-26 17:43:19][error][PubSubBroadcasterExt] No message to process
[2026-08-26 17:43:19][error][PubSubBroadcasterExt] No message to process
[2026-08-26 17:43:20][debug][GlobalDB] ~GlobalDB CALLED with count 6 on multi_node_finality_fault/restart-certificate-validator-three/rocksdb 
[2026-08-26 17:43:20][info][GlobalDB] GlobalDB shutdown start
[2026-08-26 17:43:20][info][CrdtDatastore] CancelAndCloseNow: begin (pending_jobs=2, self_queue=0, root_queue=0, pending_roots=0, active_root=false)
[2026-08-26 17:43:20][debug][GraphsyncDAGSyncer] Stopping Dagsyncer
[2026-08-26 17:43:20][debug][GraphsyncDAGSyncer] Dagsyncer Stopped
[2026-08-26 17:43:21.039299000][th:85111497][info] GossipPubSub === Address Refresh Cycle Started ===
[2026-08-26 17:43:21.039420000][th:85111497][info] GossipPubSub Found 1 valid network interfaces
[2026-08-26 17:43:21.039509000][th:85111497][info] GossipPubSub   -> New interface address: /ip4/192.168.1.6/tcp/40001/p2p/12D3KooWFu76n4Kt7btLfV3q6asBowE7WTY5KwfN5no2F9T1pqiV
[2026-08-26 17:43:21.039548000][th:85111497][info] GossipPubSub Successfully refreshed 1 addresses with 10-minute TTL
[2026-08-26 17:43:21.039554000][th:85111497][info] GossipPubSub === Address Refresh Cycle Completed ===
[2026-08-26 17:43:21.039558000][th:85111497][info] GossipPubSub === CURRENT NETWORK STATE ===
[2026-08-26 17:43:21.039567000][th:85111497][info] GossipPubSub Primary listening address: /ip4/0.0.0.0/tcp/40001/p2p/12D3KooWFu76n4Kt7btLfV3q6asBowE7WTY5KwfN5no2F9T1pqiV
[2026-08-26 17:43:21.039600000][th:85111497][info] GossipPubSub Host peer info addresses (0):
[2026-08-26 17:43:21.039631000][th:85111497][info] GossipPubSub Additional addresses we track (1):
[2026-08-26 17:43:21.039636000][th:85111497][info] GossipPubSub   -> /ip4/192.168.1.6/tcp/40001/p2p/12D3KooWFu76n4Kt7btLfV3q6asBowE7WTY5KwfN5no2F9T1pqiV
[2026-08-26 17:43:21.039639000][th:85111497][info] GossipPubSub Listening addresses (1):
[2026-08-26 17:43:21.039642000][th:85111497][info] GossipPubSub   -> /ip4/0.0.0.0/tcp/40001/p2p/12D3KooWFu76n4Kt7btLfV3q6asBowE7WTY5KwfN5no2F9T1pqiV
[2026-08-26 17:43:21.039644000][th:85111497][info] GossipPubSub Interface addresses (0):
[2026-08-26 17:43:21.039646000][th:85111497][info] GossipPubSub === RAW OBSERVED ADDRESS DEBUG ===
[2026-08-26 17:43:21.039650000][th:85111497][info] GossipPubSub Local address: /ip4/0.0.0.0/tcp/40001/p2p/12D3KooWFu76n4Kt7btLfV3q6asBowE7WTY5KwfN5no2F9T1pqiV -> 0 raw observed, 0 activated+confirmed
[2026-08-26 17:43:21.039652000][th:85111497][info] GossipPubSub TOTAL: 0 raw observed addresses, 0 activated+confirmed addresses
[2026-08-26 17:43:21.039655000][th:85111497][info] GossipPubSub === END RAW OBSERVED ADDRESS DEBUG ===
[2026-08-26 17:43:21.039657000][th:85111497][info] GossipPubSub Observed addresses - all (0):
[2026-08-26 17:43:21.039659000][th:85111497][info] GossipPubSub Observed addresses - confirmed only (0):
[2026-08-26 17:43:21.039661000][th:85111497][info] GossipPubSub Relay addresses (0):
[2026-08-26 17:43:21.039680000][th:85111497][info] GossipPubSub Peer repository addresses (1):
[2026-08-26 17:43:21.039683000][th:85111497][info] GossipPubSub   -> /ip4/192.168.1.6/tcp/40001/p2p/12D3KooWFu76n4Kt7btLfV3q6asBowE7WTY5KwfN5no2F9T1pqiV
[2026-08-26 17:43:21.039716000][th:85111497][info] GossipPubSub Found 1 valid network interfaces
[2026-08-26 17:43:21.039718000][th:85111497][info] GossipPubSub Current network interfaces (1):
[2026-08-26 17:43:21.039721000][th:85111497][info] GossipPubSub   -> 192.168.1.6
[2026-08-26 17:43:21.039723000][th:85111497][info] GossipPubSub Active connections: 0
[2026-08-26 17:43:21.039725000][th:85111497][info] GossipPubSub === PEER CONNECTION DETAILS ===
[2026-08-26 17:43:21.039727000][th:85111497][info] GossipPubSub NOTE: Observed addresses need to be seen by 4+ different peer groups to become 'activated'
[2026-08-26 17:43:21.039729000][th:85111497][info] GossipPubSub NOTE: Current connections: 0, so max possible observers: 0
[2026-08-26 17:43:21.039731000][th:85111497][info] GossipPubSub === END PEER CONNECTION DETAILS ===
[2026-08-26 17:43:21.039733000][th:85111497][info] GossipPubSub Connection manager stats:
[2026-08-26 17:43:21.039736000][th:85111497][info] GossipPubSub   -> Max connections: 1000
[2026-08-26 17:43:21.039738000][th:85111497][info] GossipPubSub   -> Current connections: 0
[2026-08-26 17:43:21.039740000][th:85111497][info] GossipPubSub === END NETWORK STATE ===
[2026-08-26 17:43:21][info][CrdtDatastore] CancelAndCloseNow: CRDT workers stopped
[2026-08-26 17:43:21][warning][CrdtDatastore] CancelAndCloseNow called but shutdown has already started
[2026-08-26 17:43:21][debug][GraphsyncDAGSyncer] ~GraphsyncDAGSyncer CALLED
[2026-08-26 17:43:21][info][GlobalDB] GlobalDB shutdown finished
[2026-08-26 17:43:21][info][KeyPairFileStorage] Path to keypairs multi_node_finality_fault/restart-certificate-validator-three/keypair
[2026-08-26 17:43:21][info][KeyPairFileStorage] Peer ID from public key: 12D3KooWPTsv3JkHGrKwqWKkU7Eq2nLSJU9Dmt8PgURj2wJLxjfD
Current limits: 16384 (soft), 9223372036854775807 (hard)
New limits set successfully: 16384 (soft), 9223372036854775807 (hard)
Initialized relay addresses
[2026-08-26 17:43:21.073954000][th:85111454][info] GossipPubSub /ip4/0.0.0.0/tcp/54613/p2p/12D3KooWPTsv3JkHGrKwqWKkU7Eq2nLSJU9Dmt8PgURj2wJLxjfD: Starting PubSub service
[2026-08-26 17:43:21.074005000][th:85112253][info] GossipPubSub Starting address monitoring system for mobile network changes
[2026-08-26 17:43:21.074009000][th:85112253][info] GossipPubSub === CURRENT NETWORK STATE ===
[2026-08-26 17:43:21.074016000][th:85112253][info] GossipPubSub Primary listening address: /ip4/0.0.0.0/tcp/54613/p2p/12D3KooWPTsv3JkHGrKwqWKkU7Eq2nLSJU9Dmt8PgURj2wJLxjfD
[2026-08-26 17:43:21.074019000][th:85112253][info] GossipPubSub Host peer info addresses (0):
[2026-08-26 17:43:21.074022000][th:85112253][info] GossipPubSub Additional addresses we track (0):
[2026-08-26 17:43:21.074024000][th:85112253][info] GossipPubSub Listening addresses (1):
[2026-08-26 17:43:21.074027000][th:85112253][info] GossipPubSub   -> /ip4/0.0.0.0/tcp/54613/p2p/12D3KooWPTsv3JkHGrKwqWKkU7Eq2nLSJU9Dmt8PgURj2wJLxjfD
[2026-08-26 17:43:21.074030000][th:85112253][info] GossipPubSub Interface addresses (0):
[2026-08-26 17:43:21.074032000][th:85112253][info] GossipPubSub === RAW OBSERVED ADDRESS DEBUG ===
[2026-08-26 17:43:21.074035000][th:85112253][info] GossipPubSub Local address: /ip4/0.0.0.0/tcp/54613/p2p/12D3KooWPTsv3JkHGrKwqWKkU7Eq2nLSJU9Dmt8PgURj2wJLxjfD -> 0 raw observed, 0 activated+confirmed
[2026-08-26 17:43:21.074039000][th:85112253][info] GossipPubSub TOTAL: 0 raw observed addresses, 0 activated+confirmed addresses
[2026-08-26 17:43:21.074041000][th:85112253][info] GossipPubSub === END RAW OBSERVED ADDRESS DEBUG ===
[2026-08-26 17:43:21.074043000][th:85112253][info] GossipPubSub Observed addresses - all (0):
[2026-08-26 17:43:21.074046000][th:85112253][info] GossipPubSub Observed addresses - confirmed only (0):
[2026-08-26 17:43:21.074048000][th:85112253][info] GossipPubSub Relay addresses (0):
[2026-08-26 17:43:21.074063000][th:85112253][warning] GossipPubSub Failed to get addresses from peer repository: not found
[2026-08-26 17:43:21.074090000][th:85112253][info] GossipPubSub Found 1 valid network interfaces
[2026-08-26 17:43:21.074092000][th:85112253][info] GossipPubSub Current network interfaces (1):
[2026-08-26 17:43:21.074093000][th:85112253][info] GossipPubSub   -> 192.168.1.6
[2026-08-26 17:43:21.074095000][th:85112253][info] GossipPubSub Active connections: 0
[2026-08-26 17:43:21.074096000][th:85112253][info] GossipPubSub === PEER CONNECTION DETAILS ===
[2026-08-26 17:43:21.074098000][th:85112253][info] GossipPubSub NOTE: Observed addresses need to be seen by 4+ different peer groups to become 'activated'
[2026-08-26 17:43:21.074099000][th:85112253][info] GossipPubSub NOTE: Current connections: 0, so max possible observers: 0
[2026-08-26 17:43:21.074100000][th:85112253][info] GossipPubSub === END PEER CONNECTION DETAILS ===
[2026-08-26 17:43:21.074102000][th:85112253][info] GossipPubSub Connection manager stats:
[2026-08-26 17:43:21.074103000][th:85112253][info] GossipPubSub   -> Max connections: 1000
[2026-08-26 17:43:21.074104000][th:85112253][info] GossipPubSub   -> Current connections: 0
[2026-08-26 17:43:21.074106000][th:85112253][info] GossipPubSub === END NETWORK STATE ===
[2026-08-26 17:43:21.074205000][th:85112253][info] GossipPubSub /ip4/0.0.0.0/tcp/54613/p2p/12D3KooWPTsv3JkHGrKwqWKkU7Eq2nLSJU9Dmt8PgURj2wJLxjfD : PubSub service started
[2026-08-26 17:43:21][info][GlobalDB] Opening database /Users/henriqueklein/gnus/SuperGenius/multi_node_finality_fault/restart-certificate-validator-three/rocksdb
[2026-08-26 17:43:21][debug][GraphsyncDAGSyncer] GraphSyncer created 5000954264 
[2026-08-26 17:43:21][info][CrdtDatastore] crdt Datastore created. Number of heads: 2 Current max-height: 18446744073709551615
[2026-08-26 17:43:21][info][GeniusAccount] Secure storage ID path: /Users/henriqueklein/gnus/SuperGenius/multi_node_finality_fault/restart-certificate-validator-three/account/secure_storage_id
[2026-08-26 17:43:21][info][GeniusAccount] Loaded public key from file: d2f30b3b35bd5095... (length: 128)
[2026-08-26 17:43:21][info][GeniusAccount] Successfully loaded key_seed from storage
[2026-08-26 17:43:21][info][GeniusAccount] Validation successful: key_seed matches stored public key
[2026-08-26 17:43:21][warning][UTXOManager] Skipping malformed UTXO key /utxo-checkpoint/d2f30b3b35bd5095b0cc31e7ee440f108411db1d4d44348cdf8b0b78343b2ee80669c1cec6deebc0a21e70ddd0437fb42ad02008d26f78665b11f413da4ef42b/1
[2026-08-26 17:43:21][warning][UTXOManager] Skipping malformed UTXO key /utxo-checkpoint/d2f30b3b35bd5095b0cc31e7ee440f108411db1d4d44348cdf8b0b78343b2ee80669c1cec6deebc0a21e70ddd0437fb42ad02008d26f78665b11f413da4ef42b/latest
[2026-08-26 17:43:21][info][Blockchain] [d2f30b3b] Blockchain instance created with authorized full node: 8a33bdf1
[2026-08-26 17:43:21][info][ValidatorRegistry] InitializeCache: cache initialized with CID QmTpjGE8ESntQt1zEDH5wKzejhDieieGf3rX58Dw1DzEQt
[2026-08-26 17:43:21][info][CRDTCallbackManager] Successfully registered new data callback for pattern: '/?gnus-validator-registry'
[2026-08-26 17:43:21][info][ValidatorRegistry] RegisterFilter: result=true
[2026-08-26 17:43:21][info][ValidatorRegistry] New: instance ready
[2026-08-26 17:43:21.100561000][th:85112253][info] GossipPubSub /ip4/0.0.0.0/tcp/54613/p2p/12D3KooWPTsv3JkHGrKwqWKkU7Eq2nLSJU9Dmt8PgURj2wJLxjfD: PubSub subscribed to topic 'gnus-validator-registry.3.7.144'
[2026-08-26 17:43:21][info][CRDTCallbackManager] Successfully registered new data callback for pattern: '^/?cert/[^/]+'
[2026-08-26 17:43:21.100588000][th:85112253][info] GossipPubSub /ip4/0.0.0.0/tcp/54613/p2p/12D3KooWPTsv3JkHGrKwqWKkU7Eq2nLSJU9Dmt8PgURj2wJLxjfD: PubSub subscribed to topic 'consensus-channel-.3.7.144'
[2026-08-26 17:43:21][info][CRDTCallbackManager] Successfully registered new data callback for pattern: '/?gnus-genesis-block'
[2026-08-26 17:43:21][info][CRDTCallbackManager] Successfully registered new data callback for pattern: '/?gnus-account-creation-.*'
[2026-08-26 17:43:21][info][CRDTCallbackManager] Successfully registered new data callback for pattern: '^/?/bc-144/tx/[^/]+'
[2026-08-26 17:43:21][info][CRDTCallbackManager] Successfully registered deleted data callback for pattern: '^/?/bc-144/tx/[^/]+'
[2026-08-26 17:43:21][info][CRDTCallbackManager] Successfully registered new data callback for pattern: '^/?/bc-963/tx/[^/]+'
[2026-08-26 17:43:21][info][CRDTCallbackManager] Successfully registered deleted data callback for pattern: '^/?/bc-963/tx/[^/]+'
[2026-08-26 17:43:21.100650000][th:85112253][info] GossipPubSub /ip4/0.0.0.0/tcp/54613/p2p/12D3KooWPTsv3JkHGrKwqWKkU7Eq2nLSJU9Dmt8PgURj2wJLxjfD: PubSub subscribed to topic 'consensus-channel-.3.7.144#datastore.3.7.144'
[2026-08-26 17:43:21][info][CRDTCallbackManager] Successfully registered new data callback for pattern: '^/?/bc-369/tx/[^/]+'
[2026-08-26 17:43:21][info][CRDTCallbackManager] Successfully registered deleted data callback for pattern: '^/?/bc-369/tx/[^/]+'
[2026-08-26 17:43:21][info][CRDTCallbackManager] Successfully unregistered new data callback for pattern: '^/?/bc-144/tx/[^/]+'
[2026-08-26 17:43:21][info][CRDTCallbackManager] Successfully unregistered deleted data callback for pattern: '^/?/bc-144/tx/[^/]+'
[2026-08-26 17:43:21][info][CRDTCallbackManager] Successfully unregistered new data callback for pattern: '^/?/bc-963/tx/[^/]+'
[2026-08-26 17:43:21][info][CRDTCallbackManager] Successfully unregistered deleted data callback for pattern: '^/?/bc-963/tx/[^/]+'
[2026-08-26 17:43:21][info][CRDTCallbackManager] Successfully unregistered new data callback for pattern: '^/?/bc-369/tx/[^/]+'
[2026-08-26 17:43:21][info][CRDTCallbackManager] Successfully unregistered deleted data callback for pattern: '^/?/bc-369/tx/[^/]+'
[2026-08-26 17:43:21][info][TransactionManager] [35973f8e - full: false] ~TransactionManager: Metrics — cert_fallback(success=0 failure=0) validation(approve=1 reject=0) tracking(insert=1 confirm=1 fail=0)
[2026-08-26 17:43:21][info][Blockchain] [35973f8e] Stopping blockchain
[2026-08-26 17:43:21][info][CRDTCallbackManager] Successfully unregistered new data callback for pattern: '/?gnus-genesis-block'
[2026-08-26 17:43:21][info][CRDTCallbackManager] Successfully unregistered new data callback for pattern: '/?gnus-account-creation-.*'
[2026-08-26 17:43:21][info][CRDTCallbackManager] Successfully unregistered new data callback for pattern: '/?gnus-validator-registry'
[2026-08-26 17:43:21.100774000][th:85111989][error] GossipPubSub Address monitoring timer error: Operation canceled
[2026-08-26 17:43:21][error][PubSubBroadcasterExt] No message to process
[2026-08-26 17:43:21][error][PubSubBroadcasterExt] No message to process
[2026-08-26 17:43:22][debug][GlobalDB] ~GlobalDB CALLED with count 6 on multi_node_finality_fault/restart-certificate-passive/rocksdb 
[2026-08-26 17:43:22][info][GlobalDB] GlobalDB shutdown start
[2026-08-26 17:43:22][info][CrdtDatastore] CancelAndCloseNow: begin (pending_jobs=2, self_queue=0, root_queue=0, pending_roots=0, active_root=false)
[2026-08-26 17:43:22][debug][GraphsyncDAGSyncer] Stopping Dagsyncer
[2026-08-26 17:43:22][debug][GraphsyncDAGSyncer] Dagsyncer Stopped
[2026-08-26 17:43:22][info][CrdtDatastore] CancelAndCloseNow: CRDT workers stopped
[2026-08-26 17:43:22][warning][CrdtDatastore] CancelAndCloseNow called but shutdown has already started
[2026-08-26 17:43:22][debug][GraphsyncDAGSyncer] ~GraphsyncDAGSyncer CALLED
[2026-08-26 17:43:22][info][GlobalDB] GlobalDB shutdown finished
[2026-08-26 17:43:22][info][KeyPairFileStorage] Path to keypairs multi_node_finality_fault/restart-certificate-passive/keypair
[2026-08-26 17:43:22][info][KeyPairFileStorage] Peer ID from public key: 12D3KooWAJsLq1n1JRYTSPLVbf4Mryawrg8DirqvuqXY6rCzMRLd
Current limits: 16384 (soft), 9223372036854775807 (hard)
New limits set successfully: 16384 (soft), 9223372036854775807 (hard)
Initialized relay addresses
[2026-08-26 17:43:22.604450000][th:85111454][info] GossipPubSub /ip4/0.0.0.0/tcp/54614/p2p/12D3KooWAJsLq1n1JRYTSPLVbf4Mryawrg8DirqvuqXY6rCzMRLd: Starting PubSub service
[2026-08-26 17:43:22.604503000][th:85112296][info] GossipPubSub Starting address monitoring system for mobile network changes
[2026-08-26 17:43:22.604506000][th:85112296][info] GossipPubSub === CURRENT NETWORK STATE ===
[2026-08-26 17:43:22.604514000][th:85112296][info] GossipPubSub Primary listening address: /ip4/0.0.0.0/tcp/54614/p2p/12D3KooWAJsLq1n1JRYTSPLVbf4Mryawrg8DirqvuqXY6rCzMRLd
[2026-08-26 17:43:22.604516000][th:85112296][info] GossipPubSub Host peer info addresses (0):
[2026-08-26 17:43:22.604518000][th:85112296][info] GossipPubSub Additional addresses we track (0):
[2026-08-26 17:43:22.604520000][th:85112296][info] GossipPubSub Listening addresses (1):
[2026-08-26 17:43:22.604522000][th:85112296][info] GossipPubSub   -> /ip4/0.0.0.0/tcp/54614/p2p/12D3KooWAJsLq1n1JRYTSPLVbf4Mryawrg8DirqvuqXY6rCzMRLd
[2026-08-26 17:43:22.604524000][th:85112296][info] GossipPubSub Interface addresses (0):
[2026-08-26 17:43:22.604526000][th:85112296][info] GossipPubSub === RAW OBSERVED ADDRESS DEBUG ===
[2026-08-26 17:43:22.604528000][th:85112296][info] GossipPubSub Local address: /ip4/0.0.0.0/tcp/54614/p2p/12D3KooWAJsLq1n1JRYTSPLVbf4Mryawrg8DirqvuqXY6rCzMRLd -> 0 raw observed, 0 activated+confirmed
[2026-08-26 17:43:22.604531000][th:85112296][info] GossipPubSub TOTAL: 0 raw observed addresses, 0 activated+confirmed addresses
[2026-08-26 17:43:22.604532000][th:85112296][info] GossipPubSub === END RAW OBSERVED ADDRESS DEBUG ===
[2026-08-26 17:43:22.604534000][th:85112296][info] GossipPubSub Observed addresses - all (0):
[2026-08-26 17:43:22.604536000][th:85112296][info] GossipPubSub Observed addresses - confirmed only (0):
[2026-08-26 17:43:22.604538000][th:85112296][info] GossipPubSub Relay addresses (0):
[2026-08-26 17:43:22.604540000][th:85112296][warning] GossipPubSub Failed to get addresses from peer repository: not found
[2026-08-26 17:43:22.604570000][th:85112296][info] GossipPubSub Found 1 valid network interfaces
[2026-08-26 17:43:22.604571000][th:85112296][info] GossipPubSub Current network interfaces (1):
[2026-08-26 17:43:22.604573000][th:85112296][info] GossipPubSub   -> 192.168.1.6
[2026-08-26 17:43:22.604575000][th:85112296][info] GossipPubSub Active connections: 0
[2026-08-26 17:43:22.604576000][th:85112296][info] GossipPubSub === PEER CONNECTION DETAILS ===
[2026-08-26 17:43:22.604577000][th:85112296][info] GossipPubSub NOTE: Observed addresses need to be seen by 4+ different peer groups to become 'activated'
[2026-08-26 17:43:22.604579000][th:85112296][info] GossipPubSub NOTE: Current connections: 0, so max possible observers: 0
[2026-08-26 17:43:22.604580000][th:85112296][info] GossipPubSub === END PEER CONNECTION DETAILS ===
[2026-08-26 17:43:22.604581000][th:85112296][info] GossipPubSub Connection manager stats:
[2026-08-26 17:43:22.604582000][th:85112296][info] GossipPubSub   -> Max connections: 1000
[2026-08-26 17:43:22.604584000][th:85112296][info] GossipPubSub   -> Current connections: 0
[2026-08-26 17:43:22.604585000][th:85112296][info] GossipPubSub === END NETWORK STATE ===
[2026-08-26 17:43:22.604692000][th:85112296][info] GossipPubSub /ip4/0.0.0.0/tcp/54614/p2p/12D3KooWAJsLq1n1JRYTSPLVbf4Mryawrg8DirqvuqXY6rCzMRLd : PubSub service started
[2026-08-26 17:43:22][info][GlobalDB] Opening database /Users/henriqueklein/gnus/SuperGenius/multi_node_finality_fault/restart-certificate-passive/rocksdb
[2026-08-26 17:43:22][debug][GraphsyncDAGSyncer] GraphSyncer created 4981059688 
[2026-08-26 17:43:22][info][CrdtDatastore] crdt Datastore created. Number of heads: 2 Current max-height: 18446744073709551615
[2026-08-26 17:43:22][info][GeniusAccount] Secure storage ID path: /Users/henriqueklein/gnus/SuperGenius/multi_node_finality_fault/restart-certificate-passive/account/secure_storage_id
[2026-08-26 17:43:22][info][GeniusAccount] Loaded public key from file: 35973f8eaa340a9f... (length: 128)
[2026-08-26 17:43:22][info][GeniusAccount] Successfully loaded key_seed from storage
[2026-08-26 17:43:22][info][GeniusAccount] Validation successful: key_seed matches stored public key
[2026-08-26 17:43:22][warning][UTXOManager] Skipping malformed UTXO key /utxo-checkpoint/35973f8eaa340a9fa1189eaeb289c9d36ff642c9cf427e68d7a1b110d00e9108469ee0b3a0f797d8eb979bf928a44e588c5f31a145d3f3c7127ff996d0f7fd76/1
[2026-08-26 17:43:22][warning][UTXOManager] Skipping malformed UTXO key /utxo-checkpoint/35973f8eaa340a9fa1189eaeb289c9d36ff642c9cf427e68d7a1b110d00e9108469ee0b3a0f797d8eb979bf928a44e588c5f31a145d3f3c7127ff996d0f7fd76/latest
[2026-08-26 17:43:22][info][Blockchain] [35973f8e] Blockchain instance created with authorized full node: 8a33bdf1
[2026-08-26 17:43:22][info][ValidatorRegistry] InitializeCache: cache initialized with CID QmTpjGE8ESntQt1zEDH5wKzejhDieieGf3rX58Dw1DzEQt
[2026-08-26 17:43:22][info][CRDTCallbackManager] Successfully registered new data callback for pattern: '/?gnus-validator-registry'
[2026-08-26 17:43:22][info][ValidatorRegistry] RegisterFilter: result=true
[2026-08-26 17:43:22][info][ValidatorRegistry] New: instance ready
[2026-08-26 17:43:22.632787000][th:85112296][info] GossipPubSub /ip4/0.0.0.0/tcp/54614/p2p/12D3KooWAJsLq1n1JRYTSPLVbf4Mryawrg8DirqvuqXY6rCzMRLd: PubSub subscribed to topic 'gnus-validator-registry.3.7.144'
[2026-08-26 17:43:22][info][CRDTCallbackManager] Successfully registered new data callback for pattern: '^/?cert/[^/]+'
[2026-08-26 17:43:22.632808000][th:85112296][info] GossipPubSub /ip4/0.0.0.0/tcp/54614/p2p/12D3KooWAJsLq1n1JRYTSPLVbf4Mryawrg8DirqvuqXY6rCzMRLd: PubSub subscribed to topic 'consensus-channel-.3.7.144'
[2026-08-26 17:43:22.632826000][th:85112296][info] GossipPubSub /ip4/0.0.0.0/tcp/54614/p2p/12D3KooWAJsLq1n1JRYTSPLVbf4Mryawrg8DirqvuqXY6rCzMRLd: PubSub subscribed to topic 'consensus-channel-.3.7.144#datastore.3.7.144'
[2026-08-26 17:43:22][info][CRDTCallbackManager] Successfully registered new data callback for pattern: '/?gnus-genesis-block'
[2026-08-26 17:43:22][info][CRDTCallbackManager] Successfully registered new data callback for pattern: '/?gnus-account-creation-.*'
[2026-08-26 17:43:22][info][CRDTCallbackManager] Successfully registered new data callback for pattern: '^/?/bc-144/tx/[^/]+'
[2026-08-26 17:43:22][info][CRDTCallbackManager] Successfully registered deleted data callback for pattern: '^/?/bc-144/tx/[^/]+'
[2026-08-26 17:43:22][info][CRDTCallbackManager] Successfully registered new data callback for pattern: '^/?/bc-963/tx/[^/]+'
[2026-08-26 17:43:22][info][CRDTCallbackManager] Successfully registered deleted data callback for pattern: '^/?/bc-963/tx/[^/]+'
[2026-08-26 17:43:22][info][CRDTCallbackManager] Successfully registered new data callback for pattern: '^/?/bc-369/tx/[^/]+'
[2026-08-26 17:43:22][info][CRDTCallbackManager] Successfully registered deleted data callback for pattern: '^/?/bc-369/tx/[^/]+'
[2026-08-26 17:43:22.632945000][th:85112160][info] GossipPubSub Adding new peer: 12D3KooWHP9XQmeM9gUtmLpWxyBeKgshp97CbFPE1fWK18AqabrS
[2026-08-26 17:43:22.632981000][th:85112160][info] GossipPubSub Adding new peer: 12D3KooWPTsv3JkHGrKwqWKkU7Eq2nLSJU9Dmt8PgURj2wJLxjfD
[2026-08-26 17:43:22.633016000][th:85112160][info] GossipPubSub Adding new peer: 12D3KooWAJsLq1n1JRYTSPLVbf4Mryawrg8DirqvuqXY6rCzMRLd
[2026-08-26 17:43:22.633052000][th:85112190][info] GossipPubSub Adding new peer: 12D3KooWAS9USQjkkCPHk5RN7p6LaXkTMcR2wzNEx1ZadhWfyS1p
[2026-08-26 17:43:22.633084000][th:85112190][info] GossipPubSub Adding new peer: 12D3KooWPTsv3JkHGrKwqWKkU7Eq2nLSJU9Dmt8PgURj2wJLxjfD
[2026-08-26 17:43:22.633116000][th:85112190][info] GossipPubSub Adding new peer: 12D3KooWAJsLq1n1JRYTSPLVbf4Mryawrg8DirqvuqXY6rCzMRLd
[2026-08-26 17:43:22.633151000][th:85112253][info] GossipPubSub Adding new peer: 12D3KooWAS9USQjkkCPHk5RN7p6LaXkTMcR2wzNEx1ZadhWfyS1p
[2026-08-26 17:43:22.633182000][th:85112253][info] GossipPubSub Adding new peer: 12D3KooWHP9XQmeM9gUtmLpWxyBeKgshp97CbFPE1fWK18AqabrS
[2026-08-26 17:43:22.633216000][th:85112253][info] GossipPubSub Adding new peer: 12D3KooWAJsLq1n1JRYTSPLVbf4Mryawrg8DirqvuqXY6rCzMRLd
[2026-08-26 17:43:22.633247000][th:85112296][info] GossipPubSub Adding new peer: 12D3KooWAS9USQjkkCPHk5RN7p6LaXkTMcR2wzNEx1ZadhWfyS1p
[2026-08-26 17:43:22.633279000][th:85112296][info] GossipPubSub Adding new peer: 12D3KooWHP9XQmeM9gUtmLpWxyBeKgshp97CbFPE1fWK18AqabrS
[2026-08-26 17:43:22.633311000][th:85112296][info] GossipPubSub Adding new peer: 12D3KooWPTsv3JkHGrKwqWKkU7Eq2nLSJU9Dmt8PgURj2wJLxjfD
[2026-08-26 17:43:22][info][CRDTCallbackManager] Successfully unregistered new data callback for pattern: '^/?/bc-144/tx/[^/]+'
[2026-08-26 17:43:22][info][CRDTCallbackManager] Successfully unregistered deleted data callback for pattern: '^/?/bc-144/tx/[^/]+'
[2026-08-26 17:43:22][info][CRDTCallbackManager] Successfully unregistered new data callback for pattern: '^/?/bc-963/tx/[^/]+'
[2026-08-26 17:43:22][info][CRDTCallbackManager] Successfully unregistered deleted data callback for pattern: '^/?/bc-963/tx/[^/]+'
[2026-08-26 17:43:22][info][CRDTCallbackManager] Successfully unregistered new data callback for pattern: '^/?/bc-369/tx/[^/]+'
[2026-08-26 17:43:22][info][CRDTCallbackManager] Successfully unregistered deleted data callback for pattern: '^/?/bc-369/tx/[^/]+'
[2026-08-26 17:43:22][info][TransactionManager] [726dc27a - full: false] ~TransactionManager: Metrics — cert_fallback(success=0 failure=0) validation(approve=0 reject=0) tracking(insert=0 confirm=0 fail=0)
[2026-08-26 17:43:22][info][Blockchain] [726dc27a] Stopping blockchain
[2026-08-26 17:43:22][info][CRDTCallbackManager] Successfully unregistered new data callback for pattern: '/?gnus-genesis-block'
[2026-08-26 17:43:22][info][CRDTCallbackManager] Successfully unregistered new data callback for pattern: '/?gnus-account-creation-.*'
[2026-08-26 17:43:22][info][CRDTCallbackManager] Successfully unregistered new data callback for pattern: '/?gnus-validator-registry'
[2026-08-26 17:43:22.735929000][th:85112160][error] GossipPubSub Address monitoring timer error: Operation canceled
[2026-08-26 17:43:22][error][PubSubBroadcasterExt] No message to process
[2026-08-26 17:43:22][error][PubSubBroadcasterExt] No message to process
[2026-08-26 17:43:23][debug][GlobalDB] ~GlobalDB CALLED with count 6 on multi_node_finality_fault/restart-certificate-validator-one/rocksdb 
[2026-08-26 17:43:23][info][GlobalDB] GlobalDB shutdown start
[2026-08-26 17:43:23][info][CrdtDatastore] CancelAndCloseNow: begin (pending_jobs=0, self_queue=0, root_queue=0, pending_roots=0, active_root=false)
[2026-08-26 17:43:23][debug][GraphsyncDAGSyncer] Stopping Dagsyncer
[2026-08-26 17:43:23][debug][GraphsyncDAGSyncer] Dagsyncer Stopped
[2026-08-26 17:43:24][info][CrdtDatastore] CancelAndCloseNow: CRDT workers stopped
[2026-08-26 17:43:24][warning][CrdtDatastore] CancelAndCloseNow called but shutdown has already started
[2026-08-26 17:43:24][debug][GraphsyncDAGSyncer] ~GraphsyncDAGSyncer CALLED
[2026-08-26 17:43:24][info][GlobalDB] GlobalDB shutdown finished
[2026-08-26 17:43:24][info][CRDTCallbackManager] Successfully unregistered new data callback for pattern: '^/?/bc-144/tx/[^/]+'
[2026-08-26 17:43:24][info][CRDTCallbackManager] Successfully unregistered deleted data callback for pattern: '^/?/bc-144/tx/[^/]+'
[2026-08-26 17:43:24][info][CRDTCallbackManager] Successfully unregistered new data callback for pattern: '^/?/bc-963/tx/[^/]+'
[2026-08-26 17:43:24][info][CRDTCallbackManager] Successfully unregistered deleted data callback for pattern: '^/?/bc-963/tx/[^/]+'
[2026-08-26 17:43:24][info][CRDTCallbackManager] Successfully unregistered new data callback for pattern: '^/?/bc-369/tx/[^/]+'
[2026-08-26 17:43:24][info][CRDTCallbackManager] Successfully unregistered deleted data callback for pattern: '^/?/bc-369/tx/[^/]+'
[2026-08-26 17:43:24][info][TransactionManager] [2aaa7f07 - full: false] ~TransactionManager: Metrics — cert_fallback(success=0 failure=0) validation(approve=0 reject=0) tracking(insert=0 confirm=0 fail=0)
[2026-08-26 17:43:24][info][Blockchain] [2aaa7f07] Stopping blockchain
[2026-08-26 17:43:24][info][CRDTCallbackManager] Successfully unregistered new data callback for pattern: '/?gnus-genesis-block'
[2026-08-26 17:43:24][info][CRDTCallbackManager] Successfully unregistered new data callback for pattern: '/?gnus-account-creation-.*'
[2026-08-26 17:43:24][info][CRDTCallbackManager] Successfully unregistered new data callback for pattern: '/?gnus-validator-registry'
[2026-08-26 17:43:24.052463000][th:85112190][error] GossipPubSub Address monitoring timer error: Operation canceled
[2026-08-26 17:43:24][error][PubSubBroadcasterExt] No message to process
[2026-08-26 17:43:24][error][PubSubBroadcasterExt] No message to process
[2026-08-26 17:43:25][debug][GlobalDB] ~GlobalDB CALLED with count 6 on multi_node_finality_fault/restart-certificate-validator-two/rocksdb 
[2026-08-26 17:43:25][info][GlobalDB] GlobalDB shutdown start
[2026-08-26 17:43:25][info][CrdtDatastore] CancelAndCloseNow: begin (pending_jobs=0, self_queue=0, root_queue=0, pending_roots=0, active_root=false)
[2026-08-26 17:43:25][debug][GraphsyncDAGSyncer] Stopping Dagsyncer
[2026-08-26 17:43:25][debug][GraphsyncDAGSyncer] Dagsyncer Stopped
[2026-08-26 17:43:25][info][CrdtDatastore] CancelAndCloseNow: CRDT workers stopped
[2026-08-26 17:43:25][warning][CrdtDatastore] CancelAndCloseNow called but shutdown has already started
[2026-08-26 17:43:25][debug][GraphsyncDAGSyncer] ~GraphsyncDAGSyncer CALLED
[2026-08-26 17:43:25][info][GlobalDB] GlobalDB shutdown finished
[2026-08-26 17:43:25][info][CRDTCallbackManager] Successfully unregistered new data callback for pattern: '^/?/bc-144/tx/[^/]+'
[2026-08-26 17:43:25][info][CRDTCallbackManager] Successfully unregistered deleted data callback for pattern: '^/?/bc-144/tx/[^/]+'
[2026-08-26 17:43:25][info][CRDTCallbackManager] Successfully unregistered new data callback for pattern: '^/?/bc-963/tx/[^/]+'
[2026-08-26 17:43:25][info][CRDTCallbackManager] Successfully unregistered deleted data callback for pattern: '^/?/bc-963/tx/[^/]+'
[2026-08-26 17:43:25][info][CRDTCallbackManager] Successfully unregistered new data callback for pattern: '^/?/bc-369/tx/[^/]+'
[2026-08-26 17:43:25][info][CRDTCallbackManager] Successfully unregistered deleted data callback for pattern: '^/?/bc-369/tx/[^/]+'
[2026-08-26 17:43:25][info][TransactionManager] [d2f30b3b - full: false] ~TransactionManager: Metrics — cert_fallback(success=0 failure=0) validation(approve=0 reject=0) tracking(insert=0 confirm=0 fail=0)
[2026-08-26 17:43:25][info][Blockchain] [d2f30b3b] Stopping blockchain
[2026-08-26 17:43:25][info][CRDTCallbackManager] Successfully unregistered new data callback for pattern: '/?gnus-genesis-block'
[2026-08-26 17:43:25][info][CRDTCallbackManager] Successfully unregistered new data callback for pattern: '/?gnus-account-creation-.*'
[2026-08-26 17:43:25][info][CRDTCallbackManager] Successfully unregistered new data callback for pattern: '/?gnus-validator-registry'
[2026-08-26 17:43:25.116729000][th:85112253][error] GossipPubSub Address monitoring timer error: Operation canceled
[2026-08-26 17:43:25][error][PubSubBroadcasterExt] No message to process
[2026-08-26 17:43:25][error][PubSubBroadcasterExt] No message to process
[2026-08-26 17:43:26][debug][GlobalDB] ~GlobalDB CALLED with count 6 on multi_node_finality_fault/restart-certificate-validator-three/rocksdb 
[2026-08-26 17:43:26][info][GlobalDB] GlobalDB shutdown start
[2026-08-26 17:43:26][info][CrdtDatastore] CancelAndCloseNow: begin (pending_jobs=0, self_queue=0, root_queue=0, pending_roots=0, active_root=false)
[2026-08-26 17:43:26][debug][GraphsyncDAGSyncer] Stopping Dagsyncer
[2026-08-26 17:43:26][debug][GraphsyncDAGSyncer] Dagsyncer Stopped
[2026-08-26 17:43:26][info][CrdtDatastore] CancelAndCloseNow: CRDT workers stopped
[2026-08-26 17:43:26][warning][CrdtDatastore] CancelAndCloseNow called but shutdown has already started
[2026-08-26 17:43:26][debug][GraphsyncDAGSyncer] ~GraphsyncDAGSyncer CALLED
[2026-08-26 17:43:26][info][GlobalDB] GlobalDB shutdown finished
[2026-08-26 17:43:26][info][CRDTCallbackManager] Successfully unregistered new data callback for pattern: '^/?/bc-144/tx/[^/]+'
[2026-08-26 17:43:26][info][CRDTCallbackManager] Successfully unregistered deleted data callback for pattern: '^/?/bc-144/tx/[^/]+'
[2026-08-26 17:43:26][info][CRDTCallbackManager] Successfully unregistered new data callback for pattern: '^/?/bc-963/tx/[^/]+'
[2026-08-26 17:43:26][info][CRDTCallbackManager] Successfully unregistered deleted data callback for pattern: '^/?/bc-963/tx/[^/]+'
[2026-08-26 17:43:26][info][CRDTCallbackManager] Successfully unregistered new data callback for pattern: '^/?/bc-369/tx/[^/]+'
[2026-08-26 17:43:26][info][CRDTCallbackManager] Successfully unregistered deleted data callback for pattern: '^/?/bc-369/tx/[^/]+'
[2026-08-26 17:43:26][info][TransactionManager] [35973f8e - full: false] ~TransactionManager: Metrics — cert_fallback(success=0 failure=0) validation(approve=0 reject=0) tracking(insert=0 confirm=0 fail=0)
[2026-08-26 17:43:26][info][Blockchain] [35973f8e] Stopping blockchain
[2026-08-26 17:43:26][info][CRDTCallbackManager] Successfully unregistered new data callback for pattern: '/?gnus-genesis-block'
[2026-08-26 17:43:26][info][CRDTCallbackManager] Successfully unregistered new data callback for pattern: '/?gnus-account-creation-.*'
[2026-08-26 17:43:26][info][CRDTCallbackManager] Successfully unregistered new data callback for pattern: '/?gnus-validator-registry'
[2026-08-26 17:43:26.135165000][th:85112296][error] GossipPubSub Address monitoring timer error: Operation canceled
[2026-08-26 17:43:26][error][PubSubBroadcasterExt] No message to process
[2026-08-26 17:43:26][error][PubSubBroadcasterExt] No message to process
[2026-08-26 17:43:27][debug][GlobalDB] ~GlobalDB CALLED with count 6 on multi_node_finality_fault/restart-certificate-passive/rocksdb 
[2026-08-26 17:43:27][info][GlobalDB] GlobalDB shutdown start
[2026-08-26 17:43:27][info][CrdtDatastore] CancelAndCloseNow: begin (pending_jobs=0, self_queue=0, root_queue=0, pending_roots=0, active_root=false)
[2026-08-26 17:43:27][debug][GraphsyncDAGSyncer] Stopping Dagsyncer
[2026-08-26 17:43:27][debug][GraphsyncDAGSyncer] Dagsyncer Stopped
[2026-08-26 17:43:27][info][CrdtDatastore] CancelAndCloseNow: CRDT workers stopped
[2026-08-26 17:43:27][warning][CrdtDatastore] CancelAndCloseNow called but shutdown has already started
[2026-08-26 17:43:27][debug][GraphsyncDAGSyncer] ~GraphsyncDAGSyncer CALLED
[2026-08-26 17:43:27][info][GlobalDB] GlobalDB shutdown finished
[2026-08-26 17:43:27][info][KeyPairFileStorage] Path to keypairs multi_node_finality_fault/restart-mint-validator-one/keypair
[2026-08-26 17:43:27][info][KeyPairFileStorage] Peer ID from public key: 12D3KooWDvv4vMkZKxRrYsWrG5yjZgTHfJesxJrjTzQy81KpnTXK
Current limits: 16384 (soft), 9223372036854775807 (hard)
New limits set successfully: 16384 (soft), 9223372036854775807 (hard)
Initialized relay addresses
[2026-08-26 17:43:27.163582000][th:85111454][info] GossipPubSub /ip4/0.0.0.0/tcp/54621/p2p/12D3KooWDvv4vMkZKxRrYsWrG5yjZgTHfJesxJrjTzQy81KpnTXK: Starting PubSub service
[2026-08-26 17:43:27.163636000][th:85112403][info] GossipPubSub Starting address monitoring system for mobile network changes
[2026-08-26 17:43:27.163639000][th:85112403][info] GossipPubSub === CURRENT NETWORK STATE ===
[2026-08-26 17:43:27.163646000][th:85112403][info] GossipPubSub Primary listening address: /ip4/0.0.0.0/tcp/54621/p2p/12D3KooWDvv4vMkZKxRrYsWrG5yjZgTHfJesxJrjTzQy81KpnTXK
[2026-08-26 17:43:27.163649000][th:85112403][info] GossipPubSub Host peer info addresses (0):
[2026-08-26 17:43:27.163651000][th:85112403][info] GossipPubSub Additional addresses we track (0):
[2026-08-26 17:43:27.163654000][th:85112403][info] GossipPubSub Listening addresses (1):
[2026-08-26 17:43:27.163656000][th:85112403][info] GossipPubSub   -> /ip4/0.0.0.0/tcp/54621/p2p/12D3KooWDvv4vMkZKxRrYsWrG5yjZgTHfJesxJrjTzQy81KpnTXK
[2026-08-26 17:43:27.163658000][th:85112403][info] GossipPubSub Interface addresses (0):
[2026-08-26 17:43:27.163660000][th:85112403][info] GossipPubSub === RAW OBSERVED ADDRESS DEBUG ===
[2026-08-26 17:43:27.163663000][th:85112403][info] GossipPubSub Local address: /ip4/0.0.0.0/tcp/54621/p2p/12D3KooWDvv4vMkZKxRrYsWrG5yjZgTHfJesxJrjTzQy81KpnTXK -> 0 raw observed, 0 activated+confirmed
[2026-08-26 17:43:27.163666000][th:85112403][info] GossipPubSub TOTAL: 0 raw observed addresses, 0 activated+confirmed addresses
[2026-08-26 17:43:27.163668000][th:85112403][info] GossipPubSub === END RAW OBSERVED ADDRESS DEBUG ===
[2026-08-26 17:43:27.163672000][th:85112403][info] GossipPubSub Observed addresses - all (0):
[2026-08-26 17:43:27.163675000][th:85112403][info] GossipPubSub Observed addresses - confirmed only (0):
[2026-08-26 17:43:27.163677000][th:85112403][info] GossipPubSub Relay addresses (0):
[2026-08-26 17:43:27.163679000][th:85112403][warning] GossipPubSub Failed to get addresses from peer repository: not found
[2026-08-26 17:43:27.163707000][th:85112403][info] GossipPubSub Found 1 valid network interfaces
[2026-08-26 17:43:27.163710000][th:85112403][info] GossipPubSub Current network interfaces (1):
[2026-08-26 17:43:27.163712000][th:85112403][info] GossipPubSub   -> 192.168.1.6
[2026-08-26 17:43:27.163714000][th:85112403][info] GossipPubSub Active connections: 0
[2026-08-26 17:43:27.163716000][th:85112403][info] GossipPubSub === PEER CONNECTION DETAILS ===
[2026-08-26 17:43:27.163718000][th:85112403][info] GossipPubSub NOTE: Observed addresses need to be seen by 4+ different peer groups to become 'activated'
[2026-08-26 17:43:27.163721000][th:85112403][info] GossipPubSub NOTE: Current connections: 0, so max possible observers: 0
[2026-08-26 17:43:27.163722000][th:85112403][info] GossipPubSub === END PEER CONNECTION DETAILS ===
[2026-08-26 17:43:27.163724000][th:85112403][info] GossipPubSub Connection manager stats:
[2026-08-26 17:43:27.163726000][th:85112403][info] GossipPubSub   -> Max connections: 1000
[2026-08-26 17:43:27.163728000][th:85112403][info] GossipPubSub   -> Current connections: 0
[2026-08-26 17:43:27.163730000][th:85112403][info] GossipPubSub === END NETWORK STATE ===
[2026-08-26 17:43:27.163845000][th:85112403][info] GossipPubSub /ip4/0.0.0.0/tcp/54621/p2p/12D3KooWDvv4vMkZKxRrYsWrG5yjZgTHfJesxJrjTzQy81KpnTXK : PubSub service started
[2026-08-26 17:43:27][info][GlobalDB] Opening database /Users/henriqueklein/gnus/SuperGenius/multi_node_finality_fault/restart-mint-validator-one/rocksdb
[2026-08-26 17:43:27][debug][GraphsyncDAGSyncer] GraphSyncer created 5000955272 
[2026-08-26 17:43:27][info][CrdtDatastore] crdt Datastore created. Number of heads: 0 Current max-height: 0
[2026-08-26 17:43:27][info][GeniusAccount] Secure storage ID path: /Users/henriqueklein/gnus/SuperGenius/multi_node_finality_fault/restart-mint-validator-one/account/secure_storage_id
[2026-08-26 17:43:27][error][GeniusAccount] Could not find existing Genius address, generating one from a random mnemonic
[2026-08-26 17:43:27][warning][UTXOManager] Found UTXOs in storage, but there were none
[2026-08-26 17:43:27][info][Blockchain] [1c4d4666] Blockchain instance created with authorized full node: 8a33bdf1
[2026-08-26 17:43:27][error][ValidatorRegistry] InitializeCache: registry content not found during cache init
[2026-08-26 17:43:27][info][CRDTCallbackManager] Successfully registered new data callback for pattern: '/?gnus-validator-registry'
[2026-08-26 17:43:27][info][ValidatorRegistry] RegisterFilter: result=true
[2026-08-26 17:43:27][info][ValidatorRegistry] New: instance ready
[2026-08-26 17:43:27.282898000][th:85112403][info] GossipPubSub /ip4/0.0.0.0/tcp/54621/p2p/12D3KooWDvv4vMkZKxRrYsWrG5yjZgTHfJesxJrjTzQy81KpnTXK: PubSub subscribed to topic 'gnus-validator-registry.3.7.144'
[2026-08-26 17:43:27][info][CRDTCallbackManager] Successfully registered new data callback for pattern: '^/?cert/[^/]+'
[2026-08-26 17:43:27.282926000][th:85112403][info] GossipPubSub /ip4/0.0.0.0/tcp/54621/p2p/12D3KooWDvv4vMkZKxRrYsWrG5yjZgTHfJesxJrjTzQy81KpnTXK: PubSub subscribed to topic 'consensus-channel-.3.7.144'
[2026-08-26 17:43:27][warning][Blockchain] [1c4d4666] Failed to request validator registry during blockchain init
[2026-08-26 17:43:27][info][CRDTCallbackManager] Successfully registered new data callback for pattern: '/?gnus-genesis-block'
[2026-08-26 17:43:27][info][CRDTCallbackManager] Successfully registered new data callback for pattern: '/?gnus-account-creation-.*'
[2026-08-26 17:43:27.282946000][th:85112403][info] GossipPubSub /ip4/0.0.0.0/tcp/54621/p2p/12D3KooWDvv4vMkZKxRrYsWrG5yjZgTHfJesxJrjTzQy81KpnTXK: PubSub subscribed to topic 'consensus-channel-.3.7.144#datastore.3.7.144'
[2026-08-26 17:43:27][info][CRDTCallbackManager] Successfully registered new data callback for pattern: '^/?/bc-144/tx/[^/]+'
[2026-08-26 17:43:27][info][CRDTCallbackManager] Successfully registered deleted data callback for pattern: '^/?/bc-144/tx/[^/]+'
[2026-08-26 17:43:27][info][CRDTCallbackManager] Successfully registered new data callback for pattern: '^/?/bc-963/tx/[^/]+'
[2026-08-26 17:43:27][info][CRDTCallbackManager] Successfully registered deleted data callback for pattern: '^/?/bc-963/tx/[^/]+'
[2026-08-26 17:43:27][info][CRDTCallbackManager] Successfully registered new data callback for pattern: '^/?/bc-369/tx/[^/]+'
[2026-08-26 17:43:27][info][CRDTCallbackManager] Successfully registered deleted data callback for pattern: '^/?/bc-369/tx/[^/]+'
[2026-08-26 17:43:27][info][KeyPairFileStorage] Path to keypairs multi_node_finality_fault/restart-mint-validator-two/keypair
[2026-08-26 17:43:27][info][KeyPairFileStorage] Peer ID from public key: 12D3KooWRtZ65CezT6ESbvpjWNw3GMPwdjwn4XddfDREjd2QygXE
Current limits: 16384 (soft), 9223372036854775807 (hard)
New limits set successfully: 16384 (soft), 9223372036854775807 (hard)
Initialized relay addresses
[2026-08-26 17:43:27.284438000][th:85111454][info] GossipPubSub /ip4/0.0.0.0/tcp/54622/p2p/12D3KooWRtZ65CezT6ESbvpjWNw3GMPwdjwn4XddfDREjd2QygXE: Starting PubSub service
[2026-08-26 17:43:27.284488000][th:85112431][info] GossipPubSub Starting address monitoring system for mobile network changes
[2026-08-26 17:43:27.284492000][th:85112431][info] GossipPubSub === CURRENT NETWORK STATE ===
[2026-08-26 17:43:27.284499000][th:85112431][info] GossipPubSub Primary listening address: /ip4/0.0.0.0/tcp/54622/p2p/12D3KooWRtZ65CezT6ESbvpjWNw3GMPwdjwn4XddfDREjd2QygXE
[2026-08-26 17:43:27.284502000][th:85112431][info] GossipPubSub Host peer info addresses (0):
[2026-08-26 17:43:27.284504000][th:85112431][info] GossipPubSub Additional addresses we track (0):
[2026-08-26 17:43:27.284506000][th:85112431][info] GossipPubSub Listening addresses (1):
[2026-08-26 17:43:27.284509000][th:85112431][info] GossipPubSub   -> /ip4/0.0.0.0/tcp/54622/p2p/12D3KooWRtZ65CezT6ESbvpjWNw3GMPwdjwn4XddfDREjd2QygXE
[2026-08-26 17:43:27.284511000][th:85112431][info] GossipPubSub Interface addresses (0):
[2026-08-26 17:43:27.284513000][th:85112431][info] GossipPubSub === RAW OBSERVED ADDRESS DEBUG ===
[2026-08-26 17:43:27.284516000][th:85112431][info] GossipPubSub Local address: /ip4/0.0.0.0/tcp/54622/p2p/12D3KooWRtZ65CezT6ESbvpjWNw3GMPwdjwn4XddfDREjd2QygXE -> 0 raw observed, 0 activated+confirmed
[2026-08-26 17:43:27.284518000][th:85112431][info] GossipPubSub TOTAL: 0 raw observed addresses, 0 activated+confirmed addresses
[2026-08-26 17:43:27.284520000][th:85112431][info] GossipPubSub === END RAW OBSERVED ADDRESS DEBUG ===
[2026-08-26 17:43:27.284522000][th:85112431][info] GossipPubSub Observed addresses - all (0):
[2026-08-26 17:43:27.284525000][th:85112431][info] GossipPubSub Observed addresses - confirmed only (0):
[2026-08-26 17:43:27.284527000][th:85112431][info] GossipPubSub Relay addresses (0):
[2026-08-26 17:43:27.284530000][th:85112431][warning] GossipPubSub Failed to get addresses from peer repository: not found
[2026-08-26 17:43:27.284564000][th:85112431][info] GossipPubSub Found 1 valid network interfaces
[2026-08-26 17:43:27.284567000][th:85112431][info] GossipPubSub Current network interfaces (1):
[2026-08-26 17:43:27.284569000][th:85112431][info] GossipPubSub   -> 192.168.1.6
[2026-08-26 17:43:27.284571000][th:85112431][info] GossipPubSub Active connections: 0
[2026-08-26 17:43:27.284573000][th:85112431][info] GossipPubSub === PEER CONNECTION DETAILS ===
[2026-08-26 17:43:27.284575000][th:85112431][info] GossipPubSub NOTE: Observed addresses need to be seen by 4+ different peer groups to become 'activated'
[2026-08-26 17:43:27.284578000][th:85112431][info] GossipPubSub NOTE: Current connections: 0, so max possible observers: 0
[2026-08-26 17:43:27.284580000][th:85112431][info] GossipPubSub === END PEER CONNECTION DETAILS ===
[2026-08-26 17:43:27.284581000][th:85112431][info] GossipPubSub Connection manager stats:
[2026-08-26 17:43:27.284584000][th:85112431][info] GossipPubSub   -> Max connections: 1000
[2026-08-26 17:43:27.284585000][th:85112431][info] GossipPubSub   -> Current connections: 0
[2026-08-26 17:43:27.284587000][th:85112431][info] GossipPubSub === END NETWORK STATE ===
[2026-08-26 17:43:27.284726000][th:85112431][info] GossipPubSub /ip4/0.0.0.0/tcp/54622/p2p/12D3KooWRtZ65CezT6ESbvpjWNw3GMPwdjwn4XddfDREjd2QygXE : PubSub service started
[2026-08-26 17:43:27][info][GlobalDB] Opening database /Users/henriqueklein/gnus/SuperGenius/multi_node_finality_fault/restart-mint-validator-two/rocksdb
[2026-08-26 17:43:27][debug][GraphsyncDAGSyncer] GraphSyncer created 4980984888 
[2026-08-26 17:43:27][info][CrdtDatastore] crdt Datastore created. Number of heads: 0 Current max-height: 0
[2026-08-26 17:43:27][info][GeniusAccount] Secure storage ID path: /Users/henriqueklein/gnus/SuperGenius/multi_node_finality_fault/restart-mint-validator-two/account/secure_storage_id
[2026-08-26 17:43:27][error][GeniusAccount] Could not find existing Genius address, generating one from a random mnemonic
[2026-08-26 17:43:27][warning][UTXOManager] Found UTXOs in storage, but there were none
[2026-08-26 17:43:27][info][Blockchain] [f7a1838f] Blockchain instance created with authorized full node: 8a33bdf1
[2026-08-26 17:43:27][error][ValidatorRegistry] InitializeCache: registry content not found during cache init
[2026-08-26 17:43:27][info][CRDTCallbackManager] Successfully registered new data callback for pattern: '/?gnus-validator-registry'
[2026-08-26 17:43:27][info][ValidatorRegistry] RegisterFilter: result=true
[2026-08-26 17:43:27][info][ValidatorRegistry] New: instance ready
[2026-08-26 17:43:27.405899000][th:85112431][info] GossipPubSub /ip4/0.0.0.0/tcp/54622/p2p/12D3KooWRtZ65CezT6ESbvpjWNw3GMPwdjwn4XddfDREjd2QygXE: PubSub subscribed to topic 'gnus-validator-registry.3.7.144'
[2026-08-26 17:43:27][info][CRDTCallbackManager] Successfully registered new data callback for pattern: '^/?cert/[^/]+'
[2026-08-26 17:43:27.405926000][th:85112431][info] GossipPubSub /ip4/0.0.0.0/tcp/54622/p2p/12D3KooWRtZ65CezT6ESbvpjWNw3GMPwdjwn4XddfDREjd2QygXE: PubSub subscribed to topic 'consensus-channel-.3.7.144'
[2026-08-26 17:43:27][warning][Blockchain] [f7a1838f] Failed to request validator registry during blockchain init
[2026-08-26 17:43:27][info][CRDTCallbackManager] Successfully registered new data callback for pattern: '/?gnus-genesis-block'
[2026-08-26 17:43:27.405949000][th:85112431][info] GossipPubSub /ip4/0.0.0.0/tcp/54622/p2p/12D3KooWRtZ65CezT6ESbvpjWNw3GMPwdjwn4XddfDREjd2QygXE: PubSub subscribed to topic 'consensus-channel-.3.7.144#datastore.3.7.144'
[2026-08-26 17:43:27][info][CRDTCallbackManager] Successfully registered new data callback for pattern: '/?gnus-account-creation-.*'
[2026-08-26 17:43:27][info][CRDTCallbackManager] Successfully registered new data callback for pattern: '^/?/bc-144/tx/[^/]+'
[2026-08-26 17:43:27][info][CRDTCallbackManager] Successfully registered deleted data callback for pattern: '^/?/bc-144/tx/[^/]+'
[2026-08-26 17:43:27][info][CRDTCallbackManager] Successfully registered new data callback for pattern: '^/?/bc-963/tx/[^/]+'
[2026-08-26 17:43:27][info][CRDTCallbackManager] Successfully registered deleted data callback for pattern: '^/?/bc-963/tx/[^/]+'
[2026-08-26 17:43:27][info][CRDTCallbackManager] Successfully registered new data callback for pattern: '^/?/bc-369/tx/[^/]+'
[2026-08-26 17:43:27][info][CRDTCallbackManager] Successfully registered deleted data callback for pattern: '^/?/bc-369/tx/[^/]+'
[2026-08-26 17:43:27][info][KeyPairFileStorage] Path to keypairs multi_node_finality_fault/restart-mint-validator-three/keypair
[2026-08-26 17:43:27][info][KeyPairFileStorage] Peer ID from public key: 12D3KooWCAfrC5ofaUqejJxpsf3SxV9xXb2pedm1st66Bpasmwp9
Current limits: 16384 (soft), 9223372036854775807 (hard)
New limits set successfully: 16384 (soft), 9223372036854775807 (hard)
Initialized relay addresses
[2026-08-26 17:43:27.407909000][th:85111454][info] GossipPubSub /ip4/0.0.0.0/tcp/54623/p2p/12D3KooWCAfrC5ofaUqejJxpsf3SxV9xXb2pedm1st66Bpasmwp9: Starting PubSub service
[2026-08-26 17:43:27.407967000][th:85112452][info] GossipPubSub Starting address monitoring system for mobile network changes
[2026-08-26 17:43:27.407971000][th:85112452][info] GossipPubSub === CURRENT NETWORK STATE ===
[2026-08-26 17:43:27.407979000][th:85112452][info] GossipPubSub Primary listening address: /ip4/0.0.0.0/tcp/54623/p2p/12D3KooWCAfrC5ofaUqejJxpsf3SxV9xXb2pedm1st66Bpasmwp9
[2026-08-26 17:43:27.407982000][th:85112452][info] GossipPubSub Host peer info addresses (0):
[2026-08-26 17:43:27.407985000][th:85112452][info] GossipPubSub Additional addresses we track (0):
[2026-08-26 17:43:27.407988000][th:85112452][info] GossipPubSub Listening addresses (1):
[2026-08-26 17:43:27.407991000][th:85112452][info] GossipPubSub   -> /ip4/0.0.0.0/tcp/54623/p2p/12D3KooWCAfrC5ofaUqejJxpsf3SxV9xXb2pedm1st66Bpasmwp9
[2026-08-26 17:43:27.407994000][th:85112452][info] GossipPubSub Interface addresses (0):
[2026-08-26 17:43:27.407997000][th:85112452][info] GossipPubSub === RAW OBSERVED ADDRESS DEBUG ===
[2026-08-26 17:43:27.408001000][th:85112452][info] GossipPubSub Local address: /ip4/0.0.0.0/tcp/54623/p2p/12D3KooWCAfrC5ofaUqejJxpsf3SxV9xXb2pedm1st66Bpasmwp9 -> 0 raw observed, 0 activated+confirmed
[2026-08-26 17:43:27.408004000][th:85112452][info] GossipPubSub TOTAL: 0 raw observed addresses, 0 activated+confirmed addresses
[2026-08-26 17:43:27.408006000][th:85112452][info] GossipPubSub === END RAW OBSERVED ADDRESS DEBUG ===
[2026-08-26 17:43:27.408009000][th:85112452][info] GossipPubSub Observed addresses - all (0):
[2026-08-26 17:43:27.408012000][th:85112452][info] GossipPubSub Observed addresses - confirmed only (0):
[2026-08-26 17:43:27.408015000][th:85112452][info] GossipPubSub Relay addresses (0):
[2026-08-26 17:43:27.408018000][th:85112452][warning] GossipPubSub Failed to get addresses from peer repository: not found
[2026-08-26 17:43:27.408059000][th:85112452][info] GossipPubSub Found 1 valid network interfaces
[2026-08-26 17:43:27.408062000][th:85112452][info] GossipPubSub Current network interfaces (1):
[2026-08-26 17:43:27.408065000][th:85112452][info] GossipPubSub   -> 192.168.1.6
[2026-08-26 17:43:27.408068000][th:85112452][info] GossipPubSub Active connections: 0
[2026-08-26 17:43:27.408070000][th:85112452][info] GossipPubSub === PEER CONNECTION DETAILS ===
[2026-08-26 17:43:27.408073000][th:85112452][info] GossipPubSub NOTE: Observed addresses need to be seen by 4+ different peer groups to become 'activated'
[2026-08-26 17:43:27.408076000][th:85112452][info] GossipPubSub NOTE: Current connections: 0, so max possible observers: 0
[2026-08-26 17:43:27.408079000][th:85112452][info] GossipPubSub === END PEER CONNECTION DETAILS ===
[2026-08-26 17:43:27.408081000][th:85112452][info] GossipPubSub Connection manager stats:
[2026-08-26 17:43:27.408084000][th:85112452][info] GossipPubSub   -> Max connections: 1000
[2026-08-26 17:43:27.408086000][th:85112452][info] GossipPubSub   -> Current connections: 0
[2026-08-26 17:43:27.408089000][th:85112452][info] GossipPubSub === END NETWORK STATE ===
[2026-08-26 17:43:27.408242000][th:85112452][info] GossipPubSub /ip4/0.0.0.0/tcp/54623/p2p/12D3KooWCAfrC5ofaUqejJxpsf3SxV9xXb2pedm1st66Bpasmwp9 : PubSub service started
[2026-08-26 17:43:27][info][GlobalDB] Opening database /Users/henriqueklein/gnus/SuperGenius/multi_node_finality_fault/restart-mint-validator-three/rocksdb
[2026-08-26 17:43:27][debug][GraphsyncDAGSyncer] GraphSyncer created 4982052344 
[2026-08-26 17:43:27][info][CrdtDatastore] crdt Datastore created. Number of heads: 0 Current max-height: 0
[2026-08-26 17:43:27][info][GeniusAccount] Secure storage ID path: /Users/henriqueklein/gnus/SuperGenius/multi_node_finality_fault/restart-mint-validator-three/account/secure_storage_id
[2026-08-26 17:43:27][error][GeniusAccount] Could not find existing Genius address, generating one from a random mnemonic
[2026-08-26 17:43:27][warning][UTXOManager] Found UTXOs in storage, but there were none
[2026-08-26 17:43:27][info][Blockchain] [8e7b4b9c] Blockchain instance created with authorized full node: 8a33bdf1
[2026-08-26 17:43:27][error][ValidatorRegistry] InitializeCache: registry content not found during cache init
[2026-08-26 17:43:27][info][CRDTCallbackManager] Successfully registered new data callback for pattern: '/?gnus-validator-registry'
[2026-08-26 17:43:27][info][ValidatorRegistry] RegisterFilter: result=true
[2026-08-26 17:43:27][info][ValidatorRegistry] New: instance ready
[2026-08-26 17:43:27.528739000][th:85112452][info] GossipPubSub /ip4/0.0.0.0/tcp/54623/p2p/12D3KooWCAfrC5ofaUqejJxpsf3SxV9xXb2pedm1st66Bpasmwp9: PubSub subscribed to topic 'gnus-validator-registry.3.7.144'
[2026-08-26 17:43:27][info][CRDTCallbackManager] Successfully registered new data callback for pattern: '^/?cert/[^/]+'
[2026-08-26 17:43:27.528775000][th:85112452][info] GossipPubSub /ip4/0.0.0.0/tcp/54623/p2p/12D3KooWCAfrC5ofaUqejJxpsf3SxV9xXb2pedm1st66Bpasmwp9: PubSub subscribed to topic 'consensus-channel-.3.7.144'
[2026-08-26 17:43:27][warning][Blockchain] [8e7b4b9c] Failed to request validator registry during blockchain init
[2026-08-26 17:43:27.528801000][th:85112452][info] GossipPubSub /ip4/0.0.0.0/tcp/54623/p2p/12D3KooWCAfrC5ofaUqejJxpsf3SxV9xXb2pedm1st66Bpasmwp9: PubSub subscribed to topic 'consensus-channel-.3.7.144#datastore.3.7.144'
[2026-08-26 17:43:27][info][CRDTCallbackManager] Successfully registered new data callback for pattern: '/?gnus-genesis-block'
[2026-08-26 17:43:27][info][CRDTCallbackManager] Successfully registered new data callback for pattern: '/?gnus-account-creation-.*'
[2026-08-26 17:43:27][info][CRDTCallbackManager] Successfully registered new data callback for pattern: '^/?/bc-144/tx/[^/]+'
[2026-08-26 17:43:27][info][CRDTCallbackManager] Successfully registered deleted data callback for pattern: '^/?/bc-144/tx/[^/]+'
[2026-08-26 17:43:27][info][CRDTCallbackManager] Successfully registered new data callback for pattern: '^/?/bc-963/tx/[^/]+'
[2026-08-26 17:43:27][info][CRDTCallbackManager] Successfully registered deleted data callback for pattern: '^/?/bc-963/tx/[^/]+'
[2026-08-26 17:43:27][info][CRDTCallbackManager] Successfully registered new data callback for pattern: '^/?/bc-369/tx/[^/]+'
[2026-08-26 17:43:27][info][CRDTCallbackManager] Successfully registered deleted data callback for pattern: '^/?/bc-369/tx/[^/]+'
[2026-08-26 17:43:27][info][KeyPairFileStorage] Path to keypairs multi_node_finality_fault/restart-mint-passive/keypair
[2026-08-26 17:43:27][info][KeyPairFileStorage] Peer ID from public key: 12D3KooWG7u5qiGUhrQCujvRkoJVapb92qZSRktr32uoSzTQCCsK
Current limits: 16384 (soft), 9223372036854775807 (hard)
New limits set successfully: 16384 (soft), 9223372036854775807 (hard)
Initialized relay addresses
[2026-08-26 17:43:27.531620000][th:85111454][info] GossipPubSub /ip4/0.0.0.0/tcp/54624/p2p/12D3KooWG7u5qiGUhrQCujvRkoJVapb92qZSRktr32uoSzTQCCsK: Starting PubSub service
[2026-08-26 17:43:27.531730000][th:85112475][info] GossipPubSub Starting address monitoring system for mobile network changes
[2026-08-26 17:43:27.531742000][th:85112475][info] GossipPubSub === CURRENT NETWORK STATE ===
[2026-08-26 17:43:27.531758000][th:85112475][info] GossipPubSub Primary listening address: /ip4/0.0.0.0/tcp/54624/p2p/12D3KooWG7u5qiGUhrQCujvRkoJVapb92qZSRktr32uoSzTQCCsK
[2026-08-26 17:43:27.531763000][th:85112475][info] GossipPubSub Host peer info addresses (0):
[2026-08-26 17:43:27.531768000][th:85112475][info] GossipPubSub Additional addresses we track (0):
[2026-08-26 17:43:27.531773000][th:85112475][info] GossipPubSub Listening addresses (1):
[2026-08-26 17:43:27.531778000][th:85112475][info] GossipPubSub   -> /ip4/0.0.0.0/tcp/54624/p2p/12D3KooWG7u5qiGUhrQCujvRkoJVapb92qZSRktr32uoSzTQCCsK
[2026-08-26 17:43:27.531782000][th:85112475][info] GossipPubSub Interface addresses (0):
[2026-08-26 17:43:27.531786000][th:85112475][info] GossipPubSub === RAW OBSERVED ADDRESS DEBUG ===
[2026-08-26 17:43:27.531791000][th:85112475][info] GossipPubSub Local address: /ip4/0.0.0.0/tcp/54624/p2p/12D3KooWG7u5qiGUhrQCujvRkoJVapb92qZSRktr32uoSzTQCCsK -> 0 raw observed, 0 activated+confirmed
[2026-08-26 17:43:27.531796000][th:85112475][info] GossipPubSub TOTAL: 0 raw observed addresses, 0 activated+confirmed addresses
[2026-08-26 17:43:27.531799000][th:85112475][info] GossipPubSub === END RAW OBSERVED ADDRESS DEBUG ===
[2026-08-26 17:43:27.531803000][th:85112475][info] GossipPubSub Observed addresses - all (0):
[2026-08-26 17:43:27.531807000][th:85112475][info] GossipPubSub Observed addresses - confirmed only (0):
[2026-08-26 17:43:27.531810000][th:85112475][info] GossipPubSub Relay addresses (0):
[2026-08-26 17:43:27.531815000][th:85112475][warning] GossipPubSub Failed to get addresses from peer repository: not found
[2026-08-26 17:43:27.531883000][th:85112475][info] GossipPubSub Found 1 valid network interfaces
[2026-08-26 17:43:27.531888000][th:85112475][info] GossipPubSub Current network interfaces (1):
[2026-08-26 17:43:27.531892000][th:85112475][info] GossipPubSub   -> 192.168.1.6
[2026-08-26 17:43:27.531897000][th:85112475][info] GossipPubSub Active connections: 0
[2026-08-26 17:43:27.531900000][th:85112475][info] GossipPubSub === PEER CONNECTION DETAILS ===
[2026-08-26 17:43:27.531904000][th:85112475][info] GossipPubSub NOTE: Observed addresses need to be seen by 4+ different peer groups to become 'activated'
[2026-08-26 17:43:27.531908000][th:85112475][info] GossipPubSub NOTE: Current connections: 0, so max possible observers: 0
[2026-08-26 17:43:27.531911000][th:85112475][info] GossipPubSub === END PEER CONNECTION DETAILS ===
[2026-08-26 17:43:27.531914000][th:85112475][info] GossipPubSub Connection manager stats:
[2026-08-26 17:43:27.531918000][th:85112475][info] GossipPubSub   -> Max connections: 1000
[2026-08-26 17:43:27.531922000][th:85112475][info] GossipPubSub   -> Current connections: 0
[2026-08-26 17:43:27.531925000][th:85112475][info] GossipPubSub === END NETWORK STATE ===
[2026-08-26 17:43:27.532181000][th:85112475][info] GossipPubSub /ip4/0.0.0.0/tcp/54624/p2p/12D3KooWG7u5qiGUhrQCujvRkoJVapb92qZSRktr32uoSzTQCCsK : PubSub service started
[2026-08-26 17:43:27][info][GlobalDB] Opening database /Users/henriqueklein/gnus/SuperGenius/multi_node_finality_fault/restart-mint-passive/rocksdb
[2026-08-26 17:43:27][debug][GraphsyncDAGSyncer] GraphSyncer created 5001178536 
[2026-08-26 17:43:27][info][CrdtDatastore] crdt Datastore created. Number of heads: 0 Current max-height: 0
[2026-08-26 17:43:27][info][GeniusAccount] Secure storage ID path: /Users/henriqueklein/gnus/SuperGenius/multi_node_finality_fault/restart-mint-passive/account/secure_storage_id
[2026-08-26 17:43:27][error][GeniusAccount] Could not find existing Genius address, generating one from a random mnemonic
[2026-08-26 17:43:27][warning][UTXOManager] Found UTXOs in storage, but there were none
[2026-08-26 17:43:27][info][Blockchain] [66d77b08] Blockchain instance created with authorized full node: 8a33bdf1
[2026-08-26 17:43:27][error][ValidatorRegistry] InitializeCache: registry content not found during cache init
[2026-08-26 17:43:27][info][CRDTCallbackManager] Successfully registered new data callback for pattern: '/?gnus-validator-registry'
[2026-08-26 17:43:27][info][ValidatorRegistry] RegisterFilter: result=true
[2026-08-26 17:43:27][info][ValidatorRegistry] New: instance ready
[2026-08-26 17:43:27.664210000][th:85112475][info] GossipPubSub /ip4/0.0.0.0/tcp/54624/p2p/12D3KooWG7u5qiGUhrQCujvRkoJVapb92qZSRktr32uoSzTQCCsK: PubSub subscribed to topic 'gnus-validator-registry.3.7.144'
[2026-08-26 17:43:27][info][CRDTCallbackManager] Successfully registered new data callback for pattern: '^/?cert/[^/]+'
[2026-08-26 17:43:27.664289000][th:85112475][info] GossipPubSub /ip4/0.0.0.0/tcp/54624/p2p/12D3KooWG7u5qiGUhrQCujvRkoJVapb92qZSRktr32uoSzTQCCsK: PubSub subscribed to topic 'consensus-channel-.3.7.144'
[2026-08-26 17:43:27.664322000][th:85112475][info] GossipPubSub /ip4/0.0.0.0/tcp/54624/p2p/12D3KooWG7u5qiGUhrQCujvRkoJVapb92qZSRktr32uoSzTQCCsK: PubSub subscribed to topic 'consensus-channel-.3.7.144#datastore.3.7.144'
[2026-08-26 17:43:27][warning][Blockchain] [66d77b08] Failed to request validator registry during blockchain init
[2026-08-26 17:43:27][info][CRDTCallbackManager] Successfully registered new data callback for pattern: '/?gnus-genesis-block'
[2026-08-26 17:43:27][info][CRDTCallbackManager] Successfully registered new data callback for pattern: '/?gnus-account-creation-.*'
[2026-08-26 17:43:27][info][CRDTCallbackManager] Successfully registered new data callback for pattern: '^/?/bc-144/tx/[^/]+'
[2026-08-26 17:43:27][info][CRDTCallbackManager] Successfully registered deleted data callback for pattern: '^/?/bc-144/tx/[^/]+'
[2026-08-26 17:43:27][info][CRDTCallbackManager] Successfully registered new data callback for pattern: '^/?/bc-963/tx/[^/]+'
[2026-08-26 17:43:27][info][CRDTCallbackManager] Successfully registered deleted data callback for pattern: '^/?/bc-963/tx/[^/]+'
[2026-08-26 17:43:27][info][CRDTCallbackManager] Successfully registered new data callback for pattern: '^/?/bc-369/tx/[^/]+'
[2026-08-26 17:43:27][info][CRDTCallbackManager] Successfully registered deleted data callback for pattern: '^/?/bc-369/tx/[^/]+'
[2026-08-26 17:43:27][info][CrdtDatastore] Topics { name="gnus-validator-registry" }
[2026-08-26 17:43:27][info][CRDTCallbackManager] Executing callback for key '/gnus-validator-registry' matching pattern '/?gnus-validator-registry'
[2026-08-26 17:43:27][info][ValidatorRegistry] RegistryUpdateReceived: cache updated and initialized
[2026-08-26 17:43:27][debug][GraphsyncDAGSyncer] addNode: Added node QmfUZPzmE1GYr9GvepHUSGcdPsSeNFzGr9SHrHkCQcomyi on dagService 
[2026-08-26 17:43:27][info][ValidatorRegistry] StoreRegistryUpdate: stored registry update CID QmfUZPzmE1GYr9GvepHUSGcdPsSeNFzGr9SHrHkCQcomyi
[2026-08-26 17:43:27][info][ValidatorRegistry] StoreRegistryUpdate: success
[2026-08-26 17:43:27][info][CrdtDatastore] Topics { name="gnus-validator-registry" }
[2026-08-26 17:43:27][info][CRDTCallbackManager] Executing callback for key '/gnus-validator-registry' matching pattern '/?gnus-validator-registry'
[2026-08-26 17:43:27][info][ValidatorRegistry] RegistryUpdateReceived: cache updated and initialized
[2026-08-26 17:43:27][debug][GraphsyncDAGSyncer] addNode: Added node QmfUZPzmE1GYr9GvepHUSGcdPsSeNFzGr9SHrHkCQcomyi on dagService 
[2026-08-26 17:43:27][info][ValidatorRegistry] StoreRegistryUpdate: stored registry update CID QmfUZPzmE1GYr9GvepHUSGcdPsSeNFzGr9SHrHkCQcomyi
[2026-08-26 17:43:27][info][ValidatorRegistry] StoreRegistryUpdate: success
[2026-08-26 17:43:27][info][CrdtDatastore] Topics { name="gnus-validator-registry" }
[2026-08-26 17:43:27][info][CRDTCallbackManager] Executing callback for key '/gnus-validator-registry' matching pattern '/?gnus-validator-registry'
[2026-08-26 17:43:27][info][ValidatorRegistry] RegistryUpdateReceived: cache updated and initialized
[2026-08-26 17:43:27][debug][GraphsyncDAGSyncer] addNode: Added node QmfUZPzmE1GYr9GvepHUSGcdPsSeNFzGr9SHrHkCQcomyi on dagService 
[2026-08-26 17:43:27][info][ValidatorRegistry] StoreRegistryUpdate: stored registry update CID QmfUZPzmE1GYr9GvepHUSGcdPsSeNFzGr9SHrHkCQcomyi
[2026-08-26 17:43:27][info][ValidatorRegistry] StoreRegistryUpdate: success
[2026-08-26 17:43:27][info][CrdtDatastore] Topics { name="gnus-validator-registry" }
[2026-08-26 17:43:27][info][CRDTCallbackManager] Executing callback for key '/gnus-validator-registry' matching pattern '/?gnus-validator-registry'
[2026-08-26 17:43:27][info][ValidatorRegistry] RegistryUpdateReceived: cache updated and initialized
[2026-08-26 17:43:27][debug][GraphsyncDAGSyncer] addNode: Added node QmfUZPzmE1GYr9GvepHUSGcdPsSeNFzGr9SHrHkCQcomyi on dagService 
[2026-08-26 17:43:27][info][ValidatorRegistry] StoreRegistryUpdate: stored registry update CID QmfUZPzmE1GYr9GvepHUSGcdPsSeNFzGr9SHrHkCQcomyi
[2026-08-26 17:43:27][info][ValidatorRegistry] StoreRegistryUpdate: success
[2026-08-26 17:43:27.747506000][th:85112403][info] GossipPubSub Adding new peer: 12D3KooWRtZ65CezT6ESbvpjWNw3GMPwdjwn4XddfDREjd2QygXE
[2026-08-26 17:43:27.747558000][th:85112403][info] GossipPubSub Adding new peer: 12D3KooWCAfrC5ofaUqejJxpsf3SxV9xXb2pedm1st66Bpasmwp9
[2026-08-26 17:43:27.747599000][th:85112403][info] GossipPubSub Adding new peer: 12D3KooWG7u5qiGUhrQCujvRkoJVapb92qZSRktr32uoSzTQCCsK
[2026-08-26 17:43:27.747608000][th:85112431][info] GossipPubSub Adding new peer: 12D3KooWDvv4vMkZKxRrYsWrG5yjZgTHfJesxJrjTzQy81KpnTXK
[2026-08-26 17:43:27.747656000][th:85112431][info] GossipPubSub Adding new peer: 12D3KooWCAfrC5ofaUqejJxpsf3SxV9xXb2pedm1st66Bpasmwp9
[2026-08-26 17:43:27.747698000][th:85112431][info] GossipPubSub Adding new peer: 12D3KooWG7u5qiGUhrQCujvRkoJVapb92qZSRktr32uoSzTQCCsK
[2026-08-26 17:43:27.747703000][th:85112452][info] GossipPubSub Adding new peer: 12D3KooWDvv4vMkZKxRrYsWrG5yjZgTHfJesxJrjTzQy81KpnTXK
[2026-08-26 17:43:27.747735000][th:85112452][info] GossipPubSub Adding new peer: 12D3KooWRtZ65CezT6ESbvpjWNw3GMPwdjwn4XddfDREjd2QygXE
[2026-08-26 17:43:27.747767000][th:85112452][info] GossipPubSub Adding new peer: 12D3KooWG7u5qiGUhrQCujvRkoJVapb92qZSRktr32uoSzTQCCsK
[2026-08-26 17:43:27.747799000][th:85112475][info] GossipPubSub Adding new peer: 12D3KooWDvv4vMkZKxRrYsWrG5yjZgTHfJesxJrjTzQy81KpnTXK
[2026-08-26 17:43:27.747831000][th:85112475][info] GossipPubSub Adding new peer: 12D3KooWRtZ65CezT6ESbvpjWNw3GMPwdjwn4XddfDREjd2QygXE
[2026-08-26 17:43:27.747863000][th:85112475][info] GossipPubSub Adding new peer: 12D3KooWCAfrC5ofaUqejJxpsf3SxV9xXb2pedm1st66Bpasmwp9
[2026-08-26 17:43:27][info][TransactionManager] [1c4d4666 - full: false] ChangeTransactionState: Temp tracking entry created tx=4292acf04d384b51911f838b2e2ea790b200f819417973522b3657f6ececff93
[2026-08-26 17:43:27][info][TransactionManager] [8e7b4b9c - full: false] ChangeTransactionState: Temp tracking entry created tx=4292acf04d384b51911f838b2e2ea790b200f819417973522b3657f6ececff93
[2026-08-26 17:43:27][info][TransactionManager] [66d77b08 - full: false] ChangeTransactionState: Temp tracking entry created tx=4292acf04d384b51911f838b2e2ea790b200f819417973522b3657f6ececff93
[2026-08-26 17:43:27][info][TransactionManager] [f7a1838f - full: false] ChangeTransactionState: Temp tracking entry created tx=4292acf04d384b51911f838b2e2ea790b200f819417973522b3657f6ececff93
[2026-08-26 17:43:29][error][ConsensusManager] HandleVote: ignored: proposal has not won frozen slot arbitration proposal_id=85f197a3
[2026-08-26 17:43:29][error][ConsensusManager] HandleVote: ignored: proposal has not won frozen slot arbitration proposal_id=85f197a3
[2026-08-26 17:43:29][error][ConsensusManager] HandleVote: ignored: proposal has not won frozen slot arbitration proposal_id=85f197a3
[2026-08-26 17:43:29][error][ConsensusManager] HandleVote: ignored: proposal has not won frozen slot arbitration proposal_id=85f197a3
[2026-08-26 17:43:29][error][ConsensusManager] HandleVote: ignored: proposal has not won frozen slot arbitration proposal_id=85f197a3
[2026-08-26 17:43:30][error][ConsensusManager] HandleVote: ignored: proposal has not won frozen slot arbitration proposal_id=85f197a3
[2026-08-26 17:43:32][info][CrdtDatastore] Topics { name="consensus-channel-.3.7.144#datastore" }
[2026-08-26 17:43:32][info][CRDTCallbackManager] Executing callback for key '/cert/mint-v2:test:0000000000000000000000000000000000000000000000000000000000000000:42:1c4d46669f06a414a769e63fa10924d582eafeb2e7be4314cbd470075aa05cb3d2e8ed9810f335f41148963c7aebab3100866e927e924f9f7ccc0896bb26db5c:cccccccccccccccccccccccccccccccccccccccccccccccccccccccccccccccc' matching pattern '^/?cert/[^/]+'
[2026-08-26 17:43:32][debug][GraphsyncDAGSyncer] addNode: Added node Qmd9CbqRKVQTMiTfUuG4U1MhDpeXHEMVtj4Ahf6GcCrfgc on dagService 
[2026-08-26 17:43:32][info][UTXOManager] Stored 1 UTXOs for address 1c4d46669f06a414a769e63fa10924d582eafeb2e7be4314cbd470075aa05cb3d2e8ed9810f335f41148963c7aebab3100866e927e924f9f7ccc0896bb26db5c
[2026-08-26 17:43:32][info][UTXOManager] Stored 2 UTXOs for address 1c4d46669f06a414a769e63fa10924d582eafeb2e7be4314cbd470075aa05cb3d2e8ed9810f335f41148963c7aebab3100866e927e924f9f7ccc0896bb26db5c
[2026-08-26 17:43:32][info][TransactionManager] [f7a1838f - full: false] Created tokens (mint-v2), amount 42 balance 0
[2026-08-26 17:43:32][info][TransactionManager] [f7a1838f - full: false] ChangeTransactionState: Tracking entry confirmed tx=4292acf04d384b51911f838b2e2ea790b200f819417973522b3657f6ececff93
[2026-08-26 17:43:32][info][UTXOManager] Created checkpoint owner=f7a1838f95df01711cf54dee9d234598bc90ad9493128b94347d367273463a13c161e8c049dae0ca3fe63306bf301d5168d0f61aab1fad2ebf997702ef643d51 epoch=1 utxo_count=0
[2026-08-26 17:43:32][debug][GraphsyncDAGSyncer] Registered new peer 12D3KooWRtZ65CezT6ESbvpjWNw3GMPwdjwn4XddfDREjd2QygXE with key 0
[2026-08-26 17:43:32][debug][GraphsyncDAGSyncer] Added route for CID Qmd9CbqRKVQTMiTfUuG4U1MhDpeXHEMVtj4Ahf6GcCrfgc to peer 12D3KooWRtZ65CezT6ESbvpjWNw3GMPwdjwn4XddfDREjd2QygXE (key 0, route_count=1)
[2026-08-26 17:43:32][debug][GraphsyncDAGSyncer] Registered new peer 12D3KooWRtZ65CezT6ESbvpjWNw3GMPwdjwn4XddfDREjd2QygXE with key 0
[2026-08-26 17:43:32][debug][GraphsyncDAGSyncer] Added route for CID Qmd9CbqRKVQTMiTfUuG4U1MhDpeXHEMVtj4Ahf6GcCrfgc to peer 12D3KooWRtZ65CezT6ESbvpjWNw3GMPwdjwn4XddfDREjd2QygXE (key 0, route_count=1)
[2026-08-26 17:43:32][debug][GraphsyncDAGSyncer] Registered new peer 12D3KooWRtZ65CezT6ESbvpjWNw3GMPwdjwn4XddfDREjd2QygXE with key 0
[2026-08-26 17:43:32][debug][GraphsyncDAGSyncer] Added route for CID Qmd9CbqRKVQTMiTfUuG4U1MhDpeXHEMVtj4Ahf6GcCrfgc to peer 12D3KooWRtZ65CezT6ESbvpjWNw3GMPwdjwn4XddfDREjd2QygXE (key 0, route_count=1)
[2026-08-26 17:43:32][debug][GraphsyncDAGSyncer] Block initialized without content to LRU cache: CID Qmd9CbqRKVQTMiTfUuG4U1MhDpeXHEMVtj4Ahf6GcCrfgc, cache size: 1
[2026-08-26 17:43:32][debug][GraphsyncDAGSyncer] Requesting Node Qmd9CbqRKVQTMiTfUuG4U1MhDpeXHEMVtj4Ahf6GcCrfgc on this 5000955272
[2026-08-26 17:43:32][debug][GraphsyncDAGSyncer] Return node for CID Qmd9CbqRKVQTMiTfUuG4U1MhDpeXHEMVtj4Ahf6GcCrfgc instance=4980984888
[2026-08-26 17:43:32.323126000][th:85112403][warning] graphsync Request 1 for CID Qmd9CbqRKVQTMiTfUuG4U1MhDpeXHEMVtj4Ahf6GcCrfgc got RS_FULL_CONTENT but no blocks received yet
[2026-08-26 17:43:32][debug][GraphsyncDAGSyncer] request progress: code=FULL_CONTENT, extensions=(graphsync/response-metadata: 0x80) (graphsync/do-not-send-cids: 0x80) 
[2026-08-26 17:43:32][debug][GraphsyncDAGSyncer] HasBlock: false, cid: Qmd9CbqRKVQTMiTfUuG4U1MhDpeXHEMVtj4Ahf6GcCrfgc
[2026-08-26 17:43:32][debug][GraphsyncDAGSyncer] Existing block updated in LRU cache: CID Qmd9CbqRKVQTMiTfUuG4U1MhDpeXHEMVtj4Ahf6GcCrfgc
[2026-08-26 17:43:32][debug][GraphsyncDAGSyncer] Node added to dagService. CID: Qmd9CbqRKVQTMiTfUuG4U1MhDpeXHEMVtj4Ahf6GcCrfgc, links: []
[2026-08-26 17:43:32][debug][GraphsyncDAGSyncer] Seeing if peer 12D3KooWRtZ65CezT6ESbvpjWNw3GMPwdjwn4XddfDREjd2QygXE has links to AddRoute
[2026-08-26 17:43:32][info][GraphsyncDAGSyncer] TraverseCIDsLinks: Checking links on { cid="Qmd9CbqRKVQTMiTfUuG4U1MhDpeXHEMVtj4Ahf6GcCrfgc", name="" }
[2026-08-26 17:43:32][info][GraphsyncDAGSyncer] TraverseCIDsLinks: Completed traversal. Links to fetch: 0, Visited: 0
[2026-08-26 17:43:32][debug][GraphsyncDAGSyncer] Return node for CID Qmd9CbqRKVQTMiTfUuG4U1MhDpeXHEMVtj4Ahf6GcCrfgc instance=5000955272
[2026-08-26 17:43:32][info][CRDTCallbackManager] Executing callback for key '/cert/mint-v2:test:0000000000000000000000000000000000000000000000000000000000000000:42:1c4d46669f06a414a769e63fa10924d582eafeb2e7be4314cbd470075aa05cb3d2e8ed9810f335f41148963c7aebab3100866e927e924f9f7ccc0896bb26db5c:cccccccccccccccccccccccccccccccccccccccccccccccccccccccccccccccc' matching pattern '^/?cert/[^/]+'
[2026-08-26 17:43:32][debug][GraphsyncDAGSyncer] addNode: Added node Qmd9CbqRKVQTMiTfUuG4U1MhDpeXHEMVtj4Ahf6GcCrfgc on dagService 
[2026-08-26 17:43:32][debug][GraphsyncDAGSyncer] Block removed from LRU cache: CID Qmd9CbqRKVQTMiTfUuG4U1MhDpeXHEMVtj4Ahf6GcCrfgc
[2026-08-26 17:43:32][info][UTXOManager] Stored 1 UTXOs for address 1c4d46669f06a414a769e63fa10924d582eafeb2e7be4314cbd470075aa05cb3d2e8ed9810f335f41148963c7aebab3100866e927e924f9f7ccc0896bb26db5c
[2026-08-26 17:43:32][info][UTXOManager] Stored 2 UTXOs for address 1c4d46669f06a414a769e63fa10924d582eafeb2e7be4314cbd470075aa05cb3d2e8ed9810f335f41148963c7aebab3100866e927e924f9f7ccc0896bb26db5c
[2026-08-26 17:43:32][info][TransactionManager] [1c4d4666 - full: false] Created tokens (mint-v2), amount 42 balance 42
[2026-08-26 17:43:32][info][Blockchain] [1c4d4666] Stopping blockchain
[2026-08-26 17:43:32][error][TransactionManager] [1c4d4666 - full: false] OnConsensusCertificate: Failed to change transaction state to CONFIRMED for hash 4292acf04d384b51911f838b2e2ea790b200f819417973522b3657f6ececff93: Operation canceled
[2026-08-26 17:43:32][error][TransactionManager] [1c4d4666 - full: false] Failed to process certificate proposal_id=85f197a3d4220b7233ddc239372cb9ff5399d021ed189e7372844f06f8591471 error=Operation canceled
[2026-08-26 17:43:32][info][CRDTCallbackManager] Successfully unregistered new data callback for pattern: '^/?/bc-144/tx/[^/]+'
[2026-08-26 17:43:32][info][CRDTCallbackManager] Successfully unregistered deleted data callback for pattern: '^/?/bc-144/tx/[^/]+'
[2026-08-26 17:43:32][info][CRDTCallbackManager] Successfully unregistered new data callback for pattern: '^/?/bc-963/tx/[^/]+'
[2026-08-26 17:43:32][info][CRDTCallbackManager] Successfully unregistered deleted data callback for pattern: '^/?/bc-963/tx/[^/]+'
[2026-08-26 17:43:32][info][CRDTCallbackManager] Successfully unregistered new data callback for pattern: '^/?/bc-369/tx/[^/]+'
[2026-08-26 17:43:32][info][CRDTCallbackManager] Successfully unregistered deleted data callback for pattern: '^/?/bc-369/tx/[^/]+'
[2026-08-26 17:43:32][info][TransactionManager] [1c4d4666 - full: false] ~TransactionManager: Metrics — cert_fallback(success=0 failure=0) validation(approve=1 reject=0) tracking(insert=1 confirm=0 fail=0)
[2026-08-26 17:43:32][info][CRDTCallbackManager] Successfully unregistered new data callback for pattern: '/?gnus-genesis-block'
[2026-08-26 17:43:32][info][CRDTCallbackManager] Successfully unregistered new data callback for pattern: '/?gnus-account-creation-.*'
[2026-08-26 17:43:32][info][CRDTCallbackManager] Successfully unregistered new data callback for pattern: '/?gnus-validator-registry'
[2026-08-26 17:43:32.495856000][th:85112403][error] GossipPubSub Address monitoring timer error: Operation canceled
[2026-08-26 17:43:32][error][PubSubBroadcasterExt] No message to process
[2026-08-26 17:43:32][error][PubSubBroadcasterExt] No message to process
[2026-08-26 17:43:32.495946000][th:85112403][error] graphsync Varint Error msg=Connection: closed by this host
[2026-08-26 17:43:32.495949000][th:85112403][info] graphsync stream read error, peer=2QygXE, msg=stream is not readable
[2026-08-26 17:43:32][debug][GraphsyncDAGSyncer] Block initialized without content to LRU cache: CID Qmd9CbqRKVQTMiTfUuG4U1MhDpeXHEMVtj4Ahf6GcCrfgc, cache size: 1
[2026-08-26 17:43:32][debug][GraphsyncDAGSyncer] Requesting Node Qmd9CbqRKVQTMiTfUuG4U1MhDpeXHEMVtj4Ahf6GcCrfgc on this 4982052344
[2026-08-26 17:43:32][debug][GraphsyncDAGSyncer] Return node for CID Qmd9CbqRKVQTMiTfUuG4U1MhDpeXHEMVtj4Ahf6GcCrfgc instance=4980984888
[2026-08-26 17:43:32.555581000][th:85112452][warning] graphsync Request 1 for CID Qmd9CbqRKVQTMiTfUuG4U1MhDpeXHEMVtj4Ahf6GcCrfgc got RS_FULL_CONTENT but no blocks received yet
[2026-08-26 17:43:32][debug][GraphsyncDAGSyncer] request progress: code=FULL_CONTENT, extensions=(graphsync/response-metadata: 0x80) (graphsync/do-not-send-cids: 0x80) 
[2026-08-26 17:43:32][debug][GraphsyncDAGSyncer] HasBlock: false, cid: Qmd9CbqRKVQTMiTfUuG4U1MhDpeXHEMVtj4Ahf6GcCrfgc
[2026-08-26 17:43:32][debug][GraphsyncDAGSyncer] Existing block updated in LRU cache: CID Qmd9CbqRKVQTMiTfUuG4U1MhDpeXHEMVtj4Ahf6GcCrfgc
[2026-08-26 17:43:32][debug][GraphsyncDAGSyncer] Node added to dagService. CID: Qmd9CbqRKVQTMiTfUuG4U1MhDpeXHEMVtj4Ahf6GcCrfgc, links: []
[2026-08-26 17:43:32][debug][GraphsyncDAGSyncer] Seeing if peer 12D3KooWRtZ65CezT6ESbvpjWNw3GMPwdjwn4XddfDREjd2QygXE has links to AddRoute
[2026-08-26 17:43:32][info][GraphsyncDAGSyncer] TraverseCIDsLinks: Checking links on { cid="Qmd9CbqRKVQTMiTfUuG4U1MhDpeXHEMVtj4Ahf6GcCrfgc", name="" }
[2026-08-26 17:43:32][info][GraphsyncDAGSyncer] TraverseCIDsLinks: Completed traversal. Links to fetch: 0, Visited: 0
[2026-08-26 17:43:32][debug][GraphsyncDAGSyncer] Return node for CID Qmd9CbqRKVQTMiTfUuG4U1MhDpeXHEMVtj4Ahf6GcCrfgc instance=4982052344
[2026-08-26 17:43:32][info][CRDTCallbackManager] Executing callback for key '/cert/mint-v2:test:0000000000000000000000000000000000000000000000000000000000000000:42:1c4d46669f06a414a769e63fa10924d582eafeb2e7be4314cbd470075aa05cb3d2e8ed9810f335f41148963c7aebab3100866e927e924f9f7ccc0896bb26db5c:cccccccccccccccccccccccccccccccccccccccccccccccccccccccccccccccc' matching pattern '^/?cert/[^/]+'
[2026-08-26 17:43:32][debug][GraphsyncDAGSyncer] addNode: Added node Qmd9CbqRKVQTMiTfUuG4U1MhDpeXHEMVtj4Ahf6GcCrfgc on dagService 
[2026-08-26 17:43:32][debug][GraphsyncDAGSyncer] Block removed from LRU cache: CID Qmd9CbqRKVQTMiTfUuG4U1MhDpeXHEMVtj4Ahf6GcCrfgc
[2026-08-26 17:43:32][debug][GraphsyncDAGSyncer] Block initialized without content to LRU cache: CID Qmd9CbqRKVQTMiTfUuG4U1MhDpeXHEMVtj4Ahf6GcCrfgc, cache size: 1
[2026-08-26 17:43:32][debug][GraphsyncDAGSyncer] Requesting Node Qmd9CbqRKVQTMiTfUuG4U1MhDpeXHEMVtj4Ahf6GcCrfgc on this 5001178536
[2026-08-26 17:43:32][debug][GraphsyncDAGSyncer] Return node for CID Qmd9CbqRKVQTMiTfUuG4U1MhDpeXHEMVtj4Ahf6GcCrfgc instance=4980984888
[2026-08-26 17:43:32.712025000][th:85112475][warning] graphsync Request 1 for CID Qmd9CbqRKVQTMiTfUuG4U1MhDpeXHEMVtj4Ahf6GcCrfgc got RS_FULL_CONTENT but no blocks received yet
[2026-08-26 17:43:32][debug][GraphsyncDAGSyncer] request progress: code=FULL_CONTENT, extensions=(graphsync/do-not-send-cids: 0x80) (graphsync/response-metadata: 0x80) 
[2026-08-26 17:43:32][debug][GraphsyncDAGSyncer] HasBlock: false, cid: Qmd9CbqRKVQTMiTfUuG4U1MhDpeXHEMVtj4Ahf6GcCrfgc
[2026-08-26 17:43:32][debug][GraphsyncDAGSyncer] Existing block updated in LRU cache: CID Qmd9CbqRKVQTMiTfUuG4U1MhDpeXHEMVtj4Ahf6GcCrfgc
[2026-08-26 17:43:32][debug][GraphsyncDAGSyncer] Node added to dagService. CID: Qmd9CbqRKVQTMiTfUuG4U1MhDpeXHEMVtj4Ahf6GcCrfgc, links: []
[2026-08-26 17:43:32][debug][GraphsyncDAGSyncer] Seeing if peer 12D3KooWRtZ65CezT6ESbvpjWNw3GMPwdjwn4XddfDREjd2QygXE has links to AddRoute
[2026-08-26 17:43:32][info][GraphsyncDAGSyncer] TraverseCIDsLinks: Checking links on { cid="Qmd9CbqRKVQTMiTfUuG4U1MhDpeXHEMVtj4Ahf6GcCrfgc", name="" }
[2026-08-26 17:43:32][info][GraphsyncDAGSyncer] TraverseCIDsLinks: Completed traversal. Links to fetch: 0, Visited: 0
[2026-08-26 17:43:32][debug][GraphsyncDAGSyncer] Return node for CID Qmd9CbqRKVQTMiTfUuG4U1MhDpeXHEMVtj4Ahf6GcCrfgc instance=5001178536
[2026-08-26 17:43:32][info][CRDTCallbackManager] Executing callback for key '/cert/mint-v2:test:0000000000000000000000000000000000000000000000000000000000000000:42:1c4d46669f06a414a769e63fa10924d582eafeb2e7be4314cbd470075aa05cb3d2e8ed9810f335f41148963c7aebab3100866e927e924f9f7ccc0896bb26db5c:cccccccccccccccccccccccccccccccccccccccccccccccccccccccccccccccc' matching pattern '^/?cert/[^/]+'
[2026-08-26 17:43:32][debug][GraphsyncDAGSyncer] addNode: Added node Qmd9CbqRKVQTMiTfUuG4U1MhDpeXHEMVtj4Ahf6GcCrfgc on dagService 
[2026-08-26 17:43:32][debug][GraphsyncDAGSyncer] Block removed from LRU cache: CID Qmd9CbqRKVQTMiTfUuG4U1MhDpeXHEMVtj4Ahf6GcCrfgc
[2026-08-26 17:43:33][info][UTXOManager] Stored 1 UTXOs for address 1c4d46669f06a414a769e63fa10924d582eafeb2e7be4314cbd470075aa05cb3d2e8ed9810f335f41148963c7aebab3100866e927e924f9f7ccc0896bb26db5c
[2026-08-26 17:43:33][info][UTXOManager] Stored 2 UTXOs for address 1c4d46669f06a414a769e63fa10924d582eafeb2e7be4314cbd470075aa05cb3d2e8ed9810f335f41148963c7aebab3100866e927e924f9f7ccc0896bb26db5c
[2026-08-26 17:43:33][info][TransactionManager] [8e7b4b9c - full: false] Created tokens (mint-v2), amount 42 balance 0
[2026-08-26 17:43:33][info][TransactionManager] [8e7b4b9c - full: false] ChangeTransactionState: Tracking entry confirmed tx=4292acf04d384b51911f838b2e2ea790b200f819417973522b3657f6ececff93
[2026-08-26 17:43:33][info][UTXOManager] Created checkpoint owner=8e7b4b9ce061743d99d304c11357cb1c60b39e6a9c936b99a42fe9d27420c6bc81b7e46543605f6b6e8d37cd374b0b4581f46d00c197f06ab4a7a1e9d87aec6b epoch=1 utxo_count=0
[2026-08-26 17:43:33][info][UTXOManager] Stored 1 UTXOs for address 1c4d46669f06a414a769e63fa10924d582eafeb2e7be4314cbd470075aa05cb3d2e8ed9810f335f41148963c7aebab3100866e927e924f9f7ccc0896bb26db5c
[2026-08-26 17:43:33][info][UTXOManager] Stored 2 UTXOs for address 1c4d46669f06a414a769e63fa10924d582eafeb2e7be4314cbd470075aa05cb3d2e8ed9810f335f41148963c7aebab3100866e927e924f9f7ccc0896bb26db5c
[2026-08-26 17:43:33][info][TransactionManager] [66d77b08 - full: false] Created tokens (mint-v2), amount 42 balance 0
[2026-08-26 17:43:33][info][TransactionManager] [66d77b08 - full: false] ChangeTransactionState: Tracking entry confirmed tx=4292acf04d384b51911f838b2e2ea790b200f819417973522b3657f6ececff93
[2026-08-26 17:43:33][info][UTXOManager] Created checkpoint owner=66d77b080dd5daa8e85a3b60b9d56e2023c036dfda47f413bbbe6df3819646035d521a003013ff3b74a598005e7ca090182a095ffd12629dffaf84dc1d332043 epoch=1 utxo_count=0
[2026-08-26 17:43:33][debug][GlobalDB] ~GlobalDB CALLED with count 6 on multi_node_finality_fault/restart-mint-validator-one/rocksdb 
[2026-08-26 17:43:33][info][GlobalDB] GlobalDB shutdown start
[2026-08-26 17:43:33][info][CrdtDatastore] CancelAndCloseNow: begin (pending_jobs=1, self_queue=0, root_queue=0, pending_roots=0, active_root=false)
[2026-08-26 17:43:33][debug][GraphsyncDAGSyncer] Stopping Dagsyncer
[2026-08-26 17:43:33][debug][GraphsyncDAGSyncer] Dagsyncer Stopped
[2026-08-26 17:43:33][info][CrdtDatastore] CancelAndCloseNow: CRDT workers stopped
[2026-08-26 17:43:33][warning][CrdtDatastore] CancelAndCloseNow called but shutdown has already started
[2026-08-26 17:43:33][debug][GraphsyncDAGSyncer] ~GraphsyncDAGSyncer CALLED
[2026-08-26 17:43:33.835275000][th:85112431][error] graphsync Varint Error msg=Connection reset by peer
[2026-08-26 17:43:33][info][GlobalDB] GlobalDB shutdown finished
[2026-08-26 17:43:33.835309000][th:85112431][info] graphsync stream read error, peer=KpnTXK, msg=stream is not readable
[2026-08-26 17:43:33][info][KeyPairFileStorage] Path to keypairs multi_node_finality_fault/restart-mint-validator-one/keypair
[2026-08-26 17:43:33][info][KeyPairFileStorage] Peer ID from public key: 12D3KooWDvv4vMkZKxRrYsWrG5yjZgTHfJesxJrjTzQy81KpnTXK
Current limits: 16384 (soft), 9223372036854775807 (hard)
New limits set successfully: 16384 (soft), 9223372036854775807 (hard)
Initialized relay addresses
[2026-08-26 17:43:33.839590000][th:85111454][info] GossipPubSub /ip4/0.0.0.0/tcp/54621/p2p/12D3KooWDvv4vMkZKxRrYsWrG5yjZgTHfJesxJrjTzQy81KpnTXK: Starting PubSub service
[2026-08-26 17:43:33.839726000][th:85112599][info] GossipPubSub Starting address monitoring system for mobile network changes
[2026-08-26 17:43:33.839733000][th:85112599][info] GossipPubSub === CURRENT NETWORK STATE ===
[2026-08-26 17:43:33.839748000][th:85112599][info] GossipPubSub Primary listening address: /ip4/0.0.0.0/tcp/54621/p2p/12D3KooWDvv4vMkZKxRrYsWrG5yjZgTHfJesxJrjTzQy81KpnTXK
[2026-08-26 17:43:33.839753000][th:85112599][info] GossipPubSub Host peer info addresses (0):
[2026-08-26 17:43:33.839757000][th:85112599][info] GossipPubSub Additional addresses we track (0):
[2026-08-26 17:43:33.839761000][th:85112599][info] GossipPubSub Listening addresses (1):
[2026-08-26 17:43:33.839765000][th:85112599][info] GossipPubSub   -> /ip4/0.0.0.0/tcp/54621/p2p/12D3KooWDvv4vMkZKxRrYsWrG5yjZgTHfJesxJrjTzQy81KpnTXK
[2026-08-26 17:43:33.839769000][th:85112599][info] GossipPubSub Interface addresses (0):
[2026-08-26 17:43:33.839772000][th:85112599][info] GossipPubSub === RAW OBSERVED ADDRESS DEBUG ===
[2026-08-26 17:43:33.839777000][th:85112599][info] GossipPubSub Local address: /ip4/0.0.0.0/tcp/54621/p2p/12D3KooWDvv4vMkZKxRrYsWrG5yjZgTHfJesxJrjTzQy81KpnTXK -> 0 raw observed, 0 activated+confirmed
[2026-08-26 17:43:33.839782000][th:85112599][info] GossipPubSub TOTAL: 0 raw observed addresses, 0 activated+confirmed addresses
[2026-08-26 17:43:33.839785000][th:85112599][info] GossipPubSub === END RAW OBSERVED ADDRESS DEBUG ===
[2026-08-26 17:43:33.839788000][th:85112599][info] GossipPubSub Observed addresses - all (0):
[2026-08-26 17:43:33.839801000][th:85112599][info] GossipPubSub Observed addresses - confirmed only (0):
[2026-08-26 17:43:33.839805000][th:85112599][info] GossipPubSub Relay addresses (0):
[2026-08-26 17:43:33.839809000][th:85112599][warning] GossipPubSub Failed to get addresses from peer repository: not found
[2026-08-26 17:43:33.839881000][th:85112599][info] GossipPubSub Found 1 valid network interfaces
[2026-08-26 17:43:33.839886000][th:85112599][info] GossipPubSub Current network interfaces (1):
[2026-08-26 17:43:33.839889000][th:85112599][info] GossipPubSub   -> 192.168.1.6
[2026-08-26 17:43:33.839893000][th:85112599][info] GossipPubSub Active connections: 0
[2026-08-26 17:43:33.839896000][th:85112599][info] GossipPubSub === PEER CONNECTION DETAILS ===
[2026-08-26 17:43:33.839900000][th:85112599][info] GossipPubSub NOTE: Observed addresses need to be seen by 4+ different peer groups to become 'activated'
[2026-08-26 17:43:33.839903000][th:85112599][info] GossipPubSub NOTE: Current connections: 0, so max possible observers: 0
[2026-08-26 17:43:33.839906000][th:85112599][info] GossipPubSub === END PEER CONNECTION DETAILS ===
[2026-08-26 17:43:33.839909000][th:85112599][info] GossipPubSub Connection manager stats:
[2026-08-26 17:43:33.839913000][th:85112599][info] GossipPubSub   -> Max connections: 1000
[2026-08-26 17:43:33.839916000][th:85112599][info] GossipPubSub   -> Current connections: 0
[2026-08-26 17:43:33.839919000][th:85112599][info] GossipPubSub === END NETWORK STATE ===
[2026-08-26 17:43:33.840254000][th:85112599][info] GossipPubSub /ip4/0.0.0.0/tcp/54621/p2p/12D3KooWDvv4vMkZKxRrYsWrG5yjZgTHfJesxJrjTzQy81KpnTXK : PubSub service started
[2026-08-26 17:43:33][info][GlobalDB] Opening database /Users/henriqueklein/gnus/SuperGenius/multi_node_finality_fault/restart-mint-validator-one/rocksdb
[2026-08-26 17:43:33][debug][GraphsyncDAGSyncer] GraphSyncer created 5000955272 
[2026-08-26 17:43:33][info][CrdtDatastore] crdt Datastore created. Number of heads: 2 Current max-height: 18446744073709551615
[2026-08-26 17:43:33][info][GeniusAccount] Secure storage ID path: /Users/henriqueklein/gnus/SuperGenius/multi_node_finality_fault/restart-mint-validator-one/account/secure_storage_id
[2026-08-26 17:43:33][info][GeniusAccount] Loaded public key from file: 1c4d46669f06a414... (length: 128)
[2026-08-26 17:43:33][info][GeniusAccount] Successfully loaded key_seed from storage
[2026-08-26 17:43:33][info][GeniusAccount] Validation successful: key_seed matches stored public key
[2026-08-26 17:43:33][info][Blockchain] [1c4d4666] Blockchain instance created with authorized full node: 8a33bdf1
[2026-08-26 17:43:33][info][ValidatorRegistry] InitializeCache: cache initialized with CID QmfUZPzmE1GYr9GvepHUSGcdPsSeNFzGr9SHrHkCQcomyi
[2026-08-26 17:43:33][info][CRDTCallbackManager] Successfully registered new data callback for pattern: '/?gnus-validator-registry'
[2026-08-26 17:43:33][info][ValidatorRegistry] RegisterFilter: result=true
[2026-08-26 17:43:33][info][ValidatorRegistry] New: instance ready
[2026-08-26 17:43:33.869586000][th:85112599][info] GossipPubSub /ip4/0.0.0.0/tcp/54621/p2p/12D3KooWDvv4vMkZKxRrYsWrG5yjZgTHfJesxJrjTzQy81KpnTXK: PubSub subscribed to topic 'gnus-validator-registry.3.7.144'
[2026-08-26 17:43:33][info][CRDTCallbackManager] Successfully registered new data callback for pattern: '^/?cert/[^/]+'
[2026-08-26 17:43:33.869621000][th:85112599][info] GossipPubSub /ip4/0.0.0.0/tcp/54621/p2p/12D3KooWDvv4vMkZKxRrYsWrG5yjZgTHfJesxJrjTzQy81KpnTXK: PubSub subscribed to topic 'consensus-channel-.3.7.144'
[2026-08-26 17:43:33.869651000][th:85112599][info] GossipPubSub /ip4/0.0.0.0/tcp/54621/p2p/12D3KooWDvv4vMkZKxRrYsWrG5yjZgTHfJesxJrjTzQy81KpnTXK: PubSub subscribed to topic 'consensus-channel-.3.7.144#datastore.3.7.144'
[2026-08-26 17:43:33][warning][ConsensusManager] ProcessCommittedCertificate: No subject handler for certificate with key /cert/mint-v2:test:0000000000000000000000000000000000000000000000000000000000000000:42:1c4d46669f06a414a769e63fa10924d582eafeb2e7be4314cbd470075aa05cb3d2e8ed9810f335f41148963c7aebab3100866e927e924f9f7ccc0896bb26db5c:cccccccccccccccccccccccccccccccccccccccccccccccccccccccccccccccc 
[2026-08-26 17:43:33][warning][ConsensusManager] ProcessCommittedCertificate: No subject handler for certificate with key /cert/mint-v2:test:0000000000000000000000000000000000000000000000000000000000000000:42:1c4d46669f06a414a769e63fa10924d582eafeb2e7be4314cbd470075aa05cb3d2e8ed9810f335f41148963c7aebab3100866e927e924f9f7ccc0896bb26db5c:cccccccccccccccccccccccccccccccccccccccccccccccccccccccccccccccc 
[2026-08-26 17:43:33][info][CRDTCallbackManager] Successfully registered new data callback for pattern: '/?gnus-genesis-block'
[2026-08-26 17:43:33][info][CRDTCallbackManager] Successfully registered new data callback for pattern: '/?gnus-account-creation-.*'
[2026-08-26 17:43:33][info][UTXOManager] Stored 2 UTXOs for address 1c4d46669f06a414a769e63fa10924d582eafeb2e7be4314cbd470075aa05cb3d2e8ed9810f335f41148963c7aebab3100866e927e924f9f7ccc0896bb26db5c
[2026-08-26 17:43:33][info][TransactionManager] [1c4d4666 - full: false] Created tokens (mint-v2), amount 42 balance 42
[2026-08-26 17:43:33][info][TransactionManager] [1c4d4666 - full: false] ChangeTransactionState: Tracking entry confirmed tx=4292acf04d384b51911f838b2e2ea790b200f819417973522b3657f6ececff93
[2026-08-26 17:43:33][info][TransactionManager] [1c4d4666 - full: false] OnConsensusCertificate: Standalone validator confirmed tx 4292acf04d384b51911f838b2e2ea790b200f819417973522b3657f6ececff93 from certificate proposal_id=85f197a3d4220b7233ddc239372cb9ff5399d021ed189e7372844f06f8591471
[2026-08-26 17:43:33][info][UTXOManager] Created checkpoint owner=1c4d46669f06a414a769e63fa10924d582eafeb2e7be4314cbd470075aa05cb3d2e8ed9810f335f41148963c7aebab3100866e927e924f9f7ccc0896bb26db5c epoch=1 utxo_count=1
[2026-08-26 17:43:33][info][CRDTCallbackManager] Successfully registered new data callback for pattern: '^/?/bc-144/tx/[^/]+'
[2026-08-26 17:43:33][info][CRDTCallbackManager] Successfully registered deleted data callback for pattern: '^/?/bc-144/tx/[^/]+'
[2026-08-26 17:43:33][info][CRDTCallbackManager] Successfully registered new data callback for pattern: '^/?/bc-963/tx/[^/]+'
[2026-08-26 17:43:33][info][CRDTCallbackManager] Successfully registered deleted data callback for pattern: '^/?/bc-963/tx/[^/]+'
[2026-08-26 17:43:33][info][CRDTCallbackManager] Successfully registered new data callback for pattern: '^/?/bc-369/tx/[^/]+'
[2026-08-26 17:43:33][info][CRDTCallbackManager] Successfully registered deleted data callback for pattern: '^/?/bc-369/tx/[^/]+'
[2026-08-26 17:43:33.907633000][th:85112599][info] GossipPubSub Adding new peer: 12D3KooWRtZ65CezT6ESbvpjWNw3GMPwdjwn4XddfDREjd2QygXE
[2026-08-26 17:43:33.907715000][th:85112599][info] GossipPubSub Adding new peer: 12D3KooWCAfrC5ofaUqejJxpsf3SxV9xXb2pedm1st66Bpasmwp9
[2026-08-26 17:43:33.907774000][th:85112599][info] GossipPubSub Adding new peer: 12D3KooWG7u5qiGUhrQCujvRkoJVapb92qZSRktr32uoSzTQCCsK
[2026-08-26 17:43:33.907811000][th:85112431][info] GossipPubSub Adding new peer: 12D3KooWDvv4vMkZKxRrYsWrG5yjZgTHfJesxJrjTzQy81KpnTXK
[2026-08-26 17:43:33.907886000][th:85112431][info] GossipPubSub Adding new peer: 12D3KooWCAfrC5ofaUqejJxpsf3SxV9xXb2pedm1st66Bpasmwp9
[2026-08-26 17:43:33.907943000][th:85112431][info] GossipPubSub Adding new peer: 12D3KooWG7u5qiGUhrQCujvRkoJVapb92qZSRktr32uoSzTQCCsK
[2026-08-26 17:43:33.907964000][th:85112452][info] GossipPubSub Adding new peer: 12D3KooWDvv4vMkZKxRrYsWrG5yjZgTHfJesxJrjTzQy81KpnTXK
[2026-08-26 17:43:33.908016000][th:85112452][info] GossipPubSub Adding new peer: 12D3KooWRtZ65CezT6ESbvpjWNw3GMPwdjwn4XddfDREjd2QygXE
[2026-08-26 17:43:33.908070000][th:85112452][info] GossipPubSub Adding new peer: 12D3KooWG7u5qiGUhrQCujvRkoJVapb92qZSRktr32uoSzTQCCsK
[2026-08-26 17:43:33.908126000][th:85112475][info] GossipPubSub Adding new peer: 12D3KooWDvv4vMkZKxRrYsWrG5yjZgTHfJesxJrjTzQy81KpnTXK
[2026-08-26 17:43:33.908190000][th:85112475][info] GossipPubSub Adding new peer: 12D3KooWRtZ65CezT6ESbvpjWNw3GMPwdjwn4XddfDREjd2QygXE
[2026-08-26 17:43:33.908242000][th:85112475][info] GossipPubSub Adding new peer: 12D3KooWCAfrC5ofaUqejJxpsf3SxV9xXb2pedm1st66Bpasmwp9
[2026-08-26 17:43:34][info][CRDTCallbackManager] Successfully unregistered new data callback for pattern: '^/?/bc-144/tx/[^/]+'
[2026-08-26 17:43:34][info][CRDTCallbackManager] Successfully unregistered deleted data callback for pattern: '^/?/bc-144/tx/[^/]+'
[2026-08-26 17:43:34][info][CRDTCallbackManager] Successfully unregistered new data callback for pattern: '^/?/bc-963/tx/[^/]+'
[2026-08-26 17:43:34][info][CRDTCallbackManager] Successfully unregistered deleted data callback for pattern: '^/?/bc-963/tx/[^/]+'
[2026-08-26 17:43:34][info][CRDTCallbackManager] Successfully unregistered new data callback for pattern: '^/?/bc-369/tx/[^/]+'
[2026-08-26 17:43:34][info][CRDTCallbackManager] Successfully unregistered deleted data callback for pattern: '^/?/bc-369/tx/[^/]+'
[2026-08-26 17:43:34][info][TransactionManager] [1c4d4666 - full: false] ~TransactionManager: Metrics — cert_fallback(success=1 failure=0) validation(approve=0 reject=0) tracking(insert=0 confirm=1 fail=0)
[2026-08-26 17:43:34][info][Blockchain] [1c4d4666] Stopping blockchain
[2026-08-26 17:43:34][info][CRDTCallbackManager] Successfully unregistered new data callback for pattern: '/?gnus-genesis-block'
[2026-08-26 17:43:34][info][CRDTCallbackManager] Successfully unregistered new data callback for pattern: '/?gnus-account-creation-.*'
[2026-08-26 17:43:34][info][CRDTCallbackManager] Successfully unregistered new data callback for pattern: '/?gnus-validator-registry'
[2026-08-26 17:43:34.001816000][th:85112599][error] GossipPubSub Address monitoring timer error: Operation canceled
[2026-08-26 17:43:34][error][PubSubBroadcasterExt] No message to process
[2026-08-26 17:43:34][error][PubSubBroadcasterExt] No message to process
[2026-08-26 17:43:35][debug][GlobalDB] ~GlobalDB CALLED with count 6 on multi_node_finality_fault/restart-mint-validator-one/rocksdb 
[2026-08-26 17:43:35][info][GlobalDB] GlobalDB shutdown start
[2026-08-26 17:43:35][info][CrdtDatastore] CancelAndCloseNow: begin (pending_jobs=0, self_queue=0, root_queue=0, pending_roots=0, active_root=false)
[2026-08-26 17:43:35][debug][GraphsyncDAGSyncer] Stopping Dagsyncer
[2026-08-26 17:43:35][debug][GraphsyncDAGSyncer] Dagsyncer Stopped
[2026-08-26 17:43:35][info][CrdtDatastore] CancelAndCloseNow: CRDT workers stopped
[2026-08-26 17:43:35][warning][CrdtDatastore] CancelAndCloseNow called but shutdown has already started
[2026-08-26 17:43:35][debug][GraphsyncDAGSyncer] ~GraphsyncDAGSyncer CALLED
[2026-08-26 17:43:35][info][GlobalDB] GlobalDB shutdown finished
[2026-08-26 17:43:35][info][KeyPairFileStorage] Path to keypairs multi_node_finality_fault/restart-mint-validator-one/keypair
[2026-08-26 17:43:35][info][KeyPairFileStorage] Peer ID from public key: 12D3KooWDvv4vMkZKxRrYsWrG5yjZgTHfJesxJrjTzQy81KpnTXK
Current limits: 16384 (soft), 9223372036854775807 (hard)
New limits set successfully: 16384 (soft), 9223372036854775807 (hard)
Initialized relay addresses
[2026-08-26 17:43:35.381512000][th:85111454][info] GossipPubSub /ip4/0.0.0.0/tcp/54621/p2p/12D3KooWDvv4vMkZKxRrYsWrG5yjZgTHfJesxJrjTzQy81KpnTXK: Starting PubSub service
[2026-08-26 17:43:35.381579000][th:85112650][info] GossipPubSub Starting address monitoring system for mobile network changes
[2026-08-26 17:43:35.381582000][th:85112650][info] GossipPubSub === CURRENT NETWORK STATE ===
[2026-08-26 17:43:35.381589000][th:85112650][info] GossipPubSub Primary listening address: /ip4/0.0.0.0/tcp/54621/p2p/12D3KooWDvv4vMkZKxRrYsWrG5yjZgTHfJesxJrjTzQy81KpnTXK
[2026-08-26 17:43:35.381591000][th:85112650][info] GossipPubSub Host peer info addresses (0):
[2026-08-26 17:43:35.381593000][th:85112650][info] GossipPubSub Additional addresses we track (0):
[2026-08-26 17:43:35.381595000][th:85112650][info] GossipPubSub Listening addresses (1):
[2026-08-26 17:43:35.381596000][th:85112650][info] GossipPubSub   -> /ip4/0.0.0.0/tcp/54621/p2p/12D3KooWDvv4vMkZKxRrYsWrG5yjZgTHfJesxJrjTzQy81KpnTXK
[2026-08-26 17:43:35.381598000][th:85112650][info] GossipPubSub Interface addresses (0):
[2026-08-26 17:43:35.381599000][th:85112650][info] GossipPubSub === RAW OBSERVED ADDRESS DEBUG ===
[2026-08-26 17:43:35.381601000][th:85112650][info] GossipPubSub Local address: /ip4/0.0.0.0/tcp/54621/p2p/12D3KooWDvv4vMkZKxRrYsWrG5yjZgTHfJesxJrjTzQy81KpnTXK -> 0 raw observed, 0 activated+confirmed
[2026-08-26 17:43:35.381603000][th:85112650][info] GossipPubSub TOTAL: 0 raw observed addresses, 0 activated+confirmed addresses
[2026-08-26 17:43:35.381604000][th:85112650][info] GossipPubSub === END RAW OBSERVED ADDRESS DEBUG ===
[2026-08-26 17:43:35.381605000][th:85112650][info] GossipPubSub Observed addresses - all (0):
[2026-08-26 17:43:35.381607000][th:85112650][info] GossipPubSub Observed addresses - confirmed only (0):
[2026-08-26 17:43:35.381608000][th:85112650][info] GossipPubSub Relay addresses (0):
[2026-08-26 17:43:35.381610000][th:85112650][warning] GossipPubSub Failed to get addresses from peer repository: not found
[2026-08-26 17:43:35.381641000][th:85112650][info] GossipPubSub Found 1 valid network interfaces
[2026-08-26 17:43:35.381643000][th:85112650][info] GossipPubSub Current network interfaces (1):
[2026-08-26 17:43:35.381644000][th:85112650][info] GossipPubSub   -> 192.168.1.6
[2026-08-26 17:43:35.381646000][th:85112650][info] GossipPubSub Active connections: 0
[2026-08-26 17:43:35.381647000][th:85112650][info] GossipPubSub === PEER CONNECTION DETAILS ===
[2026-08-26 17:43:35.381648000][th:85112650][info] GossipPubSub NOTE: Observed addresses need to be seen by 4+ different peer groups to become 'activated'
[2026-08-26 17:43:35.381650000][th:85112650][info] GossipPubSub NOTE: Current connections: 0, so max possible observers: 0
[2026-08-26 17:43:35.381651000][th:85112650][info] GossipPubSub === END PEER CONNECTION DETAILS ===
[2026-08-26 17:43:35.381652000][th:85112650][info] GossipPubSub Connection manager stats:
[2026-08-26 17:43:35.381654000][th:85112650][info] GossipPubSub   -> Max connections: 1000
[2026-08-26 17:43:35.381655000][th:85112650][info] GossipPubSub   -> Current connections: 0
[2026-08-26 17:43:35.381656000][th:85112650][info] GossipPubSub === END NETWORK STATE ===
[2026-08-26 17:43:35.381768000][th:85112650][info] GossipPubSub /ip4/0.0.0.0/tcp/54621/p2p/12D3KooWDvv4vMkZKxRrYsWrG5yjZgTHfJesxJrjTzQy81KpnTXK : PubSub service started
[2026-08-26 17:43:35][info][GlobalDB] Opening database /Users/henriqueklein/gnus/SuperGenius/multi_node_finality_fault/restart-mint-validator-one/rocksdb
[2026-08-26 17:43:35][debug][GraphsyncDAGSyncer] GraphSyncer created 4981907976 
[2026-08-26 17:43:35][info][CrdtDatastore] crdt Datastore created. Number of heads: 2 Current max-height: 18446744073709551615
[2026-08-26 17:43:35][info][GeniusAccount] Secure storage ID path: /Users/henriqueklein/gnus/SuperGenius/multi_node_finality_fault/restart-mint-validator-one/account/secure_storage_id
[2026-08-26 17:43:35][info][GeniusAccount] Loaded public key from file: 1c4d46669f06a414... (length: 128)
[2026-08-26 17:43:35][info][GeniusAccount] Successfully loaded key_seed from storage
[2026-08-26 17:43:35][info][GeniusAccount] Validation successful: key_seed matches stored public key
[2026-08-26 17:43:35][warning][UTXOManager] Skipping malformed UTXO key /utxo-checkpoint/1c4d46669f06a414a769e63fa10924d582eafeb2e7be4314cbd470075aa05cb3d2e8ed9810f335f41148963c7aebab3100866e927e924f9f7ccc0896bb26db5c/1
[2026-08-26 17:43:35][warning][UTXOManager] Skipping malformed UTXO key /utxo-checkpoint/1c4d46669f06a414a769e63fa10924d582eafeb2e7be4314cbd470075aa05cb3d2e8ed9810f335f41148963c7aebab3100866e927e924f9f7ccc0896bb26db5c/latest
[2026-08-26 17:43:35][info][Blockchain] [1c4d4666] Blockchain instance created with authorized full node: 8a33bdf1
[2026-08-26 17:43:35][info][ValidatorRegistry] InitializeCache: cache initialized with CID QmfUZPzmE1GYr9GvepHUSGcdPsSeNFzGr9SHrHkCQcomyi
[2026-08-26 17:43:35][info][CRDTCallbackManager] Successfully registered new data callback for pattern: '/?gnus-validator-registry'
[2026-08-26 17:43:35][info][ValidatorRegistry] RegisterFilter: result=true
[2026-08-26 17:43:35][info][ValidatorRegistry] New: instance ready
[2026-08-26 17:43:35][info][CRDTCallbackManager] Successfully registered new data callback for pattern: '^/?cert/[^/]+'
[2026-08-26 17:43:35][info][CRDTCallbackManager] Successfully registered new data callback for pattern: '/?gnus-genesis-block'
[2026-08-26 17:43:35][info][CRDTCallbackManager] Successfully registered new data callback for pattern: '/?gnus-account-creation-.*'
[2026-08-26 17:43:35][info][CRDTCallbackManager] Successfully registered new data callback for pattern: '^/?/bc-144/tx/[^/]+'
[2026-08-26 17:43:35][info][CRDTCallbackManager] Successfully registered deleted data callback for pattern: '^/?/bc-144/tx/[^/]+'
[2026-08-26 17:43:35.405486000][th:85112650][info] GossipPubSub /ip4/0.0.0.0/tcp/54621/p2p/12D3KooWDvv4vMkZKxRrYsWrG5yjZgTHfJesxJrjTzQy81KpnTXK: PubSub subscribed to topic 'gnus-validator-registry.3.7.144'
[2026-08-26 17:43:35.407760000][th:85112650][info] GossipPubSub /ip4/0.0.0.0/tcp/54621/p2p/12D3KooWDvv4vMkZKxRrYsWrG5yjZgTHfJesxJrjTzQy81KpnTXK: PubSub subscribed to topic 'consensus-channel-.3.7.144'
[2026-08-26 17:43:35.407771000][th:85112650][info] GossipPubSub /ip4/0.0.0.0/tcp/54621/p2p/12D3KooWDvv4vMkZKxRrYsWrG5yjZgTHfJesxJrjTzQy81KpnTXK: PubSub subscribed to topic 'consensus-channel-.3.7.144#datastore.3.7.144'
[2026-08-26 17:43:35][info][CRDTCallbackManager] Successfully registered new data callback for pattern: '^/?/bc-963/tx/[^/]+'
[2026-08-26 17:43:35][info][CRDTCallbackManager] Successfully registered deleted data callback for pattern: '^/?/bc-963/tx/[^/]+'
[2026-08-26 17:43:35][info][CRDTCallbackManager] Successfully registered new data callback for pattern: '^/?/bc-369/tx/[^/]+'
[2026-08-26 17:43:35][info][CRDTCallbackManager] Successfully registered deleted data callback for pattern: '^/?/bc-369/tx/[^/]+'
[2026-08-26 17:43:35][info][CRDTCallbackManager] Successfully unregistered new data callback for pattern: '^/?/bc-144/tx/[^/]+'
[2026-08-26 17:43:35][info][CRDTCallbackManager] Successfully unregistered deleted data callback for pattern: '^/?/bc-144/tx/[^/]+'
[2026-08-26 17:43:35][info][CRDTCallbackManager] Successfully unregistered new data callback for pattern: '^/?/bc-963/tx/[^/]+'
[2026-08-26 17:43:35][info][CRDTCallbackManager] Successfully unregistered deleted data callback for pattern: '^/?/bc-963/tx/[^/]+'
[2026-08-26 17:43:35][info][CRDTCallbackManager] Successfully unregistered new data callback for pattern: '^/?/bc-369/tx/[^/]+'
[2026-08-26 17:43:35][info][CRDTCallbackManager] Successfully unregistered deleted data callback for pattern: '^/?/bc-369/tx/[^/]+'
[2026-08-26 17:43:35][info][TransactionManager] [f7a1838f - full: false] ~TransactionManager: Metrics — cert_fallback(success=0 failure=0) validation(approve=1 reject=0) tracking(insert=1 confirm=1 fail=0)
[2026-08-26 17:43:35][info][Blockchain] [f7a1838f] Stopping blockchain
[2026-08-26 17:43:35][info][CRDTCallbackManager] Successfully unregistered new data callback for pattern: '/?gnus-genesis-block'
[2026-08-26 17:43:35][info][CRDTCallbackManager] Successfully unregistered new data callback for pattern: '/?gnus-account-creation-.*'
[2026-08-26 17:43:35][info][CRDTCallbackManager] Successfully unregistered new data callback for pattern: '/?gnus-validator-registry'
[2026-08-26 17:43:35.408081000][th:85112431][error] GossipPubSub Address monitoring timer error: Operation canceled
[2026-08-26 17:43:35][error][PubSubBroadcasterExt] No message to process
[2026-08-26 17:43:35][error][PubSubBroadcasterExt] No message to process
[2026-08-26 17:43:35.410882000][th:85112431][error] graphsync Varint Error msg=Connection: closed by this host
[2026-08-26 17:43:35.410887000][th:85112431][info] graphsync stream read error, peer=TQCCsK, msg=stream is not readable
[2026-08-26 17:43:35.410909000][th:85112431][error] graphsync Varint Error msg=Connection: closed by this host
[2026-08-26 17:43:35.410911000][th:85112431][info] graphsync stream read error, peer=asmwp9, msg=stream is not readable
[2026-08-26 17:43:36][debug][GlobalDB] ~GlobalDB CALLED with count 6 on multi_node_finality_fault/restart-mint-validator-two/rocksdb 
[2026-08-26 17:43:36][info][GlobalDB] GlobalDB shutdown start
[2026-08-26 17:43:36][info][CrdtDatastore] CancelAndCloseNow: begin (pending_jobs=0, self_queue=0, root_queue=0, pending_roots=0, active_root=false)
[2026-08-26 17:43:36][debug][GraphsyncDAGSyncer] Stopping Dagsyncer
[2026-08-26 17:43:36][debug][GraphsyncDAGSyncer] Dagsyncer Stopped
[2026-08-26 17:43:36][info][CrdtDatastore] CancelAndCloseNow: CRDT workers stopped
[2026-08-26 17:43:36][warning][CrdtDatastore] CancelAndCloseNow called but shutdown has already started
[2026-08-26 17:43:36][debug][GraphsyncDAGSyncer] ~GraphsyncDAGSyncer CALLED
[2026-08-26 17:43:36][info][GlobalDB] GlobalDB shutdown finished
[2026-08-26 17:43:36.458997000][th:85112475][error] graphsync Varint Error msg=Connection reset by peer
[2026-08-26 17:43:36.459006000][th:85112475][info] graphsync stream read error, peer=2QygXE, msg=stream is not readable
[2026-08-26 17:43:36.459054000][th:85112452][error] graphsync Varint Error msg=Connection reset by peer
[2026-08-26 17:43:36.459063000][th:85112452][info] graphsync stream read error, peer=2QygXE, msg=stream is not readable
[2026-08-26 17:43:36][info][KeyPairFileStorage] Path to keypairs multi_node_finality_fault/restart-mint-validator-two/keypair
[2026-08-26 17:43:36][info][KeyPairFileStorage] Peer ID from public key: 12D3KooWRtZ65CezT6ESbvpjWNw3GMPwdjwn4XddfDREjd2QygXE
Current limits: 16384 (soft), 9223372036854775807 (hard)
New limits set successfully: 16384 (soft), 9223372036854775807 (hard)
Initialized relay addresses
[2026-08-26 17:43:36.460435000][th:85111454][info] GossipPubSub /ip4/0.0.0.0/tcp/54622/p2p/12D3KooWRtZ65CezT6ESbvpjWNw3GMPwdjwn4XddfDREjd2QygXE: Starting PubSub service
[2026-08-26 17:43:36.460495000][th:85112690][info] GossipPubSub Starting address monitoring system for mobile network changes
[2026-08-26 17:43:36.460499000][th:85112690][info] GossipPubSub === CURRENT NETWORK STATE ===
[2026-08-26 17:43:36.460506000][th:85112690][info] GossipPubSub Primary listening address: /ip4/0.0.0.0/tcp/54622/p2p/12D3KooWRtZ65CezT6ESbvpjWNw3GMPwdjwn4XddfDREjd2QygXE
[2026-08-26 17:43:36.460508000][th:85112690][info] GossipPubSub Host peer info addresses (0):
[2026-08-26 17:43:36.460510000][th:85112690][info] GossipPubSub Additional addresses we track (0):
[2026-08-26 17:43:36.460512000][th:85112690][info] GossipPubSub Listening addresses (1):
[2026-08-26 17:43:36.460514000][th:85112690][info] GossipPubSub   -> /ip4/0.0.0.0/tcp/54622/p2p/12D3KooWRtZ65CezT6ESbvpjWNw3GMPwdjwn4XddfDREjd2QygXE
[2026-08-26 17:43:36.460516000][th:85112690][info] GossipPubSub Interface addresses (0):
[2026-08-26 17:43:36.460517000][th:85112690][info] GossipPubSub === RAW OBSERVED ADDRESS DEBUG ===
[2026-08-26 17:43:36.460520000][th:85112690][info] GossipPubSub Local address: /ip4/0.0.0.0/tcp/54622/p2p/12D3KooWRtZ65CezT6ESbvpjWNw3GMPwdjwn4XddfDREjd2QygXE -> 0 raw observed, 0 activated+confirmed
[2026-08-26 17:43:36.460522000][th:85112690][info] GossipPubSub TOTAL: 0 raw observed addresses, 0 activated+confirmed addresses
[2026-08-26 17:43:36.460523000][th:85112690][info] GossipPubSub === END RAW OBSERVED ADDRESS DEBUG ===
[2026-08-26 17:43:36.460524000][th:85112690][info] GossipPubSub Observed addresses - all (0):
[2026-08-26 17:43:36.460526000][th:85112690][info] GossipPubSub Observed addresses - confirmed only (0):
[2026-08-26 17:43:36.460527000][th:85112690][info] GossipPubSub Relay addresses (0):
[2026-08-26 17:43:36.460530000][th:85112690][warning] GossipPubSub Failed to get addresses from peer repository: not found
[2026-08-26 17:43:36.460561000][th:85112690][info] GossipPubSub Found 1 valid network interfaces
[2026-08-26 17:43:36.460563000][th:85112690][info] GossipPubSub Current network interfaces (1):
[2026-08-26 17:43:36.460565000][th:85112690][info] GossipPubSub   -> 192.168.1.6
[2026-08-26 17:43:36.460567000][th:85112690][info] GossipPubSub Active connections: 0
[2026-08-26 17:43:36.460568000][th:85112690][info] GossipPubSub === PEER CONNECTION DETAILS ===
[2026-08-26 17:43:36.460569000][th:85112690][info] GossipPubSub NOTE: Observed addresses need to be seen by 4+ different peer groups to become 'activated'
[2026-08-26 17:43:36.460571000][th:85112690][info] GossipPubSub NOTE: Current connections: 0, so max possible observers: 0
[2026-08-26 17:43:36.460573000][th:85112690][info] GossipPubSub === END PEER CONNECTION DETAILS ===
[2026-08-26 17:43:36.460574000][th:85112690][info] GossipPubSub Connection manager stats:
[2026-08-26 17:43:36.460576000][th:85112690][info] GossipPubSub   -> Max connections: 1000
[2026-08-26 17:43:36.460577000][th:85112690][info] GossipPubSub   -> Current connections: 0
[2026-08-26 17:43:36.460578000][th:85112690][info] GossipPubSub === END NETWORK STATE ===
[2026-08-26 17:43:36.460688000][th:85112690][info] GossipPubSub /ip4/0.0.0.0/tcp/54622/p2p/12D3KooWRtZ65CezT6ESbvpjWNw3GMPwdjwn4XddfDREjd2QygXE : PubSub service started
[2026-08-26 17:43:36][info][GlobalDB] Opening database /Users/henriqueklein/gnus/SuperGenius/multi_node_finality_fault/restart-mint-validator-two/rocksdb
[2026-08-26 17:43:36][debug][GraphsyncDAGSyncer] GraphSyncer created 4999728568 
[2026-08-26 17:43:36][info][CrdtDatastore] crdt Datastore created. Number of heads: 2 Current max-height: 18446744073709551615
[2026-08-26 17:43:36][info][GeniusAccount] Secure storage ID path: /Users/henriqueklein/gnus/SuperGenius/multi_node_finality_fault/restart-mint-validator-two/account/secure_storage_id
[2026-08-26 17:43:36][info][GeniusAccount] Loaded public key from file: f7a1838f95df0171... (length: 128)
[2026-08-26 17:43:36][info][GeniusAccount] Successfully loaded key_seed from storage
[2026-08-26 17:43:36][info][GeniusAccount] Validation successful: key_seed matches stored public key
[2026-08-26 17:43:36][warning][UTXOManager] Skipping malformed UTXO key /utxo-checkpoint/f7a1838f95df01711cf54dee9d234598bc90ad9493128b94347d367273463a13c161e8c049dae0ca3fe63306bf301d5168d0f61aab1fad2ebf997702ef643d51/1
[2026-08-26 17:43:36][warning][UTXOManager] Skipping malformed UTXO key /utxo-checkpoint/f7a1838f95df01711cf54dee9d234598bc90ad9493128b94347d367273463a13c161e8c049dae0ca3fe63306bf301d5168d0f61aab1fad2ebf997702ef643d51/latest
[2026-08-26 17:43:36][info][Blockchain] [f7a1838f] Blockchain instance created with authorized full node: 8a33bdf1
[2026-08-26 17:43:36][info][ValidatorRegistry] InitializeCache: cache initialized with CID QmfUZPzmE1GYr9GvepHUSGcdPsSeNFzGr9SHrHkCQcomyi
[2026-08-26 17:43:36][info][CRDTCallbackManager] Successfully registered new data callback for pattern: '/?gnus-validator-registry'
[2026-08-26 17:43:36][info][ValidatorRegistry] RegisterFilter: result=true
[2026-08-26 17:43:36][info][ValidatorRegistry] New: instance ready
[2026-08-26 17:43:36.482560000][th:85112690][info] GossipPubSub /ip4/0.0.0.0/tcp/54622/p2p/12D3KooWRtZ65CezT6ESbvpjWNw3GMPwdjwn4XddfDREjd2QygXE: PubSub subscribed to topic 'gnus-validator-registry.3.7.144'
[2026-08-26 17:43:36][info][CRDTCallbackManager] Successfully registered new data callback for pattern: '^/?cert/[^/]+'
[2026-08-26 17:43:36.482584000][th:85112690][info] GossipPubSub /ip4/0.0.0.0/tcp/54622/p2p/12D3KooWRtZ65CezT6ESbvpjWNw3GMPwdjwn4XddfDREjd2QygXE: PubSub subscribed to topic 'consensus-channel-.3.7.144'
[2026-08-26 17:43:36.482603000][th:85112690][info] GossipPubSub /ip4/0.0.0.0/tcp/54622/p2p/12D3KooWRtZ65CezT6ESbvpjWNw3GMPwdjwn4XddfDREjd2QygXE: PubSub subscribed to topic 'consensus-channel-.3.7.144#datastore.3.7.144'
[2026-08-26 17:43:36][info][CRDTCallbackManager] Successfully registered new data callback for pattern: '/?gnus-genesis-block'
[2026-08-26 17:43:36][info][CRDTCallbackManager] Successfully registered new data callback for pattern: '/?gnus-account-creation-.*'
[2026-08-26 17:43:36][info][CRDTCallbackManager] Successfully registered new data callback for pattern: '^/?/bc-144/tx/[^/]+'
[2026-08-26 17:43:36][info][CRDTCallbackManager] Successfully registered deleted data callback for pattern: '^/?/bc-144/tx/[^/]+'
[2026-08-26 17:43:36][info][CRDTCallbackManager] Successfully registered new data callback for pattern: '^/?/bc-963/tx/[^/]+'
[2026-08-26 17:43:36][info][CRDTCallbackManager] Successfully registered deleted data callback for pattern: '^/?/bc-963/tx/[^/]+'
[2026-08-26 17:43:36][info][CRDTCallbackManager] Successfully registered new data callback for pattern: '^/?/bc-369/tx/[^/]+'
[2026-08-26 17:43:36][info][CRDTCallbackManager] Successfully registered deleted data callback for pattern: '^/?/bc-369/tx/[^/]+'
[2026-08-26 17:43:36][info][CRDTCallbackManager] Successfully unregistered new data callback for pattern: '^/?/bc-144/tx/[^/]+'
[2026-08-26 17:43:36][info][CRDTCallbackManager] Successfully unregistered deleted data callback for pattern: '^/?/bc-144/tx/[^/]+'
[2026-08-26 17:43:36][info][CRDTCallbackManager] Successfully unregistered new data callback for pattern: '^/?/bc-963/tx/[^/]+'
[2026-08-26 17:43:36][info][CRDTCallbackManager] Successfully unregistered deleted data callback for pattern: '^/?/bc-963/tx/[^/]+'
[2026-08-26 17:43:36][info][CRDTCallbackManager] Successfully unregistered new data callback for pattern: '^/?/bc-369/tx/[^/]+'
[2026-08-26 17:43:36][info][CRDTCallbackManager] Successfully unregistered deleted data callback for pattern: '^/?/bc-369/tx/[^/]+'
[2026-08-26 17:43:36][info][TransactionManager] [8e7b4b9c - full: false] ~TransactionManager: Metrics — cert_fallback(success=0 failure=0) validation(approve=1 reject=0) tracking(insert=1 confirm=1 fail=0)
[2026-08-26 17:43:36][info][Blockchain] [8e7b4b9c] Stopping blockchain
[2026-08-26 17:43:36][info][CRDTCallbackManager] Successfully unregistered new data callback for pattern: '/?gnus-genesis-block'
[2026-08-26 17:43:36][info][CRDTCallbackManager] Successfully unregistered new data callback for pattern: '/?gnus-account-creation-.*'
[2026-08-26 17:43:36][info][CRDTCallbackManager] Successfully unregistered new data callback for pattern: '/?gnus-validator-registry'
[2026-08-26 17:43:36.482746000][th:85112452][error] GossipPubSub Address monitoring timer error: Operation canceled
[2026-08-26 17:43:36][error][PubSubBroadcasterExt] No message to process
[2026-08-26 17:43:36][error][PubSubBroadcasterExt] No message to process
[2026-08-26 17:43:37][debug][GlobalDB] ~GlobalDB CALLED with count 6 on multi_node_finality_fault/restart-mint-validator-three/rocksdb 
[2026-08-26 17:43:37][info][GlobalDB] GlobalDB shutdown start
[2026-08-26 17:43:37][info][CrdtDatastore] CancelAndCloseNow: begin (pending_jobs=1, self_queue=0, root_queue=0, pending_roots=0, active_root=false)
[2026-08-26 17:43:37][debug][GraphsyncDAGSyncer] Stopping Dagsyncer
[2026-08-26 17:43:37][debug][GraphsyncDAGSyncer] Dagsyncer Stopped
[2026-08-26 17:43:37][info][CrdtDatastore] CancelAndCloseNow: CRDT workers stopped
[2026-08-26 17:43:37][warning][CrdtDatastore] CancelAndCloseNow called but shutdown has already started
[2026-08-26 17:43:37][debug][GraphsyncDAGSyncer] ~GraphsyncDAGSyncer CALLED
[2026-08-26 17:43:37][info][GlobalDB] GlobalDB shutdown finished
[2026-08-26 17:43:37][info][KeyPairFileStorage] Path to keypairs multi_node_finality_fault/restart-mint-validator-three/keypair
[2026-08-26 17:43:37][info][KeyPairFileStorage] Peer ID from public key: 12D3KooWCAfrC5ofaUqejJxpsf3SxV9xXb2pedm1st66Bpasmwp9
Current limits: 16384 (soft), 9223372036854775807 (hard)
New limits set successfully: 16384 (soft), 9223372036854775807 (hard)
Initialized relay addresses
[2026-08-26 17:43:37.591051000][th:85111454][info] GossipPubSub /ip4/0.0.0.0/tcp/54623/p2p/12D3KooWCAfrC5ofaUqejJxpsf3SxV9xXb2pedm1st66Bpasmwp9: Starting PubSub service
[2026-08-26 17:43:37.591101000][th:85112750][info] GossipPubSub Starting address monitoring system for mobile network changes
[2026-08-26 17:43:37.591104000][th:85112750][info] GossipPubSub === CURRENT NETWORK STATE ===
[2026-08-26 17:43:37.591112000][th:85112750][info] GossipPubSub Primary listening address: /ip4/0.0.0.0/tcp/54623/p2p/12D3KooWCAfrC5ofaUqejJxpsf3SxV9xXb2pedm1st66Bpasmwp9
[2026-08-26 17:43:37.591115000][th:85112750][info] GossipPubSub Host peer info addresses (0):
[2026-08-26 17:43:37.591117000][th:85112750][info] GossipPubSub Additional addresses we track (0):
[2026-08-26 17:43:37.591119000][th:85112750][info] GossipPubSub Listening addresses (1):
[2026-08-26 17:43:37.591121000][th:85112750][info] GossipPubSub   -> /ip4/0.0.0.0/tcp/54623/p2p/12D3KooWCAfrC5ofaUqejJxpsf3SxV9xXb2pedm1st66Bpasmwp9
[2026-08-26 17:43:37.591124000][th:85112750][info] GossipPubSub Interface addresses (0):
[2026-08-26 17:43:37.591126000][th:85112750][info] GossipPubSub === RAW OBSERVED ADDRESS DEBUG ===
[2026-08-26 17:43:37.591129000][th:85112750][info] GossipPubSub Local address: /ip4/0.0.0.0/tcp/54623/p2p/12D3KooWCAfrC5ofaUqejJxpsf3SxV9xXb2pedm1st66Bpasmwp9 -> 0 raw observed, 0 activated+confirmed
[2026-08-26 17:43:37.591131000][th:85112750][info] GossipPubSub TOTAL: 0 raw observed addresses, 0 activated+confirmed addresses
[2026-08-26 17:43:37.591133000][th:85112750][info] GossipPubSub === END RAW OBSERVED ADDRESS DEBUG ===
[2026-08-26 17:43:37.591135000][th:85112750][info] GossipPubSub Observed addresses - all (0):
[2026-08-26 17:43:37.591136000][th:85112750][info] GossipPubSub Observed addresses - confirmed only (0):
[2026-08-26 17:43:37.591138000][th:85112750][info] GossipPubSub Relay addresses (0):
[2026-08-26 17:43:37.591140000][th:85112750][warning] GossipPubSub Failed to get addresses from peer repository: not found
[2026-08-26 17:43:37.591171000][th:85112750][info] GossipPubSub Found 1 valid network interfaces
[2026-08-26 17:43:37.591173000][th:85112750][info] GossipPubSub Current network interfaces (1):
[2026-08-26 17:43:37.591174000][th:85112750][info] GossipPubSub   -> 192.168.1.6
[2026-08-26 17:43:37.591176000][th:85112750][info] GossipPubSub Active connections: 0
[2026-08-26 17:43:37.591177000][th:85112750][info] GossipPubSub === PEER CONNECTION DETAILS ===
[2026-08-26 17:43:37.591179000][th:85112750][info] GossipPubSub NOTE: Observed addresses need to be seen by 4+ different peer groups to become 'activated'
[2026-08-26 17:43:37.591180000][th:85112750][info] GossipPubSub NOTE: Current connections: 0, so max possible observers: 0
[2026-08-26 17:43:37.591181000][th:85112750][info] GossipPubSub === END PEER CONNECTION DETAILS ===
[2026-08-26 17:43:37.591182000][th:85112750][info] GossipPubSub Connection manager stats:
[2026-08-26 17:43:37.591184000][th:85112750][info] GossipPubSub   -> Max connections: 1000
[2026-08-26 17:43:37.591185000][th:85112750][info] GossipPubSub   -> Current connections: 0
[2026-08-26 17:43:37.591186000][th:85112750][info] GossipPubSub === END NETWORK STATE ===
[2026-08-26 17:43:37.591287000][th:85112750][info] GossipPubSub /ip4/0.0.0.0/tcp/54623/p2p/12D3KooWCAfrC5ofaUqejJxpsf3SxV9xXb2pedm1st66Bpasmwp9 : PubSub service started
[2026-08-26 17:43:37][info][GlobalDB] Opening database /Users/henriqueklein/gnus/SuperGenius/multi_node_finality_fault/restart-mint-validator-three/rocksdb
[2026-08-26 17:43:37][debug][GraphsyncDAGSyncer] GraphSyncer created 5001114472 
[2026-08-26 17:43:37][info][CrdtDatastore] crdt Datastore created. Number of heads: 2 Current max-height: 18446744073709551615
[2026-08-26 17:43:37][info][GeniusAccount] Secure storage ID path: /Users/henriqueklein/gnus/SuperGenius/multi_node_finality_fault/restart-mint-validator-three/account/secure_storage_id
[2026-08-26 17:43:37][info][GeniusAccount] Loaded public key from file: 8e7b4b9ce061743d... (length: 128)
[2026-08-26 17:43:37][info][GeniusAccount] Successfully loaded key_seed from storage
[2026-08-26 17:43:37][info][GeniusAccount] Validation successful: key_seed matches stored public key
[2026-08-26 17:43:37][warning][UTXOManager] Skipping malformed UTXO key /utxo-checkpoint/8e7b4b9ce061743d99d304c11357cb1c60b39e6a9c936b99a42fe9d27420c6bc81b7e46543605f6b6e8d37cd374b0b4581f46d00c197f06ab4a7a1e9d87aec6b/1
[2026-08-26 17:43:37][warning][UTXOManager] Skipping malformed UTXO key /utxo-checkpoint/8e7b4b9ce061743d99d304c11357cb1c60b39e6a9c936b99a42fe9d27420c6bc81b7e46543605f6b6e8d37cd374b0b4581f46d00c197f06ab4a7a1e9d87aec6b/latest
[2026-08-26 17:43:37][info][Blockchain] [8e7b4b9c] Blockchain instance created with authorized full node: 8a33bdf1
[2026-08-26 17:43:37][info][ValidatorRegistry] InitializeCache: cache initialized with CID QmfUZPzmE1GYr9GvepHUSGcdPsSeNFzGr9SHrHkCQcomyi
[2026-08-26 17:43:37][info][CRDTCallbackManager] Successfully registered new data callback for pattern: '/?gnus-validator-registry'
[2026-08-26 17:43:37][info][ValidatorRegistry] RegisterFilter: result=true
[2026-08-26 17:43:37][info][ValidatorRegistry] New: instance ready
[2026-08-26 17:43:37.618409000][th:85112750][info] GossipPubSub /ip4/0.0.0.0/tcp/54623/p2p/12D3KooWCAfrC5ofaUqejJxpsf3SxV9xXb2pedm1st66Bpasmwp9: PubSub subscribed to topic 'gnus-validator-registry.3.7.144'
[2026-08-26 17:43:37][info][CRDTCallbackManager] Successfully registered new data callback for pattern: '^/?cert/[^/]+'
[2026-08-26 17:43:37.618431000][th:85112750][info] GossipPubSub /ip4/0.0.0.0/tcp/54623/p2p/12D3KooWCAfrC5ofaUqejJxpsf3SxV9xXb2pedm1st66Bpasmwp9: PubSub subscribed to topic 'consensus-channel-.3.7.144'
[2026-08-26 17:43:37][info][CRDTCallbackManager] Successfully registered new data callback for pattern: '/?gnus-genesis-block'
[2026-08-26 17:43:37.618452000][th:85112750][info] GossipPubSub /ip4/0.0.0.0/tcp/54623/p2p/12D3KooWCAfrC5ofaUqejJxpsf3SxV9xXb2pedm1st66Bpasmwp9: PubSub subscribed to topic 'consensus-channel-.3.7.144#datastore.3.7.144'
[2026-08-26 17:43:37][info][CRDTCallbackManager] Successfully registered new data callback for pattern: '/?gnus-account-creation-.*'
[2026-08-26 17:43:37][info][CRDTCallbackManager] Successfully registered new data callback for pattern: '^/?/bc-144/tx/[^/]+'
[2026-08-26 17:43:37][info][CRDTCallbackManager] Successfully registered deleted data callback for pattern: '^/?/bc-144/tx/[^/]+'
[2026-08-26 17:43:37][info][CRDTCallbackManager] Successfully registered new data callback for pattern: '^/?/bc-963/tx/[^/]+'
[2026-08-26 17:43:37][info][CRDTCallbackManager] Successfully registered deleted data callback for pattern: '^/?/bc-963/tx/[^/]+'
[2026-08-26 17:43:37][info][CRDTCallbackManager] Successfully registered new data callback for pattern: '^/?/bc-369/tx/[^/]+'
[2026-08-26 17:43:37][info][CRDTCallbackManager] Successfully registered deleted data callback for pattern: '^/?/bc-369/tx/[^/]+'
[2026-08-26 17:43:37][info][CRDTCallbackManager] Successfully unregistered new data callback for pattern: '^/?/bc-144/tx/[^/]+'
[2026-08-26 17:43:37][info][CRDTCallbackManager] Successfully unregistered deleted data callback for pattern: '^/?/bc-144/tx/[^/]+'
[2026-08-26 17:43:37][info][CRDTCallbackManager] Successfully unregistered new data callback for pattern: '^/?/bc-963/tx/[^/]+'
[2026-08-26 17:43:37][info][CRDTCallbackManager] Successfully unregistered deleted data callback for pattern: '^/?/bc-963/tx/[^/]+'
[2026-08-26 17:43:37][info][CRDTCallbackManager] Successfully unregistered new data callback for pattern: '^/?/bc-369/tx/[^/]+'
[2026-08-26 17:43:37][info][CRDTCallbackManager] Successfully unregistered deleted data callback for pattern: '^/?/bc-369/tx/[^/]+'
[2026-08-26 17:43:37][info][TransactionManager] [66d77b08 - full: false] ~TransactionManager: Metrics — cert_fallback(success=0 failure=0) validation(approve=1 reject=0) tracking(insert=1 confirm=1 fail=0)
[2026-08-26 17:43:37][info][Blockchain] [66d77b08] Stopping blockchain
[2026-08-26 17:43:37][info][CRDTCallbackManager] Successfully unregistered new data callback for pattern: '/?gnus-genesis-block'
[2026-08-26 17:43:37][info][CRDTCallbackManager] Successfully unregistered new data callback for pattern: '/?gnus-account-creation-.*'
[2026-08-26 17:43:37][info][CRDTCallbackManager] Successfully unregistered new data callback for pattern: '/?gnus-validator-registry'
[2026-08-26 17:43:37.618583000][th:85112475][error] GossipPubSub Address monitoring timer error: Operation canceled
[2026-08-26 17:43:37][error][PubSubBroadcasterExt] No message to process
[2026-08-26 17:43:37][error][PubSubBroadcasterExt] No message to process
[2026-08-26 17:43:38][debug][GlobalDB] ~GlobalDB CALLED with count 6 on multi_node_finality_fault/restart-mint-passive/rocksdb 
[2026-08-26 17:43:38][info][GlobalDB] GlobalDB shutdown start
[2026-08-26 17:43:38][info][CrdtDatastore] CancelAndCloseNow: begin (pending_jobs=1, self_queue=0, root_queue=0, pending_roots=0, active_root=false)
[2026-08-26 17:43:38][debug][GraphsyncDAGSyncer] Stopping Dagsyncer
[2026-08-26 17:43:38][debug][GraphsyncDAGSyncer] Dagsyncer Stopped
[2026-08-26 17:43:38][info][CrdtDatastore] CancelAndCloseNow: CRDT workers stopped
[2026-08-26 17:43:38][warning][CrdtDatastore] CancelAndCloseNow called but shutdown has already started
[2026-08-26 17:43:38][debug][GraphsyncDAGSyncer] ~GraphsyncDAGSyncer CALLED
[2026-08-26 17:43:38][info][GlobalDB] GlobalDB shutdown finished
[2026-08-26 17:43:38][info][KeyPairFileStorage] Path to keypairs multi_node_finality_fault/restart-mint-passive/keypair
[2026-08-26 17:43:38][info][KeyPairFileStorage] Peer ID from public key: 12D3KooWG7u5qiGUhrQCujvRkoJVapb92qZSRktr32uoSzTQCCsK
Current limits: 16384 (soft), 9223372036854775807 (hard)
New limits set successfully: 16384 (soft), 9223372036854775807 (hard)
Initialized relay addresses
[2026-08-26 17:43:38.757036000][th:85111454][info] GossipPubSub /ip4/0.0.0.0/tcp/54624/p2p/12D3KooWG7u5qiGUhrQCujvRkoJVapb92qZSRktr32uoSzTQCCsK: Starting PubSub service
[2026-08-26 17:43:38.757090000][th:85112787][info] GossipPubSub Starting address monitoring system for mobile network changes
[2026-08-26 17:43:38.757093000][th:85112787][info] GossipPubSub === CURRENT NETWORK STATE ===
[2026-08-26 17:43:38.757101000][th:85112787][info] GossipPubSub Primary listening address: /ip4/0.0.0.0/tcp/54624/p2p/12D3KooWG7u5qiGUhrQCujvRkoJVapb92qZSRktr32uoSzTQCCsK
[2026-08-26 17:43:38.757103000][th:85112787][info] GossipPubSub Host peer info addresses (0):
[2026-08-26 17:43:38.757105000][th:85112787][info] GossipPubSub Additional addresses we track (0):
[2026-08-26 17:43:38.757107000][th:85112787][info] GossipPubSub Listening addresses (1):
[2026-08-26 17:43:38.757109000][th:85112787][info] GossipPubSub   -> /ip4/0.0.0.0/tcp/54624/p2p/12D3KooWG7u5qiGUhrQCujvRkoJVapb92qZSRktr32uoSzTQCCsK
[2026-08-26 17:43:38.757111000][th:85112787][info] GossipPubSub Interface addresses (0):
[2026-08-26 17:43:38.757113000][th:85112787][info] GossipPubSub === RAW OBSERVED ADDRESS DEBUG ===
[2026-08-26 17:43:38.757115000][th:85112787][info] GossipPubSub Local address: /ip4/0.0.0.0/tcp/54624/p2p/12D3KooWG7u5qiGUhrQCujvRkoJVapb92qZSRktr32uoSzTQCCsK -> 0 raw observed, 0 activated+confirmed
[2026-08-26 17:43:38.757118000][th:85112787][info] GossipPubSub TOTAL: 0 raw observed addresses, 0 activated+confirmed addresses
[2026-08-26 17:43:38.757119000][th:85112787][info] GossipPubSub === END RAW OBSERVED ADDRESS DEBUG ===
[2026-08-26 17:43:38.757121000][th:85112787][info] GossipPubSub Observed addresses - all (0):
[2026-08-26 17:43:38.757123000][th:85112787][info] GossipPubSub Observed addresses - confirmed only (0):
[2026-08-26 17:43:38.757124000][th:85112787][info] GossipPubSub Relay addresses (0):
[2026-08-26 17:43:38.757127000][th:85112787][warning] GossipPubSub Failed to get addresses from peer repository: not found
[2026-08-26 17:43:38.757156000][th:85112787][info] GossipPubSub Found 1 valid network interfaces
[2026-08-26 17:43:38.757158000][th:85112787][info] GossipPubSub Current network interfaces (1):
[2026-08-26 17:43:38.757159000][th:85112787][info] GossipPubSub   -> 192.168.1.6
[2026-08-26 17:43:38.757161000][th:85112787][info] GossipPubSub Active connections: 0
[2026-08-26 17:43:38.757162000][th:85112787][info] GossipPubSub === PEER CONNECTION DETAILS ===
[2026-08-26 17:43:38.757164000][th:85112787][info] GossipPubSub NOTE: Observed addresses need to be seen by 4+ different peer groups to become 'activated'
[2026-08-26 17:43:38.757165000][th:85112787][info] GossipPubSub NOTE: Current connections: 0, so max possible observers: 0
[2026-08-26 17:43:38.757166000][th:85112787][info] GossipPubSub === END PEER CONNECTION DETAILS ===
[2026-08-26 17:43:38.757167000][th:85112787][info] GossipPubSub Connection manager stats:
[2026-08-26 17:43:38.757169000][th:85112787][info] GossipPubSub   -> Max connections: 1000
[2026-08-26 17:43:38.757170000][th:85112787][info] GossipPubSub   -> Current connections: 0
[2026-08-26 17:43:38.757171000][th:85112787][info] GossipPubSub === END NETWORK STATE ===
[2026-08-26 17:43:38.757285000][th:85112787][info] GossipPubSub /ip4/0.0.0.0/tcp/54624/p2p/12D3KooWG7u5qiGUhrQCujvRkoJVapb92qZSRktr32uoSzTQCCsK : PubSub service started
[2026-08-26 17:43:38][info][GlobalDB] Opening database /Users/henriqueklein/gnus/SuperGenius/multi_node_finality_fault/restart-mint-passive/rocksdb
[2026-08-26 17:43:38][debug][GraphsyncDAGSyncer] GraphSyncer created 5001089784 
[2026-08-26 17:43:38][info][CrdtDatastore] crdt Datastore created. Number of heads: 2 Current max-height: 18446744073709551615
[2026-08-26 17:43:38][info][GeniusAccount] Secure storage ID path: /Users/henriqueklein/gnus/SuperGenius/multi_node_finality_fault/restart-mint-passive/account/secure_storage_id
[2026-08-26 17:43:38][info][GeniusAccount] Loaded public key from file: 66d77b080dd5daa8... (length: 128)
[2026-08-26 17:43:38][info][GeniusAccount] Successfully loaded key_seed from storage
[2026-08-26 17:43:38][info][GeniusAccount] Validation successful: key_seed matches stored public key
[2026-08-26 17:43:38][warning][UTXOManager] Skipping malformed UTXO key /utxo-checkpoint/66d77b080dd5daa8e85a3b60b9d56e2023c036dfda47f413bbbe6df3819646035d521a003013ff3b74a598005e7ca090182a095ffd12629dffaf84dc1d332043/1
[2026-08-26 17:43:38][warning][UTXOManager] Skipping malformed UTXO key /utxo-checkpoint/66d77b080dd5daa8e85a3b60b9d56e2023c036dfda47f413bbbe6df3819646035d521a003013ff3b74a598005e7ca090182a095ffd12629dffaf84dc1d332043/latest
[2026-08-26 17:43:38][info][Blockchain] [66d77b08] Blockchain instance created with authorized full node: 8a33bdf1
[2026-08-26 17:43:38][info][ValidatorRegistry] InitializeCache: cache initialized with CID QmfUZPzmE1GYr9GvepHUSGcdPsSeNFzGr9SHrHkCQcomyi
[2026-08-26 17:43:38][info][CRDTCallbackManager] Successfully registered new data callback for pattern: '/?gnus-validator-registry'
[2026-08-26 17:43:38][info][ValidatorRegistry] RegisterFilter: result=true
[2026-08-26 17:43:38][info][ValidatorRegistry] New: instance ready
[2026-08-26 17:43:38.780708000][th:85112787][info] GossipPubSub /ip4/0.0.0.0/tcp/54624/p2p/12D3KooWG7u5qiGUhrQCujvRkoJVapb92qZSRktr32uoSzTQCCsK: PubSub subscribed to topic 'gnus-validator-registry.3.7.144'
[2026-08-26 17:43:38][info][CRDTCallbackManager] Successfully registered new data callback for pattern: '^/?cert/[^/]+'
[2026-08-26 17:43:38.780732000][th:85112787][info] GossipPubSub /ip4/0.0.0.0/tcp/54624/p2p/12D3KooWG7u5qiGUhrQCujvRkoJVapb92qZSRktr32uoSzTQCCsK: PubSub subscribed to topic 'consensus-channel-.3.7.144'
[2026-08-26 17:43:38.780752000][th:85112787][info] GossipPubSub /ip4/0.0.0.0/tcp/54624/p2p/12D3KooWG7u5qiGUhrQCujvRkoJVapb92qZSRktr32uoSzTQCCsK: PubSub subscribed to topic 'consensus-channel-.3.7.144#datastore.3.7.144'
[2026-08-26 17:43:38][info][CRDTCallbackManager] Successfully registered new data callback for pattern: '/?gnus-genesis-block'
[2026-08-26 17:43:38][info][CRDTCallbackManager] Successfully registered new data callback for pattern: '/?gnus-account-creation-.*'
[2026-08-26 17:43:38][info][CRDTCallbackManager] Successfully registered new data callback for pattern: '^/?/bc-144/tx/[^/]+'
[2026-08-26 17:43:38][info][CRDTCallbackManager] Successfully registered deleted data callback for pattern: '^/?/bc-144/tx/[^/]+'
[2026-08-26 17:43:38][info][CRDTCallbackManager] Successfully registered new data callback for pattern: '^/?/bc-963/tx/[^/]+'
[2026-08-26 17:43:38][info][CRDTCallbackManager] Successfully registered deleted data callback for pattern: '^/?/bc-963/tx/[^/]+'
[2026-08-26 17:43:38][info][CRDTCallbackManager] Successfully registered new data callback for pattern: '^/?/bc-369/tx/[^/]+'
[2026-08-26 17:43:38][info][CRDTCallbackManager] Successfully registered deleted data callback for pattern: '^/?/bc-369/tx/[^/]+'
[2026-08-26 17:43:38.780874000][th:85112650][info] GossipPubSub Adding new peer: 12D3KooWRtZ65CezT6ESbvpjWNw3GMPwdjwn4XddfDREjd2QygXE
[2026-08-26 17:43:38.780923000][th:85112650][info] GossipPubSub Adding new peer: 12D3KooWCAfrC5ofaUqejJxpsf3SxV9xXb2pedm1st66Bpasmwp9
[2026-08-26 17:43:38.780961000][th:85112650][info] GossipPubSub Adding new peer: 12D3KooWG7u5qiGUhrQCujvRkoJVapb92qZSRktr32uoSzTQCCsK
[2026-08-26 17:43:38.780980000][th:85112690][info] GossipPubSub Adding new peer: 12D3KooWDvv4vMkZKxRrYsWrG5yjZgTHfJesxJrjTzQy81KpnTXK
[2026-08-26 17:43:38.781029000][th:85112690][info] GossipPubSub Adding new peer: 12D3KooWCAfrC5ofaUqejJxpsf3SxV9xXb2pedm1st66Bpasmwp9
[2026-08-26 17:43:38.781069000][th:85112690][info] GossipPubSub Adding new peer: 12D3KooWG7u5qiGUhrQCujvRkoJVapb92qZSRktr32uoSzTQCCsK
[2026-08-26 17:43:38.781073000][th:85112750][info] GossipPubSub Adding new peer: 12D3KooWDvv4vMkZKxRrYsWrG5yjZgTHfJesxJrjTzQy81KpnTXK
[2026-08-26 17:43:38.781105000][th:85112750][info] GossipPubSub Adding new peer: 12D3KooWRtZ65CezT6ESbvpjWNw3GMPwdjwn4XddfDREjd2QygXE
[2026-08-26 17:43:38.781137000][th:85112750][info] GossipPubSub Adding new peer: 12D3KooWG7u5qiGUhrQCujvRkoJVapb92qZSRktr32uoSzTQCCsK
[2026-08-26 17:43:38.781169000][th:85112787][info] GossipPubSub Adding new peer: 12D3KooWDvv4vMkZKxRrYsWrG5yjZgTHfJesxJrjTzQy81KpnTXK
[2026-08-26 17:43:38.781202000][th:85112787][info] GossipPubSub Adding new peer: 12D3KooWRtZ65CezT6ESbvpjWNw3GMPwdjwn4XddfDREjd2QygXE
[2026-08-26 17:43:38.781234000][th:85112787][info] GossipPubSub Adding new peer: 12D3KooWCAfrC5ofaUqejJxpsf3SxV9xXb2pedm1st66Bpasmwp9
[2026-08-26 17:43:38][info][CRDTCallbackManager] Successfully unregistered new data callback for pattern: '^/?/bc-144/tx/[^/]+'
[2026-08-26 17:43:38][info][CRDTCallbackManager] Successfully unregistered deleted data callback for pattern: '^/?/bc-144/tx/[^/]+'
[2026-08-26 17:43:38][info][CRDTCallbackManager] Successfully unregistered new data callback for pattern: '^/?/bc-963/tx/[^/]+'
[2026-08-26 17:43:38][info][CRDTCallbackManager] Successfully unregistered deleted data callback for pattern: '^/?/bc-963/tx/[^/]+'
[2026-08-26 17:43:38][info][CRDTCallbackManager] Successfully unregistered new data callback for pattern: '^/?/bc-369/tx/[^/]+'
[2026-08-26 17:43:38][info][CRDTCallbackManager] Successfully unregistered deleted data callback for pattern: '^/?/bc-369/tx/[^/]+'
[2026-08-26 17:43:38][info][TransactionManager] [1c4d4666 - full: false] ~TransactionManager: Metrics — cert_fallback(success=0 failure=0) validation(approve=0 reject=0) tracking(insert=0 confirm=0 fail=0)
[2026-08-26 17:43:38][info][Blockchain] [1c4d4666] Stopping blockchain
[2026-08-26 17:43:38][info][CRDTCallbackManager] Successfully unregistered new data callback for pattern: '/?gnus-genesis-block'
[2026-08-26 17:43:38][info][CRDTCallbackManager] Successfully unregistered new data callback for pattern: '/?gnus-account-creation-.*'
[2026-08-26 17:43:38][info][CRDTCallbackManager] Successfully unregistered new data callback for pattern: '/?gnus-validator-registry'
[2026-08-26 17:43:38.866407000][th:85112650][error] GossipPubSub Address monitoring timer error: Operation canceled
[2026-08-26 17:43:38][error][PubSubBroadcasterExt] No message to process
[2026-08-26 17:43:38][error][PubSubBroadcasterExt] No message to process
[2026-08-26 17:43:39][debug][GlobalDB] ~GlobalDB CALLED with count 6 on multi_node_finality_fault/restart-mint-validator-one/rocksdb 
[2026-08-26 17:43:39][info][GlobalDB] GlobalDB shutdown start
[2026-08-26 17:43:39][info][CrdtDatastore] CancelAndCloseNow: begin (pending_jobs=0, self_queue=0, root_queue=0, pending_roots=0, active_root=false)
[2026-08-26 17:43:39][debug][GraphsyncDAGSyncer] Stopping Dagsyncer
[2026-08-26 17:43:39][debug][GraphsyncDAGSyncer] Dagsyncer Stopped
[2026-08-26 17:43:39][info][CrdtDatastore] CancelAndCloseNow: CRDT workers stopped
[2026-08-26 17:43:39][warning][CrdtDatastore] CancelAndCloseNow called but shutdown has already started
[2026-08-26 17:43:39][debug][GraphsyncDAGSyncer] ~GraphsyncDAGSyncer CALLED
[2026-08-26 17:43:39][info][GlobalDB] GlobalDB shutdown finished
[2026-08-26 17:43:39][info][CRDTCallbackManager] Successfully unregistered new data callback for pattern: '^/?/bc-144/tx/[^/]+'
[2026-08-26 17:43:39][info][CRDTCallbackManager] Successfully unregistered deleted data callback for pattern: '^/?/bc-144/tx/[^/]+'
[2026-08-26 17:43:39][info][CRDTCallbackManager] Successfully unregistered new data callback for pattern: '^/?/bc-963/tx/[^/]+'
[2026-08-26 17:43:39][info][CRDTCallbackManager] Successfully unregistered deleted data callback for pattern: '^/?/bc-963/tx/[^/]+'
[2026-08-26 17:43:39][info][CRDTCallbackManager] Successfully unregistered new data callback for pattern: '^/?/bc-369/tx/[^/]+'
[2026-08-26 17:43:39][info][CRDTCallbackManager] Successfully unregistered deleted data callback for pattern: '^/?/bc-369/tx/[^/]+'
[2026-08-26 17:43:39][info][TransactionManager] [f7a1838f - full: false] ~TransactionManager: Metrics — cert_fallback(success=0 failure=0) validation(approve=0 reject=0) tracking(insert=0 confirm=0 fail=0)
[2026-08-26 17:43:39][info][Blockchain] [f7a1838f] Stopping blockchain
[2026-08-26 17:43:39][info][CRDTCallbackManager] Successfully unregistered new data callback for pattern: '/?gnus-genesis-block'
[2026-08-26 17:43:39][info][CRDTCallbackManager] Successfully unregistered new data callback for pattern: '/?gnus-account-creation-.*'
[2026-08-26 17:43:39][info][CRDTCallbackManager] Successfully unregistered new data callback for pattern: '/?gnus-validator-registry'
[2026-08-26 17:43:39.930407000][th:85112690][error] GossipPubSub Address monitoring timer error: Operation canceled
[2026-08-26 17:43:39][error][PubSubBroadcasterExt] No message to process
[2026-08-26 17:43:39][error][PubSubBroadcasterExt] No message to process
[2026-08-26 17:43:40][debug][GlobalDB] ~GlobalDB CALLED with count 6 on multi_node_finality_fault/restart-mint-validator-two/rocksdb 
[2026-08-26 17:43:40][info][GlobalDB] GlobalDB shutdown start
[2026-08-26 17:43:40][info][CrdtDatastore] CancelAndCloseNow: begin (pending_jobs=0, self_queue=0, root_queue=0, pending_roots=0, active_root=false)
[2026-08-26 17:43:40][debug][GraphsyncDAGSyncer] Stopping Dagsyncer
[2026-08-26 17:43:40][debug][GraphsyncDAGSyncer] Dagsyncer Stopped
[2026-08-26 17:43:41][info][CrdtDatastore] CancelAndCloseNow: CRDT workers stopped
[2026-08-26 17:43:41][warning][CrdtDatastore] CancelAndCloseNow called but shutdown has already started
[2026-08-26 17:43:41][debug][GraphsyncDAGSyncer] ~GraphsyncDAGSyncer CALLED
[2026-08-26 17:43:41][info][GlobalDB] GlobalDB shutdown finished
[2026-08-26 17:43:41][info][CRDTCallbackManager] Successfully unregistered new data callback for pattern: '^/?/bc-144/tx/[^/]+'
[2026-08-26 17:43:41][info][CRDTCallbackManager] Successfully unregistered deleted data callback for pattern: '^/?/bc-144/tx/[^/]+'
[2026-08-26 17:43:41][info][CRDTCallbackManager] Successfully unregistered new data callback for pattern: '^/?/bc-963/tx/[^/]+'
[2026-08-26 17:43:41][info][CRDTCallbackManager] Successfully unregistered deleted data callback for pattern: '^/?/bc-963/tx/[^/]+'
[2026-08-26 17:43:41][info][CRDTCallbackManager] Successfully unregistered new data callback for pattern: '^/?/bc-369/tx/[^/]+'
[2026-08-26 17:43:41][info][CRDTCallbackManager] Successfully unregistered deleted data callback for pattern: '^/?/bc-369/tx/[^/]+'
[2026-08-26 17:43:41][info][TransactionManager] [8e7b4b9c - full: false] ~TransactionManager: Metrics — cert_fallback(success=0 failure=0) validation(approve=0 reject=0) tracking(insert=0 confirm=0 fail=0)
[2026-08-26 17:43:41][info][Blockchain] [8e7b4b9c] Stopping blockchain
[2026-08-26 17:43:41][info][CRDTCallbackManager] Successfully unregistered new data callback for pattern: '/?gnus-genesis-block'
[2026-08-26 17:43:41][info][CRDTCallbackManager] Successfully unregistered new data callback for pattern: '/?gnus-account-creation-.*'
[2026-08-26 17:43:41][info][CRDTCallbackManager] Successfully unregistered new data callback for pattern: '/?gnus-validator-registry'
[2026-08-26 17:43:41.012193000][th:85112750][error] GossipPubSub Address monitoring timer error: Operation canceled
[2026-08-26 17:43:41][error][PubSubBroadcasterExt] No message to process
[2026-08-26 17:43:41][error][PubSubBroadcasterExt] No message to process
[2026-08-26 17:43:42][debug][GlobalDB] ~GlobalDB CALLED with count 6 on multi_node_finality_fault/restart-mint-validator-three/rocksdb 
[2026-08-26 17:43:42][info][GlobalDB] GlobalDB shutdown start
[2026-08-26 17:43:42][info][CrdtDatastore] CancelAndCloseNow: begin (pending_jobs=0, self_queue=0, root_queue=0, pending_roots=0, active_root=false)
[2026-08-26 17:43:42][debug][GraphsyncDAGSyncer] Stopping Dagsyncer
[2026-08-26 17:43:42][debug][GraphsyncDAGSyncer] Dagsyncer Stopped
[2026-08-26 17:43:42][info][CrdtDatastore] CancelAndCloseNow: CRDT workers stopped
[2026-08-26 17:43:42][warning][CrdtDatastore] CancelAndCloseNow called but shutdown has already started
[2026-08-26 17:43:42][debug][GraphsyncDAGSyncer] ~GraphsyncDAGSyncer CALLED
[2026-08-26 17:43:42][info][GlobalDB] GlobalDB shutdown finished
[2026-08-26 17:43:42][info][CRDTCallbackManager] Successfully unregistered new data callback for pattern: '^/?/bc-144/tx/[^/]+'
[2026-08-26 17:43:42][info][CRDTCallbackManager] Successfully unregistered deleted data callback for pattern: '^/?/bc-144/tx/[^/]+'
[2026-08-26 17:43:42][info][CRDTCallbackManager] Successfully unregistered new data callback for pattern: '^/?/bc-963/tx/[^/]+'
[2026-08-26 17:43:42][info][CRDTCallbackManager] Successfully unregistered deleted data callback for pattern: '^/?/bc-963/tx/[^/]+'
[2026-08-26 17:43:42][info][CRDTCallbackManager] Successfully unregistered new data callback for pattern: '^/?/bc-369/tx/[^/]+'
[2026-08-26 17:43:42][info][CRDTCallbackManager] Successfully unregistered deleted data callback for pattern: '^/?/bc-369/tx/[^/]+'
[2026-08-26 17:43:42][info][TransactionManager] [66d77b08 - full: false] ~TransactionManager: Metrics — cert_fallback(success=0 failure=0) validation(approve=0 reject=0) tracking(insert=0 confirm=0 fail=0)
[2026-08-26 17:43:42][info][Blockchain] [66d77b08] Stopping blockchain
[2026-08-26 17:43:42][info][CRDTCallbackManager] Successfully unregistered new data callback for pattern: '/?gnus-genesis-block'
[2026-08-26 17:43:42][info][CRDTCallbackManager] Successfully unregistered new data callback for pattern: '/?gnus-account-creation-.*'
[2026-08-26 17:43:42][info][CRDTCallbackManager] Successfully unregistered new data callback for pattern: '/?gnus-validator-registry'
[2026-08-26 17:43:42.139153000][th:85112787][error] GossipPubSub Address monitoring timer error: Operation canceled
[2026-08-26 17:43:42][error][PubSubBroadcasterExt] No message to process
[2026-08-26 17:43:42][error][PubSubBroadcasterExt] No message to process
[2026-08-26 17:43:43][debug][GlobalDB] ~GlobalDB CALLED with count 6 on multi_node_finality_fault/restart-mint-passive/rocksdb 
[2026-08-26 17:43:43][info][GlobalDB] GlobalDB shutdown start
[2026-08-26 17:43:43][info][CrdtDatastore] CancelAndCloseNow: begin (pending_jobs=0, self_queue=0, root_queue=0, pending_roots=0, active_root=false)
[2026-08-26 17:43:43][debug][GraphsyncDAGSyncer] Stopping Dagsyncer
[2026-08-26 17:43:43][debug][GraphsyncDAGSyncer] Dagsyncer Stopped
[2026-08-26 17:43:43][info][CrdtDatastore] CancelAndCloseNow: CRDT workers stopped
[2026-08-26 17:43:43][warning][CrdtDatastore] CancelAndCloseNow called but shutdown has already started
[2026-08-26 17:43:43][debug][GraphsyncDAGSyncer] ~GraphsyncDAGSyncer CALLED
[2026-08-26 17:43:43][info][GlobalDB] GlobalDB shutdown finished
P12_MINT_MARKER_DIAG run=1 outcome=pass boundary=none state=complete error=none sequence=6
[2026-08-26 17:43:43.317269000][th:85111497][error] GossipPubSub Address monitoring timer error: Operation canceled
[2026-08-26 17:43:43][error][PubSubBroadcasterExt] No message to process
[2026-08-26 17:43:44][debug][GlobalDB] ~GlobalDB CALLED with count 5 on CRDT.Datastore.TEST.unit_1 
[2026-08-26 17:43:44][info][GlobalDB] GlobalDB shutdown start
[2026-08-26 17:43:44][info][CrdtDatastore] CancelAndCloseNow: begin (pending_jobs=0, self_queue=0, root_queue=0, pending_roots=0, active_root=false)
[2026-08-26 17:43:44][debug][GraphsyncDAGSyncer] Stopping Dagsyncer
[2026-08-26 17:43:44][debug][GraphsyncDAGSyncer] Dagsyncer Stopped
[2026-08-26 17:43:44][info][CrdtDatastore] CancelAndCloseNow: CRDT workers stopped
[2026-08-26 17:43:44][warning][CrdtDatastore] CancelAndCloseNow called but shutdown has already started
[2026-08-26 17:43:44][debug][GraphsyncDAGSyncer] ~GraphsyncDAGSyncer CALLED
[2026-08-26 17:43:44][info][GlobalDB] GlobalDB shutdown finished
[       OK ] FinalityFaultNetwork.RestartAtVoteCertificateAndMintDurableBoundariesRecoversExactlyOnce (53457 ms)
[----------] 1 test from FinalityFaultNetwork (53457 ms total)

[----------] Global test environment tear-down
[==========] 1 test from 1 test suite ran. (53458 ms total)
[  PASSED  ] 1 test.
